Customer_ID,Join_Date,State,City,Network_Type,Customer_Segment,Tenure_Years
AIR100001,2019-04-13,Telangana,Telangana City 3,4G,Prepaid,5.8
AIR100002,2019-05-25,Delhi,Delhi City 2,5G,Prepaid,5.8
AIR100003,2021-01-24,West Bengal,West Bengal City 3,5G,Postpaid,4.2
AIR100004,2020-01-01,Kerala,Kerala City 1,5G,Enterprise,5.4
AIR100005,2024-01-05,Telangana,Telangana City 2,4G,Postpaid,1.4
AIR100006,2023-09-24,Uttar Pradesh,Uttar Pradesh City 3,4G,Broadband,1.8
AIR100007,2019-03-24,Maharashtra,Maharashtra City 3,4G,Prepaid,6.4
AIR100008,2022-08-04,Telangana,Telangana City 2,4G,Prepaid,3.1
AIR100009,2024-03-09,West Bengal,West Bengal City 3,4G,Postpaid,1.6
AIR100010,2023-02-21,Kerala,Kerala City 3,4G,Postpaid,2.7
AIR100011,2023-07-15,Delhi,Delhi City 1,4G,Prepaid,2.4
AIR100012,2024-10-27,West Bengal,West Bengal City 1,4G,Broadband,0.3
AIR100013,2023-06-04,West Bengal,West Bengal City 1,4G,Prepaid,1.8
AIR100014,2019-05-31,Maharashtra,Maharashtra City 1,5G,Prepaid,5.9
AIR100015,2020-12-30,Gujarat,Gujarat City 1,4G,Postpaid,4.4
AIR100016,2024-08-24,Kerala,Kerala City 1,5G,Postpaid,0.8
AIR100017,2019-04-11,Karnataka,Karnataka City 2,4G,Prepaid,6.3
AIR100018,2021-02-18,West Bengal,West Bengal City 1,4G,Prepaid,4.5
AIR100019,2021-11-24,Gujarat,Gujarat City 3,4G,Postpaid,3.8
AIR100020,2020-09-28,Karnataka,Karnataka City 2,5G,Postpaid,5
AIR100021,2023-10-26,Kerala,Kerala City 3,4G,Postpaid,2.1
AIR100022,2023-08-24,Tamil Nadu,Tamil Nadu City 1,5G,Postpaid,2.3
AIR100023,2020-06-08,Uttar Pradesh,Uttar Pradesh City 1,4G,Prepaid,4.7
AIR100024,2019-06-14,Gujarat,Gujarat City 3,4G,Enterprise,5.8
AIR100025,2020-03-03,Rajasthan,Rajasthan City 3,5G,Broadband,5.1
AIR100026,2022-07-05,Tamil Nadu,Tamil Nadu City 3,4G,Prepaid,2.9
AIR100027,2021-07-22,Uttar Pradesh,Uttar Pradesh City 2,5G,Prepaid,3.9
AIR100028,2024-10-17,Maharashtra,Maharashtra City 1,4G,Prepaid,0.7
AIR100029,2020-07-13,Telangana,Telangana City 3,4G,Postpaid,5.1
AIR100030,2021-04-28,Delhi,Delhi City 1,5G,Broadband,4.4
AIR100031,2022-09-07,Rajasthan,Rajasthan City 3,5G,Postpaid,3.1
AIR100032,2024-05-22,Maharashtra,Maharashtra City 1,4G,Broadband,1.5
AIR100033,2022-10-17,Kerala,Kerala City 2,5G,Prepaid,3.2
AIR100034,2024-05-08,Maharashtra,Maharashtra City 1,4G,Postpaid,0.8
AIR100035,2020-08-12,Telangana,Telangana City 3,5G,Prepaid,4.6
AIR100036,2020-05-13,Kerala,Kerala City 1,4G,Prepaid,4.9
AIR100037,2023-03-10,Rajasthan,Rajasthan City 2,4G,Postpaid,2.2
AIR100038,2023-06-27,Telangana,Telangana City 2,4G,Prepaid,2
AIR100039,2022-02-06,Karnataka,Karnataka City 1,4G,Postpaid,3.4
AIR100040,2024-02-04,Delhi,Delhi City 3,4G,Postpaid,1.5
AIR100041,2020-01-23,Rajasthan,Rajasthan City 2,4G,Broadband,5.6
AIR100042,2020-02-20,Karnataka,Karnataka City 2,4G,Prepaid,5.7
AIR100043,2021-06-19,Uttar Pradesh,Uttar Pradesh City 1,5G,Postpaid,4.4
AIR100044,2023-05-11,Rajasthan,Rajasthan City 2,4G,Enterprise,2.6
AIR100045,2019-11-08,Uttar Pradesh,Uttar Pradesh City 2,4G,Broadband,5.3
AIR100046,2024-07-28,Kerala,Kerala City 3,4G,Postpaid,0.6
AIR100047,2023-05-27,Karnataka,Karnataka City 3,5G,Postpaid,1.9
AIR100048,2023-09-12,Delhi,Delhi City 3,4G,Prepaid,1.7
AIR100049,2019-07-22,Telangana,Telangana City 1,4G,Postpaid,5.9
AIR100050,2019-04-20,West Bengal,West Bengal City 2,4G,Postpaid,6.2
AIR100051,2019-03-23,Maharashtra,Maharashtra City 1,4G,Postpaid,6.4
AIR100052,2023-06-08,Tamil Nadu,Tamil Nadu City 2,4G,Postpaid,2.3
AIR100053,2021-02-07,Delhi,Delhi City 2,4G,Prepaid,4.7
AIR100054,2019-05-19,Karnataka,Karnataka City 2,4G,Prepaid,6.5
AIR100055,2019-08-09,West Bengal,West Bengal City 3,4G,Postpaid,6.4
AIR100056,2021-05-10,Delhi,Delhi City 1,4G,Prepaid,3.8
AIR100057,2021-08-16,Karnataka,Karnataka City 1,4G,Prepaid,3.6
AIR100058,2022-12-16,Gujarat,Gujarat City 2,4G,Prepaid,2.3
AIR100059,2023-05-29,Gujarat,Gujarat City 1,5G,Prepaid,2
AIR100060,2022-09-09,Uttar Pradesh,Uttar Pradesh City 3,5G,Broadband,2.8
AIR100061,2022-07-07,Delhi,Delhi City 1,4G,Postpaid,3
AIR100062,2019-07-18,Gujarat,Gujarat City 2,4G,Prepaid,6.1
AIR100063,2024-03-03,Karnataka,Karnataka City 3,4G,Postpaid,1.5
AIR100064,2022-03-06,Uttar Pradesh,Uttar Pradesh City 3,4G,Prepaid,3.6
AIR100065,2022-10-01,Karnataka,Karnataka City 2,4G,Postpaid,3.1
AIR100066,2024-07-27,Uttar Pradesh,Uttar Pradesh City 1,4G,Prepaid,1.4
AIR100067,2020-05-03,Delhi,Delhi City 2,5G,Broadband,4.8
AIR100068,2024-02-21,West Bengal,West Bengal City 1,5G,Prepaid,1.1
AIR100069,2024-05-06,Telangana,Telangana City 1,4G,Postpaid,0.9
AIR100070,2020-03-17,Rajasthan,Rajasthan City 3,4G,Broadband,5.2
AIR100071,2021-05-14,West Bengal,West Bengal City 2,5G,Enterprise,4.1
AIR100072,2024-01-14,Kerala,Kerala City 3,5G,Prepaid,1.5
AIR100073,2024-12-20,Karnataka,Karnataka City 2,5G,Postpaid,0.7
AIR100074,2020-10-17,Kerala,Kerala City 2,4G,Prepaid,4.9
AIR100075,2024-03-05,West Bengal,West Bengal City 3,4G,Postpaid,1.6
AIR100076,2022-10-11,Uttar Pradesh,Uttar Pradesh City 2,4G,Prepaid,3.1
AIR100077,2019-08-24,Rajasthan,Rajasthan City 2,4G,Broadband,6.3
AIR100078,2021-09-15,Rajasthan,Rajasthan City 1,4G,Prepaid,3.4
AIR100079,2022-10-14,Tamil Nadu,Tamil Nadu City 2,4G,Postpaid,2.4
AIR100080,2021-03-25,Rajasthan,Rajasthan City 2,5G,Postpaid,4.1
AIR100081,2022-07-18,Telangana,Telangana City 3,5G,Enterprise,2.8
AIR100082,2023-08-17,Rajasthan,Rajasthan City 3,4G,Postpaid,1.8
AIR100083,2023-03-14,West Bengal,West Bengal City 2,5G,Prepaid,2.3
AIR100084,2023-07-24,Tamil Nadu,Tamil Nadu City 1,4G,Prepaid,2.1
AIR100085,2023-12-29,West Bengal,West Bengal City 1,5G,Prepaid,1.7
AIR100086,2023-02-03,West Bengal,West Bengal City 3,4G,Postpaid,2.7
AIR100087,2023-09-29,Maharashtra,Maharashtra City 2,4G,Postpaid,2.1
AIR100088,2022-08-27,Tamil Nadu,Tamil Nadu City 2,4G,Postpaid,3.3
AIR100089,2022-05-25,West Bengal,West Bengal City 1,4G,Prepaid,2.7
AIR100090,2020-09-02,Maharashtra,Maharashtra City 1,4G,Postpaid,4.5
AIR100091,2022-08-28,Maharashtra,Maharashtra City 1,4G,Postpaid,2.6
AIR100092,2019-08-18,Tamil Nadu,Tamil Nadu City 3,5G,Enterprise,5.7
AIR100093,2019-12-06,Kerala,Kerala City 2,4G,Postpaid,5.5
AIR100094,2024-12-03,Uttar Pradesh,Uttar Pradesh City 3,4G,Prepaid,0.6
AIR100095,2019-03-12,Telangana,Telangana City 2,4G,Prepaid,6.4
AIR100096,2023-10-16,Uttar Pradesh,Uttar Pradesh City 3,4G,Prepaid,1.9
AIR100097,2021-04-29,Rajasthan,Rajasthan City 2,4G,Postpaid,4.5
AIR100098,2021-12-12,Telangana,Telangana City 1,5G,Postpaid,3.9
AIR100099,2023-06-09,Rajasthan,Rajasthan City 1,4G,Prepaid,2.5
AIR100100,2019-12-08,West Bengal,West Bengal City 1,4G,Prepaid,5.2
AIR100101,2021-07-23,Karnataka,Karnataka City 3,5G,Prepaid,3.6
AIR100102,2020-08-10,Tamil Nadu,Tamil Nadu City 1,4G,Broadband,4.7
AIR100103,2024-07-02,Telangana,Telangana City 2,4G,Prepaid,0.9
AIR100104,2022-01-07,Telangana,Telangana City 3,5G,Prepaid,3.4
AIR100105,2019-04-17,West Bengal,West Bengal City 2,4G,Prepaid,6.2
AIR100106,2024-05-26,Kerala,Kerala City 3,4G,Prepaid,1.2
AIR100107,2024-10-30,Maharashtra,Maharashtra City 2,5G,Postpaid,0.9
AIR100108,2019-08-18,West Bengal,West Bengal City 2,4G,Broadband,6.2
AIR100109,2024-08-29,Gujarat,Gujarat City 3,4G,Prepaid,1.2
AIR100110,2022-09-08,Maharashtra,Maharashtra City 3,5G,Postpaid,3.3
AIR100111,2020-10-13,Tamil Nadu,Tamil Nadu City 1,4G,Prepaid,4.3
AIR100112,2022-08-26,Maharashtra,Maharashtra City 1,4G,Enterprise,2.6
AIR100113,2020-04-16,Kerala,Kerala City 2,5G,Prepaid,5
AIR100114,2019-03-15,Maharashtra,Maharashtra City 2,5G,Prepaid,6.2
AIR100115,2020-10-15,Tamil Nadu,Tamil Nadu City 2,4G,Postpaid,4.7
AIR100116,2022-12-30,Kerala,Kerala City 3,4G,Prepaid,2.5
AIR100117,2020-04-06,Uttar Pradesh,Uttar Pradesh City 3,5G,Prepaid,5.4
AIR100118,2022-03-19,Telangana,Telangana City 1,5G,Postpaid,3.5
AIR100119,2023-07-26,Telangana,Telangana City 2,4G,Postpaid,2.2
AIR100120,2024-03-22,Rajasthan,Rajasthan City 1,4G,Postpaid,1.7
AIR100121,2024-01-30,Uttar Pradesh,Uttar Pradesh City 3,4G,Postpaid,1.9
AIR100122,2020-10-01,Uttar Pradesh,Uttar Pradesh City 3,5G,Postpaid,4.4
AIR100123,2019-10-01,Maharashtra,Maharashtra City 3,5G,Postpaid,5.5
AIR100124,2020-04-26,Telangana,Telangana City 1,5G,Postpaid,5
AIR100125,2019-03-23,Tamil Nadu,Tamil Nadu City 3,5G,Postpaid,6.1
AIR100126,2019-01-31,Delhi,Delhi City 2,4G,Prepaid,6.4
AIR100127,2022-01-12,Delhi,Delhi City 1,4G,Prepaid,3.5
AIR100128,2021-09-22,Kerala,Kerala City 3,5G,Prepaid,3.9
AIR100129,2024-09-20,Telangana,Telangana City 1,5G,Prepaid,1
AIR100130,2019-09-08,Telangana,Telangana City 1,4G,Postpaid,6.1
AIR100131,2023-06-09,Delhi,Delhi City 3,4G,Prepaid,2.4
AIR100132,2021-09-22,Telangana,Telangana City 3,5G,Prepaid,4.2
AIR100133,2023-09-15,Maharashtra,Maharashtra City 1,4G,Prepaid,1.4
AIR100134,2019-09-23,Gujarat,Gujarat City 1,4G,Prepaid,5.5
AIR100135,2019-01-22,Karnataka,Karnataka City 3,4G,Postpaid,6.2
AIR100136,2022-12-01,Uttar Pradesh,Uttar Pradesh City 2,4G,Postpaid,2.5
AIR100137,2024-10-24,Rajasthan,Rajasthan City 1,4G,Postpaid,0.6
AIR100138,2023-02-19,Kerala,Kerala City 1,5G,Prepaid,2.4
AIR100139,2020-11-10,Gujarat,Gujarat City 2,4G,Broadband,4.8
AIR100140,2024-04-16,Delhi,Delhi City 3,4G,Enterprise,1.4
AIR100141,2019-08-28,Uttar Pradesh,Uttar Pradesh City 3,4G,Postpaid,6.1
AIR100142,2019-02-20,Telangana,Telangana City 2,5G,Broadband,6.7
AIR100143,2020-04-20,Rajasthan,Rajasthan City 3,5G,Postpaid,5.7
AIR100144,2024-06-27,Telangana,Telangana City 3,5G,Broadband,0.6
AIR100145,2023-06-14,Tamil Nadu,Tamil Nadu City 1,5G,Broadband,1.8
AIR100146,2021-06-12,Tamil Nadu,Tamil Nadu City 1,4G,Enterprise,3.8
AIR100147,2019-06-06,Rajasthan,Rajasthan City 1,4G,Postpaid,5.9
AIR100148,2021-10-20,Rajasthan,Rajasthan City 2,4G,Postpaid,3.7
AIR100149,2020-10-27,Delhi,Delhi City 3,4G,Postpaid,4.7
AIR100150,2024-07-12,Rajasthan,Rajasthan City 3,5G,Prepaid,1.1
AIR100151,2022-02-15,Maharashtra,Maharashtra City 1,4G,Prepaid,3.6
AIR100152,2023-08-14,Telangana,Telangana City 1,5G,Broadband,2.2
AIR100153,2019-03-16,Gujarat,Gujarat City 2,4G,Prepaid,6.7
AIR100154,2021-08-09,West Bengal,West Bengal City 3,4G,Postpaid,4.4
AIR100155,2024-11-25,Rajasthan,Rajasthan City 2,4G,Prepaid,0.2
AIR100156,2024-01-01,Kerala,Kerala City 3,4G,Prepaid,1.2
AIR100157,2023-02-11,Tamil Nadu,Tamil Nadu City 2,4G,Broadband,2.2
AIR100158,2019-04-03,Maharashtra,Maharashtra City 1,4G,Broadband,6.1
AIR100159,2024-11-17,Uttar Pradesh,Uttar Pradesh City 2,4G,Postpaid,0.6
AIR100160,2019-06-30,West Bengal,West Bengal City 2,4G,Prepaid,6
AIR100161,2020-11-01,Gujarat,Gujarat City 1,4G,Postpaid,4.8
AIR100162,2024-11-13,West Bengal,West Bengal City 3,4G,Prepaid,0.8
AIR100163,2019-08-20,Rajasthan,Rajasthan City 3,4G,Prepaid,6.2
AIR100164,2024-02-19,Delhi,Delhi City 1,4G,Prepaid,1.7
AIR100165,2023-05-22,Tamil Nadu,Tamil Nadu City 2,4G,Postpaid,2.6
AIR100166,2023-11-08,Tamil Nadu,Tamil Nadu City 2,4G,Prepaid,1.3
AIR100167,2024-08-28,Uttar Pradesh,Uttar Pradesh City 2,4G,Postpaid,0.5
AIR100168,2022-08-03,Delhi,Delhi City 3,4G,Prepaid,2.7
AIR100169,2024-11-20,Telangana,Telangana City 2,4G,Prepaid,0.5
AIR100170,2019-06-08,Karnataka,Karnataka City 3,5G,Prepaid,6
AIR100171,2023-05-06,Maharashtra,Maharashtra City 2,4G,Enterprise,2.2
AIR100172,2020-01-13,Tamil Nadu,Tamil Nadu City 1,5G,Postpaid,5.6
AIR100173,2020-12-14,Kerala,Kerala City 1,4G,Prepaid,4.8
AIR100174,2019-04-02,Tamil Nadu,Tamil Nadu City 3,4G,Postpaid,6.5
AIR100175,2022-02-07,West Bengal,West Bengal City 3,5G,Broadband,3.8
AIR100176,2021-01-07,Tamil Nadu,Tamil Nadu City 1,4G,Postpaid,4.9
AIR100177,2024-02-07,Tamil Nadu,Tamil Nadu City 1,5G,Postpaid,1
AIR100178,2020-05-06,Karnataka,Karnataka City 2,4G,Prepaid,4.9
AIR100179,2024-11-20,Karnataka,Karnataka City 1,4G,Postpaid,0.4
AIR100180,2024-09-19,Gujarat,Gujarat City 3,5G,Postpaid,0.7
AIR100181,2023-03-10,Telangana,Telangana City 1,4G,Postpaid,2.3
AIR100182,2021-08-03,Kerala,Kerala City 3,4G,Broadband,3.9
AIR100183,2020-12-02,Tamil Nadu,Tamil Nadu City 3,4G,Prepaid,4.7
AIR100184,2022-01-07,Tamil Nadu,Tamil Nadu City 2,4G,Prepaid,3.7
AIR100185,2024-02-11,Maharashtra,Maharashtra City 2,4G,Broadband,1.7
AIR100186,2019-01-30,Karnataka,Karnataka City 2,4G,Postpaid,6.8
AIR100187,2020-11-14,Kerala,Kerala City 2,5G,Prepaid,5.1
AIR100188,2020-01-25,Uttar Pradesh,Uttar Pradesh City 1,5G,Prepaid,5.1
AIR100189,2022-05-28,Gujarat,Gujarat City 2,4G,Broadband,2.8
AIR100190,2019-01-12,Telangana,Telangana City 1,5G,Prepaid,6.3
AIR100191,2023-02-25,Delhi,Delhi City 2,4G,Prepaid,2.2
AIR100192,2023-06-09,Telangana,Telangana City 2,4G,Prepaid,2
AIR100193,2023-10-24,West Bengal,West Bengal City 3,5G,Broadband,1.7
AIR100194,2019-02-18,Tamil Nadu,Tamil Nadu City 1,5G,Broadband,6.5
AIR100195,2023-09-12,Gujarat,Gujarat City 3,5G,Postpaid,2
AIR100196,2024-08-19,West Bengal,West Bengal City 2,4G,Postpaid,1.2
AIR100197,2019-09-18,Kerala,Kerala City 1,4G,Prepaid,6.2
AIR100198,2019-11-16,Delhi,Delhi City 2,5G,Prepaid,6.1
AIR100199,2019-07-05,Karnataka,Karnataka City 3,4G,Broadband,5.6
AIR100200,2024-04-11,Gujarat,Gujarat City 1,5G,Prepaid,0.9
AIR100201,2019-01-21,Gujarat,Gujarat City 3,4G,Postpaid,6.2
AIR100202,2019-01-16,Tamil Nadu,Tamil Nadu City 2,5G,Postpaid,6.3
AIR100203,2019-01-06,Rajasthan,Rajasthan City 2,4G,Prepaid,6.4
AIR100204,2021-07-29,Gujarat,Gujarat City 2,4G,Postpaid,4
AIR100205,2019-09-16,Maharashtra,Maharashtra City 1,4G,Postpaid,5.9
AIR100206,2021-11-29,Delhi,Delhi City 3,5G,Postpaid,3.8
AIR100207,2019-10-03,Delhi,Delhi City 3,5G,Prepaid,6
AIR100208,2021-04-06,Maharashtra,Maharashtra City 2,4G,Prepaid,4.6
AIR100209,2024-04-14,Uttar Pradesh,Uttar Pradesh City 3,4G,Postpaid,1.7
AIR100210,2022-08-24,Maharashtra,Maharashtra City 1,4G,Enterprise,2.5
AIR100211,2023-04-06,Maharashtra,Maharashtra City 2,4G,Prepaid,1.9
AIR100212,2021-08-06,Delhi,Delhi City 2,4G,Enterprise,3.7
AIR100213,2020-04-24,Telangana,Telangana City 2,4G,Postpaid,5.1
AIR100214,2020-02-18,Delhi,Delhi City 1,4G,Broadband,5.3
AIR100215,2023-01-28,Rajasthan,Rajasthan City 2,4G,Prepaid,2.5
AIR100216,2022-12-03,Tamil Nadu,Tamil Nadu City 2,5G,Prepaid,2.7
AIR100217,2024-09-23,West Bengal,West Bengal City 2,5G,Prepaid,1
AIR100218,2023-12-26,Telangana,Telangana City 2,4G,Prepaid,1.8
AIR100219,2021-04-09,Karnataka,Karnataka City 3,4G,Enterprise,4.6
AIR100220,2022-07-18,West Bengal,West Bengal City 2,5G,Prepaid,3.4
AIR100221,2019-10-02,Tamil Nadu,Tamil Nadu City 1,5G,Postpaid,5.4
AIR100222,2024-04-18,Rajasthan,Rajasthan City 2,4G,Prepaid,0.9
AIR100223,2022-12-17,Rajasthan,Rajasthan City 2,5G,Postpaid,2.3
AIR100224,2023-03-08,Karnataka,Karnataka City 3,4G,Prepaid,2.2
AIR100225,2019-05-24,Telangana,Telangana City 2,4G,Prepaid,6.1
AIR100226,2021-04-14,Uttar Pradesh,Uttar Pradesh City 3,4G,Prepaid,4.3
AIR100227,2024-03-01,Maharashtra,Maharashtra City 1,4G,Postpaid,1.5
AIR100228,2021-02-22,Telangana,Telangana City 3,5G,Prepaid,4.6
AIR100229,2024-04-04,Uttar Pradesh,Uttar Pradesh City 2,4G,Prepaid,1.5
AIR100230,2019-06-27,Rajasthan,Rajasthan City 1,4G,Prepaid,6.4
AIR100231,2025-01-07,Delhi,Delhi City 2,5G,Enterprise,0.9
AIR100232,2020-09-02,Tamil Nadu,Tamil Nadu City 3,5G,Postpaid,4.5
AIR100233,2020-06-24,Karnataka,Karnataka City 1,5G,Postpaid,4.7
AIR100234,2025-01-06,Tamil Nadu,Tamil Nadu City 1,4G,Postpaid,0.3
AIR100235,2022-10-04,Kerala,Kerala City 3,4G,Prepaid,2.6
AIR100236,2020-02-17,Kerala,Kerala City 3,5G,Postpaid,5.3
AIR100237,2023-11-08,Telangana,Telangana City 1,4G,Prepaid,1.7
AIR100238,2023-11-19,Rajasthan,Rajasthan City 1,4G,Prepaid,1.7
AIR100239,2022-07-05,Rajasthan,Rajasthan City 3,4G,Postpaid,3.2
AIR100240,2020-05-06,Maharashtra,Maharashtra City 2,4G,Postpaid,5.4
AIR100241,2023-09-24,Maharashtra,Maharashtra City 1,4G,Prepaid,2.1
AIR100242,2023-06-20,Maharashtra,Maharashtra City 3,4G,Prepaid,2.5
AIR100243,2022-01-24,Delhi,Delhi City 2,4G,Postpaid,3.1
AIR100244,2021-09-27,West Bengal,West Bengal City 1,4G,Postpaid,3.5
AIR100245,2022-11-28,Gujarat,Gujarat City 1,4G,Prepaid,2.4
AIR100246,2024-09-15,West Bengal,West Bengal City 3,4G,Prepaid,0.7
AIR100247,2023-06-26,Tamil Nadu,Tamil Nadu City 2,5G,Broadband,2
AIR100248,2020-04-25,West Bengal,West Bengal City 1,5G,Postpaid,5.2
AIR100249,2019-06-29,Delhi,Delhi City 2,4G,Enterprise,6.1
AIR100250,2020-08-04,Tamil Nadu,Tamil Nadu City 2,4G,Prepaid,5.1
AIR100251,2022-11-30,West Bengal,West Bengal City 1,4G,Postpaid,2.9
AIR100252,2023-02-01,Delhi,Delhi City 2,4G,Prepaid,2.8
AIR100253,2023-07-01,Gujarat,Gujarat City 1,4G,Postpaid,2.5
AIR100254,2022-07-18,West Bengal,West Bengal City 2,4G,Prepaid,2.6
AIR100255,2023-05-02,Delhi,Delhi City 1,5G,Prepaid,1.9
AIR100256,2019-12-30,Maharashtra,Maharashtra City 3,4G,Prepaid,5.3
AIR100257,2024-10-17,Rajasthan,Rajasthan City 1,4G,Postpaid,0.6
AIR100258,2020-02-27,Maharashtra,Maharashtra City 1,4G,Postpaid,5.3
AIR100259,2024-04-27,Rajasthan,Rajasthan City 1,5G,Postpaid,1.2
AIR100260,2024-02-27,Karnataka,Karnataka City 2,4G,Broadband,1.5
AIR100261,2024-12-09,Karnataka,Karnataka City 3,5G,Postpaid,0.8
AIR100262,2021-06-02,Karnataka,Karnataka City 2,4G,Postpaid,4.4
AIR100263,2022-03-18,Gujarat,Gujarat City 2,5G,Enterprise,3.7
AIR100264,2023-11-20,Maharashtra,Maharashtra City 1,5G,Postpaid,2.1
AIR100265,2023-02-08,Rajasthan,Rajasthan City 2,5G,Prepaid,2
AIR100266,2020-08-01,Delhi,Delhi City 1,4G,Enterprise,4.6
AIR100267,2024-12-02,Tamil Nadu,Tamil Nadu City 3,4G,Prepaid,0.4
AIR100268,2019-08-25,Delhi,Delhi City 2,4G,Postpaid,5.7
AIR100269,2024-09-25,Tamil Nadu,Tamil Nadu City 2,5G,Prepaid,0.7
AIR100270,2019-04-23,Kerala,Kerala City 2,4G,Postpaid,6.2
AIR100271,2021-03-02,Delhi,Delhi City 1,4G,Postpaid,4.5
AIR100272,2022-08-08,West Bengal,West Bengal City 1,4G,Prepaid,3.1
AIR100273,2019-02-20,West Bengal,West Bengal City 2,4G,Postpaid,6.7
AIR100274,2019-05-24,Telangana,Telangana City 2,4G,Postpaid,6.5
AIR100275,2023-09-02,Maharashtra,Maharashtra City 3,4G,Prepaid,2.3
AIR100276,2022-03-02,Tamil Nadu,Tamil Nadu City 3,4G,Prepaid,3
AIR100277,2023-03-03,Tamil Nadu,Tamil Nadu City 3,4G,Prepaid,2
AIR100278,2020-01-25,Maharashtra,Maharashtra City 3,5G,Broadband,5.2
AIR100279,2024-07-13,Gujarat,Gujarat City 3,5G,Postpaid,0.8
AIR100280,2022-03-29,Telangana,Telangana City 1,5G,Broadband,3.2
AIR100281,2021-01-18,Gujarat,Gujarat City 3,4G,Prepaid,4.5
AIR100282,2023-09-07,Gujarat,Gujarat City 3,5G,Prepaid,1.9
AIR100283,2023-05-27,Gujarat,Gujarat City 2,4G,Prepaid,2.3
AIR100284,2021-05-24,Maharashtra,Maharashtra City 1,4G,Prepaid,4.4
AIR100285,2020-12-08,Gujarat,Gujarat City 3,4G,Postpaid,4.9
AIR100286,2022-04-23,West Bengal,West Bengal City 3,4G,Enterprise,3.6
AIR100287,2019-08-02,Karnataka,Karnataka City 3,4G,Prepaid,5.5
AIR100288,2022-01-22,Kerala,Kerala City 2,5G,Enterprise,3.1
AIR100289,2019-01-13,Tamil Nadu,Tamil Nadu City 2,4G,Prepaid,6.3
AIR100290,2023-12-24,Tamil Nadu,Tamil Nadu City 2,4G,Broadband,1.4
AIR100291,2020-04-30,Kerala,Kerala City 3,4G,Prepaid,5.1
AIR100292,2019-04-29,Maharashtra,Maharashtra City 2,4G,Broadband,6.2
AIR100293,2021-06-30,Delhi,Delhi City 3,4G,Prepaid,4.1
AIR100294,2022-01-25,Maharashtra,Maharashtra City 1,4G,Broadband,3.6
AIR100295,2021-04-21,Tamil Nadu,Tamil Nadu City 3,5G,Prepaid,4.5
AIR100296,2020-10-25,Tamil Nadu,Tamil Nadu City 2,4G,Prepaid,5.1
AIR100297,2021-10-20,Kerala,Kerala City 1,4G,Postpaid,4.2
AIR100298,2021-02-25,Gujarat,Gujarat City 3,5G,Prepaid,4
AIR100299,2019-12-13,Maharashtra,Maharashtra City 1,5G,Postpaid,5.3
AIR100300,2019-08-25,Rajasthan,Rajasthan City 1,5G,Enterprise,5.6
AIR100301,2024-10-26,Kerala,Kerala City 1,4G,Postpaid,0.6
AIR100302,2023-04-26,West Bengal,West Bengal City 3,4G,Postpaid,2.1
AIR100303,2024-05-09,Tamil Nadu,Tamil Nadu City 2,4G,Prepaid,1.2
AIR100304,2024-08-21,Kerala,Kerala City 3,5G,Postpaid,1
AIR100305,2019-08-17,Maharashtra,Maharashtra City 2,5G,Postpaid,6.1
AIR100306,2021-04-22,Tamil Nadu,Tamil Nadu City 3,4G,Broadband,4.5
AIR100307,2021-08-22,Delhi,Delhi City 3,4G,Prepaid,4.2
AIR100308,2019-06-13,Kerala,Kerala City 3,5G,Postpaid,6.5
AIR100309,2023-08-31,Telangana,Telangana City 2,4G,Prepaid,1.5
AIR100310,2020-01-17,Tamil Nadu,Tamil Nadu City 3,4G,Prepaid,5.2
AIR100311,2020-08-04,Maharashtra,Maharashtra City 1,4G,Prepaid,4.7
AIR100312,2022-12-16,Karnataka,Karnataka City 3,4G,Prepaid,2.4
AIR100313,2021-12-22,Rajasthan,Rajasthan City 1,5G,Prepaid,3.5
AIR100314,2024-06-16,Uttar Pradesh,Uttar Pradesh City 2,4G,Prepaid,1.1
AIR100315,2019-09-03,Gujarat,Gujarat City 2,4G,Broadband,5.9
AIR100316,2024-09-28,Uttar Pradesh,Uttar Pradesh City 3,4G,Prepaid,1
AIR100317,2024-06-15,Maharashtra,Maharashtra City 3,4G,Broadband,1.3
AIR100318,2024-05-25,West Bengal,West Bengal City 3,4G,Prepaid,1.5
AIR100319,2022-07-29,West Bengal,West Bengal City 1,4G,Prepaid,3.4
AIR100320,2022-10-03,Karnataka,Karnataka City 2,4G,Postpaid,2.4
AIR100321,2019-12-30,Gujarat,Gujarat City 1,5G,Postpaid,5.2
AIR100322,2021-09-18,Telangana,Telangana City 1,5G,Postpaid,3.6
AIR100323,2021-07-08,Karnataka,Karnataka City 3,4G,Postpaid,3.9
AIR100324,2019-02-11,Uttar Pradesh,Uttar Pradesh City 3,4G,Prepaid,6.3
AIR100325,2024-12-22,Karnataka,Karnataka City 1,5G,Postpaid,0.6
AIR100326,2022-07-06,Uttar Pradesh,Uttar Pradesh City 1,4G,Postpaid,3.1
AIR100327,2022-04-29,Tamil Nadu,Tamil Nadu City 3,5G,Prepaid,3.4
AIR100328,2024-07-06,West Bengal,West Bengal City 3,4G,Broadband,1.3
AIR100329,2024-10-21,Tamil Nadu,Tamil Nadu City 1,5G,Postpaid,1.1
AIR100330,2023-05-25,Rajasthan,Rajasthan City 3,5G,Prepaid,2.6
AIR100331,2020-02-05,Gujarat,Gujarat City 3,4G,Broadband,5
AIR100332,2022-06-25,Telangana,Telangana City 1,5G,Broadband,2.7
AIR100333,2022-04-25,Uttar Pradesh,Uttar Pradesh City 1,5G,Postpaid,3
AIR100334,2024-01-08,Telangana,Telangana City 2,4G,Prepaid,1.3
AIR100335,2023-11-18,Uttar Pradesh,Uttar Pradesh City 1,4G,Broadband,1.6
AIR100336,2021-07-02,Maharashtra,Maharashtra City 3,4G,Prepaid,4
AIR100337,2019-05-09,Karnataka,Karnataka City 1,5G,Prepaid,6.3
AIR100338,2020-01-14,Rajasthan,Rajasthan City 1,4G,Prepaid,5.7
AIR100339,2022-09-07,West Bengal,West Bengal City 1,4G,Postpaid,3.1
AIR100340,2020-04-08,Uttar Pradesh,Uttar Pradesh City 2,4G,Broadband,5.6
AIR100341,2023-07-11,Telangana,Telangana City 2,5G,Postpaid,2.4
AIR100342,2020-06-30,Rajasthan,Rajasthan City 3,4G,Enterprise,4.6
AIR100343,2020-02-13,Delhi,Delhi City 2,4G,Prepaid,5.1
AIR100344,2020-09-09,Delhi,Delhi City 1,5G,Prepaid,4.6
AIR100345,2021-01-30,Tamil Nadu,Tamil Nadu City 2,4G,Postpaid,4.3
AIR100346,2021-09-28,West Bengal,West Bengal City 1,4G,Enterprise,3.7
AIR100347,2022-03-31,Maharashtra,Maharashtra City 2,4G,Postpaid,3.3
AIR100348,2025-01-03,Telangana,Telangana City 2,4G,Prepaid,0.6
AIR100349,2022-12-06,Karnataka,Karnataka City 2,4G,Prepaid,2.8
AIR100350,2019-09-13,Karnataka,Karnataka City 1,4G,Prepaid,6.1
AIR100351,2023-06-15,Telangana,Telangana City 2,4G,Prepaid,2.4
AIR100352,2023-10-20,Gujarat,Gujarat City 1,4G,Prepaid,2.2
AIR100353,2020-10-12,Maharashtra,Maharashtra City 1,4G,Broadband,4.3
AIR100354,2023-09-09,Rajasthan,Rajasthan City 3,4G,Postpaid,1.5
AIR100355,2022-08-07,Uttar Pradesh,Uttar Pradesh City 2,5G,Postpaid,2.7
AIR100356,2019-03-17,Gujarat,Gujarat City 3,4G,Prepaid,6.2
AIR100357,2020-05-19,Uttar Pradesh,Uttar Pradesh City 3,5G,Prepaid,5.1
AIR100358,2024-06-15,Uttar Pradesh,Uttar Pradesh City 1,5G,Postpaid,1.1
AIR100359,2020-10-23,Gujarat,Gujarat City 2,4G,Broadband,4.8
AIR100360,2021-10-12,Tamil Nadu,Tamil Nadu City 1,5G,Postpaid,3.9
AIR100361,2024-07-16,Delhi,Delhi City 1,4G,Broadband,1.2
AIR100362,2022-11-17,Uttar Pradesh,Uttar Pradesh City 2,5G,Broadband,3
AIR100363,2022-05-07,Gujarat,Gujarat City 1,4G,Prepaid,3.6
AIR100364,2019-08-28,Gujarat,Gujarat City 2,5G,Prepaid,5.5
AIR100365,2024-05-11,Kerala,Kerala City 2,4G,Postpaid,0.8
AIR100366,2023-11-13,Tamil Nadu,Tamil Nadu City 1,5G,Prepaid,1.4
AIR100367,2024-10-14,West Bengal,West Bengal City 1,4G,Prepaid,0.6
AIR100368,2023-07-27,Kerala,Kerala City 3,5G,Prepaid,1.9
AIR100369,2019-06-14,Kerala,Kerala City 1,4G,Prepaid,6.1
AIR100370,2021-08-11,Telangana,Telangana City 2,4G,Broadband,4
AIR100371,2019-03-04,Delhi,Delhi City 3,4G,Prepaid,6.5
AIR100372,2019-02-20,Gujarat,Gujarat City 2,4G,Prepaid,6.7
AIR100373,2024-09-21,Delhi,Delhi City 3,4G,Postpaid,1.1
AIR100374,2022-09-06,Maharashtra,Maharashtra City 1,5G,Postpaid,3.3
AIR100375,2022-04-29,Telangana,Telangana City 1,4G,Postpaid,2.8
AIR100376,2020-10-31,West Bengal,West Bengal City 1,5G,Broadband,4.4
AIR100377,2024-11-07,Delhi,Delhi City 2,4G,Postpaid,0.4
AIR100378,2022-12-16,Karnataka,Karnataka City 3,5G,Postpaid,2.4
AIR100379,2020-09-07,Uttar Pradesh,Uttar Pradesh City 2,4G,Prepaid,4.8
AIR100380,2020-07-16,Maharashtra,Maharashtra City 3,4G,Postpaid,5
AIR100381,2022-02-04,Tamil Nadu,Tamil Nadu City 1,5G,Postpaid,3.5
AIR100382,2023-03-15,West Bengal,West Bengal City 2,4G,Broadband,2.5
AIR100383,2022-06-13,Maharashtra,Maharashtra City 1,4G,Enterprise,3.3
AIR100384,2023-03-02,Uttar Pradesh,Uttar Pradesh City 2,4G,Postpaid,2.7
AIR100385,2019-12-22,Telangana,Telangana City 1,4G,Postpaid,6
AIR100386,2021-02-05,Uttar Pradesh,Uttar Pradesh City 2,4G,Prepaid,4
AIR100387,2019-10-31,Kerala,Kerala City 2,5G,Prepaid,5.4
AIR100388,2024-03-09,Uttar Pradesh,Uttar Pradesh City 3,4G,Prepaid,1.1
AIR100389,2023-02-24,Kerala,Kerala City 1,4G,Prepaid,2.2
AIR100390,2020-08-06,Telangana,Telangana City 3,4G,Prepaid,4.9
AIR100391,2020-01-02,Rajasthan,Rajasthan City 3,4G,Prepaid,5.5
AIR100392,2023-07-24,Kerala,Kerala City 1,4G,Postpaid,2.1
AIR100393,2024-08-08,Tamil Nadu,Tamil Nadu City 2,5G,Postpaid,1.1
AIR100394,2020-04-03,Uttar Pradesh,Uttar Pradesh City 3,5G,Postpaid,5.5
AIR100395,2019-04-30,Uttar Pradesh,Uttar Pradesh City 1,4G,Postpaid,6.5
AIR100396,2023-07-28,Tamil Nadu,Tamil Nadu City 2,5G,Prepaid,2.4
AIR100397,2023-02-10,Karnataka,Karnataka City 3,4G,Enterprise,2
AIR100398,2019-12-30,Gujarat,Gujarat City 3,5G,Prepaid,5.2
AIR100399,2023-01-09,Rajasthan,Rajasthan City 3,4G,Broadband,2.3
AIR100400,2024-05-22,West Bengal,West Bengal City 2,4G,Prepaid,1
AIR100401,2021-05-01,Kerala,Kerala City 3,4G,Postpaid,4.1
AIR100402,2021-08-07,Tamil Nadu,Tamil Nadu City 2,4G,Prepaid,3.9
AIR100403,2024-04-13,Telangana,Telangana City 3,4G,Prepaid,1.3
AIR100404,2024-04-27,Kerala,Kerala City 1,4G,Prepaid,1.4
AIR100405,2021-02-02,Gujarat,Gujarat City 3,4G,Postpaid,4.7
AIR100406,2022-03-26,Telangana,Telangana City 1,4G,Prepaid,3.6
AIR100407,2023-06-18,Maharashtra,Maharashtra City 1,4G,Postpaid,2.5
AIR100408,2021-06-20,Uttar Pradesh,Uttar Pradesh City 1,5G,Prepaid,3.7
AIR100409,2023-02-27,Maharashtra,Maharashtra City 2,4G,Prepaid,2
AIR100410,2024-02-13,Kerala,Kerala City 1,4G,Broadband,1.2
AIR100411,2022-11-11,Gujarat,Gujarat City 3,4G,Broadband,2.5
AIR100412,2021-01-11,Rajasthan,Rajasthan City 2,5G,Postpaid,4.4
AIR100413,2023-08-21,Kerala,Kerala City 1,5G,Prepaid,1.9
AIR100414,2024-10-30,Tamil Nadu,Tamil Nadu City 2,4G,Prepaid,0.8
AIR100415,2022-09-27,Delhi,Delhi City 2,4G,Enterprise,3
AIR100416,2019-07-15,Kerala,Kerala City 2,4G,Prepaid,6.3
AIR100417,2024-10-08,Uttar Pradesh,Uttar Pradesh City 3,5G,Broadband,1.1
AIR100418,2019-05-31,Uttar Pradesh,Uttar Pradesh City 1,4G,Prepaid,6.5
AIR100419,2021-12-20,Kerala,Kerala City 2,4G,Enterprise,3.2
AIR100420,2023-07-29,Telangana,Telangana City 2,4G,Prepaid,1.6
AIR100421,2020-03-03,Delhi,Delhi City 2,4G,Prepaid,5.1
AIR100422,2019-11-27,Tamil Nadu,Tamil Nadu City 1,4G,Postpaid,5.5
AIR100423,2021-06-08,Kerala,Kerala City 2,4G,Enterprise,4
AIR100424,2021-08-12,Telangana,Telangana City 2,4G,Enterprise,3.9
AIR100425,2019-12-20,Uttar Pradesh,Uttar Pradesh City 3,4G,Postpaid,5.7
AIR100426,2024-08-06,Uttar Pradesh,Uttar Pradesh City 1,4G,Postpaid,1.1
AIR100427,2023-03-30,Gujarat,Gujarat City 3,4G,Postpaid,2.5
AIR100428,2021-07-03,Kerala,Kerala City 1,4G,Postpaid,4.4
AIR100429,2023-03-30,Delhi,Delhi City 1,5G,Broadband,2.7
AIR100430,2024-08-17,Karnataka,Karnataka City 1,4G,Postpaid,0.5
AIR100431,2023-04-25,Delhi,Delhi City 3,4G,Postpaid,1.9
AIR100432,2021-07-12,Uttar Pradesh,Uttar Pradesh City 3,4G,Postpaid,3.8
AIR100433,2023-07-17,Uttar Pradesh,Uttar Pradesh City 3,4G,Postpaid,1.8
AIR100434,2024-01-27,Maharashtra,Maharashtra City 3,4G,Broadband,1.4
AIR100435,2022-05-11,Uttar Pradesh,Uttar Pradesh City 2,4G,Prepaid,3.2
AIR100436,2023-07-22,Tamil Nadu,Tamil Nadu City 2,4G,Prepaid,2.1
AIR100437,2019-12-30,West Bengal,West Bengal City 2,4G,Postpaid,5.7
AIR100438,2024-05-01,Kerala,Kerala City 1,4G,Prepaid,1.5
AIR100439,2022-12-19,Delhi,Delhi City 2,4G,Postpaid,2.9
AIR100440,2020-10-19,West Bengal,West Bengal City 1,4G,Broadband,5.2
AIR100441,2023-02-01,Telangana,Telangana City 3,4G,Postpaid,2
AIR100442,2022-06-28,Karnataka,Karnataka City 1,4G,Broadband,2.7
AIR100443,2022-12-16,Tamil Nadu,Tamil Nadu City 1,4G,Prepaid,2.3
AIR100444,2021-01-01,Delhi,Delhi City 2,4G,Broadband,4.4
AIR100445,2024-08-04,West Bengal,West Bengal City 3,4G,Postpaid,0.9
AIR100446,2024-02-27,Karnataka,Karnataka City 3,4G,Prepaid,1.4
AIR100447,2022-06-05,Maharashtra,Maharashtra City 2,5G,Postpaid,3.2
AIR100448,2024-12-05,Tamil Nadu,Tamil Nadu City 3,5G,Enterprise,0.8
AIR100449,2021-10-06,Tamil Nadu,Tamil Nadu City 3,4G,Prepaid,4
AIR100450,2022-07-14,Maharashtra,Maharashtra City 3,4G,Postpaid,3.3
AIR100451,2022-04-06,Kerala,Kerala City 2,4G,Broadband,3.7
AIR100452,2023-09-25,Maharashtra,Maharashtra City 3,4G,Prepaid,1.4
AIR100453,2020-11-26,Tamil Nadu,Tamil Nadu City 1,5G,Postpaid,4.3
AIR100454,2020-06-05,Tamil Nadu,Tamil Nadu City 1,5G,Postpaid,4.9
AIR100455,2022-09-12,West Bengal,West Bengal City 3,5G,Prepaid,2.7
AIR100456,2022-10-14,Uttar Pradesh,Uttar Pradesh City 2,4G,Postpaid,2.7
AIR100457,2024-01-22,Karnataka,Karnataka City 2,4G,Prepaid,1.5
AIR100458,2023-09-25,Maharashtra,Maharashtra City 2,5G,Postpaid,1.9
AIR100459,2022-01-25,Karnataka,Karnataka City 3,4G,Prepaid,3.6
AIR100460,2020-10-14,Maharashtra,Maharashtra City 3,5G,Prepaid,5
AIR100461,2021-01-28,Telangana,Telangana City 1,4G,Postpaid,4.8
AIR100462,2022-07-03,Tamil Nadu,Tamil Nadu City 2,4G,Prepaid,3.5
AIR100463,2020-03-17,Uttar Pradesh,Uttar Pradesh City 1,4G,Prepaid,4.9
AIR100464,2020-02-13,West Bengal,West Bengal City 1,4G,Broadband,5.1
AIR100465,2021-03-20,Uttar Pradesh,Uttar Pradesh City 2,4G,Broadband,4.1
AIR100466,2024-11-02,Uttar Pradesh,Uttar Pradesh City 3,4G,Broadband,0.5
AIR100467,2020-11-27,Uttar Pradesh,Uttar Pradesh City 3,4G,Postpaid,4.5
AIR100468,2019-04-08,Karnataka,Karnataka City 1,4G,Broadband,6.3
AIR100469,2024-01-28,Maharashtra,Maharashtra City 1,4G,Broadband,1.5
AIR100470,2020-06-25,Rajasthan,Rajasthan City 1,4G,Prepaid,5.2
AIR100471,2023-03-07,Telangana,Telangana City 1,5G,Prepaid,2.6
AIR100472,2019-07-10,Delhi,Delhi City 2,4G,Prepaid,6.4
AIR100473,2024-02-17,Uttar Pradesh,Uttar Pradesh City 1,4G,Postpaid,1.8
AIR100474,2019-09-15,Kerala,Kerala City 1,5G,Broadband,5.4
AIR100475,2019-06-04,Karnataka,Karnataka City 3,5G,Postpaid,5.8
AIR100476,2023-02-19,West Bengal,West Bengal City 3,4G,Postpaid,2.2
AIR100477,2019-03-15,Delhi,Delhi City 3,5G,Prepaid,6.2
AIR100478,2019-01-24,Rajasthan,Rajasthan City 2,4G,Prepaid,6.4
AIR100479,2023-10-08,Kerala,Kerala City 2,4G,Postpaid,1.8
AIR100480,2023-08-09,Rajasthan,Rajasthan City 3,4G,Enterprise,2
AIR100481,2024-09-22,Delhi,Delhi City 3,4G,Prepaid,1
AIR100482,2021-11-26,Uttar Pradesh,Uttar Pradesh City 1,5G,Broadband,3.9
AIR100483,2023-02-06,Kerala,Kerala City 1,5G,Prepaid,2.8
AIR100484,2020-04-05,Rajasthan,Rajasthan City 2,5G,Postpaid,5.7
AIR100485,2022-04-07,West Bengal,West Bengal City 2,5G,Postpaid,2.9
AIR100486,2024-10-18,Maharashtra,Maharashtra City 1,4G,Broadband,0.4
AIR100487,2023-05-26,Tamil Nadu,Tamil Nadu City 3,5G,Prepaid,1.9
AIR100488,2021-07-02,Maharashtra,Maharashtra City 1,5G,Prepaid,3.9
AIR100489,2023-10-09,Delhi,Delhi City 2,5G,Prepaid,1.7
AIR100490,2019-03-13,Karnataka,Karnataka City 2,5G,Broadband,6.3
AIR100491,2021-04-07,Tamil Nadu,Tamil Nadu City 1,5G,Prepaid,4.4
AIR100492,2019-06-26,Telangana,Telangana City 1,4G,Prepaid,6.2
AIR100493,2020-12-07,West Bengal,West Bengal City 1,5G,Postpaid,4.9
AIR100494,2024-04-12,Telangana,Telangana City 2,5G,Postpaid,1.6
AIR100495,2021-06-02,Kerala,Kerala City 3,5G,Broadband,4.5
AIR100496,2022-03-23,Tamil Nadu,Tamil Nadu City 1,4G,Broadband,2.9
AIR100497,2019-06-03,Telangana,Telangana City 2,4G,Postpaid,5.8
AIR100498,2019-01-30,Telangana,Telangana City 2,5G,Broadband,6.2
AIR100499,2021-11-16,Rajasthan,Rajasthan City 2,4G,Postpaid,3.5
AIR100500,2021-09-02,Maharashtra,Maharashtra City 1,4G,Prepaid,3.8
AIR100501,2020-11-21,Rajasthan,Rajasthan City 1,4G,Broadband,4.6
AIR100502,2024-02-18,Tamil Nadu,Tamil Nadu City 3,4G,Postpaid,1.5
AIR100503,2024-11-15,Tamil Nadu,Tamil Nadu City 2,4G,Prepaid,0.8
AIR100504,2019-08-25,Delhi,Delhi City 1,4G,Postpaid,6.1
AIR100505,2024-12-25,Rajasthan,Rajasthan City 2,4G,Prepaid,0.9
AIR100506,2020-09-21,Gujarat,Gujarat City 2,4G,Prepaid,5.2
AIR100507,2020-09-09,Maharashtra,Maharashtra City 3,4G,Postpaid,4.4
AIR100508,2023-04-21,Tamil Nadu,Tamil Nadu City 1,4G,Broadband,1.9
AIR100509,2023-06-28,Delhi,Delhi City 1,4G,Postpaid,1.8
AIR100510,2019-12-26,Rajasthan,Rajasthan City 2,4G,Prepaid,5.4
AIR100511,2020-08-04,Maharashtra,Maharashtra City 2,4G,Enterprise,4.9
AIR100512,2023-10-23,Rajasthan,Rajasthan City 3,5G,Prepaid,1.7
AIR100513,2020-08-23,Telangana,Telangana City 3,4G,Prepaid,5
AIR100514,2021-09-05,Delhi,Delhi City 3,4G,Prepaid,4
AIR100515,2024-06-20,Maharashtra,Maharashtra City 3,5G,Prepaid,1.3
AIR100516,2020-05-29,Uttar Pradesh,Uttar Pradesh City 3,4G,Prepaid,5.5
AIR100517,2024-05-23,Kerala,Kerala City 3,5G,Postpaid,1.6
AIR100518,2021-03-20,Kerala,Kerala City 2,5G,Broadband,3.9
AIR100519,2024-06-20,Maharashtra,Maharashtra City 3,4G,Enterprise,0.7
AIR100520,2022-12-17,Rajasthan,Rajasthan City 2,4G,Broadband,2.3
AIR100521,2020-04-13,Delhi,Delhi City 2,4G,Postpaid,5.1
AIR100522,2020-09-21,Kerala,Kerala City 1,4G,Postpaid,4.7
AIR100523,2019-04-24,Delhi,Delhi City 2,4G,Broadband,6.2
AIR100524,2022-05-10,Kerala,Kerala City 2,4G,Postpaid,3.3
AIR100525,2022-10-19,Telangana,Telangana City 3,5G,Postpaid,2.9
AIR100526,2019-09-04,Rajasthan,Rajasthan City 2,4G,Postpaid,6.1
AIR100527,2023-06-05,Telangana,Telangana City 3,4G,Prepaid,2.4
AIR100528,2020-06-28,Kerala,Kerala City 3,4G,Postpaid,5.5
AIR100529,2023-06-26,Uttar Pradesh,Uttar Pradesh City 3,4G,Postpaid,1.6
AIR100530,2022-07-24,Uttar Pradesh,Uttar Pradesh City 1,4G,Postpaid,2.6
AIR100531,2023-03-03,Telangana,Telangana City 3,4G,Prepaid,2.1
AIR100532,2020-12-18,Uttar Pradesh,Uttar Pradesh City 2,4G,Postpaid,4.4
AIR100533,2021-02-16,Kerala,Kerala City 3,5G,Broadband,4.3
AIR100534,2019-02-21,Maharashtra,Maharashtra City 3,4G,Enterprise,6.4
AIR100535,2024-07-04,Telangana,Telangana City 3,4G,Prepaid,1.1
AIR100536,2021-08-26,Karnataka,Karnataka City 1,4G,Prepaid,4.1
AIR100537,2023-10-01,Rajasthan,Rajasthan City 2,4G,Postpaid,2
AIR100538,2020-08-22,Uttar Pradesh,Uttar Pradesh City 1,4G,Prepaid,5.2
AIR100539,2019-06-20,Uttar Pradesh,Uttar Pradesh City 2,5G,Prepaid,6.5
AIR100540,2023-07-17,Tamil Nadu,Tamil Nadu City 1,5G,Prepaid,1.6
AIR100541,2021-12-23,Gujarat,Gujarat City 2,4G,Broadband,3.2
AIR100542,2020-03-30,Telangana,Telangana City 1,4G,Postpaid,5
AIR100543,2020-12-27,West Bengal,West Bengal City 3,4G,Postpaid,4.4
AIR100544,2022-12-03,Uttar Pradesh,Uttar Pradesh City 1,4G,Postpaid,2.5
AIR100545,2021-06-05,Rajasthan,Rajasthan City 1,4G,Postpaid,4.1
AIR100546,2025-01-06,Karnataka,Karnataka City 3,4G,Prepaid,0.6
AIR100547,2023-03-06,Uttar Pradesh,Uttar Pradesh City 3,4G,Postpaid,2.5
AIR100548,2020-09-27,Karnataka,Karnataka City 2,4G,Prepaid,5
AIR100549,2023-04-21,Kerala,Kerala City 2,5G,Postpaid,2.6
AIR100550,2024-09-13,Kerala,Kerala City 2,5G,Prepaid,1.3
AIR100551,2019-06-24,Gujarat,Gujarat City 1,4G,Postpaid,5.6
AIR100552,2021-11-22,Maharashtra,Maharashtra City 2,4G,Postpaid,3.3
AIR100553,2023-10-15,West Bengal,West Bengal City 1,5G,Prepaid,1.5
AIR100554,2020-07-21,Tamil Nadu,Tamil Nadu City 1,4G,Prepaid,4.8
AIR100555,2019-11-19,Gujarat,Gujarat City 2,5G,Prepaid,5.6
AIR100556,2024-08-22,Delhi,Delhi City 2,4G,Postpaid,0.9
AIR100557,2024-09-28,Tamil Nadu,Tamil Nadu City 1,4G,Prepaid,0.9
AIR100558,2023-11-19,Telangana,Telangana City 3,4G,Prepaid,1.8
AIR100559,2024-11-13,Rajasthan,Rajasthan City 3,5G,Postpaid,0.9
AIR100560,2019-12-09,Delhi,Delhi City 1,4G,Postpaid,5.9
AIR100561,2023-01-14,Delhi,Delhi City 2,4G,Prepaid,2.9
AIR100562,2022-02-22,Gujarat,Gujarat City 1,4G,Postpaid,3
AIR100563,2019-01-07,Maharashtra,Maharashtra City 1,5G,Broadband,6.2
AIR100564,2019-11-26,Gujarat,Gujarat City 2,5G,Broadband,5.4
AIR100565,2019-03-24,Telangana,Telangana City 3,5G,Prepaid,6.1
AIR100566,2023-04-09,Uttar Pradesh,Uttar Pradesh City 1,5G,Broadband,2.2
AIR100567,2020-06-10,Uttar Pradesh,Uttar Pradesh City 3,4G,Postpaid,5.1
AIR100568,2022-02-10,Maharashtra,Maharashtra City 3,4G,Enterprise,3.5
AIR100569,2021-06-08,Telangana,Telangana City 2,4G,Postpaid,4.3
AIR100570,2021-01-31,Maharashtra,Maharashtra City 1,4G,Postpaid,4.7
AIR100571,2021-10-20,Karnataka,Karnataka City 1,5G,Postpaid,4.1
AIR100572,2023-08-08,Uttar Pradesh,Uttar Pradesh City 3,5G,Postpaid,2.4
AIR100573,2024-08-28,Delhi,Delhi City 3,4G,Postpaid,0.5
AIR100574,2024-08-18,West Bengal,West Bengal City 2,4G,Prepaid,0.6
AIR100575,2024-01-30,Rajasthan,Rajasthan City 3,5G,Prepaid,1.2
AIR100576,2021-11-27,Telangana,Telangana City 2,4G,Prepaid,3.5
AIR100577,2021-06-22,Tamil Nadu,Tamil Nadu City 1,4G,Broadband,4
AIR100578,2019-05-14,Maharashtra,Maharashtra City 2,4G,Postpaid,6.2
AIR100579,2024-05-22,Rajasthan,Rajasthan City 3,4G,Postpaid,1.2
AIR100580,2022-01-30,Tamil Nadu,Tamil Nadu City 1,4G,Postpaid,3.6
AIR100581,2024-05-18,Rajasthan,Rajasthan City 2,4G,Prepaid,1.4
AIR100582,2022-03-18,West Bengal,West Bengal City 1,4G,Prepaid,3.7
AIR100583,2024-08-01,Tamil Nadu,Tamil Nadu City 2,5G,Postpaid,1.4
AIR100584,2019-04-03,Gujarat,Gujarat City 3,4G,Enterprise,5.9
AIR100585,2021-02-12,Kerala,Kerala City 3,4G,Prepaid,4.1
AIR100586,2019-07-07,Gujarat,Gujarat City 1,5G,Prepaid,5.8
AIR100587,2024-12-23,Uttar Pradesh,Uttar Pradesh City 1,4G,Prepaid,0.4
AIR100588,2019-06-15,Kerala,Kerala City 1,4G,Prepaid,6
AIR100589,2019-09-02,Gujarat,Gujarat City 2,5G,Prepaid,5.9
AIR100590,2022-04-21,Kerala,Kerala City 3,4G,Postpaid,3.3
AIR100591,2021-10-29,Kerala,Kerala City 1,5G,Prepaid,3.9
AIR100592,2022-12-30,Delhi,Delhi City 1,4G,Prepaid,2.8
AIR100593,2022-03-25,Maharashtra,Maharashtra City 1,4G,Postpaid,3.6
AIR100594,2021-04-09,Maharashtra,Maharashtra City 2,4G,Enterprise,4.7
AIR100595,2024-12-01,Delhi,Delhi City 1,4G,Prepaid,0.2
AIR100596,2023-11-14,Rajasthan,Rajasthan City 1,5G,Postpaid,1.3
AIR100597,2020-03-12,Karnataka,Karnataka City 2,4G,Prepaid,5.1
AIR100598,2023-12-16,Rajasthan,Rajasthan City 2,5G,Broadband,1.4
AIR100599,2023-12-30,Tamil Nadu,Tamil Nadu City 1,5G,Postpaid,1.5
AIR100600,2021-03-04,Tamil Nadu,Tamil Nadu City 1,4G,Broadband,4.4
AIR100601,2019-06-22,Kerala,Kerala City 2,5G,Prepaid,6.1
AIR100602,2022-07-04,Gujarat,Gujarat City 3,4G,Postpaid,3.2
AIR100603,2023-10-05,Gujarat,Gujarat City 2,4G,Postpaid,2
AIR100604,2020-03-25,Maharashtra,Maharashtra City 3,5G,Prepaid,5.6
AIR100605,2024-05-08,Telangana,Telangana City 1,4G,Prepaid,1.6
AIR100606,2024-10-25,Rajasthan,Rajasthan City 1,4G,Postpaid,0.3
AIR100607,2020-09-06,Uttar Pradesh,Uttar Pradesh City 3,4G,Postpaid,4.5
AIR100608,2019-08-14,West Bengal,West Bengal City 2,4G,Prepaid,5.7
AIR100609,2021-01-08,Gujarat,Gujarat City 1,4G,Postpaid,4.3
AIR100610,2023-06-20,West Bengal,West Bengal City 3,4G,Prepaid,2
AIR100611,2021-07-29,Kerala,Kerala City 2,4G,Prepaid,4
AIR100612,2019-03-17,West Bengal,West Bengal City 3,4G,Postpaid,6.4
AIR100613,2019-03-10,Uttar Pradesh,Uttar Pradesh City 2,4G,Prepaid,6.5
AIR100614,2024-02-18,Delhi,Delhi City 2,4G,Prepaid,1.7
AIR100615,2021-05-19,Uttar Pradesh,Uttar Pradesh City 2,4G,Prepaid,4.5
AIR100616,2022-10-25,West Bengal,West Bengal City 2,5G,Postpaid,3.1
AIR100617,2024-01-12,Uttar Pradesh,Uttar Pradesh City 3,4G,Postpaid,1.1
AIR100618,2024-10-16,Karnataka,Karnataka City 3,4G,Enterprise,0.4
AIR100619,2020-01-12,Kerala,Kerala City 3,4G,Prepaid,5.3
AIR100620,2022-11-09,Rajasthan,Rajasthan City 3,4G,Postpaid,2.5
AIR100621,2024-04-25,Delhi,Delhi City 3,4G,Prepaid,1.1
AIR100622,2019-07-24,Gujarat,Gujarat City 2,5G,Postpaid,6
AIR100623,2021-01-14,Tamil Nadu,Tamil Nadu City 1,5G,Postpaid,4.6
AIR100624,2024-01-27,Rajasthan,Rajasthan City 1,5G,Prepaid,1.6
AIR100625,2023-03-30,Tamil Nadu,Tamil Nadu City 3,5G,Postpaid,2.5
AIR100626,2019-11-21,Kerala,Kerala City 3,4G,Prepaid,6
AIR100627,2020-11-11,Delhi,Delhi City 1,4G,Prepaid,5.1
AIR100628,2020-11-01,Maharashtra,Maharashtra City 2,5G,Prepaid,4.3
AIR100629,2023-09-24,Gujarat,Gujarat City 3,5G,Postpaid,1.5
AIR100630,2024-02-24,Karnataka,Karnataka City 2,5G,Postpaid,1.1
AIR100631,2024-05-22,Maharashtra,Maharashtra City 1,5G,Prepaid,1
AIR100632,2023-08-31,Kerala,Kerala City 1,5G,Prepaid,1.8
AIR100633,2022-06-10,Rajasthan,Rajasthan City 3,4G,Prepaid,3.1
AIR100634,2020-03-21,Karnataka,Karnataka City 2,5G,Prepaid,5.4
AIR100635,2019-02-23,Uttar Pradesh,Uttar Pradesh City 3,5G,Postpaid,6.6
AIR100636,2020-11-22,West Bengal,West Bengal City 1,5G,Postpaid,4.9
AIR100637,2024-05-24,Karnataka,Karnataka City 2,4G,Prepaid,1.5
AIR100638,2019-01-04,Kerala,Kerala City 3,5G,Prepaid,6.9
AIR100639,2019-09-14,Telangana,Telangana City 3,5G,Broadband,5.4
AIR100640,2021-04-13,West Bengal,West Bengal City 3,4G,Prepaid,3.9
AIR100641,2023-08-26,Tamil Nadu,Tamil Nadu City 1,4G,Prepaid,1.6
AIR100642,2022-03-07,Gujarat,Gujarat City 3,4G,Postpaid,3.2
AIR100643,2022-09-09,Tamil Nadu,Tamil Nadu City 2,5G,Postpaid,2.8
AIR100644,2020-04-17,Karnataka,Karnataka City 3,4G,Postpaid,5.2
AIR100645,2023-10-31,Tamil Nadu,Tamil Nadu City 1,4G,Broadband,1.8
AIR100646,2024-07-19,Kerala,Kerala City 3,4G,Prepaid,1.2
AIR100647,2023-06-26,Uttar Pradesh,Uttar Pradesh City 1,4G,Postpaid,2.3
AIR100648,2021-01-28,Rajasthan,Rajasthan City 1,4G,Prepaid,4.8
AIR100649,2021-06-24,Gujarat,Gujarat City 2,4G,Postpaid,4.5
AIR100650,2022-03-29,Tamil Nadu,Tamil Nadu City 2,5G,Broadband,2.9
AIR100651,2021-12-22,Tamil Nadu,Tamil Nadu City 3,5G,Postpaid,3.2
AIR100652,2021-12-24,Karnataka,Karnataka City 1,4G,Postpaid,3.3
AIR100653,2022-04-07,Rajasthan,Rajasthan City 1,5G,Broadband,3.1
AIR100654,2024-10-29,Maharashtra,Maharashtra City 2,5G,Prepaid,0.6
AIR100655,2022-07-15,Tamil Nadu,Tamil Nadu City 2,4G,Postpaid,3
AIR100656,2024-10-21,Kerala,Kerala City 3,4G,Broadband,0.8
AIR100657,2019-11-28,Telangana,Telangana City 1,4G,Postpaid,5.8
AIR100658,2022-04-26,Gujarat,Gujarat City 2,5G,Prepaid,3.5
AIR100659,2021-11-14,Tamil Nadu,Tamil Nadu City 3,4G,Prepaid,4
AIR100660,2022-02-15,Kerala,Kerala City 1,4G,Prepaid,3.8
AIR100661,2022-02-05,Kerala,Kerala City 1,5G,Prepaid,3
AIR100662,2023-06-23,Gujarat,Gujarat City 2,4G,Postpaid,1.7
AIR100663,2020-05-17,Maharashtra,Maharashtra City 3,5G,Prepaid,4.9
AIR100664,2021-12-15,Kerala,Kerala City 2,5G,Prepaid,3.4
AIR100665,2022-08-27,Telangana,Telangana City 3,4G,Prepaid,2.8
AIR100666,2020-07-05,Kerala,Kerala City 1,5G,Postpaid,5
AIR100667,2021-07-12,Kerala,Kerala City 3,4G,Postpaid,4.1
AIR100668,2019-05-01,Kerala,Kerala City 3,4G,Postpaid,6.4
AIR100669,2023-12-01,Uttar Pradesh,Uttar Pradesh City 3,4G,Prepaid,1.9
AIR100670,2024-09-04,Uttar Pradesh,Uttar Pradesh City 3,4G,Prepaid,1.2
AIR100671,2022-02-09,Maharashtra,Maharashtra City 3,5G,Prepaid,3.8
AIR100672,2019-01-23,Tamil Nadu,Tamil Nadu City 2,4G,Prepaid,6.1
AIR100673,2024-01-24,Kerala,Kerala City 3,4G,Prepaid,1.1
AIR100674,2024-12-03,Rajasthan,Rajasthan City 3,5G,Postpaid,0.4
AIR100675,2020-04-24,Tamil Nadu,Tamil Nadu City 1,4G,Prepaid,5.1
AIR100676,2021-02-07,Maharashtra,Maharashtra City 3,5G,Broadband,4.4
AIR100677,2022-02-17,Delhi,Delhi City 1,4G,Postpaid,3.4
AIR100678,2021-09-14,Tamil Nadu,Tamil Nadu City 2,5G,Prepaid,3.9
AIR100679,2022-10-13,Tamil Nadu,Tamil Nadu City 2,4G,Postpaid,2.9
AIR100680,2022-03-21,West Bengal,West Bengal City 3,4G,Postpaid,3.6
AIR100681,2022-09-10,Karnataka,Karnataka City 2,4G,Postpaid,3.2
AIR100682,2024-05-25,West Bengal,West Bengal City 3,4G,Broadband,1.6
AIR100683,2021-04-18,Telangana,Telangana City 2,5G,Prepaid,3.8
AIR100684,2024-01-24,Uttar Pradesh,Uttar Pradesh City 3,4G,Broadband,1.1
AIR100685,2021-07-06,Uttar Pradesh,Uttar Pradesh City 3,4G,Prepaid,3.8
AIR100686,2021-07-28,Karnataka,Karnataka City 1,4G,Broadband,3.8
AIR100687,2022-10-24,Gujarat,Gujarat City 1,5G,Prepaid,2.6
AIR100688,2021-08-10,Gujarat,Gujarat City 1,5G,Prepaid,3.9
AIR100689,2024-05-13,Maharashtra,Maharashtra City 1,4G,Postpaid,1.3
AIR100690,2019-10-03,Karnataka,Karnataka City 3,4G,Prepaid,6
AIR100691,2020-06-12,Tamil Nadu,Tamil Nadu City 2,4G,Prepaid,5.3
AIR100692,2022-12-30,Gujarat,Gujarat City 3,4G,Prepaid,2.9
AIR100693,2021-08-16,Kerala,Kerala City 1,4G,Postpaid,4.3
AIR100694,2024-01-16,Rajasthan,Rajasthan City 1,4G,Broadband,1.1
AIR100695,2019-02-19,Tamil Nadu,Tamil Nadu City 2,4G,Postpaid,6.1
AIR100696,2022-06-12,Telangana,Telangana City 1,5G,Broadband,2.8
AIR100697,2024-01-27,Kerala,Kerala City 3,4G,Postpaid,1.3
AIR100698,2023-04-29,Kerala,Kerala City 3,5G,Prepaid,2.1
AIR100699,2020-05-02,Karnataka,Karnataka City 3,4G,Prepaid,5.2
AIR100700,2024-10-28,Maharashtra,Maharashtra City 3,5G,Postpaid,0.8
AIR100701,2022-08-02,Telangana,Telangana City 3,4G,Prepaid,3.1
AIR100702,2023-02-10,Gujarat,Gujarat City 2,4G,Prepaid,2.7
AIR100703,2024-04-24,Karnataka,Karnataka City 3,5G,Postpaid,1.6
AIR100704,2019-09-12,Gujarat,Gujarat City 1,4G,Postpaid,6.3
AIR100705,2021-08-17,Karnataka,Karnataka City 1,4G,Prepaid,3.5
AIR100706,2023-08-24,Karnataka,Karnataka City 1,4G,Broadband,1.6
AIR100707,2020-04-08,Karnataka,Karnataka City 1,5G,Postpaid,5
AIR100708,2024-04-20,Maharashtra,Maharashtra City 2,4G,Postpaid,1.1
AIR100709,2019-02-05,Karnataka,Karnataka City 1,5G,Enterprise,6.4
AIR100710,2019-01-16,Delhi,Delhi City 2,4G,Prepaid,6.5
AIR100711,2021-07-07,Rajasthan,Rajasthan City 1,4G,Postpaid,4.1
AIR100712,2024-06-14,Gujarat,Gujarat City 2,4G,Broadband,1.3
AIR100713,2024-03-27,Tamil Nadu,Tamil Nadu City 2,4G,Postpaid,1.6
AIR100714,2023-06-02,West Bengal,West Bengal City 2,4G,Postpaid,2.5
AIR100715,2021-04-02,Telangana,Telangana City 1,4G,Prepaid,4.7
AIR100716,2024-10-21,Uttar Pradesh,Uttar Pradesh City 2,4G,Postpaid,0.3
AIR100717,2024-05-20,Maharashtra,Maharashtra City 3,4G,Prepaid,0.8
AIR100718,2024-02-25,Tamil Nadu,Tamil Nadu City 3,4G,Enterprise,1.1
AIR100719,2021-01-09,Kerala,Kerala City 1,5G,Broadband,4.3
AIR100720,2021-01-27,Delhi,Delhi City 3,5G,Broadband,4.4
AIR100721,2021-06-24,Uttar Pradesh,Uttar Pradesh City 3,5G,Postpaid,4.1
AIR100722,2021-03-08,West Bengal,West Bengal City 3,4G,Prepaid,4.4
AIR100723,2024-07-26,Tamil Nadu,Tamil Nadu City 1,5G,Prepaid,1.1
AIR100724,2023-05-06,Uttar Pradesh,Uttar Pradesh City 1,4G,Broadband,2.4
AIR100725,2023-11-13,Tamil Nadu,Tamil Nadu City 3,4G,Prepaid,2
AIR100726,2022-11-21,Delhi,Delhi City 1,5G,Prepaid,3.1
AIR100727,2022-10-23,West Bengal,West Bengal City 2,5G,Postpaid,2.3
AIR100728,2020-04-02,Kerala,Kerala City 3,4G,Prepaid,5
AIR100729,2022-09-29,Karnataka,Karnataka City 1,4G,Postpaid,2.5
AIR100730,2022-10-29,Gujarat,Gujarat City 1,4G,Postpaid,2.5
AIR100731,2022-12-31,Kerala,Kerala City 3,4G,Postpaid,2.5
AIR100732,2019-06-04,Karnataka,Karnataka City 1,5G,Broadband,6.1
AIR100733,2022-01-20,Maharashtra,Maharashtra City 3,4G,Prepaid,3.6
AIR100734,2022-10-01,Rajasthan,Rajasthan City 1,5G,Prepaid,3
AIR100735,2022-01-19,Telangana,Telangana City 2,4G,Prepaid,3.7
AIR100736,2020-11-30,Telangana,Telangana City 3,5G,Enterprise,5
AIR100737,2019-04-15,Gujarat,Gujarat City 2,5G,Prepaid,6.7
AIR100738,2020-08-18,West Bengal,West Bengal City 3,4G,Prepaid,4.5
AIR100739,2021-10-10,Delhi,Delhi City 1,4G,Postpaid,3.4
AIR100740,2020-06-23,West Bengal,West Bengal City 2,5G,Prepaid,4.8
AIR100741,2019-01-12,Delhi,Delhi City 1,4G,Enterprise,6.3
AIR100742,2024-04-27,West Bengal,West Bengal City 3,5G,Broadband,1.1
AIR100743,2019-12-30,Rajasthan,Rajasthan City 3,4G,Postpaid,5.5
AIR100744,2020-10-23,Maharashtra,Maharashtra City 3,4G,Postpaid,4.8
AIR100745,2022-09-03,Maharashtra,Maharashtra City 3,5G,Prepaid,3
AIR100746,2020-06-21,Karnataka,Karnataka City 3,4G,Postpaid,5.3
AIR100747,2019-11-10,Uttar Pradesh,Uttar Pradesh City 2,5G,Postpaid,6
AIR100748,2023-01-18,Maharashtra,Maharashtra City 3,4G,Prepaid,2.9
AIR100749,2022-11-23,Maharashtra,Maharashtra City 1,5G,Prepaid,2.2
AIR100750,2023-11-11,Kerala,Kerala City 2,4G,Broadband,1.3
AIR100751,2022-05-30,Kerala,Kerala City 1,4G,Prepaid,2.9
AIR100752,2020-08-02,Karnataka,Karnataka City 3,4G,Postpaid,4.8
AIR100753,2019-09-19,Uttar Pradesh,Uttar Pradesh City 1,5G,Prepaid,5.7
AIR100754,2020-05-10,Gujarat,Gujarat City 2,4G,Prepaid,5.2
AIR100755,2019-05-10,Kerala,Kerala City 2,5G,Broadband,6.3
AIR100756,2022-03-28,Gujarat,Gujarat City 2,4G,Prepaid,3.5
AIR100757,2021-03-02,Tamil Nadu,Tamil Nadu City 1,5G,Postpaid,4.6
AIR100758,2024-01-13,Kerala,Kerala City 2,5G,Prepaid,1.8
AIR100759,2023-04-16,Rajasthan,Rajasthan City 1,4G,Prepaid,2.7
AIR100760,2024-11-06,Uttar Pradesh,Uttar Pradesh City 3,4G,Broadband,0.3
AIR100761,2021-08-25,Karnataka,Karnataka City 3,4G,Postpaid,3.6
AIR100762,2022-09-17,Tamil Nadu,Tamil Nadu City 1,4G,Broadband,2.6
AIR100763,2020-09-21,Uttar Pradesh,Uttar Pradesh City 2,4G,Broadband,4.6
AIR100764,2020-05-20,Rajasthan,Rajasthan City 1,5G,Broadband,5.1
AIR100765,2019-07-26,Uttar Pradesh,Uttar Pradesh City 1,4G,Broadband,6
AIR100766,2024-01-29,Rajasthan,Rajasthan City 1,5G,Prepaid,1.5
AIR100767,2022-06-23,Rajasthan,Rajasthan City 3,5G,Broadband,3.2
AIR100768,2023-01-22,Gujarat,Gujarat City 1,4G,Prepaid,2.7
AIR100769,2022-03-14,West Bengal,West Bengal City 3,4G,Prepaid,3.7
AIR100770,2023-07-19,Tamil Nadu,Tamil Nadu City 1,4G,Prepaid,2.4
AIR100771,2021-06-02,Uttar Pradesh,Uttar Pradesh City 3,5G,Prepaid,3.7
AIR100772,2021-08-08,Delhi,Delhi City 1,4G,Postpaid,3.6
AIR100773,2019-10-12,Tamil Nadu,Tamil Nadu City 1,4G,Prepaid,5.5
AIR100774,2020-12-19,West Bengal,West Bengal City 2,5G,Prepaid,4.4
AIR100775,2020-05-16,Tamil Nadu,Tamil Nadu City 2,4G,Postpaid,5.1
AIR100776,2019-09-15,Maharashtra,Maharashtra City 1,5G,Prepaid,5.8
AIR100777,2024-08-01,Delhi,Delhi City 1,4G,Postpaid,1
AIR100778,2021-03-20,West Bengal,West Bengal City 1,4G,Prepaid,4.5
AIR100779,2024-09-30,Gujarat,Gujarat City 1,5G,Prepaid,1
AIR100780,2024-04-06,Uttar Pradesh,Uttar Pradesh City 2,4G,Prepaid,1.6
AIR100781,2022-05-24,Telangana,Telangana City 3,5G,Prepaid,3.6
AIR100782,2022-02-02,West Bengal,West Bengal City 1,4G,Postpaid,3
AIR100783,2020-06-05,Karnataka,Karnataka City 2,5G,Postpaid,4.8
AIR100784,2021-08-26,Uttar Pradesh,Uttar Pradesh City 1,4G,Prepaid,3.6
AIR100785,2023-11-13,West Bengal,West Bengal City 1,4G,Prepaid,1.5
AIR100786,2021-09-27,Maharashtra,Maharashtra City 3,4G,Prepaid,3.7
AIR100787,2021-06-06,Telangana,Telangana City 1,4G,Enterprise,4.1
AIR100788,2021-01-14,Maharashtra,Maharashtra City 1,4G,Prepaid,4.6
AIR100789,2021-12-03,Telangana,Telangana City 3,4G,Broadband,3.8
AIR100790,2023-09-01,Karnataka,Karnataka City 3,4G,Postpaid,2.1
AIR100791,2019-07-30,Uttar Pradesh,Uttar Pradesh City 3,4G,Prepaid,6.3
AIR100792,2022-02-04,Gujarat,Gujarat City 3,4G,Enterprise,3.9
AIR100793,2024-05-10,Maharashtra,Maharashtra City 2,4G,Postpaid,0.8
AIR100794,2023-08-30,Maharashtra,Maharashtra City 2,4G,Postpaid,1.5
AIR100795,2019-04-29,Rajasthan,Rajasthan City 2,5G,Prepaid,6
AIR100796,2020-04-30,Telangana,Telangana City 1,4G,Postpaid,5
AIR100797,2024-11-26,Kerala,Kerala City 3,4G,Prepaid,0.6
AIR100798,2021-10-28,Uttar Pradesh,Uttar Pradesh City 3,4G,Prepaid,3.7
AIR100799,2020-05-26,Telangana,Telangana City 2,5G,Broadband,5.2
AIR100800,2021-12-02,Rajasthan,Rajasthan City 1,4G,Broadband,3.8
AIR100801,2024-01-07,Tamil Nadu,Tamil Nadu City 1,4G,Prepaid,1.8
AIR100802,2019-05-12,Telangana,Telangana City 1,4G,Postpaid,6.5
AIR100803,2024-04-07,Gujarat,Gujarat City 2,4G,Postpaid,1.7
AIR100804,2023-12-21,Uttar Pradesh,Uttar Pradesh City 1,5G,Prepaid,1.2
AIR100805,2019-07-17,Rajasthan,Rajasthan City 1,4G,Prepaid,5.7
AIR100806,2019-08-08,Tamil Nadu,Tamil Nadu City 1,4G,Prepaid,5.7
AIR100807,2021-05-17,Delhi,Delhi City 3,5G,Postpaid,4
AIR100808,2024-11-11,Rajasthan,Rajasthan City 2,4G,Broadband,0.6
AIR100809,2022-08-08,Delhi,Delhi City 3,5G,Prepaid,2.9
AIR100810,2021-02-05,Uttar Pradesh,Uttar Pradesh City 3,4G,Postpaid,4.5
AIR100811,2022-12-16,Maharashtra,Maharashtra City 2,5G,Postpaid,2.7
AIR100812,2022-03-27,Rajasthan,Rajasthan City 3,5G,Postpaid,3.6
AIR100813,2019-09-14,Karnataka,Karnataka City 1,4G,Prepaid,6.2
AIR100814,2024-05-23,Delhi,Delhi City 1,5G,Postpaid,1.6
AIR100815,2024-05-09,Gujarat,Gujarat City 1,4G,Broadband,0.8
AIR100816,2023-07-26,Karnataka,Karnataka City 1,4G,Prepaid,1.6
AIR100817,2023-06-27,West Bengal,West Bengal City 2,4G,Prepaid,1.8
AIR100818,2020-09-28,West Bengal,West Bengal City 3,4G,Broadband,4.6
AIR100819,2024-10-15,Tamil Nadu,Tamil Nadu City 3,5G,Prepaid,0.7
AIR100820,2019-01-08,Maharashtra,Maharashtra City 1,4G,Broadband,6.5
AIR100821,2023-04-29,Uttar Pradesh,Uttar Pradesh City 1,5G,Prepaid,2.3
AIR100822,2019-05-15,Rajasthan,Rajasthan City 3,4G,Prepaid,6.3
AIR100823,2021-04-09,Kerala,Kerala City 2,4G,Prepaid,4.5
AIR100824,2019-01-25,Gujarat,Gujarat City 3,4G,Prepaid,6.8
AIR100825,2024-07-02,Delhi,Delhi City 1,4G,Prepaid,1.5
AIR100826,2020-01-09,Uttar Pradesh,Uttar Pradesh City 1,5G,Postpaid,5.1
AIR100827,2024-12-09,Karnataka,Karnataka City 2,5G,Prepaid,0.3
AIR100828,2021-02-10,West Bengal,West Bengal City 3,5G,Broadband,4.2
AIR100829,2024-04-20,Gujarat,Gujarat City 2,5G,Postpaid,1.1
AIR100830,2020-07-12,Kerala,Kerala City 2,4G,Postpaid,4.9
AIR100831,2022-05-17,Rajasthan,Rajasthan City 1,4G,Prepaid,3.2
AIR100832,2023-06-13,Tamil Nadu,Tamil Nadu City 3,5G,Postpaid,2.2
AIR100833,2021-08-11,Kerala,Kerala City 1,4G,Postpaid,4.1
AIR100834,2023-03-19,Gujarat,Gujarat City 3,4G,Prepaid,2.6
AIR100835,2021-06-26,Kerala,Kerala City 1,4G,Broadband,4.4
AIR100836,2023-08-08,Gujarat,Gujarat City 1,4G,Prepaid,2.4
AIR100837,2024-03-24,Gujarat,Gujarat City 3,4G,Prepaid,0.9
AIR100838,2023-04-07,Telangana,Telangana City 3,5G,Postpaid,1.9
AIR100839,2021-11-28,Delhi,Delhi City 1,4G,Postpaid,3.4
AIR100840,2024-01-05,West Bengal,West Bengal City 3,4G,Prepaid,1.4
AIR100841,2020-09-10,Telangana,Telangana City 1,4G,Broadband,4.8
AIR100842,2023-12-13,Rajasthan,Rajasthan City 3,5G,Postpaid,1.6
AIR100843,2024-03-24,Telangana,Telangana City 1,5G,Postpaid,1.4
AIR100844,2019-07-25,Maharashtra,Maharashtra City 1,5G,Prepaid,6.1
AIR100845,2020-08-05,Maharashtra,Maharashtra City 1,4G,Enterprise,5.2
AIR100846,2023-09-01,West Bengal,West Bengal City 2,5G,Prepaid,2.2
AIR100847,2020-11-27,Kerala,Kerala City 3,4G,Postpaid,5
AIR100848,2019-07-27,Delhi,Delhi City 1,5G,Prepaid,5.6
AIR100849,2020-02-09,West Bengal,West Bengal City 2,5G,Postpaid,5.1
AIR100850,2023-02-19,Gujarat,Gujarat City 1,4G,Prepaid,2.2
AIR100851,2021-05-16,Karnataka,Karnataka City 2,4G,Prepaid,4
AIR100852,2024-03-22,Delhi,Delhi City 1,4G,Broadband,1.2
AIR100853,2021-05-07,Delhi,Delhi City 1,4G,Prepaid,4.2
AIR100854,2025-01-05,Gujarat,Gujarat City 2,5G,Prepaid,0.6
AIR100855,2019-07-06,Gujarat,Gujarat City 2,5G,Postpaid,6.2
AIR100856,2019-01-20,Tamil Nadu,Tamil Nadu City 3,5G,Postpaid,6.7
AIR100857,2022-09-23,West Bengal,West Bengal City 3,4G,Prepaid,3.1
AIR100858,2019-03-08,Gujarat,Gujarat City 2,4G,Prepaid,6.8
AIR100859,2023-01-02,Maharashtra,Maharashtra City 3,4G,Enterprise,2.1
AIR100860,2021-02-24,Rajasthan,Rajasthan City 2,4G,Postpaid,4.1
AIR100861,2024-06-21,Karnataka,Karnataka City 3,4G,Prepaid,0.8
AIR100862,2024-11-02,West Bengal,West Bengal City 1,4G,Broadband,0.5
AIR100863,2022-11-30,Uttar Pradesh,Uttar Pradesh City 3,4G,Postpaid,2.5
AIR100864,2022-11-19,Maharashtra,Maharashtra City 1,5G,Prepaid,2.7
AIR100865,2023-03-28,Kerala,Kerala City 1,4G,Prepaid,2.4
AIR100866,2019-06-25,Gujarat,Gujarat City 3,5G,Prepaid,6.2
AIR100867,2019-12-25,Uttar Pradesh,Uttar Pradesh City 2,4G,Broadband,5.8
AIR100868,2023-04-12,Gujarat,Gujarat City 1,4G,Prepaid,2.6
AIR100869,2019-10-18,Delhi,Delhi City 1,5G,Prepaid,6.2
AIR100870,2024-12-17,Maharashtra,Maharashtra City 3,5G,Broadband,0.2
AIR100871,2020-04-23,Delhi,Delhi City 2,4G,Prepaid,4.9
AIR100872,2020-10-09,Tamil Nadu,Tamil Nadu City 2,4G,Postpaid,4.5
AIR100873,2019-09-21,Delhi,Delhi City 3,4G,Prepaid,5.6
AIR100874,2023-04-11,Tamil Nadu,Tamil Nadu City 2,4G,Postpaid,2.2
AIR100875,2022-01-09,Tamil Nadu,Tamil Nadu City 3,5G,Prepaid,3.5
AIR100876,2022-12-07,Uttar Pradesh,Uttar Pradesh City 3,4G,Prepaid,2.7
AIR100877,2024-06-28,Gujarat,Gujarat City 3,4G,Postpaid,1.2
AIR100878,2024-08-27,Kerala,Kerala City 1,5G,Postpaid,1.1
AIR100879,2021-06-26,Delhi,Delhi City 1,4G,Postpaid,4.4
AIR100880,2019-05-10,Maharashtra,Maharashtra City 1,4G,Postpaid,6.6
AIR100881,2021-07-26,Tamil Nadu,Tamil Nadu City 3,4G,Postpaid,3.6
AIR100882,2021-03-25,Gujarat,Gujarat City 1,4G,Postpaid,4
AIR100883,2023-10-20,Karnataka,Karnataka City 1,4G,Postpaid,1.5
AIR100884,2023-02-19,West Bengal,West Bengal City 1,4G,Postpaid,2.2
AIR100885,2019-01-15,Uttar Pradesh,Uttar Pradesh City 3,4G,Postpaid,6.4
AIR100886,2023-02-28,Kerala,Kerala City 3,5G,Postpaid,2.4
AIR100887,2024-07-30,Telangana,Telangana City 3,5G,Prepaid,1
AIR100888,2022-04-24,Uttar Pradesh,Uttar Pradesh City 1,4G,Prepaid,3.4
AIR100889,2021-10-03,Karnataka,Karnataka City 2,4G,Prepaid,4
AIR100890,2020-12-07,West Bengal,West Bengal City 1,4G,Broadband,4.9
AIR100891,2020-12-03,Karnataka,Karnataka City 1,4G,Postpaid,5
AIR100892,2021-01-15,Delhi,Delhi City 3,5G,Postpaid,4.1
AIR100893,2024-06-07,Tamil Nadu,Tamil Nadu City 3,4G,Prepaid,0.8
AIR100894,2019-02-05,Kerala,Kerala City 1,4G,Prepaid,6.2
AIR100895,2021-01-16,Rajasthan,Rajasthan City 1,4G,Broadband,4.3
AIR100896,2024-08-26,Tamil Nadu,Tamil Nadu City 2,4G,Broadband,0.8
AIR100897,2024-09-11,Rajasthan,Rajasthan City 2,4G,Prepaid,0.8
AIR100898,2022-11-04,West Bengal,West Bengal City 3,5G,Postpaid,2.8
AIR100899,2020-10-07,Gujarat,Gujarat City 2,5G,Prepaid,4.9
AIR100900,2021-05-05,Telangana,Telangana City 2,5G,Prepaid,4.4
AIR100901,2020-05-31,Maharashtra,Maharashtra City 3,5G,Postpaid,5.5
AIR100902,2021-03-08,Tamil Nadu,Tamil Nadu City 2,5G,Postpaid,4.8
AIR100903,2024-04-13,Kerala,Kerala City 1,4G,Postpaid,0.8
AIR100904,2020-04-29,Karnataka,Karnataka City 2,4G,Prepaid,4.9
AIR100905,2020-03-18,Kerala,Kerala City 3,5G,Prepaid,5.1
AIR100906,2023-07-12,West Bengal,West Bengal City 1,4G,Prepaid,1.8
AIR100907,2021-10-10,Rajasthan,Rajasthan City 2,4G,Prepaid,3.7
AIR100908,2021-08-20,Karnataka,Karnataka City 1,4G,Postpaid,3.9
AIR100909,2020-07-26,Maharashtra,Maharashtra City 1,4G,Prepaid,5.1
AIR100910,2019-12-24,Maharashtra,Maharashtra City 2,4G,Prepaid,5.7
AIR100911,2020-09-12,Tamil Nadu,Tamil Nadu City 2,4G,Prepaid,5.1
AIR100912,2024-03-18,West Bengal,West Bengal City 3,4G,Postpaid,1.7
AIR100913,2024-01-05,Gujarat,Gujarat City 3,5G,Postpaid,1.9
AIR100914,2021-03-16,West Bengal,West Bengal City 1,4G,Postpaid,3.9
AIR100915,2021-12-01,Rajasthan,Rajasthan City 3,5G,Prepaid,3.3
AIR100916,2021-03-26,Kerala,Kerala City 1,4G,Prepaid,4.1
AIR100917,2024-08-22,Maharashtra,Maharashtra City 1,4G,Prepaid,0.7
AIR100918,2023-06-13,Kerala,Kerala City 3,4G,Prepaid,2
AIR100919,2022-04-25,Kerala,Kerala City 3,4G,Prepaid,3.2
AIR100920,2022-09-21,Kerala,Kerala City 3,4G,Prepaid,2.9
AIR100921,2020-07-08,Maharashtra,Maharashtra City 2,5G,Postpaid,5.2
AIR100922,2023-11-05,Uttar Pradesh,Uttar Pradesh City 1,5G,Enterprise,1.9
AIR100923,2024-10-23,Delhi,Delhi City 1,5G,Prepaid,1.1
AIR100924,2021-04-04,Rajasthan,Rajasthan City 1,4G,Broadband,4.7
AIR100925,2022-03-18,Uttar Pradesh,Uttar Pradesh City 3,4G,Prepaid,2.9
AIR100926,2019-07-26,Rajasthan,Rajasthan City 3,4G,Postpaid,5.6
AIR100927,2022-06-18,Karnataka,Karnataka City 3,4G,Postpaid,2.8
AIR100928,2021-06-12,West Bengal,West Bengal City 3,4G,Broadband,3.9
AIR100929,2024-12-12,West Bengal,West Bengal City 3,4G,Prepaid,0.5
AIR100930,2021-01-06,Telangana,Telangana City 2,4G,Prepaid,4.5
AIR100931,2022-12-11,West Bengal,West Bengal City 3,4G,Prepaid,2.7
AIR100932,2019-10-15,Maharashtra,Maharashtra City 1,4G,Prepaid,5.9
AIR100933,2022-05-23,Gujarat,Gujarat City 3,4G,Broadband,3.4
AIR100934,2023-12-23,Tamil Nadu,Tamil Nadu City 1,4G,Postpaid,1.9
AIR100935,2021-02-05,Telangana,Telangana City 3,5G,Postpaid,4.9
AIR100936,2020-07-26,Tamil Nadu,Tamil Nadu City 3,4G,Postpaid,4.6
AIR100937,2020-01-03,Rajasthan,Rajasthan City 1,4G,Broadband,5.2
AIR100938,2022-11-25,Tamil Nadu,Tamil Nadu City 1,4G,Prepaid,2.4
AIR100939,2022-05-09,Tamil Nadu,Tamil Nadu City 1,4G,Prepaid,3
AIR100940,2024-10-11,Telangana,Telangana City 1,5G,Broadband,0.7
AIR100941,2020-10-07,Karnataka,Karnataka City 2,5G,Prepaid,4.8
AIR100942,2021-01-20,Kerala,Kerala City 1,4G,Prepaid,4.6
AIR100943,2019-12-27,West Bengal,West Bengal City 3,4G,Prepaid,5.7
AIR100944,2021-11-10,West Bengal,West Bengal City 3,5G,Postpaid,3.9
AIR100945,2021-07-29,Maharashtra,Maharashtra City 2,4G,Postpaid,4.3
AIR100946,2021-05-04,Telangana,Telangana City 1,5G,Prepaid,4.6
AIR100947,2024-09-24,Maharashtra,Maharashtra City 3,4G,Postpaid,0.4
AIR100948,2019-07-13,Gujarat,Gujarat City 2,4G,Postpaid,5.7
AIR100949,2021-12-16,Gujarat,Gujarat City 3,5G,Broadband,3.3
AIR100950,2023-04-27,Maharashtra,Maharashtra City 2,5G,Postpaid,2.1
AIR100951,2023-01-20,Telangana,Telangana City 2,5G,Postpaid,2.4
AIR100952,2019-11-29,Maharashtra,Maharashtra City 1,4G,Postpaid,5.6
AIR100953,2021-01-16,West Bengal,West Bengal City 2,4G,Prepaid,4.6
AIR100954,2021-05-15,Uttar Pradesh,Uttar Pradesh City 3,5G,Prepaid,4.3
AIR100955,2020-10-06,Delhi,Delhi City 3,4G,Postpaid,5
AIR100956,2023-03-17,Tamil Nadu,Tamil Nadu City 1,4G,Prepaid,2.7
AIR100957,2019-05-30,Delhi,Delhi City 1,5G,Prepaid,6.5
AIR100958,2023-07-16,Telangana,Telangana City 2,4G,Postpaid,1.6
AIR100959,2021-03-12,Delhi,Delhi City 1,4G,Prepaid,4
AIR100960,2021-05-31,Gujarat,Gujarat City 3,5G,Prepaid,3.9
AIR100961,2022-05-21,Rajasthan,Rajasthan City 3,5G,Postpaid,3
AIR100962,2023-08-03,Tamil Nadu,Tamil Nadu City 1,4G,Postpaid,1.9
AIR100963,2023-08-22,Kerala,Kerala City 1,4G,Broadband,1.9
AIR100964,2020-11-04,Telangana,Telangana City 1,5G,Postpaid,4.8
AIR100965,2022-09-22,Tamil Nadu,Tamil Nadu City 2,5G,Postpaid,3
AIR100966,2024-11-10,Delhi,Delhi City 2,5G,Prepaid,0.9
AIR100967,2024-12-02,Gujarat,Gujarat City 3,4G,Prepaid,1
AIR100968,2022-12-15,Karnataka,Karnataka City 2,4G,Prepaid,3
AIR100969,2024-11-30,Uttar Pradesh,Uttar Pradesh City 2,4G,Postpaid,0.2
AIR100970,2022-10-23,Kerala,Kerala City 2,5G,Postpaid,2.4
AIR100971,2021-12-19,Uttar Pradesh,Uttar Pradesh City 2,5G,Postpaid,3.3
AIR100972,2024-05-18,Tamil Nadu,Tamil Nadu City 3,4G,Postpaid,1
AIR100973,2023-12-29,Gujarat,Gujarat City 1,4G,Prepaid,1.5
AIR100974,2023-10-31,Gujarat,Gujarat City 3,4G,Postpaid,1.7
AIR100975,2020-12-24,Delhi,Delhi City 2,5G,Prepaid,4.6
AIR100976,2023-05-26,West Bengal,West Bengal City 1,4G,Prepaid,2.3
AIR100977,2023-11-06,Delhi,Delhi City 1,4G,Postpaid,1.9
AIR100978,2023-12-20,West Bengal,West Bengal City 1,4G,Enterprise,1.9
AIR100979,2020-03-24,West Bengal,West Bengal City 3,4G,Broadband,5.7
AIR100980,2023-08-30,Kerala,Kerala City 1,4G,Broadband,1.5
AIR100981,2019-07-14,Delhi,Delhi City 3,5G,Prepaid,5.7
AIR100982,2023-09-05,Karnataka,Karnataka City 3,5G,Prepaid,1.6
AIR100983,2022-05-03,Maharashtra,Maharashtra City 2,4G,Prepaid,3
AIR100984,2020-07-28,Maharashtra,Maharashtra City 2,4G,Prepaid,4.9
AIR100985,2023-10-25,Delhi,Delhi City 1,5G,Prepaid,1.7
AIR100986,2023-12-24,Delhi,Delhi City 1,4G,Postpaid,1.6
AIR100987,2024-02-28,Uttar Pradesh,Uttar Pradesh City 2,4G,Postpaid,1.5
AIR100988,2020-08-13,Kerala,Kerala City 3,5G,Broadband,5.2
AIR100989,2020-07-01,Delhi,Delhi City 3,5G,Broadband,5.4
AIR100990,2020-01-24,Uttar Pradesh,Uttar Pradesh City 2,5G,Prepaid,5.9
AIR100991,2022-12-29,West Bengal,West Bengal City 3,4G,Broadband,2.1
AIR100992,2023-10-19,Gujarat,Gujarat City 2,4G,Postpaid,1.4
AIR100993,2020-10-22,Gujarat,Gujarat City 2,4G,Postpaid,4.5
AIR100994,2023-02-28,West Bengal,West Bengal City 1,4G,Postpaid,2.2
AIR100995,2023-08-17,Telangana,Telangana City 1,5G,Prepaid,1.8
AIR100996,2020-06-17,Uttar Pradesh,Uttar Pradesh City 2,4G,Broadband,5.1
AIR100997,2019-10-24,Uttar Pradesh,Uttar Pradesh City 1,5G,Postpaid,5.8
AIR100998,2023-02-26,West Bengal,West Bengal City 2,4G,Broadband,2.6
AIR100999,2019-11-27,Karnataka,Karnataka City 3,4G,Enterprise,5.9
AIR101000,2021-05-04,Rajasthan,Rajasthan City 3,5G,Postpaid,4.5
AIR101001,2022-07-08,Tamil Nadu,Tamil Nadu City 3,4G,Prepaid,3.4
AIR101002,2021-12-14,West Bengal,West Bengal City 3,4G,Prepaid,3.2
AIR101003,2022-07-29,Delhi,Delhi City 2,4G,Prepaid,2.6
AIR101004,2021-05-24,Delhi,Delhi City 3,4G,Prepaid,3.9
AIR101005,2021-01-11,Kerala,Kerala City 3,4G,Broadband,4.3
AIR101006,2024-07-10,West Bengal,West Bengal City 3,4G,Prepaid,0.9
AIR101007,2023-05-05,Kerala,Kerala City 3,5G,Enterprise,2.2
AIR101008,2023-12-23,West Bengal,West Bengal City 2,5G,Postpaid,1.6
AIR101009,2025-01-02,Uttar Pradesh,Uttar Pradesh City 3,4G,Prepaid,0.7
AIR101010,2020-01-26,Tamil Nadu,Tamil Nadu City 1,4G,Postpaid,5.7
AIR101011,2020-01-08,Uttar Pradesh,Uttar Pradesh City 1,4G,Postpaid,5.9
AIR101012,2022-11-21,Rajasthan,Rajasthan City 1,4G,Postpaid,3.1
AIR101013,2021-07-19,Gujarat,Gujarat City 1,4G,Postpaid,3.6
AIR101014,2023-02-11,Maharashtra,Maharashtra City 1,5G,Prepaid,2.1
AIR101015,2021-01-15,West Bengal,West Bengal City 1,4G,Postpaid,4.2
AIR101016,2023-02-17,Rajasthan,Rajasthan City 2,5G,Postpaid,2.2
AIR101017,2023-11-06,Gujarat,Gujarat City 1,5G,Postpaid,1.6
AIR101018,2024-05-15,Telangana,Telangana City 3,5G,Broadband,1.2
AIR101019,2023-05-15,Tamil Nadu,Tamil Nadu City 1,4G,Prepaid,2.3
AIR101020,2020-11-15,Kerala,Kerala City 2,4G,Prepaid,4.8
AIR101021,2020-04-10,Kerala,Kerala City 1,5G,Postpaid,5.5
AIR101022,2024-08-31,Uttar Pradesh,Uttar Pradesh City 3,4G,Enterprise,1.2
AIR101023,2022-05-17,Delhi,Delhi City 3,5G,Prepaid,3.6
AIR101024,2023-05-06,Gujarat,Gujarat City 2,4G,Prepaid,1.8
AIR101025,2019-05-25,Telangana,Telangana City 2,4G,Prepaid,5.8
AIR101026,2023-12-13,Rajasthan,Rajasthan City 2,5G,Prepaid,1.3
AIR101027,2019-02-13,Tamil Nadu,Tamil Nadu City 2,5G,Prepaid,6.3
AIR101028,2019-04-17,Gujarat,Gujarat City 1,5G,Prepaid,6.2
AIR101029,2024-07-21,Telangana,Telangana City 1,5G,Postpaid,1
AIR101030,2019-05-30,Maharashtra,Maharashtra City 3,4G,Prepaid,6.2
AIR101031,2022-07-11,West Bengal,West Bengal City 2,4G,Prepaid,3.2
AIR101032,2019-04-20,Kerala,Kerala City 2,5G,Prepaid,6.5
AIR101033,2021-11-07,Rajasthan,Rajasthan City 1,4G,Broadband,4
AIR101034,2021-01-19,Kerala,Kerala City 2,5G,Postpaid,4.9
AIR101035,2020-12-24,Rajasthan,Rajasthan City 3,4G,Enterprise,4.1
AIR101036,2019-11-24,Uttar Pradesh,Uttar Pradesh City 3,4G,Postpaid,5.3
AIR101037,2021-05-11,Delhi,Delhi City 2,4G,Prepaid,3.9
AIR101038,2022-08-10,Rajasthan,Rajasthan City 3,4G,Prepaid,2.8
AIR101039,2022-12-07,Kerala,Kerala City 3,5G,Postpaid,2.5
AIR101040,2020-04-05,Uttar Pradesh,Uttar Pradesh City 1,5G,Postpaid,5.3
AIR101041,2022-01-09,Rajasthan,Rajasthan City 3,4G,Postpaid,3.6
AIR101042,2022-07-02,Maharashtra,Maharashtra City 2,4G,Postpaid,3.2
AIR101043,2021-01-13,Delhi,Delhi City 2,4G,Postpaid,4.8
AIR101044,2023-01-20,Rajasthan,Rajasthan City 3,4G,Prepaid,2.8
AIR101045,2021-06-16,Uttar Pradesh,Uttar Pradesh City 2,4G,Broadband,4.5
AIR101046,2020-03-18,Gujarat,Gujarat City 1,4G,Postpaid,4.9
AIR101047,2024-01-08,Karnataka,Karnataka City 3,4G,Prepaid,1.2
AIR101048,2021-06-04,Telangana,Telangana City 3,4G,Postpaid,3.9
AIR101049,2022-06-15,Karnataka,Karnataka City 3,4G,Postpaid,2.9
AIR101050,2019-09-18,Karnataka,Karnataka City 2,4G,Prepaid,5.7
AIR101051,2022-07-20,Tamil Nadu,Tamil Nadu City 2,4G,Prepaid,3
AIR101052,2019-10-07,Maharashtra,Maharashtra City 3,4G,Prepaid,5.9
AIR101053,2024-01-25,Gujarat,Gujarat City 2,4G,Prepaid,1.6
AIR101054,2019-06-01,West Bengal,West Bengal City 2,5G,Prepaid,6.4
AIR101055,2023-05-16,Rajasthan,Rajasthan City 3,4G,Prepaid,2.5
AIR101056,2023-07-30,Telangana,Telangana City 3,5G,Prepaid,2.4
AIR101057,2024-08-23,Delhi,Delhi City 2,4G,Prepaid,0.5
AIR101058,2023-03-15,Gujarat,Gujarat City 3,5G,Broadband,2
AIR101059,2023-04-15,Kerala,Kerala City 3,4G,Prepaid,2
AIR101060,2021-08-08,West Bengal,West Bengal City 3,5G,Prepaid,3.8
AIR101061,2022-09-03,Tamil Nadu,Tamil Nadu City 3,4G,Prepaid,2.8
AIR101062,2021-01-01,Tamil Nadu,Tamil Nadu City 2,5G,Postpaid,4.5
AIR101063,2019-08-26,Gujarat,Gujarat City 3,4G,Prepaid,6
AIR101064,2020-06-22,Uttar Pradesh,Uttar Pradesh City 1,4G,Prepaid,5.2
AIR101065,2021-02-07,Karnataka,Karnataka City 3,5G,Prepaid,4.7
AIR101066,2024-10-22,Kerala,Kerala City 1,4G,Enterprise,1.1
AIR101067,2022-12-28,Tamil Nadu,Tamil Nadu City 3,5G,Postpaid,3
AIR101068,2023-10-01,Telangana,Telangana City 1,4G,Prepaid,1.4
AIR101069,2019-10-23,Tamil Nadu,Tamil Nadu City 1,4G,Prepaid,5.4
AIR101070,2019-01-14,Delhi,Delhi City 3,5G,Prepaid,6.3
AIR101071,2020-09-03,Rajasthan,Rajasthan City 3,4G,Prepaid,4.7
AIR101072,2020-01-30,Tamil Nadu,Tamil Nadu City 3,4G,Postpaid,5.4
AIR101073,2019-07-10,Delhi,Delhi City 1,5G,Postpaid,6
AIR101074,2024-03-12,Gujarat,Gujarat City 2,5G,Postpaid,1.4
AIR101075,2024-11-23,Gujarat,Gujarat City 2,5G,Prepaid,0.8
AIR101076,2019-01-07,West Bengal,West Bengal City 3,4G,Postpaid,6.8
AIR101077,2022-01-09,Tamil Nadu,Tamil Nadu City 2,4G,Prepaid,3.8
AIR101078,2024-07-28,Telangana,Telangana City 2,4G,Prepaid,1.4
AIR101079,2020-10-13,Tamil Nadu,Tamil Nadu City 3,4G,Postpaid,4.3
AIR101080,2022-10-12,Telangana,Telangana City 1,5G,Prepaid,2.4
AIR101081,2022-08-27,Maharashtra,Maharashtra City 3,4G,Postpaid,2.6
AIR101082,2021-03-12,West Bengal,West Bengal City 2,4G,Broadband,4.2
AIR101083,2020-03-24,Maharashtra,Maharashtra City 1,4G,Prepaid,5.2
AIR101084,2024-10-22,Tamil Nadu,Tamil Nadu City 2,5G,Broadband,0.7
AIR101085,2024-06-07,West Bengal,West Bengal City 1,5G,Prepaid,1.2
AIR101086,2019-02-14,Maharashtra,Maharashtra City 2,4G,Prepaid,6.6
AIR101087,2023-04-02,Karnataka,Karnataka City 3,4G,Postpaid,2.5
AIR101088,2023-01-20,Tamil Nadu,Tamil Nadu City 2,5G,Postpaid,2.8
AIR101089,2024-07-15,Maharashtra,Maharashtra City 2,4G,Prepaid,1.4
AIR101090,2020-07-28,Karnataka,Karnataka City 1,4G,Postpaid,4.6
AIR101091,2022-12-01,Karnataka,Karnataka City 2,4G,Enterprise,2.3
AIR101092,2019-04-03,Gujarat,Gujarat City 3,4G,Prepaid,6
AIR101093,2020-08-26,Tamil Nadu,Tamil Nadu City 3,4G,Broadband,4.7
AIR101094,2019-11-23,Karnataka,Karnataka City 3,5G,Postpaid,5.6
AIR101095,2024-02-10,Gujarat,Gujarat City 1,4G,Broadband,1.4
AIR101096,2024-01-21,Maharashtra,Maharashtra City 1,4G,Prepaid,1.6
AIR101097,2020-08-13,Delhi,Delhi City 2,5G,Postpaid,5.1
AIR101098,2022-12-09,Tamil Nadu,Tamil Nadu City 2,5G,Prepaid,2.9
AIR101099,2021-04-30,West Bengal,West Bengal City 2,4G,Broadband,4.5
AIR101100,2020-03-15,Telangana,Telangana City 1,4G,Postpaid,5.8
AIR101101,2019-11-24,Telangana,Telangana City 1,4G,Prepaid,5.2
AIR101102,2022-07-04,Maharashtra,Maharashtra City 2,4G,Prepaid,2.7
AIR101103,2023-07-24,Uttar Pradesh,Uttar Pradesh City 1,4G,Broadband,1.7
AIR101104,2023-04-27,Uttar Pradesh,Uttar Pradesh City 1,4G,Postpaid,2.1
AIR101105,2022-01-02,Maharashtra,Maharashtra City 3,4G,Prepaid,3.4
AIR101106,2022-06-11,Karnataka,Karnataka City 3,4G,Prepaid,3.1
AIR101107,2023-03-25,Tamil Nadu,Tamil Nadu City 2,4G,Broadband,2.4
AIR101108,2024-03-20,Telangana,Telangana City 2,4G,Prepaid,1.5
AIR101109,2023-04-16,Telangana,Telangana City 3,4G,Prepaid,2.5
AIR101110,2023-12-21,Karnataka,Karnataka City 1,4G,Broadband,1.9
AIR101111,2022-12-21,Telangana,Telangana City 2,4G,Prepaid,3
AIR101112,2024-08-09,West Bengal,West Bengal City 2,4G,Prepaid,0.5
AIR101113,2021-01-13,Tamil Nadu,Tamil Nadu City 2,4G,Prepaid,4.2
AIR101114,2021-03-21,Rajasthan,Rajasthan City 1,4G,Broadband,4.1
AIR101115,2023-10-19,Telangana,Telangana City 3,4G,Prepaid,1.6
AIR101116,2019-06-23,Maharashtra,Maharashtra City 2,5G,Postpaid,6
AIR101117,2022-01-03,West Bengal,West Bengal City 3,5G,Broadband,3.5
AIR101118,2022-01-27,Telangana,Telangana City 3,4G,Prepaid,3.5
AIR101119,2024-08-04,West Bengal,West Bengal City 1,5G,Broadband,1.1
AIR101120,2022-06-10,Gujarat,Gujarat City 1,4G,Prepaid,3.3
AIR101121,2024-12-16,Rajasthan,Rajasthan City 1,4G,Postpaid,0.9
AIR101122,2019-08-24,Kerala,Kerala City 1,5G,Prepaid,6.3
AIR101123,2024-02-11,Maharashtra,Maharashtra City 1,4G,Postpaid,1
AIR101124,2021-01-11,Maharashtra,Maharashtra City 1,5G,Prepaid,4.2
AIR101125,2023-08-20,Tamil Nadu,Tamil Nadu City 2,4G,Prepaid,1.7
AIR101126,2019-10-18,West Bengal,West Bengal City 3,4G,Broadband,5.6
AIR101127,2022-11-19,Karnataka,Karnataka City 1,4G,Prepaid,2.6
AIR101128,2023-02-06,Maharashtra,Maharashtra City 2,4G,Broadband,2.4
AIR101129,2024-12-26,West Bengal,West Bengal City 3,4G,Prepaid,0.6
AIR101130,2022-04-29,West Bengal,West Bengal City 1,4G,Prepaid,3.4
AIR101131,2024-06-11,Delhi,Delhi City 1,4G,Broadband,1.3
AIR101132,2020-07-21,Delhi,Delhi City 2,5G,Prepaid,5.3
AIR101133,2023-03-23,Kerala,Kerala City 3,5G,Broadband,2.7
AIR101134,2021-12-10,Gujarat,Gujarat City 1,4G,Postpaid,3.2
AIR101135,2019-11-05,Kerala,Kerala City 3,4G,Prepaid,5.4
AIR101136,2024-11-08,Telangana,Telangana City 2,5G,Postpaid,0.4
AIR101137,2025-01-05,Karnataka,Karnataka City 1,4G,Prepaid,0.4
AIR101138,2020-04-06,Telangana,Telangana City 3,4G,Prepaid,5.2
AIR101139,2020-09-26,Uttar Pradesh,Uttar Pradesh City 2,4G,Postpaid,4.8
AIR101140,2020-09-28,Telangana,Telangana City 2,5G,Prepaid,4.9
AIR101141,2020-10-07,Tamil Nadu,Tamil Nadu City 1,4G,Prepaid,4.9
AIR101142,2020-06-01,Telangana,Telangana City 3,4G,Broadband,5.4
AIR101143,2024-04-02,Kerala,Kerala City 1,4G,Broadband,1.6
AIR101144,2022-10-28,Maharashtra,Maharashtra City 1,4G,Postpaid,3.1
AIR101145,2019-07-09,Maharashtra,Maharashtra City 3,4G,Postpaid,5.6
AIR101146,2019-03-20,Delhi,Delhi City 3,4G,Postpaid,6
AIR101147,2023-04-20,Karnataka,Karnataka City 3,4G,Postpaid,2
AIR101148,2021-03-26,Karnataka,Karnataka City 2,4G,Prepaid,4.1
AIR101149,2024-03-20,Tamil Nadu,Tamil Nadu City 2,4G,Enterprise,1.2
AIR101150,2019-03-13,Kerala,Kerala City 3,5G,Prepaid,6.3
AIR101151,2024-09-21,Delhi,Delhi City 2,5G,Postpaid,0.9
AIR101152,2021-03-13,Uttar Pradesh,Uttar Pradesh City 1,4G,Broadband,4.5
AIR101153,2022-02-03,Karnataka,Karnataka City 3,4G,Postpaid,3.7
AIR101154,2023-08-22,Maharashtra,Maharashtra City 1,4G,Broadband,2.2
AIR101155,2024-08-17,Telangana,Telangana City 3,4G,Prepaid,1.3
AIR101156,2023-12-03,Telangana,Telangana City 1,5G,Prepaid,1.2
AIR101157,2024-10-28,Delhi,Delhi City 3,4G,Broadband,0.4
AIR101158,2020-11-19,Kerala,Kerala City 1,4G,Prepaid,4.4
AIR101159,2020-07-29,Kerala,Kerala City 3,5G,Postpaid,4.8
AIR101160,2021-06-18,Gujarat,Gujarat City 3,5G,Prepaid,4
AIR101161,2022-02-10,Rajasthan,Rajasthan City 2,4G,Postpaid,3.4
AIR101162,2024-03-20,Karnataka,Karnataka City 1,4G,Postpaid,1.4
AIR101163,2020-12-20,Kerala,Kerala City 2,4G,Prepaid,4.7
AIR101164,2019-08-14,Maharashtra,Maharashtra City 1,5G,Postpaid,6.2
AIR101165,2022-09-18,Delhi,Delhi City 2,5G,Postpaid,3.2
AIR101166,2022-12-11,Uttar Pradesh,Uttar Pradesh City 3,4G,Prepaid,3
AIR101167,2020-06-28,Gujarat,Gujarat City 2,4G,Postpaid,4.6
AIR101168,2024-07-10,West Bengal,West Bengal City 2,4G,Postpaid,0.7
AIR101169,2020-02-23,Tamil Nadu,Tamil Nadu City 3,4G,Prepaid,5.1
AIR101170,2021-11-17,Uttar Pradesh,Uttar Pradesh City 2,4G,Postpaid,3.5
AIR101171,2020-08-31,West Bengal,West Bengal City 3,4G,Prepaid,4.8
AIR101172,2019-03-28,Telangana,Telangana City 1,4G,Prepaid,6.3
AIR101173,2024-12-07,Tamil Nadu,Tamil Nadu City 2,5G,Postpaid,0.7
AIR101174,2020-12-13,Karnataka,Karnataka City 3,4G,Postpaid,4.8
AIR101175,2024-08-24,Maharashtra,Maharashtra City 3,4G,Broadband,1.1
AIR101176,2022-07-01,Tamil Nadu,Tamil Nadu City 2,4G,Prepaid,3.4
AIR101177,2020-06-03,Rajasthan,Rajasthan City 1,5G,Prepaid,5.5
AIR101178,2024-05-28,West Bengal,West Bengal City 2,4G,Prepaid,0.7
AIR101179,2020-01-22,Karnataka,Karnataka City 3,5G,Postpaid,5.1
AIR101180,2019-01-14,Rajasthan,Rajasthan City 1,4G,Prepaid,6.3
AIR101181,2019-04-01,Telangana,Telangana City 2,5G,Postpaid,6.1
AIR101182,2019-01-04,Rajasthan,Rajasthan City 3,5G,Prepaid,6.4
AIR101183,2021-03-06,Gujarat,Gujarat City 2,4G,Broadband,4.4
AIR101184,2019-08-04,Gujarat,Gujarat City 1,5G,Postpaid,6
AIR101185,2022-03-28,Delhi,Delhi City 1,4G,Broadband,3.5
AIR101186,2023-05-22,Uttar Pradesh,Uttar Pradesh City 1,4G,Prepaid,2.4
AIR101187,2023-10-24,Uttar Pradesh,Uttar Pradesh City 1,4G,Postpaid,2.1
AIR101188,2020-12-04,Karnataka,Karnataka City 1,4G,Postpaid,5
AIR101189,2020-12-31,Telangana,Telangana City 2,5G,Postpaid,4.1
AIR101190,2024-08-26,Kerala,Kerala City 1,5G,Prepaid,0.6
AIR101191,2023-07-01,Gujarat,Gujarat City 1,4G,Enterprise,1.8
AIR101192,2023-01-29,Karnataka,Karnataka City 3,4G,Prepaid,2.3
AIR101193,2023-10-29,Kerala,Kerala City 1,4G,Prepaid,1.6
AIR101194,2022-01-09,Uttar Pradesh,Uttar Pradesh City 3,4G,Postpaid,3.5
AIR101195,2023-08-23,Delhi,Delhi City 3,4G,Postpaid,2
AIR101196,2022-10-18,Rajasthan,Rajasthan City 3,5G,Postpaid,2.9
AIR101197,2020-11-27,Gujarat,Gujarat City 2,4G,Prepaid,4.9
AIR101198,2022-04-12,Karnataka,Karnataka City 2,4G,Prepaid,3.6
AIR101199,2021-09-14,Tamil Nadu,Tamil Nadu City 3,5G,Postpaid,4.3
AIR101200,2021-10-10,Kerala,Kerala City 2,4G,Prepaid,3.4
AIR101201,2022-06-15,Rajasthan,Rajasthan City 1,4G,Broadband,2.7
AIR101202,2023-06-30,Gujarat,Gujarat City 2,4G,Broadband,1.8
AIR101203,2020-09-21,Uttar Pradesh,Uttar Pradesh City 1,4G,Postpaid,4.6
AIR101204,2022-06-09,Telangana,Telangana City 1,5G,Prepaid,3
AIR101205,2020-08-10,Kerala,Kerala City 2,4G,Broadband,4.9
AIR101206,2023-03-21,Uttar Pradesh,Uttar Pradesh City 2,4G,Prepaid,2.4
AIR101207,2021-03-04,Gujarat,Gujarat City 3,4G,Prepaid,4.5
AIR101208,2022-06-13,Kerala,Kerala City 2,4G,Prepaid,3.3
AIR101209,2023-04-17,Rajasthan,Rajasthan City 2,5G,Prepaid,2.6
AIR101210,2024-07-13,Gujarat,Gujarat City 2,5G,Broadband,1.4
AIR101211,2019-04-29,West Bengal,West Bengal City 1,5G,Postpaid,5.8
AIR101212,2022-04-28,Karnataka,Karnataka City 1,4G,Enterprise,2.9
AIR101213,2020-09-05,Rajasthan,Rajasthan City 1,4G,Prepaid,4.6
AIR101214,2020-04-30,Kerala,Kerala City 3,4G,Postpaid,5
AIR101215,2024-06-19,Telangana,Telangana City 3,4G,Enterprise,1
AIR101216,2022-01-07,Uttar Pradesh,Uttar Pradesh City 3,4G,Broadband,3.5
AIR101217,2019-11-18,Tamil Nadu,Tamil Nadu City 1,4G,Postpaid,5.7
AIR101218,2019-05-19,Uttar Pradesh,Uttar Pradesh City 2,5G,Prepaid,6.3
AIR101219,2022-07-13,Kerala,Kerala City 3,4G,Postpaid,3.3
AIR101220,2019-08-12,Uttar Pradesh,Uttar Pradesh City 3,4G,Prepaid,6.3
AIR101221,2020-07-25,Karnataka,Karnataka City 1,4G,Postpaid,5.4
AIR101222,2023-05-03,Gujarat,Gujarat City 3,4G,Postpaid,1.8
AIR101223,2021-03-19,Tamil Nadu,Tamil Nadu City 2,4G,Postpaid,4
AIR101224,2021-09-13,Maharashtra,Maharashtra City 1,4G,Postpaid,3.6
AIR101225,2024-03-29,Kerala,Kerala City 1,4G,Postpaid,1.1
AIR101226,2021-10-20,Delhi,Delhi City 2,4G,Prepaid,3.7
AIR101227,2023-03-24,Maharashtra,Maharashtra City 2,5G,Postpaid,2.3
AIR101228,2022-06-26,Uttar Pradesh,Uttar Pradesh City 2,4G,Postpaid,3.1
AIR101229,2023-11-15,Kerala,Kerala City 3,5G,Prepaid,1.8
AIR101230,2023-08-28,West Bengal,West Bengal City 2,4G,Prepaid,2.1
AIR101231,2019-09-06,Delhi,Delhi City 1,4G,Prepaid,6.2
AIR101232,2023-12-23,Tamil Nadu,Tamil Nadu City 2,5G,Prepaid,2
AIR101233,2021-10-20,Telangana,Telangana City 1,4G,Enterprise,3.3
AIR101234,2024-08-24,West Bengal,West Bengal City 1,4G,Prepaid,0.6
AIR101235,2021-04-05,Maharashtra,Maharashtra City 3,5G,Postpaid,4
AIR101236,2020-06-20,Gujarat,Gujarat City 2,4G,Postpaid,4.9
AIR101237,2020-05-06,Karnataka,Karnataka City 3,4G,Prepaid,5.1
AIR101238,2024-02-03,Telangana,Telangana City 2,4G,Broadband,1.4
AIR101239,2024-12-04,West Bengal,West Bengal City 2,5G,Prepaid,0.7
AIR101240,2020-08-14,Gujarat,Gujarat City 2,5G,Broadband,5.1
AIR101241,2023-02-01,Gujarat,Gujarat City 2,4G,Prepaid,2.7
AIR101242,2021-08-05,Kerala,Kerala City 2,4G,Prepaid,4.3
AIR101243,2023-04-25,West Bengal,West Bengal City 1,4G,Prepaid,2.6
AIR101244,2020-11-13,Tamil Nadu,Tamil Nadu City 1,4G,Prepaid,4.3
AIR101245,2020-09-20,Uttar Pradesh,Uttar Pradesh City 2,4G,Broadband,4.5
AIR101246,2023-09-16,Delhi,Delhi City 1,4G,Prepaid,1.6
AIR101247,2020-08-15,Delhi,Delhi City 3,4G,Postpaid,4.7
AIR101248,2020-01-22,Maharashtra,Maharashtra City 3,4G,Prepaid,5.4
AIR101249,2023-05-26,Maharashtra,Maharashtra City 3,5G,Broadband,2.1
AIR101250,2020-10-13,Delhi,Delhi City 2,4G,Postpaid,4.8
AIR101251,2019-04-11,Tamil Nadu,Tamil Nadu City 2,4G,Postpaid,6.4
AIR101252,2021-12-29,Karnataka,Karnataka City 1,4G,Prepaid,3.8
AIR101253,2022-04-12,Rajasthan,Rajasthan City 1,5G,Postpaid,3.6
AIR101254,2020-03-08,Uttar Pradesh,Uttar Pradesh City 1,5G,Prepaid,5.8
AIR101255,2022-05-23,Karnataka,Karnataka City 3,5G,Prepaid,2.7
AIR101256,2020-06-20,Kerala,Kerala City 3,4G,Postpaid,4.7
AIR101257,2020-08-23,Rajasthan,Rajasthan City 3,5G,Enterprise,4.6
AIR101258,2023-07-25,Rajasthan,Rajasthan City 3,4G,Broadband,1.8
AIR101259,2019-11-15,West Bengal,West Bengal City 1,4G,Postpaid,5.6
AIR101260,2021-04-25,Tamil Nadu,Tamil Nadu City 2,4G,Postpaid,4.2
AIR101261,2024-02-06,Tamil Nadu,Tamil Nadu City 2,5G,Enterprise,1.5
AIR101262,2023-03-08,Rajasthan,Rajasthan City 3,5G,Postpaid,2.5
AIR101263,2019-03-12,West Bengal,West Bengal City 2,5G,Prepaid,6.6
AIR101264,2022-02-26,Uttar Pradesh,Uttar Pradesh City 2,5G,Broadband,3.7
AIR101265,2020-03-19,Rajasthan,Rajasthan City 2,4G,Prepaid,5.7
AIR101266,2020-08-21,Telangana,Telangana City 3,4G,Prepaid,4.5
AIR101267,2020-01-22,Maharashtra,Maharashtra City 1,4G,Postpaid,5.1
AIR101268,2024-08-27,Maharashtra,Maharashtra City 1,5G,Prepaid,0.6
AIR101269,2023-04-28,Karnataka,Karnataka City 2,4G,Prepaid,2
AIR101270,2022-01-04,Kerala,Kerala City 1,5G,Prepaid,3.4
AIR101271,2024-02-13,Maharashtra,Maharashtra City 1,4G,Postpaid,1.4
AIR101272,2020-07-06,Gujarat,Gujarat City 3,4G,Enterprise,5.1
AIR101273,2024-07-04,Karnataka,Karnataka City 3,4G,Prepaid,1.2
AIR101274,2022-10-20,Maharashtra,Maharashtra City 2,4G,Prepaid,3
AIR101275,2019-10-07,Kerala,Kerala City 2,5G,Prepaid,6.1
AIR101276,2021-02-09,Tamil Nadu,Tamil Nadu City 2,4G,Postpaid,4.8
AIR101277,2023-01-06,Tamil Nadu,Tamil Nadu City 3,4G,Postpaid,2.1
AIR101278,2021-08-11,Uttar Pradesh,Uttar Pradesh City 1,4G,Postpaid,3.6
AIR101279,2019-11-25,Rajasthan,Rajasthan City 3,4G,Prepaid,5.4
AIR101280,2023-04-09,Telangana,Telangana City 3,4G,Postpaid,2.1
AIR101281,2019-04-19,Tamil Nadu,Tamil Nadu City 1,4G,Postpaid,6.2
AIR101282,2019-12-25,West Bengal,West Bengal City 1,5G,Prepaid,5.6
AIR101283,2021-08-13,Maharashtra,Maharashtra City 2,4G,Prepaid,4
AIR101284,2019-11-14,West Bengal,West Bengal City 1,4G,Prepaid,5.8
AIR101285,2019-12-07,Kerala,Kerala City 1,4G,Enterprise,5.9
AIR101286,2022-09-02,Tamil Nadu,Tamil Nadu City 1,4G,Broadband,3.2
AIR101287,2019-12-15,Telangana,Telangana City 1,4G,Postpaid,6
AIR101288,2024-09-05,Kerala,Kerala City 2,4G,Broadband,0.4
AIR101289,2020-09-29,Gujarat,Gujarat City 2,4G,Postpaid,4.5
AIR101290,2020-02-05,Gujarat,Gujarat City 1,4G,Broadband,5.2
AIR101291,2023-05-02,West Bengal,West Bengal City 1,4G,Prepaid,2
AIR101292,2020-01-03,Rajasthan,Rajasthan City 2,5G,Postpaid,5.4
AIR101293,2022-10-20,Karnataka,Karnataka City 2,5G,Postpaid,2.7
AIR101294,2021-06-22,Rajasthan,Rajasthan City 1,4G,Postpaid,4.1
AIR101295,2022-01-01,Uttar Pradesh,Uttar Pradesh City 3,4G,Prepaid,3.7
AIR101296,2019-07-05,Rajasthan,Rajasthan City 2,4G,Prepaid,6.3
AIR101297,2020-08-16,Uttar Pradesh,Uttar Pradesh City 2,4G,Prepaid,5.2
AIR101298,2023-04-15,Uttar Pradesh,Uttar Pradesh City 2,5G,Prepaid,2.7
AIR101299,2021-03-03,Telangana,Telangana City 1,5G,Prepaid,4
AIR101300,2019-12-21,Tamil Nadu,Tamil Nadu City 1,4G,Postpaid,5.2
AIR101301,2019-04-16,Telangana,Telangana City 2,4G,Broadband,6
AIR101302,2020-02-22,Uttar Pradesh,Uttar Pradesh City 1,4G,Postpaid,5.2
AIR101303,2020-10-03,Kerala,Kerala City 1,4G,Broadband,4.7
AIR101304,2020-07-18,Gujarat,Gujarat City 2,5G,Broadband,5
AIR101305,2022-07-26,Uttar Pradesh,Uttar Pradesh City 1,4G,Prepaid,3.1
AIR101306,2023-10-17,Telangana,Telangana City 3,4G,Prepaid,1.9
AIR101307,2019-09-15,Kerala,Kerala City 1,4G,Prepaid,6.1
AIR101308,2023-05-15,Telangana,Telangana City 1,4G,Broadband,2.5
AIR101309,2024-10-26,Rajasthan,Rajasthan City 2,4G,Prepaid,1.1
AIR101310,2021-11-12,Maharashtra,Maharashtra City 2,4G,Postpaid,3.3
AIR101311,2023-06-29,West Bengal,West Bengal City 3,4G,Prepaid,1.7
AIR101312,2023-09-08,Karnataka,Karnataka City 1,5G,Broadband,1.6
AIR101313,2019-02-18,Telangana,Telangana City 3,5G,Prepaid,6.2
AIR101314,2019-06-17,Karnataka,Karnataka City 3,4G,Broadband,6
AIR101315,2024-01-28,Delhi,Delhi City 2,5G,Prepaid,1.5
AIR101316,2024-08-30,Telangana,Telangana City 1,4G,Prepaid,1
AIR101317,2020-01-27,Maharashtra,Maharashtra City 2,5G,Postpaid,5.6
AIR101318,2022-02-02,Karnataka,Karnataka City 3,5G,Enterprise,3.7
AIR101319,2023-07-15,Uttar Pradesh,Uttar Pradesh City 3,4G,Postpaid,2.3
AIR101320,2023-09-24,Telangana,Telangana City 2,5G,Broadband,2.2
AIR101321,2022-12-20,Tamil Nadu,Tamil Nadu City 2,4G,Postpaid,2.2
AIR101322,2019-08-17,West Bengal,West Bengal City 2,4G,Postpaid,5.6
AIR101323,2024-07-24,Maharashtra,Maharashtra City 2,4G,Prepaid,0.7
AIR101324,2019-12-18,Karnataka,Karnataka City 2,5G,Prepaid,5.4
AIR101325,2019-08-22,Maharashtra,Maharashtra City 3,5G,Prepaid,5.8
AIR101326,2019-09-23,Kerala,Kerala City 2,4G,Enterprise,5.8
AIR101327,2021-05-07,West Bengal,West Bengal City 1,4G,Enterprise,4.3
AIR101328,2020-05-13,Uttar Pradesh,Uttar Pradesh City 3,4G,Postpaid,5.3
AIR101329,2021-05-26,Telangana,Telangana City 3,5G,Prepaid,4.4
AIR101330,2019-04-09,Telangana,Telangana City 1,4G,Prepaid,6.6
AIR101331,2023-07-03,Telangana,Telangana City 1,5G,Enterprise,2.5
AIR101332,2022-11-12,West Bengal,West Bengal City 3,4G,Prepaid,2.3
AIR101333,2020-06-07,Tamil Nadu,Tamil Nadu City 2,4G,Broadband,4.8
AIR101334,2024-12-05,Delhi,Delhi City 3,4G,Prepaid,0.4
AIR101335,2021-05-05,Gujarat,Gujarat City 3,5G,Prepaid,4
AIR101336,2022-12-03,Rajasthan,Rajasthan City 1,4G,Broadband,2.5
AIR101337,2020-04-25,Karnataka,Karnataka City 3,5G,Prepaid,5.2
AIR101338,2023-07-24,Tamil Nadu,Tamil Nadu City 2,4G,Prepaid,2.1
AIR101339,2019-11-25,Uttar Pradesh,Uttar Pradesh City 1,4G,Enterprise,5.8
AIR101340,2024-05-31,Karnataka,Karnataka City 3,5G,Postpaid,1.4
AIR101341,2020-02-21,Telangana,Telangana City 3,5G,Postpaid,5.7
AIR101342,2021-08-02,Maharashtra,Maharashtra City 2,5G,Postpaid,4.4
AIR101343,2024-08-14,Uttar Pradesh,Uttar Pradesh City 3,4G,Prepaid,0.5
AIR101344,2021-09-06,Karnataka,Karnataka City 3,4G,Prepaid,3.5
AIR101345,2023-07-15,Telangana,Telangana City 3,4G,Postpaid,1.8
AIR101346,2022-12-22,Karnataka,Karnataka City 3,4G,Prepaid,2.4
AIR101347,2022-06-04,Maharashtra,Maharashtra City 2,5G,Prepaid,3
AIR101348,2023-08-05,Telangana,Telangana City 3,4G,Postpaid,1.9
AIR101349,2023-05-06,Delhi,Delhi City 3,4G,Prepaid,2.3
AIR101350,2020-01-25,Tamil Nadu,Tamil Nadu City 3,4G,Postpaid,5.6
AIR101351,2021-04-29,Kerala,Kerala City 1,4G,Prepaid,4.5
AIR101352,2021-03-29,Rajasthan,Rajasthan City 2,4G,Prepaid,4.6
AIR101353,2019-01-12,West Bengal,West Bengal City 1,4G,Prepaid,6.9
AIR101354,2024-12-16,Rajasthan,Rajasthan City 1,4G,Broadband,0.2
AIR101355,2019-01-11,Uttar Pradesh,Uttar Pradesh City 2,4G,Prepaid,6.2
AIR101356,2020-05-04,Rajasthan,Rajasthan City 1,5G,Postpaid,4.9
AIR101357,2024-08-18,Telangana,Telangana City 1,4G,Postpaid,0.7
AIR101358,2022-02-20,Delhi,Delhi City 1,4G,Prepaid,3.3
AIR101359,2021-03-22,Kerala,Kerala City 2,5G,Postpaid,4.3
AIR101360,2019-02-25,Tamil Nadu,Tamil Nadu City 3,5G,Broadband,6.5
AIR101361,2020-12-08,Tamil Nadu,Tamil Nadu City 2,5G,Postpaid,4.8
AIR101362,2021-10-06,Maharashtra,Maharashtra City 2,5G,Prepaid,4
AIR101363,2019-01-23,West Bengal,West Bengal City 2,4G,Postpaid,6.8
AIR101364,2021-02-10,Karnataka,Karnataka City 1,5G,Postpaid,4.8
AIR101365,2019-08-19,Delhi,Delhi City 3,4G,Prepaid,5.5
AIR101366,2019-07-29,Karnataka,Karnataka City 2,4G,Prepaid,5.6
AIR101367,2022-03-31,Kerala,Kerala City 2,5G,Prepaid,3
AIR101368,2022-11-01,Rajasthan,Rajasthan City 3,4G,Prepaid,2.5
AIR101369,2022-04-08,Tamil Nadu,Tamil Nadu City 3,5G,Prepaid,3.2
AIR101370,2021-06-17,Kerala,Kerala City 3,5G,Postpaid,4.1
AIR101371,2023-02-06,Rajasthan,Rajasthan City 1,4G,Prepaid,2.5
AIR101372,2022-06-04,Tamil Nadu,Tamil Nadu City 3,5G,Broadband,3.3
AIR101373,2021-05-22,Rajasthan,Rajasthan City 1,4G,Postpaid,4.4
AIR101374,2023-04-28,West Bengal,West Bengal City 2,4G,Broadband,2.6
AIR101375,2020-04-19,Delhi,Delhi City 1,5G,Postpaid,5.7
AIR101376,2019-07-14,Uttar Pradesh,Uttar Pradesh City 3,4G,Prepaid,5.6
AIR101377,2021-11-01,Kerala,Kerala City 1,5G,Postpaid,3.4
AIR101378,2024-06-29,Kerala,Kerala City 3,4G,Broadband,0.8
AIR101379,2020-06-12,Gujarat,Gujarat City 1,4G,Prepaid,4.9
AIR101380,2019-09-28,Telangana,Telangana City 2,5G,Prepaid,5.7
AIR101381,2023-04-30,West Bengal,West Bengal City 1,4G,Prepaid,2.2
AIR101382,2024-04-05,West Bengal,West Bengal City 2,4G,Prepaid,1.4
AIR101383,2024-10-13,Karnataka,Karnataka City 3,4G,Prepaid,0.9
AIR101384,2023-12-27,Rajasthan,Rajasthan City 2,5G,Prepaid,1.8
AIR101385,2020-05-04,Telangana,Telangana City 3,4G,Prepaid,5.5
AIR101386,2019-12-28,Delhi,Delhi City 3,5G,Postpaid,6
AIR101387,2021-09-21,Delhi,Delhi City 2,4G,Prepaid,3.4
AIR101388,2021-02-07,West Bengal,West Bengal City 2,4G,Postpaid,4.1
AIR101389,2021-11-08,Delhi,Delhi City 1,5G,Postpaid,3.4
AIR101390,2020-06-28,Gujarat,Gujarat City 1,4G,Postpaid,4.9
AIR101391,2021-09-05,Kerala,Kerala City 2,4G,Prepaid,3.8
AIR101392,2021-07-20,Maharashtra,Maharashtra City 2,5G,Postpaid,4
AIR101393,2019-04-01,Uttar Pradesh,Uttar Pradesh City 2,5G,Prepaid,6.4
AIR101394,2024-07-03,Karnataka,Karnataka City 2,4G,Prepaid,1.2
AIR101395,2019-08-26,Rajasthan,Rajasthan City 3,4G,Postpaid,6.1
AIR101396,2022-06-04,Uttar Pradesh,Uttar Pradesh City 2,5G,Prepaid,3.4
AIR101397,2021-04-30,Rajasthan,Rajasthan City 2,5G,Prepaid,4.6
AIR101398,2021-02-15,Tamil Nadu,Tamil Nadu City 2,5G,Prepaid,4
AIR101399,2020-09-25,Uttar Pradesh,Uttar Pradesh City 2,4G,Prepaid,4.5
AIR101400,2022-05-09,Maharashtra,Maharashtra City 3,5G,Prepaid,2.9
AIR101401,2022-06-02,West Bengal,West Bengal City 1,4G,Enterprise,3
AIR101402,2021-09-09,Gujarat,Gujarat City 1,4G,Prepaid,3.8
AIR101403,2020-10-24,Kerala,Kerala City 1,4G,Postpaid,4.7
AIR101404,2021-09-16,Kerala,Kerala City 1,4G,Postpaid,3.9
AIR101405,2023-06-05,Gujarat,Gujarat City 1,4G,Postpaid,2.3
AIR101406,2020-02-29,Telangana,Telangana City 3,4G,Broadband,5.6
AIR101407,2022-12-01,Tamil Nadu,Tamil Nadu City 1,4G,Broadband,3
AIR101408,2023-06-24,Rajasthan,Rajasthan City 3,5G,Postpaid,2.5
AIR101409,2019-04-15,Maharashtra,Maharashtra City 3,4G,Enterprise,5.8
AIR101410,2022-01-27,Delhi,Delhi City 1,4G,Prepaid,3.1
AIR101411,2019-06-27,Uttar Pradesh,Uttar Pradesh City 1,4G,Postpaid,5.8
AIR101412,2022-07-12,Tamil Nadu,Tamil Nadu City 1,4G,Broadband,2.8
AIR101413,2022-03-01,Uttar Pradesh,Uttar Pradesh City 2,4G,Postpaid,3.3
AIR101414,2022-05-07,Maharashtra,Maharashtra City 3,4G,Enterprise,3.2
AIR101415,2020-12-20,Karnataka,Karnataka City 1,5G,Prepaid,4.7
AIR101416,2020-02-13,Karnataka,Karnataka City 2,5G,Prepaid,5.6
AIR101417,2020-10-15,Tamil Nadu,Tamil Nadu City 3,5G,Enterprise,5
AIR101418,2024-12-05,West Bengal,West Bengal City 2,4G,Prepaid,0.9
AIR101419,2019-11-04,Maharashtra,Maharashtra City 2,4G,Postpaid,6.1
AIR101420,2020-05-04,Maharashtra,Maharashtra City 1,4G,Prepaid,4.8
AIR101421,2022-09-06,Gujarat,Gujarat City 3,5G,Postpaid,2.5
AIR101422,2020-08-30,West Bengal,West Bengal City 2,4G,Broadband,4.6
AIR101423,2023-03-30,Rajasthan,Rajasthan City 3,4G,Prepaid,2.1
AIR101424,2019-01-24,Rajasthan,Rajasthan City 1,4G,Prepaid,6.4
AIR101425,2022-04-30,Delhi,Delhi City 3,4G,Prepaid,3.2
AIR101426,2021-01-22,Kerala,Kerala City 2,5G,Broadband,4.6
AIR101427,2019-12-15,Karnataka,Karnataka City 2,5G,Postpaid,5.8
AIR101428,2019-01-25,Rajasthan,Rajasthan City 3,5G,Prepaid,6.7
AIR101429,2021-10-11,West Bengal,West Bengal City 2,4G,Prepaid,4.1
AIR101430,2020-08-21,Maharashtra,Maharashtra City 2,5G,Broadband,5.3
AIR101431,2023-11-04,Rajasthan,Rajasthan City 2,4G,Broadband,1.3
AIR101432,2021-03-11,Maharashtra,Maharashtra City 1,5G,Prepaid,4
AIR101433,2021-08-16,Rajasthan,Rajasthan City 1,4G,Prepaid,3.7
AIR101434,2023-05-11,Karnataka,Karnataka City 2,4G,Postpaid,2
AIR101435,2021-11-17,Uttar Pradesh,Uttar Pradesh City 3,5G,Postpaid,3.6
AIR101436,2021-03-01,Rajasthan,Rajasthan City 1,4G,Enterprise,4.4
AIR101437,2019-06-21,West Bengal,West Bengal City 3,5G,Postpaid,6.2
AIR101438,2024-09-16,Rajasthan,Rajasthan City 2,5G,Postpaid,1
AIR101439,2019-10-26,Kerala,Kerala City 2,4G,Postpaid,6
AIR101440,2020-10-09,Karnataka,Karnataka City 3,4G,Broadband,5.1
AIR101441,2021-01-17,West Bengal,West Bengal City 1,4G,Prepaid,4.9
AIR101442,2023-11-16,Gujarat,Gujarat City 3,5G,Prepaid,1.3
AIR101443,2023-01-15,West Bengal,West Bengal City 3,4G,Prepaid,2.2
AIR101444,2023-02-01,Kerala,Kerala City 2,4G,Broadband,2.2
AIR101445,2022-01-13,Uttar Pradesh,Uttar Pradesh City 1,4G,Postpaid,3.3
AIR101446,2021-07-14,Karnataka,Karnataka City 3,4G,Prepaid,3.9
AIR101447,2024-08-22,Gujarat,Gujarat City 1,5G,Postpaid,0.9
AIR101448,2021-09-06,Kerala,Kerala City 2,4G,Prepaid,3.9
AIR101449,2022-01-28,Kerala,Kerala City 1,4G,Prepaid,3.6
AIR101450,2020-09-07,Tamil Nadu,Tamil Nadu City 2,5G,Prepaid,5.1
AIR101451,2022-07-08,Karnataka,Karnataka City 1,4G,Postpaid,3.4
AIR101452,2021-08-11,West Bengal,West Bengal City 3,4G,Postpaid,4.3
AIR101453,2023-06-12,Maharashtra,Maharashtra City 2,4G,Broadband,1.7
AIR101454,2023-03-21,Uttar Pradesh,Uttar Pradesh City 3,4G,Broadband,2
AIR101455,2022-02-14,Maharashtra,Maharashtra City 2,4G,Prepaid,3.2
AIR101456,2020-05-13,West Bengal,West Bengal City 1,5G,Postpaid,5
AIR101457,2020-08-09,West Bengal,West Bengal City 1,5G,Prepaid,4.8
AIR101458,2022-01-08,Karnataka,Karnataka City 2,5G,Prepaid,3.5
AIR101459,2023-10-19,West Bengal,West Bengal City 2,5G,Prepaid,1.8
AIR101460,2020-09-05,Tamil Nadu,Tamil Nadu City 2,4G,Prepaid,5
AIR101461,2020-10-05,Gujarat,Gujarat City 1,4G,Prepaid,5
AIR101462,2019-02-27,West Bengal,West Bengal City 2,4G,Prepaid,6.7
AIR101463,2022-02-09,Maharashtra,Maharashtra City 2,5G,Postpaid,3.8
AIR101464,2020-08-19,West Bengal,West Bengal City 3,4G,Prepaid,4.5
AIR101465,2024-01-24,Tamil Nadu,Tamil Nadu City 2,4G,Postpaid,1.1
AIR101466,2019-06-11,Rajasthan,Rajasthan City 3,4G,Prepaid,5.8
AIR101467,2023-12-27,Rajasthan,Rajasthan City 3,4G,Prepaid,1.4
AIR101468,2024-05-27,Kerala,Kerala City 3,4G,Prepaid,1.1
AIR101469,2019-11-20,Uttar Pradesh,Uttar Pradesh City 1,5G,Prepaid,5.7
AIR101470,2021-06-17,Delhi,Delhi City 3,4G,Prepaid,4.2
AIR101471,2021-01-29,Gujarat,Gujarat City 2,5G,Postpaid,4.6
AIR101472,2020-05-16,Telangana,Telangana City 1,4G,Postpaid,5.4
AIR101473,2019-02-26,Kerala,Kerala City 1,5G,Prepaid,6.7
AIR101474,2022-04-03,Uttar Pradesh,Uttar Pradesh City 1,5G,Prepaid,3.7
AIR101475,2021-10-24,Rajasthan,Rajasthan City 1,5G,Broadband,3.3
AIR101476,2021-03-17,Maharashtra,Maharashtra City 1,4G,Prepaid,4
AIR101477,2024-03-15,Telangana,Telangana City 1,4G,Prepaid,1.1
AIR101478,2022-02-03,Uttar Pradesh,Uttar Pradesh City 1,4G,Postpaid,3.3
AIR101479,2020-09-11,Uttar Pradesh,Uttar Pradesh City 3,4G,Postpaid,4.8
AIR101480,2021-02-17,Kerala,Kerala City 2,4G,Postpaid,4.4
AIR101481,2021-02-17,Telangana,Telangana City 2,5G,Postpaid,4.5
AIR101482,2019-06-15,Karnataka,Karnataka City 3,4G,Prepaid,6.3
AIR101483,2022-07-01,Delhi,Delhi City 3,4G,Prepaid,3.3
AIR101484,2020-10-27,Karnataka,Karnataka City 1,4G,Prepaid,5.1
AIR101485,2019-05-08,Telangana,Telangana City 1,5G,Postpaid,6.6
AIR101486,2019-03-17,Karnataka,Karnataka City 3,5G,Broadband,5.9
AIR101487,2021-06-05,Tamil Nadu,Tamil Nadu City 1,4G,Prepaid,3.8
AIR101488,2022-05-29,Rajasthan,Rajasthan City 2,4G,Prepaid,2.9
AIR101489,2020-09-26,Tamil Nadu,Tamil Nadu City 2,5G,Prepaid,4.6
AIR101490,2023-06-30,West Bengal,West Bengal City 1,5G,Prepaid,2
AIR101491,2020-09-06,Karnataka,Karnataka City 1,4G,Prepaid,4.9
AIR101492,2021-09-12,West Bengal,West Bengal City 1,5G,Postpaid,3.9
AIR101493,2022-03-02,Maharashtra,Maharashtra City 2,5G,Enterprise,3.5
AIR101494,2020-03-16,Gujarat,Gujarat City 1,4G,Prepaid,5.6
AIR101495,2023-04-07,Maharashtra,Maharashtra City 3,4G,Prepaid,2.6
AIR101496,2019-09-01,Telangana,Telangana City 1,4G,Prepaid,6.3
AIR101497,2021-02-06,Uttar Pradesh,Uttar Pradesh City 3,4G,Prepaid,4
AIR101498,2020-02-19,Rajasthan,Rajasthan City 1,4G,Prepaid,5.1
AIR101499,2019-09-06,Karnataka,Karnataka City 1,4G,Postpaid,5.6
AIR101500,2021-05-11,Kerala,Kerala City 2,4G,Prepaid,4
AIR101501,2023-12-01,Gujarat,Gujarat City 3,4G,Enterprise,1.5
AIR101502,2021-03-29,Delhi,Delhi City 3,4G,Postpaid,4.3
AIR101503,2021-05-11,Delhi,Delhi City 3,4G,Postpaid,4.3
AIR101504,2019-07-29,Delhi,Delhi City 2,4G,Prepaid,6.1
AIR101505,2024-07-19,Karnataka,Karnataka City 3,4G,Postpaid,1.2
AIR101506,2024-11-27,Delhi,Delhi City 2,4G,Postpaid,1
AIR101507,2024-12-29,Tamil Nadu,Tamil Nadu City 1,4G,Prepaid,1
AIR101508,2020-11-06,Gujarat,Gujarat City 1,5G,Prepaid,4.3
AIR101509,2024-11-04,Tamil Nadu,Tamil Nadu City 3,4G,Broadband,0.4
AIR101510,2024-12-27,Uttar Pradesh,Uttar Pradesh City 1,5G,Prepaid,0.3
AIR101511,2022-09-17,Gujarat,Gujarat City 1,4G,Prepaid,2.7
AIR101512,2019-01-26,Tamil Nadu,Tamil Nadu City 3,4G,Prepaid,6.4
AIR101513,2023-07-09,Gujarat,Gujarat City 1,4G,Prepaid,2
AIR101514,2019-12-28,Uttar Pradesh,Uttar Pradesh City 3,4G,Prepaid,5.6
AIR101515,2024-03-09,West Bengal,West Bengal City 3,5G,Prepaid,1.5
AIR101516,2023-08-10,Karnataka,Karnataka City 1,5G,Postpaid,2.2
AIR101517,2019-12-26,Karnataka,Karnataka City 1,5G,Prepaid,5.9
AIR101518,2024-05-20,Delhi,Delhi City 1,4G,Postpaid,1.6
AIR101519,2021-09-22,Maharashtra,Maharashtra City 1,4G,Postpaid,3.4
AIR101520,2019-03-18,Delhi,Delhi City 1,4G,Prepaid,6
AIR101521,2024-11-12,Telangana,Telangana City 2,4G,Postpaid,0.4
AIR101522,2021-08-14,Tamil Nadu,Tamil Nadu City 1,4G,Postpaid,3.8
AIR101523,2019-08-06,Gujarat,Gujarat City 2,5G,Postpaid,5.9
AIR101524,2024-09-30,Maharashtra,Maharashtra City 3,5G,Postpaid,0.8
AIR101525,2023-01-07,Uttar Pradesh,Uttar Pradesh City 1,4G,Postpaid,2.6
AIR101526,2020-11-17,Telangana,Telangana City 1,4G,Prepaid,4.8
AIR101527,2019-02-02,Uttar Pradesh,Uttar Pradesh City 1,4G,Postpaid,6.7
AIR101528,2020-02-29,Karnataka,Karnataka City 3,5G,Prepaid,5.7
AIR101529,2021-02-25,Karnataka,Karnataka City 2,4G,Postpaid,4.8
AIR101530,2021-01-08,Delhi,Delhi City 2,5G,Prepaid,4.1
AIR101531,2021-02-05,Tamil Nadu,Tamil Nadu City 1,4G,Broadband,4.1
AIR101532,2023-12-23,Maharashtra,Maharashtra City 1,4G,Postpaid,1.3
AIR101533,2023-11-07,Rajasthan,Rajasthan City 1,4G,Postpaid,1.5
AIR101534,2022-10-09,Telangana,Telangana City 1,4G,Postpaid,2.7
AIR101535,2019-07-18,Telangana,Telangana City 3,5G,Broadband,6
AIR101536,2020-12-15,Delhi,Delhi City 1,4G,Postpaid,4.7
AIR101537,2019-10-15,Karnataka,Karnataka City 3,5G,Prepaid,5.9
AIR101538,2024-07-17,Delhi,Delhi City 1,4G,Broadband,1.2
AIR101539,2021-03-21,Gujarat,Gujarat City 2,5G,Postpaid,4.7
AIR101540,2024-07-23,Maharashtra,Maharashtra City 2,4G,Postpaid,1.4
AIR101541,2021-07-05,Tamil Nadu,Tamil Nadu City 1,4G,Broadband,3.6
AIR101542,2024-04-21,West Bengal,West Bengal City 1,5G,Prepaid,0.9
AIR101543,2023-11-21,Kerala,Kerala City 3,5G,Prepaid,1.4
AIR101544,2024-05-26,Kerala,Kerala City 1,5G,Postpaid,1
AIR101545,2020-12-17,Delhi,Delhi City 1,4G,Postpaid,4.5
AIR101546,2021-04-04,Gujarat,Gujarat City 1,5G,Prepaid,4.3
AIR101547,2023-09-24,Maharashtra,Maharashtra City 2,5G,Postpaid,1.9
AIR101548,2021-10-22,Rajasthan,Rajasthan City 3,4G,Postpaid,3.9
AIR101549,2023-05-04,Kerala,Kerala City 2,5G,Postpaid,2.5
AIR101550,2021-02-01,Maharashtra,Maharashtra City 3,4G,Broadband,4.8
AIR101551,2019-01-22,Tamil Nadu,Tamil Nadu City 2,5G,Prepaid,6.9
AIR101552,2020-04-10,Uttar Pradesh,Uttar Pradesh City 1,4G,Postpaid,4.9
AIR101553,2019-06-21,Gujarat,Gujarat City 2,5G,Postpaid,5.7
AIR101554,2021-03-07,Karnataka,Karnataka City 2,4G,Prepaid,4.1
AIR101555,2023-03-22,Maharashtra,Maharashtra City 3,4G,Prepaid,2.1
AIR101556,2019-09-01,Tamil Nadu,Tamil Nadu City 3,4G,Prepaid,5.8
AIR101557,2020-02-25,Rajasthan,Rajasthan City 2,4G,Postpaid,5.4
AIR101558,2019-12-07,West Bengal,West Bengal City 3,4G,Prepaid,5.7
AIR101559,2024-06-06,Karnataka,Karnataka City 3,4G,Prepaid,1.3
AIR101560,2019-05-03,West Bengal,West Bengal City 3,5G,Prepaid,6.5
AIR101561,2021-05-21,Rajasthan,Rajasthan City 3,5G,Postpaid,4.5
AIR101562,2020-03-09,Tamil Nadu,Tamil Nadu City 3,5G,Postpaid,5.8
AIR101563,2021-11-03,Kerala,Kerala City 2,5G,Postpaid,3.3
AIR101564,2019-03-11,West Bengal,West Bengal City 3,4G,Prepaid,6
AIR101565,2020-10-12,Karnataka,Karnataka City 1,4G,Postpaid,4.5
AIR101566,2023-06-04,Delhi,Delhi City 2,4G,Postpaid,1.9
AIR101567,2024-03-23,Telangana,Telangana City 2,4G,Prepaid,1.2
AIR101568,2019-08-15,Maharashtra,Maharashtra City 2,5G,Prepaid,5.9
AIR101569,2022-11-06,Kerala,Kerala City 3,4G,Broadband,2.8
AIR101570,2024-07-31,West Bengal,West Bengal City 1,5G,Postpaid,1.1
AIR101571,2020-06-19,Uttar Pradesh,Uttar Pradesh City 3,4G,Postpaid,5.3
AIR101572,2022-01-27,Maharashtra,Maharashtra City 2,5G,Prepaid,3.8
AIR101573,2019-09-27,Delhi,Delhi City 2,4G,Broadband,6.2
AIR101574,2022-01-22,Rajasthan,Rajasthan City 2,4G,Postpaid,3.1
AIR101575,2023-12-21,Telangana,Telangana City 2,5G,Broadband,1.2
AIR101576,2020-10-20,Tamil Nadu,Tamil Nadu City 3,4G,Enterprise,4.5
AIR101577,2024-08-11,Delhi,Delhi City 1,5G,Enterprise,0.8
AIR101578,2024-11-20,Delhi,Delhi City 1,4G,Broadband,0.6
AIR101579,2024-06-19,Rajasthan,Rajasthan City 2,4G,Prepaid,1.1
AIR101580,2024-01-04,Gujarat,Gujarat City 1,5G,Broadband,1.6
AIR101581,2022-03-12,Rajasthan,Rajasthan City 2,4G,Prepaid,3.5
AIR101582,2021-06-14,Gujarat,Gujarat City 2,5G,Broadband,4.3
AIR101583,2023-02-15,Gujarat,Gujarat City 1,4G,Prepaid,2.7
AIR101584,2024-05-25,Kerala,Kerala City 2,4G,Postpaid,1.6
AIR101585,2019-01-17,Kerala,Kerala City 1,4G,Prepaid,6.1
AIR101586,2024-03-18,Karnataka,Karnataka City 2,4G,Postpaid,1
AIR101587,2023-06-01,West Bengal,West Bengal City 1,4G,Prepaid,1.9
AIR101588,2022-07-25,West Bengal,West Bengal City 2,4G,Prepaid,2.8
AIR101589,2020-03-11,Tamil Nadu,Tamil Nadu City 1,4G,Broadband,5.3
AIR101590,2024-06-27,West Bengal,West Bengal City 2,4G,Postpaid,1
AIR101591,2021-05-07,Kerala,Kerala City 2,5G,Prepaid,4.3
AIR101592,2022-03-01,Karnataka,Karnataka City 2,4G,Prepaid,3.5
AIR101593,2019-09-20,Karnataka,Karnataka City 1,4G,Prepaid,6.1
AIR101594,2024-04-29,Gujarat,Gujarat City 3,4G,Postpaid,1.5
AIR101595,2021-03-18,Rajasthan,Rajasthan City 2,4G,Enterprise,4.7
AIR101596,2019-12-24,Tamil Nadu,Tamil Nadu City 2,4G,Postpaid,5.1
AIR101597,2022-06-28,Gujarat,Gujarat City 1,4G,Prepaid,2.7
AIR101598,2020-01-11,Rajasthan,Rajasthan City 2,5G,Prepaid,5.3
AIR101599,2021-09-15,West Bengal,West Bengal City 2,5G,Enterprise,3.7
AIR101600,2019-01-18,Gujarat,Gujarat City 2,4G,Prepaid,6.4
AIR101601,2023-10-05,Maharashtra,Maharashtra City 2,4G,Postpaid,1.8
AIR101602,2021-10-22,West Bengal,West Bengal City 3,5G,Prepaid,3.8
AIR101603,2021-07-02,Rajasthan,Rajasthan City 3,4G,Postpaid,4.2
AIR101604,2020-07-19,Tamil Nadu,Tamil Nadu City 2,5G,Broadband,5.2
AIR101605,2022-09-14,Rajasthan,Rajasthan City 2,5G,Prepaid,3.2
AIR101606,2023-01-11,Gujarat,Gujarat City 2,4G,Postpaid,2.9
AIR101607,2022-06-29,Gujarat,Gujarat City 3,4G,Postpaid,2.6
AIR101608,2020-09-03,Delhi,Delhi City 3,5G,Prepaid,4.5
AIR101609,2021-11-28,Tamil Nadu,Tamil Nadu City 1,5G,Prepaid,3.4
AIR101610,2020-03-11,Uttar Pradesh,Uttar Pradesh City 1,4G,Postpaid,5.2
AIR101611,2020-10-09,West Bengal,West Bengal City 2,5G,Prepaid,4.7
AIR101612,2019-03-24,Karnataka,Karnataka City 2,4G,Broadband,6.3
AIR101613,2023-11-25,Tamil Nadu,Tamil Nadu City 3,4G,Prepaid,1.7
AIR101614,2023-09-28,Karnataka,Karnataka City 2,5G,Prepaid,2
AIR101615,2021-11-16,Tamil Nadu,Tamil Nadu City 2,5G,Prepaid,3.9
AIR101616,2023-06-01,Tamil Nadu,Tamil Nadu City 3,4G,Prepaid,2.5
AIR101617,2019-01-21,Rajasthan,Rajasthan City 3,5G,Postpaid,6.9
AIR101618,2022-05-26,Tamil Nadu,Tamil Nadu City 3,4G,Prepaid,2.7
AIR101619,2021-12-04,Delhi,Delhi City 3,4G,Postpaid,3.3
AIR101620,2021-08-11,Uttar Pradesh,Uttar Pradesh City 1,4G,Enterprise,3.7
AIR101621,2022-12-01,Gujarat,Gujarat City 3,4G,Postpaid,2.5
AIR101622,2021-03-08,Telangana,Telangana City 3,4G,Prepaid,4.3
AIR101623,2020-10-17,Karnataka,Karnataka City 2,4G,Broadband,4.7
AIR101624,2021-02-01,Gujarat,Gujarat City 2,5G,Prepaid,4.5
AIR101625,2020-09-09,Telangana,Telangana City 2,5G,Postpaid,5
AIR101626,2020-12-11,Uttar Pradesh,Uttar Pradesh City 1,4G,Prepaid,4.8
AIR101627,2019-12-03,Uttar Pradesh,Uttar Pradesh City 3,4G,Prepaid,6
AIR101628,2022-12-05,Karnataka,Karnataka City 3,4G,Broadband,3
AIR101629,2021-02-06,Karnataka,Karnataka City 1,5G,Prepaid,4
AIR101630,2023-02-14,Uttar Pradesh,Uttar Pradesh City 3,4G,Postpaid,2.1
AIR101631,2023-06-15,Telangana,Telangana City 2,4G,Prepaid,1.8
AIR101632,2021-10-17,Tamil Nadu,Tamil Nadu City 1,4G,Postpaid,3.6
AIR101633,2021-12-13,West Bengal,West Bengal City 3,4G,Postpaid,3.5
AIR101634,2023-11-11,Maharashtra,Maharashtra City 1,4G,Prepaid,1.7
AIR101635,2022-04-28,Gujarat,Gujarat City 1,5G,Postpaid,3.3
AIR101636,2024-03-05,Rajasthan,Rajasthan City 3,5G,Postpaid,1.5
AIR101637,2023-06-15,Gujarat,Gujarat City 2,4G,Postpaid,2.3
AIR101638,2019-07-08,Rajasthan,Rajasthan City 3,4G,Postpaid,6.4
AIR101639,2023-11-24,Telangana,Telangana City 3,4G,Postpaid,2.1
AIR101640,2023-04-21,Rajasthan,Rajasthan City 2,5G,Prepaid,1.8
AIR101641,2021-05-19,Karnataka,Karnataka City 3,4G,Postpaid,3.8
AIR101642,2023-05-11,West Bengal,West Bengal City 3,4G,Postpaid,1.9
AIR101643,2022-08-29,West Bengal,West Bengal City 3,4G,Prepaid,2.7
AIR101644,2022-04-07,Karnataka,Karnataka City 1,4G,Broadband,3.2
AIR101645,2024-12-18,Delhi,Delhi City 1,4G,Prepaid,0.6
AIR101646,2020-11-08,Telangana,Telangana City 1,4G,Prepaid,4.8
AIR101647,2021-08-06,Delhi,Delhi City 3,4G,Prepaid,4.1
AIR101648,2023-05-07,Delhi,Delhi City 2,4G,Prepaid,2.4
AIR101649,2019-06-01,Gujarat,Gujarat City 1,4G,Prepaid,6.5
AIR101650,2021-07-10,Uttar Pradesh,Uttar Pradesh City 2,4G,Enterprise,4.4
AIR101651,2022-02-02,Gujarat,Gujarat City 3,4G,Prepaid,3
AIR101652,2022-01-20,Uttar Pradesh,Uttar Pradesh City 1,4G,Postpaid,3.1
AIR101653,2020-12-13,Maharashtra,Maharashtra City 3,4G,Prepaid,4.3
AIR101654,2021-03-15,Rajasthan,Rajasthan City 2,5G,Postpaid,4.2
AIR101655,2024-03-23,Uttar Pradesh,Uttar Pradesh City 1,4G,Enterprise,1.2
AIR101656,2020-03-07,Karnataka,Karnataka City 1,4G,Prepaid,5.4
AIR101657,2023-05-22,Gujarat,Gujarat City 1,4G,Broadband,2.2
AIR101658,2022-08-21,Telangana,Telangana City 1,4G,Enterprise,3.1
AIR101659,2019-01-28,Rajasthan,Rajasthan City 2,4G,Postpaid,6.7
AIR101660,2022-08-04,Maharashtra,Maharashtra City 1,5G,Prepaid,3.3
AIR101661,2019-12-21,Uttar Pradesh,Uttar Pradesh City 3,4G,Postpaid,6
AIR101662,2024-02-06,Maharashtra,Maharashtra City 1,4G,Broadband,1
AIR101663,2024-06-27,Telangana,Telangana City 2,5G,Prepaid,0.7
AIR101664,2024-12-23,Delhi,Delhi City 1,5G,Postpaid,0.3
AIR101665,2019-06-03,West Bengal,West Bengal City 2,5G,Prepaid,5.9
AIR101666,2023-01-26,Telangana,Telangana City 2,5G,Prepaid,2.4
AIR101667,2021-03-26,Kerala,Kerala City 3,5G,Broadband,4.3
AIR101668,2022-01-24,Telangana,Telangana City 1,4G,Prepaid,3.6
AIR101669,2024-11-25,Maharashtra,Maharashtra City 1,4G,Prepaid,0.8
AIR101670,2021-12-05,Karnataka,Karnataka City 1,4G,Postpaid,3.9
AIR101671,2022-04-24,Gujarat,Gujarat City 3,5G,Prepaid,3.6
AIR101672,2020-03-29,Karnataka,Karnataka City 3,5G,Prepaid,5.7
AIR101673,2022-01-11,Maharashtra,Maharashtra City 2,4G,Postpaid,3.1
AIR101674,2022-09-12,Gujarat,Gujarat City 2,4G,Prepaid,2.5
AIR101675,2020-03-24,Kerala,Kerala City 2,5G,Prepaid,5.1
AIR101676,2019-11-17,West Bengal,West Bengal City 3,5G,Prepaid,5.5
AIR101677,2022-03-14,Rajasthan,Rajasthan City 3,4G,Postpaid,3.3
AIR101678,2019-10-05,Maharashtra,Maharashtra City 3,5G,Broadband,5.8
AIR101679,2021-11-03,Uttar Pradesh,Uttar Pradesh City 2,4G,Broadband,3.8
AIR101680,2020-02-18,Maharashtra,Maharashtra City 3,4G,Prepaid,5.6
AIR101681,2019-02-16,Maharashtra,Maharashtra City 2,4G,Postpaid,6.7
AIR101682,2024-04-23,Gujarat,Gujarat City 2,4G,Broadband,1.6
AIR101683,2020-10-17,Tamil Nadu,Tamil Nadu City 1,4G,Prepaid,5.2
AIR101684,2023-03-24,Telangana,Telangana City 1,5G,Broadband,1.9
AIR101685,2022-09-09,Tamil Nadu,Tamil Nadu City 1,5G,Broadband,2.5
AIR101686,2023-12-31,Kerala,Kerala City 2,5G,Prepaid,1.3
AIR101687,2022-08-09,Uttar Pradesh,Uttar Pradesh City 1,4G,Prepaid,2.8
AIR101688,2022-01-12,West Bengal,West Bengal City 1,4G,Prepaid,3.4
AIR101689,2022-10-28,Delhi,Delhi City 1,4G,Prepaid,2.7
AIR101690,2021-06-27,Kerala,Kerala City 3,4G,Broadband,4.1
AIR101691,2019-11-12,Delhi,Delhi City 2,4G,Broadband,5.8
AIR101692,2024-05-21,Delhi,Delhi City 1,4G,Prepaid,1.4
AIR101693,2019-08-09,West Bengal,West Bengal City 3,4G,Postpaid,6.3
AIR101694,2024-04-29,Karnataka,Karnataka City 3,5G,Postpaid,1.6
AIR101695,2021-04-24,Tamil Nadu,Tamil Nadu City 3,4G,Prepaid,3.8
AIR101696,2023-02-23,Maharashtra,Maharashtra City 1,5G,Postpaid,2.1
AIR101697,2022-01-13,Rajasthan,Rajasthan City 3,4G,Broadband,3.3
AIR101698,2021-10-24,Delhi,Delhi City 2,5G,Prepaid,3.6
AIR101699,2023-09-27,Uttar Pradesh,Uttar Pradesh City 3,4G,Prepaid,1.7
AIR101700,2022-05-23,Kerala,Kerala City 3,4G,Prepaid,3.1
AIR101701,2022-09-21,Karnataka,Karnataka City 3,4G,Prepaid,2.9
AIR101702,2022-04-05,Delhi,Delhi City 3,5G,Prepaid,3.4
AIR101703,2019-10-14,Karnataka,Karnataka City 2,4G,Prepaid,6
AIR101704,2024-04-27,Karnataka,Karnataka City 1,4G,Postpaid,1.6
AIR101705,2024-12-14,Delhi,Delhi City 2,5G,Postpaid,1
AIR101706,2022-12-27,Gujarat,Gujarat City 2,4G,Prepaid,2.1
AIR101707,2022-01-14,Telangana,Telangana City 1,4G,Prepaid,3.2
AIR101708,2023-06-10,Uttar Pradesh,Uttar Pradesh City 3,4G,Broadband,1.8
AIR101709,2024-04-14,Maharashtra,Maharashtra City 1,4G,Broadband,1.1
AIR101710,2024-06-16,Maharashtra,Maharashtra City 1,4G,Prepaid,1
AIR101711,2020-09-14,Uttar Pradesh,Uttar Pradesh City 2,4G,Prepaid,4.8
AIR101712,2024-04-14,Gujarat,Gujarat City 1,4G,Broadband,1.3
AIR101713,2022-06-12,Maharashtra,Maharashtra City 3,4G,Prepaid,3.3
AIR101714,2020-02-10,Karnataka,Karnataka City 2,5G,Prepaid,5.7
AIR101715,2023-03-09,West Bengal,West Bengal City 3,4G,Prepaid,2.7
AIR101716,2023-10-02,Kerala,Kerala City 2,4G,Prepaid,2.2
AIR101717,2024-05-22,Tamil Nadu,Tamil Nadu City 3,4G,Prepaid,0.7
AIR101718,2024-07-16,Maharashtra,Maharashtra City 1,4G,Prepaid,0.7
AIR101719,2021-05-26,Uttar Pradesh,Uttar Pradesh City 1,4G,Postpaid,3.9
AIR101720,2019-11-04,West Bengal,West Bengal City 1,4G,Broadband,5.5
AIR101721,2019-12-11,Delhi,Delhi City 3,4G,Enterprise,5.5
AIR101722,2024-03-28,Telangana,Telangana City 2,5G,Prepaid,1.3
AIR101723,2021-02-23,Uttar Pradesh,Uttar Pradesh City 2,4G,Prepaid,4.5
AIR101724,2023-01-27,Karnataka,Karnataka City 2,4G,Postpaid,2.6
AIR101725,2021-03-06,Telangana,Telangana City 1,4G,Postpaid,4.6
AIR101726,2022-02-12,Kerala,Kerala City 3,4G,Prepaid,3.8
AIR101727,2020-03-25,Kerala,Kerala City 2,5G,Prepaid,5.7
AIR101728,2022-11-28,Gujarat,Gujarat City 3,4G,Prepaid,2.2
AIR101729,2023-07-28,Rajasthan,Rajasthan City 2,4G,Prepaid,1.6
AIR101730,2019-09-01,Gujarat,Gujarat City 1,4G,Prepaid,5.6
AIR101731,2024-10-13,West Bengal,West Bengal City 3,4G,Enterprise,0.6
AIR101732,2021-08-03,Telangana,Telangana City 2,4G,Prepaid,3.9
AIR101733,2024-06-06,Rajasthan,Rajasthan City 2,4G,Enterprise,1.1
AIR101734,2021-10-23,Delhi,Delhi City 2,4G,Broadband,3.8
AIR101735,2023-03-04,Karnataka,Karnataka City 2,4G,Prepaid,2.5
AIR101736,2024-08-12,Telangana,Telangana City 1,4G,Postpaid,1.2
AIR101737,2019-05-23,Gujarat,Gujarat City 2,4G,Postpaid,6.5
AIR101738,2023-11-19,Tamil Nadu,Tamil Nadu City 2,4G,Prepaid,2.1
AIR101739,2021-12-15,Rajasthan,Rajasthan City 1,4G,Prepaid,3.2
AIR101740,2019-03-02,Rajasthan,Rajasthan City 2,5G,Postpaid,6
AIR101741,2024-10-16,Karnataka,Karnataka City 3,4G,Postpaid,0.5
AIR101742,2019-03-20,Maharashtra,Maharashtra City 3,5G,Postpaid,6.2
AIR101743,2021-08-15,Kerala,Kerala City 2,4G,Postpaid,3.8
AIR101744,2020-01-25,Kerala,Kerala City 1,5G,Prepaid,5.5
AIR101745,2020-06-04,Tamil Nadu,Tamil Nadu City 1,4G,Postpaid,5.2
AIR101746,2023-08-03,West Bengal,West Bengal City 1,4G,Prepaid,2.1
AIR101747,2023-11-13,West Bengal,West Bengal City 2,5G,Postpaid,1.9
AIR101748,2019-09-10,Delhi,Delhi City 2,5G,Broadband,6.2
AIR101749,2023-09-11,Telangana,Telangana City 3,4G,Postpaid,2.3
AIR101750,2024-08-12,Uttar Pradesh,Uttar Pradesh City 1,4G,Postpaid,0.5
AIR101751,2020-11-26,Maharashtra,Maharashtra City 2,4G,Postpaid,4.3
AIR101752,2024-09-24,Gujarat,Gujarat City 2,5G,Postpaid,0.6
AIR101753,2024-01-02,Uttar Pradesh,Uttar Pradesh City 2,4G,Postpaid,1.4
AIR101754,2020-10-14,Uttar Pradesh,Uttar Pradesh City 1,4G,Prepaid,4.7
AIR101755,2023-02-14,Rajasthan,Rajasthan City 1,5G,Enterprise,2.4
AIR101756,2020-02-22,Tamil Nadu,Tamil Nadu City 3,5G,Prepaid,5.5
AIR101757,2021-09-28,Kerala,Kerala City 1,4G,Prepaid,4
AIR101758,2020-07-12,Delhi,Delhi City 2,4G,Prepaid,5.3
AIR101759,2021-07-19,West Bengal,West Bengal City 3,5G,Prepaid,4.3
AIR101760,2022-07-22,Tamil Nadu,Tamil Nadu City 1,4G,Postpaid,3.4
AIR101761,2020-08-17,Rajasthan,Rajasthan City 1,5G,Prepaid,4.5
AIR101762,2022-01-25,Gujarat,Gujarat City 1,4G,Broadband,3.1
AIR101763,2021-12-31,Delhi,Delhi City 1,4G,Prepaid,3.3
AIR101764,2019-08-04,Rajasthan,Rajasthan City 2,4G,Prepaid,5.8
AIR101765,2024-05-17,Kerala,Kerala City 1,4G,Prepaid,1.1
AIR101766,2024-11-18,Kerala,Kerala City 2,5G,Postpaid,0.7
AIR101767,2020-04-14,Kerala,Kerala City 2,4G,Broadband,5.3
AIR101768,2019-06-29,Tamil Nadu,Tamil Nadu City 2,5G,Postpaid,6.2
AIR101769,2023-01-23,Tamil Nadu,Tamil Nadu City 3,4G,Prepaid,2.7
AIR101770,2020-01-12,West Bengal,West Bengal City 2,4G,Enterprise,5.8
AIR101771,2024-01-02,West Bengal,West Bengal City 1,4G,Prepaid,2
AIR101772,2023-10-23,Gujarat,Gujarat City 3,4G,Postpaid,1.3
AIR101773,2023-02-11,Delhi,Delhi City 1,4G,Prepaid,2.1
AIR101774,2022-05-07,Karnataka,Karnataka City 2,5G,Prepaid,2.9
AIR101775,2021-04-28,Karnataka,Karnataka City 1,5G,Prepaid,4
AIR101776,2021-01-22,Rajasthan,Rajasthan City 3,4G,Prepaid,4.4
AIR101777,2019-09-07,Kerala,Kerala City 3,4G,Broadband,5.9
AIR101778,2020-10-02,Delhi,Delhi City 1,4G,Postpaid,4.9
AIR101779,2021-06-08,Uttar Pradesh,Uttar Pradesh City 1,5G,Broadband,4.3
AIR101780,2023-02-14,Tamil Nadu,Tamil Nadu City 1,5G,Postpaid,2.7
AIR101781,2021-02-09,Telangana,Telangana City 3,5G,Postpaid,4.8
AIR101782,2024-01-02,Maharashtra,Maharashtra City 2,4G,Postpaid,2
AIR101783,2024-05-24,Gujarat,Gujarat City 1,4G,Broadband,0.7
AIR101784,2020-04-25,Kerala,Kerala City 2,4G,Prepaid,4.9
AIR101785,2023-10-23,Kerala,Kerala City 3,4G,Prepaid,1.5
AIR101786,2023-11-12,Kerala,Kerala City 1,5G,Postpaid,1.5
AIR101787,2020-04-29,Tamil Nadu,Tamil Nadu City 1,4G,Enterprise,5.1
AIR101788,2024-09-05,Tamil Nadu,Tamil Nadu City 3,5G,Enterprise,0.9
AIR101789,2021-12-21,Maharashtra,Maharashtra City 1,5G,Postpaid,3.6
AIR101790,2024-07-10,Uttar Pradesh,Uttar Pradesh City 2,5G,Prepaid,1.2
AIR101791,2019-08-21,Delhi,Delhi City 3,5G,Prepaid,6.2
AIR101792,2023-01-27,Kerala,Kerala City 3,4G,Broadband,2.8
AIR101793,2019-12-15,Karnataka,Karnataka City 1,5G,Prepaid,6
AIR101794,2020-02-18,West Bengal,West Bengal City 3,4G,Prepaid,5
AIR101795,2023-09-07,Karnataka,Karnataka City 1,4G,Broadband,1.5
AIR101796,2022-08-06,Rajasthan,Rajasthan City 1,5G,Prepaid,2.7
AIR101797,2021-10-06,Karnataka,Karnataka City 3,4G,Postpaid,3.6
AIR101798,2019-10-14,Rajasthan,Rajasthan City 1,5G,Postpaid,5.7
AIR101799,2021-02-20,Telangana,Telangana City 2,4G,Prepaid,4.4
AIR101800,2019-12-23,West Bengal,West Bengal City 2,5G,Prepaid,5.6
AIR101801,2024-12-26,Karnataka,Karnataka City 1,4G,Prepaid,0.7
AIR101802,2023-03-15,Telangana,Telangana City 2,4G,Postpaid,2.6
AIR101803,2023-04-14,Gujarat,Gujarat City 1,4G,Postpaid,2.6
AIR101804,2022-04-21,Delhi,Delhi City 2,5G,Prepaid,3.7
AIR101805,2020-02-27,Telangana,Telangana City 3,4G,Enterprise,5
AIR101806,2020-02-01,Delhi,Delhi City 1,5G,Prepaid,5.1
AIR101807,2019-11-01,Karnataka,Karnataka City 1,4G,Prepaid,5.5
AIR101808,2021-11-08,Uttar Pradesh,Uttar Pradesh City 1,4G,Prepaid,3.5
AIR101809,2024-06-09,Telangana,Telangana City 1,4G,Prepaid,1
AIR101810,2022-06-07,West Bengal,West Bengal City 1,4G,Enterprise,3.1
AIR101811,2021-04-30,Karnataka,Karnataka City 1,5G,Prepaid,4.3
AIR101812,2023-06-20,Kerala,Kerala City 3,4G,Prepaid,2.2
AIR101813,2020-05-09,Tamil Nadu,Tamil Nadu City 3,4G,Broadband,5.4
AIR101814,2022-04-20,Telangana,Telangana City 2,4G,Postpaid,3.6
AIR101815,2020-05-19,West Bengal,West Bengal City 1,4G,Prepaid,5.6
AIR101816,2020-08-29,Gujarat,Gujarat City 2,4G,Broadband,4.5
AIR101817,2022-11-13,Kerala,Kerala City 2,5G,Postpaid,2.3
AIR101818,2022-08-09,Gujarat,Gujarat City 3,4G,Prepaid,2.7
AIR101819,2022-03-07,Karnataka,Karnataka City 2,4G,Postpaid,3.2
AIR101820,2023-04-29,Tamil Nadu,Tamil Nadu City 3,4G,Broadband,2.1
AIR101821,2023-10-28,Telangana,Telangana City 2,4G,Postpaid,1.7
AIR101822,2022-09-30,Telangana,Telangana City 1,4G,Postpaid,2.9
AIR101823,2019-02-06,Uttar Pradesh,Uttar Pradesh City 2,4G,Enterprise,6.6
AIR101824,2019-11-10,Uttar Pradesh,Uttar Pradesh City 3,5G,Postpaid,5.9
AIR101825,2019-08-08,Karnataka,Karnataka City 3,4G,Prepaid,6.3
AIR101826,2022-11-28,Karnataka,Karnataka City 3,4G,Prepaid,3
AIR101827,2023-09-15,Tamil Nadu,Tamil Nadu City 2,4G,Postpaid,1.4
AIR101828,2024-04-16,Uttar Pradesh,Uttar Pradesh City 2,4G,Prepaid,0.9
AIR101829,2020-02-08,West Bengal,West Bengal City 3,5G,Enterprise,5.2
AIR101830,2020-04-23,West Bengal,West Bengal City 1,4G,Prepaid,5.1
AIR101831,2021-04-03,Tamil Nadu,Tamil Nadu City 1,5G,Postpaid,4.2
AIR101832,2019-08-08,West Bengal,West Bengal City 2,4G,Postpaid,5.9
AIR101833,2022-05-04,Rajasthan,Rajasthan City 2,4G,Postpaid,3.3
AIR101834,2021-09-10,Delhi,Delhi City 3,4G,Prepaid,4
AIR101835,2020-11-14,Tamil Nadu,Tamil Nadu City 2,4G,Prepaid,4.9
AIR101836,2023-09-07,Tamil Nadu,Tamil Nadu City 2,4G,Postpaid,2.2
AIR101837,2024-05-23,Maharashtra,Maharashtra City 3,4G,Broadband,1.6
AIR101838,2023-10-26,Kerala,Kerala City 3,4G,Postpaid,1.3
AIR101839,2021-09-30,Kerala,Kerala City 2,4G,Prepaid,3.5
AIR101840,2021-04-08,Rajasthan,Rajasthan City 1,4G,Prepaid,4
AIR101841,2021-01-12,Uttar Pradesh,Uttar Pradesh City 2,4G,Broadband,4.3
AIR101842,2022-02-07,Karnataka,Karnataka City 1,5G,Broadband,3.4
AIR101843,2022-01-28,Karnataka,Karnataka City 1,4G,Prepaid,3.5
AIR101844,2023-10-02,Gujarat,Gujarat City 1,5G,Postpaid,1.9
AIR101845,2022-05-19,Rajasthan,Rajasthan City 3,4G,Prepaid,3.3
AIR101846,2024-02-04,Tamil Nadu,Tamil Nadu City 3,4G,Postpaid,1.7
AIR101847,2020-11-05,Rajasthan,Rajasthan City 3,4G,Broadband,5
AIR101848,2022-11-18,Rajasthan,Rajasthan City 2,4G,Prepaid,3.1
AIR101849,2022-06-22,Rajasthan,Rajasthan City 3,4G,Postpaid,2.7
AIR101850,2021-09-28,Kerala,Kerala City 3,4G,Prepaid,3.5
AIR101851,2020-09-15,Rajasthan,Rajasthan City 2,4G,Prepaid,4.6
AIR101852,2019-04-09,Delhi,Delhi City 2,4G,Postpaid,6.1
AIR101853,2022-01-31,Karnataka,Karnataka City 1,5G,Prepaid,3.4
AIR101854,2024-08-21,Gujarat,Gujarat City 2,4G,Postpaid,0.9
AIR101855,2024-03-31,Delhi,Delhi City 2,4G,Prepaid,1.4
AIR101856,2022-06-03,Gujarat,Gujarat City 3,4G,Postpaid,3.3
AIR101857,2019-06-28,Maharashtra,Maharashtra City 1,5G,Prepaid,6.3
AIR101858,2025-01-08,Gujarat,Gujarat City 1,4G,Postpaid,0.9
AIR101859,2021-04-14,Karnataka,Karnataka City 2,4G,Postpaid,4.7
AIR101860,2020-08-04,Karnataka,Karnataka City 3,5G,Enterprise,4.5
AIR101861,2022-10-08,Rajasthan,Rajasthan City 3,5G,Broadband,2.4
AIR101862,2022-12-11,Telangana,Telangana City 3,4G,Prepaid,2.3
AIR101863,2023-06-17,Maharashtra,Maharashtra City 3,4G,Prepaid,1.9
AIR101864,2023-05-13,Tamil Nadu,Tamil Nadu City 2,5G,Postpaid,2.1
AIR101865,2019-07-15,West Bengal,West Bengal City 3,5G,Postpaid,6
AIR101866,2021-07-24,Gujarat,Gujarat City 1,4G,Prepaid,4.1
AIR101867,2022-08-15,Telangana,Telangana City 1,4G,Prepaid,3.1
AIR101868,2021-08-14,Rajasthan,Rajasthan City 2,4G,Postpaid,4.2
AIR101869,2021-12-21,Kerala,Kerala City 3,4G,Broadband,3.9
AIR101870,2020-07-20,Tamil Nadu,Tamil Nadu City 3,5G,Broadband,5.4
AIR101871,2022-01-06,Uttar Pradesh,Uttar Pradesh City 3,4G,Prepaid,3.1
AIR101872,2021-06-05,Telangana,Telangana City 3,5G,Prepaid,3.8
AIR101873,2019-10-11,Kerala,Kerala City 2,5G,Prepaid,5.5
AIR101874,2021-12-16,Maharashtra,Maharashtra City 3,4G,Postpaid,3.4
AIR101875,2020-01-11,Rajasthan,Rajasthan City 2,4G,Postpaid,5.4
AIR101876,2021-02-26,Tamil Nadu,Tamil Nadu City 3,4G,Postpaid,4.4
AIR101877,2020-01-08,Tamil Nadu,Tamil Nadu City 3,4G,Postpaid,5.6
AIR101878,2021-05-06,Tamil Nadu,Tamil Nadu City 1,4G,Prepaid,4.4
AIR101879,2023-08-26,Maharashtra,Maharashtra City 2,4G,Prepaid,2.1
AIR101880,2024-11-03,Gujarat,Gujarat City 1,4G,Broadband,1
AIR101881,2019-04-09,Uttar Pradesh,Uttar Pradesh City 2,4G,Prepaid,6.7
AIR101882,2023-02-27,Maharashtra,Maharashtra City 3,5G,Prepaid,2
AIR101883,2024-04-13,West Bengal,West Bengal City 3,4G,Postpaid,0.9
AIR101884,2022-05-16,Uttar Pradesh,Uttar Pradesh City 2,4G,Postpaid,2.9
AIR101885,2020-09-16,Karnataka,Karnataka City 1,5G,Broadband,4.7
AIR101886,2019-03-24,Rajasthan,Rajasthan City 2,4G,Prepaid,6.2
AIR101887,2023-05-20,Maharashtra,Maharashtra City 2,4G,Postpaid,2.2
AIR101888,2019-01-01,Kerala,Kerala City 3,4G,Postpaid,6.6
AIR101889,2020-11-16,Uttar Pradesh,Uttar Pradesh City 1,5G,Broadband,4.8
AIR101890,2019-09-07,West Bengal,West Bengal City 2,4G,Postpaid,6.1
AIR101891,2020-02-14,Karnataka,Karnataka City 1,4G,Broadband,5.8
AIR101892,2022-11-10,Gujarat,Gujarat City 1,4G,Prepaid,3.1
AIR101893,2022-01-12,Kerala,Kerala City 2,4G,Postpaid,3.1
AIR101894,2020-05-04,Uttar Pradesh,Uttar Pradesh City 1,4G,Prepaid,4.9
AIR101895,2021-03-09,Rajasthan,Rajasthan City 3,4G,Prepaid,4.1
AIR101896,2021-07-31,Kerala,Kerala City 3,5G,Prepaid,3.8
AIR101897,2023-02-12,Karnataka,Karnataka City 3,5G,Postpaid,2.3
AIR101898,2024-06-17,Kerala,Kerala City 3,4G,Prepaid,1.1
AIR101899,2022-08-20,Delhi,Delhi City 1,4G,Broadband,3
AIR101900,2020-11-25,Telangana,Telangana City 3,4G,Postpaid,4.8
AIR101901,2019-05-15,Gujarat,Gujarat City 2,5G,Prepaid,6.4
AIR101902,2023-01-31,Karnataka,Karnataka City 3,4G,Postpaid,2.8
AIR101903,2019-07-05,Kerala,Kerala City 2,4G,Prepaid,6.4
AIR101904,2020-04-22,Telangana,Telangana City 2,5G,Prepaid,4.8
AIR101905,2019-01-01,Telangana,Telangana City 3,5G,Postpaid,6.2
AIR101906,2023-08-13,Kerala,Kerala City 3,4G,Broadband,1.7
AIR101907,2021-09-18,Rajasthan,Rajasthan City 1,5G,Postpaid,3.7
AIR101908,2019-09-27,Delhi,Delhi City 2,5G,Broadband,5.7
AIR101909,2019-07-14,Maharashtra,Maharashtra City 3,4G,Postpaid,6
AIR101910,2019-03-20,Delhi,Delhi City 1,4G,Prepaid,6.4
AIR101911,2022-01-26,Kerala,Kerala City 3,5G,Postpaid,3.6
AIR101912,2021-02-24,Gujarat,Gujarat City 3,4G,Postpaid,4.6
AIR101913,2020-03-22,Maharashtra,Maharashtra City 3,4G,Prepaid,5.7
AIR101914,2019-05-03,Karnataka,Karnataka City 2,4G,Broadband,6.6
AIR101915,2023-06-22,Delhi,Delhi City 3,5G,Postpaid,1.7
AIR101916,2023-05-01,Kerala,Kerala City 1,5G,Prepaid,1.9
AIR101917,2019-12-25,Delhi,Delhi City 3,4G,Enterprise,5.3
AIR101918,2023-11-01,Maharashtra,Maharashtra City 3,5G,Prepaid,1.5
AIR101919,2021-03-15,West Bengal,West Bengal City 1,5G,Broadband,4.3
AIR101920,2023-11-15,Uttar Pradesh,Uttar Pradesh City 1,5G,Prepaid,1.7
AIR101921,2023-04-03,Delhi,Delhi City 2,4G,Postpaid,2.4
AIR101922,2024-03-10,Karnataka,Karnataka City 2,4G,Postpaid,1.5
AIR101923,2020-10-30,Karnataka,Karnataka City 2,5G,Postpaid,5
AIR101924,2019-05-23,Tamil Nadu,Tamil Nadu City 2,4G,Prepaid,6.5
AIR101925,2024-12-09,Delhi,Delhi City 1,4G,Prepaid,1
AIR101926,2022-01-28,Uttar Pradesh,Uttar Pradesh City 3,5G,Prepaid,3
AIR101927,2019-10-11,Rajasthan,Rajasthan City 3,4G,Broadband,5.4
AIR101928,2020-01-19,Telangana,Telangana City 3,5G,Prepaid,5.2
AIR101929,2023-04-28,Uttar Pradesh,Uttar Pradesh City 2,4G,Postpaid,2
AIR101930,2019-07-06,Telangana,Telangana City 1,4G,Broadband,5.9
AIR101931,2020-09-15,Telangana,Telangana City 1,4G,Broadband,4.8
AIR101932,2020-06-28,West Bengal,West Bengal City 1,4G,Prepaid,5.1
AIR101933,2021-07-02,Tamil Nadu,Tamil Nadu City 3,4G,Broadband,4.2
AIR101934,2024-11-07,Uttar Pradesh,Uttar Pradesh City 2,5G,Prepaid,0.9
AIR101935,2021-08-17,Uttar Pradesh,Uttar Pradesh City 1,4G,Postpaid,4.2
AIR101936,2023-10-14,West Bengal,West Bengal City 2,4G,Postpaid,2.2
AIR101937,2024-12-03,Delhi,Delhi City 1,4G,Prepaid,0.2
AIR101938,2021-11-09,Delhi,Delhi City 2,4G,Prepaid,3.3
AIR101939,2024-12-19,Delhi,Delhi City 1,4G,Postpaid,0.3
AIR101940,2022-08-08,Gujarat,Gujarat City 2,4G,Prepaid,2.8
AIR101941,2024-07-30,Telangana,Telangana City 1,4G,Broadband,0.9
AIR101942,2022-10-09,Gujarat,Gujarat City 1,5G,Prepaid,2.8
AIR101943,2023-06-01,Tamil Nadu,Tamil Nadu City 2,4G,Broadband,2.2
AIR101944,2019-08-11,West Bengal,West Bengal City 2,5G,Postpaid,6.1
AIR101945,2020-03-11,Uttar Pradesh,Uttar Pradesh City 3,5G,Enterprise,5.6
AIR101946,2023-07-20,Telangana,Telangana City 2,5G,Postpaid,2.3
AIR101947,2019-11-23,Gujarat,Gujarat City 1,4G,Broadband,6.1
AIR101948,2022-05-17,Gujarat,Gujarat City 1,4G,Prepaid,2.8
AIR101949,2024-11-23,Kerala,Kerala City 2,4G,Postpaid,0.3
AIR101950,2020-07-20,Gujarat,Gujarat City 3,5G,Prepaid,4.7
AIR101951,2024-08-04,Rajasthan,Rajasthan City 2,4G,Prepaid,0.8
AIR101952,2020-09-21,Uttar Pradesh,Uttar Pradesh City 1,4G,Postpaid,4.7
AIR101953,2022-10-09,Rajasthan,Rajasthan City 1,4G,Postpaid,2.8
AIR101954,2020-12-25,Uttar Pradesh,Uttar Pradesh City 3,4G,Prepaid,4.6
AIR101955,2019-09-22,West Bengal,West Bengal City 2,4G,Postpaid,6
AIR101956,2023-01-27,Uttar Pradesh,Uttar Pradesh City 1,4G,Postpaid,2.7
AIR101957,2023-01-04,Rajasthan,Rajasthan City 1,4G,Prepaid,2.9
AIR101958,2022-07-31,Uttar Pradesh,Uttar Pradesh City 1,4G,Postpaid,3.4
AIR101959,2024-05-08,West Bengal,West Bengal City 2,4G,Postpaid,0.8
AIR101960,2020-11-29,West Bengal,West Bengal City 2,4G,Prepaid,4.3
AIR101961,2023-10-09,Tamil Nadu,Tamil Nadu City 3,4G,Postpaid,1.5
AIR101962,2023-02-27,Uttar Pradesh,Uttar Pradesh City 1,5G,Postpaid,2.2
AIR101963,2019-06-03,Kerala,Kerala City 1,4G,Broadband,6
AIR101964,2022-08-16,Delhi,Delhi City 3,5G,Prepaid,2.9
AIR101965,2021-03-21,Karnataka,Karnataka City 1,4G,Broadband,4.4
AIR101966,2019-05-31,West Bengal,West Bengal City 3,5G,Prepaid,6.3
AIR101967,2021-12-14,Maharashtra,Maharashtra City 3,4G,Prepaid,3.8
AIR101968,2021-02-17,Delhi,Delhi City 1,4G,Prepaid,4.7
AIR101969,2022-08-27,Telangana,Telangana City 2,4G,Broadband,3.3
AIR101970,2019-06-03,Uttar Pradesh,Uttar Pradesh City 2,5G,Postpaid,5.7
AIR101971,2024-07-12,Rajasthan,Rajasthan City 2,4G,Prepaid,0.7
AIR101972,2020-05-15,Karnataka,Karnataka City 2,4G,Prepaid,4.9
AIR101973,2019-05-29,Maharashtra,Maharashtra City 1,4G,Prepaid,6
AIR101974,2019-01-08,Delhi,Delhi City 3,4G,Prepaid,6.4
AIR101975,2023-08-11,Uttar Pradesh,Uttar Pradesh City 3,4G,Postpaid,1.9
AIR101976,2023-09-05,Tamil Nadu,Tamil Nadu City 1,4G,Postpaid,1.9
AIR101977,2020-08-15,Telangana,Telangana City 2,4G,Broadband,5.1
AIR101978,2020-04-13,Karnataka,Karnataka City 3,4G,Enterprise,5.5
AIR101979,2020-03-26,Kerala,Kerala City 1,5G,Postpaid,5.6
AIR101980,2024-01-22,Tamil Nadu,Tamil Nadu City 1,4G,Prepaid,1.9
AIR101981,2019-05-08,Maharashtra,Maharashtra City 2,4G,Prepaid,5.8
AIR101982,2021-05-02,Karnataka,Karnataka City 1,5G,Postpaid,3.9
AIR101983,2019-03-28,Tamil Nadu,Tamil Nadu City 3,4G,Postpaid,6.1
AIR101984,2022-01-09,Telangana,Telangana City 3,4G,Postpaid,3.3
AIR101985,2020-06-17,Kerala,Kerala City 1,5G,Enterprise,5
AIR101986,2021-04-03,Tamil Nadu,Tamil Nadu City 3,4G,Broadband,4.3
AIR101987,2023-02-16,Gujarat,Gujarat City 1,4G,Prepaid,2.5
AIR101988,2020-01-14,Kerala,Kerala City 3,5G,Prepaid,5.7
AIR101989,2020-03-31,Maharashtra,Maharashtra City 2,5G,Broadband,5.5
AIR101990,2024-03-17,Telangana,Telangana City 3,4G,Broadband,1.7
AIR101991,2019-11-14,Uttar Pradesh,Uttar Pradesh City 2,4G,Prepaid,6.1
AIR101992,2019-08-18,Rajasthan,Rajasthan City 2,4G,Postpaid,5.5
AIR101993,2020-05-22,Rajasthan,Rajasthan City 1,4G,Postpaid,4.8
AIR101994,2021-02-28,Rajasthan,Rajasthan City 2,4G,Postpaid,4.1
AIR101995,2023-03-31,Karnataka,Karnataka City 3,4G,Prepaid,2.1
AIR101996,2023-02-07,Maharashtra,Maharashtra City 3,5G,Broadband,2.4
AIR101997,2021-07-12,Telangana,Telangana City 2,5G,Postpaid,4
AIR101998,2021-01-29,Kerala,Kerala City 1,4G,Prepaid,4.5
AIR101999,2023-11-26,Karnataka,Karnataka City 2,4G,Postpaid,1.8
AIR102000,2020-03-21,Maharashtra,Maharashtra City 3,4G,Postpaid,5.6
AIR102001,2022-09-28,Uttar Pradesh,Uttar Pradesh City 3,4G,Broadband,3.1
AIR102002,2019-11-21,Gujarat,Gujarat City 2,4G,Prepaid,6.1
AIR102003,2021-05-26,Telangana,Telangana City 2,5G,Enterprise,3.7
AIR102004,2019-06-16,Rajasthan,Rajasthan City 2,4G,Prepaid,5.7
AIR102005,2020-08-03,Tamil Nadu,Tamil Nadu City 3,5G,Postpaid,4.7
AIR102006,2021-04-18,Telangana,Telangana City 3,4G,Postpaid,4.1
AIR102007,2023-05-19,West Bengal,West Bengal City 3,4G,Prepaid,2.1
AIR102008,2023-12-05,Maharashtra,Maharashtra City 1,4G,Postpaid,1.6
AIR102009,2024-02-06,Delhi,Delhi City 3,4G,Broadband,1.5
AIR102010,2022-01-14,Uttar Pradesh,Uttar Pradesh City 3,5G,Postpaid,3.7
AIR102011,2022-03-18,Gujarat,Gujarat City 1,5G,Postpaid,3.6
AIR102012,2021-02-10,Uttar Pradesh,Uttar Pradesh City 1,4G,Prepaid,4.8
AIR102013,2021-07-16,Telangana,Telangana City 1,4G,Prepaid,4.4
AIR102014,2021-08-13,Delhi,Delhi City 1,4G,Prepaid,3.5
AIR102015,2024-10-07,West Bengal,West Bengal City 1,5G,Enterprise,0.4
AIR102016,2020-08-28,Kerala,Kerala City 1,5G,Postpaid,4.6
AIR102017,2019-01-05,Tamil Nadu,Tamil Nadu City 2,4G,Enterprise,6.4
AIR102018,2024-10-31,Delhi,Delhi City 2,4G,Prepaid,0.6
AIR102019,2023-02-11,Maharashtra,Maharashtra City 2,4G,Postpaid,2.4
AIR102020,2021-09-28,Rajasthan,Rajasthan City 2,4G,Prepaid,3.9
AIR102021,2020-02-18,West Bengal,West Bengal City 3,4G,Postpaid,5.6
AIR102022,2020-12-15,Tamil Nadu,Tamil Nadu City 1,4G,Prepaid,4.8
AIR102023,2024-01-07,Gujarat,Gujarat City 3,5G,Prepaid,1.9
AIR102024,2024-07-07,Rajasthan,Rajasthan City 1,4G,Postpaid,1.4
AIR102025,2023-01-27,Telangana,Telangana City 1,4G,Prepaid,2.1
AIR102026,2021-02-21,Delhi,Delhi City 3,5G,Postpaid,4.1
AIR102027,2020-06-10,Tamil Nadu,Tamil Nadu City 2,4G,Postpaid,4.8
AIR102028,2019-01-01,Karnataka,Karnataka City 3,4G,Postpaid,6.4
AIR102029,2019-09-28,Kerala,Kerala City 3,4G,Enterprise,5.7
AIR102030,2021-12-07,Kerala,Kerala City 1,4G,Prepaid,3.6
AIR102031,2020-11-24,West Bengal,West Bengal City 1,4G,Postpaid,4.7
AIR102032,2024-07-15,Gujarat,Gujarat City 1,4G,Broadband,1.2
AIR102033,2024-06-18,West Bengal,West Bengal City 2,5G,Postpaid,1.3
AIR102034,2024-10-14,Karnataka,Karnataka City 3,4G,Prepaid,1.1
AIR102035,2023-09-06,Maharashtra,Maharashtra City 3,5G,Broadband,2.3
AIR102036,2024-07-27,Gujarat,Gujarat City 2,4G,Prepaid,0.6
AIR102037,2024-09-30,Uttar Pradesh,Uttar Pradesh City 3,5G,Prepaid,0.5
AIR102038,2024-07-14,Maharashtra,Maharashtra City 3,4G,Prepaid,0.8
AIR102039,2020-04-14,Gujarat,Gujarat City 1,5G,Prepaid,5.1
AIR102040,2019-12-03,Gujarat,Gujarat City 2,4G,Prepaid,5.5
AIR102041,2021-01-25,Karnataka,Karnataka City 1,4G,Prepaid,4.5
AIR102042,2023-09-16,Telangana,Telangana City 2,4G,Prepaid,1.9
AIR102043,2024-09-30,Karnataka,Karnataka City 1,5G,Prepaid,1
AIR102044,2020-02-17,Gujarat,Gujarat City 3,4G,Prepaid,5.7
AIR102045,2019-01-08,Tamil Nadu,Tamil Nadu City 2,4G,Postpaid,6.9
AIR102046,2019-09-04,Maharashtra,Maharashtra City 2,4G,Prepaid,6.3
AIR102047,2020-02-16,Karnataka,Karnataka City 1,5G,Prepaid,5
AIR102048,2023-04-13,Telangana,Telangana City 2,4G,Prepaid,1.9
AIR102049,2022-09-30,Delhi,Delhi City 3,5G,Prepaid,2.5
AIR102050,2019-08-23,West Bengal,West Bengal City 3,5G,Prepaid,5.7
AIR102051,2020-08-10,Gujarat,Gujarat City 3,4G,Prepaid,4.8
AIR102052,2023-01-08,Uttar Pradesh,Uttar Pradesh City 1,4G,Postpaid,2.5
AIR102053,2019-08-21,Delhi,Delhi City 2,5G,Postpaid,6
AIR102054,2024-03-20,Kerala,Kerala City 1,4G,Broadband,1.5
AIR102055,2024-04-28,Rajasthan,Rajasthan City 3,4G,Postpaid,1.5
AIR102056,2024-03-01,Telangana,Telangana City 2,5G,Postpaid,1.7
AIR102057,2019-11-06,Uttar Pradesh,Uttar Pradesh City 3,5G,Prepaid,6.1
AIR102058,2021-08-01,Rajasthan,Rajasthan City 2,5G,Postpaid,3.5
AIR102059,2021-06-26,Telangana,Telangana City 2,4G,Prepaid,3.7
AIR102060,2023-05-20,Tamil Nadu,Tamil Nadu City 1,4G,Postpaid,1.9
AIR102061,2024-09-30,West Bengal,West Bengal City 2,4G,Prepaid,0.6
AIR102062,2020-06-29,Delhi,Delhi City 3,4G,Postpaid,5
AIR102063,2019-12-22,Maharashtra,Maharashtra City 2,4G,Broadband,5.6
AIR102064,2021-04-14,Telangana,Telangana City 3,4G,Broadband,4.3
AIR102065,2023-06-22,Maharashtra,Maharashtra City 1,4G,Prepaid,2.2
AIR102066,2023-01-05,West Bengal,West Bengal City 3,5G,Prepaid,2.8
AIR102067,2021-05-26,Gujarat,Gujarat City 2,5G,Broadband,4.5
AIR102068,2024-01-16,Kerala,Kerala City 3,5G,Postpaid,1.9
AIR102069,2023-06-25,Delhi,Delhi City 3,4G,Postpaid,1.6
AIR102070,2022-02-16,West Bengal,West Bengal City 2,4G,Postpaid,3.1
AIR102071,2023-08-03,West Bengal,West Bengal City 3,5G,Postpaid,1.7
AIR102072,2022-10-26,Tamil Nadu,Tamil Nadu City 2,4G,Enterprise,2.6
AIR102073,2021-01-06,Rajasthan,Rajasthan City 1,4G,Postpaid,4.4
AIR102074,2023-11-26,Kerala,Kerala City 3,4G,Postpaid,1.6
AIR102075,2024-01-16,Delhi,Delhi City 1,4G,Postpaid,1.6
AIR102076,2023-02-03,Gujarat,Gujarat City 3,4G,Broadband,2.6
AIR102077,2019-06-05,Gujarat,Gujarat City 3,5G,Postpaid,6.4
AIR102078,2021-07-22,Karnataka,Karnataka City 1,5G,Postpaid,4.3
AIR102079,2020-07-29,West Bengal,West Bengal City 3,4G,Enterprise,5.4
AIR102080,2022-08-26,Telangana,Telangana City 3,4G,Postpaid,2.5
AIR102081,2019-09-05,Tamil Nadu,Tamil Nadu City 1,5G,Prepaid,5.5
AIR102082,2022-12-22,Kerala,Kerala City 3,4G,Postpaid,2.3
AIR102083,2021-12-03,Gujarat,Gujarat City 2,4G,Postpaid,3.4
AIR102084,2020-03-28,Delhi,Delhi City 3,5G,Prepaid,5.2
AIR102085,2022-02-16,Karnataka,Karnataka City 3,5G,Postpaid,3.4
AIR102086,2021-06-27,Delhi,Delhi City 3,5G,Postpaid,4.1
AIR102087,2021-07-28,Tamil Nadu,Tamil Nadu City 1,4G,Postpaid,4.1
AIR102088,2021-12-29,Telangana,Telangana City 2,4G,Postpaid,3.8
AIR102089,2019-09-24,Karnataka,Karnataka City 2,5G,Postpaid,6.1
AIR102090,2023-01-01,Karnataka,Karnataka City 3,4G,Enterprise,3
AIR102091,2022-04-25,Rajasthan,Rajasthan City 1,5G,Prepaid,2.8
AIR102092,2019-03-02,Kerala,Kerala City 1,4G,Prepaid,6
AIR102093,2024-12-19,Karnataka,Karnataka City 2,5G,Prepaid,0.3
AIR102094,2019-06-04,Rajasthan,Rajasthan City 1,4G,Postpaid,5.9
AIR102095,2020-12-22,Rajasthan,Rajasthan City 3,4G,Prepaid,4.5
AIR102096,2019-01-07,Tamil Nadu,Tamil Nadu City 3,4G,Prepaid,6.5
AIR102097,2020-06-06,Maharashtra,Maharashtra City 1,5G,Postpaid,5.2
AIR102098,2023-10-02,Delhi,Delhi City 3,4G,Prepaid,2
AIR102099,2019-09-08,Telangana,Telangana City 2,4G,Postpaid,6.1
AIR102100,2023-05-19,Uttar Pradesh,Uttar Pradesh City 3,5G,Postpaid,2.5
AIR102101,2023-07-22,Delhi,Delhi City 1,4G,Postpaid,2.4
AIR102102,2024-12-07,Karnataka,Karnataka City 2,4G,Prepaid,0.2
AIR102103,2024-09-26,Telangana,Telangana City 3,4G,Postpaid,0.5
AIR102104,2024-03-27,Gujarat,Gujarat City 2,5G,Prepaid,1.1
AIR102105,2022-07-09,Maharashtra,Maharashtra City 1,4G,Broadband,2.9
AIR102106,2023-11-23,Gujarat,Gujarat City 3,4G,Broadband,1.6
AIR102107,2023-01-08,Gujarat,Gujarat City 3,5G,Prepaid,2.5
AIR102108,2023-02-11,Kerala,Kerala City 2,4G,Prepaid,2.5
AIR102109,2022-06-08,Delhi,Delhi City 3,4G,Prepaid,3.3
AIR102110,2019-08-12,Uttar Pradesh,Uttar Pradesh City 3,4G,Prepaid,6.2
AIR102111,2020-12-19,Tamil Nadu,Tamil Nadu City 3,5G,Postpaid,4.9
AIR102112,2021-08-06,Uttar Pradesh,Uttar Pradesh City 3,4G,Postpaid,4.4
AIR102113,2019-01-28,Gujarat,Gujarat City 1,5G,Prepaid,6.1
AIR102114,2021-06-19,Karnataka,Karnataka City 3,5G,Postpaid,3.7
AIR102115,2021-04-28,Maharashtra,Maharashtra City 2,4G,Broadband,4
AIR102116,2019-04-11,West Bengal,West Bengal City 1,5G,Postpaid,6.1
AIR102117,2024-10-06,Uttar Pradesh,Uttar Pradesh City 2,4G,Prepaid,0.7
AIR102118,2020-02-19,Gujarat,Gujarat City 2,4G,Postpaid,5.4
AIR102119,2024-02-03,Maharashtra,Maharashtra City 2,4G,Postpaid,1.5
AIR102120,2023-01-28,Telangana,Telangana City 1,5G,Broadband,2.6
AIR102121,2022-12-24,Delhi,Delhi City 1,4G,Prepaid,2.8
AIR102122,2023-12-07,Rajasthan,Rajasthan City 1,4G,Prepaid,1.9
AIR102123,2020-02-25,Kerala,Kerala City 3,4G,Postpaid,5.8
AIR102124,2019-01-21,Maharashtra,Maharashtra City 2,4G,Postpaid,6.1
AIR102125,2020-09-27,Karnataka,Karnataka City 1,4G,Postpaid,4.5
AIR102126,2020-04-08,Karnataka,Karnataka City 2,4G,Prepaid,5
AIR102127,2024-11-14,Maharashtra,Maharashtra City 1,4G,Postpaid,0.5
AIR102128,2023-02-24,Karnataka,Karnataka City 1,4G,Prepaid,2.3
AIR102129,2019-01-24,Delhi,Delhi City 1,4G,Prepaid,6.5
AIR102130,2020-01-31,Karnataka,Karnataka City 2,4G,Postpaid,5.5
AIR102131,2022-11-28,Uttar Pradesh,Uttar Pradesh City 3,5G,Prepaid,2.8
AIR102132,2024-06-12,Rajasthan,Rajasthan City 1,5G,Prepaid,1.3
AIR102133,2024-02-13,Karnataka,Karnataka City 1,4G,Postpaid,1.8
AIR102134,2024-10-02,Rajasthan,Rajasthan City 1,4G,Postpaid,1.2
AIR102135,2021-10-10,Gujarat,Gujarat City 3,5G,Prepaid,3.4
AIR102136,2020-02-26,Tamil Nadu,Tamil Nadu City 2,5G,Postpaid,5
AIR102137,2019-05-11,Delhi,Delhi City 2,4G,Prepaid,5.9
AIR102138,2020-02-24,Tamil Nadu,Tamil Nadu City 2,4G,Prepaid,5.2
AIR102139,2024-06-03,Gujarat,Gujarat City 2,4G,Postpaid,1
AIR102140,2021-02-13,Delhi,Delhi City 1,4G,Prepaid,4.4
AIR102141,2021-12-27,Maharashtra,Maharashtra City 3,4G,Enterprise,3.6
AIR102142,2023-05-17,Maharashtra,Maharashtra City 1,5G,Prepaid,2.3
AIR102143,2022-11-27,Rajasthan,Rajasthan City 3,4G,Postpaid,2.9
AIR102144,2019-06-24,Gujarat,Gujarat City 2,5G,Broadband,6.4
AIR102145,2022-07-27,Rajasthan,Rajasthan City 3,5G,Enterprise,3.4
AIR102146,2020-04-08,Kerala,Kerala City 1,5G,Prepaid,4.9
AIR102147,2020-01-25,Karnataka,Karnataka City 1,5G,Broadband,5.1
AIR102148,2019-05-16,West Bengal,West Bengal City 2,5G,Enterprise,5.9
AIR102149,2020-08-23,Kerala,Kerala City 1,4G,Prepaid,4.7
AIR102150,2020-09-10,Karnataka,Karnataka City 1,5G,Postpaid,4.8
AIR102151,2023-04-26,Delhi,Delhi City 3,5G,Prepaid,2.2
AIR102152,2024-06-23,Rajasthan,Rajasthan City 1,4G,Postpaid,1.1
AIR102153,2022-11-11,Delhi,Delhi City 2,5G,Postpaid,2.8
AIR102154,2019-01-09,Delhi,Delhi City 2,5G,Prepaid,6.8
AIR102155,2022-04-18,Karnataka,Karnataka City 1,5G,Postpaid,3.6
AIR102156,2023-09-18,Gujarat,Gujarat City 2,4G,Prepaid,2.2
AIR102157,2020-08-16,Karnataka,Karnataka City 3,4G,Broadband,4.5
AIR102158,2020-08-28,Telangana,Telangana City 3,4G,Prepaid,4.5
AIR102159,2024-04-08,Maharashtra,Maharashtra City 1,4G,Postpaid,1
AIR102160,2023-01-09,Maharashtra,Maharashtra City 1,4G,Prepaid,2.3
AIR102161,2024-12-03,Kerala,Kerala City 3,4G,Prepaid,0.5
AIR102162,2023-08-23,Maharashtra,Maharashtra City 2,5G,Postpaid,1.9
AIR102163,2022-07-30,Karnataka,Karnataka City 1,4G,Prepaid,3
AIR102164,2022-05-21,Uttar Pradesh,Uttar Pradesh City 1,4G,Postpaid,3.3
AIR102165,2023-08-15,Rajasthan,Rajasthan City 2,4G,Broadband,2.2
AIR102166,2023-08-29,Karnataka,Karnataka City 1,4G,Prepaid,2.2
AIR102167,2021-11-14,Karnataka,Karnataka City 2,4G,Broadband,4.1
AIR102168,2023-10-02,West Bengal,West Bengal City 2,4G,Prepaid,1.4
AIR102169,2019-08-21,Rajasthan,Rajasthan City 2,4G,Prepaid,5.6
AIR102170,2023-03-20,Telangana,Telangana City 2,4G,Prepaid,2.1
AIR102171,2020-11-15,Maharashtra,Maharashtra City 2,4G,Enterprise,4.5
AIR102172,2021-08-06,Rajasthan,Rajasthan City 3,4G,Prepaid,3.9
AIR102173,2019-11-01,Maharashtra,Maharashtra City 2,4G,Broadband,5.7
AIR102174,2024-06-23,Kerala,Kerala City 3,4G,Enterprise,1.1
AIR102175,2024-05-25,Rajasthan,Rajasthan City 2,4G,Prepaid,1.3
AIR102176,2023-01-28,Maharashtra,Maharashtra City 1,5G,Postpaid,2.7
AIR102177,2019-05-10,Telangana,Telangana City 3,5G,Postpaid,6.5
AIR102178,2019-07-06,Tamil Nadu,Tamil Nadu City 1,4G,Prepaid,6.4
AIR102179,2022-12-15,Delhi,Delhi City 2,4G,Prepaid,2.2
AIR102180,2023-04-14,Delhi,Delhi City 2,4G,Prepaid,1.9
AIR102181,2024-03-24,Telangana,Telangana City 1,4G,Postpaid,1.1
AIR102182,2019-10-05,West Bengal,West Bengal City 2,5G,Postpaid,5.6
AIR102183,2023-01-22,Tamil Nadu,Tamil Nadu City 1,5G,Prepaid,2.4
AIR102184,2021-02-25,Kerala,Kerala City 2,5G,Prepaid,4.4
AIR102185,2022-06-09,Telangana,Telangana City 2,5G,Broadband,3.2
AIR102186,2024-02-21,Delhi,Delhi City 3,5G,Prepaid,1.6
AIR102187,2019-12-31,Delhi,Delhi City 1,4G,Postpaid,5.8
AIR102188,2023-02-10,Delhi,Delhi City 2,4G,Prepaid,2.8
AIR102189,2020-04-12,Gujarat,Gujarat City 1,5G,Broadband,5.7
AIR102190,2023-07-07,Telangana,Telangana City 3,4G,Broadband,1.6
AIR102191,2024-04-08,Karnataka,Karnataka City 1,4G,Prepaid,0.9
AIR102192,2024-06-18,Kerala,Kerala City 3,4G,Prepaid,0.8
AIR102193,2022-07-21,Delhi,Delhi City 1,5G,Postpaid,2.8
AIR102194,2022-09-13,Maharashtra,Maharashtra City 1,4G,Prepaid,2.8
AIR102195,2024-01-22,Telangana,Telangana City 3,5G,Prepaid,1.5
AIR102196,2024-07-21,Gujarat,Gujarat City 2,5G,Postpaid,1.1
AIR102197,2022-05-02,Telangana,Telangana City 2,5G,Prepaid,3.4
AIR102198,2019-09-29,Kerala,Kerala City 2,5G,Prepaid,6
AIR102199,2022-08-16,Gujarat,Gujarat City 1,5G,Postpaid,3.2
AIR102200,2019-11-27,Kerala,Kerala City 1,4G,Postpaid,6.1
AIR102201,2023-11-11,Telangana,Telangana City 2,5G,Prepaid,1.3
AIR102202,2024-01-02,Karnataka,Karnataka City 1,4G,Postpaid,1.2
AIR102203,2024-01-10,Kerala,Kerala City 1,4G,Postpaid,1.3
AIR102204,2024-10-29,Gujarat,Gujarat City 2,4G,Postpaid,0.5
AIR102205,2021-05-10,Gujarat,Gujarat City 3,4G,Prepaid,4.1
AIR102206,2024-12-13,Kerala,Kerala City 1,4G,Prepaid,0.6
AIR102207,2024-01-20,Uttar Pradesh,Uttar Pradesh City 1,4G,Broadband,1.6
AIR102208,2019-05-10,Telangana,Telangana City 1,4G,Broadband,6.4
AIR102209,2023-11-27,Uttar Pradesh,Uttar Pradesh City 1,5G,Postpaid,1.9
AIR102210,2023-04-08,West Bengal,West Bengal City 3,4G,Prepaid,2.6
AIR102211,2023-03-28,Telangana,Telangana City 2,4G,Postpaid,2.7
AIR102212,2021-08-27,Kerala,Kerala City 1,4G,Broadband,3.5
AIR102213,2023-12-09,Tamil Nadu,Tamil Nadu City 2,4G,Prepaid,1.3
AIR102214,2020-08-20,Kerala,Kerala City 1,5G,Prepaid,4.7
AIR102215,2020-09-06,Uttar Pradesh,Uttar Pradesh City 3,4G,Postpaid,4.7
AIR102216,2022-03-12,Karnataka,Karnataka City 2,5G,Broadband,3.3
AIR102217,2020-02-27,Kerala,Kerala City 3,4G,Prepaid,5.4
AIR102218,2024-02-08,Kerala,Kerala City 1,4G,Postpaid,1.5
AIR102219,2024-05-06,Karnataka,Karnataka City 3,4G,Postpaid,1.4
AIR102220,2020-11-18,Kerala,Kerala City 3,4G,Postpaid,4.9
AIR102221,2019-05-27,Delhi,Delhi City 1,4G,Postpaid,6.5
AIR102222,2024-08-21,Tamil Nadu,Tamil Nadu City 1,4G,Postpaid,1.3
AIR102223,2024-02-07,Maharashtra,Maharashtra City 2,4G,Prepaid,1
AIR102224,2024-04-11,Tamil Nadu,Tamil Nadu City 1,5G,Prepaid,0.9
AIR102225,2024-10-03,Kerala,Kerala City 2,5G,Postpaid,0.5
AIR102226,2022-02-19,Delhi,Delhi City 3,4G,Prepaid,3.2
AIR102227,2023-06-06,Telangana,Telangana City 3,4G,Postpaid,2
AIR102228,2024-06-07,Kerala,Kerala City 2,4G,Postpaid,1.1
AIR102229,2023-05-02,Uttar Pradesh,Uttar Pradesh City 1,5G,Prepaid,2.3
AIR102230,2024-03-14,Delhi,Delhi City 1,4G,Postpaid,1.5
AIR102231,2024-07-27,Karnataka,Karnataka City 3,4G,Postpaid,1.2
AIR102232,2023-08-23,Delhi,Delhi City 2,4G,Prepaid,2.2
AIR102233,2020-07-05,Karnataka,Karnataka City 3,4G,Postpaid,5.4
AIR102234,2020-12-26,West Bengal,West Bengal City 3,4G,Broadband,4.1
AIR102235,2022-03-23,Maharashtra,Maharashtra City 1,4G,Prepaid,3
AIR102236,2019-06-15,Rajasthan,Rajasthan City 2,5G,Postpaid,5.8
AIR102237,2021-02-22,Delhi,Delhi City 3,5G,Prepaid,4.2
AIR102238,2023-04-09,Gujarat,Gujarat City 1,4G,Prepaid,2.2
AIR102239,2020-02-05,Uttar Pradesh,Uttar Pradesh City 3,4G,Prepaid,5.4
AIR102240,2019-04-25,Kerala,Kerala City 3,4G,Postpaid,6.3
AIR102241,2019-12-17,Uttar Pradesh,Uttar Pradesh City 1,5G,Prepaid,5.7
AIR102242,2021-05-25,Tamil Nadu,Tamil Nadu City 1,5G,Prepaid,4.4
AIR102243,2022-06-03,Rajasthan,Rajasthan City 2,4G,Postpaid,3.5
AIR102244,2020-09-05,Tamil Nadu,Tamil Nadu City 3,4G,Prepaid,5.3
AIR102245,2019-05-11,West Bengal,West Bengal City 2,4G,Prepaid,5.8
AIR102246,2023-03-28,Rajasthan,Rajasthan City 1,4G,Prepaid,2
AIR102247,2024-05-08,Rajasthan,Rajasthan City 1,5G,Prepaid,0.9
AIR102248,2019-06-30,Tamil Nadu,Tamil Nadu City 3,5G,Postpaid,5.9
AIR102249,2019-12-15,Karnataka,Karnataka City 2,4G,Prepaid,5.5
AIR102250,2019-06-10,Tamil Nadu,Tamil Nadu City 2,4G,Prepaid,6.1
AIR102251,2019-04-24,Uttar Pradesh,Uttar Pradesh City 3,5G,Broadband,6.3
AIR102252,2024-08-27,Karnataka,Karnataka City 3,4G,Broadband,1.1
AIR102253,2022-09-27,Uttar Pradesh,Uttar Pradesh City 2,5G,Broadband,3
AIR102254,2023-01-25,West Bengal,West Bengal City 1,4G,Broadband,2.8
AIR102255,2023-06-17,Kerala,Kerala City 1,5G,Postpaid,2.5
AIR102256,2019-05-23,Telangana,Telangana City 3,4G,Postpaid,5.7
AIR102257,2024-01-11,Karnataka,Karnataka City 2,4G,Postpaid,1.2
AIR102258,2024-06-18,West Bengal,West Bengal City 2,4G,Postpaid,0.8
AIR102259,2024-10-10,Gujarat,Gujarat City 2,4G,Postpaid,0.6
AIR102260,2020-08-18,West Bengal,West Bengal City 1,4G,Prepaid,4.8
AIR102261,2021-07-28,Tamil Nadu,Tamil Nadu City 1,5G,Broadband,4
AIR102262,2022-07-23,Tamil Nadu,Tamil Nadu City 2,5G,Postpaid,3.1
AIR102263,2022-08-11,Telangana,Telangana City 2,4G,Broadband,3.1
AIR102264,2022-02-26,West Bengal,West Bengal City 3,4G,Prepaid,3.6
AIR102265,2019-12-30,Maharashtra,Maharashtra City 3,5G,Prepaid,5.9
AIR102266,2021-12-26,Kerala,Kerala City 2,5G,Prepaid,4
AIR102267,2024-09-25,Tamil Nadu,Tamil Nadu City 2,4G,Postpaid,0.4
AIR102268,2022-10-29,Telangana,Telangana City 1,5G,Prepaid,2.4
AIR102269,2020-10-21,Kerala,Kerala City 2,4G,Prepaid,4.5
AIR102270,2022-03-06,West Bengal,West Bengal City 3,4G,Prepaid,3.2
AIR102271,2021-03-06,West Bengal,West Bengal City 1,4G,Prepaid,4.3
AIR102272,2019-02-04,Rajasthan,Rajasthan City 3,5G,Postpaid,6.4
AIR102273,2024-03-31,Telangana,Telangana City 3,4G,Broadband,1.4
AIR102274,2019-09-15,Tamil Nadu,Tamil Nadu City 1,4G,Prepaid,6
AIR102275,2019-09-27,Maharashtra,Maharashtra City 3,4G,Postpaid,6.1
AIR102276,2024-06-23,West Bengal,West Bengal City 2,4G,Prepaid,1.4
AIR102277,2022-09-09,Maharashtra,Maharashtra City 3,4G,Prepaid,3.3
AIR102278,2021-08-11,West Bengal,West Bengal City 1,4G,Postpaid,3.5
AIR102279,2023-09-22,Tamil Nadu,Tamil Nadu City 1,4G,Postpaid,1.5
AIR102280,2023-02-19,Kerala,Kerala City 1,4G,Broadband,2.2
AIR102281,2023-05-06,Delhi,Delhi City 3,5G,Postpaid,2
AIR102282,2023-10-08,Kerala,Kerala City 2,4G,Broadband,1.7
AIR102283,2024-05-28,West Bengal,West Bengal City 1,5G,Prepaid,1.1
AIR102284,2024-12-12,Uttar Pradesh,Uttar Pradesh City 2,4G,Prepaid,0.7
AIR102285,2022-10-24,Delhi,Delhi City 1,4G,Prepaid,2.9
AIR102286,2021-08-02,Delhi,Delhi City 2,4G,Postpaid,4.2
AIR102287,2024-12-22,Maharashtra,Maharashtra City 2,4G,Prepaid,0.9
AIR102288,2024-03-22,Telangana,Telangana City 2,4G,Prepaid,1.7
AIR102289,2021-02-28,Maharashtra,Maharashtra City 1,5G,Postpaid,4
AIR102290,2019-10-27,Maharashtra,Maharashtra City 3,5G,Prepaid,5.4
AIR102291,2022-08-14,Uttar Pradesh,Uttar Pradesh City 3,4G,Prepaid,2.7
AIR102292,2020-01-09,Kerala,Kerala City 3,4G,Prepaid,5.3
AIR102293,2024-06-02,Kerala,Kerala City 2,5G,Prepaid,1
AIR102294,2024-10-10,Gujarat,Gujarat City 1,4G,Postpaid,0.8
AIR102295,2021-12-13,West Bengal,West Bengal City 2,4G,Postpaid,3.7
AIR102296,2020-04-18,Uttar Pradesh,Uttar Pradesh City 1,5G,Prepaid,5.4
AIR102297,2019-04-22,Gujarat,Gujarat City 2,5G,Prepaid,6.5
AIR102298,2021-09-16,Tamil Nadu,Tamil Nadu City 1,4G,Broadband,4.2
AIR102299,2020-09-10,West Bengal,West Bengal City 1,4G,Postpaid,5.3
AIR102300,2021-03-05,West Bengal,West Bengal City 1,4G,Postpaid,4
AIR102301,2021-06-01,Rajasthan,Rajasthan City 2,5G,Postpaid,3.8
AIR102302,2023-08-31,Rajasthan,Rajasthan City 3,5G,Prepaid,1.6
AIR102303,2023-06-16,Karnataka,Karnataka City 2,4G,Enterprise,1.9
AIR102304,2022-01-13,Karnataka,Karnataka City 2,5G,Postpaid,3.4
AIR102305,2022-01-03,Maharashtra,Maharashtra City 1,5G,Prepaid,3.5
AIR102306,2020-08-18,Tamil Nadu,Tamil Nadu City 1,4G,Prepaid,5
AIR102307,2020-05-22,Delhi,Delhi City 3,5G,Prepaid,5.3
AIR102308,2024-07-28,Delhi,Delhi City 3,5G,Prepaid,1.2
AIR102309,2022-11-18,Rajasthan,Rajasthan City 1,4G,Broadband,3
AIR102310,2024-08-24,Rajasthan,Rajasthan City 3,4G,Broadband,1.3
AIR102311,2022-07-10,Rajasthan,Rajasthan City 3,5G,Prepaid,2.6
AIR102312,2021-07-14,Uttar Pradesh,Uttar Pradesh City 1,4G,Prepaid,3.7
AIR102313,2024-10-26,Telangana,Telangana City 2,4G,Postpaid,0.5
AIR102314,2019-08-17,Karnataka,Karnataka City 3,5G,Prepaid,5.7
AIR102315,2023-11-04,Uttar Pradesh,Uttar Pradesh City 1,5G,Postpaid,1.6
AIR102316,2021-03-27,Kerala,Kerala City 3,5G,Postpaid,4.3
AIR102317,2021-05-18,Delhi,Delhi City 3,4G,Postpaid,4.2
AIR102318,2020-03-22,West Bengal,West Bengal City 1,4G,Postpaid,5.5
AIR102319,2021-03-08,Karnataka,Karnataka City 3,4G,Postpaid,4.6
AIR102320,2022-05-18,Gujarat,Gujarat City 3,5G,Enterprise,3.5
AIR102321,2022-08-02,Kerala,Kerala City 3,4G,Prepaid,3.4
AIR102322,2020-04-13,Karnataka,Karnataka City 2,4G,Broadband,4.8
AIR102323,2021-05-03,Uttar Pradesh,Uttar Pradesh City 2,5G,Prepaid,3.9
AIR102324,2024-07-12,Tamil Nadu,Tamil Nadu City 3,4G,Prepaid,0.8
AIR102325,2022-01-28,West Bengal,West Bengal City 1,5G,Prepaid,3.3
AIR102326,2023-06-09,Karnataka,Karnataka City 3,5G,Postpaid,2
AIR102327,2020-12-25,Telangana,Telangana City 3,4G,Prepaid,4.6
AIR102328,2023-05-18,Rajasthan,Rajasthan City 2,4G,Broadband,2.2
AIR102329,2023-01-10,Rajasthan,Rajasthan City 2,4G,Postpaid,2.7
AIR102330,2023-02-14,West Bengal,West Bengal City 2,4G,Prepaid,2.7
AIR102331,2019-04-03,Uttar Pradesh,Uttar Pradesh City 3,5G,Postpaid,6.6
AIR102332,2022-06-30,Rajasthan,Rajasthan City 3,5G,Broadband,3.5
AIR102333,2020-07-14,Karnataka,Karnataka City 1,4G,Postpaid,4.6
AIR102334,2023-07-15,Gujarat,Gujarat City 3,4G,Prepaid,1.7
AIR102335,2020-06-29,Delhi,Delhi City 3,4G,Broadband,4.8
AIR102336,2021-02-16,Delhi,Delhi City 2,4G,Postpaid,4.2
AIR102337,2019-07-07,Kerala,Kerala City 2,4G,Prepaid,5.9
AIR102338,2020-08-30,Maharashtra,Maharashtra City 2,4G,Prepaid,4.9
AIR102339,2020-11-05,Tamil Nadu,Tamil Nadu City 2,4G,Postpaid,4.8
AIR102340,2024-12-26,West Bengal,West Bengal City 2,4G,Broadband,0.7
AIR102341,2022-01-08,Kerala,Kerala City 1,5G,Prepaid,3.8
AIR102342,2023-06-15,Maharashtra,Maharashtra City 1,4G,Prepaid,2.4
AIR102343,2022-07-03,Uttar Pradesh,Uttar Pradesh City 1,5G,Broadband,3.5
AIR102344,2022-07-04,Telangana,Telangana City 2,4G,Prepaid,2.6
AIR102345,2019-08-06,Telangana,Telangana City 2,5G,Broadband,5.6
AIR102346,2022-09-02,Tamil Nadu,Tamil Nadu City 2,4G,Prepaid,2.6
AIR102347,2020-08-13,Rajasthan,Rajasthan City 1,5G,Postpaid,4.8
AIR102348,2020-11-09,Karnataka,Karnataka City 2,5G,Prepaid,4.6
AIR102349,2020-09-07,Kerala,Kerala City 1,4G,Broadband,4.9
AIR102350,2021-04-29,Kerala,Kerala City 2,4G,Postpaid,4.3
AIR102351,2024-06-30,West Bengal,West Bengal City 3,5G,Broadband,1.2
AIR102352,2020-12-27,West Bengal,West Bengal City 1,5G,Postpaid,4.8
AIR102353,2019-03-16,Telangana,Telangana City 3,5G,Prepaid,6.7
AIR102354,2019-12-02,Telangana,Telangana City 1,5G,Prepaid,6
AIR102355,2021-03-14,Gujarat,Gujarat City 2,4G,Postpaid,3.9
AIR102356,2021-05-04,Gujarat,Gujarat City 2,4G,Postpaid,3.9
AIR102357,2023-05-25,Rajasthan,Rajasthan City 3,4G,Broadband,1.9
AIR102358,2019-12-29,Gujarat,Gujarat City 2,5G,Prepaid,5.4
AIR102359,2024-07-14,Karnataka,Karnataka City 1,4G,Postpaid,0.9
AIR102360,2022-02-03,Karnataka,Karnataka City 2,4G,Enterprise,3.4
AIR102361,2024-10-18,Kerala,Kerala City 2,5G,Prepaid,0.8
AIR102362,2024-09-06,Delhi,Delhi City 1,5G,Broadband,1
AIR102363,2021-06-23,Karnataka,Karnataka City 3,4G,Prepaid,4.3
AIR102364,2024-05-12,Maharashtra,Maharashtra City 3,4G,Postpaid,1.5
AIR102365,2023-03-11,Telangana,Telangana City 2,4G,Prepaid,2.8
AIR102366,2024-11-09,West Bengal,West Bengal City 1,4G,Prepaid,0.3
AIR102367,2024-02-24,Gujarat,Gujarat City 3,5G,Prepaid,1.1
AIR102368,2019-12-29,Kerala,Kerala City 3,4G,Enterprise,5.3
AIR102369,2024-09-16,Tamil Nadu,Tamil Nadu City 2,5G,Broadband,0.7
AIR102370,2023-10-21,West Bengal,West Bengal City 1,5G,Prepaid,1.7
AIR102371,2023-09-03,Maharashtra,Maharashtra City 3,4G,Enterprise,1.9
AIR102372,2022-02-07,Gujarat,Gujarat City 2,4G,Postpaid,3.5
AIR102373,2019-05-24,Maharashtra,Maharashtra City 2,4G,Broadband,6.3
AIR102374,2021-12-05,Telangana,Telangana City 2,4G,Prepaid,3.9
AIR102375,2023-05-15,Telangana,Telangana City 2,4G,Prepaid,2.5
AIR102376,2024-12-25,Rajasthan,Rajasthan City 3,5G,Postpaid,1
AIR102377,2021-07-20,Kerala,Kerala City 1,4G,Prepaid,3.6
AIR102378,2019-12-07,West Bengal,West Bengal City 2,5G,Postpaid,5.3
AIR102379,2023-05-21,Uttar Pradesh,Uttar Pradesh City 2,4G,Prepaid,1.9
AIR102380,2019-10-29,Uttar Pradesh,Uttar Pradesh City 3,4G,Prepaid,5.5
AIR102381,2024-12-05,West Bengal,West Bengal City 2,5G,Prepaid,0.5
AIR102382,2023-10-27,Tamil Nadu,Tamil Nadu City 2,4G,Enterprise,1.7
AIR102383,2019-05-31,Kerala,Kerala City 1,4G,Prepaid,6.2
AIR102384,2022-04-05,Maharashtra,Maharashtra City 2,4G,Prepaid,3.4
AIR102385,2021-02-10,Tamil Nadu,Tamil Nadu City 3,4G,Postpaid,4.7
AIR102386,2022-12-19,Delhi,Delhi City 1,5G,Postpaid,2.9
AIR102387,2023-11-30,West Bengal,West Bengal City 3,4G,Postpaid,2
AIR102388,2021-09-23,Maharashtra,Maharashtra City 1,4G,Postpaid,3.4
AIR102389,2020-09-23,Uttar Pradesh,Uttar Pradesh City 1,4G,Prepaid,4.5
AIR102390,2019-12-28,Karnataka,Karnataka City 2,5G,Prepaid,5.3
AIR102391,2019-04-06,Rajasthan,Rajasthan City 2,4G,Postpaid,6.1
AIR102392,2019-10-19,Uttar Pradesh,Uttar Pradesh City 2,4G,Broadband,5.7
AIR102393,2024-09-05,Kerala,Kerala City 3,4G,Postpaid,0.9
AIR102394,2019-11-01,Telangana,Telangana City 2,4G,Prepaid,5.8
AIR102395,2021-02-07,Karnataka,Karnataka City 2,4G,Prepaid,4.6
AIR102396,2021-09-12,Rajasthan,Rajasthan City 1,4G,Prepaid,4.1
AIR102397,2019-07-24,Rajasthan,Rajasthan City 2,4G,Postpaid,6.3
AIR102398,2021-05-16,Delhi,Delhi City 2,4G,Prepaid,4.6
AIR102399,2021-10-11,Delhi,Delhi City 2,4G,Prepaid,3.3
AIR102400,2020-10-23,Gujarat,Gujarat City 2,5G,Prepaid,4.4
AIR102401,2020-11-09,Uttar Pradesh,Uttar Pradesh City 1,5G,Postpaid,4.4
AIR102402,2019-10-27,Uttar Pradesh,Uttar Pradesh City 2,4G,Prepaid,5.5
AIR102403,2019-09-15,Uttar Pradesh,Uttar Pradesh City 1,4G,Postpaid,5.7
AIR102404,2019-08-28,Gujarat,Gujarat City 3,4G,Postpaid,5.9
AIR102405,2019-07-14,Tamil Nadu,Tamil Nadu City 2,5G,Prepaid,6.1
AIR102406,2023-04-01,Rajasthan,Rajasthan City 2,4G,Postpaid,2.5
AIR102407,2023-11-12,Karnataka,Karnataka City 2,5G,Prepaid,1.9
AIR102408,2019-12-22,Kerala,Kerala City 1,4G,Prepaid,5.9
AIR102409,2020-07-18,Rajasthan,Rajasthan City 2,4G,Postpaid,5.4
AIR102410,2019-11-04,Delhi,Delhi City 2,5G,Postpaid,5.3
AIR102411,2020-02-13,Maharashtra,Maharashtra City 3,5G,Postpaid,5.1
AIR102412,2020-06-04,Telangana,Telangana City 1,5G,Postpaid,4.9
AIR102413,2023-03-27,Gujarat,Gujarat City 1,4G,Broadband,2.1
AIR102414,2023-07-01,West Bengal,West Bengal City 3,4G,Prepaid,2
AIR102415,2024-02-20,Maharashtra,Maharashtra City 1,4G,Postpaid,1.4
AIR102416,2022-04-08,Kerala,Kerala City 2,4G,Postpaid,3.4
AIR102417,2024-02-04,Uttar Pradesh,Uttar Pradesh City 2,4G,Prepaid,1.6
AIR102418,2020-10-12,Delhi,Delhi City 3,4G,Prepaid,5
AIR102419,2024-11-28,Delhi,Delhi City 1,4G,Postpaid,1
AIR102420,2021-10-25,Delhi,Delhi City 1,4G,Prepaid,4.1
AIR102421,2023-04-05,Uttar Pradesh,Uttar Pradesh City 1,5G,Prepaid,1.9
AIR102422,2023-06-25,West Bengal,West Bengal City 3,5G,Postpaid,1.7
AIR102423,2024-05-05,Gujarat,Gujarat City 2,4G,Enterprise,0.9
AIR102424,2020-10-30,Maharashtra,Maharashtra City 3,4G,Broadband,4.5
AIR102425,2020-05-27,Uttar Pradesh,Uttar Pradesh City 2,4G,Prepaid,5.1
AIR102426,2022-05-20,Kerala,Kerala City 3,5G,Postpaid,3.2
AIR102427,2019-04-29,Gujarat,Gujarat City 2,4G,Prepaid,6.3
AIR102428,2020-01-20,Kerala,Kerala City 1,5G,Prepaid,5.7
AIR102429,2019-09-17,Gujarat,Gujarat City 1,5G,Postpaid,6.1
AIR102430,2022-11-23,West Bengal,West Bengal City 1,4G,Prepaid,3
AIR102431,2022-04-13,Telangana,Telangana City 3,4G,Prepaid,3.7
AIR102432,2024-12-21,Kerala,Kerala City 3,5G,Broadband,0.2
AIR102433,2024-11-19,Uttar Pradesh,Uttar Pradesh City 3,4G,Broadband,0.3
AIR102434,2021-08-17,Gujarat,Gujarat City 1,5G,Postpaid,3.7
AIR102435,2020-07-19,Delhi,Delhi City 2,5G,Broadband,4.8
AIR102436,2024-01-15,Rajasthan,Rajasthan City 1,4G,Postpaid,1.4
AIR102437,2019-01-07,Delhi,Delhi City 1,5G,Prepaid,6.5
AIR102438,2021-05-17,Tamil Nadu,Tamil Nadu City 2,5G,Postpaid,4.2
AIR102439,2020-03-20,Telangana,Telangana City 2,5G,Prepaid,5.5
AIR102440,2021-11-01,Telangana,Telangana City 2,4G,Prepaid,4
AIR102441,2022-07-10,Delhi,Delhi City 2,4G,Broadband,3.4
AIR102442,2022-12-29,Maharashtra,Maharashtra City 1,4G,Postpaid,3
AIR102443,2023-06-19,West Bengal,West Bengal City 3,5G,Prepaid,1.7
AIR102444,2023-04-19,Kerala,Kerala City 1,5G,Prepaid,1.9
AIR102445,2021-01-06,Uttar Pradesh,Uttar Pradesh City 2,4G,Prepaid,4.3
AIR102446,2020-02-21,Telangana,Telangana City 3,4G,Broadband,5.2
AIR102447,2019-09-21,Delhi,Delhi City 3,4G,Postpaid,5.7
AIR102448,2023-01-19,Delhi,Delhi City 1,5G,Postpaid,2.5
AIR102449,2019-04-14,West Bengal,West Bengal City 1,5G,Postpaid,6.3
AIR102450,2021-09-13,West Bengal,West Bengal City 1,5G,Postpaid,4
AIR102451,2019-08-09,Karnataka,Karnataka City 3,5G,Postpaid,6.2
AIR102452,2019-11-30,Karnataka,Karnataka City 3,5G,Postpaid,6
AIR102453,2020-02-22,Maharashtra,Maharashtra City 3,5G,Broadband,5.8
AIR102454,2022-08-17,Maharashtra,Maharashtra City 2,4G,Enterprise,2.5
AIR102455,2023-02-17,Tamil Nadu,Tamil Nadu City 2,4G,Enterprise,2.1
AIR102456,2021-08-18,Maharashtra,Maharashtra City 1,5G,Postpaid,3.7
AIR102457,2023-01-20,Gujarat,Gujarat City 3,4G,Broadband,2.3
AIR102458,2020-03-11,West Bengal,West Bengal City 1,4G,Prepaid,5.3
AIR102459,2019-02-12,Uttar Pradesh,Uttar Pradesh City 3,4G,Broadband,6.4
AIR102460,2024-02-16,Gujarat,Gujarat City 1,4G,Broadband,1.5
AIR102461,2021-08-23,Kerala,Kerala City 2,4G,Broadband,4.1
AIR102462,2019-01-11,Delhi,Delhi City 3,4G,Broadband,6.8
AIR102463,2019-08-04,Maharashtra,Maharashtra City 2,4G,Prepaid,6.3
AIR102464,2019-08-13,Delhi,Delhi City 3,4G,Prepaid,6.3
AIR102465,2023-10-27,Telangana,Telangana City 1,4G,Prepaid,1.3
AIR102466,2022-06-23,Tamil Nadu,Tamil Nadu City 3,5G,Postpaid,2.7
AIR102467,2021-02-11,Telangana,Telangana City 2,4G,Prepaid,4.2
AIR102468,2023-12-28,Tamil Nadu,Tamil Nadu City 3,4G,Postpaid,1.4
AIR102469,2019-01-16,Karnataka,Karnataka City 1,4G,Postpaid,6.4
AIR102470,2021-10-29,Delhi,Delhi City 3,4G,Postpaid,3.7
AIR102471,2019-02-27,Tamil Nadu,Tamil Nadu City 2,4G,Broadband,6.5
AIR102472,2021-09-11,Rajasthan,Rajasthan City 1,5G,Postpaid,4
AIR102473,2021-04-30,Gujarat,Gujarat City 2,5G,Postpaid,4.5
AIR102474,2023-03-16,Tamil Nadu,Tamil Nadu City 3,4G,Postpaid,2.7
AIR102475,2020-10-09,Tamil Nadu,Tamil Nadu City 2,4G,Broadband,5.2
AIR102476,2024-01-18,Gujarat,Gujarat City 3,4G,Prepaid,1.1
AIR102477,2022-09-16,Delhi,Delhi City 1,5G,Prepaid,2.5
AIR102478,2020-04-05,Delhi,Delhi City 2,5G,Broadband,5
AIR102479,2021-08-26,Gujarat,Gujarat City 2,4G,Postpaid,3.7
AIR102480,2022-05-18,Telangana,Telangana City 3,5G,Postpaid,3.1
AIR102481,2019-10-17,Rajasthan,Rajasthan City 2,5G,Postpaid,5.7
AIR102482,2022-01-25,Uttar Pradesh,Uttar Pradesh City 2,5G,Prepaid,3.6
AIR102483,2021-01-02,Kerala,Kerala City 1,5G,Postpaid,4.7
AIR102484,2020-07-29,Rajasthan,Rajasthan City 3,5G,Prepaid,5.2
AIR102485,2021-04-21,Delhi,Delhi City 3,4G,Postpaid,4.6
AIR102486,2023-10-29,Uttar Pradesh,Uttar Pradesh City 1,4G,Postpaid,2.1
AIR102487,2024-07-31,Karnataka,Karnataka City 1,5G,Postpaid,0.5
AIR102488,2022-04-24,Maharashtra,Maharashtra City 3,4G,Postpaid,2.9
AIR102489,2019-12-06,Tamil Nadu,Tamil Nadu City 1,5G,Enterprise,5.4
AIR102490,2024-11-26,Gujarat,Gujarat City 1,4G,Postpaid,0.5
AIR102491,2021-12-03,Gujarat,Gujarat City 1,4G,Broadband,3.5
AIR102492,2024-05-19,Tamil Nadu,Tamil Nadu City 3,4G,Postpaid,1.2
AIR102493,2019-12-08,Maharashtra,Maharashtra City 1,4G,Postpaid,5.7
AIR102494,2022-02-01,Kerala,Kerala City 2,4G,Prepaid,3.6
AIR102495,2021-09-17,Maharashtra,Maharashtra City 2,5G,Prepaid,4.1
AIR102496,2020-09-23,Uttar Pradesh,Uttar Pradesh City 3,4G,Postpaid,5.1
AIR102497,2022-11-26,Maharashtra,Maharashtra City 1,5G,Prepaid,3.1
AIR102498,2022-11-14,Uttar Pradesh,Uttar Pradesh City 2,4G,Postpaid,2.3
AIR102499,2022-10-17,Maharashtra,Maharashtra City 3,5G,Postpaid,2.4
AIR102500,2022-12-28,Kerala,Kerala City 2,4G,Broadband,2.3
AIR102501,2021-11-17,Kerala,Kerala City 1,5G,Enterprise,3.5
AIR102502,2023-12-21,Delhi,Delhi City 3,4G,Prepaid,1.5
AIR102503,2024-06-11,Tamil Nadu,Tamil Nadu City 2,4G,Prepaid,1.1
AIR102504,2021-02-10,Kerala,Kerala City 3,4G,Postpaid,4.5
AIR102505,2021-05-21,Uttar Pradesh,Uttar Pradesh City 2,4G,Prepaid,4.3
AIR102506,2019-05-08,Kerala,Kerala City 2,5G,Prepaid,6.4
AIR102507,2024-04-03,Delhi,Delhi City 1,5G,Broadband,1.6
AIR102508,2019-04-16,Gujarat,Gujarat City 1,5G,Enterprise,6.7
AIR102509,2022-12-10,Uttar Pradesh,Uttar Pradesh City 2,4G,Postpaid,2.2
AIR102510,2022-11-07,Delhi,Delhi City 3,5G,Postpaid,2.4
AIR102511,2023-02-13,Telangana,Telangana City 3,5G,Prepaid,2.2
AIR102512,2021-09-27,Telangana,Telangana City 1,4G,Postpaid,3.6
AIR102513,2020-01-19,Karnataka,Karnataka City 2,4G,Postpaid,5.4
AIR102514,2021-09-28,Maharashtra,Maharashtra City 1,4G,Postpaid,3.8
AIR102515,2019-01-17,Tamil Nadu,Tamil Nadu City 2,4G,Prepaid,6.6
AIR102516,2022-10-25,West Bengal,West Bengal City 2,4G,Broadband,2.9
AIR102517,2024-02-15,Rajasthan,Rajasthan City 1,4G,Postpaid,1.7
AIR102518,2021-12-25,Delhi,Delhi City 3,5G,Postpaid,3.9
AIR102519,2021-06-04,Gujarat,Gujarat City 1,4G,Broadband,4.5
AIR102520,2022-02-10,Rajasthan,Rajasthan City 2,4G,Prepaid,3
AIR102521,2022-12-10,Gujarat,Gujarat City 1,5G,Prepaid,2.3
AIR102522,2019-03-12,Rajasthan,Rajasthan City 3,5G,Broadband,6.1
AIR102523,2024-05-02,Delhi,Delhi City 3,5G,Enterprise,1
AIR102524,2020-03-19,West Bengal,West Bengal City 2,4G,Postpaid,5.2
AIR102525,2022-10-25,Rajasthan,Rajasthan City 1,4G,Prepaid,2.7
AIR102526,2020-12-21,Delhi,Delhi City 3,4G,Postpaid,4.6
AIR102527,2019-08-19,Kerala,Kerala City 1,4G,Prepaid,6.1
AIR102528,2021-05-13,West Bengal,West Bengal City 3,4G,Postpaid,4.4
AIR102529,2020-07-16,Uttar Pradesh,Uttar Pradesh City 2,4G,Prepaid,5.3
AIR102530,2021-02-07,Gujarat,Gujarat City 2,5G,Broadband,4.9
AIR102531,2019-10-17,Telangana,Telangana City 1,4G,Postpaid,5.3
AIR102532,2022-05-26,Maharashtra,Maharashtra City 2,4G,Broadband,2.8
AIR102533,2024-11-17,Telangana,Telangana City 3,4G,Prepaid,0.4
AIR102534,2025-01-05,West Bengal,West Bengal City 2,5G,Prepaid,0.4
AIR102535,2020-01-30,Uttar Pradesh,Uttar Pradesh City 3,4G,Broadband,5.4
AIR102536,2020-01-11,Gujarat,Gujarat City 3,4G,Prepaid,5.5
AIR102537,2024-11-19,Uttar Pradesh,Uttar Pradesh City 2,4G,Postpaid,0.7
AIR102538,2023-07-09,Rajasthan,Rajasthan City 3,4G,Prepaid,2.2
AIR102539,2021-02-20,Gujarat,Gujarat City 3,4G,Postpaid,4.6
AIR102540,2024-11-09,Rajasthan,Rajasthan City 1,4G,Prepaid,1
AIR102541,2024-05-28,Delhi,Delhi City 1,4G,Prepaid,1.5
AIR102542,2020-02-10,West Bengal,West Bengal City 1,5G,Postpaid,5
AIR102543,2024-08-30,Delhi,Delhi City 2,4G,Prepaid,0.5
AIR102544,2022-12-02,Karnataka,Karnataka City 1,5G,Prepaid,2.4
AIR102545,2024-08-28,Uttar Pradesh,Uttar Pradesh City 3,4G,Postpaid,0.7
AIR102546,2023-04-09,Rajasthan,Rajasthan City 2,4G,Postpaid,2.2
AIR102547,2019-10-28,Kerala,Kerala City 2,4G,Prepaid,5.7
AIR102548,2024-03-14,Delhi,Delhi City 2,4G,Postpaid,1.4
AIR102549,2020-02-17,Karnataka,Karnataka City 2,4G,Broadband,5.6
AIR102550,2024-07-27,Tamil Nadu,Tamil Nadu City 3,4G,Prepaid,1.2
AIR102551,2024-12-26,Telangana,Telangana City 3,5G,Postpaid,0.9
AIR102552,2023-12-21,Gujarat,Gujarat City 1,5G,Postpaid,2
AIR102553,2024-09-02,Karnataka,Karnataka City 2,5G,Prepaid,0.5
AIR102554,2024-08-21,West Bengal,West Bengal City 1,4G,Prepaid,0.6
AIR102555,2024-12-22,Delhi,Delhi City 3,4G,Postpaid,0.3
AIR102556,2024-10-29,West Bengal,West Bengal City 2,4G,Postpaid,0.5
AIR102557,2022-10-10,Telangana,Telangana City 3,5G,Prepaid,2.7
AIR102558,2021-12-29,Kerala,Kerala City 1,4G,Broadband,3.5
AIR102559,2022-05-12,Uttar Pradesh,Uttar Pradesh City 3,4G,Postpaid,3.3
AIR102560,2020-08-13,Uttar Pradesh,Uttar Pradesh City 2,5G,Prepaid,5.1
AIR102561,2020-12-11,West Bengal,West Bengal City 2,4G,Postpaid,4.8
AIR102562,2021-03-07,Rajasthan,Rajasthan City 1,4G,Enterprise,4.7
AIR102563,2023-05-31,Kerala,Kerala City 2,4G,Prepaid,2.5
AIR102564,2020-12-31,Uttar Pradesh,Uttar Pradesh City 3,4G,Postpaid,4.1
AIR102565,2024-02-03,Kerala,Kerala City 3,5G,Postpaid,1.1
AIR102566,2024-09-27,Karnataka,Karnataka City 3,4G,Prepaid,0.5
AIR102567,2020-09-01,Kerala,Kerala City 3,5G,Prepaid,4.7
AIR102568,2023-01-07,Maharashtra,Maharashtra City 1,4G,Prepaid,2.4
AIR102569,2023-04-08,Telangana,Telangana City 3,4G,Prepaid,2.3
AIR102570,2022-03-07,Uttar Pradesh,Uttar Pradesh City 1,5G,Prepaid,3.4
AIR102571,2019-08-18,Kerala,Kerala City 3,4G,Broadband,6.1
AIR102572,2022-11-29,West Bengal,West Bengal City 1,4G,Enterprise,2.9
AIR102573,2019-12-23,Tamil Nadu,Tamil Nadu City 3,4G,Prepaid,5.9
AIR102574,2020-06-24,Maharashtra,Maharashtra City 3,4G,Prepaid,5.5
AIR102575,2021-07-24,Maharashtra,Maharashtra City 1,5G,Prepaid,3.6
AIR102576,2023-06-23,Rajasthan,Rajasthan City 2,5G,Prepaid,1.7
AIR102577,2020-06-10,Kerala,Kerala City 2,5G,Prepaid,4.8
AIR102578,2022-02-02,Rajasthan,Rajasthan City 2,4G,Prepaid,3.3
AIR102579,2020-09-14,Rajasthan,Rajasthan City 1,4G,Broadband,4.8
AIR102580,2020-02-28,Tamil Nadu,Tamil Nadu City 2,4G,Prepaid,5.4
AIR102581,2024-03-13,Karnataka,Karnataka City 2,5G,Postpaid,1.4
AIR102582,2024-02-22,Kerala,Kerala City 1,5G,Prepaid,1.6
AIR102583,2019-01-04,Delhi,Delhi City 2,4G,Prepaid,6.8
AIR102584,2020-04-13,Uttar Pradesh,Uttar Pradesh City 2,4G,Broadband,5.6
AIR102585,2020-10-25,Rajasthan,Rajasthan City 2,4G,Prepaid,5.1
AIR102586,2020-06-21,Telangana,Telangana City 1,4G,Enterprise,4.7
AIR102587,2024-03-12,Gujarat,Gujarat City 1,4G,Prepaid,1
AIR102588,2022-01-01,Telangana,Telangana City 2,4G,Postpaid,3.3
AIR102589,2024-06-08,Tamil Nadu,Tamil Nadu City 2,4G,Enterprise,0.9
AIR102590,2024-10-16,Tamil Nadu,Tamil Nadu City 1,5G,Prepaid,0.7
AIR102591,2024-03-05,West Bengal,West Bengal City 2,5G,Prepaid,1.4
AIR102592,2022-09-19,Karnataka,Karnataka City 1,5G,Postpaid,2.9
AIR102593,2024-11-02,Uttar Pradesh,Uttar Pradesh City 2,4G,Prepaid,0.9
AIR102594,2023-02-28,Rajasthan,Rajasthan City 1,4G,Postpaid,2.6
AIR102595,2019-03-20,Telangana,Telangana City 3,4G,Prepaid,6.7
AIR102596,2023-04-24,Gujarat,Gujarat City 3,4G,Prepaid,2.6
AIR102597,2024-08-29,Tamil Nadu,Tamil Nadu City 1,4G,Prepaid,0.5
AIR102598,2023-05-25,Tamil Nadu,Tamil Nadu City 3,5G,Broadband,1.8
AIR102599,2019-06-05,Karnataka,Karnataka City 2,4G,Prepaid,5.9
AIR102600,2021-05-29,Gujarat,Gujarat City 1,5G,Prepaid,4
AIR102601,2023-01-13,Gujarat,Gujarat City 1,5G,Postpaid,2.4
AIR102602,2019-01-28,Karnataka,Karnataka City 2,5G,Prepaid,6.5
AIR102603,2024-03-25,Tamil Nadu,Tamil Nadu City 2,5G,Prepaid,1.4
AIR102604,2020-09-01,Uttar Pradesh,Uttar Pradesh City 1,4G,Prepaid,5
AIR102605,2021-08-31,Kerala,Kerala City 2,5G,Postpaid,4.1
AIR102606,2022-09-14,Kerala,Kerala City 1,4G,Postpaid,3.2
AIR102607,2020-02-23,Karnataka,Karnataka City 2,5G,Prepaid,5.8
AIR102608,2019-01-22,Gujarat,Gujarat City 1,4G,Prepaid,6.1
AIR102609,2019-09-18,Rajasthan,Rajasthan City 2,4G,Postpaid,5.5
AIR102610,2024-10-08,Karnataka,Karnataka City 2,4G,Postpaid,0.5
AIR102611,2022-12-07,Uttar Pradesh,Uttar Pradesh City 3,4G,Prepaid,2.4
AIR102612,2019-07-15,Karnataka,Karnataka City 3,4G,Prepaid,5.9
AIR102613,2021-12-04,Maharashtra,Maharashtra City 3,4G,Prepaid,3.6
AIR102614,2021-06-23,Telangana,Telangana City 2,5G,Postpaid,4.1
AIR102615,2019-11-21,Gujarat,Gujarat City 1,4G,Enterprise,5.8
AIR102616,2020-07-21,West Bengal,West Bengal City 2,4G,Prepaid,5.2
AIR102617,2024-03-17,West Bengal,West Bengal City 3,4G,Prepaid,1.7
AIR102618,2021-02-17,Gujarat,Gujarat City 2,4G,Prepaid,4.8
AIR102619,2021-07-14,Uttar Pradesh,Uttar Pradesh City 3,4G,Prepaid,3.6
AIR102620,2024-12-02,Maharashtra,Maharashtra City 3,5G,Prepaid,0.3
AIR102621,2024-12-02,Maharashtra,Maharashtra City 1,4G,Broadband,0.4
AIR102622,2023-06-04,Tamil Nadu,Tamil Nadu City 1,4G,Prepaid,1.9
AIR102623,2024-01-24,Telangana,Telangana City 3,4G,Postpaid,1.4
AIR102624,2024-04-27,Kerala,Kerala City 3,4G,Prepaid,1.2
AIR102625,2019-02-11,Delhi,Delhi City 2,4G,Broadband,6.5
AIR102626,2023-01-23,Uttar Pradesh,Uttar Pradesh City 3,5G,Postpaid,2.6
AIR102627,2020-07-27,Delhi,Delhi City 2,4G,Prepaid,5.2
AIR102628,2023-12-26,Delhi,Delhi City 3,4G,Broadband,1.9
AIR102629,2023-01-13,Gujarat,Gujarat City 1,4G,Prepaid,2.9
AIR102630,2020-03-16,West Bengal,West Bengal City 1,4G,Postpaid,4.9
AIR102631,2022-04-27,West Bengal,West Bengal City 3,5G,Broadband,2.9
AIR102632,2019-04-14,Kerala,Kerala City 2,4G,Prepaid,6
AIR102633,2020-07-22,Gujarat,Gujarat City 2,4G,Postpaid,4.8
AIR102634,2020-04-01,Delhi,Delhi City 2,5G,Broadband,5.2
AIR102635,2019-11-07,Rajasthan,Rajasthan City 3,4G,Enterprise,5.7
AIR102636,2024-03-22,West Bengal,West Bengal City 3,5G,Postpaid,1.4
AIR102637,2023-09-04,Uttar Pradesh,Uttar Pradesh City 1,4G,Prepaid,2
AIR102638,2023-08-19,Uttar Pradesh,Uttar Pradesh City 1,4G,Postpaid,2.2
AIR102639,2020-02-11,Tamil Nadu,Tamil Nadu City 3,5G,Postpaid,5.8
AIR102640,2020-08-03,Karnataka,Karnataka City 1,5G,Postpaid,5.4
AIR102641,2024-07-08,Rajasthan,Rajasthan City 2,4G,Broadband,0.6
AIR102642,2021-12-17,West Bengal,West Bengal City 2,5G,Prepaid,3.2
AIR102643,2024-02-04,Maharashtra,Maharashtra City 3,4G,Prepaid,1.2
AIR102644,2019-07-06,West Bengal,West Bengal City 2,4G,Postpaid,5.9
AIR102645,2023-06-11,Tamil Nadu,Tamil Nadu City 3,4G,Enterprise,2
AIR102646,2023-03-02,Uttar Pradesh,Uttar Pradesh City 2,4G,Postpaid,2.4
AIR102647,2024-03-05,Delhi,Delhi City 3,5G,Enterprise,1.4
AIR102648,2020-05-04,Maharashtra,Maharashtra City 2,4G,Broadband,5.4
AIR102649,2019-10-07,Gujarat,Gujarat City 2,4G,Broadband,6
AIR102650,2021-05-04,Telangana,Telangana City 1,5G,Broadband,4.5
AIR102651,2024-02-02,Delhi,Delhi City 1,4G,Broadband,1.9
AIR102652,2022-04-02,Telangana,Telangana City 1,4G,Broadband,2.9
AIR102653,2021-10-01,Rajasthan,Rajasthan City 1,4G,Postpaid,3.5
AIR102654,2020-02-02,Karnataka,Karnataka City 1,4G,Prepaid,5.2
AIR102655,2020-03-03,Maharashtra,Maharashtra City 1,5G,Prepaid,5.2
AIR102656,2020-01-10,Kerala,Kerala City 3,4G,Prepaid,5.4
AIR102657,2020-09-23,Maharashtra,Maharashtra City 3,4G,Prepaid,4.8
AIR102658,2020-11-27,West Bengal,West Bengal City 1,5G,Prepaid,4.7
AIR102659,2022-12-17,Uttar Pradesh,Uttar Pradesh City 3,4G,Broadband,2.7
AIR102660,2021-07-16,West Bengal,West Bengal City 1,4G,Postpaid,4.2
AIR102661,2024-06-10,West Bengal,West Bengal City 3,5G,Prepaid,1.4
AIR102662,2024-07-20,Rajasthan,Rajasthan City 2,4G,Postpaid,1.4
AIR102663,2023-07-24,Delhi,Delhi City 3,4G,Postpaid,1.6
AIR102664,2019-03-19,Kerala,Kerala City 3,4G,Prepaid,6
AIR102665,2020-05-02,Kerala,Kerala City 3,4G,Broadband,5
AIR102666,2021-11-27,West Bengal,West Bengal City 2,4G,Prepaid,3.5
AIR102667,2019-06-20,Telangana,Telangana City 1,4G,Postpaid,6
AIR102668,2020-10-03,Rajasthan,Rajasthan City 3,5G,Prepaid,4.8
AIR102669,2023-08-27,West Bengal,West Bengal City 3,4G,Postpaid,2
AIR102670,2023-05-25,Karnataka,Karnataka City 2,4G,Broadband,2.3
AIR102671,2019-10-19,Uttar Pradesh,Uttar Pradesh City 1,5G,Prepaid,6
AIR102672,2024-04-25,Delhi,Delhi City 3,4G,Enterprise,1.6
AIR102673,2020-08-03,Gujarat,Gujarat City 2,5G,Prepaid,5.4
AIR102674,2020-02-26,Karnataka,Karnataka City 1,4G,Postpaid,5
AIR102675,2019-04-15,Telangana,Telangana City 1,4G,Broadband,5.9
AIR102676,2022-11-30,Maharashtra,Maharashtra City 3,5G,Broadband,2.4
AIR102677,2021-05-29,Maharashtra,Maharashtra City 3,4G,Prepaid,4
AIR102678,2023-01-22,Karnataka,Karnataka City 3,5G,Prepaid,2.4
AIR102679,2022-02-03,West Bengal,West Bengal City 3,4G,Postpaid,3.4
AIR102680,2024-02-28,Gujarat,Gujarat City 2,4G,Prepaid,1.5
AIR102681,2019-11-11,Tamil Nadu,Tamil Nadu City 2,4G,Postpaid,5.8
AIR102682,2020-08-31,Tamil Nadu,Tamil Nadu City 3,4G,Postpaid,5.1
AIR102683,2024-10-20,Telangana,Telangana City 1,5G,Postpaid,1.1
AIR102684,2020-01-13,West Bengal,West Bengal City 3,5G,Prepaid,5.9
AIR102685,2023-02-28,Kerala,Kerala City 1,5G,Postpaid,2
AIR102686,2019-05-14,Kerala,Kerala City 1,4G,Broadband,5.8
AIR102687,2023-12-22,Delhi,Delhi City 1,4G,Postpaid,1.3
AIR102688,2020-01-28,Gujarat,Gujarat City 2,4G,Postpaid,5.3
AIR102689,2020-02-19,Gujarat,Gujarat City 1,4G,Prepaid,5.3
AIR102690,2022-02-10,Maharashtra,Maharashtra City 1,5G,Prepaid,3.4
AIR102691,2024-10-13,Rajasthan,Rajasthan City 2,4G,Prepaid,0.8
AIR102692,2023-10-18,Telangana,Telangana City 1,4G,Postpaid,1.9
AIR102693,2021-05-15,Tamil Nadu,Tamil Nadu City 1,5G,Prepaid,4.4
AIR102694,2019-10-17,Telangana,Telangana City 3,5G,Postpaid,6.1
AIR102695,2023-02-15,Kerala,Kerala City 1,4G,Postpaid,2.8
AIR102696,2024-04-16,Kerala,Kerala City 1,4G,Postpaid,0.8
AIR102697,2022-08-31,Karnataka,Karnataka City 1,4G,Prepaid,2.5
AIR102698,2021-05-27,Delhi,Delhi City 1,4G,Postpaid,3.9
AIR102699,2024-06-07,Gujarat,Gujarat City 1,4G,Postpaid,0.9
AIR102700,2021-01-21,Uttar Pradesh,Uttar Pradesh City 2,4G,Prepaid,4.4
AIR102701,2021-01-18,Telangana,Telangana City 1,5G,Prepaid,4.5
AIR102702,2019-12-31,Kerala,Kerala City 1,4G,Postpaid,5.6
AIR102703,2019-09-24,Rajasthan,Rajasthan City 2,4G,Prepaid,6
AIR102704,2020-02-10,Maharashtra,Maharashtra City 2,4G,Prepaid,5.7
AIR102705,2019-05-19,Tamil Nadu,Tamil Nadu City 1,5G,Prepaid,6.5
AIR102706,2022-04-03,Delhi,Delhi City 1,4G,Prepaid,3.7
AIR102707,2023-12-23,Rajasthan,Rajasthan City 1,5G,Enterprise,1.1
AIR102708,2023-09-17,Delhi,Delhi City 3,5G,Postpaid,1.5
AIR102709,2022-12-04,Karnataka,Karnataka City 3,5G,Postpaid,2.4
AIR102710,2021-05-20,Uttar Pradesh,Uttar Pradesh City 1,5G,Broadband,4
AIR102711,2020-12-03,Kerala,Kerala City 2,4G,Postpaid,4.5
AIR102712,2023-08-26,Maharashtra,Maharashtra City 1,4G,Postpaid,1.9
AIR102713,2019-07-20,Rajasthan,Rajasthan City 2,4G,Prepaid,6.1
AIR102714,2020-09-09,Delhi,Delhi City 2,4G,Postpaid,5
AIR102715,2024-07-06,Gujarat,Gujarat City 2,4G,Prepaid,1.3
AIR102716,2021-05-06,Karnataka,Karnataka City 1,5G,Prepaid,4.5
AIR102717,2023-10-19,Gujarat,Gujarat City 1,4G,Prepaid,2.2
AIR102718,2024-07-02,Maharashtra,Maharashtra City 2,5G,Prepaid,0.6
AIR102719,2019-03-05,Rajasthan,Rajasthan City 3,4G,Prepaid,6
AIR102720,2022-01-24,Karnataka,Karnataka City 3,4G,Prepaid,3.2
AIR102721,2022-09-25,Rajasthan,Rajasthan City 3,5G,Broadband,2.6
AIR102722,2023-09-08,Kerala,Kerala City 2,4G,Prepaid,1.8
AIR102723,2019-09-08,West Bengal,West Bengal City 1,5G,Broadband,5.9
AIR102724,2023-09-26,Karnataka,Karnataka City 2,5G,Postpaid,1.9
AIR102725,2019-02-08,Gujarat,Gujarat City 3,4G,Postpaid,6.6
AIR102726,2019-03-10,Maharashtra,Maharashtra City 1,4G,Prepaid,6.6
AIR102727,2019-10-04,Uttar Pradesh,Uttar Pradesh City 2,4G,Broadband,6.1
AIR102728,2022-01-14,Kerala,Kerala City 2,5G,Prepaid,3.9
AIR102729,2022-01-20,West Bengal,West Bengal City 3,4G,Postpaid,3.1
AIR102730,2022-12-14,Uttar Pradesh,Uttar Pradesh City 2,4G,Postpaid,2.3
AIR102731,2024-10-29,Tamil Nadu,Tamil Nadu City 1,5G,Prepaid,0.5
AIR102732,2019-12-07,Kerala,Kerala City 3,4G,Prepaid,5.4
AIR102733,2020-02-25,Maharashtra,Maharashtra City 3,5G,Prepaid,5.3
AIR102734,2024-04-02,Delhi,Delhi City 1,5G,Broadband,1.3
AIR102735,2020-04-17,Karnataka,Karnataka City 3,5G,Broadband,5.3
AIR102736,2024-11-05,Rajasthan,Rajasthan City 2,5G,Broadband,0.9
AIR102737,2024-01-08,Maharashtra,Maharashtra City 2,4G,Prepaid,1.8
AIR102738,2021-05-16,Karnataka,Karnataka City 3,5G,Prepaid,4.5
AIR102739,2023-07-28,Uttar Pradesh,Uttar Pradesh City 1,4G,Prepaid,2.4
AIR102740,2021-09-07,Rajasthan,Rajasthan City 2,4G,Broadband,3.4
AIR102741,2024-12-23,Telangana,Telangana City 1,4G,Prepaid,0.2
AIR102742,2024-09-18,Gujarat,Gujarat City 2,5G,Prepaid,0.6
AIR102743,2019-09-13,Tamil Nadu,Tamil Nadu City 2,5G,Broadband,5.7
AIR102744,2023-06-09,Kerala,Kerala City 3,5G,Postpaid,2
AIR102745,2022-12-14,Maharashtra,Maharashtra City 3,4G,Postpaid,2.6
AIR102746,2020-06-22,Tamil Nadu,Tamil Nadu City 1,5G,Prepaid,5.1
AIR102747,2023-11-01,Delhi,Delhi City 3,5G,Postpaid,1.9
AIR102748,2023-12-29,Karnataka,Karnataka City 2,4G,Broadband,1.8
AIR102749,2021-05-07,Karnataka,Karnataka City 2,4G,Postpaid,4.5
AIR102750,2019-05-12,Maharashtra,Maharashtra City 1,4G,Prepaid,6.6
AIR102751,2023-06-15,West Bengal,West Bengal City 1,4G,Prepaid,1.7
AIR102752,2021-01-10,West Bengal,West Bengal City 2,4G,Prepaid,4.2
AIR102753,2024-07-24,Telangana,Telangana City 3,4G,Postpaid,0.7
AIR102754,2024-04-09,Gujarat,Gujarat City 3,4G,Prepaid,1.1
AIR102755,2024-06-24,Rajasthan,Rajasthan City 1,4G,Postpaid,1
AIR102756,2019-10-09,Delhi,Delhi City 1,4G,Postpaid,5.8
AIR102757,2022-10-30,Tamil Nadu,Tamil Nadu City 2,4G,Postpaid,2.8
AIR102758,2021-06-27,West Bengal,West Bengal City 2,5G,Prepaid,4.2
AIR102759,2020-10-27,Telangana,Telangana City 1,4G,Postpaid,5
AIR102760,2022-08-15,Telangana,Telangana City 2,4G,Postpaid,3.3
AIR102761,2022-09-07,Maharashtra,Maharashtra City 1,4G,Prepaid,3.3
AIR102762,2022-02-07,Delhi,Delhi City 1,4G,Enterprise,3
AIR102763,2023-07-05,Uttar Pradesh,Uttar Pradesh City 3,5G,Prepaid,1.7
AIR102764,2020-04-15,Rajasthan,Rajasthan City 1,4G,Postpaid,5
AIR102765,2020-02-16,Gujarat,Gujarat City 2,4G,Prepaid,5.2
AIR102766,2020-05-27,Kerala,Kerala City 3,5G,Postpaid,5.1
AIR102767,2023-02-12,Maharashtra,Maharashtra City 3,4G,Postpaid,2.4
AIR102768,2022-03-09,Rajasthan,Rajasthan City 2,4G,Prepaid,3.4
AIR102769,2024-10-08,Kerala,Kerala City 2,4G,Postpaid,0.9
AIR102770,2022-04-21,Kerala,Kerala City 2,4G,Postpaid,3.5
AIR102771,2020-02-23,Delhi,Delhi City 1,5G,Postpaid,5.7
AIR102772,2021-08-14,Delhi,Delhi City 3,4G,Prepaid,4.3
AIR102773,2023-12-23,Tamil Nadu,Tamil Nadu City 1,5G,Prepaid,1.1
AIR102774,2021-04-04,Telangana,Telangana City 1,5G,Postpaid,3.9
AIR102775,2021-06-26,Rajasthan,Rajasthan City 1,4G,Prepaid,3.8
AIR102776,2021-01-02,Maharashtra,Maharashtra City 1,4G,Postpaid,4.4
AIR102777,2024-04-08,Karnataka,Karnataka City 3,4G,Prepaid,1.2
AIR102778,2020-01-26,Maharashtra,Maharashtra City 3,4G,Prepaid,5.5
AIR102779,2023-05-07,Tamil Nadu,Tamil Nadu City 1,4G,Broadband,2.3
AIR102780,2020-10-22,Gujarat,Gujarat City 2,4G,Postpaid,4.9
AIR102781,2019-01-27,Telangana,Telangana City 3,4G,Postpaid,6.7
AIR102782,2023-03-12,Karnataka,Karnataka City 1,5G,Broadband,2.7
AIR102783,2021-06-02,West Bengal,West Bengal City 2,4G,Postpaid,4.5
AIR102784,2023-12-20,Gujarat,Gujarat City 2,5G,Postpaid,1.2
AIR102785,2019-05-07,Delhi,Delhi City 1,5G,Enterprise,5.9
AIR102786,2023-01-19,Kerala,Kerala City 3,4G,Postpaid,2.2
AIR102787,2022-11-19,West Bengal,West Bengal City 2,4G,Postpaid,2.5
AIR102788,2019-11-15,Maharashtra,Maharashtra City 3,4G,Prepaid,5.6
AIR102789,2019-12-07,Maharashtra,Maharashtra City 3,4G,Broadband,5.6
AIR102790,2020-11-24,Delhi,Delhi City 2,4G,Prepaid,4.7
AIR102791,2019-04-29,Tamil Nadu,Tamil Nadu City 1,4G,Prepaid,6.4
AIR102792,2021-02-16,Rajasthan,Rajasthan City 2,4G,Prepaid,4.7
AIR102793,2022-10-23,West Bengal,West Bengal City 2,5G,Prepaid,3.1
AIR102794,2020-01-20,West Bengal,West Bengal City 3,4G,Prepaid,5.9
AIR102795,2024-06-28,Uttar Pradesh,Uttar Pradesh City 1,4G,Broadband,0.6
AIR102796,2023-05-25,Gujarat,Gujarat City 3,4G,Postpaid,1.8
AIR102797,2022-03-27,Telangana,Telangana City 2,4G,Prepaid,3.1
AIR102798,2023-06-22,Gujarat,Gujarat City 1,4G,Postpaid,1.9
AIR102799,2023-10-07,Rajasthan,Rajasthan City 1,5G,Postpaid,1.7
AIR102800,2019-03-27,Maharashtra,Maharashtra City 1,4G,Postpaid,6.3
AIR102801,2024-04-09,Maharashtra,Maharashtra City 1,4G,Prepaid,1.3
AIR102802,2022-01-13,Maharashtra,Maharashtra City 1,4G,Broadband,3.7
AIR102803,2019-12-25,Uttar Pradesh,Uttar Pradesh City 2,4G,Prepaid,5.8
AIR102804,2024-04-10,Maharashtra,Maharashtra City 2,4G,Prepaid,1.6
AIR102805,2024-05-27,Rajasthan,Rajasthan City 2,4G,Prepaid,1.6
AIR102806,2020-03-22,Delhi,Delhi City 3,4G,Postpaid,4.9
AIR102807,2024-04-09,Telangana,Telangana City 1,4G,Postpaid,0.9
AIR102808,2024-06-21,Rajasthan,Rajasthan City 1,4G,Prepaid,0.8
AIR102809,2022-08-19,Telangana,Telangana City 2,4G,Prepaid,2.7
AIR102810,2021-12-14,Rajasthan,Rajasthan City 1,4G,Postpaid,3.5
AIR102811,2019-11-01,Maharashtra,Maharashtra City 3,5G,Postpaid,5.7
AIR102812,2024-05-30,Delhi,Delhi City 1,4G,Prepaid,1.2
AIR102813,2020-06-17,West Bengal,West Bengal City 1,5G,Broadband,5.2
AIR102814,2024-09-13,Gujarat,Gujarat City 3,4G,Enterprise,1.1
AIR102815,2023-04-13,Kerala,Kerala City 2,4G,Prepaid,2.6
AIR102816,2022-03-09,Delhi,Delhi City 2,4G,Postpaid,3.8
AIR102817,2021-10-11,West Bengal,West Bengal City 1,4G,Prepaid,3.3
AIR102818,2020-10-02,Tamil Nadu,Tamil Nadu City 3,4G,Postpaid,4.4
AIR102819,2022-01-28,Rajasthan,Rajasthan City 2,4G,Prepaid,3.2
AIR102820,2021-01-28,Tamil Nadu,Tamil Nadu City 2,5G,Prepaid,4.3
AIR102821,2024-03-07,West Bengal,West Bengal City 2,5G,Postpaid,1.3
AIR102822,2019-10-11,Delhi,Delhi City 1,4G,Broadband,5.8
AIR102823,2019-04-23,Rajasthan,Rajasthan City 3,4G,Prepaid,6.3
AIR102824,2019-07-16,Kerala,Kerala City 1,5G,Prepaid,6.2
AIR102825,2022-04-02,Maharashtra,Maharashtra City 2,5G,Prepaid,3.5
AIR102826,2021-06-11,Rajasthan,Rajasthan City 3,4G,Postpaid,4.4
AIR102827,2021-04-01,Rajasthan,Rajasthan City 1,5G,Postpaid,4.7
AIR102828,2022-12-25,Delhi,Delhi City 2,4G,Postpaid,2.1
AIR102829,2024-08-19,Delhi,Delhi City 2,4G,Postpaid,0.6
AIR102830,2023-07-27,West Bengal,West Bengal City 1,4G,Postpaid,1.7
AIR102831,2025-01-08,Karnataka,Karnataka City 2,5G,Postpaid,0.3
AIR102832,2019-07-10,Rajasthan,Rajasthan City 2,5G,Postpaid,5.9
AIR102833,2023-12-25,Gujarat,Gujarat City 3,5G,Postpaid,1.6
AIR102834,2019-10-04,Rajasthan,Rajasthan City 2,4G,Broadband,5.9
AIR102835,2022-06-20,West Bengal,West Bengal City 1,5G,Prepaid,3.2
AIR102836,2019-10-03,Telangana,Telangana City 3,4G,Prepaid,6
AIR102837,2023-07-09,Tamil Nadu,Tamil Nadu City 1,4G,Prepaid,2.4
AIR102838,2022-08-23,Maharashtra,Maharashtra City 2,4G,Broadband,3.3
AIR102839,2024-03-08,Karnataka,Karnataka City 3,4G,Prepaid,0.9
AIR102840,2020-08-15,Kerala,Kerala City 3,4G,Prepaid,4.6
AIR102841,2021-06-01,Kerala,Kerala City 3,4G,Enterprise,3.9
AIR102842,2022-10-19,Kerala,Kerala City 3,5G,Broadband,2.6
AIR102843,2021-09-03,Delhi,Delhi City 1,4G,Enterprise,3.8
AIR102844,2023-03-15,Kerala,Kerala City 2,4G,Prepaid,2.3
AIR102845,2022-06-08,Maharashtra,Maharashtra City 2,5G,Broadband,3.2
AIR102846,2019-01-14,Tamil Nadu,Tamil Nadu City 3,4G,Prepaid,6.7
AIR102847,2021-11-03,Kerala,Kerala City 2,4G,Prepaid,3.9
AIR102848,2021-10-04,Rajasthan,Rajasthan City 1,5G,Prepaid,4.1
AIR102849,2021-11-29,Rajasthan,Rajasthan City 2,4G,Postpaid,4
AIR102850,2023-12-15,Delhi,Delhi City 1,5G,Prepaid,1.2
AIR102851,2024-03-18,Maharashtra,Maharashtra City 1,4G,Postpaid,1
AIR102852,2021-05-04,Tamil Nadu,Tamil Nadu City 2,5G,Broadband,3.9
AIR102853,2024-03-30,Karnataka,Karnataka City 1,4G,Prepaid,1.1
AIR102854,2022-09-03,West Bengal,West Bengal City 1,4G,Prepaid,2.8
AIR102855,2024-02-05,Tamil Nadu,Tamil Nadu City 1,4G,Prepaid,1.4
AIR102856,2023-11-04,West Bengal,West Bengal City 1,4G,Broadband,1.8
AIR102857,2023-12-06,Telangana,Telangana City 3,4G,Prepaid,1.8
AIR102858,2022-08-01,West Bengal,West Bengal City 2,5G,Prepaid,3.2
AIR102859,2023-08-29,Gujarat,Gujarat City 3,5G,Prepaid,2.2
AIR102860,2019-11-14,Rajasthan,Rajasthan City 1,4G,Broadband,6.1
AIR102861,2020-02-14,Maharashtra,Maharashtra City 2,5G,Prepaid,5
AIR102862,2024-07-11,Uttar Pradesh,Uttar Pradesh City 1,4G,Prepaid,0.7
AIR102863,2019-09-04,Delhi,Delhi City 2,4G,Prepaid,5.6
AIR102864,2022-09-29,Gujarat,Gujarat City 3,4G,Broadband,2.6
AIR102865,2019-09-21,West Bengal,West Bengal City 2,4G,Prepaid,5.7
AIR102866,2019-06-17,Kerala,Kerala City 1,5G,Postpaid,6.1
AIR102867,2021-11-14,Maharashtra,Maharashtra City 2,4G,Prepaid,3.8
AIR102868,2020-12-03,Gujarat,Gujarat City 2,4G,Enterprise,4.8
AIR102869,2024-04-07,Delhi,Delhi City 3,5G,Postpaid,1.5
AIR102870,2023-03-31,Rajasthan,Rajasthan City 1,5G,Postpaid,2.6
AIR102871,2022-08-26,Maharashtra,Maharashtra City 2,5G,Prepaid,3.3
AIR102872,2023-07-21,Delhi,Delhi City 3,4G,Prepaid,1.6
AIR102873,2024-09-06,Telangana,Telangana City 2,4G,Prepaid,0.5
AIR102874,2023-12-04,Telangana,Telangana City 1,4G,Postpaid,1.4
AIR102875,2022-10-25,Delhi,Delhi City 2,4G,Enterprise,2.6
AIR102876,2020-10-25,Gujarat,Gujarat City 2,5G,Prepaid,4.6
AIR102877,2024-09-15,Maharashtra,Maharashtra City 2,5G,Broadband,0.8
AIR102878,2020-06-30,Gujarat,Gujarat City 2,5G,Prepaid,5.1
AIR102879,2020-10-07,Karnataka,Karnataka City 1,4G,Broadband,4.9
AIR102880,2021-05-27,West Bengal,West Bengal City 3,5G,Prepaid,4.4
AIR102881,2020-11-03,Karnataka,Karnataka City 3,5G,Prepaid,5
AIR102882,2020-01-07,Telangana,Telangana City 2,4G,Postpaid,5.9
AIR102883,2021-01-05,Rajasthan,Rajasthan City 1,4G,Postpaid,4.1
AIR102884,2023-07-04,Tamil Nadu,Tamil Nadu City 1,5G,Postpaid,1.7
AIR102885,2024-11-19,West Bengal,West Bengal City 1,4G,Postpaid,0.4
AIR102886,2020-04-24,Telangana,Telangana City 1,5G,Postpaid,5.1
AIR102887,2022-09-12,Gujarat,Gujarat City 1,4G,Prepaid,2.8
AIR102888,2020-11-30,Gujarat,Gujarat City 1,5G,Prepaid,4.6
AIR102889,2022-06-24,Gujarat,Gujarat City 2,5G,Prepaid,3.1
AIR102890,2021-10-09,Rajasthan,Rajasthan City 3,4G,Postpaid,3.9
AIR102891,2023-09-18,Karnataka,Karnataka City 3,5G,Postpaid,2.1
AIR102892,2019-11-30,Tamil Nadu,Tamil Nadu City 2,4G,Postpaid,6
AIR102893,2020-10-25,Gujarat,Gujarat City 3,4G,Postpaid,5.1
AIR102894,2021-02-17,Uttar Pradesh,Uttar Pradesh City 1,4G,Prepaid,4
AIR102895,2022-05-08,West Bengal,West Bengal City 1,4G,Postpaid,2.9
AIR102896,2022-09-20,Maharashtra,Maharashtra City 3,5G,Prepaid,2.6
AIR102897,2023-11-17,Uttar Pradesh,Uttar Pradesh City 1,5G,Postpaid,1.5
AIR102898,2021-07-29,Tamil Nadu,Tamil Nadu City 1,4G,Prepaid,3.9
AIR102899,2022-07-02,Rajasthan,Rajasthan City 3,4G,Postpaid,3
AIR102900,2021-10-13,Tamil Nadu,Tamil Nadu City 2,4G,Postpaid,3.8
AIR102901,2020-05-19,Maharashtra,Maharashtra City 3,5G,Prepaid,5.3
AIR102902,2020-03-13,West Bengal,West Bengal City 3,5G,Postpaid,5.6
AIR102903,2019-01-06,Maharashtra,Maharashtra City 3,4G,Prepaid,6.9
AIR102904,2023-03-17,Delhi,Delhi City 3,4G,Prepaid,2.7
AIR102905,2020-05-27,West Bengal,West Bengal City 2,4G,Postpaid,4.7
AIR102906,2021-05-18,Tamil Nadu,Tamil Nadu City 2,4G,Broadband,3.8
AIR102907,2021-09-01,Gujarat,Gujarat City 1,5G,Prepaid,3.6
AIR102908,2022-06-24,Tamil Nadu,Tamil Nadu City 1,4G,Prepaid,2.9
AIR102909,2021-09-03,Tamil Nadu,Tamil Nadu City 3,4G,Postpaid,3.8
AIR102910,2020-09-12,West Bengal,West Bengal City 1,5G,Postpaid,4.8
AIR102911,2020-07-08,Delhi,Delhi City 2,5G,Prepaid,5.1
AIR102912,2020-07-03,Tamil Nadu,Tamil Nadu City 1,5G,Broadband,5.2
AIR102913,2020-08-16,Uttar Pradesh,Uttar Pradesh City 1,5G,Postpaid,5.2
AIR102914,2022-11-20,Telangana,Telangana City 1,5G,Prepaid,3
AIR102915,2023-10-23,Kerala,Kerala City 3,4G,Prepaid,2.1
AIR102916,2024-04-26,Kerala,Kerala City 1,4G,Postpaid,0.8
AIR102917,2020-09-14,Tamil Nadu,Tamil Nadu City 2,4G,Postpaid,4.5
AIR102918,2020-03-09,Uttar Pradesh,Uttar Pradesh City 2,5G,Prepaid,5.1
AIR102919,2019-11-14,Gujarat,Gujarat City 2,4G,Enterprise,5.5
AIR102920,2023-03-05,Rajasthan,Rajasthan City 2,4G,Prepaid,2.3
AIR102921,2024-12-27,Rajasthan,Rajasthan City 1,4G,Postpaid,0.5
AIR102922,2021-06-11,West Bengal,West Bengal City 3,5G,Prepaid,4.2
AIR102923,2020-09-19,Kerala,Kerala City 2,4G,Broadband,5
AIR102924,2022-05-12,Tamil Nadu,Tamil Nadu City 2,4G,Postpaid,3.4
AIR102925,2019-06-07,Rajasthan,Rajasthan City 3,4G,Prepaid,6.4
AIR102926,2022-09-15,Tamil Nadu,Tamil Nadu City 3,5G,Broadband,3.2
AIR102927,2022-12-25,West Bengal,West Bengal City 2,4G,Prepaid,2.1
AIR102928,2020-07-06,Kerala,Kerala City 2,4G,Postpaid,4.7
AIR102929,2024-03-09,Maharashtra,Maharashtra City 3,4G,Broadband,1.1
AIR102930,2021-05-11,Telangana,Telangana City 2,4G,Postpaid,4
AIR102931,2023-06-29,Telangana,Telangana City 2,4G,Broadband,2
AIR102932,2023-02-04,Rajasthan,Rajasthan City 1,4G,Broadband,2.4
AIR102933,2024-09-16,Telangana,Telangana City 3,4G,Enterprise,0.9
AIR102934,2020-11-06,Maharashtra,Maharashtra City 1,5G,Prepaid,4.9
AIR102935,2023-05-13,Tamil Nadu,Tamil Nadu City 1,4G,Prepaid,2.4
AIR102936,2019-10-29,West Bengal,West Bengal City 3,4G,Postpaid,6
AIR102937,2024-04-21,Maharashtra,Maharashtra City 1,5G,Postpaid,1.7
AIR102938,2021-06-16,West Bengal,West Bengal City 2,5G,Postpaid,3.7
AIR102939,2020-09-07,West Bengal,West Bengal City 1,4G,Prepaid,4.5
AIR102940,2023-07-06,Kerala,Kerala City 3,4G,Broadband,1.8
AIR102941,2019-05-12,Tamil Nadu,Tamil Nadu City 2,5G,Enterprise,6
AIR102942,2023-06-20,Uttar Pradesh,Uttar Pradesh City 2,5G,Prepaid,2
AIR102943,2023-06-07,Telangana,Telangana City 2,4G,Prepaid,2.1
AIR102944,2022-04-08,Uttar Pradesh,Uttar Pradesh City 2,4G,Prepaid,3.4
AIR102945,2021-08-02,Kerala,Kerala City 1,4G,Prepaid,4.1
AIR102946,2021-06-03,West Bengal,West Bengal City 1,4G,Postpaid,4.4
AIR102947,2022-07-12,Rajasthan,Rajasthan City 2,4G,Broadband,3.3
AIR102948,2022-07-30,Telangana,Telangana City 3,4G,Prepaid,3.4
AIR102949,2023-04-20,Telangana,Telangana City 2,4G,Postpaid,1.8
AIR102950,2020-04-15,Tamil Nadu,Tamil Nadu City 1,4G,Postpaid,4.9
AIR102951,2024-05-09,Delhi,Delhi City 2,4G,Prepaid,0.9
AIR102952,2024-09-21,Karnataka,Karnataka City 1,4G,Postpaid,0.6
AIR102953,2019-03-19,Karnataka,Karnataka City 2,4G,Postpaid,6.2
AIR102954,2021-11-25,Karnataka,Karnataka City 3,4G,Broadband,3.6
AIR102955,2022-04-12,Delhi,Delhi City 2,5G,Postpaid,3.3
AIR102956,2020-10-08,Tamil Nadu,Tamil Nadu City 3,4G,Postpaid,4.9
AIR102957,2022-09-15,Delhi,Delhi City 3,5G,Prepaid,3.1
AIR102958,2021-12-14,Karnataka,Karnataka City 2,4G,Prepaid,3.9
AIR102959,2021-02-02,Kerala,Kerala City 3,4G,Prepaid,4.9
AIR102960,2020-04-03,Maharashtra,Maharashtra City 3,4G,Prepaid,4.9
AIR102961,2020-11-22,West Bengal,West Bengal City 1,5G,Prepaid,4.3
AIR102962,2023-01-18,Delhi,Delhi City 1,4G,Prepaid,2.2
AIR102963,2024-01-19,Tamil Nadu,Tamil Nadu City 3,4G,Postpaid,1.3
AIR102964,2019-03-15,Tamil Nadu,Tamil Nadu City 2,4G,Postpaid,6.3
AIR102965,2023-01-18,Uttar Pradesh,Uttar Pradesh City 3,5G,Prepaid,2.5
AIR102966,2021-03-29,Maharashtra,Maharashtra City 2,5G,Prepaid,4.4
AIR102967,2024-05-31,Rajasthan,Rajasthan City 1,4G,Postpaid,1.3
AIR102968,2019-06-04,Telangana,Telangana City 2,4G,Prepaid,6.4
AIR102969,2020-06-02,Karnataka,Karnataka City 3,4G,Prepaid,5.5
AIR102970,2020-01-10,Rajasthan,Rajasthan City 3,4G,Postpaid,5.9
AIR102971,2019-12-09,Uttar Pradesh,Uttar Pradesh City 3,4G,Prepaid,5.2
AIR102972,2024-09-22,Karnataka,Karnataka City 3,5G,Prepaid,0.5
AIR102973,2020-07-01,Maharashtra,Maharashtra City 3,5G,Prepaid,4.8
AIR102974,2022-01-25,Uttar Pradesh,Uttar Pradesh City 2,4G,Prepaid,3.3
AIR102975,2020-03-11,Karnataka,Karnataka City 3,4G,Enterprise,5.3
AIR102976,2021-10-27,Maharashtra,Maharashtra City 1,4G,Prepaid,3.7
AIR102977,2020-03-19,Gujarat,Gujarat City 3,4G,Postpaid,5.4
AIR102978,2020-04-23,Rajasthan,Rajasthan City 2,4G,Postpaid,5.4
AIR102979,2024-03-15,Rajasthan,Rajasthan City 3,4G,Prepaid,1.6
AIR102980,2023-02-26,Telangana,Telangana City 3,4G,Prepaid,2.7
AIR102981,2019-02-06,Maharashtra,Maharashtra City 2,4G,Broadband,6.9
AIR102982,2023-04-06,Delhi,Delhi City 3,5G,Broadband,1.9
AIR102983,2019-04-08,Gujarat,Gujarat City 2,4G,Prepaid,5.9
AIR102984,2021-11-10,Kerala,Kerala City 3,4G,Prepaid,3.4
AIR102985,2022-06-09,Karnataka,Karnataka City 1,4G,Postpaid,2.9
AIR102986,2020-04-12,Gujarat,Gujarat City 3,4G,Prepaid,5.2
AIR102987,2019-12-20,Maharashtra,Maharashtra City 2,5G,Prepaid,5.6
AIR102988,2019-03-13,West Bengal,West Bengal City 1,5G,Prepaid,6.4
AIR102989,2022-10-07,Karnataka,Karnataka City 2,4G,Prepaid,2.9
AIR102990,2021-12-11,Tamil Nadu,Tamil Nadu City 3,5G,Prepaid,3.8
AIR102991,2022-05-30,Rajasthan,Rajasthan City 1,4G,Postpaid,3.5
AIR102992,2021-10-20,Maharashtra,Maharashtra City 2,5G,Postpaid,4.2
AIR102993,2023-12-26,Tamil Nadu,Tamil Nadu City 1,4G,Postpaid,1.1
AIR102994,2021-09-16,Telangana,Telangana City 1,4G,Prepaid,3.5
AIR102995,2020-04-04,Uttar Pradesh,Uttar Pradesh City 2,4G,Prepaid,5
AIR102996,2022-04-05,Kerala,Kerala City 1,5G,Postpaid,3.1
AIR102997,2022-07-30,Kerala,Kerala City 2,4G,Prepaid,2.9
AIR102998,2020-12-17,Tamil Nadu,Tamil Nadu City 1,5G,Prepaid,4.6
AIR102999,2020-01-02,Rajasthan,Rajasthan City 1,4G,Prepaid,5.6
AIR103000,2020-08-29,Telangana,Telangana City 1,5G,Prepaid,5
AIR103001,2021-01-18,West Bengal,West Bengal City 3,4G,Broadband,4.7
AIR103002,2023-08-27,Rajasthan,Rajasthan City 3,5G,Postpaid,2.2
AIR103003,2020-08-24,Gujarat,Gujarat City 2,4G,Prepaid,5.3
AIR103004,2020-09-11,Kerala,Kerala City 1,4G,Postpaid,4.4
AIR103005,2019-09-12,Gujarat,Gujarat City 2,5G,Prepaid,5.5
AIR103006,2022-05-08,Karnataka,Karnataka City 3,5G,Prepaid,2.9
AIR103007,2021-04-15,Delhi,Delhi City 3,4G,Prepaid,4.1
AIR103008,2024-01-25,Maharashtra,Maharashtra City 3,4G,Postpaid,1.4
AIR103009,2020-10-30,Telangana,Telangana City 3,4G,Prepaid,4.7
AIR103010,2019-09-10,Rajasthan,Rajasthan City 2,4G,Prepaid,5.9
AIR103011,2020-05-08,Kerala,Kerala City 1,4G,Prepaid,5.4
AIR103012,2022-02-04,Gujarat,Gujarat City 2,4G,Prepaid,3.7
AIR103013,2023-05-24,Uttar Pradesh,Uttar Pradesh City 1,4G,Postpaid,2.5
AIR103014,2019-12-02,Karnataka,Karnataka City 3,5G,Broadband,6
AIR103015,2024-10-01,Maharashtra,Maharashtra City 1,5G,Postpaid,0.4
AIR103016,2023-11-12,Maharashtra,Maharashtra City 3,4G,Postpaid,1.3
AIR103017,2024-02-11,Rajasthan,Rajasthan City 2,4G,Broadband,1.2
AIR103018,2019-07-29,Telangana,Telangana City 1,4G,Prepaid,5.8
AIR103019,2021-10-09,West Bengal,West Bengal City 2,5G,Prepaid,3.7
AIR103020,2022-10-08,Uttar Pradesh,Uttar Pradesh City 3,4G,Prepaid,2.8
AIR103021,2021-06-12,Rajasthan,Rajasthan City 2,4G,Prepaid,4.2
AIR103022,2022-07-06,Gujarat,Gujarat City 3,4G,Prepaid,3.2
AIR103023,2019-12-03,Delhi,Delhi City 3,4G,Prepaid,5.9
AIR103024,2022-11-19,Tamil Nadu,Tamil Nadu City 3,5G,Prepaid,3
AIR103025,2020-11-05,West Bengal,West Bengal City 2,5G,Postpaid,5.1
AIR103026,2019-04-15,Telangana,Telangana City 2,4G,Broadband,5.8
AIR103027,2020-12-03,Karnataka,Karnataka City 1,4G,Prepaid,4.3
AIR103028,2022-02-21,West Bengal,West Bengal City 1,5G,Prepaid,3.1
AIR103029,2024-08-15,Kerala,Kerala City 2,4G,Postpaid,0.7
AIR103030,2022-07-14,Telangana,Telangana City 2,5G,Prepaid,2.9
AIR103031,2022-07-16,Delhi,Delhi City 2,5G,Prepaid,3
AIR103032,2020-11-04,Kerala,Kerala City 2,5G,Prepaid,4.8
AIR103033,2022-05-03,West Bengal,West Bengal City 3,4G,Postpaid,3.4
AIR103034,2021-01-26,Tamil Nadu,Tamil Nadu City 3,4G,Broadband,4.7
AIR103035,2021-12-24,Tamil Nadu,Tamil Nadu City 3,5G,Postpaid,3.9
AIR103036,2019-07-20,Delhi,Delhi City 2,4G,Prepaid,6.4
AIR103037,2019-08-30,Maharashtra,Maharashtra City 3,4G,Prepaid,5.5
AIR103038,2024-08-12,Uttar Pradesh,Uttar Pradesh City 3,4G,Prepaid,0.6
AIR103039,2023-01-27,Karnataka,Karnataka City 1,4G,Broadband,2.2
AIR103040,2021-08-25,Maharashtra,Maharashtra City 1,5G,Postpaid,3.7
AIR103041,2019-11-10,Tamil Nadu,Tamil Nadu City 3,4G,Prepaid,5.6
AIR103042,2021-06-01,Tamil Nadu,Tamil Nadu City 3,5G,Postpaid,4.1
AIR103043,2020-05-12,Gujarat,Gujarat City 3,5G,Prepaid,5.3
AIR103044,2023-04-07,Kerala,Kerala City 2,4G,Enterprise,2.4
AIR103045,2024-10-19,West Bengal,West Bengal City 1,4G,Broadband,1
AIR103046,2024-03-20,Karnataka,Karnataka City 1,5G,Prepaid,1.7
AIR103047,2024-06-17,Delhi,Delhi City 1,4G,Postpaid,1.5
AIR103048,2023-03-21,West Bengal,West Bengal City 3,5G,Postpaid,1.9
AIR103049,2024-06-21,Gujarat,Gujarat City 2,5G,Prepaid,0.7
AIR103050,2022-08-25,Tamil Nadu,Tamil Nadu City 1,4G,Postpaid,2.6
AIR103051,2023-04-22,Delhi,Delhi City 1,5G,Postpaid,2.1
AIR103052,2024-09-09,Tamil Nadu,Tamil Nadu City 2,4G,Prepaid,0.8
AIR103053,2022-05-29,Karnataka,Karnataka City 3,4G,Postpaid,3.1
AIR103054,2023-03-22,Kerala,Kerala City 3,5G,Postpaid,2.4
AIR103055,2023-06-29,West Bengal,West Bengal City 1,5G,Prepaid,2.2
AIR103056,2022-09-22,West Bengal,West Bengal City 1,4G,Prepaid,3.1
AIR103057,2024-02-22,Maharashtra,Maharashtra City 2,4G,Postpaid,1.7
AIR103058,2020-07-17,Delhi,Delhi City 1,4G,Prepaid,5.4
AIR103059,2024-08-22,Uttar Pradesh,Uttar Pradesh City 2,4G,Broadband,0.5
AIR103060,2022-04-24,Gujarat,Gujarat City 1,4G,Prepaid,2.9
AIR103061,2021-01-03,Uttar Pradesh,Uttar Pradesh City 1,4G,Prepaid,4.3
AIR103062,2021-01-22,Maharashtra,Maharashtra City 1,4G,Prepaid,4.3
AIR103063,2019-05-28,Karnataka,Karnataka City 3,5G,Postpaid,6.1
AIR103064,2024-04-09,Gujarat,Gujarat City 2,4G,Postpaid,1.3
AIR103065,2021-10-17,Kerala,Kerala City 2,4G,Prepaid,3.8
AIR103066,2021-12-14,Uttar Pradesh,Uttar Pradesh City 3,5G,Prepaid,3.8
AIR103067,2023-09-30,Kerala,Kerala City 3,5G,Broadband,2
AIR103068,2023-11-21,Uttar Pradesh,Uttar Pradesh City 3,5G,Prepaid,2
AIR103069,2020-11-22,Kerala,Kerala City 2,4G,Prepaid,5.1
AIR103070,2024-09-23,Uttar Pradesh,Uttar Pradesh City 1,4G,Prepaid,0.4
AIR103071,2023-10-12,Kerala,Kerala City 3,4G,Prepaid,1.4
AIR103072,2024-11-03,Maharashtra,Maharashtra City 3,4G,Prepaid,0.4
AIR103073,2023-12-11,Telangana,Telangana City 3,4G,Prepaid,1.4
AIR103074,2019-09-21,Gujarat,Gujarat City 1,4G,Prepaid,5.7
AIR103075,2022-06-02,Delhi,Delhi City 1,4G,Broadband,3.1
AIR103076,2019-08-04,Karnataka,Karnataka City 3,4G,Prepaid,6
AIR103077,2019-08-19,Rajasthan,Rajasthan City 1,4G,Postpaid,6.1
AIR103078,2023-09-22,Tamil Nadu,Tamil Nadu City 3,4G,Postpaid,2.1
AIR103079,2022-04-15,Delhi,Delhi City 1,4G,Prepaid,3.6
AIR103080,2023-03-21,Tamil Nadu,Tamil Nadu City 2,4G,Postpaid,2.7
AIR103081,2023-10-13,Gujarat,Gujarat City 2,4G,Prepaid,1.3
AIR103082,2020-12-07,Delhi,Delhi City 1,4G,Prepaid,4.3
AIR103083,2020-05-27,Kerala,Kerala City 2,4G,Broadband,4.9
AIR103084,2024-03-11,Kerala,Kerala City 2,4G,Postpaid,1.2
AIR103085,2022-01-29,Rajasthan,Rajasthan City 2,4G,Broadband,3.4
AIR103086,2024-04-20,Tamil Nadu,Tamil Nadu City 3,5G,Broadband,1.2
AIR103087,2024-06-15,Karnataka,Karnataka City 1,4G,Prepaid,1.2
AIR103088,2019-12-17,Gujarat,Gujarat City 1,4G,Prepaid,5.7
AIR103089,2021-03-13,Kerala,Kerala City 1,5G,Prepaid,4.6
AIR103090,2020-03-26,Telangana,Telangana City 2,4G,Broadband,5.6
AIR103091,2022-07-16,Maharashtra,Maharashtra City 3,4G,Broadband,3.4
AIR103092,2021-06-20,Maharashtra,Maharashtra City 1,4G,Postpaid,3.7
AIR103093,2019-03-04,Uttar Pradesh,Uttar Pradesh City 2,5G,Prepaid,6
AIR103094,2023-11-24,Karnataka,Karnataka City 3,4G,Prepaid,1.4
AIR103095,2020-05-19,Maharashtra,Maharashtra City 3,4G,Broadband,5
AIR103096,2023-08-27,Uttar Pradesh,Uttar Pradesh City 1,4G,Broadband,1.8
AIR103097,2023-07-12,Tamil Nadu,Tamil Nadu City 1,4G,Prepaid,2
AIR103098,2022-04-23,Kerala,Kerala City 2,4G,Prepaid,3.3
AIR103099,2023-05-14,Kerala,Kerala City 1,5G,Prepaid,2.3
AIR103100,2024-01-13,Telangana,Telangana City 2,4G,Prepaid,1.8
AIR103101,2021-02-02,Delhi,Delhi City 3,4G,Broadband,4.8
AIR103102,2020-03-01,Maharashtra,Maharashtra City 3,4G,Postpaid,5.8
AIR103103,2021-04-12,Tamil Nadu,Tamil Nadu City 3,4G,Postpaid,3.8
AIR103104,2020-05-14,West Bengal,West Bengal City 3,5G,Prepaid,4.8
AIR103105,2021-04-24,Maharashtra,Maharashtra City 1,4G,Prepaid,4
AIR103106,2021-11-26,Karnataka,Karnataka City 1,4G,Prepaid,3.5
AIR103107,2023-03-30,Delhi,Delhi City 2,4G,Postpaid,2.2
AIR103108,2022-11-21,Maharashtra,Maharashtra City 2,4G,Postpaid,2.6
AIR103109,2021-01-19,Tamil Nadu,Tamil Nadu City 2,4G,Prepaid,4.6
AIR103110,2023-05-10,Maharashtra,Maharashtra City 2,5G,Prepaid,2.4
AIR103111,2024-05-01,Karnataka,Karnataka City 2,4G,Prepaid,1.5
AIR103112,2021-11-11,West Bengal,West Bengal City 3,5G,Prepaid,4
AIR103113,2020-05-09,Gujarat,Gujarat City 3,5G,Postpaid,5.6
AIR103114,2022-05-11,Rajasthan,Rajasthan City 3,5G,Postpaid,2.8
AIR103115,2021-08-07,West Bengal,West Bengal City 2,4G,Prepaid,3.6
AIR103116,2022-10-01,Uttar Pradesh,Uttar Pradesh City 3,4G,Broadband,2.5
AIR103117,2021-11-04,Maharashtra,Maharashtra City 3,5G,Postpaid,3.5
AIR103118,2021-11-19,Kerala,Kerala City 3,5G,Prepaid,3.6
AIR103119,2023-11-23,Telangana,Telangana City 3,5G,Prepaid,1.6
AIR103120,2023-07-11,Kerala,Kerala City 1,4G,Broadband,2.1
AIR103121,2020-09-11,West Bengal,West Bengal City 2,4G,Postpaid,5
AIR103122,2020-09-18,Kerala,Kerala City 2,5G,Prepaid,5.1
AIR103123,2019-09-29,Tamil Nadu,Tamil Nadu City 1,4G,Postpaid,6.1
AIR103124,2020-02-24,Kerala,Kerala City 3,4G,Prepaid,5.8
AIR103125,2024-08-09,Delhi,Delhi City 3,4G,Broadband,0.5
AIR103126,2020-05-03,Gujarat,Gujarat City 3,4G,Broadband,4.9
AIR103127,2021-03-06,Maharashtra,Maharashtra City 2,4G,Postpaid,4.1
AIR103128,2022-09-03,Kerala,Kerala City 2,4G,Postpaid,2.7
AIR103129,2020-04-11,Karnataka,Karnataka City 2,4G,Prepaid,5.2
AIR103130,2020-03-15,Gujarat,Gujarat City 2,4G,Postpaid,5.3
AIR103131,2022-09-16,Gujarat,Gujarat City 2,4G,Postpaid,2.9
AIR103132,2019-09-30,Kerala,Kerala City 1,4G,Postpaid,6
AIR103133,2021-11-10,Gujarat,Gujarat City 2,5G,Postpaid,3.9
AIR103134,2023-02-24,Telangana,Telangana City 3,4G,Broadband,2.7
AIR103135,2021-08-13,Kerala,Kerala City 2,4G,Prepaid,4.3
AIR103136,2022-07-14,Tamil Nadu,Tamil Nadu City 1,5G,Prepaid,2.6
AIR103137,2024-04-03,West Bengal,West Bengal City 3,5G,Postpaid,0.9
AIR103138,2019-07-07,Delhi,Delhi City 1,4G,Broadband,5.8
AIR103139,2023-02-07,Rajasthan,Rajasthan City 3,4G,Broadband,2.3
AIR103140,2019-07-27,Uttar Pradesh,Uttar Pradesh City 2,4G,Postpaid,5.9
AIR103141,2019-03-15,Gujarat,Gujarat City 1,4G,Broadband,6.3
AIR103142,2020-11-03,Tamil Nadu,Tamil Nadu City 3,5G,Postpaid,4.8
AIR103143,2021-11-15,Maharashtra,Maharashtra City 2,5G,Prepaid,3.8
AIR103144,2021-05-23,Maharashtra,Maharashtra City 3,5G,Postpaid,4.4
AIR103145,2023-11-29,Uttar Pradesh,Uttar Pradesh City 1,4G,Prepaid,2
AIR103146,2024-02-25,Delhi,Delhi City 1,4G,Prepaid,1.8
AIR103147,2020-05-29,Gujarat,Gujarat City 1,5G,Prepaid,4.7
AIR103148,2023-12-29,Telangana,Telangana City 1,4G,Prepaid,1.2
AIR103149,2019-10-07,Uttar Pradesh,Uttar Pradesh City 2,4G,Prepaid,5.5
AIR103150,2021-01-29,Delhi,Delhi City 3,5G,Prepaid,4.3
AIR103151,2020-07-09,Gujarat,Gujarat City 2,4G,Prepaid,4.9
AIR103152,2021-11-22,Tamil Nadu,Tamil Nadu City 1,4G,Prepaid,3.6
AIR103153,2019-10-18,West Bengal,West Bengal City 3,5G,Postpaid,5.8
AIR103154,2021-02-23,Telangana,Telangana City 1,4G,Postpaid,4.6
AIR103155,2023-06-11,Rajasthan,Rajasthan City 2,4G,Broadband,2.3
AIR103156,2021-01-11,Maharashtra,Maharashtra City 2,4G,Broadband,4.8
AIR103157,2019-03-24,Karnataka,Karnataka City 2,4G,Prepaid,6.7
AIR103158,2024-07-04,Tamil Nadu,Tamil Nadu City 3,4G,Postpaid,0.6
AIR103159,2022-03-07,Maharashtra,Maharashtra City 3,4G,Prepaid,3
AIR103160,2019-03-24,Kerala,Kerala City 1,4G,Prepaid,6.1
AIR103161,2023-09-07,Karnataka,Karnataka City 3,5G,Postpaid,1.7
AIR103162,2020-10-09,Maharashtra,Maharashtra City 3,4G,Postpaid,4.7
AIR103163,2019-05-31,Delhi,Delhi City 2,5G,Broadband,6.1
AIR103164,2021-08-01,Telangana,Telangana City 1,4G,Postpaid,4
AIR103165,2023-10-24,Maharashtra,Maharashtra City 2,4G,Prepaid,1.9
AIR103166,2021-05-09,Rajasthan,Rajasthan City 1,4G,Broadband,4.4
AIR103167,2024-02-12,West Bengal,West Bengal City 1,4G,Postpaid,1.8
AIR103168,2019-04-25,Delhi,Delhi City 3,5G,Broadband,6.6
AIR103169,2020-12-26,Tamil Nadu,Tamil Nadu City 2,4G,Postpaid,4.1
AIR103170,2023-03-31,Tamil Nadu,Tamil Nadu City 3,4G,Prepaid,2
AIR103171,2022-01-12,Tamil Nadu,Tamil Nadu City 3,4G,Prepaid,3.3
AIR103172,2021-06-05,Tamil Nadu,Tamil Nadu City 3,4G,Prepaid,3.9
AIR103173,2021-03-20,West Bengal,West Bengal City 1,4G,Prepaid,4.2
AIR103174,2024-01-15,Maharashtra,Maharashtra City 2,4G,Prepaid,1.5
AIR103175,2019-09-10,Gujarat,Gujarat City 2,4G,Postpaid,5.9
AIR103176,2022-07-20,Maharashtra,Maharashtra City 3,4G,Broadband,3.2
AIR103177,2021-04-04,Kerala,Kerala City 1,4G,Broadband,4.5
AIR103178,2020-05-21,Telangana,Telangana City 2,4G,Postpaid,5.5
AIR103179,2024-12-19,Karnataka,Karnataka City 2,4G,Prepaid,1
AIR103180,2023-10-01,Gujarat,Gujarat City 3,4G,Prepaid,1.4
AIR103181,2019-12-17,Gujarat,Gujarat City 1,5G,Postpaid,5.2
AIR103182,2022-01-11,Maharashtra,Maharashtra City 3,5G,Prepaid,3.3
AIR103183,2024-06-10,Gujarat,Gujarat City 2,5G,Broadband,0.9
AIR103184,2021-03-28,Uttar Pradesh,Uttar Pradesh City 1,4G,Broadband,4.2
AIR103185,2024-12-13,Uttar Pradesh,Uttar Pradesh City 3,5G,Prepaid,0.6
AIR103186,2021-04-14,Kerala,Kerala City 2,4G,Postpaid,4.3
AIR103187,2024-06-10,Karnataka,Karnataka City 3,5G,Prepaid,1.3
AIR103188,2021-06-14,Rajasthan,Rajasthan City 3,4G,Postpaid,4.3
AIR103189,2024-11-22,West Bengal,West Bengal City 3,4G,Prepaid,1
AIR103190,2019-03-04,Maharashtra,Maharashtra City 1,4G,Prepaid,6.8
AIR103191,2021-01-20,West Bengal,West Bengal City 2,4G,Postpaid,4.1
AIR103192,2019-01-26,Rajasthan,Rajasthan City 2,5G,Postpaid,6.1
AIR103193,2019-01-01,Maharashtra,Maharashtra City 2,5G,Postpaid,6.3
AIR103194,2024-11-11,Maharashtra,Maharashtra City 2,5G,Postpaid,0.5
AIR103195,2024-04-21,Karnataka,Karnataka City 1,4G,Postpaid,1.1
AIR103196,2023-08-29,West Bengal,West Bengal City 3,4G,Postpaid,1.9
AIR103197,2019-10-25,Uttar Pradesh,Uttar Pradesh City 2,4G,Enterprise,5.8
AIR103198,2024-06-07,Tamil Nadu,Tamil Nadu City 1,5G,Broadband,1.3
AIR103199,2023-05-14,West Bengal,West Bengal City 3,4G,Postpaid,2.4
AIR103200,2019-07-28,Telangana,Telangana City 1,5G,Postpaid,6.3
AIR103201,2023-01-21,Telangana,Telangana City 1,4G,Postpaid,2.9
AIR103202,2021-06-25,Maharashtra,Maharashtra City 2,4G,Prepaid,3.6
AIR103203,2019-10-11,Tamil Nadu,Tamil Nadu City 2,5G,Prepaid,5.4
AIR103204,2019-12-16,Delhi,Delhi City 3,4G,Broadband,5.3
AIR103205,2022-09-18,Rajasthan,Rajasthan City 3,4G,Broadband,2.7
AIR103206,2024-07-05,Kerala,Kerala City 2,4G,Postpaid,0.9
AIR103207,2023-11-09,Tamil Nadu,Tamil Nadu City 1,5G,Prepaid,1.7
AIR103208,2022-09-13,Kerala,Kerala City 2,4G,Prepaid,2.9
AIR103209,2022-08-10,West Bengal,West Bengal City 3,4G,Prepaid,3.1
AIR103210,2023-02-26,West Bengal,West Bengal City 1,4G,Prepaid,2.6
AIR103211,2019-07-03,Kerala,Kerala City 1,4G,Postpaid,6.4
AIR103212,2024-07-23,Rajasthan,Rajasthan City 1,4G,Broadband,1.4
AIR103213,2019-07-31,Tamil Nadu,Tamil Nadu City 2,4G,Prepaid,5.5
AIR103214,2022-06-28,Delhi,Delhi City 2,5G,Postpaid,2.7
AIR103215,2019-06-16,Maharashtra,Maharashtra City 3,5G,Prepaid,5.8
AIR103216,2024-02-15,Karnataka,Karnataka City 1,4G,Enterprise,1.2
AIR103217,2022-03-31,West Bengal,West Bengal City 1,5G,Broadband,3.2
AIR103218,2021-05-24,Telangana,Telangana City 2,4G,Prepaid,4.1
AIR103219,2022-12-13,Rajasthan,Rajasthan City 3,4G,Enterprise,2.7
AIR103220,2023-07-12,Karnataka,Karnataka City 3,4G,Postpaid,2.2
AIR103221,2020-02-11,Delhi,Delhi City 1,4G,Prepaid,5.7
AIR103222,2020-02-09,Gujarat,Gujarat City 2,4G,Postpaid,5.8
AIR103223,2019-10-02,Maharashtra,Maharashtra City 1,4G,Prepaid,6.2
AIR103224,2022-12-09,West Bengal,West Bengal City 2,5G,Postpaid,2.2
AIR103225,2024-11-29,Maharashtra,Maharashtra City 3,4G,Broadband,0.3
AIR103226,2021-03-02,Karnataka,Karnataka City 1,4G,Postpaid,4.1
AIR103227,2019-05-16,Maharashtra,Maharashtra City 1,4G,Prepaid,6
AIR103228,2019-11-29,Gujarat,Gujarat City 1,4G,Prepaid,5.5
AIR103229,2021-10-23,Karnataka,Karnataka City 3,4G,Prepaid,3.7
AIR103230,2023-03-16,West Bengal,West Bengal City 1,4G,Prepaid,2.4
AIR103231,2024-10-25,Tamil Nadu,Tamil Nadu City 3,5G,Prepaid,0.9
AIR103232,2022-04-01,Telangana,Telangana City 2,5G,Postpaid,3.5
AIR103233,2021-11-10,Karnataka,Karnataka City 3,4G,Postpaid,4
AIR103234,2023-05-21,Uttar Pradesh,Uttar Pradesh City 2,5G,Postpaid,2.6
AIR103235,2021-08-10,Gujarat,Gujarat City 3,5G,Prepaid,3.5
AIR103236,2024-06-09,Karnataka,Karnataka City 3,4G,Prepaid,0.8
AIR103237,2020-04-16,Karnataka,Karnataka City 1,4G,Prepaid,5
AIR103238,2019-06-14,Uttar Pradesh,Uttar Pradesh City 3,4G,Prepaid,5.9
AIR103239,2024-06-14,West Bengal,West Bengal City 1,4G,Prepaid,1
AIR103240,2023-10-06,Karnataka,Karnataka City 2,5G,Prepaid,1.8
AIR103241,2019-06-13,Telangana,Telangana City 2,4G,Postpaid,6.2
AIR103242,2019-04-14,Maharashtra,Maharashtra City 1,4G,Broadband,6.4
AIR103243,2020-08-18,West Bengal,West Bengal City 2,4G,Postpaid,5.2
AIR103244,2019-04-30,Telangana,Telangana City 3,4G,Postpaid,6.5
AIR103245,2022-02-01,West Bengal,West Bengal City 1,5G,Prepaid,3.9
AIR103246,2019-12-30,Telangana,Telangana City 1,4G,Broadband,5.1
AIR103247,2023-04-19,Gujarat,Gujarat City 1,4G,Prepaid,1.9
AIR103248,2020-01-04,Telangana,Telangana City 2,5G,Prepaid,5.3
AIR103249,2021-08-15,Kerala,Kerala City 2,4G,Prepaid,3.7
AIR103250,2023-11-03,Telangana,Telangana City 3,4G,Prepaid,1.6
AIR103251,2022-04-23,Tamil Nadu,Tamil Nadu City 3,4G,Postpaid,3.2
AIR103252,2022-06-08,Tamil Nadu,Tamil Nadu City 1,4G,Enterprise,3.2
AIR103253,2019-05-15,Rajasthan,Rajasthan City 3,4G,Postpaid,6.3
AIR103254,2024-09-23,Kerala,Kerala City 2,4G,Prepaid,1.1
AIR103255,2023-02-24,Kerala,Kerala City 3,4G,Postpaid,2.7
AIR103256,2020-08-17,Maharashtra,Maharashtra City 2,5G,Postpaid,5.3
AIR103257,2022-12-16,Kerala,Kerala City 3,4G,Broadband,2.2
AIR103258,2021-02-04,Maharashtra,Maharashtra City 2,4G,Postpaid,4.1
AIR103259,2024-04-28,Rajasthan,Rajasthan City 2,4G,Postpaid,1
AIR103260,2022-09-02,Rajasthan,Rajasthan City 3,5G,Postpaid,2.7
AIR103261,2023-05-06,Gujarat,Gujarat City 3,4G,Postpaid,2.1
AIR103262,2020-06-19,Tamil Nadu,Tamil Nadu City 2,5G,Prepaid,5.1
AIR103263,2020-09-25,Telangana,Telangana City 1,4G,Prepaid,4.9
AIR103264,2024-09-27,Telangana,Telangana City 3,5G,Postpaid,1
AIR103265,2020-10-22,Uttar Pradesh,Uttar Pradesh City 2,4G,Broadband,5
AIR103266,2020-04-03,Uttar Pradesh,Uttar Pradesh City 3,4G,Prepaid,5.6
AIR103267,2023-08-08,Delhi,Delhi City 3,4G,Enterprise,2.4
AIR103268,2021-01-24,West Bengal,West Bengal City 3,5G,Prepaid,4.1
AIR103269,2024-03-08,Gujarat,Gujarat City 3,4G,Prepaid,1
AIR103270,2024-10-16,Delhi,Delhi City 3,4G,Prepaid,0.5
AIR103271,2020-05-23,Delhi,Delhi City 1,4G,Broadband,5
AIR103272,2021-01-05,Karnataka,Karnataka City 1,5G,Prepaid,4.4
AIR103273,2022-08-16,Karnataka,Karnataka City 1,5G,Postpaid,2.9
AIR103274,2024-12-11,Delhi,Delhi City 2,4G,Prepaid,0.7
AIR103275,2019-10-19,Kerala,Kerala City 1,4G,Postpaid,5.9
AIR103276,2020-02-25,West Bengal,West Bengal City 1,4G,Broadband,5.6
AIR103277,2024-04-02,Gujarat,Gujarat City 2,5G,Prepaid,1.6
AIR103278,2021-03-22,Delhi,Delhi City 1,5G,Broadband,4.7
AIR103279,2024-09-28,Telangana,Telangana City 3,4G,Broadband,0.4
AIR103280,2024-07-02,West Bengal,West Bengal City 1,4G,Prepaid,0.7
AIR103281,2019-07-02,Karnataka,Karnataka City 1,5G,Postpaid,5.8
AIR103282,2019-09-04,Telangana,Telangana City 1,5G,Prepaid,5.7
AIR103283,2020-10-11,Karnataka,Karnataka City 3,4G,Prepaid,4.7
AIR103284,2020-07-14,Karnataka,Karnataka City 3,4G,Postpaid,5
AIR103285,2024-10-20,West Bengal,West Bengal City 3,4G,Postpaid,0.8
AIR103286,2021-02-08,Karnataka,Karnataka City 3,4G,Prepaid,4.6
AIR103287,2020-07-09,Rajasthan,Rajasthan City 2,4G,Prepaid,5.3
AIR103288,2020-05-18,Tamil Nadu,Tamil Nadu City 3,4G,Broadband,5.5
AIR103289,2020-09-19,Rajasthan,Rajasthan City 3,4G,Postpaid,5.2
AIR103290,2023-10-20,Tamil Nadu,Tamil Nadu City 3,4G,Prepaid,1.3
AIR103291,2021-12-30,Uttar Pradesh,Uttar Pradesh City 3,4G,Postpaid,3.2
AIR103292,2019-06-10,Uttar Pradesh,Uttar Pradesh City 2,4G,Prepaid,5.8
AIR103293,2023-12-14,Karnataka,Karnataka City 1,5G,Prepaid,1.4
AIR103294,2024-12-14,Gujarat,Gujarat City 1,4G,Postpaid,0.5
AIR103295,2023-09-02,Gujarat,Gujarat City 3,4G,Postpaid,1.9
AIR103296,2023-04-02,Tamil Nadu,Tamil Nadu City 3,4G,Prepaid,2.4
AIR103297,2022-08-20,Telangana,Telangana City 3,5G,Postpaid,3.1
AIR103298,2024-07-12,West Bengal,West Bengal City 1,5G,Prepaid,1.3
AIR103299,2022-04-27,Karnataka,Karnataka City 1,4G,Postpaid,3.6
AIR103300,2024-06-18,West Bengal,West Bengal City 3,5G,Prepaid,1.5
AIR103301,2020-09-25,Rajasthan,Rajasthan City 1,4G,Prepaid,4.4
AIR103302,2024-06-29,Gujarat,Gujarat City 2,5G,Prepaid,0.7
AIR103303,2021-11-22,Kerala,Kerala City 3,4G,Postpaid,3.4
AIR103304,2020-05-15,Rajasthan,Rajasthan City 3,4G,Prepaid,5
AIR103305,2023-04-13,Rajasthan,Rajasthan City 2,4G,Prepaid,2.2
AIR103306,2022-03-20,Tamil Nadu,Tamil Nadu City 2,4G,Prepaid,3.3
AIR103307,2023-05-18,Maharashtra,Maharashtra City 1,4G,Postpaid,2.2
AIR103308,2024-11-28,Rajasthan,Rajasthan City 2,5G,Prepaid,0.8
AIR103309,2024-06-07,Karnataka,Karnataka City 3,5G,Postpaid,1.4
AIR103310,2020-06-03,Delhi,Delhi City 1,4G,Prepaid,5.5
AIR103311,2024-04-01,Delhi,Delhi City 2,4G,Postpaid,1.7
AIR103312,2022-08-21,Karnataka,Karnataka City 1,4G,Enterprise,2.5
AIR103313,2024-01-21,Maharashtra,Maharashtra City 1,4G,Postpaid,1.1
AIR103314,2021-07-21,Maharashtra,Maharashtra City 1,4G,Postpaid,3.7
AIR103315,2023-03-22,Tamil Nadu,Tamil Nadu City 1,4G,Postpaid,2.1
AIR103316,2020-02-12,Gujarat,Gujarat City 2,5G,Broadband,5.3
AIR103317,2023-03-12,West Bengal,West Bengal City 3,4G,Prepaid,2.3
AIR103318,2020-09-15,Maharashtra,Maharashtra City 3,4G,Broadband,4.9
AIR103319,2020-07-05,Kerala,Kerala City 2,4G,Broadband,5.2
AIR103320,2019-11-16,Tamil Nadu,Tamil Nadu City 3,4G,Prepaid,5.9
AIR103321,2021-12-05,Uttar Pradesh,Uttar Pradesh City 1,4G,Prepaid,3.9
AIR103322,2020-10-28,Telangana,Telangana City 1,5G,Enterprise,5.1
AIR103323,2020-09-19,Uttar Pradesh,Uttar Pradesh City 1,4G,Postpaid,4.4
AIR103324,2023-11-20,Tamil Nadu,Tamil Nadu City 2,4G,Prepaid,1.3
AIR103325,2023-02-18,Rajasthan,Rajasthan City 1,5G,Postpaid,2.2
AIR103326,2022-02-07,West Bengal,West Bengal City 1,4G,Prepaid,3.3
AIR103327,2023-02-18,Telangana,Telangana City 2,5G,Prepaid,2.3
AIR103328,2024-02-02,Uttar Pradesh,Uttar Pradesh City 1,4G,Postpaid,1.4
AIR103329,2023-06-04,Telangana,Telangana City 1,4G,Postpaid,2.2
AIR103330,2024-10-24,Kerala,Kerala City 3,5G,Broadband,0.9
AIR103331,2020-09-01,Kerala,Kerala City 2,5G,Postpaid,5.1
AIR103332,2023-03-02,Kerala,Kerala City 1,4G,Broadband,2.7
AIR103333,2020-04-23,Tamil Nadu,Tamil Nadu City 1,4G,Prepaid,5.6
AIR103334,2020-08-10,West Bengal,West Bengal City 1,5G,Postpaid,4.5
AIR103335,2020-08-15,Tamil Nadu,Tamil Nadu City 1,4G,Prepaid,4.6
AIR103336,2019-11-05,Delhi,Delhi City 3,4G,Prepaid,5.4
AIR103337,2019-09-24,Rajasthan,Rajasthan City 3,5G,Broadband,5.6
AIR103338,2024-09-11,Rajasthan,Rajasthan City 3,4G,Prepaid,0.8
AIR103339,2024-01-07,Kerala,Kerala City 3,5G,Broadband,1.5
AIR103340,2024-09-18,Delhi,Delhi City 2,5G,Prepaid,0.9
AIR103341,2020-11-16,Maharashtra,Maharashtra City 1,5G,Prepaid,4.8
AIR103342,2024-06-23,Maharashtra,Maharashtra City 3,5G,Prepaid,1.3
AIR103343,2020-10-28,Kerala,Kerala City 1,4G,Postpaid,5
AIR103344,2023-08-12,Uttar Pradesh,Uttar Pradesh City 2,4G,Prepaid,2.3
AIR103345,2022-11-07,Tamil Nadu,Tamil Nadu City 1,4G,Postpaid,2.3
AIR103346,2023-03-02,Kerala,Kerala City 1,5G,Postpaid,2
AIR103347,2021-10-17,Gujarat,Gujarat City 3,5G,Prepaid,3.5
AIR103348,2020-03-21,Telangana,Telangana City 3,4G,Postpaid,5.1
AIR103349,2019-10-15,Rajasthan,Rajasthan City 2,4G,Prepaid,5.7
AIR103350,2021-12-17,Maharashtra,Maharashtra City 1,5G,Broadband,3.6
AIR103351,2023-08-18,Karnataka,Karnataka City 3,4G,Prepaid,2
AIR103352,2021-03-04,Maharashtra,Maharashtra City 3,4G,Prepaid,4.5
AIR103353,2023-04-14,Rajasthan,Rajasthan City 3,4G,Prepaid,2.5
AIR103354,2021-02-13,Telangana,Telangana City 2,5G,Postpaid,4.8
AIR103355,2019-10-04,Rajasthan,Rajasthan City 1,5G,Postpaid,6.2
AIR103356,2024-06-22,Karnataka,Karnataka City 3,5G,Broadband,0.7
AIR103357,2021-08-20,Kerala,Kerala City 1,4G,Broadband,3.6
AIR103358,2023-03-26,Delhi,Delhi City 2,5G,Prepaid,2.1
AIR103359,2021-01-05,Karnataka,Karnataka City 1,4G,Postpaid,4.4
AIR103360,2019-04-24,Rajasthan,Rajasthan City 3,5G,Postpaid,6.1
AIR103361,2021-02-10,Rajasthan,Rajasthan City 1,4G,Broadband,4.4
AIR103362,2022-11-20,Gujarat,Gujarat City 1,4G,Prepaid,2.7
AIR103363,2021-10-09,Gujarat,Gujarat City 2,4G,Prepaid,3.9
AIR103364,2022-06-06,West Bengal,West Bengal City 2,4G,Broadband,3.4
AIR103365,2019-04-18,Gujarat,Gujarat City 1,5G,Prepaid,6.6
AIR103366,2019-10-09,Tamil Nadu,Tamil Nadu City 1,5G,Postpaid,6.2
AIR103367,2022-11-28,Delhi,Delhi City 1,5G,Broadband,2.2
AIR103368,2021-05-27,Telangana,Telangana City 2,5G,Broadband,3.8
AIR103369,2022-04-13,Karnataka,Karnataka City 2,4G,Prepaid,3
AIR103370,2020-03-29,Rajasthan,Rajasthan City 1,5G,Prepaid,5.1
AIR103371,2020-05-23,West Bengal,West Bengal City 2,5G,Prepaid,5.1
AIR103372,2022-06-17,West Bengal,West Bengal City 3,5G,Broadband,3.1
AIR103373,2024-11-13,Telangana,Telangana City 2,4G,Enterprise,0.8
AIR103374,2019-04-01,Delhi,Delhi City 2,4G,Postpaid,6.5
AIR103375,2019-08-21,Karnataka,Karnataka City 2,5G,Postpaid,6.2
AIR103376,2020-10-20,Maharashtra,Maharashtra City 3,4G,Prepaid,5.1
AIR103377,2021-06-30,Gujarat,Gujarat City 3,5G,Postpaid,4.5
AIR103378,2023-01-07,Kerala,Kerala City 3,5G,Prepaid,2.1
AIR103379,2020-03-16,West Bengal,West Bengal City 1,4G,Postpaid,5
AIR103380,2021-09-22,Gujarat,Gujarat City 1,5G,Postpaid,3.6
AIR103381,2024-10-12,Gujarat,Gujarat City 3,5G,Postpaid,0.6
AIR103382,2019-01-05,Tamil Nadu,Tamil Nadu City 1,4G,Broadband,6.4
AIR103383,2024-10-20,Delhi,Delhi City 1,4G,Prepaid,0.7
AIR103384,2020-09-08,Kerala,Kerala City 1,5G,Postpaid,4.9
AIR103385,2022-03-16,Maharashtra,Maharashtra City 3,4G,Prepaid,3.5
AIR103386,2019-12-31,Rajasthan,Rajasthan City 2,4G,Postpaid,5.8
AIR103387,2020-09-16,Tamil Nadu,Tamil Nadu City 3,5G,Postpaid,5.2
AIR103388,2020-05-21,Gujarat,Gujarat City 3,4G,Prepaid,5.6
AIR103389,2020-06-06,Gujarat,Gujarat City 1,5G,Prepaid,4.7
AIR103390,2020-12-06,Uttar Pradesh,Uttar Pradesh City 1,4G,Prepaid,4.3
AIR103391,2023-10-26,Kerala,Kerala City 2,4G,Prepaid,1.5
AIR103392,2019-09-07,Kerala,Kerala City 2,5G,Postpaid,5.7
AIR103393,2021-06-19,Uttar Pradesh,Uttar Pradesh City 2,4G,Prepaid,4
AIR103394,2019-09-06,Kerala,Kerala City 2,5G,Postpaid,5.9
AIR103395,2022-10-06,Gujarat,Gujarat City 3,5G,Prepaid,2.9
AIR103396,2022-07-16,West Bengal,West Bengal City 2,5G,Postpaid,3.2
AIR103397,2024-01-01,Karnataka,Karnataka City 3,4G,Postpaid,1.8
AIR103398,2024-10-31,Gujarat,Gujarat City 1,4G,Prepaid,1
AIR103399,2022-01-08,Tamil Nadu,Tamil Nadu City 2,5G,Postpaid,3.9
AIR103400,2024-11-12,Delhi,Delhi City 1,4G,Broadband,0.3
AIR103401,2019-09-16,Uttar Pradesh,Uttar Pradesh City 1,4G,Prepaid,5.5
AIR103402,2019-05-02,Maharashtra,Maharashtra City 3,4G,Postpaid,6
AIR103403,2022-02-21,Rajasthan,Rajasthan City 2,4G,Prepaid,3.2
AIR103404,2021-06-23,Maharashtra,Maharashtra City 3,5G,Prepaid,4
AIR103405,2021-08-04,Gujarat,Gujarat City 1,5G,Postpaid,3.9
AIR103406,2024-11-09,Tamil Nadu,Tamil Nadu City 2,5G,Prepaid,0.8
AIR103407,2021-11-13,Gujarat,Gujarat City 1,4G,Broadband,3.8
AIR103408,2019-02-21,Delhi,Delhi City 1,5G,Prepaid,6.6
AIR103409,2019-10-21,West Bengal,West Bengal City 2,4G,Prepaid,6.1
AIR103410,2022-11-06,Rajasthan,Rajasthan City 2,4G,Postpaid,3.1
AIR103411,2023-05-11,Delhi,Delhi City 2,4G,Postpaid,1.8
AIR103412,2021-05-04,Uttar Pradesh,Uttar Pradesh City 3,5G,Postpaid,3.9
AIR103413,2021-01-20,Uttar Pradesh,Uttar Pradesh City 3,5G,Prepaid,4.2
AIR103414,2022-10-27,Gujarat,Gujarat City 1,5G,Broadband,2.5
AIR103415,2019-08-27,Tamil Nadu,Tamil Nadu City 2,5G,Enterprise,5.8
AIR103416,2024-07-10,Delhi,Delhi City 1,5G,Postpaid,1
AIR103417,2024-05-16,Telangana,Telangana City 1,4G,Postpaid,1.2
AIR103418,2024-08-22,Tamil Nadu,Tamil Nadu City 1,5G,Postpaid,1.1
AIR103419,2020-06-24,West Bengal,West Bengal City 1,4G,Prepaid,5.3
AIR103420,2022-08-09,Uttar Pradesh,Uttar Pradesh City 1,4G,Prepaid,3.3
AIR103421,2019-04-18,Gujarat,Gujarat City 2,4G,Prepaid,6.7
AIR103422,2023-05-24,Kerala,Kerala City 3,4G,Enterprise,1.7
AIR103423,2024-03-23,Uttar Pradesh,Uttar Pradesh City 2,4G,Prepaid,1
AIR103424,2020-01-02,Rajasthan,Rajasthan City 2,4G,Postpaid,5.3
AIR103425,2021-04-10,Karnataka,Karnataka City 2,5G,Prepaid,4.1
AIR103426,2019-06-22,Kerala,Kerala City 3,5G,Postpaid,6
AIR103427,2023-10-07,Gujarat,Gujarat City 3,5G,Prepaid,1.8
AIR103428,2022-09-15,Telangana,Telangana City 3,4G,Postpaid,2.9
AIR103429,2020-03-27,Kerala,Kerala City 2,4G,Prepaid,5.5
AIR103430,2024-08-06,Rajasthan,Rajasthan City 3,4G,Broadband,1.2
AIR103431,2020-04-15,Tamil Nadu,Tamil Nadu City 1,4G,Broadband,5.6
AIR103432,2022-01-09,Telangana,Telangana City 3,4G,Postpaid,3.9
AIR103433,2019-11-17,Uttar Pradesh,Uttar Pradesh City 2,5G,Prepaid,5.2
AIR103434,2020-03-16,Telangana,Telangana City 2,4G,Prepaid,5
AIR103435,2021-06-03,Delhi,Delhi City 1,4G,Broadband,3.9
AIR103436,2024-04-05,Rajasthan,Rajasthan City 3,4G,Prepaid,1.1
AIR103437,2021-01-12,Kerala,Kerala City 3,4G,Prepaid,4.4
AIR103438,2023-02-02,Delhi,Delhi City 1,4G,Postpaid,2.4
AIR103439,2024-08-01,Telangana,Telangana City 2,4G,Prepaid,1
AIR103440,2022-06-14,Delhi,Delhi City 2,5G,Prepaid,3.3
AIR103441,2019-06-30,Maharashtra,Maharashtra City 3,4G,Postpaid,6.3
AIR103442,2020-02-14,Rajasthan,Rajasthan City 3,4G,Prepaid,5.8
AIR103443,2021-06-30,West Bengal,West Bengal City 3,4G,Prepaid,4.5
AIR103444,2024-11-21,Tamil Nadu,Tamil Nadu City 3,4G,Postpaid,0.2
AIR103445,2024-11-04,Telangana,Telangana City 3,4G,Prepaid,0.4
AIR103446,2020-01-21,Rajasthan,Rajasthan City 2,4G,Postpaid,5.2
AIR103447,2020-08-25,West Bengal,West Bengal City 2,4G,Prepaid,4.7
AIR103448,2020-03-18,West Bengal,West Bengal City 2,4G,Postpaid,5.2
AIR103449,2024-04-25,Gujarat,Gujarat City 2,4G,Prepaid,1.2
AIR103450,2023-10-27,Delhi,Delhi City 1,4G,Prepaid,1.8
AIR103451,2019-12-21,West Bengal,West Bengal City 2,4G,Prepaid,5.7
AIR103452,2023-11-21,Maharashtra,Maharashtra City 1,4G,Prepaid,1.9
AIR103453,2023-11-08,Rajasthan,Rajasthan City 2,4G,Broadband,2
AIR103454,2020-04-19,Karnataka,Karnataka City 3,4G,Prepaid,5.7
AIR103455,2024-01-05,Karnataka,Karnataka City 3,4G,Postpaid,1.1
AIR103456,2022-12-20,Telangana,Telangana City 3,4G,Broadband,2.2
AIR103457,2021-12-04,Uttar Pradesh,Uttar Pradesh City 1,4G,Postpaid,3.4
AIR103458,2021-01-03,Delhi,Delhi City 2,4G,Prepaid,4.4
AIR103459,2021-11-06,Uttar Pradesh,Uttar Pradesh City 2,4G,Prepaid,3.6
AIR103460,2020-08-18,West Bengal,West Bengal City 1,5G,Broadband,4.9
AIR103461,2019-07-10,Rajasthan,Rajasthan City 1,5G,Postpaid,6.1
AIR103462,2020-10-05,Telangana,Telangana City 1,5G,Postpaid,4.9
AIR103463,2023-12-28,Kerala,Kerala City 1,5G,Prepaid,1.8
AIR103464,2019-04-04,West Bengal,West Bengal City 1,5G,Broadband,6.6
AIR103465,2022-01-23,Delhi,Delhi City 3,5G,Postpaid,3.9
AIR103466,2023-07-26,Karnataka,Karnataka City 2,4G,Prepaid,1.6
AIR103467,2022-01-10,Gujarat,Gujarat City 1,4G,Postpaid,3.2
AIR103468,2019-12-06,Rajasthan,Rajasthan City 3,4G,Prepaid,5.4
AIR103469,2024-07-29,Tamil Nadu,Tamil Nadu City 1,5G,Prepaid,0.8
AIR103470,2024-11-29,Uttar Pradesh,Uttar Pradesh City 3,5G,Broadband,0.5
AIR103471,2019-10-30,Telangana,Telangana City 1,4G,Prepaid,5.7
AIR103472,2024-01-16,Uttar Pradesh,Uttar Pradesh City 2,5G,Postpaid,1.6
AIR103473,2024-04-26,Rajasthan,Rajasthan City 1,4G,Prepaid,1.4
AIR103474,2019-02-20,Uttar Pradesh,Uttar Pradesh City 1,4G,Prepaid,6.7
AIR103475,2021-03-16,Rajasthan,Rajasthan City 2,4G,Postpaid,4.7
AIR103476,2024-04-12,Uttar Pradesh,Uttar Pradesh City 2,4G,Enterprise,1.7
AIR103477,2020-12-01,Maharashtra,Maharashtra City 1,4G,Prepaid,4.2
AIR103478,2020-10-22,Kerala,Kerala City 2,5G,Prepaid,4.4
AIR103479,2023-12-06,West Bengal,West Bengal City 2,5G,Postpaid,1.4
AIR103480,2024-03-22,West Bengal,West Bengal City 3,5G,Prepaid,1.1
AIR103481,2022-07-28,Delhi,Delhi City 2,4G,Prepaid,2.9
AIR103482,2022-02-10,Tamil Nadu,Tamil Nadu City 2,5G,Prepaid,3.4
AIR103483,2019-02-05,Tamil Nadu,Tamil Nadu City 1,4G,Prepaid,6.5
AIR103484,2020-09-14,Delhi,Delhi City 1,4G,Prepaid,5
AIR103485,2023-04-13,Gujarat,Gujarat City 3,5G,Prepaid,2.5
AIR103486,2024-09-23,West Bengal,West Bengal City 1,4G,Prepaid,1.1
AIR103487,2021-05-22,Gujarat,Gujarat City 2,4G,Postpaid,4.6
AIR103488,2022-08-20,Rajasthan,Rajasthan City 2,4G,Prepaid,2.5
AIR103489,2022-11-16,Rajasthan,Rajasthan City 2,5G,Broadband,2.3
AIR103490,2024-08-24,Karnataka,Karnataka City 1,4G,Postpaid,0.6
AIR103491,2019-06-16,Uttar Pradesh,Uttar Pradesh City 2,4G,Prepaid,5.9
AIR103492,2023-08-16,Tamil Nadu,Tamil Nadu City 2,4G,Enterprise,1.8
AIR103493,2019-03-04,Karnataka,Karnataka City 3,5G,Prepaid,6.4
AIR103494,2019-07-22,Kerala,Kerala City 3,5G,Prepaid,6.1
AIR103495,2022-03-26,Delhi,Delhi City 3,4G,Prepaid,3.5
AIR103496,2023-03-19,Delhi,Delhi City 1,4G,Postpaid,2.6
AIR103497,2022-01-29,Rajasthan,Rajasthan City 2,4G,Postpaid,3.8
AIR103498,2021-06-13,West Bengal,West Bengal City 2,4G,Prepaid,4.5
AIR103499,2022-04-07,Gujarat,Gujarat City 2,5G,Prepaid,2.9
AIR103500,2023-04-05,Tamil Nadu,Tamil Nadu City 3,4G,Postpaid,1.9
AIR103501,2022-03-10,Karnataka,Karnataka City 2,4G,Prepaid,3.1
AIR103502,2021-02-25,Gujarat,Gujarat City 2,5G,Prepaid,4.2
AIR103503,2021-09-02,Karnataka,Karnataka City 2,4G,Postpaid,3.8
AIR103504,2021-04-13,Uttar Pradesh,Uttar Pradesh City 2,5G,Broadband,4.3
AIR103505,2019-07-12,Kerala,Kerala City 2,5G,Prepaid,6.1
AIR103506,2025-01-08,Kerala,Kerala City 1,5G,Prepaid,0.7
AIR103507,2020-01-21,Gujarat,Gujarat City 2,5G,Broadband,5.7
AIR103508,2024-05-29,Gujarat,Gujarat City 1,4G,Prepaid,1.5
AIR103509,2022-11-12,Gujarat,Gujarat City 2,5G,Postpaid,3.1
AIR103510,2022-01-06,Karnataka,Karnataka City 1,4G,Enterprise,3.1
AIR103511,2024-06-23,Uttar Pradesh,Uttar Pradesh City 2,4G,Broadband,0.7
AIR103512,2019-06-21,Maharashtra,Maharashtra City 2,4G,Prepaid,5.8
AIR103513,2019-12-03,Gujarat,Gujarat City 2,5G,Prepaid,5.4
AIR103514,2022-12-25,West Bengal,West Bengal City 2,5G,Prepaid,2.5
AIR103515,2020-08-27,Tamil Nadu,Tamil Nadu City 3,4G,Broadband,4.9
AIR103516,2020-10-27,Tamil Nadu,Tamil Nadu City 2,4G,Enterprise,4.8
AIR103517,2024-11-23,Karnataka,Karnataka City 1,5G,Prepaid,0.8
AIR103518,2022-05-17,Gujarat,Gujarat City 3,5G,Postpaid,3.4
AIR103519,2024-04-12,Rajasthan,Rajasthan City 3,4G,Broadband,1.6
AIR103520,2019-12-18,Delhi,Delhi City 2,4G,Prepaid,6
AIR103521,2023-10-28,Maharashtra,Maharashtra City 1,4G,Prepaid,1.3
AIR103522,2024-09-26,West Bengal,West Bengal City 1,4G,Prepaid,0.5
AIR103523,2024-09-09,Uttar Pradesh,Uttar Pradesh City 3,5G,Prepaid,0.6
AIR103524,2020-04-19,Rajasthan,Rajasthan City 1,4G,Broadband,5.1
AIR103525,2022-02-23,Kerala,Kerala City 2,4G,Broadband,3.3
AIR103526,2020-03-18,Rajasthan,Rajasthan City 2,4G,Prepaid,5.3
AIR103527,2023-08-02,Karnataka,Karnataka City 2,4G,Prepaid,2
AIR103528,2019-09-12,Maharashtra,Maharashtra City 2,4G,Prepaid,6
AIR103529,2019-03-11,Telangana,Telangana City 2,4G,Postpaid,6.6
AIR103530,2020-07-31,Telangana,Telangana City 3,5G,Postpaid,5.3
AIR103531,2020-05-09,Gujarat,Gujarat City 2,4G,Postpaid,5.6
AIR103532,2021-02-19,Gujarat,Gujarat City 2,5G,Postpaid,4
AIR103533,2021-04-30,Karnataka,Karnataka City 3,4G,Prepaid,3.9
AIR103534,2024-01-13,Uttar Pradesh,Uttar Pradesh City 3,4G,Postpaid,1.3
AIR103535,2019-05-09,Gujarat,Gujarat City 3,4G,Enterprise,6
AIR103536,2023-02-15,Delhi,Delhi City 1,4G,Prepaid,2.3
AIR103537,2025-01-02,Maharashtra,Maharashtra City 1,4G,Postpaid,0.5
AIR103538,2023-07-07,Karnataka,Karnataka City 2,4G,Prepaid,2.1
AIR103539,2023-12-29,Tamil Nadu,Tamil Nadu City 2,5G,Postpaid,1.7
AIR103540,2023-01-19,Kerala,Kerala City 2,5G,Postpaid,2.7
AIR103541,2023-12-08,Karnataka,Karnataka City 1,4G,Postpaid,1.9
AIR103542,2022-11-28,Karnataka,Karnataka City 2,4G,Broadband,3
AIR103543,2019-01-08,Telangana,Telangana City 2,5G,Prepaid,6.1
AIR103544,2019-08-08,West Bengal,West Bengal City 1,4G,Postpaid,5.6
AIR103545,2020-12-25,Uttar Pradesh,Uttar Pradesh City 3,5G,Prepaid,4.3
AIR103546,2019-04-12,West Bengal,West Bengal City 1,5G,Postpaid,6.1
AIR103547,2023-08-29,Delhi,Delhi City 2,4G,Prepaid,1.8
AIR103548,2024-08-11,Tamil Nadu,Tamil Nadu City 1,4G,Broadband,0.9
AIR103549,2021-02-09,Telangana,Telangana City 3,4G,Prepaid,4.5
AIR103550,2021-04-13,Tamil Nadu,Tamil Nadu City 3,5G,Prepaid,4.4
AIR103551,2021-01-09,Delhi,Delhi City 3,4G,Prepaid,4.8
AIR103552,2019-07-19,West Bengal,West Bengal City 3,5G,Enterprise,6.3
AIR103553,2024-06-15,Karnataka,Karnataka City 3,4G,Prepaid,1.5
AIR103554,2019-01-26,Gujarat,Gujarat City 3,4G,Prepaid,6.1
AIR103555,2024-07-10,Gujarat,Gujarat City 2,4G,Prepaid,0.7
AIR103556,2021-08-01,Rajasthan,Rajasthan City 2,4G,Prepaid,3.7
AIR103557,2019-04-12,Kerala,Kerala City 1,5G,Prepaid,6.1
AIR103558,2022-09-16,Uttar Pradesh,Uttar Pradesh City 2,4G,Postpaid,2.7
AIR103559,2019-07-16,Delhi,Delhi City 3,4G,Prepaid,6
AIR103560,2020-05-24,Kerala,Kerala City 2,4G,Postpaid,5.2
AIR103561,2024-06-18,Uttar Pradesh,Uttar Pradesh City 1,4G,Prepaid,1.2
AIR103562,2021-10-11,Kerala,Kerala City 3,5G,Prepaid,4
AIR103563,2021-07-11,West Bengal,West Bengal City 2,4G,Postpaid,4.3
AIR103564,2023-11-27,Uttar Pradesh,Uttar Pradesh City 2,4G,Prepaid,2.1
AIR103565,2023-04-05,West Bengal,West Bengal City 1,5G,Prepaid,1.9
AIR103566,2022-08-24,Karnataka,Karnataka City 3,5G,Prepaid,2.6
AIR103567,2019-01-21,Telangana,Telangana City 1,4G,Prepaid,6.2
AIR103568,2024-04-06,West Bengal,West Bengal City 3,4G,Postpaid,1.1
AIR103569,2021-11-30,Gujarat,Gujarat City 3,5G,Postpaid,3.5
AIR103570,2024-03-30,Kerala,Kerala City 2,5G,Postpaid,1.3
AIR103571,2023-03-02,Rajasthan,Rajasthan City 1,5G,Prepaid,2.5
AIR103572,2024-06-06,Maharashtra,Maharashtra City 1,4G,Prepaid,1.3
AIR103573,2024-03-14,Uttar Pradesh,Uttar Pradesh City 1,4G,Prepaid,1.6
AIR103574,2021-08-24,Delhi,Delhi City 3,4G,Postpaid,4.2
AIR103575,2023-08-15,Rajasthan,Rajasthan City 1,5G,Postpaid,2.3
AIR103576,2022-08-24,Gujarat,Gujarat City 3,4G,Prepaid,2.5
AIR103577,2020-05-28,West Bengal,West Bengal City 1,4G,Postpaid,4.8
AIR103578,2019-02-10,Telangana,Telangana City 1,5G,Prepaid,6.2
AIR103579,2019-09-20,Karnataka,Karnataka City 2,4G,Enterprise,5.7
AIR103580,2022-08-10,Maharashtra,Maharashtra City 1,4G,Prepaid,2.8
AIR103581,2021-10-29,Tamil Nadu,Tamil Nadu City 2,4G,Postpaid,3.7
AIR103582,2023-12-25,Rajasthan,Rajasthan City 2,4G,Prepaid,1.6
AIR103583,2019-05-08,Telangana,Telangana City 3,4G,Broadband,6.4
AIR103584,2024-06-10,Tamil Nadu,Tamil Nadu City 1,4G,Prepaid,1.3
AIR103585,2020-06-08,Maharashtra,Maharashtra City 1,4G,Prepaid,5.4
AIR103586,2023-10-22,Delhi,Delhi City 1,4G,Prepaid,2.1
AIR103587,2021-01-26,Delhi,Delhi City 2,4G,Enterprise,4.1
AIR103588,2021-06-12,Kerala,Kerala City 1,4G,Enterprise,3.8
AIR103589,2023-05-11,Maharashtra,Maharashtra City 3,4G,Prepaid,1.9
AIR103590,2019-03-29,Maharashtra,Maharashtra City 3,4G,Postpaid,6.1
AIR103591,2023-05-07,Tamil Nadu,Tamil Nadu City 1,4G,Postpaid,2.1
AIR103592,2023-11-23,Telangana,Telangana City 2,4G,Prepaid,1.6
AIR103593,2020-09-28,Uttar Pradesh,Uttar Pradesh City 3,4G,Prepaid,4.9
AIR103594,2024-12-19,Tamil Nadu,Tamil Nadu City 3,4G,Enterprise,0.7
AIR103595,2019-06-26,Karnataka,Karnataka City 2,4G,Postpaid,6.3
AIR103596,2023-04-19,Delhi,Delhi City 3,4G,Prepaid,2.6
AIR103597,2019-01-22,Delhi,Delhi City 2,5G,Prepaid,6.9
AIR103598,2020-10-14,Kerala,Kerala City 3,4G,Prepaid,4.3
AIR103599,2021-02-21,Karnataka,Karnataka City 2,4G,Postpaid,4.1
AIR103600,2019-06-17,Delhi,Delhi City 3,4G,Prepaid,5.8
AIR103601,2021-11-27,Tamil Nadu,Tamil Nadu City 1,5G,Postpaid,3.5
AIR103602,2021-05-22,Karnataka,Karnataka City 3,4G,Prepaid,4.1
AIR103603,2023-11-17,Tamil Nadu,Tamil Nadu City 3,4G,Prepaid,1.7
AIR103604,2023-11-06,Uttar Pradesh,Uttar Pradesh City 1,4G,Prepaid,1.8
AIR103605,2023-05-10,Uttar Pradesh,Uttar Pradesh City 1,4G,Broadband,2.4
AIR103606,2022-10-28,Delhi,Delhi City 1,5G,Prepaid,3
AIR103607,2020-09-23,Delhi,Delhi City 1,4G,Postpaid,5.1
AIR103608,2023-05-21,Telangana,Telangana City 2,5G,Prepaid,2.6
AIR103609,2022-12-21,Uttar Pradesh,Uttar Pradesh City 2,4G,Postpaid,2.2
AIR103610,2024-02-07,Rajasthan,Rajasthan City 3,4G,Prepaid,1.1
AIR103611,2020-12-22,Rajasthan,Rajasthan City 3,4G,Postpaid,4.3
AIR103612,2020-03-15,Kerala,Kerala City 3,4G,Broadband,5.2
AIR103613,2019-08-31,Uttar Pradesh,Uttar Pradesh City 2,4G,Prepaid,5.8
AIR103614,2020-06-26,Tamil Nadu,Tamil Nadu City 3,4G,Prepaid,5.1
AIR103615,2019-10-04,Tamil Nadu,Tamil Nadu City 3,4G,Postpaid,5.9
AIR103616,2020-07-03,Gujarat,Gujarat City 2,5G,Prepaid,5.2
AIR103617,2022-08-24,Karnataka,Karnataka City 3,5G,Postpaid,3.1
AIR103618,2020-02-07,West Bengal,West Bengal City 2,4G,Prepaid,5.8
AIR103619,2022-12-24,Rajasthan,Rajasthan City 2,4G,Postpaid,3
AIR103620,2021-09-23,Delhi,Delhi City 1,4G,Postpaid,3.4
AIR103621,2019-03-17,Kerala,Kerala City 1,4G,Prepaid,6
AIR103622,2023-01-13,West Bengal,West Bengal City 2,5G,Postpaid,2.3
AIR103623,2024-09-16,Maharashtra,Maharashtra City 2,5G,Prepaid,0.7
AIR103624,2019-11-14,Kerala,Kerala City 1,4G,Prepaid,5.6
AIR103625,2022-04-01,Maharashtra,Maharashtra City 3,4G,Prepaid,3.3
AIR103626,2022-10-13,Uttar Pradesh,Uttar Pradesh City 3,4G,Postpaid,2.8
AIR103627,2024-05-16,Maharashtra,Maharashtra City 3,5G,Prepaid,1.3
AIR103628,2019-11-25,Maharashtra,Maharashtra City 2,4G,Enterprise,5.9
AIR103629,2024-01-29,Telangana,Telangana City 1,4G,Postpaid,1.8
AIR103630,2024-03-19,Telangana,Telangana City 3,5G,Prepaid,1.7
AIR103631,2024-05-02,Telangana,Telangana City 1,5G,Broadband,0.8
AIR103632,2020-04-20,Uttar Pradesh,Uttar Pradesh City 1,4G,Prepaid,4.9
AIR103633,2023-10-19,West Bengal,West Bengal City 2,5G,Postpaid,1.5
AIR103634,2023-10-04,Kerala,Kerala City 3,4G,Prepaid,1.6
AIR103635,2023-12-19,Kerala,Kerala City 1,4G,Postpaid,1.5
AIR103636,2024-05-08,Delhi,Delhi City 2,4G,Postpaid,1.2
AIR103637,2022-03-21,Telangana,Telangana City 2,5G,Postpaid,3.4
AIR103638,2020-06-21,Uttar Pradesh,Uttar Pradesh City 2,4G,Prepaid,5.2
AIR103639,2023-11-25,Delhi,Delhi City 3,4G,Prepaid,1.9
AIR103640,2022-04-05,Karnataka,Karnataka City 3,5G,Prepaid,3.6
AIR103641,2023-02-04,Delhi,Delhi City 2,4G,Prepaid,2.9
AIR103642,2024-12-27,West Bengal,West Bengal City 3,5G,Prepaid,0.1
AIR103643,2024-10-21,Rajasthan,Rajasthan City 3,4G,Postpaid,0.4
AIR103644,2020-03-03,Maharashtra,Maharashtra City 1,4G,Broadband,5.1
AIR103645,2022-06-13,Telangana,Telangana City 2,4G,Prepaid,2.9
AIR103646,2023-09-27,Rajasthan,Rajasthan City 2,5G,Prepaid,1.7
AIR103647,2020-08-22,Delhi,Delhi City 3,4G,Broadband,4.9
AIR103648,2019-04-07,Uttar Pradesh,Uttar Pradesh City 2,4G,Broadband,6.4
AIR103649,2020-04-22,Maharashtra,Maharashtra City 2,4G,Prepaid,5.4
AIR103650,2023-08-29,Kerala,Kerala City 2,5G,Prepaid,2.1
AIR103651,2021-10-18,Tamil Nadu,Tamil Nadu City 3,4G,Postpaid,4.1
AIR103652,2020-05-05,Maharashtra,Maharashtra City 3,4G,Postpaid,5.6
AIR103653,2022-08-12,West Bengal,West Bengal City 3,4G,Prepaid,2.5
AIR103654,2020-02-10,West Bengal,West Bengal City 1,5G,Postpaid,5.1
AIR103655,2020-12-15,Delhi,Delhi City 2,4G,Postpaid,4.3
AIR103656,2022-07-22,Karnataka,Karnataka City 1,4G,Prepaid,2.8
AIR103657,2021-11-09,West Bengal,West Bengal City 3,5G,Postpaid,3.6
AIR103658,2020-08-07,West Bengal,West Bengal City 1,5G,Prepaid,4.9
AIR103659,2021-08-11,Uttar Pradesh,Uttar Pradesh City 2,4G,Postpaid,4
AIR103660,2024-07-23,Delhi,Delhi City 2,5G,Postpaid,1.1
AIR103661,2020-08-16,Maharashtra,Maharashtra City 3,5G,Prepaid,5.2
AIR103662,2024-01-06,Karnataka,Karnataka City 3,4G,Postpaid,1.9
AIR103663,2019-12-22,Rajasthan,Rajasthan City 1,4G,Postpaid,6
AIR103664,2024-09-05,Tamil Nadu,Tamil Nadu City 3,5G,Enterprise,0.4
AIR103665,2023-08-04,Telangana,Telangana City 1,5G,Prepaid,1.6
AIR103666,2019-04-22,Kerala,Kerala City 2,4G,Prepaid,6
AIR103667,2020-01-10,West Bengal,West Bengal City 2,4G,Enterprise,5.3
AIR103668,2022-08-31,Delhi,Delhi City 2,4G,Postpaid,2.8
AIR103669,2021-04-24,Telangana,Telangana City 2,4G,Broadband,4.2
AIR103670,2024-12-13,Kerala,Kerala City 2,4G,Prepaid,0.7
AIR103671,2022-10-15,Kerala,Kerala City 1,4G,Prepaid,2.9
AIR103672,2019-12-28,Rajasthan,Rajasthan City 2,4G,Prepaid,5.8
AIR103673,2020-11-09,Rajasthan,Rajasthan City 1,5G,Broadband,5
AIR103674,2021-09-09,Rajasthan,Rajasthan City 2,4G,Broadband,4.3
AIR103675,2023-09-28,Gujarat,Gujarat City 1,4G,Postpaid,1.4
AIR103676,2024-07-29,Gujarat,Gujarat City 1,4G,Prepaid,0.6
AIR103677,2023-09-15,Kerala,Kerala City 1,4G,Prepaid,1.6
AIR103678,2022-07-11,Rajasthan,Rajasthan City 3,5G,Postpaid,2.8
AIR103679,2021-03-10,Uttar Pradesh,Uttar Pradesh City 1,5G,Postpaid,4.3
AIR103680,2019-10-02,West Bengal,West Bengal City 1,4G,Postpaid,5.8
AIR103681,2023-07-12,Telangana,Telangana City 2,4G,Prepaid,2.1
AIR103682,2022-08-29,Telangana,Telangana City 1,4G,Prepaid,3
AIR103683,2021-06-24,Gujarat,Gujarat City 1,4G,Prepaid,4.3
AIR103684,2024-02-26,Kerala,Kerala City 3,4G,Postpaid,1.7
AIR103685,2020-05-06,Delhi,Delhi City 2,5G,Prepaid,5.6
AIR103686,2022-11-28,Maharashtra,Maharashtra City 3,5G,Broadband,2.2
AIR103687,2020-10-20,Maharashtra,Maharashtra City 3,4G,Postpaid,4.4
AIR103688,2020-06-24,Gujarat,Gujarat City 3,5G,Prepaid,4.8
AIR103689,2019-11-16,Delhi,Delhi City 1,5G,Prepaid,5.5
AIR103690,2024-07-29,Gujarat,Gujarat City 3,5G,Broadband,0.9
AIR103691,2020-03-31,Maharashtra,Maharashtra City 3,5G,Prepaid,5.3
AIR103692,2020-10-12,Delhi,Delhi City 2,4G,Prepaid,4.8
AIR103693,2022-08-05,Rajasthan,Rajasthan City 2,4G,Broadband,3.1
AIR103694,2022-07-28,Kerala,Kerala City 2,5G,Postpaid,3.2
AIR103695,2020-02-21,Telangana,Telangana City 2,5G,Postpaid,5.7
AIR103696,2023-02-16,Uttar Pradesh,Uttar Pradesh City 3,5G,Prepaid,2.8
AIR103697,2021-03-14,Karnataka,Karnataka City 2,4G,Broadband,3.9
AIR103698,2021-03-08,Kerala,Kerala City 1,4G,Prepaid,4
AIR103699,2020-08-31,Rajasthan,Rajasthan City 3,4G,Prepaid,4.6
AIR103700,2024-07-05,Maharashtra,Maharashtra City 2,4G,Prepaid,0.9
AIR103701,2023-06-20,Rajasthan,Rajasthan City 3,4G,Prepaid,2
AIR103702,2021-12-16,Gujarat,Gujarat City 2,4G,Enterprise,3.6
AIR103703,2022-08-06,Delhi,Delhi City 3,4G,Postpaid,3
AIR103704,2022-08-26,Telangana,Telangana City 2,4G,Postpaid,3.1
AIR103705,2024-08-15,West Bengal,West Bengal City 1,4G,Enterprise,1.2
AIR103706,2019-11-06,Gujarat,Gujarat City 2,4G,Prepaid,6
AIR103707,2021-02-23,Kerala,Kerala City 3,4G,Prepaid,4.8
AIR103708,2024-04-29,Gujarat,Gujarat City 3,4G,Postpaid,0.8
AIR103709,2021-06-23,Kerala,Kerala City 1,5G,Postpaid,3.7
AIR103710,2021-10-22,West Bengal,West Bengal City 3,4G,Postpaid,3.5
AIR103711,2023-06-15,Tamil Nadu,Tamil Nadu City 1,4G,Prepaid,1.9
AIR103712,2022-10-30,Telangana,Telangana City 3,5G,Postpaid,2.6
AIR103713,2023-06-03,Uttar Pradesh,Uttar Pradesh City 3,4G,Prepaid,2.1
AIR103714,2021-04-02,Uttar Pradesh,Uttar Pradesh City 1,5G,Prepaid,4.4
AIR103715,2022-08-20,Karnataka,Karnataka City 3,4G,Prepaid,3.1
AIR103716,2019-02-27,Rajasthan,Rajasthan City 3,5G,Prepaid,6.6
AIR103717,2022-06-02,Tamil Nadu,Tamil Nadu City 1,4G,Prepaid,3.5
AIR103718,2022-12-20,Uttar Pradesh,Uttar Pradesh City 2,5G,Prepaid,3
AIR103719,2022-05-10,Gujarat,Gujarat City 1,5G,Enterprise,2.8
AIR103720,2024-04-24,Rajasthan,Rajasthan City 3,4G,Broadband,0.9
AIR103721,2020-06-01,Tamil Nadu,Tamil Nadu City 2,4G,Postpaid,4.9
AIR103722,2024-09-08,Delhi,Delhi City 2,4G,Enterprise,0.7
AIR103723,2019-05-31,Delhi,Delhi City 2,4G,Enterprise,6
AIR103724,2020-07-01,Rajasthan,Rajasthan City 1,4G,Prepaid,5
AIR103725,2024-11-27,Kerala,Kerala City 2,5G,Prepaid,0.7
AIR103726,2022-02-18,Kerala,Kerala City 2,4G,Enterprise,3.6
AIR103727,2021-11-19,Gujarat,Gujarat City 2,4G,Postpaid,3.9
AIR103728,2022-10-26,Tamil Nadu,Tamil Nadu City 3,5G,Prepaid,3.1
AIR103729,2023-09-02,Tamil Nadu,Tamil Nadu City 1,4G,Postpaid,2.3
AIR103730,2022-03-18,Rajasthan,Rajasthan City 1,4G,Prepaid,2.9
AIR103731,2020-08-22,Maharashtra,Maharashtra City 3,5G,Prepaid,4.6
AIR103732,2023-02-05,Delhi,Delhi City 2,5G,Prepaid,2.2
AIR103733,2020-08-29,Tamil Nadu,Tamil Nadu City 3,4G,Prepaid,4.7
AIR103734,2020-03-10,Rajasthan,Rajasthan City 3,5G,Prepaid,5.3
AIR103735,2023-03-12,West Bengal,West Bengal City 2,4G,Broadband,2.3
AIR103736,2023-10-01,Karnataka,Karnataka City 2,4G,Prepaid,1.9
AIR103737,2020-10-28,West Bengal,West Bengal City 1,4G,Prepaid,4.9
AIR103738,2021-02-20,Telangana,Telangana City 2,4G,Prepaid,4.6
AIR103739,2022-11-26,Gujarat,Gujarat City 3,4G,Postpaid,3
AIR103740,2021-04-12,Tamil Nadu,Tamil Nadu City 3,4G,Enterprise,4.7
AIR103741,2019-11-22,Telangana,Telangana City 2,5G,Prepaid,5.2
AIR103742,2020-07-10,Uttar Pradesh,Uttar Pradesh City 1,4G,Prepaid,4.7
AIR103743,2020-05-27,Telangana,Telangana City 3,5G,Prepaid,4.9
AIR103744,2023-08-18,Rajasthan,Rajasthan City 2,4G,Postpaid,1.7
AIR103745,2019-02-25,Tamil Nadu,Tamil Nadu City 1,5G,Prepaid,6.3
AIR103746,2021-06-30,Karnataka,Karnataka City 1,4G,Prepaid,4
AIR103747,2024-06-20,Rajasthan,Rajasthan City 3,4G,Prepaid,1.2
AIR103748,2023-03-23,Rajasthan,Rajasthan City 3,4G,Prepaid,2.5
AIR103749,2019-01-20,Gujarat,Gujarat City 1,5G,Broadband,6.7
AIR103750,2021-07-09,Gujarat,Gujarat City 1,5G,Prepaid,4.4
AIR103751,2019-01-01,Delhi,Delhi City 1,4G,Prepaid,7
AIR103752,2021-04-27,Delhi,Delhi City 2,4G,Broadband,3.8
AIR103753,2022-06-06,Kerala,Kerala City 3,4G,Broadband,2.8
AIR103754,2020-12-25,Maharashtra,Maharashtra City 1,5G,Prepaid,4.3
AIR103755,2022-07-30,Tamil Nadu,Tamil Nadu City 3,5G,Enterprise,2.8
AIR103756,2021-01-29,Tamil Nadu,Tamil Nadu City 3,5G,Postpaid,4.4
AIR103757,2022-02-16,Telangana,Telangana City 3,5G,Prepaid,3.4
AIR103758,2024-03-29,Tamil Nadu,Tamil Nadu City 1,5G,Postpaid,1.4
AIR103759,2019-08-15,Tamil Nadu,Tamil Nadu City 2,4G,Prepaid,6.1
AIR103760,2020-12-02,Maharashtra,Maharashtra City 1,5G,Prepaid,4.9
AIR103761,2019-11-04,Uttar Pradesh,Uttar Pradesh City 3,5G,Prepaid,6
AIR103762,2023-02-26,Delhi,Delhi City 1,5G,Postpaid,2.8
AIR103763,2023-03-12,Delhi,Delhi City 1,4G,Broadband,1.9
AIR103764,2024-01-19,Karnataka,Karnataka City 3,4G,Prepaid,1.2
AIR103765,2022-01-17,Tamil Nadu,Tamil Nadu City 3,4G,Prepaid,3.2
AIR103766,2020-10-14,Maharashtra,Maharashtra City 1,5G,Postpaid,4.6
AIR103767,2021-03-07,Delhi,Delhi City 1,4G,Postpaid,4.3
AIR103768,2020-04-24,Maharashtra,Maharashtra City 1,4G,Postpaid,5.2
AIR103769,2023-11-15,West Bengal,West Bengal City 1,4G,Prepaid,1.7
AIR103770,2021-06-15,Uttar Pradesh,Uttar Pradesh City 2,4G,Postpaid,4.3
AIR103771,2020-08-08,Tamil Nadu,Tamil Nadu City 1,4G,Prepaid,5.2
AIR103772,2022-10-10,Karnataka,Karnataka City 2,4G,Postpaid,3.1
AIR103773,2019-09-19,Telangana,Telangana City 3,5G,Prepaid,6.2
AIR103774,2022-04-14,Delhi,Delhi City 2,5G,Prepaid,2.8
AIR103775,2023-05-31,West Bengal,West Bengal City 3,4G,Prepaid,1.8
AIR103776,2022-09-08,Maharashtra,Maharashtra City 2,5G,Broadband,2.6
AIR103777,2020-11-25,Gujarat,Gujarat City 3,5G,Postpaid,4.5
AIR103778,2024-01-22,Rajasthan,Rajasthan City 1,4G,Enterprise,1.4
AIR103779,2021-11-07,Tamil Nadu,Tamil Nadu City 2,4G,Prepaid,3.7
AIR103780,2021-01-13,Tamil Nadu,Tamil Nadu City 2,4G,Postpaid,4.6
AIR103781,2019-08-31,West Bengal,West Bengal City 3,4G,Prepaid,6
AIR103782,2022-12-20,Maharashtra,Maharashtra City 3,5G,Postpaid,2.8
AIR103783,2024-10-01,Kerala,Kerala City 2,4G,Broadband,1.1
AIR103784,2022-06-03,Tamil Nadu,Tamil Nadu City 3,4G,Broadband,3.5
AIR103785,2023-10-04,Kerala,Kerala City 1,5G,Postpaid,1.4
AIR103786,2024-04-02,Gujarat,Gujarat City 2,4G,Postpaid,1
AIR103787,2019-11-15,West Bengal,West Bengal City 1,5G,Broadband,5.4
AIR103788,2022-10-24,Maharashtra,Maharashtra City 2,4G,Prepaid,2.6
AIR103789,2019-09-05,Maharashtra,Maharashtra City 1,4G,Broadband,5.8
AIR103790,2019-06-26,Uttar Pradesh,Uttar Pradesh City 2,4G,Broadband,6.1
AIR103791,2023-08-13,Rajasthan,Rajasthan City 3,4G,Postpaid,2
AIR103792,2024-04-15,Delhi,Delhi City 2,4G,Postpaid,1.4
AIR103793,2019-01-13,Delhi,Delhi City 1,4G,Prepaid,6.8
AIR103794,2019-10-16,Telangana,Telangana City 2,4G,Prepaid,6.1
AIR103795,2020-03-06,Karnataka,Karnataka City 1,4G,Postpaid,5.8
AIR103796,2022-09-24,West Bengal,West Bengal City 1,4G,Prepaid,2.4
AIR103797,2024-09-12,Gujarat,Gujarat City 1,5G,Postpaid,0.5
AIR103798,2022-09-09,Maharashtra,Maharashtra City 3,4G,Broadband,2.6
AIR103799,2023-04-24,Rajasthan,Rajasthan City 2,4G,Prepaid,2.1
AIR103800,2023-01-19,Kerala,Kerala City 1,4G,Prepaid,2.4
AIR103801,2022-06-02,West Bengal,West Bengal City 3,4G,Postpaid,3.1
AIR103802,2020-10-02,Telangana,Telangana City 1,4G,Prepaid,4.9
AIR103803,2019-05-13,West Bengal,West Bengal City 2,4G,Prepaid,6.3
AIR103804,2024-01-29,Telangana,Telangana City 3,5G,Prepaid,1.7
AIR103805,2024-05-08,Maharashtra,Maharashtra City 1,4G,Prepaid,1.5
AIR103806,2021-09-08,Karnataka,Karnataka City 1,4G,Prepaid,4.3
AIR103807,2022-05-29,Telangana,Telangana City 1,4G,Broadband,2.7
AIR103808,2020-02-05,Maharashtra,Maharashtra City 2,5G,Prepaid,5.1
AIR103809,2020-08-28,Maharashtra,Maharashtra City 3,4G,Prepaid,4.6
AIR103810,2020-09-02,Karnataka,Karnataka City 3,4G,Enterprise,4.7
AIR103811,2021-12-19,Delhi,Delhi City 3,4G,Broadband,3.5
AIR103812,2019-05-12,West Bengal,West Bengal City 1,4G,Prepaid,6.2
AIR103813,2020-01-28,Tamil Nadu,Tamil Nadu City 3,4G,Postpaid,5.5
AIR103814,2021-03-23,Tamil Nadu,Tamil Nadu City 1,5G,Postpaid,4.5
AIR103815,2020-08-03,Kerala,Kerala City 2,4G,Postpaid,5.2
AIR103816,2024-08-23,Kerala,Kerala City 3,4G,Postpaid,1.2
AIR103817,2025-01-07,Tamil Nadu,Tamil Nadu City 1,5G,Postpaid,0.9
AIR103818,2020-02-15,Gujarat,Gujarat City 3,4G,Prepaid,5
AIR103819,2019-12-11,Tamil Nadu,Tamil Nadu City 3,4G,Postpaid,5.3
AIR103820,2021-03-14,Kerala,Kerala City 2,4G,Postpaid,4.1
AIR103821,2022-01-01,Rajasthan,Rajasthan City 3,4G,Postpaid,3.4
AIR103822,2019-07-13,Kerala,Kerala City 2,4G,Prepaid,5.9
AIR103823,2021-07-26,Gujarat,Gujarat City 3,4G,Prepaid,4
AIR103824,2023-05-12,West Bengal,West Bengal City 3,5G,Enterprise,2.3
AIR103825,2022-04-30,Tamil Nadu,Tamil Nadu City 3,5G,Prepaid,3.4
AIR103826,2021-08-27,Karnataka,Karnataka City 3,5G,Prepaid,4.1
AIR103827,2020-08-23,Rajasthan,Rajasthan City 3,4G,Postpaid,5.2
AIR103828,2019-12-26,Maharashtra,Maharashtra City 3,4G,Prepaid,6
AIR103829,2024-01-20,Gujarat,Gujarat City 2,4G,Prepaid,1.1
AIR103830,2022-08-25,Kerala,Kerala City 2,4G,Postpaid,2.6
AIR103831,2020-02-25,Karnataka,Karnataka City 1,5G,Postpaid,5.1
AIR103832,2021-02-20,Telangana,Telangana City 3,4G,Postpaid,4.2
AIR103833,2022-12-05,Delhi,Delhi City 2,5G,Broadband,2.5
AIR103834,2019-08-31,Tamil Nadu,Tamil Nadu City 3,4G,Prepaid,5.9
AIR103835,2021-10-13,Delhi,Delhi City 3,4G,Postpaid,3.8
AIR103836,2020-04-04,Gujarat,Gujarat City 2,4G,Prepaid,5.4
AIR103837,2023-02-22,Telangana,Telangana City 3,4G,Prepaid,2.6
AIR103838,2020-06-15,Telangana,Telangana City 2,5G,Postpaid,5.4
AIR103839,2024-05-31,Telangana,Telangana City 2,5G,Prepaid,1.5
AIR103840,2023-03-30,Maharashtra,Maharashtra City 1,4G,Postpaid,1.9
AIR103841,2023-11-08,Gujarat,Gujarat City 1,4G,Prepaid,1.3
AIR103842,2019-10-18,West Bengal,West Bengal City 1,4G,Prepaid,5.5
AIR103843,2024-06-04,Delhi,Delhi City 1,5G,Postpaid,0.9
AIR103844,2020-10-20,West Bengal,West Bengal City 3,4G,Postpaid,4.7
AIR103845,2020-07-07,Karnataka,Karnataka City 3,5G,Prepaid,5
AIR103846,2020-05-27,Uttar Pradesh,Uttar Pradesh City 1,4G,Broadband,5.2
AIR103847,2023-06-28,Rajasthan,Rajasthan City 2,4G,Prepaid,2.2
AIR103848,2019-09-12,Rajasthan,Rajasthan City 2,5G,Prepaid,6.1
AIR103849,2020-12-21,West Bengal,West Bengal City 2,4G,Prepaid,4.9
AIR103850,2023-10-20,Uttar Pradesh,Uttar Pradesh City 2,4G,Prepaid,2.2
AIR103851,2024-05-19,Uttar Pradesh,Uttar Pradesh City 3,4G,Prepaid,0.7
AIR103852,2019-02-20,Tamil Nadu,Tamil Nadu City 2,4G,Postpaid,6.1
AIR103853,2021-03-10,Karnataka,Karnataka City 2,4G,Postpaid,4.1
AIR103854,2019-04-10,Gujarat,Gujarat City 1,4G,Prepaid,6.1
AIR103855,2023-10-14,Uttar Pradesh,Uttar Pradesh City 2,5G,Enterprise,1.7
AIR103856,2019-08-25,Kerala,Kerala City 3,5G,Prepaid,5.9
AIR103857,2020-04-16,Rajasthan,Rajasthan City 2,5G,Prepaid,5.3
AIR103858,2022-11-22,Kerala,Kerala City 2,4G,Prepaid,2.8
AIR103859,2024-12-03,Karnataka,Karnataka City 3,5G,Prepaid,0.9
AIR103860,2019-05-19,Uttar Pradesh,Uttar Pradesh City 1,4G,Postpaid,6.5
AIR103861,2024-10-23,Delhi,Delhi City 3,4G,Prepaid,1.1
AIR103862,2022-10-15,Rajasthan,Rajasthan City 1,4G,Postpaid,2.3
AIR103863,2020-02-10,Tamil Nadu,Tamil Nadu City 2,4G,Postpaid,5.1
AIR103864,2023-09-09,Tamil Nadu,Tamil Nadu City 1,4G,Postpaid,1.6
AIR103865,2021-08-08,Telangana,Telangana City 1,4G,Postpaid,3.8
AIR103866,2022-09-19,Maharashtra,Maharashtra City 1,5G,Prepaid,2.7
AIR103867,2019-11-25,Uttar Pradesh,Uttar Pradesh City 2,4G,Prepaid,5.6
AIR103868,2023-08-26,Karnataka,Karnataka City 1,5G,Postpaid,2
AIR103869,2022-08-16,Rajasthan,Rajasthan City 1,4G,Prepaid,3.1
AIR103870,2023-08-27,Maharashtra,Maharashtra City 2,4G,Prepaid,2.1
AIR103871,2024-11-06,Karnataka,Karnataka City 3,4G,Postpaid,1
AIR103872,2019-01-15,West Bengal,West Bengal City 3,4G,Prepaid,6.9
AIR103873,2020-09-25,Uttar Pradesh,Uttar Pradesh City 3,4G,Postpaid,4.4
AIR103874,2024-02-27,Gujarat,Gujarat City 2,4G,Prepaid,1
AIR103875,2023-01-25,Gujarat,Gujarat City 2,4G,Enterprise,2.2
AIR103876,2022-02-02,Uttar Pradesh,Uttar Pradesh City 3,4G,Postpaid,3.3
AIR103877,2023-08-22,Telangana,Telangana City 1,5G,Prepaid,1.8
AIR103878,2020-01-27,Telangana,Telangana City 3,4G,Postpaid,5.5
AIR103879,2024-12-28,Gujarat,Gujarat City 2,4G,Postpaid,0.6
AIR103880,2019-06-18,Delhi,Delhi City 1,5G,Postpaid,6.2
AIR103881,2024-08-14,Rajasthan,Rajasthan City 1,4G,Postpaid,1.2
AIR103882,2020-09-10,Gujarat,Gujarat City 2,5G,Postpaid,5.2
AIR103883,2022-03-31,Delhi,Delhi City 1,5G,Prepaid,3.7
AIR103884,2021-02-07,Maharashtra,Maharashtra City 3,5G,Prepaid,4
AIR103885,2020-01-17,Delhi,Delhi City 2,4G,Broadband,5.2
AIR103886,2020-04-26,Maharashtra,Maharashtra City 2,4G,Prepaid,5
AIR103887,2022-06-22,Karnataka,Karnataka City 2,4G,Prepaid,2.9
AIR103888,2020-09-16,Kerala,Kerala City 2,4G,Prepaid,4.7
AIR103889,2023-09-10,Karnataka,Karnataka City 1,4G,Broadband,1.8
AIR103890,2020-05-08,Gujarat,Gujarat City 2,4G,Postpaid,5.3
AIR103891,2023-03-27,Maharashtra,Maharashtra City 2,5G,Postpaid,2.5
AIR103892,2019-10-09,Gujarat,Gujarat City 1,4G,Broadband,6
AIR103893,2021-04-10,Uttar Pradesh,Uttar Pradesh City 2,5G,Broadband,4.6
AIR103894,2020-03-05,Rajasthan,Rajasthan City 1,5G,Postpaid,5.8
AIR103895,2021-05-07,Tamil Nadu,Tamil Nadu City 1,4G,Prepaid,3.8
AIR103896,2019-09-10,Gujarat,Gujarat City 2,4G,Prepaid,5.5
AIR103897,2020-07-16,Rajasthan,Rajasthan City 3,4G,Postpaid,4.7
AIR103898,2021-12-02,Delhi,Delhi City 2,5G,Prepaid,3.4
AIR103899,2023-03-15,Karnataka,Karnataka City 3,4G,Postpaid,2.3
AIR103900,2020-06-20,Delhi,Delhi City 1,4G,Postpaid,5.1
AIR103901,2021-07-24,Tamil Nadu,Tamil Nadu City 3,5G,Postpaid,4.1
AIR103902,2023-08-16,Maharashtra,Maharashtra City 2,5G,Prepaid,2.1
AIR103903,2023-02-07,Uttar Pradesh,Uttar Pradesh City 2,5G,Prepaid,2.7
AIR103904,2024-01-14,Rajasthan,Rajasthan City 3,4G,Postpaid,1.8
AIR103905,2021-06-01,Uttar Pradesh,Uttar Pradesh City 2,4G,Prepaid,4.5
AIR103906,2021-03-27,Kerala,Kerala City 3,4G,Postpaid,3.9
AIR103907,2024-09-23,Gujarat,Gujarat City 1,4G,Postpaid,0.5
AIR103908,2021-05-29,Maharashtra,Maharashtra City 3,5G,Enterprise,3.9
AIR103909,2020-11-08,Kerala,Kerala City 3,5G,Broadband,4.5
AIR103910,2022-02-05,West Bengal,West Bengal City 3,5G,Prepaid,3.4
AIR103911,2023-03-08,Gujarat,Gujarat City 3,4G,Postpaid,2.4
AIR103912,2024-03-03,Delhi,Delhi City 1,4G,Prepaid,1.5
AIR103913,2023-09-17,Karnataka,Karnataka City 1,4G,Prepaid,2
AIR103914,2024-03-18,Rajasthan,Rajasthan City 1,4G,Postpaid,1.6
AIR103915,2019-08-12,Tamil Nadu,Tamil Nadu City 3,4G,Postpaid,6.3
AIR103916,2020-10-26,Tamil Nadu,Tamil Nadu City 1,5G,Postpaid,5.1
AIR103917,2021-07-23,Delhi,Delhi City 2,4G,Prepaid,3.6
AIR103918,2022-08-05,Telangana,Telangana City 1,5G,Broadband,2.6
AIR103919,2022-08-01,Tamil Nadu,Tamil Nadu City 3,5G,Prepaid,2.7
AIR103920,2022-04-24,Rajasthan,Rajasthan City 2,4G,Broadband,3.1
AIR103921,2019-08-14,Delhi,Delhi City 3,4G,Postpaid,5.8
AIR103922,2019-07-19,Maharashtra,Maharashtra City 2,4G,Prepaid,6
AIR103923,2020-05-18,Tamil Nadu,Tamil Nadu City 3,4G,Prepaid,5.2
AIR103924,2019-01-11,Uttar Pradesh,Uttar Pradesh City 3,5G,Prepaid,6.7
AIR103925,2021-09-05,Delhi,Delhi City 2,4G,Broadband,4.1
AIR103926,2023-05-17,Rajasthan,Rajasthan City 1,5G,Broadband,2.5
AIR103927,2019-01-05,Uttar Pradesh,Uttar Pradesh City 2,5G,Postpaid,6.9
AIR103928,2019-10-07,Gujarat,Gujarat City 2,4G,Postpaid,5.4
AIR103929,2022-06-15,Gujarat,Gujarat City 2,5G,Postpaid,2.7
AIR103930,2019-05-07,Tamil Nadu,Tamil Nadu City 2,4G,Postpaid,5.9
AIR103931,2019-10-31,Uttar Pradesh,Uttar Pradesh City 2,5G,Postpaid,5.5
AIR103932,2020-12-31,Karnataka,Karnataka City 3,4G,Prepaid,4.5
AIR103933,2020-05-04,Gujarat,Gujarat City 3,4G,Broadband,5.2
AIR103934,2020-03-12,Karnataka,Karnataka City 1,4G,Postpaid,5.4
AIR103935,2023-08-12,Maharashtra,Maharashtra City 1,4G,Prepaid,2.1
AIR103936,2021-11-27,Delhi,Delhi City 2,5G,Broadband,3.9
AIR103937,2020-04-27,Kerala,Kerala City 1,5G,Postpaid,5.6
AIR103938,2019-11-11,Rajasthan,Rajasthan City 1,5G,Prepaid,6.1
AIR103939,2023-02-16,Delhi,Delhi City 2,4G,Prepaid,2
AIR103940,2021-07-27,Rajasthan,Rajasthan City 3,4G,Postpaid,3.6
AIR103941,2019-01-17,Uttar Pradesh,Uttar Pradesh City 3,5G,Broadband,6.2
AIR103942,2021-09-06,Maharashtra,Maharashtra City 1,4G,Broadband,3.7
AIR103943,2020-03-22,West Bengal,West Bengal City 3,4G,Postpaid,5.2
AIR103944,2019-10-06,Tamil Nadu,Tamil Nadu City 3,4G,Prepaid,5.8
AIR103945,2020-03-27,Rajasthan,Rajasthan City 1,4G,Prepaid,5.4
AIR103946,2020-08-28,Rajasthan,Rajasthan City 2,4G,Prepaid,5
AIR103947,2023-09-07,Uttar Pradesh,Uttar Pradesh City 1,4G,Broadband,2.1
AIR103948,2024-09-07,Karnataka,Karnataka City 1,4G,Enterprise,1.2
AIR103949,2021-10-30,Delhi,Delhi City 1,5G,Prepaid,4.1
AIR103950,2023-12-17,West Bengal,West Bengal City 2,4G,Postpaid,1.2
AIR103951,2024-06-30,Telangana,Telangana City 2,5G,Postpaid,0.7
AIR103952,2019-04-11,Tamil Nadu,Tamil Nadu City 2,4G,Prepaid,6
AIR103953,2024-11-04,Kerala,Kerala City 2,5G,Postpaid,0.5
AIR103954,2020-04-14,Telangana,Telangana City 1,4G,Broadband,5.2
AIR103955,2022-08-17,Delhi,Delhi City 3,4G,Prepaid,2.9
AIR103956,2023-06-13,Tamil Nadu,Tamil Nadu City 1,4G,Broadband,2.2
AIR103957,2022-05-20,Rajasthan,Rajasthan City 2,5G,Prepaid,3.3
AIR103958,2019-04-29,Kerala,Kerala City 3,4G,Prepaid,6.5
AIR103959,2024-02-27,Karnataka,Karnataka City 1,4G,Prepaid,1.7
AIR103960,2024-06-27,West Bengal,West Bengal City 3,5G,Broadband,1.5
AIR103961,2021-02-26,Karnataka,Karnataka City 2,4G,Prepaid,4
AIR103962,2022-11-28,Maharashtra,Maharashtra City 3,4G,Postpaid,2.3
AIR103963,2019-08-31,Uttar Pradesh,Uttar Pradesh City 3,4G,Postpaid,5.6
AIR103964,2021-09-11,Tamil Nadu,Tamil Nadu City 2,4G,Postpaid,3.7
AIR103965,2022-09-30,Karnataka,Karnataka City 3,4G,Broadband,2.7
AIR103966,2020-09-18,Telangana,Telangana City 1,4G,Prepaid,4.8
AIR103967,2022-12-18,Uttar Pradesh,Uttar Pradesh City 3,5G,Broadband,2.7
AIR103968,2019-01-16,Karnataka,Karnataka City 1,5G,Prepaid,6.7
AIR103969,2020-05-30,Gujarat,Gujarat City 3,4G,Postpaid,5.4
AIR103970,2024-08-29,Maharashtra,Maharashtra City 3,4G,Postpaid,1.2
AIR103971,2023-12-29,Delhi,Delhi City 2,5G,Broadband,2
AIR103972,2021-04-07,West Bengal,West Bengal City 2,5G,Prepaid,3.9
AIR103973,2019-01-11,Maharashtra,Maharashtra City 1,5G,Postpaid,6.2
AIR103974,2021-11-09,Uttar Pradesh,Uttar Pradesh City 2,4G,Prepaid,3.4
AIR103975,2019-10-06,Gujarat,Gujarat City 2,5G,Prepaid,5.6
AIR103976,2019-11-29,Tamil Nadu,Tamil Nadu City 2,5G,Prepaid,5.5
AIR103977,2023-04-20,Telangana,Telangana City 2,4G,Prepaid,2.2
AIR103978,2022-11-25,West Bengal,West Bengal City 2,4G,Broadband,2.7
AIR103979,2024-09-16,West Bengal,West Bengal City 1,4G,Postpaid,1
AIR103980,2021-08-31,Maharashtra,Maharashtra City 1,4G,Prepaid,4.1
AIR103981,2022-01-11,Uttar Pradesh,Uttar Pradesh City 2,5G,Broadband,3.8
AIR103982,2019-02-01,Tamil Nadu,Tamil Nadu City 2,5G,Prepaid,6.9
AIR103983,2024-08-01,Rajasthan,Rajasthan City 1,5G,Postpaid,0.5
AIR103984,2021-01-06,Gujarat,Gujarat City 3,5G,Broadband,4.2
AIR103985,2024-01-23,Rajasthan,Rajasthan City 1,4G,Broadband,1.2
AIR103986,2021-06-28,Telangana,Telangana City 3,4G,Prepaid,3.9
AIR103987,2019-02-14,Tamil Nadu,Tamil Nadu City 2,5G,Postpaid,6.3
AIR103988,2019-10-21,Tamil Nadu,Tamil Nadu City 2,4G,Prepaid,5.7
AIR103989,2023-04-21,Gujarat,Gujarat City 1,4G,Broadband,2.3
AIR103990,2019-06-16,Kerala,Kerala City 2,4G,Postpaid,6.3
AIR103991,2019-09-26,Rajasthan,Rajasthan City 3,4G,Postpaid,6.1
AIR103992,2022-02-21,Karnataka,Karnataka City 3,5G,Prepaid,3.7
AIR103993,2021-12-17,West Bengal,West Bengal City 1,4G,Postpaid,4
AIR103994,2021-05-29,Kerala,Kerala City 3,4G,Postpaid,3.7
AIR103995,2019-02-28,Karnataka,Karnataka City 1,5G,Postpaid,6
AIR103996,2019-08-05,Uttar Pradesh,Uttar Pradesh City 1,5G,Postpaid,5.7
AIR103997,2023-05-24,Gujarat,Gujarat City 3,5G,Broadband,2
AIR103998,2019-09-01,Uttar Pradesh,Uttar Pradesh City 3,4G,Postpaid,5.8
AIR103999,2024-11-20,West Bengal,West Bengal City 3,5G,Prepaid,0.6
AIR104000,2020-05-31,Delhi,Delhi City 3,5G,Broadband,5.2
AIR104001,2024-02-13,Karnataka,Karnataka City 3,4G,Prepaid,1.6
AIR104002,2021-05-10,Kerala,Kerala City 3,5G,Postpaid,4.4
AIR104003,2021-01-03,Karnataka,Karnataka City 3,4G,Broadband,4.9
AIR104004,2024-01-29,Karnataka,Karnataka City 2,5G,Prepaid,1.9
AIR104005,2022-06-06,Gujarat,Gujarat City 1,4G,Broadband,2.7
AIR104006,2023-01-15,Uttar Pradesh,Uttar Pradesh City 1,4G,Postpaid,2.2
AIR104007,2021-09-12,Rajasthan,Rajasthan City 3,4G,Postpaid,3.6
AIR104008,2020-06-27,Delhi,Delhi City 1,4G,Prepaid,4.9
AIR104009,2020-01-09,Gujarat,Gujarat City 3,4G,Prepaid,5.4
AIR104010,2019-04-22,Telangana,Telangana City 2,5G,Enterprise,6.2
AIR104011,2019-10-21,Gujarat,Gujarat City 1,5G,Prepaid,5.8
AIR104012,2025-01-05,West Bengal,West Bengal City 1,5G,Postpaid,0.7
AIR104013,2025-01-07,Delhi,Delhi City 2,4G,Prepaid,0.8
AIR104014,2022-04-12,Tamil Nadu,Tamil Nadu City 2,5G,Prepaid,3.6
AIR104015,2019-06-17,Telangana,Telangana City 2,4G,Postpaid,6.5
AIR104016,2019-03-11,Maharashtra,Maharashtra City 1,5G,Prepaid,5.9
AIR104017,2024-02-04,Gujarat,Gujarat City 1,4G,Enterprise,1.1
AIR104018,2022-11-26,Karnataka,Karnataka City 2,4G,Postpaid,2.4
AIR104019,2024-06-01,Rajasthan,Rajasthan City 2,5G,Postpaid,1
AIR104020,2023-07-13,Tamil Nadu,Tamil Nadu City 2,5G,Prepaid,1.9
AIR104021,2019-04-12,Gujarat,Gujarat City 2,5G,Enterprise,6.3
AIR104022,2023-12-18,Gujarat,Gujarat City 2,5G,Prepaid,1.7
AIR104023,2023-09-28,Kerala,Kerala City 3,4G,Postpaid,2
AIR104024,2023-06-01,Kerala,Kerala City 2,5G,Prepaid,2.4
AIR104025,2022-09-23,Tamil Nadu,Tamil Nadu City 3,4G,Prepaid,3.1
AIR104026,2019-11-29,Uttar Pradesh,Uttar Pradesh City 1,4G,Postpaid,6
AIR104027,2023-02-19,Kerala,Kerala City 1,4G,Postpaid,2
AIR104028,2019-08-17,Karnataka,Karnataka City 3,4G,Prepaid,5.6
AIR104029,2022-01-27,Telangana,Telangana City 2,5G,Postpaid,3.2
AIR104030,2024-05-11,Maharashtra,Maharashtra City 1,4G,Postpaid,1
AIR104031,2024-05-13,Delhi,Delhi City 2,4G,Prepaid,1.1
AIR104032,2022-12-05,Maharashtra,Maharashtra City 2,4G,Prepaid,2.6
AIR104033,2021-08-11,Maharashtra,Maharashtra City 3,4G,Prepaid,4
AIR104034,2023-10-20,Delhi,Delhi City 1,5G,Prepaid,1.9
AIR104035,2020-04-04,Kerala,Kerala City 1,5G,Prepaid,5.5
AIR104036,2022-05-02,Tamil Nadu,Tamil Nadu City 3,4G,Prepaid,3.5
AIR104037,2021-06-08,Delhi,Delhi City 2,4G,Postpaid,4.5
AIR104038,2021-11-09,West Bengal,West Bengal City 2,4G,Prepaid,3.3
AIR104039,2021-07-19,Uttar Pradesh,Uttar Pradesh City 1,5G,Postpaid,3.7
AIR104040,2019-11-07,Telangana,Telangana City 3,4G,Enterprise,5.4
AIR104041,2024-02-07,Rajasthan,Rajasthan City 3,4G,Enterprise,1.3
AIR104042,2023-05-01,Kerala,Kerala City 2,5G,Broadband,2.1
AIR104043,2023-10-25,Uttar Pradesh,Uttar Pradesh City 2,4G,Prepaid,1.7
AIR104044,2024-10-27,Delhi,Delhi City 3,5G,Prepaid,0.8
AIR104045,2019-09-03,West Bengal,West Bengal City 1,4G,Broadband,6
AIR104046,2020-04-16,Rajasthan,Rajasthan City 2,5G,Prepaid,5.5
AIR104047,2019-11-18,Telangana,Telangana City 3,4G,Prepaid,6
AIR104048,2019-05-21,Telangana,Telangana City 3,4G,Postpaid,6.6
AIR104049,2022-02-18,Kerala,Kerala City 3,4G,Prepaid,3
AIR104050,2019-04-09,Delhi,Delhi City 1,5G,Broadband,5.9
AIR104051,2020-05-08,Uttar Pradesh,Uttar Pradesh City 2,5G,Postpaid,4.9
AIR104052,2022-03-13,Tamil Nadu,Tamil Nadu City 2,4G,Postpaid,3.2
AIR104053,2024-11-27,Uttar Pradesh,Uttar Pradesh City 2,5G,Broadband,0.5
AIR104054,2020-04-28,Uttar Pradesh,Uttar Pradesh City 1,5G,Prepaid,5.2
AIR104055,2024-12-17,Telangana,Telangana City 2,5G,Postpaid,0.7
AIR104056,2022-11-24,Tamil Nadu,Tamil Nadu City 2,5G,Prepaid,2.8
AIR104057,2021-04-19,Tamil Nadu,Tamil Nadu City 2,4G,Postpaid,4.5
AIR104058,2020-05-20,Kerala,Kerala City 2,5G,Prepaid,5.5
AIR104059,2019-07-29,Rajasthan,Rajasthan City 1,4G,Postpaid,6.4
AIR104060,2023-11-17,Gujarat,Gujarat City 3,4G,Enterprise,1.2
AIR104061,2019-12-27,Maharashtra,Maharashtra City 3,4G,Prepaid,5.2
AIR104062,2019-06-03,Maharashtra,Maharashtra City 2,5G,Prepaid,5.9
AIR104063,2020-06-16,Telangana,Telangana City 2,5G,Prepaid,4.9
AIR104064,2023-04-20,Gujarat,Gujarat City 2,5G,Prepaid,2.2
AIR104065,2024-07-04,Rajasthan,Rajasthan City 1,5G,Prepaid,1
AIR104066,2023-11-11,Gujarat,Gujarat City 2,5G,Broadband,1.8
AIR104067,2024-05-23,Kerala,Kerala City 1,4G,Postpaid,1.3
AIR104068,2021-05-25,Uttar Pradesh,Uttar Pradesh City 2,4G,Postpaid,4.4
AIR104069,2019-12-07,Telangana,Telangana City 2,4G,Postpaid,5.9
AIR104070,2020-09-26,Tamil Nadu,Tamil Nadu City 3,4G,Prepaid,5.2
AIR104071,2022-04-07,Telangana,Telangana City 2,4G,Prepaid,2.9
AIR104072,2020-02-24,Maharashtra,Maharashtra City 1,4G,Postpaid,5.1
AIR104073,2021-01-06,Rajasthan,Rajasthan City 3,5G,Postpaid,4.3
AIR104074,2022-04-23,Gujarat,Gujarat City 1,5G,Prepaid,3.1
AIR104075,2022-09-08,Rajasthan,Rajasthan City 3,4G,Prepaid,2.8
AIR104076,2024-08-20,Kerala,Kerala City 1,5G,Prepaid,0.9
AIR104077,2023-09-05,Telangana,Telangana City 3,4G,Prepaid,1.9
AIR104078,2020-08-30,Delhi,Delhi City 1,5G,Prepaid,5
AIR104079,2022-03-08,Telangana,Telangana City 1,4G,Postpaid,3.6
AIR104080,2024-04-07,Tamil Nadu,Tamil Nadu City 2,4G,Broadband,1.6
AIR104081,2019-08-19,Telangana,Telangana City 3,5G,Prepaid,6.3
AIR104082,2023-01-14,West Bengal,West Bengal City 3,4G,Postpaid,2.1
AIR104083,2024-07-30,Kerala,Kerala City 2,4G,Prepaid,0.6
AIR104084,2024-12-25,Karnataka,Karnataka City 1,4G,Postpaid,0.3
AIR104085,2021-09-23,Kerala,Kerala City 1,4G,Postpaid,3.6
AIR104086,2022-03-25,Gujarat,Gujarat City 3,5G,Broadband,3.2
AIR104087,2020-08-29,Karnataka,Karnataka City 1,4G,Prepaid,4.9
AIR104088,2024-04-04,Gujarat,Gujarat City 3,5G,Prepaid,1.4
AIR104089,2022-07-08,Gujarat,Gujarat City 3,4G,Postpaid,3.2
AIR104090,2022-08-25,Tamil Nadu,Tamil Nadu City 1,4G,Prepaid,3.1
AIR104091,2024-10-29,Tamil Nadu,Tamil Nadu City 1,4G,Prepaid,1
AIR104092,2024-07-17,Uttar Pradesh,Uttar Pradesh City 1,5G,Prepaid,1.4
AIR104093,2022-10-14,Maharashtra,Maharashtra City 2,4G,Postpaid,2.3
AIR104094,2023-08-30,Uttar Pradesh,Uttar Pradesh City 3,4G,Prepaid,1.5
AIR104095,2019-07-25,Uttar Pradesh,Uttar Pradesh City 1,4G,Enterprise,5.7
AIR104096,2022-07-08,Maharashtra,Maharashtra City 2,4G,Prepaid,2.9
AIR104097,2023-12-15,Delhi,Delhi City 1,5G,Prepaid,1.5
AIR104098,2021-06-18,Karnataka,Karnataka City 3,4G,Postpaid,4.1
AIR104099,2021-01-17,Rajasthan,Rajasthan City 2,4G,Prepaid,4.6
AIR104100,2021-05-26,Uttar Pradesh,Uttar Pradesh City 3,4G,Postpaid,4.3
AIR104101,2023-10-15,Telangana,Telangana City 1,4G,Postpaid,2
AIR104102,2019-12-03,Telangana,Telangana City 1,4G,Postpaid,6
AIR104103,2023-10-28,Gujarat,Gujarat City 1,4G,Postpaid,2.1
AIR104104,2021-02-19,Maharashtra,Maharashtra City 2,4G,Prepaid,4
AIR104105,2019-10-06,Gujarat,Gujarat City 2,4G,Broadband,5.4
AIR104106,2021-04-12,West Bengal,West Bengal City 2,4G,Postpaid,4
AIR104107,2023-09-28,West Bengal,West Bengal City 2,5G,Prepaid,1.6
AIR104108,2021-11-19,Rajasthan,Rajasthan City 1,5G,Prepaid,3.6
AIR104109,2024-01-13,Tamil Nadu,Tamil Nadu City 1,4G,Prepaid,1.5
AIR104110,2021-07-27,Tamil Nadu,Tamil Nadu City 1,4G,Prepaid,4.1
AIR104111,2022-02-28,Maharashtra,Maharashtra City 2,5G,Postpaid,3.5
AIR104112,2020-06-07,Maharashtra,Maharashtra City 2,5G,Prepaid,5.4
AIR104113,2020-04-04,Uttar Pradesh,Uttar Pradesh City 1,4G,Broadband,5.6
AIR104114,2024-12-04,West Bengal,West Bengal City 1,5G,Prepaid,1
AIR104115,2022-03-18,Uttar Pradesh,Uttar Pradesh City 2,5G,Prepaid,2.9
AIR104116,2024-11-26,Tamil Nadu,Tamil Nadu City 3,4G,Prepaid,0.3
AIR104117,2024-07-18,Karnataka,Karnataka City 1,4G,Prepaid,0.7
AIR104118,2022-12-21,Karnataka,Karnataka City 1,5G,Broadband,2.4
AIR104119,2021-10-06,Maharashtra,Maharashtra City 1,4G,Postpaid,3.7
AIR104120,2023-03-21,Gujarat,Gujarat City 2,5G,Prepaid,2.3
AIR104121,2022-04-18,Tamil Nadu,Tamil Nadu City 1,5G,Broadband,3.3
AIR104122,2024-02-16,Karnataka,Karnataka City 1,5G,Broadband,1.6
AIR104123,2020-01-31,Tamil Nadu,Tamil Nadu City 1,4G,Postpaid,5.7
AIR104124,2024-08-10,Kerala,Kerala City 1,4G,Broadband,1.3
AIR104125,2024-08-17,Telangana,Telangana City 1,4G,Postpaid,1.3
AIR104126,2024-12-31,West Bengal,West Bengal City 3,5G,Postpaid,0.1
AIR104127,2023-08-06,Uttar Pradesh,Uttar Pradesh City 3,5G,Prepaid,1.6
AIR104128,2019-10-14,Tamil Nadu,Tamil Nadu City 1,4G,Prepaid,5.5
AIR104129,2023-07-24,Telangana,Telangana City 1,4G,Postpaid,1.8
AIR104130,2020-09-24,Kerala,Kerala City 1,5G,Broadband,4.7
AIR104131,2023-05-14,Uttar Pradesh,Uttar Pradesh City 1,5G,Postpaid,2.2
AIR104132,2020-12-29,Tamil Nadu,Tamil Nadu City 2,4G,Broadband,4.6
AIR104133,2019-01-31,Maharashtra,Maharashtra City 2,4G,Prepaid,6.6
AIR104134,2019-09-01,Telangana,Telangana City 2,5G,Postpaid,6.1
AIR104135,2019-05-20,Uttar Pradesh,Uttar Pradesh City 3,5G,Postpaid,6.5
AIR104136,2020-12-25,Tamil Nadu,Tamil Nadu City 1,5G,Postpaid,5
AIR104137,2023-04-14,Telangana,Telangana City 2,4G,Postpaid,1.8
AIR104138,2019-06-13,Kerala,Kerala City 1,4G,Prepaid,5.8
AIR104139,2019-04-14,Tamil Nadu,Tamil Nadu City 1,5G,Prepaid,6
AIR104140,2019-03-04,Tamil Nadu,Tamil Nadu City 3,5G,Enterprise,6.2
AIR104141,2024-08-24,Tamil Nadu,Tamil Nadu City 3,5G,Prepaid,0.8
AIR104142,2023-03-27,Rajasthan,Rajasthan City 2,5G,Postpaid,2.3
AIR104143,2020-12-27,Maharashtra,Maharashtra City 2,4G,Prepaid,4.6
AIR104144,2021-01-07,Kerala,Kerala City 3,5G,Prepaid,4.7
AIR104145,2023-11-26,Uttar Pradesh,Uttar Pradesh City 3,4G,Postpaid,1.9
AIR104146,2024-06-26,Rajasthan,Rajasthan City 1,4G,Postpaid,1.4
AIR104147,2019-05-10,Gujarat,Gujarat City 1,4G,Broadband,6.6
AIR104148,2024-05-29,Rajasthan,Rajasthan City 2,5G,Prepaid,0.7
AIR104149,2022-07-10,West Bengal,West Bengal City 2,5G,Postpaid,2.7
AIR104150,2022-04-09,West Bengal,West Bengal City 3,4G,Broadband,3
AIR104151,2021-07-15,Tamil Nadu,Tamil Nadu City 2,4G,Enterprise,3.8
AIR104152,2024-06-03,Rajasthan,Rajasthan City 1,5G,Enterprise,1
AIR104153,2022-11-30,Gujarat,Gujarat City 3,4G,Postpaid,2.6
AIR104154,2023-09-22,Rajasthan,Rajasthan City 1,5G,Prepaid,1.9
AIR104155,2023-12-25,Maharashtra,Maharashtra City 3,4G,Prepaid,1.7
AIR104156,2021-10-08,Maharashtra,Maharashtra City 3,4G,Broadband,4
AIR104157,2020-03-24,Gujarat,Gujarat City 1,4G,Broadband,5.6
AIR104158,2020-11-18,Rajasthan,Rajasthan City 2,4G,Postpaid,5.1
AIR104159,2023-10-23,Telangana,Telangana City 2,4G,Prepaid,1.3
AIR104160,2024-10-29,Maharashtra,Maharashtra City 2,4G,Postpaid,0.4
AIR104161,2021-05-09,Maharashtra,Maharashtra City 2,4G,Prepaid,3.9
AIR104162,2024-11-28,Karnataka,Karnataka City 1,4G,Postpaid,0.5
AIR104163,2019-06-13,Rajasthan,Rajasthan City 3,5G,Prepaid,6
AIR104164,2020-02-19,Maharashtra,Maharashtra City 1,4G,Broadband,5.4
AIR104165,2019-06-04,Kerala,Kerala City 2,4G,Prepaid,6.2
AIR104166,2023-02-08,Rajasthan,Rajasthan City 2,5G,Postpaid,2.6
AIR104167,2024-01-10,West Bengal,West Bengal City 1,4G,Prepaid,1.8
AIR104168,2024-08-30,Karnataka,Karnataka City 3,4G,Postpaid,1.2
AIR104169,2021-10-19,Maharashtra,Maharashtra City 1,5G,Postpaid,4.2
AIR104170,2024-11-26,Karnataka,Karnataka City 1,5G,Broadband,0.2
AIR104171,2020-02-03,West Bengal,West Bengal City 1,5G,Prepaid,5.1
AIR104172,2019-05-09,Gujarat,Gujarat City 3,4G,Prepaid,5.9
AIR104173,2023-03-13,Gujarat,Gujarat City 1,5G,Postpaid,2.2
AIR104174,2021-11-16,Rajasthan,Rajasthan City 1,4G,Prepaid,3.6
AIR104175,2019-12-10,West Bengal,West Bengal City 2,4G,Prepaid,5.6
AIR104176,2022-11-25,Delhi,Delhi City 1,5G,Postpaid,2.7
AIR104177,2020-08-26,Delhi,Delhi City 2,4G,Postpaid,5.1
AIR104178,2022-08-11,Rajasthan,Rajasthan City 2,5G,Prepaid,3.2
AIR104179,2023-05-10,Tamil Nadu,Tamil Nadu City 2,4G,Prepaid,2.5
AIR104180,2021-01-02,Karnataka,Karnataka City 3,4G,Broadband,5
AIR104181,2024-01-11,Karnataka,Karnataka City 2,5G,Postpaid,1.1
AIR104182,2019-06-05,Gujarat,Gujarat City 1,4G,Prepaid,5.8
AIR104183,2024-11-18,Delhi,Delhi City 1,5G,Prepaid,0.4
AIR104184,2024-05-02,Uttar Pradesh,Uttar Pradesh City 2,5G,Postpaid,1
AIR104185,2021-01-17,Maharashtra,Maharashtra City 2,5G,Prepaid,4.4
AIR104186,2020-05-14,Maharashtra,Maharashtra City 1,4G,Broadband,5.2
AIR104187,2021-12-28,Maharashtra,Maharashtra City 2,4G,Postpaid,3.6
AIR104188,2023-12-08,Gujarat,Gujarat City 3,5G,Postpaid,1.8
AIR104189,2020-01-21,West Bengal,West Bengal City 2,5G,Broadband,5.7
AIR104190,2019-05-18,Telangana,Telangana City 3,4G,Prepaid,6.5
AIR104191,2019-09-05,Delhi,Delhi City 3,5G,Prepaid,6.3
AIR104192,2024-11-20,Delhi,Delhi City 3,5G,Postpaid,0.2
AIR104193,2023-07-02,Uttar Pradesh,Uttar Pradesh City 2,5G,Postpaid,1.7
AIR104194,2023-10-02,Karnataka,Karnataka City 3,4G,Prepaid,1.5
AIR104195,2022-10-30,Tamil Nadu,Tamil Nadu City 3,4G,Prepaid,2.5
AIR104196,2020-12-27,Rajasthan,Rajasthan City 2,4G,Prepaid,4.5
AIR104197,2022-03-24,Karnataka,Karnataka City 3,4G,Prepaid,3.3
AIR104198,2024-11-04,West Bengal,West Bengal City 2,5G,Postpaid,0.8
AIR104199,2021-05-29,Rajasthan,Rajasthan City 1,4G,Postpaid,4.3
AIR104200,2023-02-14,Delhi,Delhi City 3,5G,Prepaid,2.7
AIR104201,2022-05-17,West Bengal,West Bengal City 2,4G,Prepaid,3.5
AIR104202,2021-10-03,Rajasthan,Rajasthan City 1,4G,Prepaid,4.2
AIR104203,2022-04-16,Uttar Pradesh,Uttar Pradesh City 3,4G,Prepaid,2.8
AIR104204,2021-10-10,Uttar Pradesh,Uttar Pradesh City 3,4G,Prepaid,3.4
AIR104205,2019-09-30,Kerala,Kerala City 2,4G,Prepaid,5.5
AIR104206,2023-05-26,Telangana,Telangana City 1,4G,Prepaid,2
AIR104207,2020-08-17,Uttar Pradesh,Uttar Pradesh City 2,5G,Postpaid,4.8
AIR104208,2022-08-17,Delhi,Delhi City 3,4G,Postpaid,2.9
AIR104209,2024-08-19,Tamil Nadu,Tamil Nadu City 3,4G,Prepaid,1
AIR104210,2024-11-24,Maharashtra,Maharashtra City 3,5G,Broadband,0.8
AIR104211,2021-02-09,Kerala,Kerala City 3,4G,Broadband,4.7
AIR104212,2023-09-26,Maharashtra,Maharashtra City 1,4G,Enterprise,2.1
AIR104213,2022-06-12,Telangana,Telangana City 1,4G,Broadband,3.5
AIR104214,2020-05-04,Rajasthan,Rajasthan City 2,4G,Postpaid,4.8
AIR104215,2020-04-19,Gujarat,Gujarat City 2,5G,Postpaid,4.9
AIR104216,2020-08-03,Uttar Pradesh,Uttar Pradesh City 2,4G,Prepaid,4.7
AIR104217,2024-01-15,Tamil Nadu,Tamil Nadu City 3,5G,Postpaid,1.3
AIR104218,2024-05-15,Telangana,Telangana City 2,5G,Postpaid,1.1
AIR104219,2019-11-25,Maharashtra,Maharashtra City 1,4G,Postpaid,5.6
AIR104220,2021-02-05,Kerala,Kerala City 2,5G,Postpaid,4.5
AIR104221,2020-05-20,Uttar Pradesh,Uttar Pradesh City 2,4G,Prepaid,5.3
AIR104222,2024-04-23,Delhi,Delhi City 1,4G,Postpaid,1.5
AIR104223,2020-04-22,Uttar Pradesh,Uttar Pradesh City 1,4G,Prepaid,5.6
AIR104224,2019-01-14,Kerala,Kerala City 3,4G,Postpaid,6.9
AIR104225,2020-12-27,Kerala,Kerala City 1,4G,Broadband,4.1
AIR104226,2021-01-15,Gujarat,Gujarat City 1,4G,Broadband,4.2
AIR104227,2024-07-03,Uttar Pradesh,Uttar Pradesh City 2,5G,Postpaid,0.8
AIR104228,2020-04-19,Uttar Pradesh,Uttar Pradesh City 1,5G,Prepaid,5.1
AIR104229,2020-06-07,Gujarat,Gujarat City 3,4G,Broadband,5
AIR104230,2020-02-15,West Bengal,West Bengal City 2,5G,Prepaid,5.4
AIR104231,2024-03-22,West Bengal,West Bengal City 3,5G,Broadband,1.4
AIR104232,2023-07-06,Rajasthan,Rajasthan City 1,4G,Prepaid,2.2
AIR104233,2020-11-11,West Bengal,West Bengal City 3,4G,Prepaid,4.9
AIR104234,2024-02-26,Karnataka,Karnataka City 3,4G,Postpaid,1.7
AIR104235,2019-11-25,Uttar Pradesh,Uttar Pradesh City 1,4G,Postpaid,6.1
AIR104236,2019-09-29,Tamil Nadu,Tamil Nadu City 1,4G,Prepaid,5.4
AIR104237,2024-08-23,Uttar Pradesh,Uttar Pradesh City 2,4G,Postpaid,0.6
AIR104238,2019-06-24,Karnataka,Karnataka City 2,4G,Postpaid,5.8
AIR104239,2020-09-13,Karnataka,Karnataka City 2,4G,Prepaid,4.7
AIR104240,2023-08-15,Maharashtra,Maharashtra City 1,4G,Postpaid,1.8
AIR104241,2019-08-22,Uttar Pradesh,Uttar Pradesh City 3,4G,Prepaid,5.9
AIR104242,2019-05-21,Telangana,Telangana City 3,4G,Postpaid,6.2
AIR104243,2023-02-13,Karnataka,Karnataka City 2,4G,Prepaid,2.6
AIR104244,2024-12-06,Tamil Nadu,Tamil Nadu City 2,4G,Postpaid,0.9
AIR104245,2020-01-17,Gujarat,Gujarat City 1,5G,Prepaid,5.8
AIR104246,2022-12-04,Rajasthan,Rajasthan City 3,4G,Prepaid,3
AIR104247,2019-02-18,Maharashtra,Maharashtra City 2,4G,Postpaid,6
AIR104248,2019-05-29,Gujarat,Gujarat City 1,4G,Postpaid,5.8
AIR104249,2025-01-08,Maharashtra,Maharashtra City 2,5G,Enterprise,0.3
AIR104250,2020-01-11,Tamil Nadu,Tamil Nadu City 1,5G,Broadband,5.3
AIR104251,2020-08-18,Kerala,Kerala City 3,4G,Postpaid,4.8
AIR104252,2023-02-01,Uttar Pradesh,Uttar Pradesh City 1,4G,Postpaid,2.5
AIR104253,2023-05-18,Delhi,Delhi City 2,4G,Prepaid,2.2
AIR104254,2021-04-21,Telangana,Telangana City 2,4G,Prepaid,4.4
AIR104255,2021-12-11,Gujarat,Gujarat City 3,5G,Prepaid,3.8
AIR104256,2020-05-03,Uttar Pradesh,Uttar Pradesh City 3,4G,Broadband,5.5
AIR104257,2022-10-27,Telangana,Telangana City 2,5G,Prepaid,3.1
AIR104258,2023-08-16,Kerala,Kerala City 2,4G,Postpaid,1.5
AIR104259,2023-03-04,Delhi,Delhi City 2,4G,Prepaid,2
AIR104260,2019-06-13,Telangana,Telangana City 3,5G,Prepaid,5.8
AIR104261,2023-01-04,Telangana,Telangana City 2,4G,Prepaid,2.4
AIR104262,2021-09-01,Gujarat,Gujarat City 3,5G,Postpaid,3.8
AIR104263,2024-12-20,West Bengal,West Bengal City 2,4G,Prepaid,0.6
AIR104264,2024-10-29,Delhi,Delhi City 1,4G,Postpaid,0.8
AIR104265,2023-07-29,Uttar Pradesh,Uttar Pradesh City 1,5G,Postpaid,2.1
AIR104266,2019-05-14,Kerala,Kerala City 2,4G,Postpaid,6.4
AIR104267,2021-12-11,Delhi,Delhi City 1,4G,Postpaid,3.9
AIR104268,2020-12-10,Tamil Nadu,Tamil Nadu City 3,4G,Postpaid,5
AIR104269,2023-03-12,West Bengal,West Bengal City 1,5G,Postpaid,1.9
AIR104270,2021-11-03,Tamil Nadu,Tamil Nadu City 1,4G,Prepaid,3.4
AIR104271,2022-11-09,Kerala,Kerala City 3,4G,Broadband,2.4
AIR104272,2023-10-27,Gujarat,Gujarat City 1,4G,Prepaid,1.5
AIR104273,2020-07-14,Gujarat,Gujarat City 1,4G,Prepaid,4.9
AIR104274,2020-08-04,Kerala,Kerala City 2,5G,Prepaid,4.9
AIR104275,2024-12-06,Maharashtra,Maharashtra City 3,4G,Postpaid,0.7
AIR104276,2023-05-05,Kerala,Kerala City 3,5G,Prepaid,2.4
AIR104277,2023-09-13,West Bengal,West Bengal City 2,4G,Postpaid,2.1
AIR104278,2019-08-19,Karnataka,Karnataka City 2,5G,Postpaid,6.2
AIR104279,2024-02-27,Gujarat,Gujarat City 1,5G,Postpaid,1.8
AIR104280,2019-01-03,Rajasthan,Rajasthan City 1,5G,Prepaid,6.1
AIR104281,2024-03-26,West Bengal,West Bengal City 1,4G,Postpaid,1
AIR104282,2024-04-19,West Bengal,West Bengal City 2,4G,Prepaid,1
AIR104283,2020-11-15,West Bengal,West Bengal City 3,4G,Prepaid,4.5
AIR104284,2019-03-22,Telangana,Telangana City 1,4G,Prepaid,6.2
AIR104285,2024-05-09,West Bengal,West Bengal City 2,4G,Postpaid,1.2
AIR104286,2022-07-22,Gujarat,Gujarat City 3,5G,Postpaid,3.1
AIR104287,2020-01-23,Karnataka,Karnataka City 2,4G,Postpaid,5.6
AIR104288,2021-04-06,Karnataka,Karnataka City 1,5G,Postpaid,4.5
AIR104289,2022-09-30,West Bengal,West Bengal City 2,4G,Postpaid,3.1
AIR104290,2020-10-13,Tamil Nadu,Tamil Nadu City 2,5G,Prepaid,5.2
AIR104291,2024-10-11,Gujarat,Gujarat City 2,4G,Prepaid,0.3
AIR104292,2023-11-23,Gujarat,Gujarat City 2,4G,Broadband,1.3
AIR104293,2022-06-25,Delhi,Delhi City 3,5G,Postpaid,2.8
AIR104294,2022-03-23,Uttar Pradesh,Uttar Pradesh City 1,4G,Postpaid,3.1
AIR104295,2021-11-08,Maharashtra,Maharashtra City 3,5G,Postpaid,3.6
AIR104296,2023-06-12,Maharashtra,Maharashtra City 2,5G,Postpaid,2.1
AIR104297,2024-09-15,Tamil Nadu,Tamil Nadu City 2,4G,Postpaid,0.9
AIR104298,2020-11-13,Maharashtra,Maharashtra City 1,5G,Prepaid,4.8
AIR104299,2023-12-01,Delhi,Delhi City 1,4G,Broadband,1.9
AIR104300,2022-07-18,Kerala,Kerala City 3,5G,Prepaid,3.3
AIR104301,2021-07-07,Maharashtra,Maharashtra City 3,4G,Prepaid,4.4
AIR104302,2020-10-13,Gujarat,Gujarat City 1,5G,Prepaid,4.3
AIR104303,2023-05-23,Kerala,Kerala City 3,4G,Postpaid,1.8
AIR104304,2023-05-23,Maharashtra,Maharashtra City 2,4G,Postpaid,1.9
AIR104305,2023-06-29,Gujarat,Gujarat City 2,4G,Postpaid,1.9
AIR104306,2023-01-25,Gujarat,Gujarat City 1,4G,Broadband,2.4
AIR104307,2021-12-17,West Bengal,West Bengal City 3,4G,Prepaid,3.6
AIR104308,2020-01-11,Karnataka,Karnataka City 2,4G,Postpaid,5.6
AIR104309,2022-11-09,Tamil Nadu,Tamil Nadu City 1,4G,Postpaid,2.9
AIR104310,2024-10-04,Delhi,Delhi City 3,4G,Enterprise,1
AIR104311,2023-03-20,Telangana,Telangana City 2,4G,Prepaid,2.7
AIR104312,2023-12-26,Uttar Pradesh,Uttar Pradesh City 3,4G,Enterprise,2
AIR104313,2019-01-17,Maharashtra,Maharashtra City 3,4G,Prepaid,6.1
AIR104314,2020-03-08,Maharashtra,Maharashtra City 3,4G,Postpaid,5
AIR104315,2019-08-25,Kerala,Kerala City 1,5G,Postpaid,5.6
AIR104316,2019-11-03,Kerala,Kerala City 2,5G,Broadband,5.5
AIR104317,2023-11-21,Uttar Pradesh,Uttar Pradesh City 1,4G,Prepaid,1.6
AIR104318,2020-03-08,Maharashtra,Maharashtra City 2,5G,Prepaid,5.4
AIR104319,2019-01-24,Rajasthan,Rajasthan City 2,4G,Prepaid,6.6
AIR104320,2024-07-28,Delhi,Delhi City 1,5G,Postpaid,1.1
AIR104321,2022-08-16,Maharashtra,Maharashtra City 1,4G,Postpaid,3.2
AIR104322,2023-07-10,Karnataka,Karnataka City 2,4G,Broadband,2.4
AIR104323,2021-10-10,Uttar Pradesh,Uttar Pradesh City 2,5G,Postpaid,4.2
AIR104324,2020-11-11,Rajasthan,Rajasthan City 2,5G,Prepaid,4.3
AIR104325,2024-01-23,Delhi,Delhi City 3,4G,Prepaid,1.1
AIR104326,2023-02-24,Maharashtra,Maharashtra City 2,4G,Prepaid,2.1
AIR104327,2021-08-09,Telangana,Telangana City 1,4G,Postpaid,3.8
AIR104328,2022-08-04,West Bengal,West Bengal City 1,4G,Broadband,2.9
AIR104329,2020-02-19,Karnataka,Karnataka City 1,5G,Enterprise,5.4
AIR104330,2021-01-22,Telangana,Telangana City 2,4G,Prepaid,4.6
AIR104331,2022-11-24,Kerala,Kerala City 2,4G,Prepaid,2.8
AIR104332,2020-02-20,Kerala,Kerala City 3,4G,Prepaid,5.7
AIR104333,2021-05-25,Maharashtra,Maharashtra City 3,4G,Postpaid,4.5
AIR104334,2021-06-08,Kerala,Kerala City 1,4G,Enterprise,4.5
AIR104335,2022-06-28,Karnataka,Karnataka City 3,5G,Prepaid,2.6
AIR104336,2020-11-07,Delhi,Delhi City 3,4G,Prepaid,4.4
AIR104337,2024-12-28,Gujarat,Gujarat City 1,5G,Postpaid,0.3
AIR104338,2022-09-23,Tamil Nadu,Tamil Nadu City 2,4G,Postpaid,2.6
AIR104339,2020-03-25,Uttar Pradesh,Uttar Pradesh City 3,4G,Prepaid,5.2
AIR104340,2021-04-29,Delhi,Delhi City 2,4G,Broadband,4.2
AIR104341,2019-04-02,Gujarat,Gujarat City 1,4G,Prepaid,6.4
AIR104342,2020-02-25,Rajasthan,Rajasthan City 1,5G,Broadband,5.6
AIR104343,2023-03-18,Karnataka,Karnataka City 3,4G,Prepaid,2.6
AIR104344,2023-05-11,Telangana,Telangana City 1,4G,Prepaid,2.5
AIR104345,2024-03-10,Gujarat,Gujarat City 1,4G,Prepaid,1.8
AIR104346,2019-07-04,Karnataka,Karnataka City 1,4G,Prepaid,5.6
AIR104347,2022-12-27,West Bengal,West Bengal City 3,5G,Postpaid,2.2
AIR104348,2023-02-03,Telangana,Telangana City 3,4G,Postpaid,2.2
AIR104349,2021-08-22,Kerala,Kerala City 3,5G,Postpaid,3.7
AIR104350,2022-02-22,Kerala,Kerala City 1,5G,Postpaid,3.3
AIR104351,2022-07-11,Telangana,Telangana City 2,4G,Prepaid,3
AIR104352,2021-05-01,Rajasthan,Rajasthan City 1,4G,Prepaid,4.3
AIR104353,2024-02-17,Rajasthan,Rajasthan City 3,5G,Enterprise,1.6
AIR104354,2023-10-17,Rajasthan,Rajasthan City 2,5G,Broadband,2
AIR104355,2022-05-29,Gujarat,Gujarat City 2,4G,Prepaid,3.5
AIR104356,2019-06-23,Uttar Pradesh,Uttar Pradesh City 3,4G,Prepaid,6.5
AIR104357,2019-08-05,Gujarat,Gujarat City 2,4G,Postpaid,5.5
AIR104358,2024-07-14,Maharashtra,Maharashtra City 2,4G,Prepaid,0.7
AIR104359,2023-05-22,Tamil Nadu,Tamil Nadu City 3,4G,Postpaid,1.9
AIR104360,2022-10-28,Telangana,Telangana City 2,4G,Postpaid,2.5
AIR104361,2019-06-23,Delhi,Delhi City 2,4G,Prepaid,6
AIR104362,2024-10-26,Tamil Nadu,Tamil Nadu City 3,4G,Prepaid,0.7
AIR104363,2022-07-10,West Bengal,West Bengal City 2,4G,Postpaid,3.1
AIR104364,2020-09-25,Gujarat,Gujarat City 2,5G,Prepaid,5
AIR104365,2023-08-27,Gujarat,Gujarat City 2,4G,Prepaid,2.1
AIR104366,2021-08-20,Karnataka,Karnataka City 2,5G,Postpaid,4.2
AIR104367,2024-01-19,Tamil Nadu,Tamil Nadu City 3,4G,Postpaid,1.9
AIR104368,2020-08-20,Karnataka,Karnataka City 1,4G,Prepaid,4.5
AIR104369,2023-10-17,Delhi,Delhi City 1,4G,Broadband,1.4
AIR104370,2021-06-11,Karnataka,Karnataka City 2,4G,Postpaid,3.8
AIR104371,2019-08-03,Tamil Nadu,Tamil Nadu City 3,4G,Prepaid,5.8
AIR104372,2021-06-02,Telangana,Telangana City 3,4G,Prepaid,4
AIR104373,2023-06-20,West Bengal,West Bengal City 2,5G,Postpaid,2.1
AIR104374,2022-05-28,Gujarat,Gujarat City 1,4G,Prepaid,3.2
AIR104375,2020-08-28,Delhi,Delhi City 2,5G,Postpaid,5
AIR104376,2020-07-05,Gujarat,Gujarat City 3,4G,Postpaid,5.3
AIR104377,2019-11-15,Maharashtra,Maharashtra City 3,4G,Postpaid,6
AIR104378,2020-12-29,West Bengal,West Bengal City 1,4G,Postpaid,5
AIR104379,2022-03-23,Uttar Pradesh,Uttar Pradesh City 3,5G,Postpaid,2.9
AIR104380,2019-12-17,Karnataka,Karnataka City 3,4G,Prepaid,5.2
AIR104381,2021-12-21,Kerala,Kerala City 3,5G,Prepaid,3.3
AIR104382,2023-01-23,Tamil Nadu,Tamil Nadu City 1,4G,Postpaid,2.3
AIR104383,2021-08-07,Gujarat,Gujarat City 3,5G,Postpaid,3.9
AIR104384,2019-07-09,Karnataka,Karnataka City 2,4G,Postpaid,6
AIR104385,2023-03-26,Delhi,Delhi City 1,4G,Prepaid,2.4
AIR104386,2023-07-24,Gujarat,Gujarat City 2,4G,Enterprise,2.1
AIR104387,2023-02-05,Uttar Pradesh,Uttar Pradesh City 2,4G,Prepaid,2.7
AIR104388,2020-11-17,West Bengal,West Bengal City 1,4G,Prepaid,5
AIR104389,2019-03-14,West Bengal,West Bengal City 2,4G,Prepaid,6.8
AIR104390,2022-06-16,Gujarat,Gujarat City 1,4G,Prepaid,2.7
AIR104391,2021-12-26,Delhi,Delhi City 2,4G,Postpaid,3.2
AIR104392,2023-06-05,West Bengal,West Bengal City 1,4G,Prepaid,1.9
AIR104393,2019-03-18,West Bengal,West Bengal City 3,4G,Prepaid,6.2
AIR104394,2020-12-07,Uttar Pradesh,Uttar Pradesh City 3,4G,Prepaid,4.5
AIR104395,2021-09-14,Tamil Nadu,Tamil Nadu City 2,5G,Postpaid,3.8
AIR104396,2024-10-16,Delhi,Delhi City 3,5G,Broadband,0.8
AIR104397,2023-05-11,Delhi,Delhi City 1,4G,Postpaid,2.3
AIR104398,2023-12-11,Telangana,Telangana City 2,5G,Prepaid,1.8
AIR104399,2020-08-10,Telangana,Telangana City 3,4G,Postpaid,5.3
AIR104400,2021-04-22,West Bengal,West Bengal City 3,4G,Prepaid,4.6
AIR104401,2023-04-15,Kerala,Kerala City 2,4G,Prepaid,1.8
AIR104402,2020-12-22,Telangana,Telangana City 3,5G,Broadband,4.2
AIR104403,2023-12-10,West Bengal,West Bengal City 3,4G,Postpaid,1.3
AIR104404,2019-11-20,Rajasthan,Rajasthan City 2,5G,Prepaid,5.5
AIR104405,2020-10-16,Maharashtra,Maharashtra City 3,5G,Prepaid,4.7
AIR104406,2019-05-25,Maharashtra,Maharashtra City 3,4G,Prepaid,6.1
AIR104407,2023-08-24,Delhi,Delhi City 3,4G,Prepaid,2
AIR104408,2019-05-24,Kerala,Kerala City 3,4G,Postpaid,6.3
AIR104409,2021-07-30,Uttar Pradesh,Uttar Pradesh City 2,4G,Prepaid,4.2
AIR104410,2021-06-11,Tamil Nadu,Tamil Nadu City 1,4G,Broadband,4.4
AIR104411,2019-07-14,Telangana,Telangana City 1,4G,Postpaid,6.4
AIR104412,2023-07-19,Rajasthan,Rajasthan City 3,4G,Broadband,1.6
AIR104413,2023-05-31,West Bengal,West Bengal City 3,4G,Postpaid,1.8
AIR104414,2021-03-28,Kerala,Kerala City 1,4G,Postpaid,4
AIR104415,2022-02-10,Delhi,Delhi City 3,4G,Postpaid,3.3
AIR104416,2022-07-23,Telangana,Telangana City 1,4G,Prepaid,2.9
AIR104417,2023-07-19,Kerala,Kerala City 2,4G,Postpaid,2
AIR104418,2022-08-07,Telangana,Telangana City 2,4G,Prepaid,3
AIR104419,2020-03-09,Tamil Nadu,Tamil Nadu City 2,5G,Prepaid,5.5
AIR104420,2020-02-21,Tamil Nadu,Tamil Nadu City 2,4G,Prepaid,5.6
AIR104421,2024-02-02,Uttar Pradesh,Uttar Pradesh City 2,4G,Postpaid,1.8
AIR104422,2020-12-11,Maharashtra,Maharashtra City 2,5G,Enterprise,5
AIR104423,2019-05-18,Karnataka,Karnataka City 1,4G,Prepaid,5.7
AIR104424,2023-10-20,Karnataka,Karnataka City 3,5G,Postpaid,1.4
AIR104425,2024-12-21,Telangana,Telangana City 1,4G,Broadband,0.3
AIR104426,2022-03-30,Uttar Pradesh,Uttar Pradesh City 2,5G,Prepaid,3.1
AIR104427,2023-11-19,Karnataka,Karnataka City 3,5G,Prepaid,1.6
AIR104428,2021-01-03,Delhi,Delhi City 3,4G,Prepaid,4.5
AIR104429,2024-01-26,Karnataka,Karnataka City 2,4G,Broadband,1.6
AIR104430,2022-09-15,Gujarat,Gujarat City 2,5G,Prepaid,3
AIR104431,2020-01-30,West Bengal,West Bengal City 2,5G,Prepaid,5.7
AIR104432,2022-04-10,Uttar Pradesh,Uttar Pradesh City 2,5G,Postpaid,3.6
AIR104433,2024-07-21,Delhi,Delhi City 2,4G,Broadband,1.4
AIR104434,2022-02-17,Kerala,Kerala City 2,5G,Broadband,3
AIR104435,2024-08-28,Delhi,Delhi City 3,4G,Prepaid,0.5
AIR104436,2021-03-18,Maharashtra,Maharashtra City 2,4G,Broadband,4.1
AIR104437,2019-09-04,Kerala,Kerala City 2,4G,Prepaid,5.7
AIR104438,2022-05-13,Rajasthan,Rajasthan City 3,4G,Prepaid,3.1
AIR104439,2019-12-08,West Bengal,West Bengal City 1,4G,Broadband,5.6
AIR104440,2024-04-23,West Bengal,West Bengal City 2,4G,Postpaid,1.3
AIR104441,2019-12-08,West Bengal,West Bengal City 3,4G,Prepaid,5.8
AIR104442,2019-04-18,West Bengal,West Bengal City 3,4G,Postpaid,6.5
AIR104443,2020-09-24,Telangana,Telangana City 1,5G,Postpaid,5.1
AIR104444,2021-09-24,West Bengal,West Bengal City 2,4G,Broadband,4.2
AIR104445,2022-11-26,West Bengal,West Bengal City 2,4G,Broadband,2.2
AIR104446,2020-08-18,West Bengal,West Bengal City 2,4G,Postpaid,4.6
AIR104447,2022-08-18,Uttar Pradesh,Uttar Pradesh City 3,4G,Broadband,2.7
AIR104448,2023-12-02,Telangana,Telangana City 2,4G,Postpaid,1.5
AIR104449,2022-02-04,Tamil Nadu,Tamil Nadu City 2,4G,Postpaid,3.4
AIR104450,2020-08-07,Delhi,Delhi City 2,4G,Postpaid,4.9
AIR104451,2022-03-23,Delhi,Delhi City 2,5G,Prepaid,3.4
AIR104452,2023-12-30,Kerala,Kerala City 1,4G,Prepaid,1.7
AIR104453,2020-08-31,Uttar Pradesh,Uttar Pradesh City 1,4G,Prepaid,5.1
AIR104454,2024-01-02,Gujarat,Gujarat City 1,4G,Postpaid,1.9
AIR104455,2022-10-04,Delhi,Delhi City 2,4G,Prepaid,3.2
AIR104456,2023-11-25,Karnataka,Karnataka City 2,4G,Prepaid,1.2
AIR104457,2020-12-28,Gujarat,Gujarat City 3,4G,Prepaid,4.2
AIR104458,2023-04-07,West Bengal,West Bengal City 3,4G,Prepaid,2
AIR104459,2019-08-24,West Bengal,West Bengal City 3,4G,Postpaid,5.7
AIR104460,2021-08-22,Telangana,Telangana City 2,4G,Prepaid,3.8
AIR104461,2019-07-30,Gujarat,Gujarat City 1,4G,Prepaid,6
AIR104462,2019-10-13,Karnataka,Karnataka City 1,5G,Postpaid,5.8
AIR104463,2023-10-09,Telangana,Telangana City 1,4G,Broadband,1.9
AIR104464,2020-05-08,Kerala,Kerala City 2,4G,Prepaid,5.4
AIR104465,2021-10-14,Gujarat,Gujarat City 1,4G,Prepaid,4.1
AIR104466,2024-06-12,Uttar Pradesh,Uttar Pradesh City 3,5G,Broadband,1.5
AIR104467,2020-06-06,West Bengal,West Bengal City 3,5G,Prepaid,4.7
AIR104468,2021-03-29,West Bengal,West Bengal City 1,4G,Broadband,4
AIR104469,2022-09-27,Maharashtra,Maharashtra City 3,5G,Prepaid,2.5
AIR104470,2023-07-15,Telangana,Telangana City 1,4G,Prepaid,1.8
AIR104471,2020-08-12,Tamil Nadu,Tamil Nadu City 1,5G,Prepaid,4.8
AIR104472,2020-09-26,Tamil Nadu,Tamil Nadu City 3,4G,Prepaid,4.8
AIR104473,2023-12-17,Telangana,Telangana City 3,4G,Broadband,1.7
AIR104474,2019-07-27,Uttar Pradesh,Uttar Pradesh City 3,4G,Enterprise,6.1
AIR104475,2021-09-03,Rajasthan,Rajasthan City 3,4G,Enterprise,4.1
AIR104476,2024-08-26,Telangana,Telangana City 1,4G,Broadband,1.2
AIR104477,2022-08-06,Uttar Pradesh,Uttar Pradesh City 3,4G,Broadband,3.4
AIR104478,2019-09-11,Kerala,Kerala City 3,4G,Postpaid,5.4
AIR104479,2021-08-28,West Bengal,West Bengal City 2,4G,Broadband,3.5
AIR104480,2020-09-02,Karnataka,Karnataka City 3,4G,Prepaid,4.6
AIR104481,2023-01-19,Rajasthan,Rajasthan City 3,5G,Prepaid,2.3
AIR104482,2022-03-16,Gujarat,Gujarat City 1,5G,Postpaid,3.2
AIR104483,2021-06-02,Rajasthan,Rajasthan City 1,5G,Broadband,4.1
AIR104484,2022-10-31,Karnataka,Karnataka City 2,5G,Postpaid,2.8
AIR104485,2020-05-20,Maharashtra,Maharashtra City 3,5G,Broadband,5.3
AIR104486,2019-12-15,West Bengal,West Bengal City 3,4G,Postpaid,5.8
AIR104487,2019-07-18,Tamil Nadu,Tamil Nadu City 3,4G,Postpaid,6.3
AIR104488,2022-02-21,Uttar Pradesh,Uttar Pradesh City 3,4G,Enterprise,3.8
AIR104489,2022-03-26,Telangana,Telangana City 3,4G,Prepaid,2.9
AIR104490,2020-09-02,Telangana,Telangana City 3,5G,Broadband,4.5
AIR104491,2021-07-09,Tamil Nadu,Tamil Nadu City 2,4G,Postpaid,3.8
AIR104492,2024-03-17,Rajasthan,Rajasthan City 3,5G,Postpaid,1.2
AIR104493,2023-09-22,West Bengal,West Bengal City 3,4G,Broadband,1.7
AIR104494,2022-08-10,Delhi,Delhi City 3,5G,Prepaid,2.9
AIR104495,2021-02-23,Uttar Pradesh,Uttar Pradesh City 2,4G,Prepaid,4.5
AIR104496,2021-08-16,Kerala,Kerala City 3,4G,Postpaid,4.1
AIR104497,2022-04-12,Karnataka,Karnataka City 2,5G,Prepaid,3.5
AIR104498,2022-11-27,Rajasthan,Rajasthan City 1,4G,Postpaid,3
AIR104499,2024-01-16,Gujarat,Gujarat City 3,4G,Prepaid,1.9
AIR104500,2021-02-06,Maharashtra,Maharashtra City 2,4G,Broadband,4
AIR104501,2024-11-13,Telangana,Telangana City 1,4G,Prepaid,0.3
AIR104502,2024-09-09,Rajasthan,Rajasthan City 2,4G,Postpaid,0.6
AIR104503,2024-11-14,Maharashtra,Maharashtra City 2,4G,Broadband,0.5
AIR104504,2023-02-02,Karnataka,Karnataka City 1,4G,Broadband,2.4
AIR104505,2020-12-05,Telangana,Telangana City 3,4G,Postpaid,4.6
AIR104506,2023-11-04,Telangana,Telangana City 3,4G,Postpaid,1.8
AIR104507,2021-12-05,Delhi,Delhi City 2,5G,Prepaid,3.8
AIR104508,2024-12-21,Rajasthan,Rajasthan City 1,5G,Prepaid,0.8
AIR104509,2021-02-07,West Bengal,West Bengal City 3,4G,Prepaid,4.8
AIR104510,2019-09-17,Tamil Nadu,Tamil Nadu City 2,4G,Postpaid,6.2
AIR104511,2022-04-18,Tamil Nadu,Tamil Nadu City 1,4G,Prepaid,2.8
AIR104512,2023-05-07,Kerala,Kerala City 2,5G,Postpaid,1.9
AIR104513,2019-03-25,Gujarat,Gujarat City 1,5G,Prepaid,6.1
AIR104514,2020-02-14,Maharashtra,Maharashtra City 3,5G,Postpaid,5.2
AIR104515,2022-03-25,Rajasthan,Rajasthan City 3,4G,Postpaid,3.2
AIR104516,2024-06-08,Uttar Pradesh,Uttar Pradesh City 2,4G,Broadband,1.1
AIR104517,2023-06-28,Gujarat,Gujarat City 3,4G,Prepaid,2.1
AIR104518,2024-11-14,Delhi,Delhi City 3,4G,Prepaid,0.8
AIR104519,2021-03-24,Telangana,Telangana City 1,4G,Prepaid,4.6
AIR104520,2021-06-14,West Bengal,West Bengal City 3,4G,Prepaid,4.4
AIR104521,2020-10-22,Rajasthan,Rajasthan City 1,5G,Postpaid,5.1
AIR104522,2021-08-02,Gujarat,Gujarat City 1,4G,Prepaid,3.5
AIR104523,2022-01-15,Gujarat,Gujarat City 2,5G,Prepaid,3.2
AIR104524,2022-03-04,West Bengal,West Bengal City 1,4G,Broadband,3.1
AIR104525,2024-11-07,Kerala,Kerala City 3,5G,Postpaid,0.5
AIR104526,2021-03-30,Maharashtra,Maharashtra City 1,5G,Prepaid,4.2
AIR104527,2024-01-15,Maharashtra,Maharashtra City 1,5G,Prepaid,1.5
AIR104528,2024-03-25,Gujarat,Gujarat City 2,5G,Prepaid,1.4
AIR104529,2021-01-12,Karnataka,Karnataka City 3,5G,Postpaid,4.7
AIR104530,2022-08-09,Gujarat,Gujarat City 3,4G,Postpaid,3.2
AIR104531,2020-03-21,Gujarat,Gujarat City 3,4G,Postpaid,5.7
AIR104532,2022-11-19,West Bengal,West Bengal City 1,4G,Prepaid,3.1
AIR104533,2021-11-06,Telangana,Telangana City 3,5G,Postpaid,3.3
AIR104534,2024-06-30,West Bengal,West Bengal City 3,5G,Prepaid,0.7
AIR104535,2023-09-28,Rajasthan,Rajasthan City 1,4G,Postpaid,1.5
AIR104536,2023-07-14,Gujarat,Gujarat City 2,4G,Broadband,1.8
AIR104537,2024-06-03,Maharashtra,Maharashtra City 2,5G,Prepaid,1
AIR104538,2023-04-17,Uttar Pradesh,Uttar Pradesh City 1,5G,Prepaid,2.2
AIR104539,2023-12-16,Maharashtra,Maharashtra City 2,4G,Broadband,1.7
AIR104540,2021-10-24,Tamil Nadu,Tamil Nadu City 2,4G,Prepaid,3.9
AIR104541,2023-02-03,Kerala,Kerala City 2,4G,Prepaid,2.7
AIR104542,2020-08-27,Delhi,Delhi City 3,4G,Postpaid,5.2
AIR104543,2020-04-22,Rajasthan,Rajasthan City 2,4G,Postpaid,5.6
AIR104544,2024-11-06,Rajasthan,Rajasthan City 3,4G,Broadband,0.3
AIR104545,2023-10-23,Kerala,Kerala City 2,5G,Prepaid,1.4
AIR104546,2020-09-01,Uttar Pradesh,Uttar Pradesh City 3,4G,Prepaid,4.6
AIR104547,2019-05-22,Delhi,Delhi City 1,4G,Prepaid,6
AIR104548,2020-07-13,Telangana,Telangana City 1,5G,Postpaid,4.9
AIR104549,2024-09-29,Gujarat,Gujarat City 2,5G,Prepaid,0.8
AIR104550,2023-03-12,Delhi,Delhi City 3,5G,Postpaid,2.4
AIR104551,2022-07-17,Uttar Pradesh,Uttar Pradesh City 1,4G,Prepaid,3.2
AIR104552,2022-07-10,Karnataka,Karnataka City 1,5G,Prepaid,3.3
AIR104553,2020-12-09,Tamil Nadu,Tamil Nadu City 1,4G,Prepaid,4.9
AIR104554,2022-04-24,Delhi,Delhi City 1,5G,Enterprise,3.6
AIR104555,2021-03-18,Delhi,Delhi City 2,4G,Broadband,3.9
AIR104556,2024-10-29,Tamil Nadu,Tamil Nadu City 3,4G,Enterprise,0.4
AIR104557,2020-02-13,Gujarat,Gujarat City 1,4G,Prepaid,5.2
AIR104558,2021-08-31,Delhi,Delhi City 2,4G,Prepaid,3.7
AIR104559,2019-03-27,Tamil Nadu,Tamil Nadu City 1,5G,Prepaid,6.2
AIR104560,2023-12-02,Tamil Nadu,Tamil Nadu City 1,4G,Postpaid,1.6
AIR104561,2024-11-21,Tamil Nadu,Tamil Nadu City 1,4G,Prepaid,0.7
AIR104562,2022-07-31,West Bengal,West Bengal City 1,4G,Prepaid,3.1
AIR104563,2020-04-04,Uttar Pradesh,Uttar Pradesh City 2,4G,Prepaid,5.5
AIR104564,2023-09-20,West Bengal,West Bengal City 3,5G,Postpaid,2.2
AIR104565,2022-02-18,Karnataka,Karnataka City 2,5G,Prepaid,3.8
AIR104566,2020-07-22,Telangana,Telangana City 2,5G,Prepaid,4.6
AIR104567,2024-02-20,West Bengal,West Bengal City 2,4G,Prepaid,1.1
AIR104568,2020-07-03,West Bengal,West Bengal City 1,4G,Prepaid,4.8
AIR104569,2023-10-03,Uttar Pradesh,Uttar Pradesh City 3,4G,Postpaid,1.6
AIR104570,2022-11-10,Telangana,Telangana City 1,4G,Postpaid,2.6
AIR104571,2022-02-28,Kerala,Kerala City 2,4G,Prepaid,3.4
AIR104572,2019-06-20,Tamil Nadu,Tamil Nadu City 1,5G,Postpaid,6.2
AIR104573,2022-09-15,Rajasthan,Rajasthan City 3,4G,Prepaid,3
AIR104574,2019-02-04,Telangana,Telangana City 3,4G,Prepaid,6.7
AIR104575,2022-05-09,Karnataka,Karnataka City 1,4G,Postpaid,3.5
AIR104576,2022-04-06,Gujarat,Gujarat City 2,4G,Enterprise,3.7
AIR104577,2023-03-13,Karnataka,Karnataka City 1,5G,Postpaid,1.9
AIR104578,2024-03-31,Tamil Nadu,Tamil Nadu City 2,4G,Prepaid,1
AIR104579,2022-06-01,Telangana,Telangana City 3,4G,Postpaid,2.9
AIR104580,2023-12-31,Karnataka,Karnataka City 1,4G,Prepaid,1.4
AIR104581,2020-06-20,Karnataka,Karnataka City 3,5G,Postpaid,5
AIR104582,2024-07-18,Kerala,Kerala City 2,5G,Prepaid,1
AIR104583,2020-06-27,Kerala,Kerala City 2,5G,Postpaid,5.1
AIR104584,2023-07-04,Telangana,Telangana City 1,4G,Prepaid,2.2
AIR104585,2022-03-19,Tamil Nadu,Tamil Nadu City 1,4G,Postpaid,3.6
AIR104586,2021-01-14,West Bengal,West Bengal City 1,4G,Postpaid,4.8
AIR104587,2024-06-22,Maharashtra,Maharashtra City 3,5G,Prepaid,1.5
AIR104588,2021-10-16,Delhi,Delhi City 2,5G,Broadband,3.3
AIR104589,2020-06-16,Rajasthan,Rajasthan City 2,5G,Postpaid,4.7
AIR104590,2024-04-22,Delhi,Delhi City 3,4G,Prepaid,1
AIR104591,2021-10-12,Uttar Pradesh,Uttar Pradesh City 1,5G,Prepaid,3.6
AIR104592,2024-08-23,Kerala,Kerala City 1,4G,Postpaid,0.8
AIR104593,2021-11-09,Telangana,Telangana City 3,5G,Prepaid,3.7
AIR104594,2021-07-16,Delhi,Delhi City 2,4G,Broadband,4.1
AIR104595,2023-02-20,Tamil Nadu,Tamil Nadu City 2,4G,Prepaid,2.6
AIR104596,2023-10-04,Rajasthan,Rajasthan City 2,4G,Prepaid,2
AIR104597,2022-09-06,Delhi,Delhi City 2,4G,Broadband,3.2
AIR104598,2023-09-18,Rajasthan,Rajasthan City 3,4G,Enterprise,2.2
AIR104599,2020-08-29,Gujarat,Gujarat City 2,5G,Prepaid,4.5
AIR104600,2019-11-22,Tamil Nadu,Tamil Nadu City 3,4G,Postpaid,5.3
AIR104601,2019-08-07,Maharashtra,Maharashtra City 1,4G,Prepaid,5.7
AIR104602,2020-06-05,Karnataka,Karnataka City 3,4G,Postpaid,4.9
AIR104603,2020-02-09,Rajasthan,Rajasthan City 2,4G,Broadband,5.3
AIR104604,2021-11-08,Tamil Nadu,Tamil Nadu City 1,5G,Prepaid,3.7
AIR104605,2020-08-02,Rajasthan,Rajasthan City 3,4G,Prepaid,5
AIR104606,2021-02-28,Rajasthan,Rajasthan City 3,4G,Prepaid,4.5
AIR104607,2024-01-29,West Bengal,West Bengal City 3,5G,Prepaid,1.7
AIR104608,2024-08-24,West Bengal,West Bengal City 1,5G,Prepaid,1.2
AIR104609,2019-11-22,Tamil Nadu,Tamil Nadu City 3,4G,Broadband,6.1
AIR104610,2021-08-28,West Bengal,West Bengal City 2,5G,Prepaid,3.5
AIR104611,2024-01-10,Uttar Pradesh,Uttar Pradesh City 1,4G,Postpaid,1.2
AIR104612,2019-06-07,Maharashtra,Maharashtra City 1,5G,Postpaid,5.9
AIR104613,2023-12-21,Telangana,Telangana City 3,4G,Postpaid,1.4
AIR104614,2023-06-10,Tamil Nadu,Tamil Nadu City 2,5G,Prepaid,2
AIR104615,2023-12-03,Tamil Nadu,Tamil Nadu City 1,4G,Prepaid,1.6
AIR104616,2021-03-16,Uttar Pradesh,Uttar Pradesh City 3,4G,Postpaid,4.4
AIR104617,2022-07-29,Kerala,Kerala City 2,4G,Prepaid,3.1
AIR104618,2025-01-03,Kerala,Kerala City 3,4G,Postpaid,0.8
AIR104619,2020-05-28,West Bengal,West Bengal City 3,5G,Prepaid,5.5
AIR104620,2020-05-18,Telangana,Telangana City 1,4G,Postpaid,5.6
AIR104621,2024-03-05,West Bengal,West Bengal City 1,4G,Postpaid,1
AIR104622,2020-02-17,Gujarat,Gujarat City 3,4G,Postpaid,5.1
AIR104623,2021-12-23,Gujarat,Gujarat City 1,4G,Prepaid,3.3
AIR104624,2021-02-04,Karnataka,Karnataka City 1,5G,Prepaid,4.3
AIR104625,2019-08-25,Gujarat,Gujarat City 2,4G,Broadband,5.8
AIR104626,2020-01-31,Kerala,Kerala City 2,4G,Prepaid,5.5
AIR104627,2024-06-27,Maharashtra,Maharashtra City 3,5G,Prepaid,1.1
AIR104628,2024-02-08,Gujarat,Gujarat City 3,5G,Postpaid,1.6
AIR104629,2023-12-05,West Bengal,West Bengal City 3,4G,Broadband,1.9
AIR104630,2022-12-17,Rajasthan,Rajasthan City 3,4G,Prepaid,2.9
AIR104631,2019-05-12,Tamil Nadu,Tamil Nadu City 2,5G,Postpaid,6.6
AIR104632,2023-02-05,Maharashtra,Maharashtra City 1,5G,Postpaid,2
AIR104633,2024-07-27,Maharashtra,Maharashtra City 2,5G,Prepaid,0.6
AIR104634,2019-04-28,West Bengal,West Bengal City 3,5G,Postpaid,6
AIR104635,2020-09-29,Tamil Nadu,Tamil Nadu City 3,5G,Broadband,4.6
AIR104636,2024-08-06,Kerala,Kerala City 2,5G,Enterprise,0.9
AIR104637,2024-05-17,Maharashtra,Maharashtra City 2,5G,Prepaid,1.2
AIR104638,2023-10-29,Karnataka,Karnataka City 3,4G,Postpaid,1.8
AIR104639,2019-12-05,West Bengal,West Bengal City 1,4G,Prepaid,5.8
AIR104640,2022-12-29,Maharashtra,Maharashtra City 3,4G,Prepaid,2.8
AIR104641,2022-04-17,Telangana,Telangana City 2,4G,Postpaid,3.6
AIR104642,2024-07-15,Tamil Nadu,Tamil Nadu City 3,5G,Prepaid,1.4
AIR104643,2024-05-02,Gujarat,Gujarat City 3,5G,Prepaid,0.8
AIR104644,2023-06-09,Maharashtra,Maharashtra City 1,5G,Prepaid,1.8
AIR104645,2020-11-06,West Bengal,West Bengal City 3,5G,Prepaid,4.4
AIR104646,2024-12-01,Gujarat,Gujarat City 3,4G,Postpaid,0.5
AIR104647,2019-11-02,Karnataka,Karnataka City 3,5G,Prepaid,5.6
AIR104648,2023-10-24,Gujarat,Gujarat City 2,4G,Postpaid,1.7
AIR104649,2020-09-14,Telangana,Telangana City 2,4G,Prepaid,4.9
AIR104650,2019-02-24,Kerala,Kerala City 1,4G,Postpaid,6.6
AIR104651,2020-06-07,Maharashtra,Maharashtra City 3,5G,Broadband,5.4
AIR104652,2019-07-09,Delhi,Delhi City 2,4G,Prepaid,6.4
AIR104653,2020-01-24,Delhi,Delhi City 1,5G,Postpaid,5.9
AIR104654,2019-12-12,Gujarat,Gujarat City 3,4G,Postpaid,5.2
AIR104655,2023-08-26,Uttar Pradesh,Uttar Pradesh City 1,4G,Postpaid,1.6
AIR104656,2019-05-21,Tamil Nadu,Tamil Nadu City 1,4G,Prepaid,5.9
AIR104657,2019-08-27,Delhi,Delhi City 1,4G,Postpaid,5.7
AIR104658,2022-12-24,Uttar Pradesh,Uttar Pradesh City 1,5G,Prepaid,2.5
AIR104659,2022-01-26,Delhi,Delhi City 1,4G,Prepaid,3.5
AIR104660,2024-03-25,Uttar Pradesh,Uttar Pradesh City 1,5G,Postpaid,1.4
AIR104661,2021-08-27,Tamil Nadu,Tamil Nadu City 1,5G,Prepaid,4.1
AIR104662,2021-10-31,Rajasthan,Rajasthan City 3,5G,Postpaid,4
AIR104663,2019-06-27,Delhi,Delhi City 3,4G,Postpaid,6.4
AIR104664,2021-09-09,Telangana,Telangana City 1,5G,Postpaid,4.3
AIR104665,2020-09-29,Maharashtra,Maharashtra City 3,4G,Prepaid,4.4
AIR104666,2022-03-02,Uttar Pradesh,Uttar Pradesh City 1,4G,Enterprise,3
AIR104667,2023-04-27,Maharashtra,Maharashtra City 3,4G,Postpaid,2
AIR104668,2022-01-29,West Bengal,West Bengal City 2,5G,Prepaid,3.3
AIR104669,2022-07-31,West Bengal,West Bengal City 1,4G,Prepaid,2.9
AIR104670,2019-05-19,Tamil Nadu,Tamil Nadu City 2,4G,Postpaid,6.2
AIR104671,2019-03-10,Uttar Pradesh,Uttar Pradesh City 1,4G,Broadband,6.4
AIR104672,2020-06-28,Karnataka,Karnataka City 1,4G,Postpaid,5.2
AIR104673,2022-06-05,West Bengal,West Bengal City 2,4G,Postpaid,3.4
AIR104674,2023-07-30,Tamil Nadu,Tamil Nadu City 2,5G,Prepaid,2.3
AIR104675,2022-10-27,West Bengal,West Bengal City 2,4G,Prepaid,3.1
AIR104676,2021-10-11,West Bengal,West Bengal City 1,5G,Prepaid,3.3
AIR104677,2020-10-07,Karnataka,Karnataka City 2,5G,Postpaid,4.4
AIR104678,2021-01-26,Delhi,Delhi City 2,5G,Prepaid,4.2
AIR104679,2024-07-24,Gujarat,Gujarat City 3,4G,Prepaid,0.8
AIR104680,2024-10-04,Rajasthan,Rajasthan City 3,4G,Prepaid,0.7
AIR104681,2023-07-27,West Bengal,West Bengal City 2,4G,Broadband,2
AIR104682,2024-04-29,West Bengal,West Bengal City 2,4G,Postpaid,1.3
AIR104683,2020-04-15,Telangana,Telangana City 2,5G,Prepaid,5.4
AIR104684,2022-05-16,Rajasthan,Rajasthan City 2,4G,Broadband,3.4
AIR104685,2019-02-04,Karnataka,Karnataka City 3,5G,Prepaid,6.8
AIR104686,2021-09-02,Maharashtra,Maharashtra City 1,5G,Prepaid,4.3
AIR104687,2019-01-21,Uttar Pradesh,Uttar Pradesh City 2,4G,Prepaid,6.1
AIR104688,2022-03-09,West Bengal,West Bengal City 2,4G,Prepaid,3
AIR104689,2020-04-01,Gujarat,Gujarat City 3,4G,Prepaid,5
AIR104690,2020-01-18,Uttar Pradesh,Uttar Pradesh City 2,4G,Postpaid,5.3
AIR104691,2021-11-28,Rajasthan,Rajasthan City 2,4G,Postpaid,3.5
AIR104692,2023-05-10,Uttar Pradesh,Uttar Pradesh City 3,5G,Postpaid,2.2
AIR104693,2024-02-09,Delhi,Delhi City 2,4G,Postpaid,1.5
AIR104694,2019-02-16,West Bengal,West Bengal City 2,4G,Postpaid,6.6
AIR104695,2021-01-15,Uttar Pradesh,Uttar Pradesh City 3,4G,Prepaid,4.7
AIR104696,2020-06-22,Maharashtra,Maharashtra City 1,4G,Postpaid,5.4
AIR104697,2022-11-08,Maharashtra,Maharashtra City 2,5G,Postpaid,3.1
AIR104698,2021-12-07,West Bengal,West Bengal City 2,5G,Broadband,3.2
AIR104699,2020-11-09,Kerala,Kerala City 1,5G,Prepaid,4.3
AIR104700,2021-09-10,Maharashtra,Maharashtra City 3,5G,Prepaid,3.6
AIR104701,2024-08-05,Uttar Pradesh,Uttar Pradesh City 1,4G,Postpaid,0.8
AIR104702,2023-12-12,Tamil Nadu,Tamil Nadu City 2,4G,Postpaid,1.5
AIR104703,2023-07-12,Maharashtra,Maharashtra City 1,4G,Prepaid,2
AIR104704,2019-02-14,Rajasthan,Rajasthan City 3,5G,Postpaid,6.5
AIR104705,2019-10-02,Kerala,Kerala City 2,5G,Prepaid,6
AIR104706,2019-08-20,Uttar Pradesh,Uttar Pradesh City 3,5G,Enterprise,6.2
AIR104707,2019-03-27,Karnataka,Karnataka City 3,4G,Prepaid,6.6
AIR104708,2023-11-14,Telangana,Telangana City 1,4G,Prepaid,2.1
AIR104709,2019-06-26,Karnataka,Karnataka City 1,5G,Prepaid,5.6
AIR104710,2023-11-05,Delhi,Delhi City 3,4G,Prepaid,1.4
AIR104711,2023-06-02,Telangana,Telangana City 3,5G,Prepaid,1.9
AIR104712,2020-08-10,Delhi,Delhi City 2,4G,Postpaid,4.8
AIR104713,2020-08-25,Telangana,Telangana City 3,4G,Broadband,4.8
AIR104714,2022-06-10,Telangana,Telangana City 3,5G,Prepaid,3.1
AIR104715,2024-12-01,Tamil Nadu,Tamil Nadu City 1,4G,Postpaid,0.7
AIR104716,2023-03-12,Gujarat,Gujarat City 3,5G,Prepaid,2.5
AIR104717,2025-01-07,Rajasthan,Rajasthan City 3,5G,Prepaid,0.8
AIR104718,2020-08-06,Karnataka,Karnataka City 1,4G,Prepaid,5.3
AIR104719,2022-04-05,Maharashtra,Maharashtra City 2,5G,Prepaid,3.7
AIR104720,2024-10-20,Uttar Pradesh,Uttar Pradesh City 1,4G,Postpaid,0.3
AIR104721,2021-05-09,Kerala,Kerala City 1,4G,Prepaid,3.8
AIR104722,2021-10-31,Rajasthan,Rajasthan City 3,5G,Broadband,3.5
AIR104723,2021-03-20,Delhi,Delhi City 3,4G,Postpaid,4.2
AIR104724,2020-09-29,Tamil Nadu,Tamil Nadu City 2,4G,Postpaid,4.7
AIR104725,2019-06-02,Delhi,Delhi City 3,5G,Broadband,6.1
AIR104726,2022-03-31,Gujarat,Gujarat City 2,4G,Broadband,3.4
AIR104727,2023-12-19,Kerala,Kerala City 2,5G,Postpaid,1.7
AIR104728,2019-05-19,Tamil Nadu,Tamil Nadu City 2,5G,Postpaid,6.4
AIR104729,2024-11-13,Delhi,Delhi City 2,4G,Prepaid,1
AIR104730,2020-12-26,Gujarat,Gujarat City 3,4G,Postpaid,5
AIR104731,2023-05-24,Uttar Pradesh,Uttar Pradesh City 1,4G,Postpaid,1.7
AIR104732,2022-10-11,Uttar Pradesh,Uttar Pradesh City 1,4G,Broadband,2.4
AIR104733,2019-01-19,Delhi,Delhi City 3,5G,Prepaid,6.2
AIR104734,2022-12-07,Rajasthan,Rajasthan City 3,5G,Prepaid,2.4
AIR104735,2024-05-15,Kerala,Kerala City 2,4G,Prepaid,1.1
AIR104736,2024-01-26,West Bengal,West Bengal City 3,4G,Broadband,1.5
AIR104737,2022-11-26,Rajasthan,Rajasthan City 1,5G,Prepaid,2.7
AIR104738,2021-05-12,Uttar Pradesh,Uttar Pradesh City 3,4G,Postpaid,4.3
AIR104739,2019-04-11,Kerala,Kerala City 3,5G,Prepaid,6.5
AIR104740,2020-08-15,Gujarat,Gujarat City 2,5G,Prepaid,5.3
AIR104741,2024-08-27,Tamil Nadu,Tamil Nadu City 2,4G,Prepaid,1.3
AIR104742,2022-03-24,Telangana,Telangana City 2,4G,Postpaid,2.9
AIR104743,2024-12-16,Delhi,Delhi City 2,5G,Prepaid,0.2
AIR104744,2024-04-17,Karnataka,Karnataka City 1,4G,Postpaid,1
AIR104745,2022-08-31,Kerala,Kerala City 3,4G,Enterprise,2.7
AIR104746,2020-01-01,Maharashtra,Maharashtra City 3,5G,Enterprise,5.5
AIR104747,2022-03-30,Gujarat,Gujarat City 2,5G,Postpaid,3.3
AIR104748,2024-05-09,West Bengal,West Bengal City 1,4G,Postpaid,1.3
AIR104749,2023-07-13,Telangana,Telangana City 1,4G,Prepaid,2.2
AIR104750,2019-11-28,Maharashtra,Maharashtra City 3,4G,Enterprise,5.9
AIR104751,2020-11-15,West Bengal,West Bengal City 2,4G,Prepaid,5
AIR104752,2023-08-16,Karnataka,Karnataka City 3,4G,Postpaid,2.3
AIR104753,2021-06-29,Uttar Pradesh,Uttar Pradesh City 3,4G,Prepaid,3.6
AIR104754,2024-08-29,Rajasthan,Rajasthan City 1,4G,Prepaid,0.5
AIR104755,2020-06-29,Delhi,Delhi City 1,4G,Prepaid,4.8
AIR104756,2024-08-08,Tamil Nadu,Tamil Nadu City 3,4G,Postpaid,0.8
AIR104757,2022-03-27,West Bengal,West Bengal City 2,4G,Postpaid,3.2
AIR104758,2020-08-27,Telangana,Telangana City 2,4G,Postpaid,4.9
AIR104759,2023-10-20,Kerala,Kerala City 3,4G,Prepaid,1.8
AIR104760,2024-11-06,Uttar Pradesh,Uttar Pradesh City 3,5G,Broadband,0.9
AIR104761,2024-07-03,Kerala,Kerala City 2,4G,Prepaid,1.3
AIR104762,2019-02-09,Telangana,Telangana City 2,5G,Prepaid,6.8
AIR104763,2024-06-22,Kerala,Kerala City 2,5G,Postpaid,1.5
AIR104764,2021-07-22,West Bengal,West Bengal City 3,4G,Broadband,3.6
AIR104765,2019-07-22,Gujarat,Gujarat City 1,5G,Prepaid,5.6
AIR104766,2023-05-02,Kerala,Kerala City 2,4G,Postpaid,2
AIR104767,2019-08-31,Rajasthan,Rajasthan City 2,4G,Postpaid,5.7
AIR104768,2023-03-10,Karnataka,Karnataka City 2,4G,Broadband,2.3
AIR104769,2024-11-05,Tamil Nadu,Tamil Nadu City 3,4G,Prepaid,0.7
AIR104770,2024-04-14,West Bengal,West Bengal City 1,4G,Prepaid,1.3
AIR104771,2020-10-21,Maharashtra,Maharashtra City 1,4G,Prepaid,4.9
AIR104772,2020-12-13,Telangana,Telangana City 2,4G,Prepaid,4.8
AIR104773,2022-03-20,Uttar Pradesh,Uttar Pradesh City 3,5G,Prepaid,3.7
AIR104774,2022-01-28,West Bengal,West Bengal City 1,4G,Enterprise,3.9
AIR104775,2019-09-04,Gujarat,Gujarat City 3,4G,Prepaid,5.5
AIR104776,2020-12-31,Uttar Pradesh,Uttar Pradesh City 1,4G,Broadband,4.2
AIR104777,2023-04-10,Rajasthan,Rajasthan City 2,4G,Prepaid,2
AIR104778,2021-09-11,Telangana,Telangana City 3,5G,Broadband,3.7
AIR104779,2020-05-10,Uttar Pradesh,Uttar Pradesh City 2,4G,Postpaid,5.1
AIR104780,2022-08-05,Kerala,Kerala City 1,4G,Prepaid,2.9
AIR104781,2024-10-27,West Bengal,West Bengal City 1,5G,Postpaid,0.8
AIR104782,2022-11-09,Karnataka,Karnataka City 2,5G,Prepaid,2.9
AIR104783,2021-12-18,Telangana,Telangana City 1,4G,Prepaid,3.8
AIR104784,2021-06-17,Delhi,Delhi City 2,4G,Prepaid,4.4
AIR104785,2020-06-27,Rajasthan,Rajasthan City 2,4G,Prepaid,5.5
AIR104786,2024-03-17,Tamil Nadu,Tamil Nadu City 2,4G,Postpaid,0.9
AIR104787,2019-08-07,Telangana,Telangana City 1,4G,Postpaid,5.6
AIR104788,2021-09-21,Gujarat,Gujarat City 3,4G,Prepaid,3.6
AIR104789,2024-06-02,West Bengal,West Bengal City 2,5G,Broadband,1
AIR104790,2024-11-20,Kerala,Kerala City 3,4G,Broadband,0.6
AIR104791,2024-06-30,Tamil Nadu,Tamil Nadu City 1,4G,Prepaid,1
AIR104792,2021-06-02,Tamil Nadu,Tamil Nadu City 1,4G,Prepaid,4.2
AIR104793,2022-02-16,Rajasthan,Rajasthan City 3,4G,Prepaid,3.6
AIR104794,2019-01-07,Uttar Pradesh,Uttar Pradesh City 2,4G,Postpaid,6.8
AIR104795,2023-03-26,Gujarat,Gujarat City 1,4G,Prepaid,2.6
AIR104796,2021-04-07,Uttar Pradesh,Uttar Pradesh City 2,4G,Prepaid,4.7
AIR104797,2022-07-28,Kerala,Kerala City 2,4G,Postpaid,2.6
AIR104798,2024-09-20,Tamil Nadu,Tamil Nadu City 3,4G,Postpaid,0.5
AIR104799,2019-04-06,Gujarat,Gujarat City 1,4G,Prepaid,6
AIR104800,2023-03-08,Gujarat,Gujarat City 3,4G,Broadband,2.2
AIR104801,2019-04-24,Maharashtra,Maharashtra City 1,4G,Postpaid,6.1
AIR104802,2019-11-26,West Bengal,West Bengal City 3,4G,Prepaid,5.6
AIR104803,2022-05-25,Tamil Nadu,Tamil Nadu City 1,4G,Postpaid,3.2
AIR104804,2024-05-22,Tamil Nadu,Tamil Nadu City 1,5G,Prepaid,1.3
AIR104805,2020-12-17,Gujarat,Gujarat City 1,5G,Postpaid,4.8
AIR104806,2019-09-21,Uttar Pradesh,Uttar Pradesh City 2,4G,Prepaid,6.2
AIR104807,2019-11-14,Tamil Nadu,Tamil Nadu City 2,5G,Prepaid,6.1
AIR104808,2023-10-04,Gujarat,Gujarat City 3,4G,Prepaid,1.4
AIR104809,2020-10-02,Tamil Nadu,Tamil Nadu City 3,5G,Prepaid,4.4
AIR104810,2021-05-08,Gujarat,Gujarat City 1,4G,Postpaid,3.9
AIR104811,2019-05-28,Maharashtra,Maharashtra City 1,4G,Postpaid,6
AIR104812,2024-01-21,West Bengal,West Bengal City 2,4G,Prepaid,1.4
AIR104813,2023-01-10,Gujarat,Gujarat City 2,4G,Prepaid,2.5
AIR104814,2021-09-01,Tamil Nadu,Tamil Nadu City 2,5G,Postpaid,4
AIR104815,2022-07-09,Kerala,Kerala City 3,4G,Prepaid,3.2
AIR104816,2019-02-21,West Bengal,West Bengal City 2,4G,Prepaid,6.6
AIR104817,2019-09-15,Maharashtra,Maharashtra City 3,4G,Postpaid,6.2
AIR104818,2021-10-16,Gujarat,Gujarat City 2,4G,Broadband,4.2
AIR104819,2019-09-05,Kerala,Kerala City 2,4G,Broadband,5.4
AIR104820,2024-03-27,Gujarat,Gujarat City 1,4G,Postpaid,1
AIR104821,2019-10-15,Uttar Pradesh,Uttar Pradesh City 3,4G,Prepaid,5.5
AIR104822,2022-07-01,Tamil Nadu,Tamil Nadu City 2,5G,Postpaid,2.9
AIR104823,2021-08-04,Telangana,Telangana City 1,4G,Prepaid,3.9
AIR104824,2023-09-29,Rajasthan,Rajasthan City 3,4G,Prepaid,1.8
AIR104825,2022-01-20,Karnataka,Karnataka City 3,4G,Postpaid,3.6
AIR104826,2020-06-27,Uttar Pradesh,Uttar Pradesh City 2,5G,Postpaid,5.2
AIR104827,2020-10-04,Kerala,Kerala City 3,4G,Prepaid,5
AIR104828,2019-01-13,Uttar Pradesh,Uttar Pradesh City 1,4G,Prepaid,6.8
AIR104829,2021-04-17,Delhi,Delhi City 1,5G,Postpaid,4.7
AIR104830,2023-03-30,Gujarat,Gujarat City 3,4G,Broadband,1.9
AIR104831,2021-04-18,Gujarat,Gujarat City 1,4G,Postpaid,3.9
AIR104832,2023-07-22,Karnataka,Karnataka City 3,4G,Prepaid,1.7
AIR104833,2023-04-17,Karnataka,Karnataka City 1,5G,Broadband,2.1
AIR104834,2019-10-15,Delhi,Delhi City 3,5G,Postpaid,5.7
AIR104835,2020-03-11,Tamil Nadu,Tamil Nadu City 3,5G,Postpaid,5.3
AIR104836,2021-09-16,Rajasthan,Rajasthan City 3,4G,Prepaid,3.9
AIR104837,2024-10-29,Telangana,Telangana City 1,4G,Prepaid,0.9
AIR104838,2019-09-12,Telangana,Telangana City 3,4G,Prepaid,6.1
AIR104839,2024-02-20,Maharashtra,Maharashtra City 3,5G,Prepaid,1.7
AIR104840,2024-07-02,Maharashtra,Maharashtra City 2,5G,Prepaid,1.5
AIR104841,2024-01-09,Tamil Nadu,Tamil Nadu City 2,4G,Postpaid,1.1
AIR104842,2019-06-15,Maharashtra,Maharashtra City 3,4G,Prepaid,5.7
AIR104843,2020-04-09,Maharashtra,Maharashtra City 2,4G,Broadband,5
AIR104844,2019-09-13,Delhi,Delhi City 3,4G,Prepaid,5.7
AIR104845,2020-02-27,Delhi,Delhi City 2,4G,Postpaid,5.3
AIR104846,2019-07-17,Maharashtra,Maharashtra City 1,4G,Postpaid,6
AIR104847,2022-05-21,Uttar Pradesh,Uttar Pradesh City 1,4G,Postpaid,3.2
AIR104848,2020-07-10,West Bengal,West Bengal City 3,4G,Prepaid,5.2
AIR104849,2024-01-12,West Bengal,West Bengal City 3,5G,Postpaid,1.8
AIR104850,2024-03-10,Tamil Nadu,Tamil Nadu City 1,5G,Broadband,1.7
AIR104851,2022-07-12,Telangana,Telangana City 1,5G,Enterprise,3.4
AIR104852,2024-05-30,Karnataka,Karnataka City 2,5G,Postpaid,0.7
AIR104853,2022-09-10,Tamil Nadu,Tamil Nadu City 3,4G,Postpaid,2.5
AIR104854,2020-07-08,Maharashtra,Maharashtra City 1,4G,Prepaid,4.8
AIR104855,2019-01-07,Delhi,Delhi City 1,5G,Broadband,6.4
AIR104856,2023-11-01,Gujarat,Gujarat City 3,4G,Enterprise,1.6
AIR104857,2024-09-22,Uttar Pradesh,Uttar Pradesh City 2,5G,Postpaid,0.8
AIR104858,2021-01-04,Kerala,Kerala City 2,5G,Postpaid,4.6
AIR104859,2023-05-23,Delhi,Delhi City 2,5G,Postpaid,2.3
AIR104860,2023-07-16,West Bengal,West Bengal City 2,4G,Prepaid,2.3
AIR104861,2021-03-22,Delhi,Delhi City 1,4G,Broadband,4.7
AIR104862,2024-06-21,Uttar Pradesh,Uttar Pradesh City 3,4G,Postpaid,1.5
AIR104863,2022-05-13,Karnataka,Karnataka City 3,5G,Postpaid,2.8
AIR104864,2024-05-16,Maharashtra,Maharashtra City 1,5G,Postpaid,0.8
AIR104865,2020-05-05,Gujarat,Gujarat City 1,4G,Broadband,4.9
AIR104866,2019-11-14,West Bengal,West Bengal City 1,4G,Postpaid,5.5
AIR104867,2022-04-09,West Bengal,West Bengal City 3,5G,Prepaid,3.2
AIR104868,2019-08-06,Rajasthan,Rajasthan City 3,5G,Postpaid,5.9
AIR104869,2024-01-15,Telangana,Telangana City 3,4G,Enterprise,1.6
AIR104870,2022-05-01,Karnataka,Karnataka City 2,4G,Postpaid,3.4
AIR104871,2019-11-29,West Bengal,West Bengal City 1,5G,Broadband,5.9
AIR104872,2022-03-22,Telangana,Telangana City 1,4G,Broadband,3.7
AIR104873,2024-06-26,West Bengal,West Bengal City 1,5G,Postpaid,1.5
AIR104874,2021-12-02,Maharashtra,Maharashtra City 3,4G,Prepaid,3.2
AIR104875,2023-07-07,Telangana,Telangana City 1,4G,Prepaid,1.7
AIR104876,2023-08-01,Uttar Pradesh,Uttar Pradesh City 1,5G,Postpaid,1.7
AIR104877,2019-12-15,Rajasthan,Rajasthan City 2,4G,Prepaid,5.4
AIR104878,2024-10-23,Maharashtra,Maharashtra City 3,4G,Postpaid,0.6
AIR104879,2019-02-07,Uttar Pradesh,Uttar Pradesh City 1,4G,Postpaid,6.4
AIR104880,2019-07-31,Gujarat,Gujarat City 3,5G,Prepaid,6
AIR104881,2023-08-01,Karnataka,Karnataka City 3,4G,Postpaid,2.1
AIR104882,2021-09-17,Karnataka,Karnataka City 3,4G,Postpaid,4.1
AIR104883,2021-02-23,Kerala,Kerala City 2,5G,Prepaid,4.7
AIR104884,2019-01-05,Kerala,Kerala City 3,4G,Prepaid,6.9
AIR104885,2023-07-01,Telangana,Telangana City 3,4G,Broadband,1.6
AIR104886,2022-06-20,Karnataka,Karnataka City 3,4G,Prepaid,2.7
AIR104887,2019-05-28,Telangana,Telangana City 1,5G,Prepaid,5.9
AIR104888,2023-09-06,Kerala,Kerala City 2,4G,Prepaid,1.7
AIR104889,2022-09-08,Gujarat,Gujarat City 1,4G,Prepaid,2.8
AIR104890,2023-08-02,West Bengal,West Bengal City 2,4G,Postpaid,2
AIR104891,2024-05-22,Uttar Pradesh,Uttar Pradesh City 2,5G,Prepaid,1.2
AIR104892,2020-03-03,Delhi,Delhi City 3,5G,Broadband,5.5
AIR104893,2020-01-04,Telangana,Telangana City 3,4G,Prepaid,5.8
AIR104894,2020-10-09,Gujarat,Gujarat City 1,4G,Postpaid,5.1
AIR104895,2023-01-10,Uttar Pradesh,Uttar Pradesh City 2,5G,Prepaid,2.9
AIR104896,2020-06-22,Karnataka,Karnataka City 3,4G,Enterprise,4.7
AIR104897,2022-07-26,West Bengal,West Bengal City 3,5G,Postpaid,2.6
AIR104898,2022-02-17,Uttar Pradesh,Uttar Pradesh City 3,4G,Broadband,3.2
AIR104899,2024-03-09,Rajasthan,Rajasthan City 3,5G,Postpaid,1.2
AIR104900,2021-12-24,Kerala,Kerala City 1,4G,Postpaid,3.5
AIR104901,2023-05-29,Uttar Pradesh,Uttar Pradesh City 1,5G,Broadband,2.1
AIR104902,2022-08-19,Delhi,Delhi City 3,4G,Prepaid,3
AIR104903,2019-06-23,Gujarat,Gujarat City 3,4G,Postpaid,6.2
AIR104904,2024-04-07,West Bengal,West Bengal City 3,4G,Prepaid,1.5
AIR104905,2022-07-07,Maharashtra,Maharashtra City 3,4G,Postpaid,3.4
AIR104906,2024-10-21,Uttar Pradesh,Uttar Pradesh City 3,4G,Enterprise,1.1
AIR104907,2022-01-07,Tamil Nadu,Tamil Nadu City 2,4G,Broadband,3.1
AIR104908,2021-12-03,Delhi,Delhi City 2,5G,Prepaid,3.3
AIR104909,2021-01-14,Delhi,Delhi City 2,4G,Prepaid,4.2
AIR104910,2024-10-27,Tamil Nadu,Tamil Nadu City 2,5G,Prepaid,0.5
AIR104911,2024-12-26,Rajasthan,Rajasthan City 3,4G,Prepaid,0.5
AIR104912,2024-04-09,Maharashtra,Maharashtra City 2,4G,Prepaid,1.3
AIR104913,2021-06-01,Kerala,Kerala City 2,4G,Prepaid,4.2
AIR104914,2024-03-16,Gujarat,Gujarat City 1,5G,Enterprise,1.5
AIR104915,2024-02-03,West Bengal,West Bengal City 2,5G,Postpaid,1.7
AIR104916,2020-11-26,Gujarat,Gujarat City 2,4G,Postpaid,5
AIR104917,2019-03-18,Maharashtra,Maharashtra City 3,5G,Postpaid,6.7
AIR104918,2024-05-01,Gujarat,Gujarat City 2,4G,Postpaid,0.8
AIR104919,2024-02-22,Tamil Nadu,Tamil Nadu City 2,4G,Enterprise,1.1
AIR104920,2022-05-28,Delhi,Delhi City 3,4G,Postpaid,2.9
AIR104921,2023-05-28,Gujarat,Gujarat City 2,4G,Prepaid,2
AIR104922,2021-10-09,Telangana,Telangana City 3,4G,Postpaid,3.7
AIR104923,2019-07-09,Uttar Pradesh,Uttar Pradesh City 2,5G,Enterprise,6
AIR104924,2021-05-24,Maharashtra,Maharashtra City 1,4G,Prepaid,4.2
AIR104925,2019-09-19,Rajasthan,Rajasthan City 1,5G,Postpaid,6
AIR104926,2024-12-31,Telangana,Telangana City 2,4G,Prepaid,0.8
AIR104927,2023-09-22,Tamil Nadu,Tamil Nadu City 1,4G,Prepaid,2.1
AIR104928,2019-10-27,Karnataka,Karnataka City 3,5G,Broadband,6.1
AIR104929,2022-12-17,Tamil Nadu,Tamil Nadu City 2,5G,Prepaid,2.2
AIR104930,2020-03-01,Rajasthan,Rajasthan City 3,5G,Prepaid,5
AIR104931,2019-02-11,Rajasthan,Rajasthan City 1,4G,Prepaid,6.2
AIR104932,2020-09-29,Telangana,Telangana City 3,5G,Enterprise,4.6
AIR104933,2024-01-23,Uttar Pradesh,Uttar Pradesh City 1,5G,Prepaid,1.4
AIR104934,2024-10-25,Maharashtra,Maharashtra City 1,4G,Broadband,0.7
AIR104935,2019-04-06,Kerala,Kerala City 1,4G,Prepaid,6.4
AIR104936,2021-01-06,Delhi,Delhi City 3,4G,Broadband,4.7
AIR104937,2023-07-05,Telangana,Telangana City 1,4G,Enterprise,2.3
AIR104938,2019-07-24,Rajasthan,Rajasthan City 2,4G,Prepaid,6.3
AIR104939,2022-08-04,Karnataka,Karnataka City 1,5G,Prepaid,3.4
AIR104940,2020-10-16,West Bengal,West Bengal City 2,4G,Prepaid,4.3
AIR104941,2022-10-24,Rajasthan,Rajasthan City 2,5G,Postpaid,2.4
AIR104942,2022-06-29,Uttar Pradesh,Uttar Pradesh City 2,5G,Prepaid,2.8
AIR104943,2022-09-18,Uttar Pradesh,Uttar Pradesh City 2,4G,Prepaid,2.7
AIR104944,2021-01-13,Rajasthan,Rajasthan City 3,4G,Prepaid,4.4
AIR104945,2019-10-12,Uttar Pradesh,Uttar Pradesh City 2,4G,Prepaid,5.8
AIR104946,2022-09-02,Telangana,Telangana City 1,5G,Prepaid,3
AIR104947,2020-05-26,Rajasthan,Rajasthan City 2,5G,Broadband,5.3
AIR104948,2019-01-29,Rajasthan,Rajasthan City 1,4G,Broadband,6.7
AIR104949,2020-06-25,Maharashtra,Maharashtra City 3,5G,Prepaid,5.4
AIR104950,2020-09-18,Delhi,Delhi City 2,4G,Postpaid,5.2
AIR104951,2024-07-04,Karnataka,Karnataka City 1,5G,Postpaid,0.6
AIR104952,2019-08-03,Uttar Pradesh,Uttar Pradesh City 3,4G,Postpaid,5.6
AIR104953,2022-04-02,Maharashtra,Maharashtra City 3,4G,Postpaid,3
AIR104954,2021-10-20,Kerala,Kerala City 1,4G,Postpaid,3.6
AIR104955,2023-10-14,Kerala,Kerala City 2,4G,Postpaid,1.7
AIR104956,2024-01-12,Gujarat,Gujarat City 3,4G,Postpaid,1.5
AIR104957,2021-10-20,Telangana,Telangana City 1,5G,Prepaid,3.8
AIR104958,2023-06-29,Telangana,Telangana City 2,4G,Prepaid,2.2
AIR104959,2020-07-19,Tamil Nadu,Tamil Nadu City 3,4G,Prepaid,5.2
AIR104960,2021-03-11,Karnataka,Karnataka City 1,4G,Postpaid,4.7
AIR104961,2022-07-02,Rajasthan,Rajasthan City 3,5G,Prepaid,3.5
AIR104962,2022-07-25,Uttar Pradesh,Uttar Pradesh City 3,5G,Postpaid,2.6
AIR104963,2020-10-07,Karnataka,Karnataka City 1,5G,Prepaid,4.4
AIR104964,2021-09-15,Gujarat,Gujarat City 3,4G,Broadband,3.6
AIR104965,2021-09-18,Tamil Nadu,Tamil Nadu City 1,4G,Prepaid,3.7
AIR104966,2020-09-20,Maharashtra,Maharashtra City 2,5G,Postpaid,4.7
AIR104967,2023-11-10,Karnataka,Karnataka City 1,4G,Postpaid,1.7
AIR104968,2023-02-26,Maharashtra,Maharashtra City 2,4G,Prepaid,2.5
AIR104969,2021-03-29,Kerala,Kerala City 3,4G,Prepaid,4.5
AIR104970,2022-09-08,Uttar Pradesh,Uttar Pradesh City 1,4G,Broadband,3.1
AIR104971,2024-11-09,Gujarat,Gujarat City 1,5G,Prepaid,1
AIR104972,2020-01-12,Rajasthan,Rajasthan City 1,4G,Broadband,5.9
AIR104973,2022-01-09,Uttar Pradesh,Uttar Pradesh City 1,4G,Broadband,3.1
AIR104974,2023-07-24,Delhi,Delhi City 2,4G,Postpaid,1.6
AIR104975,2024-11-17,Telangana,Telangana City 2,5G,Postpaid,0.4
AIR104976,2023-06-02,Gujarat,Gujarat City 3,4G,Postpaid,2
AIR104977,2023-04-28,Karnataka,Karnataka City 3,4G,Postpaid,2.1
AIR104978,2022-02-20,Uttar Pradesh,Uttar Pradesh City 3,4G,Enterprise,3.4
AIR104979,2019-01-23,West Bengal,West Bengal City 3,4G,Prepaid,6.6
AIR104980,2021-02-08,Telangana,Telangana City 1,4G,Prepaid,4.6
AIR104981,2021-07-07,Telangana,Telangana City 2,4G,Prepaid,4.3
AIR104982,2024-06-02,West Bengal,West Bengal City 2,4G,Postpaid,1.5
AIR104983,2020-01-12,Tamil Nadu,Tamil Nadu City 2,4G,Prepaid,5.9
AIR104984,2022-06-04,Tamil Nadu,Tamil Nadu City 2,5G,Broadband,2.7
AIR104985,2022-04-11,West Bengal,West Bengal City 3,4G,Prepaid,2.9
AIR104986,2023-07-29,Delhi,Delhi City 1,4G,Broadband,1.7
AIR104987,2021-05-19,Kerala,Kerala City 2,5G,Prepaid,4
AIR104988,2022-09-18,West Bengal,West Bengal City 1,5G,Prepaid,2.7
AIR104989,2023-11-02,Kerala,Kerala City 1,4G,Prepaid,1.7
AIR104990,2022-11-10,Uttar Pradesh,Uttar Pradesh City 1,5G,Prepaid,2.8
AIR104991,2022-09-27,Delhi,Delhi City 1,4G,Postpaid,3
AIR104992,2022-08-23,Gujarat,Gujarat City 2,4G,Broadband,3.1
AIR104993,2020-06-27,Kerala,Kerala City 2,4G,Prepaid,5.4
AIR104994,2024-03-03,Telangana,Telangana City 2,4G,Postpaid,1.8
AIR104995,2024-10-23,Uttar Pradesh,Uttar Pradesh City 3,5G,Prepaid,0.3
AIR104996,2024-05-05,Telangana,Telangana City 2,4G,Prepaid,0.9
AIR104997,2021-02-14,Delhi,Delhi City 3,4G,Postpaid,4.2
AIR104998,2023-06-09,Kerala,Kerala City 3,5G,Prepaid,1.9
AIR104999,2019-08-05,Maharashtra,Maharashtra City 3,4G,Broadband,5.9
AIR105000,2020-06-15,Delhi,Delhi City 2,5G,Postpaid,5.1
AIR105001,2020-03-24,Delhi,Delhi City 2,5G,Prepaid,5.4
AIR105002,2021-06-07,Maharashtra,Maharashtra City 2,4G,Postpaid,4.3
AIR105003,2024-03-28,Uttar Pradesh,Uttar Pradesh City 3,5G,Prepaid,1.5
AIR105004,2020-01-28,Kerala,Kerala City 3,4G,Postpaid,5.8
AIR105005,2023-06-10,Kerala,Kerala City 1,4G,Broadband,2.5
AIR105006,2022-03-16,Telangana,Telangana City 3,4G,Broadband,2.9
AIR105007,2022-09-10,Delhi,Delhi City 3,4G,Prepaid,2.5
AIR105008,2019-11-14,Delhi,Delhi City 2,4G,Prepaid,5.4
AIR105009,2020-01-14,Rajasthan,Rajasthan City 1,4G,Postpaid,5.3
AIR105010,2020-12-05,Gujarat,Gujarat City 1,4G,Enterprise,4.5
AIR105011,2023-02-06,Delhi,Delhi City 1,4G,Broadband,2.4
AIR105012,2021-11-07,Karnataka,Karnataka City 2,5G,Prepaid,3.8
AIR105013,2019-05-29,Gujarat,Gujarat City 1,5G,Postpaid,6.3
AIR105014,2020-07-11,Karnataka,Karnataka City 1,4G,Broadband,5.3
AIR105015,2020-11-25,Kerala,Kerala City 2,4G,Prepaid,5
AIR105016,2020-06-30,Gujarat,Gujarat City 1,4G,Broadband,5.5
AIR105017,2024-10-28,Delhi,Delhi City 3,4G,Prepaid,0.3
AIR105018,2020-06-01,Maharashtra,Maharashtra City 3,4G,Prepaid,4.8
AIR105019,2023-07-21,Telangana,Telangana City 3,5G,Prepaid,1.7
AIR105020,2021-12-27,Karnataka,Karnataka City 3,4G,Postpaid,3.4
AIR105021,2019-09-01,Gujarat,Gujarat City 3,4G,Broadband,5.8
AIR105022,2019-01-09,Delhi,Delhi City 3,5G,Postpaid,6.5
AIR105023,2022-08-16,Gujarat,Gujarat City 3,5G,Prepaid,3
AIR105024,2022-09-05,Delhi,Delhi City 3,4G,Prepaid,3
AIR105025,2023-07-10,Delhi,Delhi City 3,4G,Postpaid,2.3
AIR105026,2020-01-28,Delhi,Delhi City 2,5G,Postpaid,5.8
AIR105027,2022-06-05,Rajasthan,Rajasthan City 2,4G,Postpaid,3.5
AIR105028,2020-07-22,Telangana,Telangana City 3,4G,Prepaid,4.6
AIR105029,2019-09-01,Maharashtra,Maharashtra City 2,4G,Postpaid,5.5
AIR105030,2022-03-12,Maharashtra,Maharashtra City 2,4G,Broadband,3.1
AIR105031,2019-07-12,Gujarat,Gujarat City 3,5G,Postpaid,5.8
AIR105032,2019-11-23,Gujarat,Gujarat City 3,4G,Postpaid,5.6
AIR105033,2019-01-25,Delhi,Delhi City 2,4G,Broadband,6.5
AIR105034,2019-04-12,Rajasthan,Rajasthan City 3,4G,Postpaid,6.3
AIR105035,2020-10-24,Delhi,Delhi City 3,4G,Postpaid,4.9
AIR105036,2019-08-05,Rajasthan,Rajasthan City 3,4G,Postpaid,6.2
AIR105037,2021-01-11,Delhi,Delhi City 3,5G,Prepaid,4.8
AIR105038,2019-09-24,Karnataka,Karnataka City 2,4G,Postpaid,6.2
AIR105039,2019-06-11,Karnataka,Karnataka City 1,4G,Broadband,5.7
AIR105040,2020-11-08,Kerala,Kerala City 2,5G,Prepaid,4.3
AIR105041,2021-06-04,Delhi,Delhi City 1,4G,Broadband,3.9
AIR105042,2021-10-29,Telangana,Telangana City 1,4G,Postpaid,3.5
AIR105043,2021-06-27,Kerala,Kerala City 1,5G,Prepaid,4
AIR105044,2023-01-11,Gujarat,Gujarat City 2,4G,Postpaid,2.5
AIR105045,2021-10-14,Uttar Pradesh,Uttar Pradesh City 2,4G,Prepaid,3.8
AIR105046,2023-05-14,Delhi,Delhi City 2,4G,Broadband,2.3
AIR105047,2022-09-06,Karnataka,Karnataka City 2,5G,Postpaid,3.1
AIR105048,2022-02-22,Uttar Pradesh,Uttar Pradesh City 2,4G,Broadband,3.7
AIR105049,2019-02-10,Rajasthan,Rajasthan City 1,4G,Postpaid,6.8
AIR105050,2021-12-22,Uttar Pradesh,Uttar Pradesh City 2,4G,Postpaid,3.2
AIR105051,2021-10-12,Telangana,Telangana City 1,4G,Enterprise,3.4
AIR105052,2019-03-26,Delhi,Delhi City 2,4G,Prepaid,6.1
AIR105053,2019-07-26,Maharashtra,Maharashtra City 2,4G,Postpaid,5.8
AIR105054,2019-06-10,Uttar Pradesh,Uttar Pradesh City 3,4G,Prepaid,6
AIR105055,2020-03-25,Maharashtra,Maharashtra City 1,4G,Broadband,5.3
AIR105056,2024-12-03,Rajasthan,Rajasthan City 2,4G,Postpaid,0.7
AIR105057,2019-12-28,Kerala,Kerala City 2,4G,Broadband,5.7
AIR105058,2022-06-28,Maharashtra,Maharashtra City 2,4G,Broadband,3.3
AIR105059,2021-10-27,Kerala,Kerala City 3,4G,Prepaid,4.1
AIR105060,2024-02-04,Karnataka,Karnataka City 1,5G,Prepaid,1.9
AIR105061,2022-11-11,Delhi,Delhi City 2,5G,Postpaid,2.3
AIR105062,2021-07-19,Uttar Pradesh,Uttar Pradesh City 2,4G,Postpaid,3.7
AIR105063,2022-10-25,Karnataka,Karnataka City 2,4G,Prepaid,2.5
AIR105064,2023-04-21,Karnataka,Karnataka City 3,4G,Prepaid,2.1
AIR105065,2021-02-01,West Bengal,West Bengal City 2,4G,Postpaid,4.4
AIR105066,2024-10-27,Tamil Nadu,Tamil Nadu City 1,4G,Prepaid,0.7
AIR105067,2023-12-27,Telangana,Telangana City 1,4G,Broadband,1.6
AIR105068,2023-12-12,Kerala,Kerala City 1,5G,Broadband,1.8
AIR105069,2022-05-29,West Bengal,West Bengal City 1,4G,Postpaid,3.4
AIR105070,2023-09-28,Tamil Nadu,Tamil Nadu City 2,4G,Prepaid,2.1
AIR105071,2023-06-11,Telangana,Telangana City 3,5G,Prepaid,2.5
AIR105072,2023-05-13,Kerala,Kerala City 3,4G,Postpaid,1.8
AIR105073,2024-07-11,Delhi,Delhi City 3,4G,Enterprise,0.7
AIR105074,2022-12-06,Telangana,Telangana City 2,4G,Prepaid,2.4
AIR105075,2022-01-25,Uttar Pradesh,Uttar Pradesh City 3,4G,Prepaid,3.3
AIR105076,2023-08-09,Karnataka,Karnataka City 1,4G,Prepaid,1.9
AIR105077,2024-04-08,Tamil Nadu,Tamil Nadu City 2,4G,Postpaid,1.3
AIR105078,2020-04-12,Tamil Nadu,Tamil Nadu City 3,4G,Postpaid,5.3
AIR105079,2024-08-27,Tamil Nadu,Tamil Nadu City 1,4G,Prepaid,1.1
AIR105080,2022-04-22,Kerala,Kerala City 1,5G,Postpaid,3.5
AIR105081,2022-03-12,Uttar Pradesh,Uttar Pradesh City 2,5G,Postpaid,3.7
AIR105082,2023-01-26,Telangana,Telangana City 2,4G,Postpaid,2.9
AIR105083,2022-09-19,Karnataka,Karnataka City 3,4G,Postpaid,2.4
AIR105084,2019-03-03,Uttar Pradesh,Uttar Pradesh City 3,4G,Broadband,6
AIR105085,2019-06-12,West Bengal,West Bengal City 3,4G,Postpaid,5.8
AIR105086,2020-07-05,Delhi,Delhi City 2,4G,Postpaid,4.9
AIR105087,2021-12-19,Maharashtra,Maharashtra City 3,5G,Broadband,3.5
AIR105088,2022-06-05,Uttar Pradesh,Uttar Pradesh City 3,5G,Broadband,3.1
AIR105089,2019-08-27,West Bengal,West Bengal City 1,5G,Prepaid,6
AIR105090,2024-11-01,Karnataka,Karnataka City 1,5G,Prepaid,0.9
AIR105091,2024-08-02,Maharashtra,Maharashtra City 1,5G,Broadband,1.2
AIR105092,2020-03-13,Maharashtra,Maharashtra City 3,4G,Prepaid,5.7
AIR105093,2020-06-12,Uttar Pradesh,Uttar Pradesh City 2,5G,Broadband,5.5
AIR105094,2019-04-15,Tamil Nadu,Tamil Nadu City 1,4G,Prepaid,5.8
AIR105095,2020-01-17,Gujarat,Gujarat City 2,4G,Broadband,5.2
AIR105096,2022-05-23,Karnataka,Karnataka City 3,4G,Postpaid,2.9
AIR105097,2019-05-31,Tamil Nadu,Tamil Nadu City 3,5G,Postpaid,6
AIR105098,2022-10-29,Karnataka,Karnataka City 1,4G,Prepaid,2.6
AIR105099,2023-11-29,Gujarat,Gujarat City 2,4G,Enterprise,1.6
AIR105100,2020-09-22,Delhi,Delhi City 1,4G,Prepaid,4.9
AIR105101,2020-02-26,Gujarat,Gujarat City 3,4G,Prepaid,5.6
AIR105102,2020-10-07,Rajasthan,Rajasthan City 2,4G,Prepaid,5
AIR105103,2024-05-21,Uttar Pradesh,Uttar Pradesh City 1,5G,Broadband,1.5
AIR105104,2019-07-26,Uttar Pradesh,Uttar Pradesh City 3,5G,Postpaid,6.4
AIR105105,2021-04-13,West Bengal,West Bengal City 1,5G,Postpaid,3.8
AIR105106,2023-02-09,Tamil Nadu,Tamil Nadu City 2,4G,Postpaid,2.1
AIR105107,2019-08-14,West Bengal,West Bengal City 2,4G,Broadband,5.7
AIR105108,2021-03-14,Rajasthan,Rajasthan City 2,4G,Postpaid,4.2
AIR105109,2024-01-01,Gujarat,Gujarat City 2,4G,Postpaid,1.5
AIR105110,2024-02-01,Uttar Pradesh,Uttar Pradesh City 2,4G,Postpaid,1.5
AIR105111,2024-11-23,Kerala,Kerala City 1,5G,Postpaid,0.7
AIR105112,2020-05-30,Gujarat,Gujarat City 1,4G,Prepaid,5.3
AIR105113,2024-01-21,Gujarat,Gujarat City 1,5G,Prepaid,1.7
AIR105114,2019-07-06,Rajasthan,Rajasthan City 1,5G,Prepaid,6.4
AIR105115,2024-06-21,Delhi,Delhi City 3,4G,Prepaid,1.5
AIR105116,2020-10-09,Karnataka,Karnataka City 3,5G,Postpaid,4.4
AIR105117,2024-08-27,Rajasthan,Rajasthan City 1,5G,Postpaid,0.5
AIR105118,2019-10-12,Karnataka,Karnataka City 3,4G,Enterprise,5.5
AIR105119,2021-10-10,Uttar Pradesh,Uttar Pradesh City 3,4G,Prepaid,3.6
AIR105120,2020-10-11,Rajasthan,Rajasthan City 2,4G,Postpaid,4.7
AIR105121,2023-11-03,Karnataka,Karnataka City 1,4G,Postpaid,1.7
AIR105122,2022-05-27,West Bengal,West Bengal City 3,4G,Prepaid,3.2
AIR105123,2024-05-21,Rajasthan,Rajasthan City 3,4G,Postpaid,1.3
AIR105124,2019-09-13,Uttar Pradesh,Uttar Pradesh City 1,4G,Enterprise,6.1
AIR105125,2022-07-21,Rajasthan,Rajasthan City 2,4G,Prepaid,3.3
AIR105126,2024-01-11,Uttar Pradesh,Uttar Pradesh City 1,4G,Postpaid,1.9
AIR105127,2024-08-06,Rajasthan,Rajasthan City 2,4G,Prepaid,0.5
AIR105128,2024-08-24,Karnataka,Karnataka City 3,4G,Prepaid,0.6
AIR105129,2019-06-28,Delhi,Delhi City 2,4G,Postpaid,5.8
AIR105130,2022-11-27,Telangana,Telangana City 2,4G,Broadband,2.5
AIR105131,2019-03-29,Karnataka,Karnataka City 1,5G,Postpaid,6.2
AIR105132,2024-11-11,Tamil Nadu,Tamil Nadu City 3,4G,Postpaid,0.7
AIR105133,2021-04-24,Maharashtra,Maharashtra City 1,4G,Broadband,4.3
AIR105134,2019-01-28,Delhi,Delhi City 1,4G,Prepaid,6.6
AIR105135,2024-07-26,West Bengal,West Bengal City 3,4G,Postpaid,1.2
AIR105136,2024-10-23,Gujarat,Gujarat City 1,4G,Postpaid,1.1
AIR105137,2019-02-23,Karnataka,Karnataka City 1,4G,Broadband,6.8
AIR105138,2019-11-17,Rajasthan,Rajasthan City 2,5G,Postpaid,5.2
AIR105139,2023-12-01,Karnataka,Karnataka City 1,5G,Broadband,1.3
AIR105140,2022-06-07,Kerala,Kerala City 3,4G,Prepaid,2.9
AIR105141,2023-12-31,Delhi,Delhi City 1,5G,Postpaid,1.4
AIR105142,2019-11-28,Telangana,Telangana City 2,4G,Postpaid,5.5
AIR105143,2023-09-14,West Bengal,West Bengal City 1,5G,Postpaid,1.8
AIR105144,2019-11-13,Kerala,Kerala City 1,4G,Postpaid,5.8
AIR105145,2024-11-18,Uttar Pradesh,Uttar Pradesh City 1,4G,Prepaid,0.8
AIR105146,2024-06-25,Kerala,Kerala City 2,4G,Prepaid,1.3
AIR105147,2019-08-09,Karnataka,Karnataka City 3,4G,Prepaid,6.3
AIR105148,2022-09-24,West Bengal,West Bengal City 3,5G,Broadband,3.2
AIR105149,2019-05-28,Karnataka,Karnataka City 2,4G,Broadband,5.7
AIR105150,2024-04-06,Uttar Pradesh,Uttar Pradesh City 2,4G,Prepaid,0.9
AIR105151,2023-09-29,Gujarat,Gujarat City 1,4G,Broadband,1.5
AIR105152,2020-04-22,West Bengal,West Bengal City 3,4G,Prepaid,5.1
AIR105153,2023-12-29,Gujarat,Gujarat City 2,4G,Prepaid,1.5
AIR105154,2022-04-24,Delhi,Delhi City 3,5G,Prepaid,3.2
AIR105155,2019-06-19,Delhi,Delhi City 1,5G,Broadband,6.2
AIR105156,2024-01-01,Gujarat,Gujarat City 2,4G,Postpaid,1.7
AIR105157,2023-04-17,Delhi,Delhi City 3,4G,Prepaid,2.5
AIR105158,2019-10-28,West Bengal,West Bengal City 3,4G,Postpaid,6.1
AIR105159,2024-02-21,Rajasthan,Rajasthan City 1,5G,Prepaid,1.8
AIR105160,2024-12-31,Tamil Nadu,Tamil Nadu City 2,5G,Prepaid,0.1
AIR105161,2020-06-06,Delhi,Delhi City 3,4G,Prepaid,4.8
AIR105162,2023-02-18,Delhi,Delhi City 1,5G,Prepaid,2.2
AIR105163,2021-04-01,Karnataka,Karnataka City 3,4G,Broadband,4.1
AIR105164,2019-07-14,Gujarat,Gujarat City 1,4G,Postpaid,5.9
AIR105165,2020-04-10,Maharashtra,Maharashtra City 3,5G,Prepaid,5.3
AIR105166,2019-04-10,Telangana,Telangana City 3,4G,Prepaid,6.3
AIR105167,2019-04-26,Kerala,Kerala City 1,4G,Prepaid,6.4
AIR105168,2020-01-15,Delhi,Delhi City 2,4G,Prepaid,5.7
AIR105169,2023-06-07,Kerala,Kerala City 1,4G,Postpaid,2.4
AIR105170,2024-10-11,West Bengal,West Bengal City 2,4G,Prepaid,1.2
AIR105171,2024-12-19,Maharashtra,Maharashtra City 3,5G,Postpaid,0.2
AIR105172,2022-06-25,Telangana,Telangana City 3,4G,Prepaid,2.7
AIR105173,2022-12-05,Gujarat,Gujarat City 1,5G,Prepaid,2.4
AIR105174,2024-03-17,Tamil Nadu,Tamil Nadu City 1,4G,Broadband,1.2
AIR105175,2022-12-22,Telangana,Telangana City 2,4G,Prepaid,2.5
AIR105176,2024-05-20,Telangana,Telangana City 2,5G,Prepaid,1.2
AIR105177,2021-04-23,Tamil Nadu,Tamil Nadu City 2,4G,Prepaid,4.3
AIR105178,2019-10-25,Rajasthan,Rajasthan City 1,4G,Prepaid,5.9
AIR105179,2019-10-23,Gujarat,Gujarat City 3,4G,Prepaid,6
AIR105180,2019-04-25,Karnataka,Karnataka City 1,4G,Prepaid,6.6
AIR105181,2024-03-23,Kerala,Kerala City 3,4G,Broadband,1.7
AIR105182,2024-01-01,Delhi,Delhi City 1,5G,Postpaid,1.1
AIR105183,2021-10-22,Telangana,Telangana City 1,5G,Postpaid,3.4
AIR105184,2021-02-24,West Bengal,West Bengal City 2,4G,Postpaid,4.1
AIR105185,2019-02-04,Tamil Nadu,Tamil Nadu City 3,5G,Postpaid,6.3
AIR105186,2023-12-06,Kerala,Kerala City 1,5G,Prepaid,1.5
AIR105187,2021-12-26,Maharashtra,Maharashtra City 1,5G,Prepaid,3.6
AIR105188,2019-12-27,Tamil Nadu,Tamil Nadu City 3,4G,Prepaid,5.6
AIR105189,2019-10-21,Maharashtra,Maharashtra City 1,4G,Postpaid,5.9
AIR105190,2022-05-11,Gujarat,Gujarat City 3,4G,Prepaid,3.4
AIR105191,2021-08-12,Telangana,Telangana City 2,4G,Prepaid,4.3
AIR105192,2023-12-21,West Bengal,West Bengal City 2,4G,Prepaid,2
AIR105193,2021-08-03,Delhi,Delhi City 3,4G,Prepaid,3.5
AIR105194,2019-09-18,Maharashtra,Maharashtra City 2,4G,Prepaid,5.5
AIR105195,2023-03-22,Kerala,Kerala City 3,4G,Prepaid,2.1
AIR105196,2023-12-06,Rajasthan,Rajasthan City 1,4G,Prepaid,1.4
AIR105197,2022-11-17,Gujarat,Gujarat City 1,4G,Prepaid,2.6
AIR105198,2020-02-06,Rajasthan,Rajasthan City 3,5G,Prepaid,5.4
AIR105199,2019-12-02,Gujarat,Gujarat City 1,4G,Prepaid,5.7
AIR105200,2024-09-07,Karnataka,Karnataka City 2,5G,Prepaid,1
AIR105201,2024-01-17,Kerala,Kerala City 1,5G,Postpaid,1.7
AIR105202,2024-05-15,Rajasthan,Rajasthan City 1,5G,Prepaid,1.5
AIR105203,2021-04-23,West Bengal,West Bengal City 3,5G,Prepaid,4.6
AIR105204,2023-06-29,Telangana,Telangana City 2,5G,Prepaid,1.6
AIR105205,2019-02-14,Tamil Nadu,Tamil Nadu City 1,4G,Prepaid,6.1
AIR105206,2022-01-29,Delhi,Delhi City 1,5G,Prepaid,3.2
AIR105207,2022-06-03,Telangana,Telangana City 3,5G,Enterprise,2.9
AIR105208,2020-09-07,Telangana,Telangana City 3,5G,Broadband,4.8
AIR105209,2021-02-03,Gujarat,Gujarat City 2,4G,Prepaid,4.4
AIR105210,2023-08-28,West Bengal,West Bengal City 1,4G,Postpaid,2
AIR105211,2023-01-19,Gujarat,Gujarat City 3,4G,Prepaid,2.7
AIR105212,2020-06-17,Uttar Pradesh,Uttar Pradesh City 3,4G,Prepaid,5.3
AIR105213,2021-12-28,Maharashtra,Maharashtra City 3,5G,Postpaid,3.9
AIR105214,2023-05-24,Delhi,Delhi City 2,4G,Prepaid,2.6
AIR105215,2022-06-23,Maharashtra,Maharashtra City 3,4G,Prepaid,2.7
AIR105216,2020-07-28,Tamil Nadu,Tamil Nadu City 2,4G,Postpaid,4.6
AIR105217,2019-08-25,Uttar Pradesh,Uttar Pradesh City 2,4G,Postpaid,5.6
AIR105218,2020-06-14,Kerala,Kerala City 1,4G,Enterprise,4.9
AIR105219,2022-06-06,Tamil Nadu,Tamil Nadu City 1,4G,Postpaid,3
AIR105220,2023-03-13,Tamil Nadu,Tamil Nadu City 2,4G,Postpaid,2.3
AIR105221,2019-05-07,Karnataka,Karnataka City 1,4G,Prepaid,6.3
AIR105222,2020-10-19,Delhi,Delhi City 1,4G,Prepaid,4.9
AIR105223,2024-02-08,Gujarat,Gujarat City 3,5G,Postpaid,1.7
AIR105224,2022-02-11,West Bengal,West Bengal City 1,5G,Enterprise,3.8
AIR105225,2022-03-14,Maharashtra,Maharashtra City 2,5G,Prepaid,3.8
AIR105226,2023-08-24,Tamil Nadu,Tamil Nadu City 1,4G,Enterprise,1.5
AIR105227,2023-09-27,Maharashtra,Maharashtra City 3,4G,Prepaid,1.5
AIR105228,2022-04-03,Maharashtra,Maharashtra City 2,4G,Prepaid,3
AIR105229,2022-04-13,Kerala,Kerala City 1,5G,Prepaid,3.1
AIR105230,2022-10-12,Delhi,Delhi City 2,5G,Postpaid,2.7
AIR105231,2023-04-25,Delhi,Delhi City 1,4G,Postpaid,2.2
AIR105232,2022-03-11,Rajasthan,Rajasthan City 3,5G,Prepaid,3.4
AIR105233,2021-02-08,Telangana,Telangana City 1,4G,Broadband,4.6
AIR105234,2022-04-05,Delhi,Delhi City 2,4G,Postpaid,3.5
AIR105235,2022-09-04,Maharashtra,Maharashtra City 2,5G,Postpaid,3.2
AIR105236,2023-07-13,Gujarat,Gujarat City 2,4G,Postpaid,2.4
AIR105237,2020-10-19,Maharashtra,Maharashtra City 1,4G,Prepaid,4.3
AIR105238,2024-02-29,Gujarat,Gujarat City 1,5G,Postpaid,1
AIR105239,2021-09-15,Rajasthan,Rajasthan City 1,4G,Prepaid,3.6
AIR105240,2021-12-13,Gujarat,Gujarat City 3,4G,Prepaid,3.4
AIR105241,2019-05-02,Delhi,Delhi City 3,5G,Postpaid,6.1
AIR105242,2021-04-13,Kerala,Kerala City 3,4G,Broadband,4.3
AIR105243,2023-08-06,Gujarat,Gujarat City 2,4G,Postpaid,2
AIR105244,2024-08-31,Maharashtra,Maharashtra City 2,4G,Postpaid,1
AIR105245,2022-07-23,West Bengal,West Bengal City 2,4G,Postpaid,3.2
AIR105246,2024-02-28,Delhi,Delhi City 2,4G,Prepaid,1.7
AIR105247,2024-05-16,West Bengal,West Bengal City 2,4G,Broadband,1.6
AIR105248,2020-02-12,Uttar Pradesh,Uttar Pradesh City 1,4G,Prepaid,5
AIR105249,2020-04-26,Uttar Pradesh,Uttar Pradesh City 2,4G,Prepaid,4.9
AIR105250,2024-12-02,Maharashtra,Maharashtra City 1,5G,Prepaid,0.4
AIR105251,2022-12-30,Uttar Pradesh,Uttar Pradesh City 3,5G,Prepaid,2.4
AIR105252,2024-03-07,Telangana,Telangana City 3,5G,Prepaid,1.3
AIR105253,2023-01-25,Rajasthan,Rajasthan City 3,4G,Prepaid,2.5
AIR105254,2023-01-29,Delhi,Delhi City 3,4G,Prepaid,2.5
AIR105255,2021-12-17,West Bengal,West Bengal City 3,5G,Postpaid,3.7
AIR105256,2024-08-14,Maharashtra,Maharashtra City 2,4G,Postpaid,1.2
AIR105257,2024-03-15,Telangana,Telangana City 2,4G,Postpaid,1.7
AIR105258,2023-12-27,Maharashtra,Maharashtra City 2,5G,Prepaid,2
AIR105259,2019-09-22,Telangana,Telangana City 3,4G,Postpaid,5.4
AIR105260,2022-06-26,Uttar Pradesh,Uttar Pradesh City 3,4G,Prepaid,2.7
AIR105261,2024-11-12,Uttar Pradesh,Uttar Pradesh City 1,5G,Postpaid,0.4
AIR105262,2024-03-01,Gujarat,Gujarat City 2,5G,Prepaid,1.2
AIR105263,2024-01-07,Karnataka,Karnataka City 3,4G,Postpaid,1.4
AIR105264,2020-11-27,Maharashtra,Maharashtra City 3,4G,Prepaid,4.6
AIR105265,2023-01-20,Gujarat,Gujarat City 3,4G,Postpaid,2.6
AIR105266,2021-01-10,Delhi,Delhi City 1,5G,Broadband,4.7
AIR105267,2021-02-12,Gujarat,Gujarat City 3,4G,Postpaid,4.7
AIR105268,2019-04-29,Tamil Nadu,Tamil Nadu City 1,4G,Prepaid,6.5
AIR105269,2023-11-05,Uttar Pradesh,Uttar Pradesh City 1,5G,Prepaid,2.1
AIR105270,2022-06-21,Tamil Nadu,Tamil Nadu City 2,4G,Broadband,2.7
AIR105271,2022-01-22,Maharashtra,Maharashtra City 3,5G,Prepaid,3.1
AIR105272,2021-03-23,West Bengal,West Bengal City 1,5G,Broadband,4.1
AIR105273,2019-02-07,West Bengal,West Bengal City 3,4G,Prepaid,6.3
AIR105274,2019-08-31,Delhi,Delhi City 2,5G,Enterprise,5.8
AIR105275,2022-10-19,Gujarat,Gujarat City 2,4G,Broadband,2.7
AIR105276,2024-06-21,West Bengal,West Bengal City 1,5G,Postpaid,1.1
AIR105277,2021-05-04,Telangana,Telangana City 2,5G,Prepaid,4.4
AIR105278,2023-12-03,Telangana,Telangana City 2,4G,Prepaid,1.9
AIR105279,2019-06-24,Delhi,Delhi City 2,5G,Broadband,6.4
AIR105280,2023-09-09,Rajasthan,Rajasthan City 3,5G,Broadband,2.3
AIR105281,2020-11-02,Uttar Pradesh,Uttar Pradesh City 3,4G,Prepaid,4.3
AIR105282,2020-11-24,Gujarat,Gujarat City 1,4G,Prepaid,4.3
AIR105283,2020-07-01,Maharashtra,Maharashtra City 1,4G,Broadband,4.8
AIR105284,2024-02-24,Kerala,Kerala City 2,4G,Postpaid,1.2
AIR105285,2022-01-27,Kerala,Kerala City 2,5G,Broadband,3.4
AIR105286,2019-09-30,Kerala,Kerala City 1,5G,Broadband,5.8
AIR105287,2021-02-22,West Bengal,West Bengal City 2,4G,Broadband,4.5
AIR105288,2022-04-24,Rajasthan,Rajasthan City 1,4G,Prepaid,3.4
AIR105289,2021-07-28,Rajasthan,Rajasthan City 3,4G,Prepaid,4.2
AIR105290,2020-03-27,Gujarat,Gujarat City 2,4G,Prepaid,5.6
AIR105291,2023-03-09,Gujarat,Gujarat City 2,4G,Broadband,2.8
AIR105292,2019-04-04,Rajasthan,Rajasthan City 2,4G,Postpaid,5.9
AIR105293,2022-08-23,Delhi,Delhi City 3,4G,Prepaid,2.6
AIR105294,2023-10-28,Gujarat,Gujarat City 3,5G,Prepaid,1.5
AIR105295,2024-03-03,Delhi,Delhi City 2,4G,Prepaid,1.2
AIR105296,2021-08-11,Tamil Nadu,Tamil Nadu City 1,4G,Broadband,3.8
AIR105297,2022-01-01,Telangana,Telangana City 3,4G,Postpaid,3.5
AIR105298,2022-03-14,Uttar Pradesh,Uttar Pradesh City 2,5G,Postpaid,3.4
AIR105299,2021-06-26,Gujarat,Gujarat City 2,5G,Prepaid,4.2
AIR105300,2023-08-15,Rajasthan,Rajasthan City 3,5G,Broadband,2.2
AIR105301,2024-10-04,Telangana,Telangana City 1,4G,Prepaid,1.1
AIR105302,2020-09-25,Telangana,Telangana City 2,4G,Postpaid,5.2
AIR105303,2019-07-23,Karnataka,Karnataka City 1,4G,Prepaid,5.6
AIR105304,2019-01-16,Rajasthan,Rajasthan City 1,4G,Prepaid,6.2
AIR105305,2019-05-06,Uttar Pradesh,Uttar Pradesh City 3,5G,Prepaid,5.9
AIR105306,2024-03-16,Rajasthan,Rajasthan City 2,5G,Postpaid,1.2
AIR105307,2023-04-28,Gujarat,Gujarat City 2,4G,Postpaid,2.1
AIR105308,2019-03-20,Maharashtra,Maharashtra City 1,4G,Prepaid,6.3
AIR105309,2021-02-27,Tamil Nadu,Tamil Nadu City 3,5G,Prepaid,4.5
AIR105310,2022-11-03,Delhi,Delhi City 3,4G,Broadband,2.9
AIR105311,2023-02-20,Maharashtra,Maharashtra City 3,4G,Prepaid,2.7
AIR105312,2019-05-05,Tamil Nadu,Tamil Nadu City 1,5G,Prepaid,6.5
AIR105313,2020-09-09,Maharashtra,Maharashtra City 1,4G,Prepaid,5.3
AIR105314,2021-01-11,Delhi,Delhi City 2,5G,Broadband,4.1
AIR105315,2019-03-22,West Bengal,West Bengal City 3,4G,Prepaid,6
AIR105316,2023-07-03,Rajasthan,Rajasthan City 1,5G,Enterprise,1.8
AIR105317,2019-06-24,Maharashtra,Maharashtra City 3,5G,Prepaid,5.9
AIR105318,2020-11-06,Gujarat,Gujarat City 1,5G,Prepaid,4.6
AIR105319,2019-12-14,Uttar Pradesh,Uttar Pradesh City 2,4G,Prepaid,5.6
AIR105320,2024-03-27,Kerala,Kerala City 3,4G,Postpaid,1.4
AIR105321,2022-10-22,Gujarat,Gujarat City 1,4G,Prepaid,2.9
AIR105322,2023-04-08,Delhi,Delhi City 3,4G,Postpaid,2.5
AIR105323,2022-12-09,Uttar Pradesh,Uttar Pradesh City 1,5G,Prepaid,2.9
AIR105324,2020-12-24,Gujarat,Gujarat City 1,4G,Prepaid,5
AIR105325,2022-06-29,Telangana,Telangana City 1,5G,Broadband,2.6
AIR105326,2020-08-30,Rajasthan,Rajasthan City 3,4G,Postpaid,4.5
AIR105327,2019-12-24,Uttar Pradesh,Uttar Pradesh City 1,4G,Prepaid,5.3
AIR105328,2021-12-24,Telangana,Telangana City 2,5G,Postpaid,3.4
AIR105329,2019-10-20,Gujarat,Gujarat City 3,4G,Postpaid,5.7
AIR105330,2022-09-09,Tamil Nadu,Tamil Nadu City 2,5G,Prepaid,2.8
AIR105331,2021-09-17,Karnataka,Karnataka City 2,4G,Postpaid,3.9
AIR105332,2024-12-22,Tamil Nadu,Tamil Nadu City 3,5G,Prepaid,0.7
AIR105333,2021-03-30,Rajasthan,Rajasthan City 1,4G,Postpaid,4.5
AIR105334,2019-05-10,Uttar Pradesh,Uttar Pradesh City 2,5G,Postpaid,6.5
AIR105335,2024-05-13,Uttar Pradesh,Uttar Pradesh City 3,4G,Prepaid,1.6
AIR105336,2020-08-15,Rajasthan,Rajasthan City 1,4G,Prepaid,4.5
AIR105337,2024-04-08,Telangana,Telangana City 3,5G,Prepaid,0.9
AIR105338,2023-07-14,Karnataka,Karnataka City 3,5G,Enterprise,1.8
AIR105339,2020-09-05,Gujarat,Gujarat City 3,4G,Postpaid,4.7
AIR105340,2023-02-27,Delhi,Delhi City 1,4G,Prepaid,2.3
AIR105341,2020-06-22,Tamil Nadu,Tamil Nadu City 2,4G,Prepaid,5.1
AIR105342,2019-09-18,Tamil Nadu,Tamil Nadu City 2,4G,Prepaid,5.9
AIR105343,2023-08-12,Kerala,Kerala City 3,5G,Postpaid,2.1
AIR105344,2022-06-04,Karnataka,Karnataka City 3,4G,Postpaid,3.4
AIR105345,2023-12-18,Delhi,Delhi City 1,4G,Enterprise,1.9
AIR105346,2024-01-17,Tamil Nadu,Tamil Nadu City 3,4G,Prepaid,1.9
AIR105347,2024-02-14,Delhi,Delhi City 3,4G,Postpaid,1
AIR105348,2019-08-16,Gujarat,Gujarat City 3,5G,Postpaid,5.6
AIR105349,2022-12-08,Uttar Pradesh,Uttar Pradesh City 2,5G,Broadband,2.4
AIR105350,2022-06-13,Delhi,Delhi City 3,4G,Prepaid,2.9
AIR105351,2021-11-09,Tamil Nadu,Tamil Nadu City 2,5G,Postpaid,3.6
AIR105352,2019-07-08,Telangana,Telangana City 1,4G,Prepaid,6
AIR105353,2023-06-29,Karnataka,Karnataka City 1,4G,Prepaid,2.1
AIR105354,2022-11-09,Rajasthan,Rajasthan City 2,4G,Broadband,2.9
AIR105355,2024-05-20,Maharashtra,Maharashtra City 2,4G,Broadband,1.4
AIR105356,2020-10-26,West Bengal,West Bengal City 2,4G,Postpaid,5.1
AIR105357,2022-05-26,West Bengal,West Bengal City 2,4G,Prepaid,3.6
AIR105358,2019-01-21,Maharashtra,Maharashtra City 3,5G,Broadband,6.1
AIR105359,2022-03-29,Delhi,Delhi City 2,5G,Prepaid,3
AIR105360,2023-02-24,Karnataka,Karnataka City 2,5G,Prepaid,2.1
AIR105361,2020-03-04,Delhi,Delhi City 2,4G,Postpaid,5.2
AIR105362,2024-03-04,Rajasthan,Rajasthan City 3,4G,Prepaid,1.3
AIR105363,2021-09-17,Karnataka,Karnataka City 3,4G,Enterprise,3.8
AIR105364,2019-08-11,Maharashtra,Maharashtra City 3,4G,Prepaid,6
AIR105365,2021-08-17,Delhi,Delhi City 1,4G,Prepaid,4.1
AIR105366,2019-06-07,Kerala,Kerala City 3,4G,Postpaid,6.4
AIR105367,2024-06-30,Tamil Nadu,Tamil Nadu City 2,4G,Postpaid,1.4
AIR105368,2021-03-11,Telangana,Telangana City 3,4G,Postpaid,4.8
AIR105369,2020-12-22,Uttar Pradesh,Uttar Pradesh City 3,4G,Prepaid,4.2
AIR105370,2022-06-08,Telangana,Telangana City 2,4G,Postpaid,2.8
AIR105371,2020-03-20,Rajasthan,Rajasthan City 3,4G,Prepaid,5.1
AIR105372,2019-04-15,Delhi,Delhi City 1,4G,Prepaid,6.1
AIR105373,2023-07-20,Gujarat,Gujarat City 3,5G,Postpaid,1.9
AIR105374,2021-06-01,Karnataka,Karnataka City 1,4G,Prepaid,4.1
AIR105375,2022-08-15,Delhi,Delhi City 1,5G,Enterprise,3
AIR105376,2021-12-27,Karnataka,Karnataka City 1,4G,Postpaid,3.7
AIR105377,2020-06-21,Uttar Pradesh,Uttar Pradesh City 2,4G,Enterprise,5.3
AIR105378,2023-07-02,Kerala,Kerala City 3,5G,Prepaid,2.4
AIR105379,2021-03-11,Telangana,Telangana City 1,4G,Enterprise,4.8
AIR105380,2021-11-30,Tamil Nadu,Tamil Nadu City 1,4G,Prepaid,3.2
AIR105381,2023-04-21,Uttar Pradesh,Uttar Pradesh City 3,5G,Prepaid,1.9
AIR105382,2022-11-30,Uttar Pradesh,Uttar Pradesh City 2,4G,Prepaid,2.4
AIR105383,2023-03-12,Telangana,Telangana City 2,4G,Postpaid,2.2
AIR105384,2019-08-30,Uttar Pradesh,Uttar Pradesh City 1,5G,Prepaid,5.8
AIR105385,2022-09-24,Gujarat,Gujarat City 2,5G,Postpaid,2.8
AIR105386,2024-08-29,Gujarat,Gujarat City 3,4G,Prepaid,1
AIR105387,2024-02-22,West Bengal,West Bengal City 2,4G,Prepaid,1.6
AIR105388,2024-03-06,West Bengal,West Bengal City 3,5G,Postpaid,1.6
AIR105389,2021-11-05,Gujarat,Gujarat City 1,4G,Prepaid,4
AIR105390,2019-10-28,Maharashtra,Maharashtra City 3,4G,Postpaid,6.1
AIR105391,2019-06-14,Kerala,Kerala City 1,4G,Postpaid,5.7
AIR105392,2022-07-05,Karnataka,Karnataka City 3,5G,Broadband,2.7
AIR105393,2023-05-31,Kerala,Kerala City 3,4G,Prepaid,1.9
AIR105394,2021-10-17,Rajasthan,Rajasthan City 2,5G,Enterprise,3.6
AIR105395,2023-03-30,Uttar Pradesh,Uttar Pradesh City 3,4G,Postpaid,2.2
AIR105396,2024-05-22,Tamil Nadu,Tamil Nadu City 1,4G,Enterprise,1.1
AIR105397,2021-05-27,Uttar Pradesh,Uttar Pradesh City 3,5G,Prepaid,4.2
AIR105398,2022-08-13,Kerala,Kerala City 1,5G,Postpaid,3.1
AIR105399,2024-06-02,Gujarat,Gujarat City 1,4G,Broadband,1.4
AIR105400,2022-05-25,Telangana,Telangana City 3,4G,Prepaid,3.5
AIR105401,2020-03-06,Rajasthan,Rajasthan City 2,5G,Postpaid,5.8
AIR105402,2022-06-08,Gujarat,Gujarat City 3,4G,Broadband,2.7
AIR105403,2024-10-18,Kerala,Kerala City 3,4G,Postpaid,0.4
AIR105404,2022-02-08,Telangana,Telangana City 2,4G,Prepaid,3.2
AIR105405,2019-01-02,Tamil Nadu,Tamil Nadu City 1,5G,Postpaid,6.4
AIR105406,2024-05-04,Kerala,Kerala City 3,5G,Prepaid,1.1
AIR105407,2019-07-09,Karnataka,Karnataka City 2,5G,Broadband,6
AIR105408,2019-01-22,Delhi,Delhi City 2,4G,Prepaid,6.6
AIR105409,2024-08-23,Telangana,Telangana City 1,4G,Prepaid,1.1
AIR105410,2023-10-08,Kerala,Kerala City 2,4G,Prepaid,2
AIR105411,2023-04-19,Gujarat,Gujarat City 1,4G,Postpaid,2.6
AIR105412,2023-01-27,Karnataka,Karnataka City 3,4G,Enterprise,2.9
AIR105413,2020-07-21,Maharashtra,Maharashtra City 2,4G,Prepaid,4.6
AIR105414,2024-05-26,Telangana,Telangana City 3,4G,Prepaid,0.8
AIR105415,2022-11-24,Karnataka,Karnataka City 2,4G,Prepaid,2.4
AIR105416,2021-03-16,Gujarat,Gujarat City 2,5G,Broadband,4.2
AIR105417,2021-07-02,Kerala,Kerala City 3,5G,Postpaid,4
AIR105418,2021-02-06,Uttar Pradesh,Uttar Pradesh City 2,4G,Prepaid,4.4
AIR105419,2022-02-07,Tamil Nadu,Tamil Nadu City 3,4G,Postpaid,3.5
AIR105420,2019-02-17,Uttar Pradesh,Uttar Pradesh City 3,4G,Prepaid,6.6
AIR105421,2021-01-13,Delhi,Delhi City 1,5G,Prepaid,4.8
AIR105422,2022-01-10,Karnataka,Karnataka City 3,4G,Prepaid,3.8
AIR105423,2022-07-25,Delhi,Delhi City 1,5G,Broadband,3.4
AIR105424,2020-01-16,Tamil Nadu,Tamil Nadu City 3,4G,Broadband,5.1
AIR105425,2019-11-06,Karnataka,Karnataka City 2,4G,Postpaid,5.4
AIR105426,2020-06-25,West Bengal,West Bengal City 3,5G,Prepaid,4.8
AIR105427,2021-02-05,Gujarat,Gujarat City 2,4G,Postpaid,4.3
AIR105428,2022-04-21,Karnataka,Karnataka City 1,4G,Prepaid,3.2
AIR105429,2019-07-03,Gujarat,Gujarat City 2,4G,Postpaid,6
AIR105430,2024-06-04,Uttar Pradesh,Uttar Pradesh City 3,4G,Postpaid,1.2
AIR105431,2020-09-30,Rajasthan,Rajasthan City 2,4G,Broadband,5
AIR105432,2022-12-31,Telangana,Telangana City 1,4G,Prepaid,2.8
AIR105433,2020-08-16,Rajasthan,Rajasthan City 2,5G,Postpaid,5.2
AIR105434,2022-06-10,Kerala,Kerala City 2,5G,Postpaid,3.5
AIR105435,2024-01-19,Telangana,Telangana City 3,5G,Prepaid,1.1
AIR105436,2019-01-01,Telangana,Telangana City 3,4G,Postpaid,6.2
AIR105437,2020-12-19,Maharashtra,Maharashtra City 2,4G,Broadband,4.3
AIR105438,2019-10-10,Telangana,Telangana City 1,4G,Broadband,5.6
AIR105439,2022-04-24,Tamil Nadu,Tamil Nadu City 2,4G,Postpaid,3.1
AIR105440,2024-12-09,Rajasthan,Rajasthan City 1,4G,Prepaid,0.6
AIR105441,2020-03-16,Uttar Pradesh,Uttar Pradesh City 1,5G,Broadband,5.4
AIR105442,2020-09-30,Gujarat,Gujarat City 1,4G,Postpaid,5
AIR105443,2020-04-18,Kerala,Kerala City 2,5G,Prepaid,5.5
AIR105444,2024-02-01,Telangana,Telangana City 1,4G,Prepaid,1.8
AIR105445,2021-07-29,Kerala,Kerala City 2,4G,Prepaid,4.4
AIR105446,2020-10-21,Uttar Pradesh,Uttar Pradesh City 1,4G,Prepaid,4.3
AIR105447,2019-10-19,Kerala,Kerala City 1,4G,Postpaid,5.4
AIR105448,2019-09-04,Uttar Pradesh,Uttar Pradesh City 2,4G,Prepaid,5.6
AIR105449,2024-04-25,Telangana,Telangana City 3,5G,Prepaid,1.1
AIR105450,2019-07-07,Uttar Pradesh,Uttar Pradesh City 3,5G,Prepaid,5.9
AIR105451,2023-03-27,Telangana,Telangana City 2,4G,Postpaid,2.3
AIR105452,2020-07-10,Maharashtra,Maharashtra City 2,4G,Prepaid,5.1
AIR105453,2022-02-21,Maharashtra,Maharashtra City 3,5G,Prepaid,3.6
AIR105454,2019-09-04,Uttar Pradesh,Uttar Pradesh City 3,5G,Prepaid,6.1
AIR105455,2022-09-22,Maharashtra,Maharashtra City 3,4G,Postpaid,3.1
AIR105456,2021-08-16,Gujarat,Gujarat City 2,5G,Prepaid,4.3
AIR105457,2024-01-01,Gujarat,Gujarat City 1,4G,Postpaid,1.1
AIR105458,2025-01-07,Maharashtra,Maharashtra City 2,4G,Prepaid,0.2
AIR105459,2025-01-07,Maharashtra,Maharashtra City 3,4G,Prepaid,0.3
AIR105460,2019-05-04,West Bengal,West Bengal City 1,4G,Prepaid,6
AIR105461,2024-03-09,West Bengal,West Bengal City 2,4G,Prepaid,1.3
AIR105462,2022-09-25,Telangana,Telangana City 3,4G,Prepaid,2.8
AIR105463,2023-10-19,Uttar Pradesh,Uttar Pradesh City 2,5G,Prepaid,1.8
AIR105464,2020-10-20,Delhi,Delhi City 1,5G,Prepaid,4.9
AIR105465,2023-05-05,Delhi,Delhi City 3,5G,Postpaid,2.4
AIR105466,2021-09-07,Maharashtra,Maharashtra City 2,4G,Prepaid,4.2
AIR105467,2023-01-20,Kerala,Kerala City 1,4G,Broadband,2.9
AIR105468,2020-12-25,Maharashtra,Maharashtra City 1,4G,Broadband,4.1
AIR105469,2023-04-03,West Bengal,West Bengal City 2,5G,Postpaid,1.9
AIR105470,2020-10-07,Telangana,Telangana City 1,4G,Prepaid,4.5
AIR105471,2024-01-01,Maharashtra,Maharashtra City 3,4G,Broadband,1.4
AIR105472,2023-03-30,Rajasthan,Rajasthan City 1,4G,Prepaid,2.2
AIR105473,2024-10-12,Kerala,Kerala City 2,4G,Prepaid,0.8
AIR105474,2022-11-17,Rajasthan,Rajasthan City 3,4G,Prepaid,2.7
AIR105475,2023-08-26,Telangana,Telangana City 1,5G,Broadband,2.1
AIR105476,2020-06-01,Telangana,Telangana City 1,4G,Prepaid,5.4
AIR105477,2019-11-25,Gujarat,Gujarat City 3,4G,Broadband,6
AIR105478,2020-11-20,Karnataka,Karnataka City 3,4G,Prepaid,5.1
AIR105479,2020-04-23,Rajasthan,Rajasthan City 1,4G,Broadband,4.8
AIR105480,2020-01-26,Gujarat,Gujarat City 3,4G,Broadband,5.1
AIR105481,2020-02-16,West Bengal,West Bengal City 2,5G,Broadband,5.2
AIR105482,2022-07-05,Tamil Nadu,Tamil Nadu City 1,4G,Postpaid,2.9
AIR105483,2021-05-18,Kerala,Kerala City 2,5G,Broadband,4.1
AIR105484,2020-05-21,Tamil Nadu,Tamil Nadu City 1,4G,Enterprise,5.1
AIR105485,2023-09-19,Uttar Pradesh,Uttar Pradesh City 2,4G,Prepaid,1.9
AIR105486,2024-04-27,West Bengal,West Bengal City 2,5G,Prepaid,1.4
AIR105487,2021-08-15,West Bengal,West Bengal City 3,4G,Postpaid,4.2
AIR105488,2023-10-29,Tamil Nadu,Tamil Nadu City 1,4G,Prepaid,2
AIR105489,2023-10-01,Rajasthan,Rajasthan City 3,5G,Postpaid,2.2
AIR105490,2021-02-01,Karnataka,Karnataka City 3,4G,Prepaid,4
AIR105491,2023-02-09,Rajasthan,Rajasthan City 1,4G,Postpaid,2.1
AIR105492,2024-01-28,Tamil Nadu,Tamil Nadu City 2,5G,Prepaid,1.2
AIR105493,2023-09-25,Uttar Pradesh,Uttar Pradesh City 1,4G,Prepaid,1.6
AIR105494,2024-12-06,Rajasthan,Rajasthan City 1,4G,Prepaid,0.5
AIR105495,2023-09-11,Delhi,Delhi City 1,4G,Broadband,1.8
AIR105496,2023-10-26,Rajasthan,Rajasthan City 3,4G,Prepaid,1.8
AIR105497,2022-09-04,Telangana,Telangana City 1,4G,Broadband,3
AIR105498,2022-11-19,Gujarat,Gujarat City 1,4G,Postpaid,2.9
AIR105499,2023-06-25,Kerala,Kerala City 1,4G,Postpaid,2.4
AIR105500,2020-07-03,Rajasthan,Rajasthan City 2,4G,Prepaid,5.5
AIR105501,2024-06-28,Karnataka,Karnataka City 2,4G,Prepaid,0.6
AIR105502,2024-12-23,Karnataka,Karnataka City 2,4G,Postpaid,0.2
AIR105503,2021-01-28,Rajasthan,Rajasthan City 2,4G,Prepaid,4.2
AIR105504,2019-11-20,Maharashtra,Maharashtra City 3,5G,Postpaid,5.5
AIR105505,2024-04-09,West Bengal,West Bengal City 3,4G,Enterprise,1.2
AIR105506,2019-04-21,Rajasthan,Rajasthan City 1,5G,Prepaid,6.2
AIR105507,2023-12-29,West Bengal,West Bengal City 3,4G,Postpaid,1.6
AIR105508,2022-02-12,Delhi,Delhi City 2,4G,Enterprise,3.6
AIR105509,2023-09-17,Tamil Nadu,Tamil Nadu City 1,4G,Broadband,2.1
AIR105510,2020-12-24,Delhi,Delhi City 1,5G,Broadband,4.9
AIR105511,2023-02-16,Rajasthan,Rajasthan City 2,4G,Broadband,2.8
AIR105512,2021-02-05,Karnataka,Karnataka City 2,5G,Prepaid,4
AIR105513,2021-04-11,Maharashtra,Maharashtra City 2,5G,Broadband,3.9
AIR105514,2024-11-30,Uttar Pradesh,Uttar Pradesh City 3,4G,Broadband,0.4
AIR105515,2022-07-17,West Bengal,West Bengal City 1,4G,Postpaid,2.8
AIR105516,2019-06-24,Gujarat,Gujarat City 2,4G,Prepaid,6
AIR105517,2024-01-20,West Bengal,West Bengal City 1,4G,Prepaid,1.5
AIR105518,2022-05-11,Telangana,Telangana City 1,4G,Prepaid,3.3
AIR105519,2024-05-12,Kerala,Kerala City 3,5G,Prepaid,1.3
AIR105520,2019-05-06,Rajasthan,Rajasthan City 1,4G,Postpaid,6.4
AIR105521,2021-09-21,Delhi,Delhi City 2,4G,Postpaid,4.2
AIR105522,2023-01-30,Gujarat,Gujarat City 2,4G,Postpaid,2.9
AIR105523,2024-01-26,Karnataka,Karnataka City 1,5G,Prepaid,1.1
AIR105524,2019-07-18,Karnataka,Karnataka City 1,4G,Postpaid,5.7
AIR105525,2022-05-07,Karnataka,Karnataka City 3,5G,Prepaid,2.9
AIR105526,2020-11-17,Uttar Pradesh,Uttar Pradesh City 2,5G,Prepaid,4.5
AIR105527,2023-01-16,Telangana,Telangana City 2,4G,Postpaid,2.4
AIR105528,2021-02-20,Karnataka,Karnataka City 1,4G,Prepaid,4.4
AIR105529,2021-07-29,Karnataka,Karnataka City 1,4G,Prepaid,4
AIR105530,2021-03-28,Rajasthan,Rajasthan City 1,4G,Prepaid,4.5
AIR105531,2024-09-01,Telangana,Telangana City 2,5G,Postpaid,1.1
AIR105532,2020-09-28,Maharashtra,Maharashtra City 1,4G,Postpaid,5.1
AIR105533,2020-12-11,Maharashtra,Maharashtra City 3,4G,Prepaid,5
AIR105534,2022-06-12,Telangana,Telangana City 3,4G,Prepaid,2.7
AIR105535,2021-07-10,Kerala,Kerala City 1,4G,Postpaid,3.7
AIR105536,2023-08-04,Uttar Pradesh,Uttar Pradesh City 3,4G,Broadband,1.7
AIR105537,2019-04-29,Gujarat,Gujarat City 3,4G,Postpaid,6
AIR105538,2021-11-29,West Bengal,West Bengal City 3,5G,Broadband,3.5
AIR105539,2019-09-17,Rajasthan,Rajasthan City 3,4G,Postpaid,5.8
AIR105540,2021-01-25,Tamil Nadu,Tamil Nadu City 3,4G,Postpaid,4.6
AIR105541,2019-01-06,Maharashtra,Maharashtra City 2,5G,Broadband,6.7
AIR105542,2019-03-07,Telangana,Telangana City 1,5G,Postpaid,6.6
AIR105543,2022-03-15,Gujarat,Gujarat City 3,4G,Broadband,3.7
AIR105544,2019-01-29,Telangana,Telangana City 1,4G,Prepaid,6.9
AIR105545,2023-07-25,West Bengal,West Bengal City 3,4G,Broadband,1.6
AIR105546,2020-10-21,Gujarat,Gujarat City 2,4G,Postpaid,4.4
AIR105547,2021-06-18,Maharashtra,Maharashtra City 2,5G,Broadband,3.8
AIR105548,2021-06-22,Karnataka,Karnataka City 3,4G,Prepaid,3.9
AIR105549,2019-12-27,Telangana,Telangana City 3,5G,Postpaid,5.5
AIR105550,2023-06-07,Tamil Nadu,Tamil Nadu City 3,4G,Broadband,2.1
AIR105551,2024-05-01,Maharashtra,Maharashtra City 2,4G,Prepaid,1.3
AIR105552,2024-09-04,Delhi,Delhi City 2,4G,Postpaid,1
AIR105553,2024-10-19,Tamil Nadu,Tamil Nadu City 1,4G,Broadband,1
AIR105554,2022-01-17,Kerala,Kerala City 2,4G,Prepaid,3.8
AIR105555,2019-06-26,Uttar Pradesh,Uttar Pradesh City 3,4G,Prepaid,6.5
AIR105556,2024-09-05,Maharashtra,Maharashtra City 1,4G,Postpaid,0.4
AIR105557,2022-08-05,Karnataka,Karnataka City 2,5G,Postpaid,2.6
AIR105558,2020-07-28,Maharashtra,Maharashtra City 2,4G,Prepaid,4.7
AIR105559,2020-06-14,West Bengal,West Bengal City 3,5G,Prepaid,4.9
AIR105560,2020-05-07,Gujarat,Gujarat City 1,4G,Prepaid,5.1
AIR105561,2022-06-15,Telangana,Telangana City 2,5G,Prepaid,3.1
AIR105562,2022-03-06,Gujarat,Gujarat City 2,5G,Prepaid,3.4
AIR105563,2022-04-01,Gujarat,Gujarat City 3,4G,Postpaid,3.5
AIR105564,2021-04-26,Maharashtra,Maharashtra City 1,5G,Postpaid,4.5
AIR105565,2019-10-20,West Bengal,West Bengal City 1,4G,Postpaid,6.1
AIR105566,2021-11-17,Telangana,Telangana City 1,5G,Prepaid,4.1
AIR105567,2019-09-13,Telangana,Telangana City 1,4G,Postpaid,5.4
AIR105568,2021-06-23,Gujarat,Gujarat City 3,4G,Prepaid,3.7
AIR105569,2023-11-11,Kerala,Kerala City 2,4G,Broadband,1.4
AIR105570,2023-11-14,Uttar Pradesh,Uttar Pradesh City 2,4G,Postpaid,1.5
AIR105571,2020-10-26,West Bengal,West Bengal City 1,4G,Broadband,4.6
AIR105572,2019-09-22,Kerala,Kerala City 1,5G,Prepaid,5.8
AIR105573,2024-06-03,Rajasthan,Rajasthan City 1,5G,Postpaid,1.2
AIR105574,2023-05-07,Rajasthan,Rajasthan City 2,4G,Postpaid,2.4
AIR105575,2020-02-05,Tamil Nadu,Tamil Nadu City 2,5G,Broadband,5.7
AIR105576,2021-02-15,Gujarat,Gujarat City 1,5G,Postpaid,4.7
AIR105577,2022-04-29,Telangana,Telangana City 3,4G,Postpaid,3.6
AIR105578,2022-02-21,Maharashtra,Maharashtra City 2,4G,Prepaid,3
AIR105579,2022-12-25,Telangana,Telangana City 2,4G,Postpaid,2.2
AIR105580,2021-05-23,Telangana,Telangana City 1,5G,Prepaid,3.9
AIR105581,2023-04-18,Karnataka,Karnataka City 3,5G,Prepaid,2.1
AIR105582,2020-01-09,Telangana,Telangana City 1,4G,Prepaid,5.4
AIR105583,2022-04-09,Tamil Nadu,Tamil Nadu City 1,4G,Enterprise,3.3
AIR105584,2021-05-11,Kerala,Kerala City 3,5G,Prepaid,4.3
AIR105585,2019-10-28,Rajasthan,Rajasthan City 3,5G,Broadband,5.9
AIR105586,2023-02-28,Telangana,Telangana City 3,5G,Enterprise,2.6
AIR105587,2024-11-19,Telangana,Telangana City 2,4G,Broadband,1
AIR105588,2024-08-19,Karnataka,Karnataka City 1,4G,Broadband,1.3
AIR105589,2019-05-06,West Bengal,West Bengal City 2,4G,Broadband,5.8
AIR105590,2020-01-18,Maharashtra,Maharashtra City 3,4G,Prepaid,5.2
AIR105591,2020-03-25,West Bengal,West Bengal City 2,5G,Prepaid,5.1
AIR105592,2020-06-06,Maharashtra,Maharashtra City 3,4G,Postpaid,4.9
AIR105593,2024-01-29,Uttar Pradesh,Uttar Pradesh City 3,5G,Postpaid,1.4
AIR105594,2021-10-06,Telangana,Telangana City 1,4G,Prepaid,3.8
AIR105595,2021-07-30,Karnataka,Karnataka City 1,5G,Postpaid,4
AIR105596,2019-09-30,Delhi,Delhi City 1,4G,Postpaid,6
AIR105597,2024-07-05,Gujarat,Gujarat City 2,4G,Broadband,1.3
AIR105598,2020-05-16,Rajasthan,Rajasthan City 1,4G,Postpaid,5.5
AIR105599,2022-06-04,Kerala,Kerala City 3,4G,Postpaid,3.5
AIR105600,2023-12-20,Rajasthan,Rajasthan City 1,5G,Prepaid,1.2
AIR105601,2023-05-26,Kerala,Kerala City 2,4G,Postpaid,1.8
AIR105602,2022-04-11,Uttar Pradesh,Uttar Pradesh City 1,4G,Enterprise,3
AIR105603,2021-11-22,West Bengal,West Bengal City 1,5G,Prepaid,3.5
AIR105604,2021-03-23,Tamil Nadu,Tamil Nadu City 1,5G,Prepaid,4.2
AIR105605,2024-03-21,Telangana,Telangana City 2,4G,Postpaid,1.3
AIR105606,2024-02-22,Delhi,Delhi City 3,5G,Prepaid,1.5
AIR105607,2020-06-24,Kerala,Kerala City 3,4G,Prepaid,5.2
AIR105608,2020-06-01,Gujarat,Gujarat City 3,4G,Prepaid,5.4
AIR105609,2021-07-23,Kerala,Kerala City 1,4G,Prepaid,4.3
AIR105610,2019-05-13,Tamil Nadu,Tamil Nadu City 1,4G,Prepaid,6.6
AIR105611,2024-11-13,Rajasthan,Rajasthan City 2,4G,Broadband,0.3
AIR105612,2020-02-28,Karnataka,Karnataka City 3,4G,Postpaid,5
AIR105613,2021-05-07,Rajasthan,Rajasthan City 1,4G,Prepaid,3.9
AIR105614,2019-03-23,Uttar Pradesh,Uttar Pradesh City 1,5G,Prepaid,6.1
AIR105615,2023-10-19,Karnataka,Karnataka City 1,4G,Prepaid,1.7
AIR105616,2021-07-04,Rajasthan,Rajasthan City 2,5G,Broadband,4
AIR105617,2023-07-25,Gujarat,Gujarat City 3,5G,Prepaid,2.1
AIR105618,2024-02-07,Rajasthan,Rajasthan City 2,4G,Enterprise,1.6
AIR105619,2020-01-01,Gujarat,Gujarat City 3,4G,Prepaid,5.8
AIR105620,2024-01-23,Gujarat,Gujarat City 3,4G,Broadband,1.8
AIR105621,2022-01-21,Karnataka,Karnataka City 1,5G,Prepaid,3.9
AIR105622,2024-10-19,West Bengal,West Bengal City 1,4G,Prepaid,0.3
AIR105623,2019-11-22,Maharashtra,Maharashtra City 1,4G,Prepaid,5.3
AIR105624,2023-03-11,Telangana,Telangana City 1,5G,Postpaid,2.1
AIR105625,2022-09-11,Kerala,Kerala City 1,4G,Prepaid,2.7
AIR105626,2021-12-06,Maharashtra,Maharashtra City 3,4G,Prepaid,3.5
AIR105627,2023-10-20,Tamil Nadu,Tamil Nadu City 1,4G,Broadband,1.7
AIR105628,2024-11-06,West Bengal,West Bengal City 1,5G,Prepaid,0.8
AIR105629,2022-06-04,Maharashtra,Maharashtra City 2,5G,Prepaid,3.3
AIR105630,2022-11-21,Karnataka,Karnataka City 2,4G,Broadband,2.9
AIR105631,2023-11-11,Tamil Nadu,Tamil Nadu City 3,4G,Postpaid,2
AIR105632,2021-07-14,Delhi,Delhi City 3,5G,Broadband,4.4
AIR105633,2019-06-19,West Bengal,West Bengal City 2,5G,Prepaid,5.7
AIR105634,2022-10-20,Maharashtra,Maharashtra City 2,5G,Prepaid,2.4
AIR105635,2022-06-09,Tamil Nadu,Tamil Nadu City 1,4G,Prepaid,2.9
AIR105636,2020-09-11,Delhi,Delhi City 1,5G,Broadband,4.7
AIR105637,2022-06-10,Rajasthan,Rajasthan City 3,4G,Broadband,3
AIR105638,2020-11-12,Tamil Nadu,Tamil Nadu City 2,4G,Enterprise,4.7
AIR105639,2024-09-15,Karnataka,Karnataka City 3,5G,Prepaid,0.9
AIR105640,2022-11-26,Rajasthan,Rajasthan City 1,4G,Broadband,2.8
AIR105641,2021-10-07,Karnataka,Karnataka City 3,5G,Prepaid,4
AIR105642,2020-03-01,Maharashtra,Maharashtra City 3,4G,Postpaid,5.7
AIR105643,2024-04-12,Telangana,Telangana City 3,5G,Broadband,1.7
AIR105644,2019-08-05,Maharashtra,Maharashtra City 1,4G,Prepaid,5.5
AIR105645,2020-09-01,Rajasthan,Rajasthan City 3,4G,Prepaid,4.5
AIR105646,2019-12-24,Gujarat,Gujarat City 1,4G,Prepaid,5.3
AIR105647,2019-07-05,Maharashtra,Maharashtra City 2,4G,Postpaid,5.9
AIR105648,2020-12-25,Rajasthan,Rajasthan City 3,5G,Prepaid,4.5
AIR105649,2021-05-19,Tamil Nadu,Tamil Nadu City 3,4G,Prepaid,4.2
AIR105650,2021-04-03,Uttar Pradesh,Uttar Pradesh City 1,4G,Enterprise,4.4
AIR105651,2023-11-03,Maharashtra,Maharashtra City 3,4G,Prepaid,1.9
AIR105652,2024-05-31,Tamil Nadu,Tamil Nadu City 1,5G,Prepaid,1.4
AIR105653,2020-11-09,Karnataka,Karnataka City 3,4G,Postpaid,5
AIR105654,2022-03-30,West Bengal,West Bengal City 2,4G,Broadband,3.7
AIR105655,2019-10-11,Telangana,Telangana City 2,4G,Prepaid,5.3
AIR105656,2019-07-03,Karnataka,Karnataka City 2,5G,Postpaid,5.7
AIR105657,2024-12-29,Karnataka,Karnataka City 3,4G,Prepaid,0.3
AIR105658,2023-06-08,Rajasthan,Rajasthan City 3,4G,Postpaid,1.9
AIR105659,2019-08-19,Gujarat,Gujarat City 2,5G,Prepaid,5.8
AIR105660,2021-01-04,Kerala,Kerala City 2,5G,Prepaid,4.5
AIR105661,2019-06-07,Uttar Pradesh,Uttar Pradesh City 1,4G,Postpaid,6.2
AIR105662,2022-09-03,Gujarat,Gujarat City 1,5G,Broadband,3
AIR105663,2022-04-23,Rajasthan,Rajasthan City 2,4G,Postpaid,3.5
AIR105664,2021-12-11,Telangana,Telangana City 2,4G,Broadband,3.9
AIR105665,2021-10-23,Uttar Pradesh,Uttar Pradesh City 3,4G,Postpaid,4.1
AIR105666,2024-10-25,Uttar Pradesh,Uttar Pradesh City 2,5G,Prepaid,0.3
AIR105667,2023-07-29,Rajasthan,Rajasthan City 1,4G,Prepaid,1.6
AIR105668,2024-02-05,Delhi,Delhi City 1,4G,Broadband,1.2
AIR105669,2021-11-05,Karnataka,Karnataka City 1,4G,Postpaid,3.5
AIR105670,2021-06-22,West Bengal,West Bengal City 1,5G,Enterprise,4
AIR105671,2021-06-07,Delhi,Delhi City 1,4G,Prepaid,4.1
AIR105672,2022-07-14,Rajasthan,Rajasthan City 1,4G,Prepaid,3.1
AIR105673,2022-08-22,Delhi,Delhi City 2,4G,Prepaid,3.1
AIR105674,2021-10-26,West Bengal,West Bengal City 1,4G,Prepaid,4
AIR105675,2022-02-07,Rajasthan,Rajasthan City 1,5G,Prepaid,3.8
AIR105676,2019-05-23,Rajasthan,Rajasthan City 1,4G,Prepaid,6.6
AIR105677,2024-04-14,Uttar Pradesh,Uttar Pradesh City 1,5G,Postpaid,0.8
AIR105678,2023-08-18,Delhi,Delhi City 2,4G,Prepaid,1.6
AIR105679,2019-07-26,Tamil Nadu,Tamil Nadu City 3,5G,Prepaid,5.7
AIR105680,2019-06-15,Maharashtra,Maharashtra City 3,4G,Postpaid,5.9
AIR105681,2024-06-20,Rajasthan,Rajasthan City 3,4G,Postpaid,1
AIR105682,2020-01-29,Delhi,Delhi City 3,5G,Postpaid,5.5
AIR105683,2019-05-01,Kerala,Kerala City 1,5G,Postpaid,6.3
AIR105684,2020-02-17,Telangana,Telangana City 3,4G,Broadband,5.6
AIR105685,2024-05-29,Kerala,Kerala City 3,4G,Postpaid,1.4
AIR105686,2020-02-25,Delhi,Delhi City 2,4G,Broadband,5.7
AIR105687,2023-09-26,Karnataka,Karnataka City 2,5G,Postpaid,2.2
AIR105688,2019-09-25,Karnataka,Karnataka City 2,4G,Prepaid,5.4
AIR105689,2024-09-16,Delhi,Delhi City 1,4G,Prepaid,0.5
AIR105690,2023-11-13,Uttar Pradesh,Uttar Pradesh City 1,4G,Postpaid,1.4
AIR105691,2019-07-18,Uttar Pradesh,Uttar Pradesh City 1,5G,Postpaid,5.8
AIR105692,2019-01-05,Rajasthan,Rajasthan City 2,4G,Postpaid,6.4
AIR105693,2022-12-26,West Bengal,West Bengal City 3,4G,Prepaid,2.6
AIR105694,2021-09-15,Maharashtra,Maharashtra City 2,4G,Postpaid,3.9
AIR105695,2022-10-26,Rajasthan,Rajasthan City 1,4G,Postpaid,2.9
AIR105696,2021-06-13,Kerala,Kerala City 2,4G,Postpaid,4.3
AIR105697,2024-03-05,Maharashtra,Maharashtra City 3,5G,Postpaid,1.7
AIR105698,2024-11-20,Kerala,Kerala City 1,5G,Enterprise,1.1
AIR105699,2024-04-15,Uttar Pradesh,Uttar Pradesh City 3,4G,Prepaid,0.8
AIR105700,2020-10-11,Delhi,Delhi City 3,5G,Prepaid,4.4
AIR105701,2024-01-03,West Bengal,West Bengal City 1,4G,Broadband,1.3
AIR105702,2024-10-14,Kerala,Kerala City 3,4G,Prepaid,0.6
AIR105703,2020-08-01,Uttar Pradesh,Uttar Pradesh City 2,5G,Postpaid,4.9
AIR105704,2019-02-16,West Bengal,West Bengal City 3,4G,Prepaid,6.4
AIR105705,2019-12-31,Rajasthan,Rajasthan City 3,4G,Prepaid,5.6
AIR105706,2024-10-16,Delhi,Delhi City 3,5G,Prepaid,0.9
AIR105707,2019-03-14,Telangana,Telangana City 2,4G,Prepaid,6.6
AIR105708,2022-07-06,Karnataka,Karnataka City 3,5G,Prepaid,3.4
AIR105709,2024-07-15,Gujarat,Gujarat City 3,5G,Prepaid,1.4
AIR105710,2024-09-08,West Bengal,West Bengal City 2,4G,Postpaid,0.4
AIR105711,2021-10-23,Telangana,Telangana City 1,4G,Postpaid,3.4
AIR105712,2023-03-25,Telangana,Telangana City 1,4G,Broadband,2.1
AIR105713,2023-03-24,West Bengal,West Bengal City 1,4G,Broadband,2.1
AIR105714,2020-06-04,Telangana,Telangana City 3,4G,Prepaid,5
AIR105715,2020-02-05,Kerala,Kerala City 1,5G,Broadband,5.4
AIR105716,2023-08-15,Telangana,Telangana City 2,4G,Postpaid,2
AIR105717,2024-06-14,Uttar Pradesh,Uttar Pradesh City 3,4G,Postpaid,1.3
AIR105718,2024-07-29,Maharashtra,Maharashtra City 3,4G,Postpaid,1.2
AIR105719,2020-10-15,Kerala,Kerala City 3,4G,Prepaid,5.1
AIR105720,2021-08-07,Telangana,Telangana City 1,5G,Postpaid,4.4
AIR105721,2021-04-27,Rajasthan,Rajasthan City 1,4G,Prepaid,3.8
AIR105722,2023-02-04,Karnataka,Karnataka City 1,5G,Prepaid,2.1
AIR105723,2021-07-23,Delhi,Delhi City 3,4G,Prepaid,3.7
AIR105724,2022-10-27,Telangana,Telangana City 2,4G,Prepaid,2.5
AIR105725,2020-06-22,Tamil Nadu,Tamil Nadu City 3,4G,Broadband,5
AIR105726,2019-03-12,Karnataka,Karnataka City 2,4G,Enterprise,6.3
AIR105727,2023-02-14,Rajasthan,Rajasthan City 3,4G,Prepaid,2.5
AIR105728,2023-10-21,Uttar Pradesh,Uttar Pradesh City 2,4G,Prepaid,1.9
AIR105729,2023-12-31,Telangana,Telangana City 3,5G,Prepaid,1.8
AIR105730,2019-09-13,Uttar Pradesh,Uttar Pradesh City 3,4G,Broadband,6.2
AIR105731,2025-01-03,Telangana,Telangana City 2,5G,Prepaid,0.9
AIR105732,2021-06-20,Gujarat,Gujarat City 2,4G,Broadband,3.7
AIR105733,2020-10-31,Maharashtra,Maharashtra City 2,4G,Postpaid,4.4
AIR105734,2024-02-27,Uttar Pradesh,Uttar Pradesh City 2,4G,Broadband,1.1
AIR105735,2019-05-20,Maharashtra,Maharashtra City 2,4G,Postpaid,6
AIR105736,2022-12-17,Karnataka,Karnataka City 2,5G,Postpaid,2.5
AIR105737,2019-03-05,Gujarat,Gujarat City 2,4G,Postpaid,6.4
AIR105738,2022-07-18,Delhi,Delhi City 2,4G,Broadband,3.1
AIR105739,2023-09-18,Kerala,Kerala City 3,4G,Broadband,2
AIR105740,2021-05-17,Maharashtra,Maharashtra City 2,4G,Postpaid,4.4
AIR105741,2020-05-27,Gujarat,Gujarat City 2,5G,Postpaid,5.5
AIR105742,2021-10-27,Maharashtra,Maharashtra City 3,4G,Broadband,4.1
AIR105743,2022-11-17,West Bengal,West Bengal City 3,5G,Broadband,2.2
AIR105744,2024-09-25,Rajasthan,Rajasthan City 1,4G,Postpaid,0.5
AIR105745,2021-05-17,Delhi,Delhi City 1,5G,Prepaid,3.9
AIR105746,2021-02-16,Rajasthan,Rajasthan City 2,5G,Prepaid,4.2
AIR105747,2021-10-22,Telangana,Telangana City 2,4G,Broadband,3.6
AIR105748,2019-12-25,Maharashtra,Maharashtra City 1,4G,Prepaid,5.6
AIR105749,2023-02-09,Telangana,Telangana City 1,5G,Prepaid,2.5
AIR105750,2024-04-22,Tamil Nadu,Tamil Nadu City 2,4G,Prepaid,1.4
AIR105751,2022-12-16,Maharashtra,Maharashtra City 1,5G,Postpaid,2.8
AIR105752,2021-03-25,Gujarat,Gujarat City 2,4G,Postpaid,4.6
AIR105753,2020-08-18,Delhi,Delhi City 3,4G,Prepaid,5.3
AIR105754,2021-08-28,Telangana,Telangana City 3,5G,Prepaid,3.5
AIR105755,2019-08-15,Maharashtra,Maharashtra City 1,4G,Postpaid,5.6
AIR105756,2021-03-27,Tamil Nadu,Tamil Nadu City 3,4G,Broadband,4.1
AIR105757,2024-06-13,Rajasthan,Rajasthan City 3,4G,Prepaid,0.9
AIR105758,2025-01-07,Gujarat,Gujarat City 3,4G,Prepaid,0.4
AIR105759,2024-01-16,West Bengal,West Bengal City 3,5G,Postpaid,1.5
AIR105760,2024-08-26,Maharashtra,Maharashtra City 2,5G,Broadband,1
AIR105761,2024-03-27,West Bengal,West Bengal City 2,5G,Postpaid,1.5
AIR105762,2023-03-18,Karnataka,Karnataka City 1,4G,Postpaid,2.6
AIR105763,2023-01-09,Delhi,Delhi City 3,4G,Broadband,2.9
AIR105764,2022-09-26,Maharashtra,Maharashtra City 3,5G,Prepaid,3.2
AIR105765,2021-12-20,Uttar Pradesh,Uttar Pradesh City 3,4G,Prepaid,3.2
AIR105766,2019-09-24,Tamil Nadu,Tamil Nadu City 1,4G,Postpaid,5.5
AIR105767,2022-01-25,Telangana,Telangana City 2,5G,Broadband,3.2
AIR105768,2022-07-30,Uttar Pradesh,Uttar Pradesh City 3,4G,Postpaid,2.8
AIR105769,2022-06-24,Karnataka,Karnataka City 2,4G,Enterprise,3
AIR105770,2019-02-04,Delhi,Delhi City 1,4G,Postpaid,6.4
AIR105771,2021-02-24,Rajasthan,Rajasthan City 2,4G,Postpaid,4.5
AIR105772,2019-03-09,Gujarat,Gujarat City 3,4G,Prepaid,6.5
AIR105773,2019-07-08,West Bengal,West Bengal City 2,5G,Prepaid,6.3
AIR105774,2019-02-10,Karnataka,Karnataka City 2,4G,Postpaid,6.8
AIR105775,2020-08-30,Telangana,Telangana City 1,4G,Prepaid,5.3
AIR105776,2020-11-13,Gujarat,Gujarat City 1,5G,Prepaid,4.3
AIR105777,2021-08-02,Rajasthan,Rajasthan City 1,4G,Broadband,3.6
AIR105778,2021-08-04,Telangana,Telangana City 1,4G,Broadband,3.7
AIR105779,2022-08-24,Tamil Nadu,Tamil Nadu City 2,4G,Prepaid,2.7
AIR105780,2021-05-02,West Bengal,West Bengal City 2,5G,Postpaid,4.1
AIR105781,2021-08-31,Uttar Pradesh,Uttar Pradesh City 1,4G,Prepaid,3.9
AIR105782,2021-01-26,Maharashtra,Maharashtra City 1,4G,Prepaid,4.6
AIR105783,2023-08-22,Karnataka,Karnataka City 3,4G,Postpaid,2.1
AIR105784,2022-07-31,Maharashtra,Maharashtra City 3,4G,Postpaid,3.2
AIR105785,2023-07-01,Gujarat,Gujarat City 1,4G,Prepaid,2.4
AIR105786,2024-05-23,Maharashtra,Maharashtra City 2,4G,Prepaid,1.6
AIR105787,2022-10-03,Uttar Pradesh,Uttar Pradesh City 1,4G,Prepaid,2.4
AIR105788,2022-05-03,Kerala,Kerala City 2,4G,Enterprise,2.9
AIR105789,2023-12-09,Gujarat,Gujarat City 2,4G,Postpaid,1.3
AIR105790,2020-04-28,West Bengal,West Bengal City 3,4G,Prepaid,5
AIR105791,2024-06-30,Telangana,Telangana City 1,4G,Prepaid,1
AIR105792,2020-08-10,West Bengal,West Bengal City 1,5G,Postpaid,4.9
AIR105793,2022-10-03,Maharashtra,Maharashtra City 2,5G,Postpaid,2.9
AIR105794,2022-01-26,Delhi,Delhi City 1,5G,Broadband,3.6
AIR105795,2019-10-09,Gujarat,Gujarat City 3,4G,Prepaid,6
AIR105796,2020-09-21,Telangana,Telangana City 3,4G,Enterprise,5.1
AIR105797,2019-08-11,Rajasthan,Rajasthan City 1,4G,Prepaid,6.3
AIR105798,2019-03-21,Tamil Nadu,Tamil Nadu City 1,4G,Prepaid,5.9
AIR105799,2021-04-05,West Bengal,West Bengal City 3,4G,Prepaid,3.9
AIR105800,2022-09-13,West Bengal,West Bengal City 1,4G,Postpaid,2.6
AIR105801,2021-10-22,Gujarat,Gujarat City 2,4G,Broadband,3.6
AIR105802,2022-05-11,Delhi,Delhi City 1,4G,Postpaid,3.1
AIR105803,2021-04-16,Maharashtra,Maharashtra City 2,4G,Postpaid,4.2
AIR105804,2024-08-05,Maharashtra,Maharashtra City 1,4G,Prepaid,1
AIR105805,2023-01-04,Gujarat,Gujarat City 1,4G,Prepaid,2.7
AIR105806,2020-03-30,West Bengal,West Bengal City 3,4G,Postpaid,5.5
AIR105807,2023-12-16,Telangana,Telangana City 2,5G,Postpaid,1.9
AIR105808,2024-08-28,Tamil Nadu,Tamil Nadu City 3,4G,Postpaid,1.3
AIR105809,2024-03-18,Gujarat,Gujarat City 1,4G,Prepaid,0.9
AIR105810,2021-09-05,Telangana,Telangana City 3,5G,Prepaid,3.5
AIR105811,2020-03-08,Telangana,Telangana City 1,4G,Prepaid,5.1
AIR105812,2022-12-23,Rajasthan,Rajasthan City 1,4G,Broadband,2.4
AIR105813,2019-09-09,Uttar Pradesh,Uttar Pradesh City 1,4G,Postpaid,5.8
AIR105814,2024-07-16,Kerala,Kerala City 2,4G,Prepaid,1
AIR105815,2021-03-06,Tamil Nadu,Tamil Nadu City 2,4G,Prepaid,4.4
AIR105816,2024-01-21,Karnataka,Karnataka City 2,4G,Prepaid,1.7
AIR105817,2019-08-09,Delhi,Delhi City 3,4G,Postpaid,6.2
AIR105818,2024-11-30,Kerala,Kerala City 1,5G,Postpaid,1
AIR105819,2020-07-13,Rajasthan,Rajasthan City 3,4G,Enterprise,5.4
AIR105820,2021-12-17,Tamil Nadu,Tamil Nadu City 3,4G,Postpaid,3.2
AIR105821,2023-10-08,Maharashtra,Maharashtra City 1,4G,Prepaid,1.4
AIR105822,2021-02-18,Kerala,Kerala City 3,4G,Postpaid,4.2
AIR105823,2020-09-27,Maharashtra,Maharashtra City 1,5G,Postpaid,4.6
AIR105824,2021-11-05,Delhi,Delhi City 1,4G,Prepaid,3.6
AIR105825,2024-09-03,Maharashtra,Maharashtra City 1,5G,Broadband,0.9
AIR105826,2022-11-25,Delhi,Delhi City 1,4G,Broadband,2.7
AIR105827,2023-12-09,Tamil Nadu,Tamil Nadu City 3,5G,Postpaid,1.8
AIR105828,2022-10-20,West Bengal,West Bengal City 3,4G,Postpaid,3
AIR105829,2024-10-19,Delhi,Delhi City 3,4G,Postpaid,1.1
AIR105830,2023-05-02,Telangana,Telangana City 2,5G,Postpaid,2.6
AIR105831,2024-09-03,Karnataka,Karnataka City 3,5G,Prepaid,0.5
AIR105832,2020-04-02,Karnataka,Karnataka City 3,4G,Prepaid,5
AIR105833,2019-07-30,Gujarat,Gujarat City 2,5G,Prepaid,5.7
AIR105834,2021-11-28,Karnataka,Karnataka City 1,4G,Postpaid,3.5
AIR105835,2020-11-07,Gujarat,Gujarat City 1,4G,Prepaid,4.6
AIR105836,2024-11-12,Karnataka,Karnataka City 1,4G,Postpaid,0.7
AIR105837,2022-11-14,Delhi,Delhi City 2,5G,Postpaid,2.8
AIR105838,2021-06-24,Telangana,Telangana City 3,5G,Prepaid,4.2
AIR105839,2022-07-15,West Bengal,West Bengal City 3,4G,Postpaid,3.3
AIR105840,2023-02-26,Maharashtra,Maharashtra City 3,4G,Prepaid,2.7
AIR105841,2023-07-12,Rajasthan,Rajasthan City 3,4G,Prepaid,2.4
AIR105842,2021-12-25,Karnataka,Karnataka City 2,4G,Prepaid,3.1
AIR105843,2022-11-11,West Bengal,West Bengal City 3,4G,Enterprise,2.3
AIR105844,2019-04-22,West Bengal,West Bengal City 1,4G,Postpaid,6
AIR105845,2024-11-28,Delhi,Delhi City 2,4G,Prepaid,0.5
AIR105846,2023-02-19,Tamil Nadu,Tamil Nadu City 2,4G,Enterprise,2.3
AIR105847,2024-04-28,Tamil Nadu,Tamil Nadu City 1,4G,Postpaid,1.2
AIR105848,2020-02-17,Karnataka,Karnataka City 1,5G,Prepaid,5.5
AIR105849,2021-08-17,Rajasthan,Rajasthan City 3,4G,Prepaid,4.1
AIR105850,2019-07-05,Karnataka,Karnataka City 1,4G,Prepaid,6.3
AIR105851,2023-04-26,Karnataka,Karnataka City 2,4G,Postpaid,2.6
AIR105852,2019-02-20,Gujarat,Gujarat City 2,4G,Postpaid,6.8
AIR105853,2022-03-15,Telangana,Telangana City 2,4G,Prepaid,2.9
AIR105854,2019-12-21,Telangana,Telangana City 3,4G,Prepaid,5.2
AIR105855,2022-07-31,Rajasthan,Rajasthan City 3,5G,Prepaid,2.7
AIR105856,2019-02-05,Gujarat,Gujarat City 1,4G,Prepaid,6.3
AIR105857,2019-10-04,West Bengal,West Bengal City 3,4G,Postpaid,5.7
AIR105858,2023-09-16,Gujarat,Gujarat City 3,4G,Prepaid,1.8
AIR105859,2022-09-10,Karnataka,Karnataka City 2,4G,Postpaid,2.9
AIR105860,2024-01-10,Tamil Nadu,Tamil Nadu City 2,5G,Broadband,1.7
AIR105861,2021-06-07,Kerala,Kerala City 1,5G,Prepaid,4.4
AIR105862,2020-02-08,Rajasthan,Rajasthan City 2,4G,Prepaid,5.8
AIR105863,2020-05-28,West Bengal,West Bengal City 3,4G,Prepaid,5.5
AIR105864,2022-06-23,Delhi,Delhi City 1,5G,Postpaid,2.7
AIR105865,2021-12-05,Kerala,Kerala City 1,4G,Postpaid,3.3
AIR105866,2024-10-23,Kerala,Kerala City 2,5G,Postpaid,0.5
AIR105867,2022-03-18,Gujarat,Gujarat City 2,5G,Postpaid,3.2
AIR105868,2024-08-12,Maharashtra,Maharashtra City 2,4G,Prepaid,0.8
AIR105869,2021-10-29,Kerala,Kerala City 1,5G,Prepaid,3.7
AIR105870,2020-05-28,Karnataka,Karnataka City 2,5G,Prepaid,5.2
AIR105871,2019-10-17,Uttar Pradesh,Uttar Pradesh City 3,5G,Postpaid,5.9
AIR105872,2019-03-24,Tamil Nadu,Tamil Nadu City 1,4G,Prepaid,6.6
AIR105873,2024-02-28,Tamil Nadu,Tamil Nadu City 2,4G,Postpaid,1.7
AIR105874,2023-05-03,Uttar Pradesh,Uttar Pradesh City 3,4G,Postpaid,2.6
AIR105875,2023-07-28,Telangana,Telangana City 3,4G,Prepaid,1.6
AIR105876,2024-01-10,Karnataka,Karnataka City 2,4G,Postpaid,1.2
AIR105877,2021-08-07,Delhi,Delhi City 3,4G,Enterprise,3.7
AIR105878,2022-08-08,Kerala,Kerala City 1,4G,Prepaid,2.8
AIR105879,2020-10-09,Telangana,Telangana City 1,4G,Prepaid,4.7
AIR105880,2019-09-23,Karnataka,Karnataka City 3,4G,Prepaid,5.8
AIR105881,2021-05-10,Gujarat,Gujarat City 1,4G,Postpaid,4.3
AIR105882,2019-01-19,Tamil Nadu,Tamil Nadu City 2,5G,Prepaid,6.7
AIR105883,2020-01-06,Telangana,Telangana City 3,4G,Broadband,5.8
AIR105884,2024-01-25,Rajasthan,Rajasthan City 1,4G,Postpaid,1.8
AIR105885,2020-09-10,Kerala,Kerala City 2,5G,Broadband,5.3
AIR105886,2020-10-04,Kerala,Kerala City 2,4G,Prepaid,4.4
AIR105887,2023-03-26,Delhi,Delhi City 1,4G,Broadband,2
AIR105888,2023-10-01,Maharashtra,Maharashtra City 3,5G,Prepaid,1.5
AIR105889,2021-03-27,Rajasthan,Rajasthan City 2,5G,Prepaid,4.1
AIR105890,2024-11-07,Kerala,Kerala City 2,4G,Broadband,0.6
AIR105891,2024-12-31,West Bengal,West Bengal City 2,5G,Prepaid,0.5
AIR105892,2024-01-05,Rajasthan,Rajasthan City 2,5G,Broadband,1.6
AIR105893,2021-05-13,Kerala,Kerala City 3,4G,Postpaid,4.3
AIR105894,2019-07-23,Uttar Pradesh,Uttar Pradesh City 1,4G,Enterprise,6.2
AIR105895,2024-04-14,Rajasthan,Rajasthan City 1,4G,Postpaid,1.6
AIR105896,2023-03-09,Karnataka,Karnataka City 1,4G,Postpaid,2.8
AIR105897,2020-06-12,Rajasthan,Rajasthan City 2,4G,Prepaid,4.7
AIR105898,2019-12-05,Delhi,Delhi City 3,5G,Postpaid,5.3
AIR105899,2024-05-28,Gujarat,Gujarat City 1,4G,Postpaid,0.9
AIR105900,2023-03-13,Gujarat,Gujarat City 3,5G,Postpaid,2.2
AIR105901,2021-12-15,Gujarat,Gujarat City 1,4G,Prepaid,3.5
AIR105902,2020-07-09,Karnataka,Karnataka City 2,4G,Prepaid,5
AIR105903,2021-07-19,Telangana,Telangana City 1,4G,Prepaid,4.1
AIR105904,2022-02-27,Gujarat,Gujarat City 2,4G,Prepaid,3.5
AIR105905,2019-04-08,Tamil Nadu,Tamil Nadu City 2,4G,Prepaid,6.5
AIR105906,2021-03-03,Karnataka,Karnataka City 1,5G,Broadband,4.7
AIR105907,2019-03-21,Telangana,Telangana City 3,4G,Prepaid,6.7
AIR105908,2019-10-15,Tamil Nadu,Tamil Nadu City 2,4G,Prepaid,5.3
AIR105909,2023-11-05,Tamil Nadu,Tamil Nadu City 3,5G,Enterprise,1.4
AIR105910,2019-03-12,Tamil Nadu,Tamil Nadu City 1,4G,Prepaid,6.1
AIR105911,2019-09-20,West Bengal,West Bengal City 2,4G,Postpaid,5.7
AIR105912,2020-12-12,Delhi,Delhi City 3,4G,Postpaid,4.5
AIR105913,2021-02-23,Delhi,Delhi City 2,5G,Postpaid,4.4
AIR105914,2019-07-29,Karnataka,Karnataka City 1,4G,Postpaid,6
AIR105915,2024-12-04,Tamil Nadu,Tamil Nadu City 2,4G,Postpaid,0.8
AIR105916,2019-11-11,Uttar Pradesh,Uttar Pradesh City 1,4G,Prepaid,5.9
AIR105917,2024-08-20,Rajasthan,Rajasthan City 3,5G,Postpaid,1.2
AIR105918,2021-12-10,Telangana,Telangana City 2,4G,Postpaid,4
AIR105919,2021-10-27,Delhi,Delhi City 3,5G,Prepaid,3.3
AIR105920,2024-04-30,Gujarat,Gujarat City 1,4G,Prepaid,0.9
AIR105921,2021-08-12,Karnataka,Karnataka City 1,4G,Broadband,3.7
AIR105922,2023-04-22,Telangana,Telangana City 3,5G,Postpaid,2.1
AIR105923,2019-09-18,Karnataka,Karnataka City 3,5G,Prepaid,5.7
AIR105924,2023-03-16,Uttar Pradesh,Uttar Pradesh City 1,4G,Broadband,2.3
AIR105925,2019-07-19,West Bengal,West Bengal City 3,4G,Postpaid,6.1
AIR105926,2019-03-31,West Bengal,West Bengal City 1,4G,Enterprise,6.5
AIR105927,2020-08-13,Tamil Nadu,Tamil Nadu City 3,4G,Broadband,5.2
AIR105928,2024-10-03,West Bengal,West Bengal City 1,5G,Postpaid,1.1
AIR105929,2024-04-19,Karnataka,Karnataka City 1,4G,Postpaid,1.7
AIR105930,2022-05-29,Gujarat,Gujarat City 2,4G,Postpaid,2.7
AIR105931,2019-04-02,Tamil Nadu,Tamil Nadu City 1,5G,Broadband,6
AIR105932,2024-10-04,Kerala,Kerala City 1,4G,Postpaid,0.5
AIR105933,2024-05-19,Telangana,Telangana City 2,4G,Prepaid,1
AIR105934,2019-03-02,Uttar Pradesh,Uttar Pradesh City 2,5G,Prepaid,6.3
AIR105935,2024-03-10,Tamil Nadu,Tamil Nadu City 3,4G,Prepaid,1.3
AIR105936,2024-12-04,Karnataka,Karnataka City 3,5G,Broadband,0.7
AIR105937,2020-08-12,Telangana,Telangana City 1,4G,Broadband,5.1
AIR105938,2019-08-24,Gujarat,Gujarat City 3,4G,Postpaid,6.1
AIR105939,2024-09-11,Maharashtra,Maharashtra City 3,4G,Postpaid,1.2
AIR105940,2021-02-24,Uttar Pradesh,Uttar Pradesh City 1,4G,Broadband,4.8
AIR105941,2022-01-02,Karnataka,Karnataka City 2,5G,Prepaid,3.1
AIR105942,2019-01-21,Uttar Pradesh,Uttar Pradesh City 2,5G,Prepaid,6.1
AIR105943,2024-03-03,Delhi,Delhi City 1,5G,Postpaid,1.1
AIR105944,2022-03-23,Maharashtra,Maharashtra City 1,4G,Broadband,3.1
AIR105945,2022-07-01,Telangana,Telangana City 1,5G,Postpaid,3
AIR105946,2022-05-15,West Bengal,West Bengal City 1,5G,Prepaid,3.2
AIR105947,2019-10-29,Karnataka,Karnataka City 1,4G,Prepaid,5.8
AIR105948,2021-02-11,Uttar Pradesh,Uttar Pradesh City 1,5G,Postpaid,4.6
AIR105949,2021-12-03,Telangana,Telangana City 3,4G,Broadband,3.9
AIR105950,2020-02-23,West Bengal,West Bengal City 3,4G,Postpaid,5.7
AIR105951,2023-03-21,Gujarat,Gujarat City 3,5G,Prepaid,2.7
AIR105952,2019-03-03,Gujarat,Gujarat City 2,4G,Prepaid,6
AIR105953,2021-05-07,Uttar Pradesh,Uttar Pradesh City 1,4G,Broadband,3.9
AIR105954,2020-06-21,Tamil Nadu,Tamil Nadu City 1,4G,Prepaid,4.8
AIR105955,2022-09-02,Delhi,Delhi City 3,5G,Prepaid,2.7
AIR105956,2022-12-29,Tamil Nadu,Tamil Nadu City 2,4G,Broadband,2.5
AIR105957,2024-02-04,Delhi,Delhi City 3,4G,Enterprise,1.4
AIR105958,2020-11-26,Karnataka,Karnataka City 1,4G,Postpaid,4.7
AIR105959,2021-03-28,Kerala,Kerala City 1,4G,Postpaid,4.5
AIR105960,2022-11-05,Uttar Pradesh,Uttar Pradesh City 3,5G,Prepaid,2.9
AIR105961,2021-07-08,Rajasthan,Rajasthan City 3,4G,Prepaid,4.4
AIR105962,2021-09-01,Uttar Pradesh,Uttar Pradesh City 1,4G,Prepaid,4.3
AIR105963,2020-06-25,Maharashtra,Maharashtra City 3,4G,Postpaid,4.6
AIR105964,2023-09-08,West Bengal,West Bengal City 1,5G,Prepaid,1.5
AIR105965,2021-02-28,Maharashtra,Maharashtra City 3,4G,Broadband,4.1
AIR105966,2024-09-11,Gujarat,Gujarat City 2,5G,Prepaid,0.7
AIR105967,2020-08-03,Delhi,Delhi City 1,4G,Postpaid,4.9
AIR105968,2024-08-03,West Bengal,West Bengal City 2,4G,Postpaid,0.9
AIR105969,2019-12-18,Gujarat,Gujarat City 3,5G,Postpaid,5.7
AIR105970,2021-12-09,West Bengal,West Bengal City 2,5G,Prepaid,3.8
AIR105971,2024-07-24,Tamil Nadu,Tamil Nadu City 3,5G,Broadband,1.2
AIR105972,2022-07-01,Gujarat,Gujarat City 2,5G,Prepaid,3.4
AIR105973,2023-08-27,Tamil Nadu,Tamil Nadu City 2,5G,Postpaid,2.3
AIR105974,2019-09-30,Tamil Nadu,Tamil Nadu City 2,5G,Postpaid,5.4
AIR105975,2024-02-26,West Bengal,West Bengal City 1,5G,Prepaid,1
AIR105976,2019-09-07,Telangana,Telangana City 2,4G,Postpaid,5.6
AIR105977,2022-06-14,Maharashtra,Maharashtra City 3,4G,Postpaid,2.9
AIR105978,2019-08-20,Gujarat,Gujarat City 3,4G,Broadband,5.8
AIR105979,2021-08-14,Rajasthan,Rajasthan City 1,5G,Broadband,3.9
AIR105980,2020-09-25,Telangana,Telangana City 1,4G,Prepaid,4.9
AIR105981,2019-08-30,Maharashtra,Maharashtra City 3,5G,Prepaid,6
AIR105982,2024-12-21,Gujarat,Gujarat City 2,4G,Prepaid,0.8
AIR105983,2021-12-30,Delhi,Delhi City 3,4G,Enterprise,3.9
AIR105984,2021-10-20,Maharashtra,Maharashtra City 1,4G,Prepaid,4.2
AIR105985,2022-07-26,Rajasthan,Rajasthan City 1,4G,Postpaid,2.6
AIR105986,2019-08-07,Uttar Pradesh,Uttar Pradesh City 3,4G,Postpaid,5.6
AIR105987,2020-11-27,Karnataka,Karnataka City 2,4G,Postpaid,4.4
AIR105988,2019-11-03,Tamil Nadu,Tamil Nadu City 2,5G,Prepaid,5.5
AIR105989,2024-07-16,Karnataka,Karnataka City 1,4G,Prepaid,0.9
AIR105990,2019-11-10,Telangana,Telangana City 3,4G,Prepaid,5.7
AIR105991,2023-10-19,Uttar Pradesh,Uttar Pradesh City 3,4G,Prepaid,1.8
AIR105992,2023-12-22,Tamil Nadu,Tamil Nadu City 1,5G,Prepaid,1.7
AIR105993,2022-11-29,Gujarat,Gujarat City 3,4G,Prepaid,2.9
AIR105994,2022-11-03,Telangana,Telangana City 1,4G,Postpaid,3
AIR105995,2019-10-08,Rajasthan,Rajasthan City 2,4G,Prepaid,6.2
AIR105996,2023-07-19,West Bengal,West Bengal City 2,4G,Prepaid,1.6
AIR105997,2019-02-04,Gujarat,Gujarat City 3,5G,Prepaid,6.1
AIR105998,2024-10-18,Maharashtra,Maharashtra City 2,5G,Prepaid,0.5
AIR105999,2019-12-26,West Bengal,West Bengal City 2,4G,Prepaid,5.4
AIR106000,2023-09-10,Telangana,Telangana City 1,4G,Prepaid,1.8
AIR106001,2024-04-18,Maharashtra,Maharashtra City 1,4G,Postpaid,1.2
AIR106002,2020-02-12,Rajasthan,Rajasthan City 3,4G,Prepaid,5.5
AIR106003,2023-05-04,Karnataka,Karnataka City 1,5G,Broadband,2.4
AIR106004,2020-08-02,Maharashtra,Maharashtra City 3,4G,Prepaid,5.2
AIR106005,2020-08-28,Karnataka,Karnataka City 3,4G,Broadband,5.2
AIR106006,2022-11-08,Tamil Nadu,Tamil Nadu City 1,4G,Broadband,3.1
AIR106007,2024-10-29,Delhi,Delhi City 2,5G,Postpaid,0.3
AIR106008,2024-09-23,Kerala,Kerala City 2,5G,Broadband,0.5
AIR106009,2019-05-17,Gujarat,Gujarat City 2,5G,Prepaid,5.9
AIR106010,2021-09-05,Kerala,Kerala City 2,4G,Prepaid,3.7
AIR106011,2021-03-30,Tamil Nadu,Tamil Nadu City 3,4G,Prepaid,4.2
AIR106012,2023-01-24,Maharashtra,Maharashtra City 2,4G,Prepaid,2.5
AIR106013,2020-04-11,Tamil Nadu,Tamil Nadu City 3,4G,Prepaid,5.3
AIR106014,2021-04-17,Kerala,Kerala City 1,4G,Postpaid,4.4
AIR106015,2021-09-01,Kerala,Kerala City 1,4G,Prepaid,4.1
AIR106016,2020-09-14,Gujarat,Gujarat City 3,4G,Prepaid,5.2
AIR106017,2024-04-06,West Bengal,West Bengal City 2,5G,Prepaid,1.7
AIR106018,2021-12-27,Uttar Pradesh,Uttar Pradesh City 3,4G,Postpaid,3.1
AIR106019,2023-09-30,Tamil Nadu,Tamil Nadu City 2,4G,Enterprise,1.5
AIR106020,2023-12-05,Delhi,Delhi City 2,4G,Postpaid,1.4
AIR106021,2021-10-12,Uttar Pradesh,Uttar Pradesh City 3,4G,Prepaid,3.6
AIR106022,2024-11-12,Tamil Nadu,Tamil Nadu City 3,4G,Prepaid,0.6
AIR106023,2023-10-15,Rajasthan,Rajasthan City 2,4G,Postpaid,1.7
AIR106024,2020-11-15,Telangana,Telangana City 3,4G,Prepaid,4.7
AIR106025,2022-12-27,Telangana,Telangana City 2,4G,Enterprise,2.7
AIR106026,2020-01-04,Kerala,Kerala City 3,4G,Prepaid,5.8
AIR106027,2019-12-17,Telangana,Telangana City 1,4G,Prepaid,5.9
AIR106028,2022-06-03,Karnataka,Karnataka City 2,4G,Enterprise,3.5
AIR106029,2024-05-05,Delhi,Delhi City 1,4G,Broadband,0.8
AIR106030,2024-10-21,Telangana,Telangana City 3,4G,Postpaid,0.4
AIR106031,2020-06-01,Maharashtra,Maharashtra City 1,5G,Prepaid,4.9
AIR106032,2022-09-06,Karnataka,Karnataka City 3,4G,Postpaid,2.7
AIR106033,2019-01-22,Uttar Pradesh,Uttar Pradesh City 2,4G,Prepaid,6.4
AIR106034,2019-06-28,Karnataka,Karnataka City 3,5G,Prepaid,6
AIR106035,2022-02-06,Tamil Nadu,Tamil Nadu City 3,5G,Prepaid,3.5
AIR106036,2023-01-19,Kerala,Kerala City 2,5G,Postpaid,2.7
AIR106037,2023-05-10,Gujarat,Gujarat City 3,5G,Postpaid,2.4
AIR106038,2022-06-06,Gujarat,Gujarat City 2,4G,Prepaid,3.4
AIR106039,2021-07-26,Rajasthan,Rajasthan City 3,4G,Broadband,4.4
AIR106040,2020-06-14,Delhi,Delhi City 2,4G,Prepaid,4.7
AIR106041,2024-04-04,Tamil Nadu,Tamil Nadu City 1,5G,Prepaid,0.9
AIR106042,2021-08-16,Gujarat,Gujarat City 3,4G,Postpaid,3.7
AIR106043,2021-12-07,Kerala,Kerala City 3,5G,Broadband,3.4
AIR106044,2023-01-28,Uttar Pradesh,Uttar Pradesh City 3,4G,Enterprise,2.4
AIR106045,2020-11-02,Gujarat,Gujarat City 2,4G,Postpaid,4.7
AIR106046,2024-04-17,Maharashtra,Maharashtra City 3,5G,Prepaid,1.3
AIR106047,2022-07-20,Karnataka,Karnataka City 2,5G,Enterprise,3.2
AIR106048,2023-06-20,Gujarat,Gujarat City 3,5G,Broadband,2.3
AIR106049,2024-07-09,Tamil Nadu,Tamil Nadu City 1,5G,Prepaid,1.4
AIR106050,2021-11-19,Telangana,Telangana City 3,4G,Postpaid,4.1
AIR106051,2023-07-15,Telangana,Telangana City 1,4G,Postpaid,1.6
AIR106052,2021-05-28,Uttar Pradesh,Uttar Pradesh City 2,5G,Prepaid,3.8
AIR106053,2025-01-08,Telangana,Telangana City 1,4G,Enterprise,0.3
AIR106054,2022-10-31,Uttar Pradesh,Uttar Pradesh City 3,4G,Prepaid,2.5
AIR106055,2021-01-27,Tamil Nadu,Tamil Nadu City 3,4G,Postpaid,4.4
AIR106056,2019-07-06,Delhi,Delhi City 2,4G,Prepaid,6
AIR106057,2021-05-28,Telangana,Telangana City 3,4G,Postpaid,4.2
AIR106058,2023-01-12,Rajasthan,Rajasthan City 3,5G,Postpaid,2.7
AIR106059,2020-11-03,Kerala,Kerala City 2,4G,Prepaid,4.9
AIR106060,2021-05-25,Karnataka,Karnataka City 2,4G,Prepaid,4.5
AIR106061,2019-04-28,Telangana,Telangana City 1,5G,Enterprise,6.6
AIR106062,2021-12-17,Uttar Pradesh,Uttar Pradesh City 2,4G,Postpaid,3.2
AIR106063,2021-05-20,Tamil Nadu,Tamil Nadu City 3,5G,Postpaid,3.8
AIR106064,2020-12-06,Telangana,Telangana City 2,4G,Prepaid,4.4
AIR106065,2020-04-30,Gujarat,Gujarat City 3,5G,Prepaid,5
AIR106066,2023-04-27,Telangana,Telangana City 1,4G,Postpaid,2.1
AIR106067,2021-10-23,Uttar Pradesh,Uttar Pradesh City 2,4G,Broadband,3.7
AIR106068,2024-05-21,Maharashtra,Maharashtra City 3,5G,Prepaid,1.2
AIR106069,2022-06-06,Maharashtra,Maharashtra City 2,5G,Postpaid,3.3
AIR106070,2022-06-06,Telangana,Telangana City 2,4G,Prepaid,3.4
AIR106071,2021-09-11,Karnataka,Karnataka City 2,5G,Prepaid,4.2
AIR106072,2019-12-09,Tamil Nadu,Tamil Nadu City 2,4G,Postpaid,6
AIR106073,2022-05-24,Rajasthan,Rajasthan City 1,5G,Prepaid,2.7
AIR106074,2023-07-25,Rajasthan,Rajasthan City 3,4G,Prepaid,1.6
AIR106075,2022-02-11,Telangana,Telangana City 2,4G,Postpaid,3.2
AIR106076,2023-09-23,Telangana,Telangana City 3,4G,Postpaid,1.6
AIR106077,2023-11-14,Maharashtra,Maharashtra City 1,4G,Postpaid,1.6
AIR106078,2019-10-21,Uttar Pradesh,Uttar Pradesh City 3,4G,Postpaid,5.7
AIR106079,2019-01-28,Karnataka,Karnataka City 3,4G,Postpaid,6.5
AIR106080,2023-06-08,Telangana,Telangana City 1,4G,Prepaid,2.3
AIR106081,2022-09-06,Rajasthan,Rajasthan City 2,4G,Prepaid,3.1
AIR106082,2020-07-26,Tamil Nadu,Tamil Nadu City 3,4G,Postpaid,5.3
AIR106083,2021-07-16,Delhi,Delhi City 3,5G,Prepaid,4.4
AIR106084,2023-11-14,Gujarat,Gujarat City 2,4G,Broadband,1.3
AIR106085,2023-11-06,Telangana,Telangana City 2,5G,Postpaid,1.4
AIR106086,2022-12-05,Uttar Pradesh,Uttar Pradesh City 3,5G,Prepaid,2.4
AIR106087,2021-12-11,Telangana,Telangana City 1,4G,Postpaid,3.4
AIR106088,2020-01-05,Uttar Pradesh,Uttar Pradesh City 2,5G,Broadband,5.4
AIR106089,2019-06-13,Karnataka,Karnataka City 2,4G,Prepaid,6.1
AIR106090,2022-08-19,Delhi,Delhi City 1,4G,Prepaid,3
AIR106091,2019-12-17,Kerala,Kerala City 3,4G,Broadband,5.7
AIR106092,2023-01-02,Tamil Nadu,Tamil Nadu City 2,4G,Prepaid,2.8
AIR106093,2019-07-20,Tamil Nadu,Tamil Nadu City 3,5G,Prepaid,6.3
AIR106094,2021-11-17,Uttar Pradesh,Uttar Pradesh City 3,4G,Prepaid,4.1
AIR106095,2019-12-03,Maharashtra,Maharashtra City 3,4G,Postpaid,5.2
AIR106096,2019-10-14,Uttar Pradesh,Uttar Pradesh City 1,5G,Postpaid,5.4
AIR106097,2021-11-20,Maharashtra,Maharashtra City 3,4G,Postpaid,3.4
AIR106098,2023-12-01,West Bengal,West Bengal City 3,4G,Broadband,1.5
AIR106099,2023-07-01,Rajasthan,Rajasthan City 2,4G,Postpaid,2
AIR106100,2022-10-18,Tamil Nadu,Tamil Nadu City 2,5G,Enterprise,2.7
AIR106101,2019-04-17,Karnataka,Karnataka City 1,5G,Postpaid,6.3
AIR106102,2019-04-27,Uttar Pradesh,Uttar Pradesh City 1,4G,Prepaid,6.4
AIR106103,2022-06-22,Karnataka,Karnataka City 2,4G,Enterprise,3.3
AIR106104,2024-10-27,Delhi,Delhi City 2,4G,Prepaid,1.1
AIR106105,2021-01-10,Karnataka,Karnataka City 1,4G,Postpaid,4.9
AIR106106,2019-01-23,Telangana,Telangana City 3,5G,Prepaid,6.1
AIR106107,2019-12-27,Rajasthan,Rajasthan City 1,4G,Postpaid,5.2
AIR106108,2020-11-30,Telangana,Telangana City 3,4G,Broadband,4.4
AIR106109,2022-12-21,Gujarat,Gujarat City 2,5G,Prepaid,2.4
AIR106110,2019-08-05,Uttar Pradesh,Uttar Pradesh City 2,5G,Prepaid,5.9
AIR106111,2023-08-17,Tamil Nadu,Tamil Nadu City 2,4G,Prepaid,1.9
AIR106112,2020-09-19,Uttar Pradesh,Uttar Pradesh City 3,4G,Postpaid,4.9
AIR106113,2020-07-20,Rajasthan,Rajasthan City 1,4G,Prepaid,5.2
AIR106114,2024-07-13,Kerala,Kerala City 3,4G,Postpaid,1.3
AIR106115,2024-12-31,Kerala,Kerala City 1,4G,Prepaid,0.9
AIR106116,2019-11-10,Gujarat,Gujarat City 1,4G,Prepaid,6.1
AIR106117,2020-12-29,Rajasthan,Rajasthan City 1,5G,Postpaid,4.1
AIR106118,2020-04-18,West Bengal,West Bengal City 2,5G,Postpaid,4.9
AIR106119,2020-11-15,West Bengal,West Bengal City 1,4G,Prepaid,4.4
AIR106120,2020-08-28,West Bengal,West Bengal City 2,4G,Postpaid,4.7
AIR106121,2022-05-27,Tamil Nadu,Tamil Nadu City 1,5G,Broadband,3.1
AIR106122,2023-05-07,Tamil Nadu,Tamil Nadu City 1,5G,Prepaid,2.2
AIR106123,2022-10-13,West Bengal,West Bengal City 2,5G,Prepaid,2.8
AIR106124,2019-10-02,Kerala,Kerala City 2,4G,Postpaid,6
AIR106125,2024-03-14,Rajasthan,Rajasthan City 3,4G,Prepaid,1.6
AIR106126,2021-01-21,Karnataka,Karnataka City 1,5G,Prepaid,4.8
AIR106127,2023-05-02,Rajasthan,Rajasthan City 2,5G,Postpaid,2.6
AIR106128,2024-06-24,West Bengal,West Bengal City 3,4G,Prepaid,0.6
AIR106129,2020-11-06,Rajasthan,Rajasthan City 3,4G,Prepaid,4.4
AIR106130,2020-12-10,Delhi,Delhi City 2,5G,Enterprise,4.3
AIR106131,2021-07-11,Tamil Nadu,Tamil Nadu City 1,4G,Prepaid,3.8
AIR106132,2020-02-12,Tamil Nadu,Tamil Nadu City 3,5G,Broadband,5.3
AIR106133,2019-05-28,Kerala,Kerala City 1,4G,Prepaid,6.1
AIR106134,2022-01-14,Karnataka,Karnataka City 1,5G,Broadband,3.6
AIR106135,2020-05-17,West Bengal,West Bengal City 3,4G,Postpaid,5.3
AIR106136,2023-11-24,Uttar Pradesh,Uttar Pradesh City 2,4G,Prepaid,1.9
AIR106137,2023-01-30,Kerala,Kerala City 1,5G,Postpaid,2.8
AIR106138,2022-10-25,Kerala,Kerala City 2,5G,Broadband,3.1
AIR106139,2019-04-15,Karnataka,Karnataka City 3,5G,Prepaid,5.8
AIR106140,2023-01-21,Telangana,Telangana City 1,4G,Postpaid,2.1
AIR106141,2022-07-04,West Bengal,West Bengal City 2,5G,Prepaid,2.8
AIR106142,2023-06-05,Uttar Pradesh,Uttar Pradesh City 2,4G,Postpaid,1.9
AIR106143,2022-04-10,Tamil Nadu,Tamil Nadu City 1,4G,Postpaid,3.2
AIR106144,2022-07-20,Karnataka,Karnataka City 2,5G,Prepaid,3
AIR106145,2021-01-28,Uttar Pradesh,Uttar Pradesh City 2,4G,Prepaid,4.5
AIR106146,2021-05-24,Delhi,Delhi City 3,4G,Postpaid,4.3
AIR106147,2019-04-22,Kerala,Kerala City 3,4G,Broadband,6.5
AIR106148,2024-09-01,Karnataka,Karnataka City 2,4G,Prepaid,1.2
AIR106149,2019-07-21,Tamil Nadu,Tamil Nadu City 2,5G,Postpaid,6.4
AIR106150,2020-09-09,Rajasthan,Rajasthan City 1,4G,Prepaid,4.4
AIR106151,2021-09-21,Tamil Nadu,Tamil Nadu City 3,4G,Postpaid,3.5
AIR106152,2019-01-25,Delhi,Delhi City 1,5G,Postpaid,6.2
AIR106153,2020-10-18,Karnataka,Karnataka City 2,4G,Postpaid,4.6
AIR106154,2023-03-12,Delhi,Delhi City 1,4G,Broadband,2.3
AIR106155,2022-10-21,West Bengal,West Bengal City 2,4G,Prepaid,2.7
AIR106156,2020-06-14,West Bengal,West Bengal City 3,4G,Prepaid,5.2
AIR106157,2023-06-06,Rajasthan,Rajasthan City 3,4G,Enterprise,2.3
AIR106158,2019-02-15,Kerala,Kerala City 2,5G,Prepaid,6.7
AIR106159,2021-11-24,Telangana,Telangana City 3,4G,Postpaid,4
AIR106160,2023-04-08,Maharashtra,Maharashtra City 2,4G,Postpaid,2.7
AIR106161,2019-12-31,Uttar Pradesh,Uttar Pradesh City 1,4G,Postpaid,5.1
AIR106162,2022-10-01,Delhi,Delhi City 2,4G,Prepaid,2.5
AIR106163,2022-10-04,Uttar Pradesh,Uttar Pradesh City 1,5G,Prepaid,2.5
AIR106164,2019-12-15,Rajasthan,Rajasthan City 2,4G,Postpaid,5.4
AIR106165,2020-01-08,Uttar Pradesh,Uttar Pradesh City 3,5G,Prepaid,5.4
AIR106166,2023-07-21,Uttar Pradesh,Uttar Pradesh City 2,4G,Postpaid,2
AIR106167,2021-09-11,Tamil Nadu,Tamil Nadu City 2,4G,Postpaid,3.9
AIR106168,2021-09-13,Karnataka,Karnataka City 2,4G,Prepaid,4
AIR106169,2024-11-28,Kerala,Kerala City 3,5G,Prepaid,0.9
AIR106170,2023-04-28,Maharashtra,Maharashtra City 2,4G,Broadband,2.6
AIR106171,2023-03-07,Karnataka,Karnataka City 3,4G,Postpaid,2.8
AIR106172,2021-11-02,Tamil Nadu,Tamil Nadu City 2,5G,Postpaid,3.3
AIR106173,2020-06-06,Uttar Pradesh,Uttar Pradesh City 1,5G,Broadband,4.8
AIR106174,2024-06-12,Maharashtra,Maharashtra City 2,4G,Postpaid,0.8
AIR106175,2022-11-15,Tamil Nadu,Tamil Nadu City 1,5G,Enterprise,2.5
AIR106176,2024-10-03,Tamil Nadu,Tamil Nadu City 3,5G,Prepaid,0.7
AIR106177,2021-11-08,Tamil Nadu,Tamil Nadu City 3,4G,Broadband,3.7
AIR106178,2019-12-29,West Bengal,West Bengal City 2,4G,Prepaid,5.6
AIR106179,2019-01-09,Maharashtra,Maharashtra City 3,4G,Broadband,6.7
AIR106180,2024-09-03,Tamil Nadu,Tamil Nadu City 2,4G,Broadband,1.1
AIR106181,2022-08-22,Telangana,Telangana City 3,5G,Prepaid,3.2
AIR106182,2022-12-28,Uttar Pradesh,Uttar Pradesh City 1,4G,Prepaid,3
AIR106183,2024-07-13,Maharashtra,Maharashtra City 3,4G,Postpaid,0.6
AIR106184,2022-12-16,West Bengal,West Bengal City 1,5G,Prepaid,2.2
AIR106185,2021-12-16,Delhi,Delhi City 2,4G,Postpaid,3.3
AIR106186,2021-04-03,Delhi,Delhi City 2,5G,Prepaid,4.1
AIR106187,2024-10-16,Kerala,Kerala City 2,5G,Broadband,0.7
AIR106188,2021-10-21,Gujarat,Gujarat City 1,5G,Prepaid,3.7
AIR106189,2019-02-17,Telangana,Telangana City 2,5G,Postpaid,6.5
AIR106190,2022-12-11,Delhi,Delhi City 2,4G,Prepaid,2.8
AIR106191,2021-08-02,West Bengal,West Bengal City 1,4G,Prepaid,4.2
AIR106192,2024-05-30,Gujarat,Gujarat City 3,4G,Prepaid,1.5
AIR106193,2024-06-06,Tamil Nadu,Tamil Nadu City 2,4G,Postpaid,1.5
AIR106194,2019-12-21,Tamil Nadu,Tamil Nadu City 3,4G,Prepaid,5.2
AIR106195,2020-03-12,Rajasthan,Rajasthan City 3,4G,Broadband,5
AIR106196,2020-11-30,Uttar Pradesh,Uttar Pradesh City 2,5G,Prepaid,4.4
AIR106197,2024-04-01,Gujarat,Gujarat City 2,5G,Postpaid,1.1
AIR106198,2019-03-31,Uttar Pradesh,Uttar Pradesh City 1,4G,Postpaid,6.2
AIR106199,2020-01-04,West Bengal,West Bengal City 1,4G,Postpaid,5.5
AIR106200,2022-04-07,Telangana,Telangana City 2,4G,Prepaid,3.4
AIR106201,2022-10-18,Gujarat,Gujarat City 3,5G,Postpaid,2.9
AIR106202,2024-03-11,Delhi,Delhi City 1,5G,Postpaid,1.6
AIR106203,2020-12-04,Telangana,Telangana City 1,4G,Prepaid,4.9
AIR106204,2024-12-20,Rajasthan,Rajasthan City 2,4G,Prepaid,1
AIR106205,2023-04-03,Uttar Pradesh,Uttar Pradesh City 2,4G,Prepaid,1.9
AIR106206,2019-04-22,Uttar Pradesh,Uttar Pradesh City 2,5G,Prepaid,5.9
AIR106207,2021-11-29,Telangana,Telangana City 2,4G,Prepaid,3.4
AIR106208,2019-04-12,Tamil Nadu,Tamil Nadu City 1,4G,Prepaid,6.1
AIR106209,2022-10-24,Uttar Pradesh,Uttar Pradesh City 1,5G,Postpaid,2.6
AIR106210,2022-04-12,Rajasthan,Rajasthan City 1,5G,Prepaid,3.3
AIR106211,2019-12-07,Delhi,Delhi City 3,5G,Prepaid,5.7
AIR106212,2021-07-08,Maharashtra,Maharashtra City 1,4G,Prepaid,4.2
AIR106213,2024-05-01,Delhi,Delhi City 1,4G,Postpaid,1.5
AIR106214,2019-07-15,Delhi,Delhi City 2,4G,Prepaid,6.3
AIR106215,2023-05-27,Uttar Pradesh,Uttar Pradesh City 1,4G,Postpaid,2.6
AIR106216,2022-04-20,Karnataka,Karnataka City 1,4G,Postpaid,2.8
AIR106217,2023-12-30,Tamil Nadu,Tamil Nadu City 1,4G,Postpaid,1.2
AIR106218,2022-02-10,Uttar Pradesh,Uttar Pradesh City 2,4G,Prepaid,3.2
AIR106219,2023-08-26,Tamil Nadu,Tamil Nadu City 1,5G,Postpaid,1.7
AIR106220,2023-04-24,West Bengal,West Bengal City 1,4G,Prepaid,2.1
AIR106221,2020-05-19,Karnataka,Karnataka City 3,5G,Broadband,5.2
AIR106222,2024-05-20,Uttar Pradesh,Uttar Pradesh City 3,4G,Postpaid,1.2
AIR106223,2023-03-21,Kerala,Kerala City 3,4G,Postpaid,2.5
AIR106224,2023-11-12,Delhi,Delhi City 3,4G,Enterprise,1.9
AIR106225,2022-04-22,West Bengal,West Bengal City 2,5G,Postpaid,3.6
AIR106226,2024-04-10,Karnataka,Karnataka City 3,4G,Prepaid,1.7
AIR106227,2024-08-17,Uttar Pradesh,Uttar Pradesh City 1,5G,Prepaid,0.5
AIR106228,2022-11-06,Rajasthan,Rajasthan City 3,4G,Postpaid,2.4
AIR106229,2024-07-06,Telangana,Telangana City 2,5G,Broadband,0.8
AIR106230,2020-03-23,Telangana,Telangana City 3,4G,Broadband,5.1
AIR106231,2023-09-17,Tamil Nadu,Tamil Nadu City 3,5G,Postpaid,1.7
AIR106232,2022-03-23,Karnataka,Karnataka City 2,4G,Prepaid,3.3
AIR106233,2019-02-03,Delhi,Delhi City 2,5G,Postpaid,6.5
AIR106234,2020-05-11,Delhi,Delhi City 2,4G,Postpaid,5.3
AIR106235,2024-08-31,Maharashtra,Maharashtra City 2,4G,Prepaid,1.1
AIR106236,2022-11-04,Telangana,Telangana City 2,5G,Postpaid,3
AIR106237,2023-05-22,West Bengal,West Bengal City 2,4G,Postpaid,2.6
AIR106238,2024-04-22,Karnataka,Karnataka City 1,4G,Broadband,0.8
AIR106239,2020-08-12,Delhi,Delhi City 3,5G,Postpaid,4.6
AIR106240,2023-04-24,Maharashtra,Maharashtra City 3,4G,Prepaid,2
AIR106241,2020-11-07,Karnataka,Karnataka City 2,4G,Prepaid,4.5
AIR106242,2022-01-27,Gujarat,Gujarat City 2,4G,Broadband,3.4
AIR106243,2024-08-04,Delhi,Delhi City 1,5G,Broadband,0.9
AIR106244,2024-07-01,Gujarat,Gujarat City 1,4G,Prepaid,1.1
AIR106245,2019-01-01,Karnataka,Karnataka City 2,4G,Postpaid,6.7
AIR106246,2024-07-13,Delhi,Delhi City 1,5G,Broadband,1.3
AIR106247,2021-07-27,Gujarat,Gujarat City 1,5G,Broadband,4.3
AIR106248,2022-07-03,Kerala,Kerala City 2,5G,Postpaid,3.5
AIR106249,2021-05-03,Maharashtra,Maharashtra City 2,5G,Prepaid,3.8
AIR106250,2019-02-19,West Bengal,West Bengal City 2,4G,Postpaid,6.1
AIR106251,2023-04-05,Telangana,Telangana City 2,4G,Prepaid,2
AIR106252,2023-11-10,Maharashtra,Maharashtra City 3,4G,Broadband,1.5
AIR106253,2019-03-07,Gujarat,Gujarat City 3,5G,Prepaid,6.3
AIR106254,2022-06-28,Delhi,Delhi City 2,5G,Postpaid,3
AIR106255,2019-05-08,Kerala,Kerala City 1,5G,Postpaid,6.3
AIR106256,2019-07-07,Kerala,Kerala City 2,4G,Postpaid,6.2
AIR106257,2022-04-21,Telangana,Telangana City 3,4G,Postpaid,3.5
AIR106258,2023-05-26,Kerala,Kerala City 1,4G,Prepaid,2.5
AIR106259,2020-07-31,Maharashtra,Maharashtra City 3,5G,Postpaid,5.4
AIR106260,2021-01-31,Uttar Pradesh,Uttar Pradesh City 2,5G,Prepaid,4
AIR106261,2020-10-28,Kerala,Kerala City 3,4G,Prepaid,4.4
AIR106262,2021-07-21,Telangana,Telangana City 3,4G,Enterprise,3.7
AIR106263,2024-10-27,Kerala,Kerala City 3,5G,Postpaid,0.5
AIR106264,2021-11-08,Kerala,Kerala City 1,5G,Postpaid,3.6
AIR106265,2024-05-24,Rajasthan,Rajasthan City 3,4G,Postpaid,1.1
AIR106266,2019-02-14,Maharashtra,Maharashtra City 1,4G,Postpaid,6.5
AIR106267,2022-05-30,Gujarat,Gujarat City 2,5G,Postpaid,3.3
AIR106268,2024-12-16,Tamil Nadu,Tamil Nadu City 2,5G,Postpaid,0.8
AIR106269,2020-09-09,Uttar Pradesh,Uttar Pradesh City 3,4G,Enterprise,5.2
AIR106270,2021-02-01,Kerala,Kerala City 1,4G,Postpaid,4.9
AIR106271,2023-07-15,West Bengal,West Bengal City 2,4G,Postpaid,1.6
AIR106272,2021-03-03,Kerala,Kerala City 1,4G,Postpaid,4
AIR106273,2022-06-04,Rajasthan,Rajasthan City 1,4G,Prepaid,2.9
AIR106274,2019-05-18,Gujarat,Gujarat City 3,4G,Postpaid,6
AIR106275,2022-09-12,West Bengal,West Bengal City 3,4G,Enterprise,2.8
AIR106276,2024-11-24,Uttar Pradesh,Uttar Pradesh City 1,5G,Prepaid,0.6
AIR106277,2024-04-01,West Bengal,West Bengal City 1,4G,Prepaid,1.4
AIR106278,2022-03-05,Maharashtra,Maharashtra City 3,4G,Postpaid,3.5
AIR106279,2024-09-08,Telangana,Telangana City 1,4G,Prepaid,1.1
AIR106280,2022-01-26,Telangana,Telangana City 3,4G,Broadband,3.8
AIR106281,2020-08-31,Uttar Pradesh,Uttar Pradesh City 1,4G,Prepaid,5.3
AIR106282,2021-02-07,Gujarat,Gujarat City 3,4G,Prepaid,4
AIR106283,2021-02-22,Telangana,Telangana City 1,5G,Broadband,4.1
AIR106284,2019-06-17,Karnataka,Karnataka City 3,5G,Prepaid,5.8
AIR106285,2020-11-14,Rajasthan,Rajasthan City 1,5G,Postpaid,4.5
AIR106286,2019-02-08,Uttar Pradesh,Uttar Pradesh City 2,4G,Broadband,6.3
AIR106287,2021-09-06,Uttar Pradesh,Uttar Pradesh City 2,5G,Postpaid,3.9
AIR106288,2021-03-01,Tamil Nadu,Tamil Nadu City 1,4G,Postpaid,4.5
AIR106289,2021-01-11,Tamil Nadu,Tamil Nadu City 2,5G,Prepaid,4.7
AIR106290,2023-01-14,Maharashtra,Maharashtra City 1,4G,Prepaid,2.8
AIR106291,2022-01-31,Maharashtra,Maharashtra City 1,4G,Prepaid,3.8
AIR106292,2023-10-17,Tamil Nadu,Tamil Nadu City 2,4G,Prepaid,2.2
AIR106293,2019-04-12,Telangana,Telangana City 1,5G,Postpaid,5.8
AIR106294,2024-04-14,Delhi,Delhi City 3,5G,Prepaid,0.9
AIR106295,2020-10-16,Uttar Pradesh,Uttar Pradesh City 1,5G,Postpaid,4.5
AIR106296,2022-08-19,Karnataka,Karnataka City 1,4G,Prepaid,2.7
AIR106297,2021-01-21,Uttar Pradesh,Uttar Pradesh City 2,4G,Postpaid,4.4
AIR106298,2023-03-21,Kerala,Kerala City 3,5G,Prepaid,2.3
AIR106299,2022-05-17,Gujarat,Gujarat City 1,5G,Prepaid,3.2
AIR106300,2024-11-04,Rajasthan,Rajasthan City 1,5G,Postpaid,0.9
AIR106301,2024-06-08,Delhi,Delhi City 1,4G,Postpaid,1.4
AIR106302,2021-05-08,Karnataka,Karnataka City 1,4G,Broadband,4.5
AIR106303,2019-11-15,Kerala,Kerala City 1,5G,Broadband,6.1
AIR106304,2021-08-24,Maharashtra,Maharashtra City 1,4G,Postpaid,3.5
AIR106305,2020-09-24,Karnataka,Karnataka City 3,5G,Postpaid,4.5
AIR106306,2022-01-18,Tamil Nadu,Tamil Nadu City 3,4G,Prepaid,3.2
AIR106307,2021-08-07,Uttar Pradesh,Uttar Pradesh City 1,5G,Prepaid,3.8
AIR106308,2024-06-23,Karnataka,Karnataka City 1,4G,Broadband,1
AIR106309,2022-11-18,Gujarat,Gujarat City 2,5G,Prepaid,2.7
AIR106310,2024-03-25,West Bengal,West Bengal City 3,4G,Prepaid,1.4
AIR106311,2019-08-28,Maharashtra,Maharashtra City 3,4G,Prepaid,6.1
AIR106312,2024-12-30,Rajasthan,Rajasthan City 1,4G,Prepaid,0.8
AIR106313,2023-10-09,Rajasthan,Rajasthan City 3,5G,Postpaid,2.1
AIR106314,2019-04-29,Karnataka,Karnataka City 3,5G,Prepaid,6.6
AIR106315,2020-08-18,West Bengal,West Bengal City 2,4G,Prepaid,4.5
AIR106316,2024-07-08,Uttar Pradesh,Uttar Pradesh City 2,5G,Prepaid,0.7
AIR106317,2022-06-28,Kerala,Kerala City 3,4G,Postpaid,2.8
AIR106318,2019-06-12,Delhi,Delhi City 3,4G,Postpaid,5.9
AIR106319,2020-10-15,Uttar Pradesh,Uttar Pradesh City 3,4G,Prepaid,4.7
AIR106320,2019-12-16,Kerala,Kerala City 1,5G,Postpaid,5.6
AIR106321,2019-01-31,Delhi,Delhi City 2,4G,Prepaid,6.5
AIR106322,2024-11-08,West Bengal,West Bengal City 1,4G,Postpaid,0.9
AIR106323,2024-12-15,Delhi,Delhi City 2,5G,Postpaid,0.8
AIR106324,2021-08-27,Uttar Pradesh,Uttar Pradesh City 2,5G,Enterprise,4.2
AIR106325,2021-04-27,Gujarat,Gujarat City 2,4G,Prepaid,4.6
AIR106326,2021-03-02,Karnataka,Karnataka City 3,5G,Prepaid,4
AIR106327,2020-05-23,Kerala,Kerala City 2,5G,Prepaid,4.8
AIR106328,2021-01-14,Gujarat,Gujarat City 1,4G,Prepaid,4.2
AIR106329,2021-01-09,Kerala,Kerala City 2,5G,Prepaid,4.3
AIR106330,2024-03-19,Karnataka,Karnataka City 1,4G,Prepaid,1.2
AIR106331,2024-07-31,Telangana,Telangana City 2,4G,Prepaid,1
AIR106332,2019-08-25,Delhi,Delhi City 2,4G,Broadband,6
AIR106333,2024-06-29,West Bengal,West Bengal City 3,5G,Prepaid,1.2
AIR106334,2023-04-06,Telangana,Telangana City 1,4G,Enterprise,2.5
AIR106335,2021-10-09,Telangana,Telangana City 2,5G,Broadband,4.1
AIR106336,2021-12-10,Rajasthan,Rajasthan City 2,4G,Broadband,4
AIR106337,2024-02-16,Tamil Nadu,Tamil Nadu City 1,4G,Broadband,1
AIR106338,2024-01-21,Uttar Pradesh,Uttar Pradesh City 2,4G,Postpaid,1.1
AIR106339,2020-04-13,Gujarat,Gujarat City 3,5G,Postpaid,5
AIR106340,2024-03-30,Gujarat,Gujarat City 1,4G,Prepaid,1.1
AIR106341,2020-01-23,Gujarat,Gujarat City 3,4G,Postpaid,5.4
AIR106342,2022-09-28,Gujarat,Gujarat City 1,4G,Broadband,2.8
AIR106343,2021-01-05,Uttar Pradesh,Uttar Pradesh City 1,5G,Prepaid,4.6
AIR106344,2020-10-15,Telangana,Telangana City 1,4G,Prepaid,4.9
AIR106345,2024-09-19,Uttar Pradesh,Uttar Pradesh City 2,5G,Postpaid,1.1
AIR106346,2023-02-18,Gujarat,Gujarat City 1,4G,Postpaid,2.7
AIR106347,2021-08-10,Tamil Nadu,Tamil Nadu City 1,4G,Broadband,4.3
AIR106348,2023-09-22,Maharashtra,Maharashtra City 1,4G,Prepaid,1.4
AIR106349,2023-04-30,Karnataka,Karnataka City 3,5G,Postpaid,1.9
AIR106350,2020-01-17,Gujarat,Gujarat City 1,4G,Prepaid,5.2
AIR106351,2019-04-06,West Bengal,West Bengal City 2,4G,Broadband,6.1
AIR106352,2021-06-30,Maharashtra,Maharashtra City 1,4G,Prepaid,4
AIR106353,2021-02-25,Uttar Pradesh,Uttar Pradesh City 1,4G,Broadband,4.4
AIR106354,2019-10-20,West Bengal,West Bengal City 3,4G,Prepaid,5.8
AIR106355,2019-12-07,West Bengal,West Bengal City 2,5G,Prepaid,5.8
AIR106356,2020-12-19,Kerala,Kerala City 2,4G,Prepaid,4.8
AIR106357,2022-10-05,West Bengal,West Bengal City 2,4G,Prepaid,3.1
AIR106358,2021-08-17,Gujarat,Gujarat City 1,4G,Postpaid,4.3
AIR106359,2024-03-29,Kerala,Kerala City 1,4G,Prepaid,0.9
AIR106360,2021-08-26,Rajasthan,Rajasthan City 2,5G,Prepaid,3.6
AIR106361,2024-04-23,Telangana,Telangana City 2,4G,Prepaid,1
AIR106362,2024-07-23,West Bengal,West Bengal City 3,5G,Broadband,0.8
AIR106363,2023-04-24,Tamil Nadu,Tamil Nadu City 2,4G,Prepaid,2.1
AIR106364,2020-05-19,Karnataka,Karnataka City 1,5G,Prepaid,5.2
AIR106365,2024-02-13,West Bengal,West Bengal City 1,4G,Postpaid,1.5
AIR106366,2024-07-25,Rajasthan,Rajasthan City 1,4G,Broadband,1.1
AIR106367,2024-02-26,Delhi,Delhi City 3,5G,Broadband,1.6
AIR106368,2022-09-10,Uttar Pradesh,Uttar Pradesh City 2,5G,Broadband,3.2
AIR106369,2021-04-15,Uttar Pradesh,Uttar Pradesh City 1,4G,Prepaid,4.7
AIR106370,2020-05-03,Rajasthan,Rajasthan City 3,4G,Broadband,4.8
AIR106371,2022-12-02,Delhi,Delhi City 3,4G,Postpaid,2.3
AIR106372,2019-09-16,Uttar Pradesh,Uttar Pradesh City 1,5G,Broadband,5.6
AIR106373,2022-06-04,Uttar Pradesh,Uttar Pradesh City 3,4G,Prepaid,2.9
AIR106374,2024-07-15,Uttar Pradesh,Uttar Pradesh City 3,5G,Broadband,0.9
AIR106375,2023-06-06,Rajasthan,Rajasthan City 1,4G,Prepaid,2.1
AIR106376,2022-11-15,Telangana,Telangana City 3,4G,Postpaid,2.7
AIR106377,2021-09-18,Karnataka,Karnataka City 1,4G,Prepaid,4
AIR106378,2024-11-05,Rajasthan,Rajasthan City 1,4G,Prepaid,0.9
AIR106379,2020-02-04,Delhi,Delhi City 3,4G,Postpaid,5.8
AIR106380,2019-11-05,West Bengal,West Bengal City 1,4G,Prepaid,6.1
AIR106381,2019-01-04,Telangana,Telangana City 1,5G,Postpaid,6.1
AIR106382,2022-04-11,Telangana,Telangana City 2,4G,Postpaid,2.9
AIR106383,2023-04-17,West Bengal,West Bengal City 1,5G,Postpaid,2
AIR106384,2022-05-14,Tamil Nadu,Tamil Nadu City 2,4G,Prepaid,3
AIR106385,2022-01-30,Kerala,Kerala City 2,5G,Enterprise,3.4
AIR106386,2024-10-06,Karnataka,Karnataka City 2,5G,Postpaid,0.8
AIR106387,2023-12-10,Karnataka,Karnataka City 2,5G,Prepaid,1.7
AIR106388,2022-03-19,Tamil Nadu,Tamil Nadu City 3,5G,Postpaid,3.5
AIR106389,2023-04-15,Kerala,Kerala City 3,4G,Prepaid,2.5
AIR106390,2021-07-07,Karnataka,Karnataka City 1,5G,Prepaid,4.4
AIR106391,2020-06-07,Delhi,Delhi City 1,5G,Postpaid,5.5
AIR106392,2020-06-09,Maharashtra,Maharashtra City 1,4G,Postpaid,4.7
AIR106393,2022-08-08,Maharashtra,Maharashtra City 3,4G,Prepaid,2.6
AIR106394,2019-01-24,Karnataka,Karnataka City 2,4G,Prepaid,6.2
AIR106395,2023-07-13,Gujarat,Gujarat City 3,4G,Broadband,1.8
AIR106396,2023-06-02,Karnataka,Karnataka City 3,4G,Prepaid,2
AIR106397,2019-08-30,West Bengal,West Bengal City 1,4G,Prepaid,5.9
AIR106398,2019-07-22,West Bengal,West Bengal City 1,4G,Enterprise,6.1
AIR106399,2019-08-25,Kerala,Kerala City 1,5G,Prepaid,6.1
AIR106400,2021-08-08,Uttar Pradesh,Uttar Pradesh City 2,4G,Postpaid,4.2
AIR106401,2019-10-21,Telangana,Telangana City 2,5G,Prepaid,6.1
AIR106402,2022-01-15,Delhi,Delhi City 3,4G,Postpaid,3.9
AIR106403,2019-07-29,Tamil Nadu,Tamil Nadu City 2,4G,Prepaid,5.6
AIR106404,2021-02-26,Karnataka,Karnataka City 1,4G,Enterprise,4
AIR106405,2023-06-21,Uttar Pradesh,Uttar Pradesh City 2,4G,Prepaid,1.8
AIR106406,2020-02-14,Uttar Pradesh,Uttar Pradesh City 2,4G,Postpaid,5.2
AIR106407,2021-08-20,Delhi,Delhi City 2,4G,Broadband,3.8
AIR106408,2023-01-31,Tamil Nadu,Tamil Nadu City 2,4G,Enterprise,2.5
AIR106409,2020-04-02,West Bengal,West Bengal City 1,4G,Prepaid,5.4
AIR106410,2024-01-06,Rajasthan,Rajasthan City 1,4G,Broadband,1.7
AIR106411,2024-04-12,Delhi,Delhi City 3,4G,Prepaid,1.5
AIR106412,2020-01-21,Uttar Pradesh,Uttar Pradesh City 3,4G,Postpaid,5.8
AIR106413,2022-12-06,Maharashtra,Maharashtra City 3,4G,Prepaid,3
AIR106414,2020-06-11,Karnataka,Karnataka City 2,4G,Prepaid,4.7
AIR106415,2022-11-12,Kerala,Kerala City 2,4G,Prepaid,2.3
AIR106416,2021-09-16,Maharashtra,Maharashtra City 1,4G,Postpaid,3.6
AIR106417,2019-04-12,Uttar Pradesh,Uttar Pradesh City 3,4G,Postpaid,6.1
AIR106418,2023-06-01,Telangana,Telangana City 1,4G,Prepaid,2
AIR106419,2020-01-25,Gujarat,Gujarat City 3,4G,Postpaid,5.5
AIR106420,2022-05-10,Tamil Nadu,Tamil Nadu City 3,4G,Enterprise,3.3
AIR106421,2022-11-16,West Bengal,West Bengal City 3,4G,Postpaid,2.8
AIR106422,2021-04-20,Karnataka,Karnataka City 2,4G,Postpaid,4.5
AIR106423,2022-10-09,Kerala,Kerala City 3,5G,Broadband,3.1
AIR106424,2023-06-05,Rajasthan,Rajasthan City 3,5G,Postpaid,2.5
AIR106425,2023-11-15,West Bengal,West Bengal City 2,4G,Prepaid,1.3
AIR106426,2019-08-23,Karnataka,Karnataka City 3,5G,Postpaid,5.6
AIR106427,2019-04-24,Rajasthan,Rajasthan City 2,4G,Prepaid,6
AIR106428,2024-06-06,Kerala,Kerala City 2,4G,Postpaid,0.9
AIR106429,2021-03-19,Uttar Pradesh,Uttar Pradesh City 1,5G,Enterprise,4.2
AIR106430,2021-11-29,Gujarat,Gujarat City 2,5G,Prepaid,3.6
AIR106431,2024-11-20,Maharashtra,Maharashtra City 2,4G,Prepaid,0.7
AIR106432,2020-02-15,Maharashtra,Maharashtra City 2,4G,Prepaid,5.6
AIR106433,2022-08-11,Uttar Pradesh,Uttar Pradesh City 3,4G,Prepaid,3.2
AIR106434,2023-05-08,West Bengal,West Bengal City 1,4G,Postpaid,2.5
AIR106435,2021-03-18,Uttar Pradesh,Uttar Pradesh City 3,4G,Postpaid,4.7
AIR106436,2023-05-07,Uttar Pradesh,Uttar Pradesh City 2,4G,Prepaid,1.8
AIR106437,2021-11-26,Karnataka,Karnataka City 2,5G,Broadband,3.3
AIR106438,2019-03-08,Karnataka,Karnataka City 1,4G,Prepaid,6.1
AIR106439,2023-08-25,Kerala,Kerala City 1,5G,Enterprise,1.7
AIR106440,2019-12-07,Gujarat,Gujarat City 2,4G,Prepaid,5.5
AIR106441,2024-02-01,Karnataka,Karnataka City 2,4G,Postpaid,1.5
AIR106442,2021-12-11,Kerala,Kerala City 3,4G,Prepaid,3.7
AIR106443,2021-08-13,Telangana,Telangana City 2,5G,Prepaid,4.1
AIR106444,2019-07-28,Uttar Pradesh,Uttar Pradesh City 3,4G,Broadband,6.2
AIR106445,2023-03-18,Uttar Pradesh,Uttar Pradesh City 1,4G,Postpaid,2.7
AIR106446,2024-07-03,West Bengal,West Bengal City 3,4G,Broadband,1.5
AIR106447,2024-03-03,Telangana,Telangana City 2,4G,Postpaid,1
AIR106448,2020-01-04,West Bengal,West Bengal City 3,4G,Broadband,5.2
AIR106449,2023-10-29,Rajasthan,Rajasthan City 3,4G,Enterprise,1.5
AIR106450,2021-09-20,Kerala,Kerala City 1,4G,Postpaid,3.6
AIR106451,2019-03-23,Kerala,Kerala City 3,4G,Postpaid,6.2
AIR106452,2022-04-02,Uttar Pradesh,Uttar Pradesh City 2,4G,Broadband,3.3
AIR106453,2020-01-12,Delhi,Delhi City 3,5G,Prepaid,5.6
AIR106454,2019-01-03,Rajasthan,Rajasthan City 3,4G,Broadband,6.7
AIR106455,2020-11-14,Kerala,Kerala City 3,4G,Postpaid,4.9
AIR106456,2021-02-02,Karnataka,Karnataka City 2,4G,Postpaid,4.8
AIR106457,2019-09-23,Uttar Pradesh,Uttar Pradesh City 3,4G,Prepaid,6.2
AIR106458,2020-12-25,West Bengal,West Bengal City 2,4G,Postpaid,4.1
AIR106459,2022-06-04,Telangana,Telangana City 3,4G,Prepaid,2.8
AIR106460,2022-07-09,West Bengal,West Bengal City 1,5G,Broadband,2.8
AIR106461,2021-02-05,Maharashtra,Maharashtra City 1,4G,Postpaid,4.3
AIR106462,2021-10-28,Delhi,Delhi City 1,4G,Prepaid,3.6
AIR106463,2024-05-07,Kerala,Kerala City 2,4G,Enterprise,1.2
AIR106464,2021-11-30,Gujarat,Gujarat City 2,4G,Postpaid,3.7
AIR106465,2024-03-16,Tamil Nadu,Tamil Nadu City 2,4G,Enterprise,1.5
AIR106466,2022-01-30,Delhi,Delhi City 3,5G,Prepaid,3.7
AIR106467,2022-05-27,Uttar Pradesh,Uttar Pradesh City 2,5G,Postpaid,3.5
AIR106468,2021-07-27,Kerala,Kerala City 2,5G,Postpaid,4.4
AIR106469,2019-10-30,Telangana,Telangana City 2,4G,Postpaid,5.3
AIR106470,2020-01-05,Kerala,Kerala City 2,5G,Prepaid,5.2
AIR106471,2021-04-30,Tamil Nadu,Tamil Nadu City 1,4G,Prepaid,4
AIR106472,2024-10-18,Telangana,Telangana City 3,5G,Broadband,0.6
AIR106473,2019-02-16,West Bengal,West Bengal City 1,5G,Prepaid,6.3
AIR106474,2024-12-04,Telangana,Telangana City 3,4G,Enterprise,0.6
AIR106475,2021-04-11,Delhi,Delhi City 3,4G,Prepaid,4.3
AIR106476,2021-01-25,West Bengal,West Bengal City 1,4G,Enterprise,4.6
AIR106477,2022-12-23,Kerala,Kerala City 2,5G,Postpaid,2.8
AIR106478,2024-09-14,Uttar Pradesh,Uttar Pradesh City 1,4G,Postpaid,1.2
AIR106479,2021-06-23,Rajasthan,Rajasthan City 3,5G,Prepaid,4.5
AIR106480,2023-09-05,Uttar Pradesh,Uttar Pradesh City 3,4G,Broadband,1.4
AIR106481,2021-02-17,Kerala,Kerala City 2,4G,Postpaid,4.1
AIR106482,2023-11-26,Tamil Nadu,Tamil Nadu City 1,4G,Postpaid,1.4
AIR106483,2024-04-22,Rajasthan,Rajasthan City 3,5G,Prepaid,1.1
AIR106484,2021-04-11,Kerala,Kerala City 1,4G,Postpaid,4.2
AIR106485,2022-01-01,Gujarat,Gujarat City 2,4G,Broadband,3.5
AIR106486,2023-05-21,Delhi,Delhi City 2,4G,Prepaid,2.2
AIR106487,2020-10-05,Gujarat,Gujarat City 3,4G,Postpaid,4.9
AIR106488,2020-02-17,West Bengal,West Bengal City 2,5G,Prepaid,5.7
AIR106489,2024-12-11,Maharashtra,Maharashtra City 3,4G,Broadband,0.9
AIR106490,2021-10-02,Kerala,Kerala City 3,5G,Enterprise,4.2
AIR106491,2019-08-20,Karnataka,Karnataka City 2,5G,Prepaid,5.5
AIR106492,2020-05-05,Karnataka,Karnataka City 2,4G,Prepaid,4.9
AIR106493,2023-09-07,Telangana,Telangana City 1,5G,Postpaid,1.6
AIR106494,2024-11-03,Uttar Pradesh,Uttar Pradesh City 1,5G,Prepaid,0.5
AIR106495,2023-08-18,Uttar Pradesh,Uttar Pradesh City 3,5G,Postpaid,1.8
AIR106496,2022-05-08,Uttar Pradesh,Uttar Pradesh City 1,5G,Prepaid,3.2
AIR106497,2021-05-24,Gujarat,Gujarat City 3,4G,Postpaid,4.2
AIR106498,2021-06-16,Delhi,Delhi City 2,4G,Prepaid,4.2
AIR106499,2024-02-13,Kerala,Kerala City 2,4G,Prepaid,1.7
AIR106500,2019-06-01,Tamil Nadu,Tamil Nadu City 1,5G,Prepaid,6.5
AIR106501,2022-09-13,Telangana,Telangana City 3,5G,Postpaid,3.3
AIR106502,2019-06-21,West Bengal,West Bengal City 3,4G,Postpaid,5.7
AIR106503,2022-11-29,Rajasthan,Rajasthan City 1,4G,Prepaid,2.3
AIR106504,2022-11-30,West Bengal,West Bengal City 3,4G,Postpaid,2.4
AIR106505,2021-01-31,Kerala,Kerala City 3,5G,Broadband,4.3
AIR106506,2023-09-18,Maharashtra,Maharashtra City 2,4G,Prepaid,1.7
AIR106507,2024-03-13,Uttar Pradesh,Uttar Pradesh City 3,4G,Broadband,1.3
AIR106508,2022-09-21,Rajasthan,Rajasthan City 3,4G,Postpaid,2.9
AIR106509,2023-11-13,Gujarat,Gujarat City 3,4G,Prepaid,1.8
AIR106510,2020-11-23,Kerala,Kerala City 1,4G,Prepaid,4.9
AIR106511,2023-11-17,Maharashtra,Maharashtra City 1,5G,Postpaid,2
AIR106512,2019-04-10,Gujarat,Gujarat City 1,4G,Postpaid,6.7
AIR106513,2023-05-07,Maharashtra,Maharashtra City 3,5G,Prepaid,1.8
AIR106514,2021-06-27,Uttar Pradesh,Uttar Pradesh City 3,4G,Enterprise,3.7
AIR106515,2024-04-04,Gujarat,Gujarat City 1,4G,Postpaid,1
AIR106516,2020-03-03,Delhi,Delhi City 1,4G,Prepaid,5.2
AIR106517,2020-08-09,Karnataka,Karnataka City 3,5G,Prepaid,4.8
AIR106518,2019-09-13,West Bengal,West Bengal City 3,5G,Prepaid,5.8
AIR106519,2023-01-13,Delhi,Delhi City 2,4G,Postpaid,2.6
AIR106520,2020-12-21,Rajasthan,Rajasthan City 1,5G,Postpaid,4.7
AIR106521,2024-06-23,Telangana,Telangana City 3,4G,Postpaid,1.3
AIR106522,2023-08-06,Karnataka,Karnataka City 1,4G,Postpaid,2.3
AIR106523,2020-02-11,Delhi,Delhi City 1,4G,Prepaid,5.8
AIR106524,2022-11-09,Kerala,Kerala City 1,5G,Postpaid,2.3
AIR106525,2024-05-15,Maharashtra,Maharashtra City 2,4G,Prepaid,0.8
AIR106526,2024-09-25,Rajasthan,Rajasthan City 3,4G,Prepaid,0.6
AIR106527,2019-04-25,Kerala,Kerala City 3,4G,Postpaid,6.1
AIR106528,2021-10-13,Karnataka,Karnataka City 1,4G,Prepaid,3.7
AIR106529,2023-09-28,Maharashtra,Maharashtra City 3,4G,Broadband,1.8
AIR106530,2021-03-16,Rajasthan,Rajasthan City 2,4G,Enterprise,4.4
AIR106531,2024-12-17,Telangana,Telangana City 1,4G,Postpaid,0.7
AIR106532,2023-04-30,Karnataka,Karnataka City 2,5G,Prepaid,2.5
AIR106533,2021-09-20,Rajasthan,Rajasthan City 2,4G,Prepaid,4.2
AIR106534,2024-06-19,Delhi,Delhi City 3,4G,Prepaid,1.5
AIR106535,2020-05-09,Rajasthan,Rajasthan City 3,4G,Postpaid,4.8
AIR106536,2024-01-27,Karnataka,Karnataka City 2,4G,Broadband,1.1
AIR106537,2019-03-23,Uttar Pradesh,Uttar Pradesh City 3,5G,Postpaid,6.1
AIR106538,2022-04-20,Delhi,Delhi City 2,4G,Postpaid,3.1
AIR106539,2022-12-26,Kerala,Kerala City 2,5G,Postpaid,2.5
AIR106540,2022-04-12,Karnataka,Karnataka City 1,5G,Broadband,3.3
AIR106541,2024-07-14,Uttar Pradesh,Uttar Pradesh City 2,5G,Prepaid,1.1
AIR106542,2022-08-04,Tamil Nadu,Tamil Nadu City 2,4G,Broadband,3.1
AIR106543,2020-07-14,Telangana,Telangana City 3,4G,Postpaid,5.3
AIR106544,2022-07-09,Uttar Pradesh,Uttar Pradesh City 1,4G,Prepaid,3.4
AIR106545,2023-11-15,Tamil Nadu,Tamil Nadu City 3,5G,Enterprise,2.1
AIR106546,2024-10-05,West Bengal,West Bengal City 1,4G,Enterprise,0.4
AIR106547,2024-08-15,Maharashtra,Maharashtra City 3,4G,Postpaid,0.6
AIR106548,2023-05-18,Uttar Pradesh,Uttar Pradesh City 2,4G,Broadband,1.9
AIR106549,2021-08-02,Gujarat,Gujarat City 1,5G,Prepaid,3.8
AIR106550,2020-08-01,Telangana,Telangana City 1,5G,Prepaid,4.9
AIR106551,2021-07-03,Uttar Pradesh,Uttar Pradesh City 1,4G,Prepaid,4
AIR106552,2023-09-15,Tamil Nadu,Tamil Nadu City 1,4G,Postpaid,1.9
AIR106553,2019-06-11,Gujarat,Gujarat City 3,4G,Postpaid,6.3
AIR106554,2023-06-29,Telangana,Telangana City 3,4G,Prepaid,2.3
AIR106555,2021-02-13,Gujarat,Gujarat City 1,5G,Postpaid,4.8
AIR106556,2019-02-26,Delhi,Delhi City 1,5G,Prepaid,6.8
AIR106557,2022-04-04,Tamil Nadu,Tamil Nadu City 1,4G,Prepaid,2.9
AIR106558,2020-06-29,Rajasthan,Rajasthan City 3,4G,Prepaid,4.7
AIR106559,2024-09-24,Delhi,Delhi City 1,5G,Prepaid,0.6
AIR106560,2021-03-21,Telangana,Telangana City 1,5G,Prepaid,4.2
AIR106561,2019-02-16,Telangana,Telangana City 1,5G,Prepaid,6.3
AIR106562,2022-11-14,Karnataka,Karnataka City 3,5G,Prepaid,2.7
AIR106563,2022-11-03,Tamil Nadu,Tamil Nadu City 2,4G,Prepaid,2.8
AIR106564,2022-11-13,West Bengal,West Bengal City 2,5G,Prepaid,2.8
AIR106565,2020-07-25,West Bengal,West Bengal City 3,5G,Broadband,5.2
AIR106566,2023-10-07,Telangana,Telangana City 2,4G,Prepaid,2.1
AIR106567,2019-12-14,West Bengal,West Bengal City 1,4G,Postpaid,6
AIR106568,2021-04-24,Maharashtra,Maharashtra City 1,5G,Prepaid,3.8
AIR106569,2020-05-11,Karnataka,Karnataka City 3,4G,Prepaid,4.8
AIR106570,2020-11-26,Telangana,Telangana City 3,4G,Prepaid,4.4
AIR106571,2024-02-17,West Bengal,West Bengal City 2,4G,Broadband,1.2
AIR106572,2024-06-01,Tamil Nadu,Tamil Nadu City 2,4G,Prepaid,1
AIR106573,2020-06-26,Uttar Pradesh,Uttar Pradesh City 1,4G,Postpaid,5.1
AIR106574,2019-08-04,Rajasthan,Rajasthan City 3,4G,Postpaid,6
AIR106575,2019-10-25,Delhi,Delhi City 2,5G,Prepaid,5.9
AIR106576,2022-10-01,Delhi,Delhi City 2,5G,Broadband,3
AIR106577,2019-10-13,Maharashtra,Maharashtra City 1,5G,Prepaid,6.1
AIR106578,2019-05-06,Gujarat,Gujarat City 1,4G,Prepaid,6.6
AIR106579,2019-02-20,Tamil Nadu,Tamil Nadu City 1,5G,Prepaid,6
AIR106580,2022-12-13,Gujarat,Gujarat City 1,4G,Prepaid,2.3
AIR106581,2023-09-22,Karnataka,Karnataka City 2,4G,Prepaid,1.6
AIR106582,2020-04-15,Rajasthan,Rajasthan City 3,4G,Postpaid,5.1
AIR106583,2022-10-31,Karnataka,Karnataka City 3,5G,Prepaid,2.6
AIR106584,2023-02-12,Telangana,Telangana City 1,4G,Postpaid,2.4
AIR106585,2022-08-22,Tamil Nadu,Tamil Nadu City 1,4G,Prepaid,3
AIR106586,2020-03-13,Telangana,Telangana City 2,4G,Enterprise,5.5
AIR106587,2021-01-18,Kerala,Kerala City 1,4G,Prepaid,4.7
AIR106588,2020-06-07,West Bengal,West Bengal City 3,5G,Postpaid,5.4
AIR106589,2020-10-16,Delhi,Delhi City 1,5G,Postpaid,5.2
AIR106590,2020-05-20,Uttar Pradesh,Uttar Pradesh City 3,4G,Prepaid,4.7
AIR106591,2020-02-03,Telangana,Telangana City 1,4G,Prepaid,5.1
AIR106592,2024-10-09,Gujarat,Gujarat City 1,4G,Prepaid,0.5
AIR106593,2024-04-22,Kerala,Kerala City 3,5G,Prepaid,1.1
AIR106594,2022-04-19,Delhi,Delhi City 2,4G,Prepaid,3.2
AIR106595,2019-09-22,Telangana,Telangana City 2,4G,Postpaid,5.8
AIR106596,2021-11-18,Kerala,Kerala City 1,4G,Prepaid,3.7
AIR106597,2020-12-12,Kerala,Kerala City 1,4G,Postpaid,4.8
AIR106598,2021-07-01,Tamil Nadu,Tamil Nadu City 3,4G,Prepaid,4.3
AIR106599,2023-06-03,Karnataka,Karnataka City 3,4G,Broadband,2.5
AIR106600,2023-08-07,Kerala,Kerala City 1,4G,Prepaid,2.4
AIR106601,2023-10-01,Maharashtra,Maharashtra City 3,4G,Prepaid,1.4
AIR106602,2022-12-16,Karnataka,Karnataka City 2,5G,Prepaid,2.2
AIR106603,2024-11-06,Delhi,Delhi City 2,4G,Prepaid,0.4
AIR106604,2019-11-28,Delhi,Delhi City 3,4G,Postpaid,5.5
AIR106605,2019-06-01,Delhi,Delhi City 3,5G,Postpaid,6
AIR106606,2020-12-08,Delhi,Delhi City 3,5G,Postpaid,4.6
AIR106607,2024-12-13,Maharashtra,Maharashtra City 2,4G,Postpaid,0.7
AIR106608,2020-02-25,Telangana,Telangana City 1,5G,Enterprise,5.6
AIR106609,2023-09-05,Rajasthan,Rajasthan City 3,4G,Postpaid,2.1
AIR106610,2019-09-10,Kerala,Kerala City 3,5G,Prepaid,6.2
AIR106611,2021-09-25,Delhi,Delhi City 3,5G,Prepaid,4.2
AIR106612,2024-01-09,Karnataka,Karnataka City 1,4G,Prepaid,1.1
AIR106613,2023-09-28,Karnataka,Karnataka City 3,4G,Postpaid,1.5
AIR106614,2019-10-20,Kerala,Kerala City 3,4G,Prepaid,5.5
AIR106615,2022-05-25,Telangana,Telangana City 2,4G,Postpaid,3
AIR106616,2019-06-18,Uttar Pradesh,Uttar Pradesh City 3,4G,Prepaid,6
AIR106617,2024-08-25,Uttar Pradesh,Uttar Pradesh City 2,4G,Broadband,0.9
AIR106618,2019-02-06,Rajasthan,Rajasthan City 1,4G,Enterprise,6.5
AIR106619,2022-12-15,Telangana,Telangana City 3,4G,Prepaid,2.8
AIR106620,2024-04-10,Kerala,Kerala City 3,4G,Broadband,1.5
AIR106621,2019-10-23,Uttar Pradesh,Uttar Pradesh City 2,4G,Broadband,6.1
AIR106622,2021-07-11,Uttar Pradesh,Uttar Pradesh City 1,4G,Enterprise,4.4
AIR106623,2023-12-26,Uttar Pradesh,Uttar Pradesh City 1,4G,Prepaid,1.1
AIR106624,2021-09-07,Gujarat,Gujarat City 2,5G,Postpaid,3.5
AIR106625,2020-10-10,Maharashtra,Maharashtra City 1,4G,Prepaid,4.5
AIR106626,2019-10-10,Kerala,Kerala City 1,5G,Postpaid,5.6
AIR106627,2023-07-21,West Bengal,West Bengal City 1,4G,Postpaid,1.9
AIR106628,2021-09-25,Tamil Nadu,Tamil Nadu City 1,5G,Postpaid,3.8
AIR106629,2019-03-27,Tamil Nadu,Tamil Nadu City 1,5G,Prepaid,6.4
AIR106630,2019-07-26,Telangana,Telangana City 1,4G,Broadband,6.1
AIR106631,2023-11-02,Kerala,Kerala City 1,4G,Prepaid,2
AIR106632,2019-05-11,Kerala,Kerala City 1,4G,Prepaid,6.5
AIR106633,2019-05-16,Tamil Nadu,Tamil Nadu City 3,5G,Postpaid,6.6
AIR106634,2022-04-01,Rajasthan,Rajasthan City 2,4G,Broadband,2.9
AIR106635,2019-07-18,Tamil Nadu,Tamil Nadu City 1,4G,Enterprise,5.7
AIR106636,2021-01-08,Kerala,Kerala City 2,4G,Postpaid,4.3
AIR106637,2023-02-26,Uttar Pradesh,Uttar Pradesh City 1,5G,Prepaid,2.2
AIR106638,2019-04-13,Rajasthan,Rajasthan City 1,4G,Prepaid,6.2
AIR106639,2020-07-01,Delhi,Delhi City 3,4G,Prepaid,5
AIR106640,2019-01-06,West Bengal,West Bengal City 2,4G,Prepaid,6.6
AIR106641,2020-12-11,Gujarat,Gujarat City 2,4G,Prepaid,4.8
AIR106642,2019-01-12,Maharashtra,Maharashtra City 3,4G,Prepaid,6.8
AIR106643,2024-11-20,Delhi,Delhi City 3,4G,Prepaid,1
AIR106644,2024-01-31,Karnataka,Karnataka City 2,5G,Broadband,1.9
AIR106645,2023-09-10,Tamil Nadu,Tamil Nadu City 1,5G,Postpaid,1.4
AIR106646,2020-03-02,West Bengal,West Bengal City 1,5G,Postpaid,5
AIR106647,2019-06-20,Tamil Nadu,Tamil Nadu City 2,4G,Prepaid,5.8
AIR106648,2023-09-09,Tamil Nadu,Tamil Nadu City 1,5G,Prepaid,1.7
AIR106649,2019-03-30,Delhi,Delhi City 3,4G,Prepaid,6.2
AIR106650,2021-05-04,Uttar Pradesh,Uttar Pradesh City 3,4G,Prepaid,4.2
AIR106651,2022-12-28,Uttar Pradesh,Uttar Pradesh City 3,5G,Postpaid,2.6
AIR106652,2019-06-27,Gujarat,Gujarat City 2,5G,Postpaid,6.2
AIR106653,2020-02-22,Rajasthan,Rajasthan City 2,4G,Broadband,5.6
AIR106654,2020-07-07,Tamil Nadu,Tamil Nadu City 2,5G,Broadband,5.4
AIR106655,2019-08-30,Telangana,Telangana City 1,5G,Postpaid,6.3
AIR106656,2022-10-11,Uttar Pradesh,Uttar Pradesh City 2,4G,Prepaid,2.3
AIR106657,2023-05-16,Kerala,Kerala City 2,4G,Broadband,1.8
AIR106658,2023-01-01,West Bengal,West Bengal City 3,5G,Postpaid,2.3
AIR106659,2023-01-05,Telangana,Telangana City 1,4G,Postpaid,2.4
AIR106660,2024-06-27,Delhi,Delhi City 1,4G,Postpaid,1
AIR106661,2024-04-30,Delhi,Delhi City 3,5G,Prepaid,1.2
AIR106662,2022-07-24,Gujarat,Gujarat City 1,4G,Prepaid,3.1
AIR106663,2021-12-06,Gujarat,Gujarat City 2,4G,Prepaid,3.8
AIR106664,2021-04-01,Rajasthan,Rajasthan City 1,4G,Prepaid,4.5
AIR106665,2024-04-03,Kerala,Kerala City 3,4G,Prepaid,1.6
AIR106666,2023-11-24,West Bengal,West Bengal City 1,5G,Prepaid,2.1
AIR106667,2019-07-11,Kerala,Kerala City 3,5G,Broadband,5.6
AIR106668,2024-09-27,Karnataka,Karnataka City 2,4G,Postpaid,0.5
AIR106669,2024-11-11,Gujarat,Gujarat City 2,5G,Prepaid,0.4
AIR106670,2021-07-19,Rajasthan,Rajasthan City 3,5G,Prepaid,3.8
AIR106671,2023-11-08,Maharashtra,Maharashtra City 2,4G,Postpaid,1.6
AIR106672,2019-02-26,Tamil Nadu,Tamil Nadu City 2,5G,Prepaid,6.4
AIR106673,2024-08-15,Tamil Nadu,Tamil Nadu City 1,4G,Postpaid,1
AIR106674,2024-06-20,Maharashtra,Maharashtra City 2,4G,Broadband,1.2
AIR106675,2019-08-26,Uttar Pradesh,Uttar Pradesh City 3,4G,Postpaid,6.1
AIR106676,2021-01-02,Kerala,Kerala City 2,4G,Prepaid,4.9
AIR106677,2024-08-29,Maharashtra,Maharashtra City 1,4G,Postpaid,1.3
AIR106678,2022-05-12,Rajasthan,Rajasthan City 3,4G,Prepaid,2.8
AIR106679,2019-05-22,West Bengal,West Bengal City 2,5G,Prepaid,5.8
AIR106680,2021-03-26,Maharashtra,Maharashtra City 2,4G,Postpaid,4.1
AIR106681,2024-07-10,Rajasthan,Rajasthan City 2,4G,Broadband,0.8
AIR106682,2024-10-28,Gujarat,Gujarat City 3,4G,Prepaid,0.6
AIR106683,2019-07-29,Telangana,Telangana City 1,4G,Broadband,6
AIR106684,2021-02-06,Delhi,Delhi City 3,4G,Prepaid,4.5
AIR106685,2024-09-18,Delhi,Delhi City 3,4G,Prepaid,1
AIR106686,2020-03-28,Karnataka,Karnataka City 1,4G,Postpaid,5.5
AIR106687,2020-12-14,Kerala,Kerala City 3,4G,Prepaid,4.9
AIR106688,2019-03-27,West Bengal,West Bengal City 3,4G,Prepaid,6.7
AIR106689,2023-04-28,Telangana,Telangana City 2,5G,Prepaid,1.8
AIR106690,2024-07-09,Telangana,Telangana City 3,5G,Prepaid,0.7
AIR106691,2024-03-28,Gujarat,Gujarat City 2,5G,Prepaid,1
AIR106692,2023-05-25,Maharashtra,Maharashtra City 3,4G,Postpaid,2
AIR106693,2020-10-05,Kerala,Kerala City 2,4G,Postpaid,4.7
AIR106694,2022-06-25,Tamil Nadu,Tamil Nadu City 2,5G,Enterprise,3.1
AIR106695,2023-06-13,Telangana,Telangana City 2,5G,Postpaid,2.2
AIR106696,2023-04-12,Rajasthan,Rajasthan City 1,4G,Postpaid,2.4
AIR106697,2021-01-19,Tamil Nadu,Tamil Nadu City 3,4G,Postpaid,4.7
AIR106698,2022-10-29,Karnataka,Karnataka City 3,4G,Broadband,3
AIR106699,2024-05-19,Maharashtra,Maharashtra City 3,5G,Prepaid,1.6
AIR106700,2019-03-02,Maharashtra,Maharashtra City 1,4G,Prepaid,6
AIR106701,2023-03-11,West Bengal,West Bengal City 2,4G,Postpaid,2
AIR106702,2021-02-13,Telangana,Telangana City 3,5G,Prepaid,4.2
AIR106703,2019-04-26,Gujarat,Gujarat City 1,4G,Broadband,6.1
AIR106704,2023-10-23,Uttar Pradesh,Uttar Pradesh City 1,4G,Postpaid,1.6
AIR106705,2022-12-18,Uttar Pradesh,Uttar Pradesh City 3,4G,Prepaid,2.6
AIR106706,2022-02-25,Delhi,Delhi City 2,4G,Postpaid,3.5
AIR106707,2022-09-11,Rajasthan,Rajasthan City 1,4G,Prepaid,3
AIR106708,2022-05-07,Tamil Nadu,Tamil Nadu City 3,4G,Enterprise,3.4
AIR106709,2020-09-18,Karnataka,Karnataka City 2,4G,Enterprise,5.2
AIR106710,2022-09-18,Delhi,Delhi City 1,5G,Postpaid,3.2
AIR106711,2023-01-29,Maharashtra,Maharashtra City 1,4G,Prepaid,2
AIR106712,2024-02-09,Tamil Nadu,Tamil Nadu City 3,4G,Prepaid,1.1
AIR106713,2022-08-29,Kerala,Kerala City 3,4G,Postpaid,2.6
AIR106714,2020-06-06,Telangana,Telangana City 2,5G,Broadband,4.9
AIR106715,2023-06-28,Karnataka,Karnataka City 3,4G,Prepaid,2
AIR106716,2024-05-25,Kerala,Kerala City 3,4G,Prepaid,1.1
AIR106717,2020-09-23,Gujarat,Gujarat City 2,4G,Prepaid,4.9
AIR106718,2019-08-25,Telangana,Telangana City 3,4G,Postpaid,6.1
AIR106719,2023-11-07,Tamil Nadu,Tamil Nadu City 2,4G,Broadband,1.9
AIR106720,2021-08-25,Telangana,Telangana City 2,5G,Prepaid,4.2
AIR106721,2024-01-15,Delhi,Delhi City 2,4G,Prepaid,1.9
AIR106722,2020-03-18,West Bengal,West Bengal City 3,5G,Postpaid,4.9
AIR106723,2024-03-26,Delhi,Delhi City 2,4G,Broadband,1
AIR106724,2021-10-16,Gujarat,Gujarat City 3,5G,Broadband,3.5
AIR106725,2024-06-29,Rajasthan,Rajasthan City 2,4G,Postpaid,0.9
AIR106726,2023-04-12,Kerala,Kerala City 3,4G,Prepaid,2.2
AIR106727,2021-04-21,Delhi,Delhi City 2,4G,Prepaid,4.2
AIR106728,2020-09-26,West Bengal,West Bengal City 1,4G,Enterprise,4.9
AIR106729,2021-03-23,Rajasthan,Rajasthan City 1,5G,Enterprise,4.5
AIR106730,2023-09-06,Delhi,Delhi City 1,4G,Postpaid,2.1
AIR106731,2023-04-20,Maharashtra,Maharashtra City 2,4G,Postpaid,2.6
AIR106732,2021-11-30,West Bengal,West Bengal City 3,4G,Enterprise,4
AIR106733,2019-07-05,Kerala,Kerala City 2,5G,Prepaid,5.6
AIR106734,2023-09-15,Karnataka,Karnataka City 2,4G,Prepaid,1.5
AIR106735,2022-11-13,Uttar Pradesh,Uttar Pradesh City 2,5G,Postpaid,2.4
AIR106736,2023-01-12,Rajasthan,Rajasthan City 2,5G,Enterprise,2.3
AIR106737,2020-11-29,Maharashtra,Maharashtra City 3,5G,Postpaid,4.5
AIR106738,2021-08-02,Karnataka,Karnataka City 2,4G,Broadband,4
AIR106739,2019-05-17,Tamil Nadu,Tamil Nadu City 1,4G,Prepaid,6.2
AIR106740,2022-05-10,West Bengal,West Bengal City 1,4G,Prepaid,3.4
AIR106741,2021-06-11,Maharashtra,Maharashtra City 1,5G,Prepaid,4.3
AIR106742,2020-09-12,Telangana,Telangana City 2,5G,Enterprise,5.2
AIR106743,2021-05-02,Tamil Nadu,Tamil Nadu City 3,4G,Postpaid,4.6
AIR106744,2021-05-20,Tamil Nadu,Tamil Nadu City 3,5G,Prepaid,3.7
AIR106745,2020-09-03,Rajasthan,Rajasthan City 3,4G,Enterprise,4.5
AIR106746,2023-03-19,West Bengal,West Bengal City 2,4G,Postpaid,2.1
AIR106747,2023-04-18,Maharashtra,Maharashtra City 3,4G,Broadband,2.1
AIR106748,2019-03-10,Gujarat,Gujarat City 1,5G,Postpaid,6.3
AIR106749,2020-08-24,Maharashtra,Maharashtra City 3,5G,Prepaid,4.9
AIR106750,2024-08-26,Delhi,Delhi City 2,5G,Postpaid,1
AIR106751,2021-05-28,Tamil Nadu,Tamil Nadu City 2,5G,Enterprise,4.3
AIR106752,2020-06-29,Kerala,Kerala City 3,4G,Prepaid,5.3
AIR106753,2023-12-05,Tamil Nadu,Tamil Nadu City 2,5G,Broadband,1.9
AIR106754,2024-01-11,Tamil Nadu,Tamil Nadu City 3,4G,Prepaid,1.9
AIR106755,2024-10-08,Uttar Pradesh,Uttar Pradesh City 3,5G,Prepaid,0.4
AIR106756,2019-07-03,Telangana,Telangana City 1,5G,Prepaid,5.7
AIR106757,2021-04-17,Gujarat,Gujarat City 2,4G,Broadband,4
AIR106758,2024-03-07,Karnataka,Karnataka City 1,4G,Postpaid,1.2
AIR106759,2022-10-20,Karnataka,Karnataka City 2,4G,Prepaid,2.7
AIR106760,2024-04-25,Telangana,Telangana City 3,5G,Broadband,1.2
AIR106761,2024-05-06,Tamil Nadu,Tamil Nadu City 2,4G,Prepaid,1.3
AIR106762,2022-12-28,Karnataka,Karnataka City 3,4G,Prepaid,2.7
AIR106763,2022-10-23,West Bengal,West Bengal City 2,5G,Prepaid,3
AIR106764,2022-12-24,Gujarat,Gujarat City 1,4G,Postpaid,2.9
AIR106765,2022-03-18,Karnataka,Karnataka City 1,4G,Postpaid,3.7
AIR106766,2023-09-08,Telangana,Telangana City 3,4G,Broadband,1.4
AIR106767,2022-11-01,Delhi,Delhi City 1,4G,Postpaid,2.4
AIR106768,2021-02-19,Karnataka,Karnataka City 3,5G,Prepaid,4.2
AIR106769,2021-10-25,Gujarat,Gujarat City 3,4G,Broadband,3.6
AIR106770,2020-09-19,Rajasthan,Rajasthan City 3,4G,Prepaid,4.7
AIR106771,2019-02-23,Rajasthan,Rajasthan City 2,4G,Broadband,6.4
AIR106772,2019-10-15,West Bengal,West Bengal City 3,4G,Prepaid,5.8
AIR106773,2021-12-04,Maharashtra,Maharashtra City 1,5G,Prepaid,3.8
AIR106774,2019-10-11,Maharashtra,Maharashtra City 2,5G,Postpaid,6
AIR106775,2021-04-12,Karnataka,Karnataka City 1,4G,Prepaid,4.6
AIR106776,2020-08-04,Kerala,Kerala City 3,4G,Prepaid,5.4
AIR106777,2024-06-17,Delhi,Delhi City 3,4G,Postpaid,0.7
AIR106778,2024-09-20,Telangana,Telangana City 1,4G,Prepaid,0.5
AIR106779,2019-09-29,Delhi,Delhi City 2,4G,Prepaid,5.5
AIR106780,2021-07-05,Rajasthan,Rajasthan City 1,5G,Prepaid,3.9
AIR106781,2020-07-24,Karnataka,Karnataka City 3,4G,Postpaid,4.9
AIR106782,2024-09-25,Gujarat,Gujarat City 2,4G,Prepaid,0.8
AIR106783,2023-07-04,Telangana,Telangana City 3,4G,Prepaid,2.1
AIR106784,2024-12-13,Delhi,Delhi City 3,4G,Postpaid,0.8
AIR106785,2020-04-16,Gujarat,Gujarat City 1,5G,Postpaid,5.5
AIR106786,2021-03-21,Telangana,Telangana City 3,4G,Postpaid,4.7
AIR106787,2024-04-30,Delhi,Delhi City 1,4G,Prepaid,1.6
AIR106788,2020-09-12,West Bengal,West Bengal City 2,4G,Prepaid,4.4
AIR106789,2020-11-07,Rajasthan,Rajasthan City 3,5G,Postpaid,4.4
AIR106790,2021-02-09,Tamil Nadu,Tamil Nadu City 3,4G,Broadband,4.2
AIR106791,2024-08-16,Telangana,Telangana City 2,5G,Postpaid,0.7
AIR106792,2020-11-28,Rajasthan,Rajasthan City 1,4G,Prepaid,4.5
AIR106793,2023-06-03,Uttar Pradesh,Uttar Pradesh City 3,5G,Prepaid,2.1
AIR106794,2019-03-06,Kerala,Kerala City 2,5G,Broadband,6.4
AIR106795,2019-07-21,Karnataka,Karnataka City 3,4G,Postpaid,6.2
AIR106796,2019-05-22,Uttar Pradesh,Uttar Pradesh City 1,5G,Prepaid,6.4
AIR106797,2022-08-09,Gujarat,Gujarat City 1,5G,Prepaid,3.3
AIR106798,2022-03-03,Telangana,Telangana City 1,4G,Broadband,3.8
AIR106799,2019-04-12,Karnataka,Karnataka City 1,4G,Prepaid,5.8
AIR106800,2020-01-12,Karnataka,Karnataka City 2,4G,Postpaid,5.2
AIR106801,2019-07-25,Uttar Pradesh,Uttar Pradesh City 3,4G,Postpaid,5.7
AIR106802,2021-01-30,Uttar Pradesh,Uttar Pradesh City 2,5G,Prepaid,4.3
AIR106803,2022-02-20,Tamil Nadu,Tamil Nadu City 1,5G,Prepaid,3.3
AIR106804,2024-08-19,Delhi,Delhi City 1,4G,Prepaid,0.9
AIR106805,2022-04-05,Telangana,Telangana City 1,5G,Broadband,3.4
AIR106806,2023-06-23,Rajasthan,Rajasthan City 1,4G,Postpaid,2.2
AIR106807,2023-10-09,Maharashtra,Maharashtra City 3,4G,Broadband,2
AIR106808,2025-01-07,Telangana,Telangana City 1,5G,Postpaid,0.9
AIR106809,2021-11-26,Telangana,Telangana City 3,4G,Broadband,4.1
AIR106810,2024-03-27,Telangana,Telangana City 1,4G,Broadband,0.9
AIR106811,2023-02-06,Karnataka,Karnataka City 3,5G,Postpaid,2.1
AIR106812,2023-01-07,Gujarat,Gujarat City 3,4G,Prepaid,2.3
AIR106813,2021-10-25,Karnataka,Karnataka City 1,4G,Postpaid,3.6
AIR106814,2021-06-08,Gujarat,Gujarat City 2,4G,Postpaid,4
AIR106815,2022-06-03,Uttar Pradesh,Uttar Pradesh City 2,4G,Postpaid,3.1
AIR106816,2023-04-12,Maharashtra,Maharashtra City 2,5G,Broadband,2.3
AIR106817,2020-02-07,Karnataka,Karnataka City 2,4G,Prepaid,5.6
AIR106818,2021-03-21,Gujarat,Gujarat City 2,4G,Prepaid,4.6
AIR106819,2021-11-24,Karnataka,Karnataka City 1,4G,Postpaid,4
AIR106820,2022-06-14,Kerala,Kerala City 1,4G,Prepaid,3.5
AIR106821,2023-01-31,Karnataka,Karnataka City 1,4G,Prepaid,2
AIR106822,2020-05-26,Maharashtra,Maharashtra City 1,4G,Enterprise,4.8
AIR106823,2024-01-21,Maharashtra,Maharashtra City 1,4G,Postpaid,1.2
AIR106824,2019-11-13,Gujarat,Gujarat City 1,4G,Broadband,5.5
AIR106825,2019-10-30,Gujarat,Gujarat City 3,4G,Postpaid,5.6
AIR106826,2022-01-30,Uttar Pradesh,Uttar Pradesh City 3,5G,Postpaid,3.5
AIR106827,2022-08-28,Maharashtra,Maharashtra City 1,5G,Postpaid,3
AIR106828,2019-03-23,Maharashtra,Maharashtra City 1,5G,Prepaid,6.5
AIR106829,2020-10-19,Tamil Nadu,Tamil Nadu City 3,4G,Postpaid,5
AIR106830,2019-02-22,Telangana,Telangana City 3,4G,Prepaid,6.7
AIR106831,2021-10-11,West Bengal,West Bengal City 1,5G,Enterprise,4.2
AIR106832,2019-12-11,Karnataka,Karnataka City 3,4G,Prepaid,5.2
AIR106833,2022-01-13,Delhi,Delhi City 2,4G,Prepaid,3.2
AIR106834,2021-09-13,Uttar Pradesh,Uttar Pradesh City 2,5G,Postpaid,3.6
AIR106835,2024-04-14,Telangana,Telangana City 2,5G,Postpaid,1.1
AIR106836,2020-10-02,West Bengal,West Bengal City 3,5G,Prepaid,4.7
AIR106837,2019-07-30,Tamil Nadu,Tamil Nadu City 1,5G,Prepaid,6
AIR106838,2021-05-13,Delhi,Delhi City 1,5G,Broadband,4.3
AIR106839,2021-02-14,Gujarat,Gujarat City 1,4G,Postpaid,4.6
AIR106840,2021-07-03,Maharashtra,Maharashtra City 3,5G,Prepaid,4.3
AIR106841,2019-07-02,Kerala,Kerala City 3,4G,Postpaid,6.4
AIR106842,2020-05-20,Uttar Pradesh,Uttar Pradesh City 2,5G,Prepaid,5.6
AIR106843,2024-02-01,Rajasthan,Rajasthan City 3,4G,Prepaid,1
AIR106844,2024-08-21,Maharashtra,Maharashtra City 2,4G,Enterprise,0.6
AIR106845,2019-04-03,Kerala,Kerala City 2,5G,Prepaid,6
AIR106846,2019-11-26,West Bengal,West Bengal City 1,4G,Prepaid,5.5
AIR106847,2019-09-18,Gujarat,Gujarat City 3,5G,Enterprise,5.7
AIR106848,2020-12-10,Delhi,Delhi City 1,4G,Postpaid,4.6
AIR106849,2024-05-05,West Bengal,West Bengal City 1,5G,Prepaid,1.3
AIR106850,2024-08-19,Maharashtra,Maharashtra City 3,5G,Prepaid,1.1
AIR106851,2019-03-29,Maharashtra,Maharashtra City 3,4G,Broadband,6.5
AIR106852,2023-04-22,Delhi,Delhi City 2,4G,Prepaid,2.6
AIR106853,2021-12-08,Rajasthan,Rajasthan City 2,4G,Postpaid,4
AIR106854,2024-01-21,Kerala,Kerala City 2,5G,Postpaid,1.1
AIR106855,2023-01-28,West Bengal,West Bengal City 2,4G,Prepaid,2.1
AIR106856,2023-07-17,Gujarat,Gujarat City 1,4G,Postpaid,1.7
AIR106857,2024-08-29,Maharashtra,Maharashtra City 1,4G,Postpaid,0.7
AIR106858,2022-02-05,West Bengal,West Bengal City 3,4G,Prepaid,3.4
AIR106859,2024-12-27,Rajasthan,Rajasthan City 2,4G,Broadband,0.5
AIR106860,2022-01-19,West Bengal,West Bengal City 2,4G,Prepaid,3.6
AIR106861,2019-09-28,Delhi,Delhi City 2,4G,Postpaid,6
AIR106862,2023-05-16,Gujarat,Gujarat City 1,5G,Postpaid,2.4
AIR106863,2019-10-11,Tamil Nadu,Tamil Nadu City 3,4G,Postpaid,6.1
AIR106864,2020-01-01,Delhi,Delhi City 1,5G,Prepaid,6
AIR106865,2019-01-03,West Bengal,West Bengal City 3,4G,Postpaid,6.1
AIR106866,2021-02-22,Tamil Nadu,Tamil Nadu City 3,4G,Prepaid,4.1
AIR106867,2020-01-23,Maharashtra,Maharashtra City 1,4G,Postpaid,5.2
AIR106868,2021-10-29,Tamil Nadu,Tamil Nadu City 1,4G,Broadband,3.5
AIR106869,2022-10-21,Rajasthan,Rajasthan City 3,4G,Broadband,2.7
AIR106870,2024-08-21,Karnataka,Karnataka City 1,5G,Postpaid,0.9
AIR106871,2019-03-15,Rajasthan,Rajasthan City 1,4G,Prepaid,6.4
AIR106872,2019-08-26,Delhi,Delhi City 3,5G,Prepaid,6.1
AIR106873,2024-06-08,Karnataka,Karnataka City 3,4G,Prepaid,1.4
AIR106874,2023-01-02,Delhi,Delhi City 2,4G,Postpaid,2.9
AIR106875,2023-11-16,Uttar Pradesh,Uttar Pradesh City 1,4G,Prepaid,2.1
AIR106876,2023-02-13,Gujarat,Gujarat City 3,5G,Enterprise,2
AIR106877,2022-01-20,Telangana,Telangana City 1,4G,Broadband,3.1
AIR106878,2021-05-21,Maharashtra,Maharashtra City 1,5G,Prepaid,3.9
AIR106879,2022-05-06,Maharashtra,Maharashtra City 3,4G,Postpaid,3
AIR106880,2022-02-13,Uttar Pradesh,Uttar Pradesh City 2,4G,Postpaid,3.3
AIR106881,2023-07-25,West Bengal,West Bengal City 3,4G,Prepaid,2
AIR106882,2023-07-15,Kerala,Kerala City 3,5G,Postpaid,2.1
AIR106883,2022-02-05,Delhi,Delhi City 1,5G,Prepaid,3.6
AIR106884,2024-05-25,Telangana,Telangana City 2,4G,Prepaid,1.4
AIR106885,2021-03-21,Telangana,Telangana City 3,5G,Postpaid,4.7
AIR106886,2019-02-25,Rajasthan,Rajasthan City 1,4G,Enterprise,6.8
AIR106887,2023-03-14,Rajasthan,Rajasthan City 3,5G,Prepaid,1.9
AIR106888,2021-07-22,Kerala,Kerala City 1,5G,Postpaid,3.6
AIR106889,2020-10-24,West Bengal,West Bengal City 3,5G,Prepaid,4.5
AIR106890,2023-04-28,Uttar Pradesh,Uttar Pradesh City 2,5G,Broadband,2
AIR106891,2024-02-15,Tamil Nadu,Tamil Nadu City 3,4G,Broadband,1.3
AIR106892,2022-07-26,Rajasthan,Rajasthan City 1,4G,Prepaid,3
AIR106893,2019-05-24,West Bengal,West Bengal City 3,4G,Broadband,6.2
AIR106894,2019-08-17,Gujarat,Gujarat City 2,4G,Prepaid,6.1
AIR106895,2024-12-24,Maharashtra,Maharashtra City 2,4G,Prepaid,0.8
AIR106896,2019-08-28,Maharashtra,Maharashtra City 2,4G,Postpaid,6.2
AIR106897,2024-06-27,West Bengal,West Bengal City 2,4G,Prepaid,1.5
AIR106898,2022-08-31,Kerala,Kerala City 1,4G,Postpaid,2.5
AIR106899,2019-05-31,Uttar Pradesh,Uttar Pradesh City 3,4G,Postpaid,5.8
AIR106900,2021-03-13,Telangana,Telangana City 2,4G,Prepaid,4.1
AIR106901,2019-12-19,Kerala,Kerala City 3,5G,Prepaid,5.4
AIR106902,2024-05-28,West Bengal,West Bengal City 1,4G,Postpaid,1
AIR106903,2022-02-07,Uttar Pradesh,Uttar Pradesh City 3,5G,Prepaid,3.4
AIR106904,2020-04-10,Uttar Pradesh,Uttar Pradesh City 3,4G,Prepaid,5.3
AIR106905,2021-11-29,Delhi,Delhi City 2,4G,Prepaid,3.8
AIR106906,2022-10-27,Karnataka,Karnataka City 2,4G,Broadband,3
AIR106907,2023-03-29,Maharashtra,Maharashtra City 1,4G,Broadband,2.6
AIR106908,2023-03-11,West Bengal,West Bengal City 3,4G,Prepaid,2.8
AIR106909,2019-02-22,Telangana,Telangana City 1,4G,Prepaid,6
AIR106910,2023-11-04,Karnataka,Karnataka City 1,4G,Postpaid,1.4
AIR106911,2023-04-24,Gujarat,Gujarat City 1,4G,Enterprise,2
AIR106912,2022-02-18,Rajasthan,Rajasthan City 2,5G,Prepaid,3.2
AIR106913,2024-10-13,Delhi,Delhi City 2,4G,Broadband,0.7
AIR106914,2023-01-03,Rajasthan,Rajasthan City 3,4G,Postpaid,2.5
AIR106915,2019-10-23,Karnataka,Karnataka City 3,4G,Enterprise,5.8
AIR106916,2020-10-08,Karnataka,Karnataka City 3,4G,Prepaid,4.9
AIR106917,2023-04-30,Rajasthan,Rajasthan City 2,5G,Enterprise,2.5
AIR106918,2024-12-22,Telangana,Telangana City 2,4G,Prepaid,0.9
AIR106919,2020-12-10,Telangana,Telangana City 1,4G,Enterprise,5
AIR106920,2019-03-08,Tamil Nadu,Tamil Nadu City 2,4G,Postpaid,5.9
AIR106921,2024-08-12,Gujarat,Gujarat City 1,4G,Postpaid,0.6
AIR106922,2023-05-13,Telangana,Telangana City 1,4G,Broadband,1.9
AIR106923,2024-03-26,Gujarat,Gujarat City 2,5G,Postpaid,1.1
AIR106924,2020-05-24,Gujarat,Gujarat City 1,4G,Postpaid,5.1
AIR106925,2024-03-06,Karnataka,Karnataka City 1,4G,Prepaid,1.4
AIR106926,2023-01-01,Gujarat,Gujarat City 3,4G,Postpaid,2.6
AIR106927,2024-05-27,Delhi,Delhi City 1,4G,Broadband,1.3
AIR106928,2024-06-22,Rajasthan,Rajasthan City 2,4G,Prepaid,1.3
AIR106929,2024-05-24,Tamil Nadu,Tamil Nadu City 2,4G,Postpaid,1.5
AIR106930,2023-04-01,West Bengal,West Bengal City 1,4G,Broadband,2.7
AIR106931,2019-04-12,Kerala,Kerala City 3,4G,Postpaid,5.8
AIR106932,2022-12-31,Tamil Nadu,Tamil Nadu City 2,4G,Broadband,2.2
AIR106933,2021-01-03,Delhi,Delhi City 2,4G,Broadband,4.3
AIR106934,2020-06-16,Tamil Nadu,Tamil Nadu City 3,4G,Postpaid,4.9
AIR106935,2019-04-02,Gujarat,Gujarat City 1,4G,Postpaid,6.2
AIR106936,2023-12-25,Karnataka,Karnataka City 2,4G,Enterprise,1.6
AIR106937,2022-03-02,Kerala,Kerala City 1,4G,Broadband,3.5
AIR106938,2021-04-18,Telangana,Telangana City 1,5G,Broadband,4.4
AIR106939,2020-05-19,Karnataka,Karnataka City 1,5G,Prepaid,5.4
AIR106940,2023-01-16,Gujarat,Gujarat City 1,5G,Prepaid,2.8
AIR106941,2021-04-20,Gujarat,Gujarat City 2,5G,Postpaid,4.7
AIR106942,2020-11-17,Kerala,Kerala City 3,5G,Postpaid,4.2
AIR106943,2025-01-04,Kerala,Kerala City 2,5G,Prepaid,0.2
AIR106944,2021-07-22,Maharashtra,Maharashtra City 3,5G,Prepaid,3.7
AIR106945,2022-06-09,Uttar Pradesh,Uttar Pradesh City 1,5G,Prepaid,2.9
AIR106946,2021-06-02,Uttar Pradesh,Uttar Pradesh City 3,4G,Postpaid,4
AIR106947,2019-11-10,Karnataka,Karnataka City 1,4G,Broadband,5.7
AIR106948,2019-08-11,Telangana,Telangana City 2,5G,Broadband,6
AIR106949,2020-02-20,Tamil Nadu,Tamil Nadu City 2,4G,Prepaid,5.6
AIR106950,2024-10-10,Gujarat,Gujarat City 3,5G,Prepaid,1
AIR106951,2020-09-15,Gujarat,Gujarat City 1,4G,Prepaid,5.2
AIR106952,2020-02-09,Maharashtra,Maharashtra City 1,4G,Prepaid,5.8
AIR106953,2022-07-02,Karnataka,Karnataka City 3,5G,Postpaid,2.6
AIR106954,2020-01-25,Karnataka,Karnataka City 1,5G,Prepaid,5.1
AIR106955,2023-07-07,Rajasthan,Rajasthan City 1,4G,Prepaid,1.8
AIR106956,2021-02-04,Kerala,Kerala City 1,5G,Prepaid,4.3
AIR106957,2019-12-14,Telangana,Telangana City 2,5G,Prepaid,5.5
AIR106958,2022-09-07,Kerala,Kerala City 2,4G,Prepaid,2.9
AIR106959,2024-04-03,Telangana,Telangana City 2,4G,Postpaid,1.4
AIR106960,2019-11-26,Delhi,Delhi City 1,4G,Prepaid,5.8
AIR106961,2024-05-22,West Bengal,West Bengal City 2,4G,Postpaid,1.4
AIR106962,2021-08-31,Uttar Pradesh,Uttar Pradesh City 1,4G,Prepaid,4.2
AIR106963,2024-11-09,Uttar Pradesh,Uttar Pradesh City 1,4G,Postpaid,1.1
AIR106964,2022-05-30,Telangana,Telangana City 3,4G,Enterprise,2.7
AIR106965,2019-07-24,Uttar Pradesh,Uttar Pradesh City 1,5G,Postpaid,5.6
AIR106966,2019-03-30,Kerala,Kerala City 2,4G,Postpaid,6
AIR106967,2019-12-29,Gujarat,Gujarat City 2,4G,Broadband,5.4
AIR106968,2019-11-28,Kerala,Kerala City 1,4G,Prepaid,5.5
AIR106969,2020-12-08,Telangana,Telangana City 2,5G,Prepaid,4.6
AIR106970,2023-01-18,Karnataka,Karnataka City 1,5G,Prepaid,2.6
AIR106971,2020-02-26,Kerala,Kerala City 3,4G,Prepaid,5.6
AIR106972,2021-02-01,Uttar Pradesh,Uttar Pradesh City 1,5G,Postpaid,4.7
AIR106973,2022-04-09,Maharashtra,Maharashtra City 1,5G,Prepaid,3.6
AIR106974,2019-09-06,Rajasthan,Rajasthan City 3,5G,Broadband,6.3
AIR106975,2020-04-27,Gujarat,Gujarat City 2,5G,Prepaid,4.8
AIR106976,2022-11-08,Uttar Pradesh,Uttar Pradesh City 3,4G,Broadband,2.3
AIR106977,2019-11-15,Maharashtra,Maharashtra City 3,4G,Broadband,5.4
AIR106978,2020-11-30,Telangana,Telangana City 1,4G,Enterprise,4.5
AIR106979,2020-06-14,Delhi,Delhi City 1,4G,Broadband,5
AIR106980,2022-02-10,Maharashtra,Maharashtra City 3,4G,Prepaid,3.4
AIR106981,2024-05-01,West Bengal,West Bengal City 2,5G,Postpaid,1.3
AIR106982,2022-09-29,Delhi,Delhi City 3,4G,Prepaid,3
AIR106983,2019-05-03,Tamil Nadu,Tamil Nadu City 2,5G,Broadband,6.5
AIR106984,2021-01-19,Gujarat,Gujarat City 3,4G,Prepaid,4.8
AIR106985,2019-11-15,Uttar Pradesh,Uttar Pradesh City 3,4G,Prepaid,6.1
AIR106986,2023-05-17,Tamil Nadu,Tamil Nadu City 2,4G,Broadband,1.8
AIR106987,2020-08-08,Kerala,Kerala City 3,4G,Prepaid,4.6
AIR106988,2020-06-27,Telangana,Telangana City 1,5G,Prepaid,4.8
AIR106989,2023-01-20,Gujarat,Gujarat City 3,5G,Prepaid,2.3
AIR106990,2019-01-15,Karnataka,Karnataka City 1,4G,Postpaid,6.4
AIR106991,2023-01-06,Delhi,Delhi City 2,5G,Postpaid,2.5
AIR106992,2019-09-02,Karnataka,Karnataka City 2,5G,Postpaid,6
AIR106993,2021-06-17,Tamil Nadu,Tamil Nadu City 1,4G,Broadband,4.2
AIR106994,2023-01-18,Maharashtra,Maharashtra City 3,4G,Prepaid,2.7
AIR106995,2022-10-14,Maharashtra,Maharashtra City 1,4G,Postpaid,3.1
AIR106996,2019-02-21,Telangana,Telangana City 1,4G,Postpaid,6.8
AIR106997,2024-08-20,Tamil Nadu,Tamil Nadu City 2,5G,Postpaid,0.5
AIR106998,2021-04-02,Rajasthan,Rajasthan City 1,4G,Prepaid,4
AIR106999,2023-06-12,Gujarat,Gujarat City 3,4G,Prepaid,1.8
AIR107000,2024-12-01,Delhi,Delhi City 1,4G,Prepaid,0.5
AIR107001,2020-08-26,Maharashtra,Maharashtra City 2,5G,Prepaid,4.8
AIR107002,2020-08-15,Maharashtra,Maharashtra City 3,5G,Prepaid,4.9
AIR107003,2022-06-27,Karnataka,Karnataka City 2,4G,Prepaid,3.1
AIR107004,2022-06-27,Karnataka,Karnataka City 1,4G,Prepaid,3.2
AIR107005,2021-10-01,Uttar Pradesh,Uttar Pradesh City 1,4G,Prepaid,4
AIR107006,2023-04-21,Kerala,Kerala City 2,5G,Postpaid,2.6
AIR107007,2023-12-17,Rajasthan,Rajasthan City 2,4G,Broadband,2
AIR107008,2020-12-25,Karnataka,Karnataka City 3,5G,Prepaid,4.1
AIR107009,2021-03-25,Karnataka,Karnataka City 2,5G,Postpaid,4
AIR107010,2020-06-15,Gujarat,Gujarat City 2,4G,Enterprise,4.8
AIR107011,2021-01-28,Uttar Pradesh,Uttar Pradesh City 1,4G,Postpaid,4.3
AIR107012,2019-01-06,Karnataka,Karnataka City 1,4G,Enterprise,6.4
AIR107013,2020-08-07,Delhi,Delhi City 2,4G,Prepaid,4.9
AIR107014,2020-09-10,Gujarat,Gujarat City 2,4G,Broadband,4.9
AIR107015,2023-03-15,Kerala,Kerala City 1,4G,Postpaid,2.5
AIR107016,2021-03-07,Tamil Nadu,Tamil Nadu City 3,4G,Prepaid,4.6
AIR107017,2023-01-24,Gujarat,Gujarat City 3,4G,Enterprise,2.8
AIR107018,2019-12-22,Tamil Nadu,Tamil Nadu City 3,5G,Enterprise,6
AIR107019,2021-06-07,Maharashtra,Maharashtra City 3,4G,Prepaid,3.7
AIR107020,2020-07-14,Uttar Pradesh,Uttar Pradesh City 1,4G,Enterprise,4.7
AIR107021,2019-12-30,Kerala,Kerala City 2,5G,Prepaid,5.3
AIR107022,2022-11-14,Uttar Pradesh,Uttar Pradesh City 3,4G,Postpaid,2.5
AIR107023,2022-08-11,Kerala,Kerala City 1,5G,Prepaid,2.8
AIR107024,2022-08-04,Uttar Pradesh,Uttar Pradesh City 2,5G,Prepaid,2.9
AIR107025,2022-08-15,Gujarat,Gujarat City 3,4G,Postpaid,3
AIR107026,2023-07-02,Uttar Pradesh,Uttar Pradesh City 2,4G,Prepaid,2.2
AIR107027,2022-07-31,West Bengal,West Bengal City 3,4G,Prepaid,3.2
AIR107028,2021-12-13,Kerala,Kerala City 2,4G,Prepaid,3.9
AIR107029,2024-01-09,Tamil Nadu,Tamil Nadu City 3,4G,Prepaid,1.9
AIR107030,2022-09-05,Kerala,Kerala City 3,5G,Postpaid,2.4
AIR107031,2020-12-22,Maharashtra,Maharashtra City 2,4G,Prepaid,4.2
AIR107032,2022-05-29,Delhi,Delhi City 2,4G,Broadband,2.9
AIR107033,2023-09-02,West Bengal,West Bengal City 2,5G,Prepaid,1.7
AIR107034,2024-05-11,Telangana,Telangana City 1,5G,Prepaid,1.1
AIR107035,2022-09-28,Kerala,Kerala City 1,4G,Prepaid,2.8
AIR107036,2022-09-07,Karnataka,Karnataka City 2,4G,Postpaid,2.9
AIR107037,2020-08-03,Gujarat,Gujarat City 1,4G,Prepaid,5.1
AIR107038,2021-01-15,Gujarat,Gujarat City 3,5G,Postpaid,4.7
AIR107039,2021-11-04,Uttar Pradesh,Uttar Pradesh City 2,4G,Prepaid,4
AIR107040,2023-02-12,Uttar Pradesh,Uttar Pradesh City 1,5G,Broadband,2.8
AIR107041,2021-05-27,Gujarat,Gujarat City 2,4G,Prepaid,3.7
AIR107042,2019-05-14,Rajasthan,Rajasthan City 3,5G,Broadband,5.8
AIR107043,2020-12-18,West Bengal,West Bengal City 3,4G,Prepaid,4.3
AIR107044,2021-11-13,West Bengal,West Bengal City 1,5G,Prepaid,3.5
AIR107045,2023-01-02,Tamil Nadu,Tamil Nadu City 3,5G,Prepaid,2.5
AIR107046,2022-09-09,Kerala,Kerala City 2,4G,Prepaid,2.8
AIR107047,2022-02-19,Telangana,Telangana City 1,5G,Postpaid,3.5
AIR107048,2022-09-26,Gujarat,Gujarat City 2,5G,Enterprise,3
AIR107049,2022-05-16,Kerala,Kerala City 2,5G,Prepaid,3.4
AIR107050,2024-06-24,West Bengal,West Bengal City 2,4G,Postpaid,1.4
AIR107051,2019-06-15,Maharashtra,Maharashtra City 3,4G,Prepaid,6.5
AIR107052,2023-04-29,Gujarat,Gujarat City 2,5G,Prepaid,1.8
AIR107053,2022-01-03,Kerala,Kerala City 3,5G,Prepaid,3.2
AIR107054,2023-02-12,West Bengal,West Bengal City 2,4G,Broadband,2.2
AIR107055,2024-07-10,Delhi,Delhi City 3,5G,Prepaid,0.8
AIR107056,2021-01-31,West Bengal,West Bengal City 3,4G,Postpaid,4.4
AIR107057,2022-01-14,Uttar Pradesh,Uttar Pradesh City 3,5G,Prepaid,3.5
AIR107058,2020-10-10,Karnataka,Karnataka City 2,4G,Prepaid,4.8
AIR107059,2020-07-04,Rajasthan,Rajasthan City 2,4G,Prepaid,5.2
AIR107060,2020-08-21,Rajasthan,Rajasthan City 3,4G,Prepaid,5.1
AIR107061,2023-05-19,Uttar Pradesh,Uttar Pradesh City 2,4G,Prepaid,2.5
AIR107062,2020-02-21,Uttar Pradesh,Uttar Pradesh City 3,4G,Prepaid,5.8
AIR107063,2023-10-06,Gujarat,Gujarat City 2,4G,Prepaid,1.4
AIR107064,2024-10-15,Delhi,Delhi City 3,4G,Broadband,0.4
AIR107065,2021-12-18,Delhi,Delhi City 3,4G,Prepaid,3.3
AIR107066,2021-10-03,Gujarat,Gujarat City 1,5G,Postpaid,3.6
AIR107067,2020-08-10,Kerala,Kerala City 2,4G,Prepaid,4.8
AIR107068,2021-02-10,Gujarat,Gujarat City 2,4G,Broadband,4.4
AIR107069,2024-03-27,Telangana,Telangana City 1,4G,Prepaid,1.4
AIR107070,2019-11-18,Telangana,Telangana City 3,5G,Prepaid,5.8
AIR107071,2023-01-24,Rajasthan,Rajasthan City 3,5G,Enterprise,2.7
AIR107072,2024-12-23,West Bengal,West Bengal City 1,4G,Prepaid,0.9
AIR107073,2023-12-23,Gujarat,Gujarat City 1,5G,Postpaid,2
AIR107074,2024-07-14,Gujarat,Gujarat City 3,5G,Postpaid,0.6
AIR107075,2021-07-19,Kerala,Kerala City 2,4G,Prepaid,3.7
AIR107076,2020-11-10,Tamil Nadu,Tamil Nadu City 1,5G,Enterprise,4.4
AIR107077,2022-09-21,Rajasthan,Rajasthan City 1,4G,Broadband,2.6
AIR107078,2021-02-19,Rajasthan,Rajasthan City 1,4G,Broadband,4.3
AIR107079,2023-03-17,Rajasthan,Rajasthan City 1,4G,Enterprise,2.3
AIR107080,2019-06-20,West Bengal,West Bengal City 1,4G,Postpaid,6.2
AIR107081,2021-07-12,Uttar Pradesh,Uttar Pradesh City 1,4G,Prepaid,4.2
AIR107082,2019-05-09,Maharashtra,Maharashtra City 3,4G,Postpaid,6.4
AIR107083,2022-12-12,Tamil Nadu,Tamil Nadu City 3,4G,Prepaid,2.9
AIR107084,2020-02-01,West Bengal,West Bengal City 1,4G,Prepaid,5.9
AIR107085,2024-10-09,Telangana,Telangana City 3,4G,Postpaid,0.4
AIR107086,2024-02-01,Kerala,Kerala City 2,4G,Broadband,1.1
AIR107087,2023-07-17,Uttar Pradesh,Uttar Pradesh City 2,4G,Prepaid,1.7
AIR107088,2023-12-01,Telangana,Telangana City 1,5G,Broadband,1.5
AIR107089,2020-02-01,Uttar Pradesh,Uttar Pradesh City 2,4G,Prepaid,5.4
AIR107090,2021-03-14,Delhi,Delhi City 2,4G,Prepaid,4.3
AIR107091,2020-10-16,Rajasthan,Rajasthan City 3,4G,Broadband,4.8
AIR107092,2024-02-20,Uttar Pradesh,Uttar Pradesh City 3,4G,Enterprise,1.6
AIR107093,2019-09-25,Karnataka,Karnataka City 3,4G,Prepaid,6.1
AIR107094,2024-10-24,Rajasthan,Rajasthan City 3,4G,Prepaid,1.1
AIR107095,2021-12-28,Rajasthan,Rajasthan City 2,5G,Prepaid,4
AIR107096,2023-01-08,Kerala,Kerala City 1,4G,Broadband,2.1
AIR107097,2022-08-14,Tamil Nadu,Tamil Nadu City 3,4G,Prepaid,2.6
AIR107098,2023-02-06,Telangana,Telangana City 2,4G,Prepaid,2.2
AIR107099,2021-06-16,Uttar Pradesh,Uttar Pradesh City 3,5G,Postpaid,3.9
AIR107100,2023-10-21,Uttar Pradesh,Uttar Pradesh City 2,5G,Prepaid,1.7
AIR107101,2023-02-17,Delhi,Delhi City 3,4G,Prepaid,2.4
AIR107102,2021-04-01,Rajasthan,Rajasthan City 1,4G,Broadband,4.4
AIR107103,2024-11-05,Gujarat,Gujarat City 3,5G,Broadband,0.9
AIR107104,2022-03-10,Maharashtra,Maharashtra City 1,4G,Broadband,3.6
AIR107105,2023-04-14,Gujarat,Gujarat City 3,4G,Prepaid,2.6
AIR107106,2021-04-05,Uttar Pradesh,Uttar Pradesh City 3,4G,Broadband,4.7
AIR107107,2020-07-28,Gujarat,Gujarat City 3,4G,Postpaid,4.6
AIR107108,2022-09-28,Kerala,Kerala City 2,5G,Prepaid,2.5
AIR107109,2020-11-17,Karnataka,Karnataka City 2,5G,Postpaid,4.4
AIR107110,2021-09-01,Uttar Pradesh,Uttar Pradesh City 1,5G,Prepaid,3.7
AIR107111,2020-05-20,Uttar Pradesh,Uttar Pradesh City 1,4G,Postpaid,5.1
AIR107112,2023-11-06,Karnataka,Karnataka City 2,4G,Postpaid,1.7
AIR107113,2019-03-15,Telangana,Telangana City 1,4G,Postpaid,6.4
AIR107114,2021-03-16,Karnataka,Karnataka City 1,5G,Prepaid,4.5
AIR107115,2020-08-03,Gujarat,Gujarat City 2,5G,Postpaid,5.2
AIR107116,2019-08-11,Kerala,Kerala City 2,4G,Prepaid,6.3
AIR107117,2021-06-15,Delhi,Delhi City 2,4G,Broadband,4.5
AIR107118,2024-12-09,Telangana,Telangana City 2,4G,Postpaid,0.2
AIR107119,2023-12-04,West Bengal,West Bengal City 3,5G,Prepaid,1.3
AIR107120,2021-01-02,Delhi,Delhi City 2,4G,Prepaid,4.3
AIR107121,2023-01-04,Tamil Nadu,Tamil Nadu City 1,4G,Postpaid,2.4
AIR107122,2021-04-02,Tamil Nadu,Tamil Nadu City 3,4G,Postpaid,4.2
AIR107123,2020-04-01,Tamil Nadu,Tamil Nadu City 3,4G,Postpaid,5.3
AIR107124,2024-11-09,Tamil Nadu,Tamil Nadu City 1,5G,Prepaid,0.8
AIR107125,2020-08-08,Kerala,Kerala City 3,5G,Postpaid,5.1
AIR107126,2019-11-10,Delhi,Delhi City 1,5G,Prepaid,5.9
AIR107127,2024-03-04,Rajasthan,Rajasthan City 3,5G,Postpaid,1.7
AIR107128,2021-09-20,Maharashtra,Maharashtra City 3,4G,Enterprise,4.2
AIR107129,2023-01-29,Telangana,Telangana City 1,4G,Postpaid,2
AIR107130,2023-07-23,West Bengal,West Bengal City 1,4G,Prepaid,1.6
AIR107131,2020-10-17,Gujarat,Gujarat City 1,5G,Enterprise,4.5
AIR107132,2024-10-14,Uttar Pradesh,Uttar Pradesh City 1,4G,Prepaid,0.6
AIR107133,2024-02-24,Tamil Nadu,Tamil Nadu City 2,4G,Postpaid,1.3
AIR107134,2019-07-20,West Bengal,West Bengal City 2,4G,Postpaid,6
AIR107135,2020-03-09,Uttar Pradesh,Uttar Pradesh City 1,4G,Prepaid,5.4
AIR107136,2019-05-18,Maharashtra,Maharashtra City 2,5G,Prepaid,6.3
AIR107137,2021-12-11,West Bengal,West Bengal City 1,5G,Prepaid,3.8
AIR107138,2023-10-15,Delhi,Delhi City 1,4G,Broadband,2.1
AIR107139,2023-01-15,West Bengal,West Bengal City 3,4G,Broadband,2.9
AIR107140,2022-03-27,Tamil Nadu,Tamil Nadu City 1,5G,Postpaid,2.9
AIR107141,2021-05-11,Maharashtra,Maharashtra City 1,5G,Prepaid,3.8
AIR107142,2022-05-14,Gujarat,Gujarat City 1,4G,Broadband,2.9
AIR107143,2022-09-01,Rajasthan,Rajasthan City 1,4G,Postpaid,2.7
AIR107144,2019-05-16,Karnataka,Karnataka City 3,4G,Prepaid,6.1
AIR107145,2020-03-24,Tamil Nadu,Tamil Nadu City 1,4G,Prepaid,5.3
AIR107146,2019-03-10,Uttar Pradesh,Uttar Pradesh City 3,5G,Prepaid,6.4
AIR107147,2021-03-23,Maharashtra,Maharashtra City 1,4G,Postpaid,4.5
AIR107148,2021-10-11,Delhi,Delhi City 3,4G,Postpaid,4
AIR107149,2022-04-05,Kerala,Kerala City 2,4G,Postpaid,3.6
AIR107150,2023-10-07,Maharashtra,Maharashtra City 3,4G,Broadband,2.2
AIR107151,2024-07-12,Uttar Pradesh,Uttar Pradesh City 3,4G,Prepaid,0.6
AIR107152,2024-05-18,Karnataka,Karnataka City 1,4G,Postpaid,0.8
AIR107153,2019-04-07,Karnataka,Karnataka City 3,4G,Prepaid,6
AIR107154,2020-01-12,Telangana,Telangana City 3,4G,Postpaid,5.3
AIR107155,2023-02-23,Rajasthan,Rajasthan City 1,4G,Prepaid,2.3
AIR107156,2024-05-01,Uttar Pradesh,Uttar Pradesh City 2,4G,Prepaid,1.2
AIR107157,2021-12-12,Karnataka,Karnataka City 2,4G,Broadband,3.7
AIR107158,2019-01-09,Telangana,Telangana City 2,4G,Prepaid,6.7
AIR107159,2019-09-08,Telangana,Telangana City 3,4G,Postpaid,6.1
AIR107160,2019-12-26,Telangana,Telangana City 1,4G,Enterprise,5.9
AIR107161,2019-05-04,Maharashtra,Maharashtra City 2,5G,Postpaid,6.6
AIR107162,2020-09-25,Telangana,Telangana City 2,5G,Prepaid,4.4
AIR107163,2019-07-18,Tamil Nadu,Tamil Nadu City 2,4G,Prepaid,5.7
AIR107164,2021-04-08,Uttar Pradesh,Uttar Pradesh City 2,5G,Broadband,4
AIR107165,2022-12-05,Tamil Nadu,Tamil Nadu City 1,4G,Prepaid,2.4
AIR107166,2021-07-06,Kerala,Kerala City 2,4G,Postpaid,3.9
AIR107167,2022-01-23,Karnataka,Karnataka City 3,4G,Postpaid,3.5
AIR107168,2024-09-08,Rajasthan,Rajasthan City 3,4G,Postpaid,0.9
AIR107169,2022-01-20,Telangana,Telangana City 1,4G,Postpaid,3.7
AIR107170,2020-08-18,Delhi,Delhi City 2,4G,Prepaid,5.2
AIR107171,2023-10-11,Delhi,Delhi City 2,5G,Postpaid,2.1
AIR107172,2019-01-23,Karnataka,Karnataka City 3,4G,Postpaid,6.9
AIR107173,2019-11-22,Kerala,Kerala City 1,4G,Prepaid,5.2
AIR107174,2021-05-26,Delhi,Delhi City 3,4G,Prepaid,3.8
AIR107175,2019-09-20,Tamil Nadu,Tamil Nadu City 1,4G,Postpaid,5.6
AIR107176,2022-10-15,West Bengal,West Bengal City 1,5G,Postpaid,2.6
AIR107177,2023-05-05,Maharashtra,Maharashtra City 1,5G,Postpaid,2.1
AIR107178,2020-03-08,Gujarat,Gujarat City 3,5G,Postpaid,5.4
AIR107179,2020-07-13,Delhi,Delhi City 1,5G,Postpaid,5.1
AIR107180,2019-02-18,Rajasthan,Rajasthan City 3,4G,Broadband,6.6
AIR107181,2023-08-30,Telangana,Telangana City 3,4G,Postpaid,2.1
AIR107182,2020-08-16,Rajasthan,Rajasthan City 2,4G,Prepaid,5.2
AIR107183,2023-05-18,Uttar Pradesh,Uttar Pradesh City 3,4G,Prepaid,2.6
AIR107184,2019-08-16,Maharashtra,Maharashtra City 3,5G,Postpaid,5.5
AIR107185,2024-05-29,Tamil Nadu,Tamil Nadu City 2,4G,Broadband,0.8
AIR107186,2019-08-02,Kerala,Kerala City 2,4G,Prepaid,5.7
AIR107187,2023-07-24,Maharashtra,Maharashtra City 2,5G,Postpaid,1.8
AIR107188,2021-11-07,Gujarat,Gujarat City 1,5G,Prepaid,3.6
AIR107189,2020-04-11,West Bengal,West Bengal City 1,4G,Prepaid,5.3
AIR107190,2022-06-23,Delhi,Delhi City 2,4G,Postpaid,3.1
AIR107191,2021-12-19,Kerala,Kerala City 1,4G,Prepaid,3.7
AIR107192,2023-07-24,Kerala,Kerala City 2,4G,Postpaid,2.2
AIR107193,2021-05-11,Delhi,Delhi City 1,4G,Broadband,4.5
AIR107194,2024-05-04,Delhi,Delhi City 3,4G,Enterprise,1.6
AIR107195,2022-06-30,Delhi,Delhi City 1,4G,Prepaid,2.6
AIR107196,2021-04-27,Delhi,Delhi City 1,4G,Postpaid,3.9
AIR107197,2022-11-07,Delhi,Delhi City 3,5G,Broadband,2.4
AIR107198,2020-07-29,Kerala,Kerala City 2,5G,Prepaid,4.8
AIR107199,2020-06-28,Karnataka,Karnataka City 1,4G,Prepaid,5
AIR107200,2019-02-27,Karnataka,Karnataka City 1,5G,Broadband,6.4
AIR107201,2024-10-12,Rajasthan,Rajasthan City 3,4G,Prepaid,0.8
AIR107202,2021-06-17,Karnataka,Karnataka City 3,4G,Broadband,4.2
AIR107203,2024-12-12,Gujarat,Gujarat City 3,4G,Postpaid,0.8
AIR107204,2024-10-09,Karnataka,Karnataka City 3,4G,Prepaid,1.1
AIR107205,2020-01-15,Kerala,Kerala City 2,4G,Prepaid,5.9
AIR107206,2021-09-04,Delhi,Delhi City 1,5G,Prepaid,3.4
AIR107207,2023-11-20,Telangana,Telangana City 1,4G,Prepaid,1.3
AIR107208,2022-03-07,Telangana,Telangana City 1,5G,Postpaid,3.1
AIR107209,2019-03-07,Gujarat,Gujarat City 1,4G,Postpaid,6.2
AIR107210,2022-04-17,Uttar Pradesh,Uttar Pradesh City 2,4G,Postpaid,3.2
AIR107211,2024-07-06,Kerala,Kerala City 1,4G,Prepaid,1
AIR107212,2021-03-08,Tamil Nadu,Tamil Nadu City 2,4G,Broadband,4.4
AIR107213,2023-12-22,Maharashtra,Maharashtra City 2,4G,Postpaid,1.7
AIR107214,2022-04-09,Rajasthan,Rajasthan City 3,5G,Broadband,3.5
AIR107215,2020-09-23,Tamil Nadu,Tamil Nadu City 3,4G,Broadband,5.1
AIR107216,2022-09-29,Kerala,Kerala City 1,4G,Prepaid,3.2
AIR107217,2019-08-15,Karnataka,Karnataka City 2,4G,Prepaid,5.5
AIR107218,2019-07-11,Delhi,Delhi City 3,4G,Broadband,5.7
AIR107219,2023-06-18,Tamil Nadu,Tamil Nadu City 2,5G,Postpaid,1.8
AIR107220,2022-02-23,Maharashtra,Maharashtra City 3,5G,Prepaid,3.2
AIR107221,2019-04-09,Uttar Pradesh,Uttar Pradesh City 2,5G,Postpaid,6.2
AIR107222,2019-12-10,Telangana,Telangana City 1,4G,Prepaid,5.6
AIR107223,2019-01-20,Uttar Pradesh,Uttar Pradesh City 1,4G,Prepaid,6.6
AIR107224,2020-03-08,Maharashtra,Maharashtra City 2,4G,Postpaid,5.5
AIR107225,2021-09-26,Delhi,Delhi City 3,5G,Prepaid,4.1
AIR107226,2019-11-26,Karnataka,Karnataka City 3,4G,Enterprise,6
AIR107227,2023-08-18,Maharashtra,Maharashtra City 1,4G,Broadband,2.3
AIR107228,2019-12-01,Rajasthan,Rajasthan City 1,4G,Postpaid,5.2
AIR107229,2024-05-10,Maharashtra,Maharashtra City 1,4G,Prepaid,0.8
AIR107230,2024-08-12,Kerala,Kerala City 3,5G,Prepaid,0.7
AIR107231,2024-06-10,Karnataka,Karnataka City 3,5G,Prepaid,0.9
AIR107232,2024-02-15,Delhi,Delhi City 1,4G,Postpaid,1.3
AIR107233,2023-05-24,Telangana,Telangana City 2,5G,Prepaid,2.1
AIR107234,2023-04-06,Telangana,Telangana City 3,4G,Postpaid,2.4
AIR107235,2024-12-05,Maharashtra,Maharashtra City 1,5G,Prepaid,0.8
AIR107236,2021-02-27,Kerala,Kerala City 2,5G,Broadband,4.6
AIR107237,2020-10-03,Tamil Nadu,Tamil Nadu City 3,4G,Broadband,5.1
AIR107238,2019-07-25,Uttar Pradesh,Uttar Pradesh City 2,5G,Postpaid,6.4
AIR107239,2024-09-08,Uttar Pradesh,Uttar Pradesh City 2,4G,Postpaid,0.4
AIR107240,2022-12-22,Uttar Pradesh,Uttar Pradesh City 3,4G,Prepaid,2.2
AIR107241,2021-04-02,Tamil Nadu,Tamil Nadu City 1,4G,Prepaid,4
AIR107242,2024-08-06,Kerala,Kerala City 2,4G,Broadband,0.8
AIR107243,2019-07-27,Uttar Pradesh,Uttar Pradesh City 1,4G,Postpaid,5.9
AIR107244,2021-05-28,Rajasthan,Rajasthan City 3,4G,Prepaid,4.1
AIR107245,2023-06-01,Tamil Nadu,Tamil Nadu City 2,5G,Postpaid,2.2
AIR107246,2020-01-13,Tamil Nadu,Tamil Nadu City 2,4G,Broadband,5.7
AIR107247,2020-02-15,Delhi,Delhi City 2,5G,Prepaid,5.7
AIR107248,2020-01-18,Delhi,Delhi City 2,4G,Prepaid,5.8
AIR107249,2020-07-24,Karnataka,Karnataka City 2,4G,Broadband,5.4
AIR107250,2022-03-20,Rajasthan,Rajasthan City 3,4G,Postpaid,2.9
AIR107251,2023-07-02,Rajasthan,Rajasthan City 2,4G,Prepaid,1.7
AIR107252,2022-02-04,Karnataka,Karnataka City 3,5G,Prepaid,3.2
AIR107253,2022-03-08,Rajasthan,Rajasthan City 1,4G,Broadband,3.2
AIR107254,2019-10-07,Gujarat,Gujarat City 3,4G,Broadband,5.7
AIR107255,2024-10-20,West Bengal,West Bengal City 2,5G,Prepaid,0.7
AIR107256,2023-10-28,Uttar Pradesh,Uttar Pradesh City 1,4G,Prepaid,1.8
AIR107257,2024-11-23,Delhi,Delhi City 3,5G,Prepaid,0.8
AIR107258,2022-03-19,Karnataka,Karnataka City 3,4G,Prepaid,3.6
AIR107259,2019-01-14,Karnataka,Karnataka City 3,5G,Prepaid,6.8
AIR107260,2024-08-14,Rajasthan,Rajasthan City 2,5G,Prepaid,1.3
AIR107261,2022-07-20,Tamil Nadu,Tamil Nadu City 2,5G,Prepaid,2.6
AIR107262,2021-05-07,Telangana,Telangana City 3,4G,Enterprise,3.9
AIR107263,2020-04-10,Maharashtra,Maharashtra City 3,4G,Prepaid,5
AIR107264,2024-05-17,Maharashtra,Maharashtra City 1,5G,Prepaid,1
AIR107265,2023-11-09,Karnataka,Karnataka City 2,4G,Prepaid,1.6
AIR107266,2021-01-15,Uttar Pradesh,Uttar Pradesh City 2,4G,Postpaid,4.5
AIR107267,2023-11-26,Gujarat,Gujarat City 1,5G,Prepaid,1.7
AIR107268,2024-01-31,Uttar Pradesh,Uttar Pradesh City 3,4G,Postpaid,1.6
AIR107269,2019-05-12,Karnataka,Karnataka City 3,4G,Postpaid,6.4
AIR107270,2021-02-15,Uttar Pradesh,Uttar Pradesh City 1,5G,Enterprise,4.7
AIR107271,2019-12-10,Delhi,Delhi City 3,4G,Postpaid,6
AIR107272,2023-04-05,Uttar Pradesh,Uttar Pradesh City 3,4G,Prepaid,1.9
AIR107273,2023-05-13,Rajasthan,Rajasthan City 1,5G,Prepaid,1.8
AIR107274,2020-07-31,Rajasthan,Rajasthan City 1,5G,Postpaid,4.7
AIR107275,2019-12-11,Gujarat,Gujarat City 1,4G,Prepaid,5.4
AIR107276,2022-11-21,Delhi,Delhi City 3,5G,Prepaid,2.6
AIR107277,2020-06-08,Telangana,Telangana City 1,5G,Enterprise,5.1
AIR107278,2023-05-17,Tamil Nadu,Tamil Nadu City 3,4G,Broadband,2.2
AIR107279,2024-05-01,Delhi,Delhi City 2,4G,Broadband,1.4
AIR107280,2019-02-15,Kerala,Kerala City 2,4G,Broadband,6.7
AIR107281,2024-04-18,West Bengal,West Bengal City 1,5G,Postpaid,1.6
AIR107282,2023-06-17,Karnataka,Karnataka City 3,5G,Postpaid,2.5
AIR107283,2021-09-07,Kerala,Kerala City 3,4G,Prepaid,3.4
AIR107284,2022-12-22,Gujarat,Gujarat City 3,5G,Enterprise,2.2
AIR107285,2024-09-01,Kerala,Kerala City 1,5G,Prepaid,0.6
AIR107286,2024-03-07,Rajasthan,Rajasthan City 3,4G,Postpaid,1.2
AIR107287,2024-10-15,Uttar Pradesh,Uttar Pradesh City 3,5G,Prepaid,0.7
AIR107288,2020-09-17,Tamil Nadu,Tamil Nadu City 3,4G,Prepaid,4.8
AIR107289,2019-09-15,Maharashtra,Maharashtra City 2,5G,Postpaid,5.9
AIR107290,2024-07-03,Karnataka,Karnataka City 3,4G,Prepaid,1.2
AIR107291,2019-09-10,Maharashtra,Maharashtra City 2,4G,Postpaid,6.1
AIR107292,2023-05-24,Uttar Pradesh,Uttar Pradesh City 3,4G,Postpaid,2.5
AIR107293,2022-04-27,Rajasthan,Rajasthan City 3,4G,Postpaid,3.6
AIR107294,2023-10-05,Rajasthan,Rajasthan City 3,5G,Prepaid,1.4
AIR107295,2024-10-25,Uttar Pradesh,Uttar Pradesh City 2,4G,Prepaid,0.4
AIR107296,2020-12-25,Karnataka,Karnataka City 3,5G,Broadband,4.3
AIR107297,2020-07-21,Maharashtra,Maharashtra City 1,4G,Prepaid,4.8
AIR107298,2023-11-14,Delhi,Delhi City 3,4G,Prepaid,1.6
AIR107299,2022-03-23,Rajasthan,Rajasthan City 2,5G,Postpaid,3.3
AIR107300,2019-09-28,Maharashtra,Maharashtra City 2,5G,Broadband,5.9
AIR107301,2020-07-15,Telangana,Telangana City 1,5G,Postpaid,5.2
AIR107302,2023-03-13,Maharashtra,Maharashtra City 1,5G,Prepaid,2.6
AIR107303,2022-11-14,Telangana,Telangana City 1,4G,Broadband,3
AIR107304,2024-12-19,Telangana,Telangana City 2,4G,Broadband,1
AIR107305,2023-08-21,Rajasthan,Rajasthan City 3,4G,Postpaid,1.5
AIR107306,2021-04-24,Karnataka,Karnataka City 3,4G,Postpaid,3.9
AIR107307,2019-08-08,Gujarat,Gujarat City 1,5G,Postpaid,5.7
AIR107308,2021-06-17,Rajasthan,Rajasthan City 1,5G,Postpaid,3.9
AIR107309,2022-01-07,Karnataka,Karnataka City 3,4G,Postpaid,3.4
AIR107310,2021-01-20,Karnataka,Karnataka City 1,5G,Broadband,4.5
AIR107311,2019-11-14,Kerala,Kerala City 3,5G,Broadband,5.8
AIR107312,2022-11-15,Uttar Pradesh,Uttar Pradesh City 3,5G,Postpaid,2.8
AIR107313,2023-11-08,Uttar Pradesh,Uttar Pradesh City 3,4G,Broadband,1.9
AIR107314,2020-08-10,Uttar Pradesh,Uttar Pradesh City 3,4G,Prepaid,5.3
AIR107315,2024-01-16,West Bengal,West Bengal City 2,5G,Prepaid,1.9
AIR107316,2024-09-17,Rajasthan,Rajasthan City 3,5G,Postpaid,0.4
AIR107317,2019-04-15,Karnataka,Karnataka City 1,4G,Postpaid,5.9
AIR107318,2023-05-25,Kerala,Kerala City 1,5G,Prepaid,1.9
AIR107319,2020-05-21,Telangana,Telangana City 1,4G,Postpaid,5
AIR107320,2020-07-23,Gujarat,Gujarat City 1,4G,Prepaid,4.9
AIR107321,2019-11-25,Gujarat,Gujarat City 2,5G,Postpaid,5.6
AIR107322,2023-09-11,Telangana,Telangana City 3,4G,Broadband,1.9
AIR107323,2021-09-10,Maharashtra,Maharashtra City 3,4G,Postpaid,4
AIR107324,2019-08-10,Maharashtra,Maharashtra City 1,4G,Prepaid,6.2
AIR107325,2019-05-31,Uttar Pradesh,Uttar Pradesh City 1,4G,Enterprise,6.5
AIR107326,2021-09-05,Rajasthan,Rajasthan City 1,4G,Postpaid,4.3
AIR107327,2023-04-18,West Bengal,West Bengal City 3,4G,Broadband,1.8
AIR107328,2020-09-12,Kerala,Kerala City 2,5G,Postpaid,4.5
AIR107329,2024-09-25,Gujarat,Gujarat City 2,5G,Enterprise,0.6
AIR107330,2023-06-20,Uttar Pradesh,Uttar Pradesh City 2,4G,Broadband,1.9
AIR107331,2022-02-22,Tamil Nadu,Tamil Nadu City 2,4G,Postpaid,3.3
AIR107332,2022-08-11,Uttar Pradesh,Uttar Pradesh City 1,5G,Prepaid,2.9
AIR107333,2024-01-12,Tamil Nadu,Tamil Nadu City 3,4G,Postpaid,1.6
AIR107334,2021-04-19,Delhi,Delhi City 1,4G,Postpaid,4.4
AIR107335,2024-01-17,Karnataka,Karnataka City 2,4G,Postpaid,1.7
AIR107336,2023-04-10,Telangana,Telangana City 1,4G,Prepaid,2.6
AIR107337,2023-06-06,Karnataka,Karnataka City 2,4G,Prepaid,2.5
AIR107338,2024-06-01,Uttar Pradesh,Uttar Pradesh City 3,4G,Postpaid,0.7
AIR107339,2022-08-13,Karnataka,Karnataka City 2,5G,Broadband,2.6
AIR107340,2019-02-13,Kerala,Kerala City 1,5G,Postpaid,6.2
AIR107341,2020-08-19,Delhi,Delhi City 3,5G,Prepaid,4.7
AIR107342,2019-01-22,West Bengal,West Bengal City 2,4G,Prepaid,6.4
AIR107343,2019-08-14,Delhi,Delhi City 2,5G,Prepaid,5.9
AIR107344,2020-07-02,Gujarat,Gujarat City 3,4G,Prepaid,5.1
AIR107345,2020-01-09,Kerala,Kerala City 1,4G,Prepaid,5.7
AIR107346,2021-10-24,Karnataka,Karnataka City 3,5G,Postpaid,4
AIR107347,2024-09-02,West Bengal,West Bengal City 1,4G,Broadband,1.2
AIR107348,2024-06-08,Karnataka,Karnataka City 2,4G,Prepaid,1.5
AIR107349,2023-09-23,Rajasthan,Rajasthan City 2,4G,Postpaid,1.4
AIR107350,2021-04-12,Rajasthan,Rajasthan City 3,5G,Postpaid,3.9
AIR107351,2023-12-10,Maharashtra,Maharashtra City 2,4G,Enterprise,1.3
AIR107352,2020-01-07,Delhi,Delhi City 3,5G,Broadband,5.4
AIR107353,2023-06-05,West Bengal,West Bengal City 2,5G,Prepaid,2
AIR107354,2022-10-20,Rajasthan,Rajasthan City 2,5G,Prepaid,2.7
AIR107355,2021-07-01,Maharashtra,Maharashtra City 1,4G,Prepaid,4.1
AIR107356,2021-12-28,Kerala,Kerala City 3,4G,Postpaid,3.7
AIR107357,2022-08-29,West Bengal,West Bengal City 3,4G,Postpaid,3.1
AIR107358,2021-12-31,Maharashtra,Maharashtra City 2,4G,Prepaid,3.9
AIR107359,2022-06-23,Telangana,Telangana City 1,5G,Broadband,3.5
AIR107360,2021-01-27,West Bengal,West Bengal City 1,4G,Postpaid,4.1
AIR107361,2023-11-24,Uttar Pradesh,Uttar Pradesh City 3,5G,Enterprise,1.3
AIR107362,2022-01-01,Maharashtra,Maharashtra City 3,4G,Prepaid,3.3
AIR107363,2024-03-02,Karnataka,Karnataka City 2,5G,Prepaid,1.2
AIR107364,2024-09-18,Uttar Pradesh,Uttar Pradesh City 3,4G,Prepaid,0.7
AIR107365,2020-07-19,Telangana,Telangana City 2,4G,Prepaid,5
AIR107366,2019-10-29,Rajasthan,Rajasthan City 1,5G,Postpaid,5.8
AIR107367,2023-09-21,Tamil Nadu,Tamil Nadu City 3,4G,Prepaid,2
AIR107368,2021-07-22,Maharashtra,Maharashtra City 1,4G,Postpaid,4.2
AIR107369,2020-07-08,Kerala,Kerala City 1,4G,Prepaid,5.4
AIR107370,2019-01-04,Maharashtra,Maharashtra City 2,4G,Prepaid,6.9
AIR107371,2022-07-08,Tamil Nadu,Tamil Nadu City 1,5G,Broadband,2.6
AIR107372,2021-05-30,Telangana,Telangana City 2,5G,Enterprise,3.8
AIR107373,2020-02-14,Telangana,Telangana City 2,4G,Prepaid,5.2
AIR107374,2023-11-06,Uttar Pradesh,Uttar Pradesh City 1,4G,Enterprise,1.5
AIR107375,2024-08-24,West Bengal,West Bengal City 1,5G,Postpaid,0.8
AIR107376,2019-03-29,Kerala,Kerala City 2,5G,Prepaid,6.3
AIR107377,2024-06-30,Uttar Pradesh,Uttar Pradesh City 2,5G,Broadband,1.1
AIR107378,2019-04-09,Kerala,Kerala City 1,5G,Prepaid,6.4
AIR107379,2021-10-04,Kerala,Kerala City 2,4G,Prepaid,4
AIR107380,2023-06-29,Tamil Nadu,Tamil Nadu City 2,4G,Postpaid,2.4
AIR107381,2019-08-05,Uttar Pradesh,Uttar Pradesh City 3,4G,Prepaid,6.4
AIR107382,2019-07-10,Kerala,Kerala City 3,4G,Prepaid,5.6
AIR107383,2022-05-23,Gujarat,Gujarat City 3,5G,Prepaid,2.8
AIR107384,2023-09-30,Tamil Nadu,Tamil Nadu City 3,4G,Postpaid,1.5
AIR107385,2020-09-08,Telangana,Telangana City 3,5G,Postpaid,4.7
AIR107386,2022-04-20,Tamil Nadu,Tamil Nadu City 2,4G,Prepaid,3.2
AIR107387,2020-06-13,Karnataka,Karnataka City 2,5G,Broadband,5.1
AIR107388,2019-03-12,Karnataka,Karnataka City 3,4G,Prepaid,6.4
AIR107389,2022-05-23,Kerala,Kerala City 1,4G,Postpaid,3.3
AIR107390,2024-12-04,Uttar Pradesh,Uttar Pradesh City 3,4G,Broadband,0.9
AIR107391,2019-04-10,Telangana,Telangana City 1,5G,Broadband,6.6
AIR107392,2020-08-22,Tamil Nadu,Tamil Nadu City 2,4G,Postpaid,5.3
AIR107393,2021-05-09,Uttar Pradesh,Uttar Pradesh City 1,5G,Postpaid,3.8
AIR107394,2023-08-16,Tamil Nadu,Tamil Nadu City 2,4G,Prepaid,1.6
AIR107395,2021-10-01,Tamil Nadu,Tamil Nadu City 1,4G,Postpaid,3.5
AIR107396,2023-10-13,Gujarat,Gujarat City 2,5G,Prepaid,1.6
AIR107397,2024-10-05,Karnataka,Karnataka City 2,4G,Prepaid,0.7
AIR107398,2021-09-20,Tamil Nadu,Tamil Nadu City 3,4G,Prepaid,3.8
AIR107399,2022-03-22,Gujarat,Gujarat City 2,4G,Prepaid,3.4
AIR107400,2021-11-12,Karnataka,Karnataka City 3,5G,Postpaid,3.8
AIR107401,2019-01-30,Gujarat,Gujarat City 3,4G,Broadband,6.7
AIR107402,2023-09-21,Uttar Pradesh,Uttar Pradesh City 3,4G,Prepaid,2.2
AIR107403,2023-07-03,West Bengal,West Bengal City 1,4G,Prepaid,2.5
AIR107404,2022-10-08,Karnataka,Karnataka City 1,4G,Postpaid,2.4
AIR107405,2020-07-25,Rajasthan,Rajasthan City 2,4G,Postpaid,4.6
AIR107406,2019-03-07,West Bengal,West Bengal City 3,5G,Prepaid,6.1
AIR107407,2023-02-24,Uttar Pradesh,Uttar Pradesh City 3,5G,Prepaid,2.2
AIR107408,2020-07-17,Tamil Nadu,Tamil Nadu City 2,4G,Postpaid,4.9
AIR107409,2019-06-29,Telangana,Telangana City 3,5G,Broadband,6
AIR107410,2020-12-26,Uttar Pradesh,Uttar Pradesh City 2,5G,Prepaid,4.6
AIR107411,2021-02-15,Gujarat,Gujarat City 3,5G,Prepaid,4.6
AIR107412,2021-11-06,Gujarat,Gujarat City 1,4G,Postpaid,3.9
AIR107413,2024-12-13,Gujarat,Gujarat City 2,4G,Prepaid,0.9
AIR107414,2019-03-23,Gujarat,Gujarat City 2,5G,Prepaid,6.7
AIR107415,2023-06-28,Uttar Pradesh,Uttar Pradesh City 1,4G,Postpaid,1.6
AIR107416,2022-04-20,Telangana,Telangana City 2,4G,Enterprise,2.9
AIR107417,2021-08-25,Maharashtra,Maharashtra City 1,5G,Prepaid,3.6
AIR107418,2023-09-10,Gujarat,Gujarat City 3,4G,Postpaid,1.7
AIR107419,2023-08-04,Maharashtra,Maharashtra City 1,4G,Prepaid,1.9
AIR107420,2022-03-30,Telangana,Telangana City 1,4G,Broadband,3.3
AIR107421,2024-04-18,Telangana,Telangana City 2,5G,Prepaid,1.3
AIR107422,2024-08-08,West Bengal,West Bengal City 3,4G,Postpaid,1.1
AIR107423,2020-07-10,Karnataka,Karnataka City 1,5G,Broadband,5.3
AIR107424,2022-04-25,Rajasthan,Rajasthan City 3,4G,Enterprise,3.6
AIR107425,2023-01-30,Kerala,Kerala City 1,4G,Postpaid,2.9
AIR107426,2023-10-27,Rajasthan,Rajasthan City 2,4G,Prepaid,1.3
AIR107427,2019-02-17,Uttar Pradesh,Uttar Pradesh City 1,4G,Prepaid,6.1
AIR107428,2020-04-07,Kerala,Kerala City 1,4G,Prepaid,5
AIR107429,2022-01-02,Telangana,Telangana City 3,4G,Postpaid,3.4
AIR107430,2024-08-11,Rajasthan,Rajasthan City 1,5G,Postpaid,0.8
AIR107431,2023-11-29,Delhi,Delhi City 2,4G,Broadband,1.6
AIR107432,2024-02-11,Karnataka,Karnataka City 2,4G,Prepaid,1.5
AIR107433,2021-10-30,Rajasthan,Rajasthan City 1,4G,Postpaid,3.9
AIR107434,2020-08-10,Karnataka,Karnataka City 1,5G,Broadband,5.2
AIR107435,2020-02-27,Maharashtra,Maharashtra City 3,4G,Broadband,5.7
AIR107436,2023-07-15,Uttar Pradesh,Uttar Pradesh City 3,4G,Postpaid,2.4
AIR107437,2020-04-20,Karnataka,Karnataka City 2,5G,Postpaid,4.8
AIR107438,2019-09-02,Maharashtra,Maharashtra City 3,4G,Postpaid,5.5
AIR107439,2020-05-02,Gujarat,Gujarat City 1,4G,Prepaid,5
AIR107440,2024-01-10,Maharashtra,Maharashtra City 2,4G,Prepaid,1.3
AIR107441,2023-12-31,Uttar Pradesh,Uttar Pradesh City 3,5G,Postpaid,1.5
AIR107442,2022-01-01,West Bengal,West Bengal City 2,4G,Prepaid,3.5
AIR107443,2021-01-22,Gujarat,Gujarat City 1,4G,Postpaid,4.6
AIR107444,2024-03-12,Telangana,Telangana City 3,5G,Postpaid,1.5
AIR107445,2021-07-16,Tamil Nadu,Tamil Nadu City 1,4G,Postpaid,4.2
AIR107446,2021-10-25,Maharashtra,Maharashtra City 1,5G,Prepaid,4.1
AIR107447,2023-01-25,Maharashtra,Maharashtra City 2,4G,Prepaid,2.9
AIR107448,2022-10-21,Karnataka,Karnataka City 2,4G,Prepaid,2.3
AIR107449,2022-05-22,Telangana,Telangana City 2,4G,Prepaid,2.8
AIR107450,2021-08-16,Rajasthan,Rajasthan City 3,4G,Enterprise,3.7
AIR107451,2022-09-10,Delhi,Delhi City 3,4G,Prepaid,2.7
AIR107452,2024-09-16,Kerala,Kerala City 2,4G,Prepaid,0.7
AIR107453,2021-06-23,Maharashtra,Maharashtra City 3,4G,Prepaid,4.1
AIR107454,2021-12-20,Rajasthan,Rajasthan City 3,5G,Postpaid,3.7
AIR107455,2022-01-23,Delhi,Delhi City 2,4G,Postpaid,3.6
AIR107456,2023-12-18,Kerala,Kerala City 1,5G,Prepaid,1.8
AIR107457,2023-04-21,Tamil Nadu,Tamil Nadu City 3,5G,Broadband,2.6
AIR107458,2020-05-27,Karnataka,Karnataka City 3,5G,Broadband,5.6
AIR107459,2025-01-06,Rajasthan,Rajasthan City 1,5G,Prepaid,0.1
AIR107460,2023-05-01,Karnataka,Karnataka City 1,4G,Postpaid,1.9
AIR107461,2023-05-20,Kerala,Kerala City 1,5G,Postpaid,1.9
AIR107462,2024-05-13,West Bengal,West Bengal City 2,5G,Prepaid,1
AIR107463,2023-08-14,Maharashtra,Maharashtra City 1,5G,Broadband,1.8
AIR107464,2020-10-21,Gujarat,Gujarat City 2,4G,Prepaid,4.7
AIR107465,2019-01-28,Delhi,Delhi City 1,5G,Prepaid,6.5
AIR107466,2024-06-24,Telangana,Telangana City 1,5G,Prepaid,1.2
AIR107467,2019-05-15,Uttar Pradesh,Uttar Pradesh City 2,5G,Postpaid,6.4
AIR107468,2023-11-25,Maharashtra,Maharashtra City 2,4G,Broadband,2
AIR107469,2019-11-01,Gujarat,Gujarat City 1,4G,Prepaid,6.1
AIR107470,2020-12-24,Uttar Pradesh,Uttar Pradesh City 1,5G,Prepaid,4.1
AIR107471,2021-06-10,Rajasthan,Rajasthan City 1,4G,Postpaid,3.8
AIR107472,2024-07-20,Uttar Pradesh,Uttar Pradesh City 3,4G,Prepaid,0.7
AIR107473,2021-04-07,Tamil Nadu,Tamil Nadu City 1,5G,Prepaid,4.1
AIR107474,2022-09-05,Maharashtra,Maharashtra City 2,4G,Prepaid,2.8
AIR107475,2019-07-18,Karnataka,Karnataka City 3,4G,Prepaid,6
AIR107476,2020-02-11,West Bengal,West Bengal City 2,4G,Prepaid,5.5
AIR107477,2023-01-01,Telangana,Telangana City 3,4G,Prepaid,2.7
AIR107478,2023-11-10,Karnataka,Karnataka City 3,4G,Prepaid,1.9
AIR107479,2023-01-20,Gujarat,Gujarat City 2,4G,Postpaid,2.8
AIR107480,2023-02-09,Maharashtra,Maharashtra City 3,4G,Prepaid,2.8
AIR107481,2022-10-02,West Bengal,West Bengal City 2,4G,Enterprise,2.4
AIR107482,2020-04-30,Uttar Pradesh,Uttar Pradesh City 1,5G,Prepaid,4.9
AIR107483,2019-12-29,Maharashtra,Maharashtra City 3,4G,Postpaid,5.3
AIR107484,2019-07-31,Uttar Pradesh,Uttar Pradesh City 2,4G,Broadband,5.8
AIR107485,2020-12-01,Rajasthan,Rajasthan City 3,4G,Prepaid,4.5
AIR107486,2021-07-04,Tamil Nadu,Tamil Nadu City 2,5G,Postpaid,4
AIR107487,2022-12-31,Kerala,Kerala City 1,5G,Broadband,2.6
AIR107488,2019-05-23,Maharashtra,Maharashtra City 1,4G,Prepaid,6.3
AIR107489,2021-12-29,Gujarat,Gujarat City 3,4G,Enterprise,3.8
AIR107490,2024-02-15,Uttar Pradesh,Uttar Pradesh City 3,4G,Prepaid,1.7
AIR107491,2021-08-15,Karnataka,Karnataka City 2,5G,Prepaid,4.3
AIR107492,2023-09-30,Rajasthan,Rajasthan City 2,4G,Postpaid,1.4
AIR107493,2023-04-01,Gujarat,Gujarat City 3,4G,Prepaid,2
AIR107494,2022-08-26,Telangana,Telangana City 2,5G,Postpaid,2.6
AIR107495,2021-05-14,Kerala,Kerala City 2,5G,Broadband,4
AIR107496,2022-07-10,Rajasthan,Rajasthan City 2,4G,Enterprise,2.9
AIR107497,2019-03-01,Tamil Nadu,Tamil Nadu City 3,5G,Postpaid,6.4
AIR107498,2020-06-05,Kerala,Kerala City 1,4G,Enterprise,5.2
AIR107499,2019-11-05,Uttar Pradesh,Uttar Pradesh City 1,5G,Prepaid,5.9
AIR107500,2023-03-24,Gujarat,Gujarat City 2,4G,Prepaid,2.6
AIR107501,2022-11-06,Telangana,Telangana City 3,4G,Postpaid,3
AIR107502,2023-06-14,Delhi,Delhi City 2,5G,Postpaid,2.5
AIR107503,2023-04-22,Tamil Nadu,Tamil Nadu City 1,4G,Postpaid,1.8
AIR107504,2024-06-24,West Bengal,West Bengal City 2,4G,Postpaid,0.7
AIR107505,2021-06-18,Uttar Pradesh,Uttar Pradesh City 1,4G,Prepaid,3.8
AIR107506,2022-01-12,Delhi,Delhi City 3,4G,Postpaid,3.3
AIR107507,2021-01-31,Maharashtra,Maharashtra City 2,4G,Enterprise,4.4
AIR107508,2019-08-28,Telangana,Telangana City 3,5G,Postpaid,5.9
AIR107509,2019-08-13,Karnataka,Karnataka City 2,4G,Prepaid,6
AIR107510,2019-10-06,West Bengal,West Bengal City 2,4G,Postpaid,5.9
AIR107511,2022-11-17,Gujarat,Gujarat City 2,4G,Prepaid,2.9
AIR107512,2023-08-29,Telangana,Telangana City 2,4G,Broadband,2.2
AIR107513,2020-02-06,Kerala,Kerala City 2,4G,Prepaid,5.9
AIR107514,2024-09-24,Rajasthan,Rajasthan City 3,4G,Prepaid,0.4
AIR107515,2023-12-13,Kerala,Kerala City 3,4G,Prepaid,1.3
AIR107516,2022-10-21,Kerala,Kerala City 1,4G,Prepaid,2.5
AIR107517,2022-04-11,Maharashtra,Maharashtra City 2,5G,Postpaid,3.1
AIR107518,2019-10-31,Tamil Nadu,Tamil Nadu City 1,4G,Prepaid,5.6
AIR107519,2025-01-08,Karnataka,Karnataka City 3,4G,Broadband,0.5
AIR107520,2020-12-05,West Bengal,West Bengal City 1,4G,Postpaid,4.7
AIR107521,2019-04-02,Tamil Nadu,Tamil Nadu City 3,5G,Prepaid,6.5
AIR107522,2024-11-23,Telangana,Telangana City 2,4G,Postpaid,0.9
AIR107523,2022-01-31,Kerala,Kerala City 1,5G,Postpaid,3.8
AIR107524,2024-12-19,Maharashtra,Maharashtra City 1,4G,Postpaid,1
AIR107525,2022-08-05,Telangana,Telangana City 1,4G,Postpaid,2.5
AIR107526,2020-04-02,Rajasthan,Rajasthan City 1,5G,Prepaid,5
AIR107527,2021-06-17,Karnataka,Karnataka City 2,5G,Postpaid,3.8
AIR107528,2024-01-11,West Bengal,West Bengal City 3,4G,Prepaid,1.3
AIR107529,2019-09-06,Rajasthan,Rajasthan City 3,4G,Postpaid,5.8
AIR107530,2019-06-17,Maharashtra,Maharashtra City 2,4G,Broadband,6.1
AIR107531,2023-05-17,Karnataka,Karnataka City 3,5G,Prepaid,2.2
AIR107532,2022-05-24,Telangana,Telangana City 1,5G,Postpaid,3.3
AIR107533,2023-03-13,Kerala,Kerala City 2,4G,Prepaid,2.6
AIR107534,2022-04-12,Kerala,Kerala City 3,4G,Prepaid,3.6
AIR107535,2024-06-14,Uttar Pradesh,Uttar Pradesh City 2,4G,Postpaid,1.5
AIR107536,2020-02-12,Kerala,Kerala City 2,4G,Postpaid,5
AIR107537,2020-05-15,Delhi,Delhi City 3,4G,Prepaid,4.8
AIR107538,2022-03-07,Kerala,Kerala City 3,4G,Prepaid,3.1
AIR107539,2019-04-09,Delhi,Delhi City 2,4G,Broadband,6.1
AIR107540,2020-12-13,Gujarat,Gujarat City 2,4G,Prepaid,4.5
AIR107541,2019-04-17,Delhi,Delhi City 3,4G,Prepaid,6.2
AIR107542,2021-12-07,Karnataka,Karnataka City 2,4G,Broadband,3.7
AIR107543,2019-02-15,Rajasthan,Rajasthan City 3,4G,Broadband,6.6
AIR107544,2022-03-16,Karnataka,Karnataka City 2,4G,Prepaid,3.6
AIR107545,2023-05-23,Rajasthan,Rajasthan City 2,4G,Broadband,2.5
AIR107546,2021-08-07,Uttar Pradesh,Uttar Pradesh City 2,5G,Prepaid,4.4
AIR107547,2022-02-15,Gujarat,Gujarat City 3,4G,Prepaid,3
AIR107548,2020-09-20,Rajasthan,Rajasthan City 1,4G,Broadband,4.5
AIR107549,2023-09-28,Rajasthan,Rajasthan City 3,4G,Broadband,1.5
AIR107550,2020-05-15,Maharashtra,Maharashtra City 2,4G,Prepaid,5
AIR107551,2023-12-23,Tamil Nadu,Tamil Nadu City 1,4G,Prepaid,1.5
AIR107552,2020-08-15,Tamil Nadu,Tamil Nadu City 1,4G,Prepaid,4.9
AIR107553,2019-06-21,Maharashtra,Maharashtra City 2,4G,Prepaid,6.2
AIR107554,2021-08-15,Kerala,Kerala City 3,4G,Postpaid,4.1
AIR107555,2021-03-19,Maharashtra,Maharashtra City 1,4G,Postpaid,4.6
AIR107556,2020-09-14,Rajasthan,Rajasthan City 1,5G,Postpaid,5.2
AIR107557,2020-12-19,Rajasthan,Rajasthan City 3,5G,Postpaid,5
AIR107558,2022-12-05,Maharashtra,Maharashtra City 3,5G,Broadband,2.2
AIR107559,2023-03-21,Maharashtra,Maharashtra City 1,4G,Prepaid,2
AIR107560,2022-12-07,Kerala,Kerala City 3,5G,Postpaid,2.4
AIR107561,2020-01-13,Karnataka,Karnataka City 1,5G,Broadband,5.3
AIR107562,2022-12-03,Gujarat,Gujarat City 2,5G,Prepaid,2.5
AIR107563,2023-11-10,Telangana,Telangana City 3,4G,Broadband,1.7
AIR107564,2020-02-22,Rajasthan,Rajasthan City 1,5G,Postpaid,5.5
AIR107565,2021-09-09,Gujarat,Gujarat City 3,4G,Prepaid,4
AIR107566,2022-02-12,Maharashtra,Maharashtra City 3,4G,Prepaid,3.7
AIR107567,2022-05-18,Kerala,Kerala City 1,4G,Postpaid,3.5
AIR107568,2020-03-22,Delhi,Delhi City 2,5G,Postpaid,5.7
AIR107569,2021-04-10,Kerala,Kerala City 1,5G,Postpaid,3.9
AIR107570,2022-11-18,West Bengal,West Bengal City 3,4G,Prepaid,2.3
AIR107571,2022-04-19,West Bengal,West Bengal City 1,4G,Postpaid,3
AIR107572,2019-07-12,Gujarat,Gujarat City 3,4G,Prepaid,5.8
AIR107573,2022-07-03,Tamil Nadu,Tamil Nadu City 1,4G,Prepaid,3
AIR107574,2024-05-22,West Bengal,West Bengal City 2,4G,Prepaid,1.1
AIR107575,2020-12-06,West Bengal,West Bengal City 2,4G,Postpaid,4.7
AIR107576,2023-07-18,Karnataka,Karnataka City 2,5G,Prepaid,2.2
AIR107577,2024-11-08,Delhi,Delhi City 2,4G,Prepaid,0.9
AIR107578,2020-10-09,Karnataka,Karnataka City 1,4G,Prepaid,5.1
AIR107579,2021-03-05,Delhi,Delhi City 2,5G,Prepaid,4.8
AIR107580,2021-01-10,Uttar Pradesh,Uttar Pradesh City 1,5G,Prepaid,4.1
AIR107581,2025-01-01,Telangana,Telangana City 3,5G,Postpaid,0.2
AIR107582,2019-08-30,Rajasthan,Rajasthan City 3,4G,Postpaid,5.6
AIR107583,2023-02-18,West Bengal,West Bengal City 3,5G,Postpaid,2.2
AIR107584,2021-11-20,Rajasthan,Rajasthan City 2,4G,Postpaid,3.6
AIR107585,2021-02-11,West Bengal,West Bengal City 2,5G,Prepaid,4.4
AIR107586,2021-12-19,Karnataka,Karnataka City 2,5G,Enterprise,3.7
AIR107587,2019-04-11,Telangana,Telangana City 3,5G,Prepaid,6.4
AIR107588,2023-11-14,Karnataka,Karnataka City 3,4G,Postpaid,1.9
AIR107589,2024-07-12,Karnataka,Karnataka City 3,4G,Broadband,1.3
AIR107590,2020-08-11,Delhi,Delhi City 3,5G,Postpaid,5.3
AIR107591,2019-09-30,Tamil Nadu,Tamil Nadu City 1,5G,Prepaid,5.4
AIR107592,2024-07-27,Kerala,Kerala City 1,4G,Prepaid,0.6
AIR107593,2023-02-10,Gujarat,Gujarat City 2,5G,Prepaid,2.2
AIR107594,2024-10-06,Rajasthan,Rajasthan City 2,4G,Postpaid,0.6
AIR107595,2021-09-09,Uttar Pradesh,Uttar Pradesh City 3,4G,Postpaid,3.8
AIR107596,2020-01-22,West Bengal,West Bengal City 1,5G,Postpaid,5.5
AIR107597,2023-06-20,Karnataka,Karnataka City 1,4G,Prepaid,2.2
AIR107598,2019-02-14,Tamil Nadu,Tamil Nadu City 2,4G,Broadband,6.6
AIR107599,2022-07-05,Karnataka,Karnataka City 1,5G,Postpaid,3.3
AIR107600,2021-03-25,Telangana,Telangana City 2,4G,Prepaid,4.6
AIR107601,2022-06-23,Delhi,Delhi City 3,4G,Prepaid,3.5
AIR107602,2019-08-28,Uttar Pradesh,Uttar Pradesh City 3,5G,Postpaid,5.5
AIR107603,2022-02-25,Kerala,Kerala City 2,5G,Postpaid,3
AIR107604,2023-10-04,Telangana,Telangana City 3,4G,Prepaid,1.5
AIR107605,2019-10-03,Maharashtra,Maharashtra City 3,4G,Prepaid,5.6
AIR107606,2023-04-25,Uttar Pradesh,Uttar Pradesh City 1,4G,Postpaid,2.1
AIR107607,2021-04-12,Karnataka,Karnataka City 1,5G,Prepaid,4.3
AIR107608,2022-10-01,Telangana,Telangana City 1,4G,Prepaid,2.9
AIR107609,2020-07-21,Kerala,Kerala City 1,4G,Broadband,5.2
AIR107610,2019-06-09,Tamil Nadu,Tamil Nadu City 1,5G,Postpaid,6.4
AIR107611,2024-02-01,Tamil Nadu,Tamil Nadu City 2,4G,Postpaid,1.8
AIR107612,2019-04-06,Rajasthan,Rajasthan City 2,4G,Postpaid,6.7
AIR107613,2020-08-21,Kerala,Kerala City 1,5G,Postpaid,4.5
AIR107614,2022-08-23,Tamil Nadu,Tamil Nadu City 3,4G,Postpaid,2.6
AIR107615,2019-02-13,Telangana,Telangana City 3,4G,Enterprise,6.2
AIR107616,2021-10-08,Rajasthan,Rajasthan City 2,5G,Prepaid,3.6
AIR107617,2023-10-13,Tamil Nadu,Tamil Nadu City 2,5G,Prepaid,1.7
AIR107618,2024-02-25,Uttar Pradesh,Uttar Pradesh City 2,4G,Prepaid,1.4
AIR107619,2024-08-18,Delhi,Delhi City 3,4G,Postpaid,1
AIR107620,2024-05-02,Maharashtra,Maharashtra City 2,5G,Postpaid,1.4
AIR107621,2024-02-27,Kerala,Kerala City 3,5G,Prepaid,1.6
AIR107622,2020-01-16,Telangana,Telangana City 2,4G,Prepaid,5.8
AIR107623,2024-01-30,West Bengal,West Bengal City 3,4G,Prepaid,1.9
AIR107624,2023-07-25,Karnataka,Karnataka City 2,4G,Prepaid,1.6
AIR107625,2024-12-02,Telangana,Telangana City 2,5G,Enterprise,0.3
AIR107626,2023-07-17,Tamil Nadu,Tamil Nadu City 3,4G,Postpaid,1.7
AIR107627,2020-01-23,Telangana,Telangana City 2,5G,Prepaid,5.3
AIR107628,2021-06-28,West Bengal,West Bengal City 1,5G,Prepaid,4
AIR107629,2024-05-01,Karnataka,Karnataka City 3,5G,Prepaid,1.2
AIR107630,2022-09-04,Rajasthan,Rajasthan City 2,5G,Postpaid,2.9
AIR107631,2021-05-25,Tamil Nadu,Tamil Nadu City 3,5G,Postpaid,4.3
AIR107632,2019-01-28,Gujarat,Gujarat City 2,4G,Enterprise,6.7
AIR107633,2020-09-27,Tamil Nadu,Tamil Nadu City 1,4G,Postpaid,5.1
AIR107634,2024-07-08,Maharashtra,Maharashtra City 2,5G,Postpaid,1.4
AIR107635,2022-11-22,Gujarat,Gujarat City 2,4G,Broadband,2.2
AIR107636,2024-10-25,Maharashtra,Maharashtra City 1,4G,Postpaid,0.4
AIR107637,2020-08-09,West Bengal,West Bengal City 3,4G,Prepaid,4.7
AIR107638,2022-04-24,Kerala,Kerala City 2,4G,Postpaid,3.1
AIR107639,2019-08-22,Karnataka,Karnataka City 2,5G,Postpaid,5.8
AIR107640,2024-05-31,Delhi,Delhi City 1,5G,Postpaid,1.1
AIR107641,2019-11-25,Rajasthan,Rajasthan City 3,4G,Prepaid,5.7
AIR107642,2022-07-06,Delhi,Delhi City 3,5G,Prepaid,3.2
AIR107643,2024-07-26,Uttar Pradesh,Uttar Pradesh City 1,4G,Prepaid,1.2
AIR107644,2020-01-26,Uttar Pradesh,Uttar Pradesh City 1,5G,Prepaid,5.8
AIR107645,2024-02-29,West Bengal,West Bengal City 2,4G,Broadband,1.8
AIR107646,2024-04-27,Kerala,Kerala City 1,5G,Postpaid,0.8
AIR107647,2024-07-29,Uttar Pradesh,Uttar Pradesh City 1,4G,Postpaid,0.6
AIR107648,2024-05-04,Tamil Nadu,Tamil Nadu City 1,4G,Postpaid,0.9
AIR107649,2024-02-15,Telangana,Telangana City 3,5G,Postpaid,1.2
AIR107650,2024-12-02,Maharashtra,Maharashtra City 1,4G,Enterprise,0.5
AIR107651,2019-01-04,Uttar Pradesh,Uttar Pradesh City 2,5G,Prepaid,6.5
AIR107652,2022-02-25,West Bengal,West Bengal City 2,4G,Postpaid,3.5
AIR107653,2019-01-09,Maharashtra,Maharashtra City 2,4G,Prepaid,6.7
AIR107654,2024-12-05,Tamil Nadu,Tamil Nadu City 1,4G,Broadband,0.9
AIR107655,2023-08-02,Kerala,Kerala City 3,4G,Broadband,2.3
AIR107656,2021-07-20,Karnataka,Karnataka City 1,4G,Broadband,4.4
AIR107657,2019-05-05,Delhi,Delhi City 1,5G,Prepaid,5.8
AIR107658,2021-10-13,Tamil Nadu,Tamil Nadu City 2,4G,Prepaid,3.4
AIR107659,2019-09-16,Rajasthan,Rajasthan City 1,5G,Prepaid,5.6
AIR107660,2024-10-15,Gujarat,Gujarat City 3,4G,Postpaid,0.6
AIR107661,2021-08-29,West Bengal,West Bengal City 2,4G,Postpaid,3.8
AIR107662,2023-03-30,Delhi,Delhi City 3,4G,Prepaid,2.3
AIR107663,2019-10-06,Rajasthan,Rajasthan City 3,4G,Postpaid,5.9
AIR107664,2022-02-20,Karnataka,Karnataka City 3,5G,Prepaid,3.6
AIR107665,2020-08-11,Rajasthan,Rajasthan City 1,4G,Broadband,5.2
AIR107666,2020-05-16,Kerala,Kerala City 1,4G,Prepaid,5.5
AIR107667,2021-06-11,Gujarat,Gujarat City 1,4G,Prepaid,4.5
AIR107668,2019-08-06,Maharashtra,Maharashtra City 1,4G,Postpaid,5.5
AIR107669,2019-12-26,Delhi,Delhi City 2,4G,Postpaid,5.2
AIR107670,2023-01-28,Gujarat,Gujarat City 1,4G,Prepaid,2.2
AIR107671,2023-07-23,Telangana,Telangana City 2,4G,Broadband,1.8
AIR107672,2019-10-18,Tamil Nadu,Tamil Nadu City 3,5G,Postpaid,5.7
AIR107673,2024-09-14,Telangana,Telangana City 2,5G,Broadband,0.8
AIR107674,2021-05-09,Tamil Nadu,Tamil Nadu City 1,4G,Broadband,4.3
AIR107675,2024-10-14,Kerala,Kerala City 2,4G,Postpaid,0.9
AIR107676,2023-04-28,Gujarat,Gujarat City 1,5G,Broadband,2.5
AIR107677,2024-12-08,Karnataka,Karnataka City 1,5G,Broadband,0.9
AIR107678,2022-10-09,Uttar Pradesh,Uttar Pradesh City 2,5G,Enterprise,3.2
AIR107679,2023-04-16,Rajasthan,Rajasthan City 2,5G,Broadband,1.8
AIR107680,2020-06-14,Uttar Pradesh,Uttar Pradesh City 3,4G,Broadband,4.8
AIR107681,2020-04-24,Gujarat,Gujarat City 3,5G,Postpaid,5
AIR107682,2021-03-07,Telangana,Telangana City 3,5G,Prepaid,4.2
AIR107683,2022-01-01,Uttar Pradesh,Uttar Pradesh City 3,4G,Broadband,3.5
AIR107684,2022-01-04,West Bengal,West Bengal City 3,4G,Postpaid,3.5
AIR107685,2024-07-07,Uttar Pradesh,Uttar Pradesh City 2,4G,Prepaid,1.1
AIR107686,2022-09-23,Tamil Nadu,Tamil Nadu City 3,4G,Prepaid,3
AIR107687,2020-04-20,West Bengal,West Bengal City 2,4G,Postpaid,5.5
AIR107688,2021-07-05,Delhi,Delhi City 3,4G,Postpaid,4.4
AIR107689,2020-10-10,Uttar Pradesh,Uttar Pradesh City 1,4G,Prepaid,5.2
AIR107690,2021-03-12,West Bengal,West Bengal City 3,4G,Prepaid,3.9
AIR107691,2024-09-25,Gujarat,Gujarat City 1,4G,Postpaid,0.5
AIR107692,2024-09-02,Rajasthan,Rajasthan City 2,5G,Prepaid,0.6
AIR107693,2022-09-21,Delhi,Delhi City 3,4G,Postpaid,2.6
AIR107694,2022-07-31,Karnataka,Karnataka City 2,5G,Postpaid,2.9
AIR107695,2021-05-28,Karnataka,Karnataka City 3,5G,Postpaid,4.1
AIR107696,2024-07-11,Kerala,Kerala City 2,5G,Prepaid,1.1
AIR107697,2019-08-18,Uttar Pradesh,Uttar Pradesh City 3,5G,Prepaid,6.1
AIR107698,2020-12-03,Rajasthan,Rajasthan City 3,4G,Postpaid,4.9
AIR107699,2019-04-28,Maharashtra,Maharashtra City 1,4G,Postpaid,6.6
AIR107700,2024-10-01,West Bengal,West Bengal City 2,4G,Prepaid,1.2
AIR107701,2021-08-05,Delhi,Delhi City 2,5G,Prepaid,3.5
AIR107702,2020-07-25,Gujarat,Gujarat City 2,4G,Broadband,4.6
AIR107703,2024-05-14,Uttar Pradesh,Uttar Pradesh City 2,4G,Broadband,0.9
AIR107704,2020-06-06,Gujarat,Gujarat City 2,5G,Postpaid,4.9
AIR107705,2021-02-10,Maharashtra,Maharashtra City 1,5G,Prepaid,4.3
AIR107706,2019-04-23,Kerala,Kerala City 3,5G,Prepaid,6.2
AIR107707,2022-07-11,Maharashtra,Maharashtra City 1,4G,Prepaid,3.1
AIR107708,2022-09-29,Tamil Nadu,Tamil Nadu City 2,4G,Prepaid,3
AIR107709,2019-04-09,Telangana,Telangana City 2,4G,Postpaid,6.5
AIR107710,2021-11-12,Delhi,Delhi City 3,4G,Postpaid,4
AIR107711,2019-08-27,Telangana,Telangana City 1,5G,Prepaid,6.3
AIR107712,2022-07-10,Maharashtra,Maharashtra City 3,4G,Broadband,2.6
AIR107713,2022-09-10,Kerala,Kerala City 3,4G,Postpaid,2.5
AIR107714,2020-01-22,Kerala,Kerala City 1,5G,Postpaid,5.2
AIR107715,2020-08-28,Karnataka,Karnataka City 3,4G,Enterprise,4.7
AIR107716,2024-12-09,Uttar Pradesh,Uttar Pradesh City 1,5G,Postpaid,0.5
AIR107717,2022-08-16,Karnataka,Karnataka City 1,5G,Broadband,2.9
AIR107718,2020-07-16,Delhi,Delhi City 2,5G,Prepaid,5.1
AIR107719,2024-01-17,Delhi,Delhi City 3,4G,Prepaid,1.7
AIR107720,2019-01-20,Delhi,Delhi City 2,4G,Postpaid,6.7
AIR107721,2020-06-25,Gujarat,Gujarat City 3,5G,Postpaid,5.4
AIR107722,2022-08-16,Karnataka,Karnataka City 3,5G,Prepaid,3.3
AIR107723,2023-11-01,Gujarat,Gujarat City 2,4G,Postpaid,1.3
AIR107724,2024-11-29,Telangana,Telangana City 2,4G,Prepaid,0.3
AIR107725,2022-08-07,Uttar Pradesh,Uttar Pradesh City 2,4G,Postpaid,2.7
AIR107726,2024-04-29,Maharashtra,Maharashtra City 1,5G,Postpaid,1
AIR107727,2021-07-28,West Bengal,West Bengal City 3,4G,Postpaid,3.9
AIR107728,2019-08-26,Karnataka,Karnataka City 1,4G,Postpaid,5.9
AIR107729,2020-10-05,West Bengal,West Bengal City 3,4G,Enterprise,4.9
AIR107730,2019-07-04,Kerala,Kerala City 3,4G,Prepaid,6.2
AIR107731,2024-01-05,Karnataka,Karnataka City 1,5G,Enterprise,1.8
AIR107732,2023-11-21,Telangana,Telangana City 1,4G,Prepaid,2
AIR107733,2022-12-19,Karnataka,Karnataka City 3,4G,Postpaid,3
AIR107734,2020-04-26,Gujarat,Gujarat City 2,4G,Postpaid,4.8
AIR107735,2022-10-13,Uttar Pradesh,Uttar Pradesh City 2,4G,Broadband,2.4
AIR107736,2019-12-28,Maharashtra,Maharashtra City 2,4G,Postpaid,5.3
AIR107737,2021-11-25,Rajasthan,Rajasthan City 2,4G,Broadband,3.5
AIR107738,2020-05-30,Maharashtra,Maharashtra City 3,4G,Prepaid,5
AIR107739,2023-11-05,Maharashtra,Maharashtra City 2,5G,Broadband,1.7
AIR107740,2019-11-26,Kerala,Kerala City 2,4G,Prepaid,5.7
AIR107741,2023-03-23,Telangana,Telangana City 2,5G,Prepaid,2.5
AIR107742,2021-08-12,West Bengal,West Bengal City 3,4G,Prepaid,4.2
AIR107743,2019-10-20,Telangana,Telangana City 1,4G,Postpaid,6.1
AIR107744,2024-04-18,Rajasthan,Rajasthan City 2,4G,Postpaid,1.7
AIR107745,2022-08-02,Kerala,Kerala City 3,4G,Prepaid,2.5
AIR107746,2019-12-26,Uttar Pradesh,Uttar Pradesh City 3,4G,Prepaid,5.2
AIR107747,2023-05-29,Maharashtra,Maharashtra City 2,4G,Postpaid,1.9
AIR107748,2022-09-22,Gujarat,Gujarat City 1,4G,Enterprise,2.6
AIR107749,2020-09-15,Kerala,Kerala City 1,4G,Postpaid,4.7
AIR107750,2023-04-15,Delhi,Delhi City 1,4G,Postpaid,2.3
AIR107751,2024-04-04,Karnataka,Karnataka City 3,4G,Postpaid,1.4
AIR107752,2023-02-20,Telangana,Telangana City 2,4G,Postpaid,2.6
AIR107753,2022-06-07,Kerala,Kerala City 2,5G,Enterprise,3.4
AIR107754,2020-09-09,Delhi,Delhi City 3,4G,Postpaid,5.2
AIR107755,2023-12-29,West Bengal,West Bengal City 2,5G,Prepaid,2
AIR107756,2020-07-28,Rajasthan,Rajasthan City 2,4G,Broadband,4.6
AIR107757,2024-06-24,Rajasthan,Rajasthan City 1,5G,Enterprise,0.7
AIR107758,2020-02-01,Maharashtra,Maharashtra City 2,4G,Prepaid,5.2
AIR107759,2023-04-29,Maharashtra,Maharashtra City 2,5G,Postpaid,2
AIR107760,2020-02-06,Kerala,Kerala City 3,4G,Postpaid,5.4
AIR107761,2023-02-20,Kerala,Kerala City 3,4G,Postpaid,2.4
AIR107762,2024-09-24,Uttar Pradesh,Uttar Pradesh City 1,4G,Prepaid,0.9
AIR107763,2020-11-17,Karnataka,Karnataka City 3,4G,Postpaid,4.8
AIR107764,2019-06-03,Tamil Nadu,Tamil Nadu City 1,5G,Prepaid,6.4
AIR107765,2019-09-18,West Bengal,West Bengal City 1,4G,Prepaid,6.2
AIR107766,2024-07-25,Maharashtra,Maharashtra City 2,4G,Enterprise,1.4
AIR107767,2023-11-12,Tamil Nadu,Tamil Nadu City 1,4G,Postpaid,1.3
AIR107768,2022-09-16,Tamil Nadu,Tamil Nadu City 2,4G,Broadband,2.5
AIR107769,2020-09-30,Karnataka,Karnataka City 1,4G,Broadband,4.5
AIR107770,2022-07-16,Gujarat,Gujarat City 3,4G,Postpaid,2.8
AIR107771,2019-06-06,Gujarat,Gujarat City 3,4G,Broadband,6
AIR107772,2020-09-05,Maharashtra,Maharashtra City 3,4G,Prepaid,4.9
AIR107773,2024-03-23,Delhi,Delhi City 1,4G,Postpaid,1.4
AIR107774,2021-09-08,Karnataka,Karnataka City 1,4G,Postpaid,4
AIR107775,2022-06-29,Karnataka,Karnataka City 2,4G,Postpaid,3.3
AIR107776,2019-09-24,Telangana,Telangana City 2,4G,Prepaid,6.1
AIR107777,2019-02-28,Tamil Nadu,Tamil Nadu City 2,4G,Prepaid,6.8
AIR107778,2020-09-08,Telangana,Telangana City 2,5G,Prepaid,4.4
AIR107779,2023-12-10,Tamil Nadu,Tamil Nadu City 1,5G,Postpaid,1.3
AIR107780,2023-05-02,Gujarat,Gujarat City 1,5G,Enterprise,2
AIR107781,2023-08-15,Maharashtra,Maharashtra City 2,4G,Enterprise,1.7
AIR107782,2023-09-08,West Bengal,West Bengal City 1,5G,Prepaid,1.8
AIR107783,2022-09-04,Gujarat,Gujarat City 1,4G,Prepaid,2.9
AIR107784,2020-10-18,Karnataka,Karnataka City 1,4G,Prepaid,4.8
AIR107785,2021-04-16,West Bengal,West Bengal City 1,4G,Prepaid,4.4
AIR107786,2021-10-20,Kerala,Kerala City 2,5G,Broadband,4
AIR107787,2021-01-03,West Bengal,West Bengal City 2,5G,Broadband,4.9
AIR107788,2020-02-02,West Bengal,West Bengal City 1,4G,Prepaid,5.9
AIR107789,2021-08-26,Gujarat,Gujarat City 3,4G,Prepaid,3.5
AIR107790,2020-04-06,Karnataka,Karnataka City 2,5G,Prepaid,4.9
AIR107791,2019-05-18,West Bengal,West Bengal City 2,5G,Prepaid,5.9
AIR107792,2021-01-31,Gujarat,Gujarat City 3,5G,Broadband,4.3
AIR107793,2025-01-06,Gujarat,Gujarat City 2,4G,Postpaid,0.4
AIR107794,2021-05-12,West Bengal,West Bengal City 3,4G,Postpaid,4.2
AIR107795,2021-02-19,Tamil Nadu,Tamil Nadu City 3,4G,Postpaid,4.5
AIR107796,2020-08-15,Karnataka,Karnataka City 1,5G,Prepaid,5.1
AIR107797,2023-05-20,Rajasthan,Rajasthan City 2,5G,Prepaid,2.4
AIR107798,2022-12-17,West Bengal,West Bengal City 3,4G,Prepaid,2.9
AIR107799,2022-12-13,Telangana,Telangana City 1,4G,Postpaid,3
AIR107800,2022-08-29,Telangana,Telangana City 2,5G,Broadband,2.5
AIR107801,2022-07-25,Kerala,Kerala City 1,4G,Postpaid,2.6
AIR107802,2021-03-12,Karnataka,Karnataka City 1,5G,Prepaid,4.1
AIR107803,2020-07-27,Gujarat,Gujarat City 3,4G,Postpaid,4.8
AIR107804,2020-08-18,Uttar Pradesh,Uttar Pradesh City 2,5G,Prepaid,4.8
AIR107805,2024-08-09,Maharashtra,Maharashtra City 1,5G,Prepaid,0.9
AIR107806,2019-01-27,Delhi,Delhi City 3,4G,Prepaid,6.5
AIR107807,2022-09-05,Uttar Pradesh,Uttar Pradesh City 3,5G,Postpaid,3
AIR107808,2019-05-11,Karnataka,Karnataka City 1,4G,Broadband,6.4
AIR107809,2023-03-27,Karnataka,Karnataka City 1,5G,Postpaid,2.6
AIR107810,2022-05-05,West Bengal,West Bengal City 3,5G,Prepaid,3.6
AIR107811,2021-01-06,West Bengal,West Bengal City 1,4G,Prepaid,4.1
AIR107812,2022-07-22,Uttar Pradesh,Uttar Pradesh City 1,4G,Prepaid,2.6
AIR107813,2021-12-27,Gujarat,Gujarat City 2,4G,Prepaid,3.3
AIR107814,2019-08-21,Kerala,Kerala City 3,5G,Prepaid,5.7
AIR107815,2019-08-10,West Bengal,West Bengal City 1,5G,Postpaid,5.8
AIR107816,2020-03-28,Delhi,Delhi City 3,4G,Prepaid,5.3
AIR107817,2023-07-18,Delhi,Delhi City 2,5G,Broadband,2.1
AIR107818,2019-10-31,Kerala,Kerala City 3,4G,Postpaid,5.9
AIR107819,2021-07-24,Tamil Nadu,Tamil Nadu City 3,4G,Prepaid,4.2
AIR107820,2023-06-26,Tamil Nadu,Tamil Nadu City 3,4G,Prepaid,2.4
AIR107821,2022-09-05,Karnataka,Karnataka City 2,4G,Postpaid,3.3
AIR107822,2019-12-31,West Bengal,West Bengal City 2,4G,Postpaid,5.1
AIR107823,2022-11-13,Telangana,Telangana City 3,5G,Prepaid,2.3
AIR107824,2022-06-04,Uttar Pradesh,Uttar Pradesh City 3,4G,Broadband,2.9
AIR107825,2020-03-31,Rajasthan,Rajasthan City 2,5G,Prepaid,5.1
AIR107826,2023-10-30,Kerala,Kerala City 1,4G,Broadband,1.6
AIR107827,2022-08-21,Karnataka,Karnataka City 2,4G,Prepaid,2.9
AIR107828,2019-11-24,Telangana,Telangana City 3,4G,Postpaid,5.7
AIR107829,2021-03-29,West Bengal,West Bengal City 1,5G,Postpaid,4.5
AIR107830,2024-05-19,Telangana,Telangana City 1,5G,Postpaid,1.4
AIR107831,2021-01-05,Telangana,Telangana City 1,5G,Prepaid,4.9
AIR107832,2023-01-07,Kerala,Kerala City 2,5G,Prepaid,2.9
AIR107833,2020-07-19,Karnataka,Karnataka City 2,4G,Postpaid,4.6
AIR107834,2023-06-16,Gujarat,Gujarat City 2,4G,Broadband,1.7
AIR107835,2021-03-30,Delhi,Delhi City 2,5G,Postpaid,4
AIR107836,2023-09-11,Uttar Pradesh,Uttar Pradesh City 3,5G,Prepaid,1.7
AIR107837,2020-05-30,Karnataka,Karnataka City 1,4G,Prepaid,5
AIR107838,2022-01-29,Rajasthan,Rajasthan City 3,5G,Postpaid,3.5
AIR107839,2022-11-29,Telangana,Telangana City 2,5G,Prepaid,2.7
AIR107840,2022-02-27,Gujarat,Gujarat City 2,5G,Prepaid,3.5
AIR107841,2021-04-23,Kerala,Kerala City 3,5G,Postpaid,4.5
AIR107842,2019-02-04,Maharashtra,Maharashtra City 1,4G,Postpaid,6.8
AIR107843,2024-08-08,Uttar Pradesh,Uttar Pradesh City 1,4G,Prepaid,1.4
AIR107844,2023-11-03,Uttar Pradesh,Uttar Pradesh City 2,4G,Prepaid,1.3
AIR107845,2023-11-18,Delhi,Delhi City 2,4G,Postpaid,1.3
AIR107846,2019-08-17,Maharashtra,Maharashtra City 2,5G,Prepaid,5.7
AIR107847,2021-09-02,West Bengal,West Bengal City 2,4G,Broadband,3.7
AIR107848,2024-01-21,Maharashtra,Maharashtra City 1,4G,Prepaid,1.4
AIR107849,2022-06-30,Telangana,Telangana City 3,4G,Prepaid,3
AIR107850,2023-02-20,Telangana,Telangana City 1,5G,Postpaid,2.5
AIR107851,2021-03-15,Telangana,Telangana City 3,4G,Postpaid,4.5
AIR107852,2020-07-17,Telangana,Telangana City 2,4G,Prepaid,5.2
AIR107853,2024-08-24,Karnataka,Karnataka City 2,4G,Prepaid,1.2
AIR107854,2021-06-13,Uttar Pradesh,Uttar Pradesh City 3,4G,Prepaid,4.5
AIR107855,2021-05-03,Maharashtra,Maharashtra City 2,5G,Postpaid,3.8
AIR107856,2019-12-06,Uttar Pradesh,Uttar Pradesh City 1,5G,Prepaid,5.3
AIR107857,2019-06-29,Rajasthan,Rajasthan City 2,4G,Postpaid,5.8
AIR107858,2020-08-11,Maharashtra,Maharashtra City 2,5G,Postpaid,4.8
AIR107859,2024-08-07,Karnataka,Karnataka City 2,4G,Postpaid,0.9
AIR107860,2023-10-25,Rajasthan,Rajasthan City 2,5G,Postpaid,1.7
AIR107861,2024-08-30,Uttar Pradesh,Uttar Pradesh City 1,4G,Postpaid,1
AIR107862,2023-06-05,Rajasthan,Rajasthan City 3,5G,Prepaid,2.3
AIR107863,2020-07-18,Delhi,Delhi City 2,4G,Prepaid,5.2
AIR107864,2020-10-30,Rajasthan,Rajasthan City 2,4G,Prepaid,5
AIR107865,2020-01-04,Maharashtra,Maharashtra City 1,4G,Postpaid,5.9
AIR107866,2020-11-24,Telangana,Telangana City 1,4G,Postpaid,4.2
AIR107867,2022-01-06,Telangana,Telangana City 1,5G,Prepaid,3.2
AIR107868,2022-02-16,West Bengal,West Bengal City 2,4G,Broadband,3.2
AIR107869,2019-12-25,Uttar Pradesh,Uttar Pradesh City 3,4G,Postpaid,5.4
AIR107870,2023-06-29,Delhi,Delhi City 1,5G,Postpaid,2
AIR107871,2023-03-18,Maharashtra,Maharashtra City 1,4G,Prepaid,2.3
AIR107872,2023-07-09,Maharashtra,Maharashtra City 1,5G,Prepaid,2.1
AIR107873,2020-05-17,Kerala,Kerala City 3,4G,Postpaid,5.3
AIR107874,2024-09-10,Tamil Nadu,Tamil Nadu City 2,4G,Prepaid,1.1
AIR107875,2019-03-03,Uttar Pradesh,Uttar Pradesh City 2,5G,Postpaid,6.7
AIR107876,2022-01-25,Maharashtra,Maharashtra City 2,4G,Enterprise,3.9
AIR107877,2023-07-29,Gujarat,Gujarat City 1,4G,Postpaid,1.6
AIR107878,2023-02-28,Maharashtra,Maharashtra City 2,5G,Postpaid,2
AIR107879,2023-06-22,Kerala,Kerala City 1,4G,Postpaid,1.8
AIR107880,2020-03-27,Rajasthan,Rajasthan City 3,5G,Prepaid,5.1
AIR107881,2023-08-20,Karnataka,Karnataka City 3,5G,Enterprise,1.8
AIR107882,2019-12-23,Karnataka,Karnataka City 2,4G,Broadband,5.6
AIR107883,2024-12-18,Gujarat,Gujarat City 1,5G,Postpaid,0.7
AIR107884,2021-11-11,Gujarat,Gujarat City 1,4G,Prepaid,3.8
AIR107885,2020-08-18,West Bengal,West Bengal City 2,4G,Prepaid,5.2
AIR107886,2023-06-13,Karnataka,Karnataka City 3,5G,Prepaid,2.4
AIR107887,2022-02-03,Rajasthan,Rajasthan City 3,5G,Postpaid,3.9
AIR107888,2024-05-26,Karnataka,Karnataka City 3,5G,Prepaid,0.7
AIR107889,2021-05-20,Tamil Nadu,Tamil Nadu City 3,5G,Postpaid,3.8
AIR107890,2024-07-23,Uttar Pradesh,Uttar Pradesh City 3,4G,Postpaid,0.7
AIR107891,2024-01-06,Karnataka,Karnataka City 2,4G,Prepaid,1.4
AIR107892,2024-11-04,Telangana,Telangana City 2,4G,Postpaid,0.6
AIR107893,2019-04-03,West Bengal,West Bengal City 2,4G,Prepaid,6.3
AIR107894,2021-03-14,Kerala,Kerala City 3,4G,Broadband,4.4
AIR107895,2019-12-20,Gujarat,Gujarat City 3,5G,Prepaid,5.7
AIR107896,2021-05-28,Tamil Nadu,Tamil Nadu City 2,4G,Prepaid,4.4
AIR107897,2020-08-30,Gujarat,Gujarat City 2,5G,Prepaid,5.2
AIR107898,2024-03-11,West Bengal,West Bengal City 3,5G,Enterprise,1.8
AIR107899,2021-09-09,Maharashtra,Maharashtra City 1,4G,Postpaid,3.4
AIR107900,2022-01-15,Tamil Nadu,Tamil Nadu City 2,4G,Prepaid,3.2
AIR107901,2020-01-18,Delhi,Delhi City 3,4G,Prepaid,5.2
AIR107902,2023-06-07,Tamil Nadu,Tamil Nadu City 3,4G,Postpaid,1.9
AIR107903,2023-03-28,West Bengal,West Bengal City 2,5G,Prepaid,2.2
AIR107904,2021-10-25,Kerala,Kerala City 1,4G,Enterprise,3.7
AIR107905,2022-01-04,Tamil Nadu,Tamil Nadu City 3,5G,Enterprise,3.6
AIR107906,2024-08-13,West Bengal,West Bengal City 2,5G,Postpaid,1.1
AIR107907,2022-01-11,Rajasthan,Rajasthan City 3,4G,Enterprise,3.8
AIR107908,2021-07-29,Uttar Pradesh,Uttar Pradesh City 3,5G,Prepaid,4.3
AIR107909,2020-03-06,Karnataka,Karnataka City 3,4G,Prepaid,5.8
AIR107910,2024-07-09,Rajasthan,Rajasthan City 3,4G,Prepaid,0.6
AIR107911,2024-09-13,West Bengal,West Bengal City 1,4G,Prepaid,0.5
AIR107912,2022-06-19,Telangana,Telangana City 2,4G,Enterprise,2.8
AIR107913,2021-06-26,Maharashtra,Maharashtra City 2,4G,Prepaid,3.9
AIR107914,2024-10-28,Karnataka,Karnataka City 2,5G,Broadband,0.6
AIR107915,2024-10-23,Telangana,Telangana City 2,4G,Postpaid,0.7
AIR107916,2019-10-11,Kerala,Kerala City 2,4G,Prepaid,5.8
AIR107917,2020-12-27,Gujarat,Gujarat City 1,4G,Prepaid,4.7
AIR107918,2023-11-17,Delhi,Delhi City 3,4G,Prepaid,1.9
AIR107919,2019-12-03,Karnataka,Karnataka City 3,4G,Prepaid,6
AIR107920,2024-06-17,Rajasthan,Rajasthan City 2,5G,Postpaid,1.5
AIR107921,2024-06-10,Maharashtra,Maharashtra City 3,4G,Postpaid,0.7
AIR107922,2020-08-08,Telangana,Telangana City 3,4G,Postpaid,4.6
AIR107923,2024-03-29,West Bengal,West Bengal City 3,4G,Postpaid,1
AIR107924,2020-07-20,Karnataka,Karnataka City 2,5G,Prepaid,4.8
AIR107925,2024-10-31,Gujarat,Gujarat City 2,4G,Prepaid,0.6
AIR107926,2023-08-27,West Bengal,West Bengal City 1,5G,Broadband,1.9
AIR107927,2021-05-24,Telangana,Telangana City 2,4G,Prepaid,4.2
AIR107928,2023-07-10,Maharashtra,Maharashtra City 1,4G,Prepaid,2.2
AIR107929,2022-08-13,Tamil Nadu,Tamil Nadu City 2,4G,Postpaid,3.2
AIR107930,2023-11-26,Gujarat,Gujarat City 3,4G,Broadband,2
AIR107931,2022-09-27,West Bengal,West Bengal City 1,4G,Broadband,3.2
AIR107932,2021-08-12,Gujarat,Gujarat City 1,5G,Prepaid,3.5
AIR107933,2024-03-03,Kerala,Kerala City 1,4G,Postpaid,1
AIR107934,2022-12-18,West Bengal,West Bengal City 2,5G,Prepaid,2.3
AIR107935,2024-08-28,Karnataka,Karnataka City 1,4G,Enterprise,0.7
AIR107936,2024-01-21,Tamil Nadu,Tamil Nadu City 2,4G,Prepaid,1.4
AIR107937,2024-08-13,Tamil Nadu,Tamil Nadu City 1,4G,Prepaid,0.9
AIR107938,2022-07-28,Delhi,Delhi City 2,4G,Broadband,3
AIR107939,2019-03-04,Gujarat,Gujarat City 1,5G,Enterprise,6.5
AIR107940,2021-10-10,Rajasthan,Rajasthan City 3,5G,Postpaid,4
AIR107941,2024-07-30,Tamil Nadu,Tamil Nadu City 3,5G,Prepaid,1.3
AIR107942,2024-06-12,Tamil Nadu,Tamil Nadu City 1,4G,Postpaid,1.5
AIR107943,2024-03-17,Kerala,Kerala City 2,4G,Broadband,0.9
AIR107944,2023-12-10,Uttar Pradesh,Uttar Pradesh City 2,5G,Postpaid,1.3
AIR107945,2024-02-21,Kerala,Kerala City 2,4G,Prepaid,1.1
AIR107946,2023-12-01,Kerala,Kerala City 3,5G,Prepaid,1.5
AIR107947,2021-10-22,Uttar Pradesh,Uttar Pradesh City 3,4G,Broadband,3.6
AIR107948,2024-10-15,Gujarat,Gujarat City 3,5G,Postpaid,0.7
AIR107949,2021-05-27,West Bengal,West Bengal City 2,5G,Postpaid,4.2
AIR107950,2019-05-12,Maharashtra,Maharashtra City 2,5G,Prepaid,6.3
AIR107951,2021-12-07,Rajasthan,Rajasthan City 2,4G,Postpaid,3.9
AIR107952,2021-09-19,Tamil Nadu,Tamil Nadu City 1,4G,Enterprise,4.2
AIR107953,2023-08-04,Delhi,Delhi City 1,4G,Prepaid,2.4
AIR107954,2021-12-06,Rajasthan,Rajasthan City 1,5G,Postpaid,3.2
AIR107955,2023-10-26,West Bengal,West Bengal City 3,5G,Prepaid,1.4
AIR107956,2022-12-05,Uttar Pradesh,Uttar Pradesh City 3,4G,Prepaid,2.4
AIR107957,2022-05-30,Rajasthan,Rajasthan City 2,4G,Postpaid,3
AIR107958,2022-10-31,Tamil Nadu,Tamil Nadu City 1,4G,Broadband,2.6
AIR107959,2021-10-29,Rajasthan,Rajasthan City 2,5G,Postpaid,3.7
AIR107960,2021-06-20,Maharashtra,Maharashtra City 1,4G,Prepaid,4.2
AIR107961,2023-02-03,Uttar Pradesh,Uttar Pradesh City 1,4G,Prepaid,2.6
AIR107962,2019-12-08,Rajasthan,Rajasthan City 2,4G,Broadband,5.9
AIR107963,2019-03-07,Tamil Nadu,Tamil Nadu City 2,4G,Prepaid,6.7
AIR107964,2020-08-29,Tamil Nadu,Tamil Nadu City 1,5G,Broadband,5.3
AIR107965,2022-11-20,Rajasthan,Rajasthan City 1,4G,Prepaid,2.2
AIR107966,2022-10-13,Gujarat,Gujarat City 3,4G,Broadband,2.4
AIR107967,2019-12-24,Delhi,Delhi City 2,4G,Broadband,5.3
AIR107968,2022-11-16,Telangana,Telangana City 2,4G,Prepaid,2.5
AIR107969,2020-01-11,Kerala,Kerala City 2,4G,Postpaid,5.4
AIR107970,2022-04-24,Uttar Pradesh,Uttar Pradesh City 2,4G,Prepaid,3.2
AIR107971,2022-08-21,Telangana,Telangana City 1,5G,Prepaid,3
AIR107972,2024-10-12,West Bengal,West Bengal City 3,4G,Postpaid,0.9
AIR107973,2019-06-27,West Bengal,West Bengal City 2,5G,Postpaid,6.3
AIR107974,2019-08-23,Tamil Nadu,Tamil Nadu City 1,5G,Prepaid,6.2
AIR107975,2021-01-31,West Bengal,West Bengal City 1,5G,Postpaid,4.9
AIR107976,2024-09-18,Gujarat,Gujarat City 1,5G,Prepaid,0.4
AIR107977,2022-08-03,Delhi,Delhi City 1,4G,Prepaid,2.6
AIR107978,2022-07-06,West Bengal,West Bengal City 1,4G,Postpaid,2.8
AIR107979,2022-06-17,Maharashtra,Maharashtra City 2,5G,Postpaid,2.9
AIR107980,2023-05-27,Delhi,Delhi City 2,4G,Postpaid,2.1
AIR107981,2019-12-17,Gujarat,Gujarat City 3,4G,Postpaid,5.6
AIR107982,2020-06-24,Telangana,Telangana City 2,4G,Broadband,5.1
AIR107983,2023-06-11,Delhi,Delhi City 1,4G,Postpaid,2.3
AIR107984,2019-01-30,Delhi,Delhi City 3,4G,Prepaid,6.7
AIR107985,2019-11-05,Telangana,Telangana City 1,4G,Postpaid,6
AIR107986,2023-02-18,Gujarat,Gujarat City 1,4G,Postpaid,2.8
AIR107987,2024-09-24,West Bengal,West Bengal City 2,5G,Postpaid,0.4
AIR107988,2019-05-17,Tamil Nadu,Tamil Nadu City 1,4G,Postpaid,5.8
AIR107989,2021-02-13,Uttar Pradesh,Uttar Pradesh City 2,5G,Prepaid,4.2
AIR107990,2023-05-18,Telangana,Telangana City 1,4G,Prepaid,2
AIR107991,2022-12-25,Telangana,Telangana City 3,4G,Postpaid,2.5
AIR107992,2021-04-26,Telangana,Telangana City 1,4G,Prepaid,4.2
AIR107993,2019-07-26,Telangana,Telangana City 2,4G,Postpaid,6.1
AIR107994,2024-06-27,Uttar Pradesh,Uttar Pradesh City 1,4G,Postpaid,1.2
AIR107995,2022-05-14,Uttar Pradesh,Uttar Pradesh City 2,4G,Postpaid,3.4
AIR107996,2020-08-18,West Bengal,West Bengal City 2,5G,Postpaid,5.2
AIR107997,2022-02-01,Rajasthan,Rajasthan City 3,5G,Prepaid,3.9
AIR107998,2021-05-01,Rajasthan,Rajasthan City 2,4G,Enterprise,3.8
AIR107999,2020-07-08,Karnataka,Karnataka City 3,4G,Postpaid,4.7
AIR108000,2022-04-17,Telangana,Telangana City 3,4G,Prepaid,3
AIR108001,2022-07-11,Telangana,Telangana City 1,4G,Prepaid,2.8
AIR108002,2021-01-24,Delhi,Delhi City 3,4G,Prepaid,4.4
AIR108003,2020-07-02,Rajasthan,Rajasthan City 2,5G,Postpaid,5
AIR108004,2022-10-08,West Bengal,West Bengal City 2,4G,Prepaid,2.9
AIR108005,2022-10-19,Tamil Nadu,Tamil Nadu City 3,5G,Prepaid,2.9
AIR108006,2022-06-27,Karnataka,Karnataka City 1,5G,Prepaid,3.3
AIR108007,2022-02-17,Karnataka,Karnataka City 3,5G,Postpaid,3.7
AIR108008,2021-03-17,West Bengal,West Bengal City 3,4G,Postpaid,4.7
AIR108009,2024-04-11,Tamil Nadu,Tamil Nadu City 2,5G,Postpaid,0.8
AIR108010,2022-05-18,Delhi,Delhi City 1,5G,Broadband,2.8
AIR108011,2024-09-30,Uttar Pradesh,Uttar Pradesh City 1,4G,Prepaid,0.5
AIR108012,2023-10-12,Kerala,Kerala City 1,4G,Postpaid,1.6
AIR108013,2019-11-09,Rajasthan,Rajasthan City 1,5G,Prepaid,5.6
AIR108014,2022-07-26,Telangana,Telangana City 2,5G,Postpaid,3
AIR108015,2020-01-23,West Bengal,West Bengal City 1,4G,Postpaid,5.6
AIR108016,2022-05-10,Rajasthan,Rajasthan City 1,4G,Prepaid,3.4
AIR108017,2024-12-26,Telangana,Telangana City 1,4G,Prepaid,0.8
AIR108018,2024-02-19,Kerala,Kerala City 2,4G,Broadband,1.7
AIR108019,2024-08-28,Kerala,Kerala City 2,4G,Prepaid,1.3
AIR108020,2019-04-05,Uttar Pradesh,Uttar Pradesh City 1,4G,Prepaid,5.9
AIR108021,2019-05-10,Gujarat,Gujarat City 2,4G,Broadband,5.8
AIR108022,2024-05-07,Kerala,Kerala City 3,5G,Postpaid,0.9
AIR108023,2021-09-13,Rajasthan,Rajasthan City 1,5G,Postpaid,3.7
AIR108024,2021-03-27,Maharashtra,Maharashtra City 2,4G,Broadband,4.2
AIR108025,2024-12-09,Maharashtra,Maharashtra City 1,5G,Prepaid,0.6
AIR108026,2023-11-15,Telangana,Telangana City 1,4G,Prepaid,1.7
AIR108027,2021-01-26,Telangana,Telangana City 2,4G,Postpaid,4.6
AIR108028,2022-03-13,Gujarat,Gujarat City 3,5G,Postpaid,3.6
AIR108029,2022-05-19,Maharashtra,Maharashtra City 1,4G,Prepaid,3.5
AIR108030,2020-02-10,Telangana,Telangana City 3,4G,Prepaid,5.8
AIR108031,2024-01-27,Kerala,Kerala City 2,4G,Prepaid,1.1
AIR108032,2024-06-12,Telangana,Telangana City 1,4G,Broadband,0.8
AIR108033,2019-06-12,Karnataka,Karnataka City 2,5G,Prepaid,5.8
AIR108034,2020-07-04,Gujarat,Gujarat City 2,5G,Broadband,4.9
AIR108035,2019-05-11,West Bengal,West Bengal City 2,5G,Enterprise,6.1
AIR108036,2023-09-01,Tamil Nadu,Tamil Nadu City 2,5G,Postpaid,1.9
AIR108037,2021-02-25,Delhi,Delhi City 1,5G,Postpaid,4.5
AIR108038,2024-04-17,Tamil Nadu,Tamil Nadu City 3,5G,Prepaid,1.4
AIR108039,2022-09-08,Tamil Nadu,Tamil Nadu City 3,4G,Prepaid,3.1
AIR108040,2019-02-14,Uttar Pradesh,Uttar Pradesh City 1,5G,Postpaid,6.8
AIR108041,2019-12-13,West Bengal,West Bengal City 1,4G,Prepaid,6
AIR108042,2020-12-14,Telangana,Telangana City 3,5G,Prepaid,4.2
AIR108043,2020-10-08,Uttar Pradesh,Uttar Pradesh City 3,4G,Postpaid,4.4
AIR108044,2019-12-24,Tamil Nadu,Tamil Nadu City 1,5G,Postpaid,5.3
AIR108045,2021-06-23,Karnataka,Karnataka City 2,5G,Postpaid,3.9
AIR108046,2019-03-01,Delhi,Delhi City 1,5G,Prepaid,6.3
AIR108047,2024-10-07,Tamil Nadu,Tamil Nadu City 3,5G,Prepaid,0.8
AIR108048,2019-08-19,Maharashtra,Maharashtra City 2,4G,Postpaid,6
AIR108049,2020-03-23,West Bengal,West Bengal City 3,4G,Enterprise,5.5
AIR108050,2020-07-07,West Bengal,West Bengal City 2,4G,Broadband,5.3
AIR108051,2021-11-18,West Bengal,West Bengal City 3,4G,Prepaid,4
AIR108052,2022-11-03,Gujarat,Gujarat City 2,4G,Prepaid,3.1
AIR108053,2021-04-10,Gujarat,Gujarat City 1,4G,Broadband,3.9
AIR108054,2019-02-07,Kerala,Kerala City 1,4G,Prepaid,6.1
AIR108055,2022-05-15,Rajasthan,Rajasthan City 2,5G,Prepaid,2.9
AIR108056,2023-09-26,Delhi,Delhi City 2,5G,Prepaid,1.6
AIR108057,2019-10-16,Uttar Pradesh,Uttar Pradesh City 1,4G,Postpaid,5.7
AIR108058,2023-02-25,Telangana,Telangana City 1,4G,Prepaid,2.4
AIR108059,2022-06-02,Tamil Nadu,Tamil Nadu City 2,4G,Prepaid,3.2
AIR108060,2024-09-06,Rajasthan,Rajasthan City 2,4G,Postpaid,1
AIR108061,2020-12-02,Telangana,Telangana City 1,4G,Prepaid,4.9
AIR108062,2022-10-28,Uttar Pradesh,Uttar Pradesh City 3,4G,Postpaid,3
AIR108063,2024-01-25,Rajasthan,Rajasthan City 1,4G,Postpaid,1.9
AIR108064,2019-07-23,Telangana,Telangana City 2,4G,Postpaid,5.6
AIR108065,2022-02-12,Karnataka,Karnataka City 2,4G,Prepaid,3.1
AIR108066,2021-11-09,Gujarat,Gujarat City 3,4G,Postpaid,3.4
AIR108067,2021-10-04,Uttar Pradesh,Uttar Pradesh City 1,5G,Prepaid,3.6
AIR108068,2023-06-09,Delhi,Delhi City 2,5G,Prepaid,2
AIR108069,2019-12-19,Maharashtra,Maharashtra City 1,4G,Postpaid,5.6
AIR108070,2022-02-11,Karnataka,Karnataka City 2,4G,Postpaid,3.5
AIR108071,2020-06-29,Gujarat,Gujarat City 3,4G,Prepaid,5.2
AIR108072,2019-10-09,West Bengal,West Bengal City 1,4G,Prepaid,6
AIR108073,2020-11-03,Gujarat,Gujarat City 1,4G,Prepaid,5
AIR108074,2021-01-29,Rajasthan,Rajasthan City 3,4G,Postpaid,4.9
AIR108075,2022-09-06,Kerala,Kerala City 2,4G,Postpaid,2.4
AIR108076,2020-06-03,Karnataka,Karnataka City 2,4G,Postpaid,4.8
AIR108077,2019-04-20,West Bengal,West Bengal City 1,5G,Postpaid,6
AIR108078,2021-08-10,Rajasthan,Rajasthan City 3,4G,Broadband,3.8
AIR108079,2020-11-10,Uttar Pradesh,Uttar Pradesh City 1,4G,Prepaid,4.6
AIR108080,2023-05-21,Delhi,Delhi City 1,4G,Prepaid,2.2
AIR108081,2021-08-16,Gujarat,Gujarat City 2,4G,Broadband,4
AIR108082,2024-05-29,Uttar Pradesh,Uttar Pradesh City 2,5G,Prepaid,1.3
AIR108083,2024-08-21,West Bengal,West Bengal City 2,4G,Postpaid,1.1
AIR108084,2023-12-28,Rajasthan,Rajasthan City 2,4G,Prepaid,1.9
AIR108085,2024-07-17,Kerala,Kerala City 2,4G,Broadband,1.4
AIR108086,2022-03-30,Gujarat,Gujarat City 3,4G,Prepaid,2.9
AIR108087,2020-01-15,Delhi,Delhi City 1,4G,Prepaid,5.2
AIR108088,2024-10-28,Kerala,Kerala City 3,4G,Postpaid,0.5
AIR108089,2022-07-18,Telangana,Telangana City 1,5G,Prepaid,2.8
AIR108090,2020-09-07,Rajasthan,Rajasthan City 2,4G,Broadband,4.8
AIR108091,2020-03-11,Uttar Pradesh,Uttar Pradesh City 3,4G,Prepaid,5.3
AIR108092,2021-07-10,Gujarat,Gujarat City 1,4G,Postpaid,4.1
AIR108093,2023-03-28,Gujarat,Gujarat City 2,5G,Prepaid,2.5
AIR108094,2021-03-05,West Bengal,West Bengal City 2,5G,Broadband,4.6
AIR108095,2022-02-08,Delhi,Delhi City 3,5G,Broadband,3.8
AIR108096,2020-03-27,Maharashtra,Maharashtra City 3,5G,Postpaid,5.7
AIR108097,2019-09-17,Telangana,Telangana City 3,5G,Broadband,5.4
AIR108098,2022-04-22,Kerala,Kerala City 2,5G,Prepaid,2.9
AIR108099,2020-12-12,Karnataka,Karnataka City 1,5G,Broadband,4.3
AIR108100,2023-09-20,Karnataka,Karnataka City 1,5G,Postpaid,1.7
AIR108101,2024-06-01,Gujarat,Gujarat City 3,4G,Broadband,1
AIR108102,2022-11-10,West Bengal,West Bengal City 1,4G,Postpaid,2.7
AIR108103,2024-04-08,Tamil Nadu,Tamil Nadu City 2,5G,Prepaid,1.4
AIR108104,2019-06-16,Gujarat,Gujarat City 1,5G,Postpaid,6.3
AIR108105,2024-12-30,Karnataka,Karnataka City 2,5G,Prepaid,0.8
AIR108106,2020-05-07,Karnataka,Karnataka City 3,5G,Postpaid,5.5
AIR108107,2024-10-20,Telangana,Telangana City 1,5G,Prepaid,1.2
AIR108108,2025-01-03,Uttar Pradesh,Uttar Pradesh City 2,4G,Prepaid,0.1
AIR108109,2022-09-23,Tamil Nadu,Tamil Nadu City 3,4G,Enterprise,2.5
AIR108110,2022-01-13,Gujarat,Gujarat City 3,4G,Broadband,3.3
AIR108111,2024-01-15,Telangana,Telangana City 3,4G,Broadband,1.3
AIR108112,2021-06-09,West Bengal,West Bengal City 3,4G,Postpaid,4
AIR108113,2022-08-27,Telangana,Telangana City 1,4G,Postpaid,2.9
AIR108114,2023-09-27,Gujarat,Gujarat City 2,4G,Postpaid,1.9
AIR108115,2023-09-16,Rajasthan,Rajasthan City 1,5G,Prepaid,2
AIR108116,2021-08-28,Maharashtra,Maharashtra City 2,4G,Broadband,4.1
AIR108117,2019-03-08,Gujarat,Gujarat City 3,5G,Broadband,6.7
AIR108118,2021-04-17,Delhi,Delhi City 1,5G,Postpaid,4.7
AIR108119,2021-07-15,Karnataka,Karnataka City 3,4G,Broadband,3.6
AIR108120,2019-12-07,Tamil Nadu,Tamil Nadu City 2,4G,Postpaid,5.3
AIR108121,2019-04-12,Tamil Nadu,Tamil Nadu City 3,5G,Prepaid,6
AIR108122,2021-08-09,Uttar Pradesh,Uttar Pradesh City 1,5G,Enterprise,3.8
AIR108123,2022-02-07,Maharashtra,Maharashtra City 1,4G,Postpaid,3.4
AIR108124,2021-06-25,Delhi,Delhi City 2,4G,Postpaid,4.1
AIR108125,2022-12-26,Karnataka,Karnataka City 2,4G,Prepaid,2.6
AIR108126,2021-04-07,Tamil Nadu,Tamil Nadu City 1,4G,Postpaid,4.4
AIR108127,2022-04-17,Delhi,Delhi City 1,4G,Postpaid,3.5
AIR108128,2024-12-21,Telangana,Telangana City 1,4G,Postpaid,0.9
AIR108129,2021-11-19,Uttar Pradesh,Uttar Pradesh City 1,4G,Postpaid,4.1
AIR108130,2021-09-22,Gujarat,Gujarat City 2,5G,Prepaid,3.4
AIR108131,2020-01-20,Gujarat,Gujarat City 1,5G,Postpaid,5.1
AIR108132,2020-08-20,Rajasthan,Rajasthan City 2,5G,Broadband,4.7
AIR108133,2019-01-09,Karnataka,Karnataka City 1,5G,Prepaid,6.3
AIR108134,2019-05-16,Delhi,Delhi City 1,5G,Prepaid,6.1
AIR108135,2022-08-06,Kerala,Kerala City 3,4G,Prepaid,2.9
AIR108136,2021-09-02,Tamil Nadu,Tamil Nadu City 3,4G,Broadband,4
AIR108137,2021-09-05,West Bengal,West Bengal City 1,5G,Postpaid,4
AIR108138,2023-07-30,West Bengal,West Bengal City 2,5G,Enterprise,2.2
AIR108139,2024-09-21,Gujarat,Gujarat City 1,4G,Postpaid,1.1
AIR108140,2024-01-22,Kerala,Kerala City 3,4G,Postpaid,1.9
AIR108141,2023-11-24,West Bengal,West Bengal City 1,5G,Postpaid,1.2
AIR108142,2022-05-27,Maharashtra,Maharashtra City 3,4G,Prepaid,2.8
AIR108143,2024-06-30,Maharashtra,Maharashtra City 1,4G,Prepaid,0.8
AIR108144,2019-04-23,Karnataka,Karnataka City 1,5G,Postpaid,6.1
AIR108145,2024-08-21,Kerala,Kerala City 2,4G,Prepaid,0.8
AIR108146,2022-09-25,Maharashtra,Maharashtra City 3,5G,Prepaid,2.8
AIR108147,2023-03-17,Maharashtra,Maharashtra City 3,5G,Prepaid,2.4
AIR108148,2024-09-22,Gujarat,Gujarat City 3,4G,Prepaid,1
AIR108149,2022-09-04,West Bengal,West Bengal City 2,4G,Prepaid,3.1
AIR108150,2023-02-21,Karnataka,Karnataka City 1,4G,Postpaid,2.7
AIR108151,2023-12-03,Delhi,Delhi City 2,4G,Prepaid,2
AIR108152,2022-09-11,Telangana,Telangana City 1,5G,Prepaid,2.4
AIR108153,2022-06-30,Tamil Nadu,Tamil Nadu City 2,4G,Prepaid,2.7
AIR108154,2019-11-04,Tamil Nadu,Tamil Nadu City 2,4G,Postpaid,5.4
AIR108155,2022-09-08,Uttar Pradesh,Uttar Pradesh City 3,4G,Postpaid,2.7
AIR108156,2023-06-20,Telangana,Telangana City 2,4G,Broadband,2
AIR108157,2021-05-16,Telangana,Telangana City 1,4G,Broadband,4.2
AIR108158,2024-09-14,Tamil Nadu,Tamil Nadu City 2,4G,Prepaid,0.9
AIR108159,2023-06-29,Tamil Nadu,Tamil Nadu City 2,4G,Prepaid,2.2
AIR108160,2020-12-11,Delhi,Delhi City 1,4G,Prepaid,4.8
AIR108161,2022-08-07,Kerala,Kerala City 3,4G,Enterprise,3.3
AIR108162,2023-06-17,Kerala,Kerala City 1,5G,Postpaid,2.5
AIR108163,2023-02-21,Delhi,Delhi City 1,4G,Prepaid,2
AIR108164,2022-07-03,West Bengal,West Bengal City 1,5G,Prepaid,2.7
AIR108165,2021-05-17,Telangana,Telangana City 2,4G,Postpaid,3.9
AIR108166,2022-10-14,Rajasthan,Rajasthan City 2,5G,Prepaid,2.6
AIR108167,2024-09-03,Telangana,Telangana City 1,4G,Broadband,0.8
AIR108168,2021-09-10,Uttar Pradesh,Uttar Pradesh City 1,5G,Postpaid,3.8
AIR108169,2021-10-21,Tamil Nadu,Tamil Nadu City 3,4G,Postpaid,3.8
AIR108170,2019-04-28,Telangana,Telangana City 2,5G,Postpaid,6.4
AIR108171,2024-11-30,Tamil Nadu,Tamil Nadu City 2,4G,Prepaid,0.9
AIR108172,2022-05-03,Telangana,Telangana City 2,5G,Postpaid,3.5
AIR108173,2021-11-09,Uttar Pradesh,Uttar Pradesh City 2,5G,Postpaid,4.1
AIR108174,2020-07-29,West Bengal,West Bengal City 1,4G,Prepaid,4.6
AIR108175,2020-02-07,Rajasthan,Rajasthan City 1,4G,Postpaid,5.1
AIR108176,2019-09-10,Maharashtra,Maharashtra City 3,4G,Broadband,5.6
AIR108177,2023-06-18,Delhi,Delhi City 2,4G,Prepaid,1.9
AIR108178,2020-10-30,Delhi,Delhi City 2,5G,Postpaid,4.6
AIR108179,2020-12-28,Rajasthan,Rajasthan City 1,4G,Prepaid,4.5
AIR108180,2022-12-28,Telangana,Telangana City 3,4G,Postpaid,2.6
AIR108181,2022-02-19,Maharashtra,Maharashtra City 1,4G,Prepaid,3.6
AIR108182,2023-03-21,Uttar Pradesh,Uttar Pradesh City 2,4G,Postpaid,2.6
AIR108183,2021-09-05,Kerala,Kerala City 2,5G,Prepaid,4.2
AIR108184,2020-07-22,Telangana,Telangana City 3,5G,Prepaid,5.4
AIR108185,2020-06-26,West Bengal,West Bengal City 1,4G,Postpaid,4.6
AIR108186,2020-06-02,Tamil Nadu,Tamil Nadu City 2,5G,Postpaid,4.8
AIR108187,2024-08-21,Karnataka,Karnataka City 2,5G,Broadband,0.6
AIR108188,2019-01-10,Telangana,Telangana City 3,4G,Postpaid,6.3
AIR108189,2019-06-06,Karnataka,Karnataka City 2,5G,Postpaid,6
AIR108190,2019-05-21,Telangana,Telangana City 2,4G,Postpaid,6.2
AIR108191,2019-05-17,Rajasthan,Rajasthan City 1,4G,Prepaid,6.2
AIR108192,2020-11-21,Karnataka,Karnataka City 3,4G,Prepaid,4.8
AIR108193,2023-06-12,Telangana,Telangana City 3,5G,Prepaid,2.3
AIR108194,2022-11-24,Delhi,Delhi City 3,4G,Prepaid,3
AIR108195,2023-01-05,Karnataka,Karnataka City 1,4G,Prepaid,2.9
AIR108196,2020-11-06,Telangana,Telangana City 3,4G,Broadband,4.3
AIR108197,2023-03-17,Kerala,Kerala City 2,4G,Broadband,2
AIR108198,2022-10-11,Tamil Nadu,Tamil Nadu City 3,5G,Broadband,2.5
AIR108199,2021-07-21,Kerala,Kerala City 2,4G,Enterprise,3.8
AIR108200,2024-11-28,Maharashtra,Maharashtra City 3,4G,Prepaid,0.5
AIR108201,2021-12-03,Telangana,Telangana City 3,4G,Prepaid,3.6
AIR108202,2019-07-30,Gujarat,Gujarat City 1,4G,Postpaid,6
AIR108203,2020-05-22,West Bengal,West Bengal City 3,4G,Broadband,5.3
AIR108204,2019-08-20,Kerala,Kerala City 3,4G,Postpaid,6.2
AIR108205,2021-03-14,Karnataka,Karnataka City 1,4G,Postpaid,4.7
AIR108206,2022-04-08,Rajasthan,Rajasthan City 2,4G,Prepaid,3.7
AIR108207,2019-08-22,West Bengal,West Bengal City 3,4G,Prepaid,5.5
AIR108208,2024-11-17,Gujarat,Gujarat City 3,4G,Prepaid,0.3
AIR108209,2023-09-20,Uttar Pradesh,Uttar Pradesh City 2,5G,Prepaid,1.6
AIR108210,2020-01-22,Telangana,Telangana City 1,4G,Broadband,5.3
AIR108211,2022-02-20,Rajasthan,Rajasthan City 3,5G,Prepaid,3.3
AIR108212,2019-05-12,Telangana,Telangana City 1,4G,Enterprise,6.2
AIR108213,2024-10-10,Maharashtra,Maharashtra City 2,4G,Prepaid,0.8
AIR108214,2021-04-11,Gujarat,Gujarat City 2,4G,Broadband,4.4
AIR108215,2021-01-01,Telangana,Telangana City 1,4G,Postpaid,4.8
AIR108216,2020-02-07,Karnataka,Karnataka City 2,5G,Postpaid,5.8
AIR108217,2023-02-08,Maharashtra,Maharashtra City 2,5G,Prepaid,2.9
AIR108218,2023-06-06,Delhi,Delhi City 3,4G,Postpaid,1.7
AIR108219,2019-01-14,Uttar Pradesh,Uttar Pradesh City 1,4G,Broadband,6.2
AIR108220,2019-09-27,Gujarat,Gujarat City 3,5G,Prepaid,5.5
AIR108221,2021-12-13,Tamil Nadu,Tamil Nadu City 1,5G,Prepaid,3.4
AIR108222,2022-02-28,Rajasthan,Rajasthan City 3,5G,Prepaid,3.3
AIR108223,2023-12-02,Kerala,Kerala City 2,5G,Prepaid,1.6
AIR108224,2023-03-21,Telangana,Telangana City 1,5G,Prepaid,2.4
AIR108225,2024-06-06,Rajasthan,Rajasthan City 1,4G,Postpaid,1.3
AIR108226,2024-05-16,Rajasthan,Rajasthan City 1,5G,Prepaid,1.4
AIR108227,2020-03-02,Tamil Nadu,Tamil Nadu City 1,5G,Postpaid,5.7
AIR108228,2024-12-03,Tamil Nadu,Tamil Nadu City 2,5G,Broadband,1
AIR108229,2023-05-06,Maharashtra,Maharashtra City 2,4G,Postpaid,1.8
AIR108230,2024-08-22,Gujarat,Gujarat City 2,4G,Prepaid,0.6
AIR108231,2022-09-14,Karnataka,Karnataka City 3,5G,Postpaid,2.6
AIR108232,2019-03-09,Uttar Pradesh,Uttar Pradesh City 2,5G,Prepaid,6.2
AIR108233,2020-01-26,Tamil Nadu,Tamil Nadu City 3,5G,Prepaid,5.4
AIR108234,2022-01-20,Tamil Nadu,Tamil Nadu City 3,4G,Prepaid,3.5
AIR108235,2024-11-21,Kerala,Kerala City 2,4G,Broadband,0.7
AIR108236,2024-06-30,Delhi,Delhi City 2,4G,Postpaid,1.2
AIR108237,2022-12-20,Tamil Nadu,Tamil Nadu City 2,5G,Prepaid,2.8
AIR108238,2021-02-11,Delhi,Delhi City 3,4G,Postpaid,4.8
AIR108239,2024-05-20,Maharashtra,Maharashtra City 1,5G,Prepaid,1.6
AIR108240,2022-11-16,Karnataka,Karnataka City 2,4G,Enterprise,2.3
AIR108241,2019-03-29,Rajasthan,Rajasthan City 3,4G,Enterprise,6
AIR108242,2023-12-21,Tamil Nadu,Tamil Nadu City 3,4G,Prepaid,1.3
AIR108243,2023-08-04,Telangana,Telangana City 2,4G,Prepaid,1.8
AIR108244,2020-09-16,Delhi,Delhi City 3,4G,Postpaid,4.7
AIR108245,2024-04-18,Kerala,Kerala City 2,5G,Postpaid,1.2
AIR108246,2022-06-26,Uttar Pradesh,Uttar Pradesh City 3,5G,Prepaid,3.1
AIR108247,2022-01-17,Kerala,Kerala City 1,4G,Postpaid,3.7
AIR108248,2021-09-25,Tamil Nadu,Tamil Nadu City 3,5G,Prepaid,4.1
AIR108249,2020-03-30,Gujarat,Gujarat City 2,4G,Postpaid,5.6
AIR108250,2021-07-23,Rajasthan,Rajasthan City 1,5G,Prepaid,4.4
AIR108251,2019-07-28,Karnataka,Karnataka City 2,5G,Postpaid,5.6
AIR108252,2022-08-29,Telangana,Telangana City 3,4G,Postpaid,2.5
AIR108253,2023-03-08,Gujarat,Gujarat City 1,4G,Postpaid,2.1
AIR108254,2024-11-03,Kerala,Kerala City 1,4G,Postpaid,0.5
AIR108255,2020-10-08,Delhi,Delhi City 3,5G,Postpaid,4.7
AIR108256,2022-05-28,Delhi,Delhi City 1,4G,Prepaid,3.1
AIR108257,2023-09-18,Gujarat,Gujarat City 1,5G,Prepaid,1.9
AIR108258,2024-07-19,Delhi,Delhi City 1,4G,Prepaid,1.2
AIR108259,2024-07-05,Kerala,Kerala City 2,5G,Prepaid,1.3
AIR108260,2022-04-01,Gujarat,Gujarat City 2,5G,Postpaid,3.6
AIR108261,2022-02-24,Kerala,Kerala City 1,4G,Prepaid,3.8
AIR108262,2019-04-27,Telangana,Telangana City 3,5G,Prepaid,5.8
AIR108263,2022-11-30,Rajasthan,Rajasthan City 3,5G,Broadband,2.3
AIR108264,2020-10-10,Uttar Pradesh,Uttar Pradesh City 2,5G,Postpaid,4.5
AIR108265,2019-12-22,Telangana,Telangana City 3,4G,Postpaid,5.4
AIR108266,2021-10-19,Telangana,Telangana City 1,4G,Prepaid,3.7
AIR108267,2022-03-19,Delhi,Delhi City 3,4G,Prepaid,3.3
AIR108268,2022-04-06,Tamil Nadu,Tamil Nadu City 2,4G,Postpaid,3.4
AIR108269,2023-02-27,West Bengal,West Bengal City 2,4G,Broadband,2.5
AIR108270,2019-03-10,Delhi,Delhi City 1,4G,Prepaid,6.6
AIR108271,2023-10-11,Tamil Nadu,Tamil Nadu City 2,4G,Postpaid,2.1
AIR108272,2019-09-24,Kerala,Kerala City 2,4G,Enterprise,6.2
AIR108273,2021-03-25,West Bengal,West Bengal City 2,4G,Postpaid,3.9
AIR108274,2024-02-24,Delhi,Delhi City 3,4G,Prepaid,1.1
AIR108275,2023-03-29,West Bengal,West Bengal City 2,5G,Postpaid,2
AIR108276,2020-01-17,West Bengal,West Bengal City 3,5G,Broadband,5.3
AIR108277,2023-06-24,Maharashtra,Maharashtra City 2,4G,Postpaid,2
AIR108278,2020-01-09,Rajasthan,Rajasthan City 2,5G,Broadband,5.5
AIR108279,2020-11-15,Maharashtra,Maharashtra City 3,4G,Postpaid,4.7
AIR108280,2020-05-20,Tamil Nadu,Tamil Nadu City 3,5G,Broadband,5.3
AIR108281,2023-01-14,Karnataka,Karnataka City 1,4G,Enterprise,2.8
AIR108282,2021-01-23,Gujarat,Gujarat City 1,4G,Postpaid,4.8
AIR108283,2024-05-08,Uttar Pradesh,Uttar Pradesh City 3,4G,Postpaid,1.6
AIR108284,2024-05-05,Karnataka,Karnataka City 2,4G,Postpaid,0.8
AIR108285,2022-12-16,Gujarat,Gujarat City 1,4G,Postpaid,2.2
AIR108286,2024-01-24,Tamil Nadu,Tamil Nadu City 3,4G,Broadband,1.2
AIR108287,2022-05-24,Tamil Nadu,Tamil Nadu City 3,4G,Prepaid,3
AIR108288,2021-01-01,Kerala,Kerala City 2,5G,Postpaid,4.5
AIR108289,2019-01-21,Uttar Pradesh,Uttar Pradesh City 3,4G,Postpaid,6.5
AIR108290,2019-11-01,Rajasthan,Rajasthan City 1,4G,Postpaid,5.8
AIR108291,2020-08-26,West Bengal,West Bengal City 2,4G,Postpaid,5.1
AIR108292,2021-10-06,Maharashtra,Maharashtra City 3,5G,Prepaid,4
AIR108293,2020-03-20,Maharashtra,Maharashtra City 3,4G,Prepaid,5.7
AIR108294,2022-04-06,Tamil Nadu,Tamil Nadu City 2,4G,Broadband,3.7
AIR108295,2021-12-17,Maharashtra,Maharashtra City 2,4G,Broadband,3.2
AIR108296,2023-09-05,Tamil Nadu,Tamil Nadu City 2,4G,Prepaid,1.5
AIR108297,2021-01-26,West Bengal,West Bengal City 1,4G,Postpaid,4.2
AIR108298,2019-11-20,Tamil Nadu,Tamil Nadu City 1,4G,Broadband,5.5
AIR108299,2022-07-13,Kerala,Kerala City 3,4G,Postpaid,2.9
AIR108300,2021-12-21,Rajasthan,Rajasthan City 3,4G,Postpaid,3.6
AIR108301,2024-11-06,Telangana,Telangana City 2,4G,Prepaid,0.8
AIR108302,2023-05-27,Delhi,Delhi City 3,4G,Postpaid,2.3
AIR108303,2022-01-04,Rajasthan,Rajasthan City 3,4G,Postpaid,3.8
AIR108304,2020-01-20,Rajasthan,Rajasthan City 2,5G,Postpaid,5.8
AIR108305,2019-01-09,Karnataka,Karnataka City 1,4G,Postpaid,6.9
AIR108306,2019-05-27,Uttar Pradesh,Uttar Pradesh City 1,5G,Prepaid,5.7
AIR108307,2024-04-10,Uttar Pradesh,Uttar Pradesh City 1,4G,Enterprise,0.9
AIR108308,2019-03-21,Gujarat,Gujarat City 3,4G,Postpaid,6.1
AIR108309,2021-03-14,Delhi,Delhi City 2,5G,Postpaid,4.2
AIR108310,2023-10-26,West Bengal,West Bengal City 1,4G,Broadband,1.6
AIR108311,2021-09-04,Telangana,Telangana City 3,4G,Broadband,3.9
AIR108312,2021-03-17,Telangana,Telangana City 2,4G,Broadband,4.4
AIR108313,2023-04-28,Uttar Pradesh,Uttar Pradesh City 1,4G,Postpaid,2.4
AIR108314,2024-05-10,Rajasthan,Rajasthan City 1,5G,Postpaid,1.4
AIR108315,2023-05-05,Kerala,Kerala City 2,4G,Prepaid,2.5
AIR108316,2019-10-22,Gujarat,Gujarat City 3,4G,Prepaid,6.1
AIR108317,2022-02-27,Tamil Nadu,Tamil Nadu City 3,5G,Postpaid,3
AIR108318,2024-03-31,Gujarat,Gujarat City 1,5G,Postpaid,1
AIR108319,2023-11-23,Karnataka,Karnataka City 2,5G,Prepaid,1.4
AIR108320,2022-04-03,Gujarat,Gujarat City 3,4G,Broadband,3.1
AIR108321,2020-09-04,Rajasthan,Rajasthan City 2,5G,Postpaid,4.8
AIR108322,2023-12-16,West Bengal,West Bengal City 2,5G,Postpaid,1.6
AIR108323,2019-03-10,Rajasthan,Rajasthan City 1,5G,Prepaid,6.4
AIR108324,2020-07-09,Uttar Pradesh,Uttar Pradesh City 2,5G,Prepaid,5.2
AIR108325,2023-08-13,West Bengal,West Bengal City 2,5G,Broadband,2.2
AIR108326,2020-05-14,Maharashtra,Maharashtra City 2,4G,Prepaid,5.5
AIR108327,2021-04-09,West Bengal,West Bengal City 3,4G,Postpaid,4.7
AIR108328,2020-05-16,Gujarat,Gujarat City 1,5G,Postpaid,4.8
AIR108329,2021-08-31,Gujarat,Gujarat City 1,4G,Postpaid,3.5
AIR108330,2020-12-30,Gujarat,Gujarat City 2,4G,Postpaid,4.3
AIR108331,2021-06-19,Maharashtra,Maharashtra City 2,4G,Prepaid,3.9
AIR108332,2020-10-21,Uttar Pradesh,Uttar Pradesh City 3,5G,Prepaid,4.6
AIR108333,2021-01-30,Tamil Nadu,Tamil Nadu City 1,4G,Postpaid,4.5
AIR108334,2024-10-02,Delhi,Delhi City 3,4G,Postpaid,0.9
AIR108335,2019-11-28,Uttar Pradesh,Uttar Pradesh City 1,4G,Prepaid,5.8
AIR108336,2021-08-16,Gujarat,Gujarat City 3,4G,Prepaid,4.2
AIR108337,2023-10-25,Uttar Pradesh,Uttar Pradesh City 2,4G,Prepaid,2.1
AIR108338,2023-10-11,Karnataka,Karnataka City 3,4G,Postpaid,2.2
AIR108339,2019-11-09,Telangana,Telangana City 2,5G,Prepaid,5.3
AIR108340,2024-01-30,Telangana,Telangana City 1,5G,Prepaid,1.1
AIR108341,2019-12-21,Delhi,Delhi City 1,5G,Postpaid,5.3
AIR108342,2023-03-06,Delhi,Delhi City 2,4G,Prepaid,2.2
AIR108343,2020-09-05,Tamil Nadu,Tamil Nadu City 1,4G,Postpaid,4.8
AIR108344,2019-04-09,Karnataka,Karnataka City 3,4G,Prepaid,6.3
AIR108345,2021-03-05,Rajasthan,Rajasthan City 2,4G,Broadband,4.4
AIR108346,2019-07-23,Uttar Pradesh,Uttar Pradesh City 1,4G,Prepaid,6.1
AIR108347,2023-11-09,West Bengal,West Bengal City 3,5G,Prepaid,1.9
AIR108348,2020-08-31,West Bengal,West Bengal City 3,4G,Enterprise,5.2
AIR108349,2022-02-14,Rajasthan,Rajasthan City 1,4G,Prepaid,3.8
AIR108350,2019-03-07,Telangana,Telangana City 1,5G,Postpaid,5.9
AIR108351,2024-12-18,Rajasthan,Rajasthan City 3,4G,Prepaid,0.2
AIR108352,2021-02-17,Uttar Pradesh,Uttar Pradesh City 2,5G,Prepaid,4.2
AIR108353,2021-06-19,Karnataka,Karnataka City 1,5G,Postpaid,3.9
AIR108354,2021-04-07,Gujarat,Gujarat City 1,4G,Broadband,4.2
AIR108355,2022-11-10,Maharashtra,Maharashtra City 2,4G,Postpaid,2.7
AIR108356,2024-11-09,Gujarat,Gujarat City 2,5G,Postpaid,0.8
AIR108357,2022-01-05,Maharashtra,Maharashtra City 1,4G,Postpaid,3.7
AIR108358,2021-01-08,West Bengal,West Bengal City 2,4G,Prepaid,4.8
AIR108359,2024-03-10,Delhi,Delhi City 3,5G,Postpaid,1.7
AIR108360,2024-10-02,Uttar Pradesh,Uttar Pradesh City 3,4G,Prepaid,1.2
AIR108361,2020-10-19,Gujarat,Gujarat City 3,4G,Prepaid,4.3
AIR108362,2022-01-14,Rajasthan,Rajasthan City 1,4G,Prepaid,3.2
AIR108363,2024-09-23,Karnataka,Karnataka City 2,5G,Broadband,0.6
AIR108364,2023-07-22,Karnataka,Karnataka City 3,4G,Prepaid,1.8
AIR108365,2024-12-04,Telangana,Telangana City 2,4G,Postpaid,0.5
AIR108366,2019-05-27,Karnataka,Karnataka City 3,4G,Prepaid,6.1
AIR108367,2021-11-10,Karnataka,Karnataka City 2,4G,Prepaid,3.8
AIR108368,2020-06-19,Delhi,Delhi City 3,5G,Postpaid,5.2
AIR108369,2023-02-08,Rajasthan,Rajasthan City 3,5G,Postpaid,2.7
AIR108370,2021-12-07,West Bengal,West Bengal City 3,4G,Postpaid,3.9
AIR108371,2020-02-23,Karnataka,Karnataka City 3,4G,Prepaid,5.8
AIR108372,2022-02-07,West Bengal,West Bengal City 3,4G,Broadband,3
AIR108373,2021-09-24,Delhi,Delhi City 3,4G,Prepaid,3.5
AIR108374,2022-01-05,Karnataka,Karnataka City 3,4G,Postpaid,3.3
AIR108375,2021-07-10,Uttar Pradesh,Uttar Pradesh City 3,4G,Postpaid,3.8
AIR108376,2020-11-22,Telangana,Telangana City 3,4G,Postpaid,4.6
AIR108377,2022-01-13,Gujarat,Gujarat City 2,4G,Broadband,3.5
AIR108378,2021-03-22,Uttar Pradesh,Uttar Pradesh City 2,5G,Postpaid,4.4
AIR108379,2023-08-02,Kerala,Kerala City 1,5G,Prepaid,2.1
AIR108380,2019-08-30,Tamil Nadu,Tamil Nadu City 3,4G,Prepaid,6.1
AIR108381,2021-12-23,Karnataka,Karnataka City 2,4G,Prepaid,3.9
AIR108382,2022-06-17,West Bengal,West Bengal City 2,5G,Prepaid,3.5
AIR108383,2023-08-09,Tamil Nadu,Tamil Nadu City 2,5G,Broadband,1.5
AIR108384,2024-09-27,Maharashtra,Maharashtra City 2,4G,Prepaid,0.5
AIR108385,2023-01-16,Karnataka,Karnataka City 2,5G,Postpaid,2.2
AIR108386,2025-01-01,Kerala,Kerala City 2,5G,Postpaid,0.4
AIR108387,2021-07-05,Delhi,Delhi City 1,4G,Broadband,3.9
AIR108388,2020-02-02,Telangana,Telangana City 2,4G,Postpaid,5.4
AIR108389,2021-02-09,Kerala,Kerala City 1,4G,Postpaid,4.5
AIR108390,2020-11-01,West Bengal,West Bengal City 1,4G,Prepaid,4.9
AIR108391,2023-10-19,Delhi,Delhi City 3,4G,Postpaid,2
AIR108392,2022-08-19,Gujarat,Gujarat City 3,5G,Prepaid,3.2
AIR108393,2020-03-03,Delhi,Delhi City 3,5G,Broadband,5.8
AIR108394,2019-03-22,Karnataka,Karnataka City 2,4G,Prepaid,5.9
AIR108395,2024-11-07,Tamil Nadu,Tamil Nadu City 3,4G,Prepaid,0.4
AIR108396,2020-12-09,Tamil Nadu,Tamil Nadu City 2,5G,Postpaid,4.3
AIR108397,2024-06-04,West Bengal,West Bengal City 2,4G,Postpaid,0.9
AIR108398,2022-10-20,Delhi,Delhi City 3,4G,Postpaid,2.7
AIR108399,2019-07-22,Kerala,Kerala City 3,5G,Prepaid,6
AIR108400,2020-08-21,West Bengal,West Bengal City 1,4G,Prepaid,5
AIR108401,2019-01-06,Telangana,Telangana City 1,4G,Prepaid,6.7
AIR108402,2024-10-03,West Bengal,West Bengal City 2,4G,Postpaid,1
AIR108403,2021-12-26,West Bengal,West Bengal City 2,4G,Postpaid,3.9
AIR108404,2023-09-17,Gujarat,Gujarat City 3,4G,Prepaid,2.2
AIR108405,2019-05-27,Uttar Pradesh,Uttar Pradesh City 3,4G,Postpaid,5.7
AIR108406,2020-08-08,Karnataka,Karnataka City 1,4G,Prepaid,4.6
AIR108407,2021-09-06,Gujarat,Gujarat City 3,4G,Broadband,3.6
AIR108408,2021-01-05,Tamil Nadu,Tamil Nadu City 2,4G,Prepaid,4.4
AIR108409,2020-11-25,Tamil Nadu,Tamil Nadu City 3,4G,Postpaid,4.6
AIR108410,2022-01-24,Maharashtra,Maharashtra City 1,4G,Postpaid,3.5
AIR108411,2024-05-10,Maharashtra,Maharashtra City 2,5G,Prepaid,1.3
AIR108412,2021-05-03,Kerala,Kerala City 1,4G,Prepaid,4.4
AIR108413,2019-09-05,Tamil Nadu,Tamil Nadu City 1,4G,Prepaid,6.1
AIR108414,2024-12-19,Uttar Pradesh,Uttar Pradesh City 2,4G,Prepaid,0.9
AIR108415,2023-03-29,Gujarat,Gujarat City 1,4G,Postpaid,2.7
AIR108416,2020-03-17,Telangana,Telangana City 3,5G,Prepaid,4.9
AIR108417,2022-11-10,Uttar Pradesh,Uttar Pradesh City 3,4G,Prepaid,2.3
AIR108418,2023-06-13,Maharashtra,Maharashtra City 1,5G,Prepaid,1.8
AIR108419,2021-09-12,Delhi,Delhi City 3,4G,Prepaid,3.7
AIR108420,2021-09-24,Uttar Pradesh,Uttar Pradesh City 1,4G,Prepaid,3.7
AIR108421,2023-08-13,Uttar Pradesh,Uttar Pradesh City 3,5G,Prepaid,1.9
AIR108422,2022-06-24,Uttar Pradesh,Uttar Pradesh City 1,4G,Postpaid,3.1
AIR108423,2024-04-16,Uttar Pradesh,Uttar Pradesh City 3,4G,Postpaid,1.4
AIR108424,2022-11-21,Uttar Pradesh,Uttar Pradesh City 2,5G,Broadband,2.9
AIR108425,2021-03-11,Maharashtra,Maharashtra City 2,5G,Prepaid,4.7
AIR108426,2019-05-03,Tamil Nadu,Tamil Nadu City 3,4G,Prepaid,6.6
AIR108427,2024-08-17,West Bengal,West Bengal City 1,4G,Prepaid,0.5
AIR108428,2020-11-16,Uttar Pradesh,Uttar Pradesh City 3,4G,Postpaid,4.3
AIR108429,2023-07-20,Uttar Pradesh,Uttar Pradesh City 1,4G,Postpaid,1.7
AIR108430,2024-04-04,Karnataka,Karnataka City 3,4G,Prepaid,1.1
AIR108431,2019-12-02,Tamil Nadu,Tamil Nadu City 3,5G,Postpaid,5.5
AIR108432,2021-05-10,West Bengal,West Bengal City 2,4G,Postpaid,4.2
AIR108433,2024-12-03,Telangana,Telangana City 1,5G,Enterprise,0.7
AIR108434,2024-04-03,Telangana,Telangana City 1,4G,Prepaid,1.5
AIR108435,2024-09-28,Delhi,Delhi City 1,4G,Prepaid,1
AIR108436,2022-04-02,Rajasthan,Rajasthan City 1,5G,Prepaid,3.6
AIR108437,2022-03-17,Gujarat,Gujarat City 1,4G,Prepaid,3.7
AIR108438,2020-07-08,Karnataka,Karnataka City 2,4G,Broadband,4.6
AIR108439,2020-05-20,Tamil Nadu,Tamil Nadu City 3,4G,Prepaid,4.8
AIR108440,2023-12-22,Tamil Nadu,Tamil Nadu City 1,5G,Postpaid,1.3
AIR108441,2024-02-21,Rajasthan,Rajasthan City 1,4G,Prepaid,1.2
AIR108442,2019-07-08,Delhi,Delhi City 3,4G,Prepaid,5.9
AIR108443,2022-12-11,Kerala,Kerala City 2,4G,Prepaid,2.6
AIR108444,2022-05-05,Maharashtra,Maharashtra City 2,4G,Prepaid,3.3
AIR108445,2023-07-18,Delhi,Delhi City 2,5G,Postpaid,2.2
AIR108446,2023-04-29,West Bengal,West Bengal City 3,4G,Enterprise,2.5
AIR108447,2024-08-23,Delhi,Delhi City 3,4G,Postpaid,1.2
AIR108448,2021-08-24,Rajasthan,Rajasthan City 2,4G,Postpaid,4.3
AIR108449,2023-05-07,Rajasthan,Rajasthan City 2,5G,Prepaid,1.8
AIR108450,2023-09-12,Gujarat,Gujarat City 3,5G,Broadband,1.5
AIR108451,2024-05-14,Karnataka,Karnataka City 2,5G,Prepaid,0.9
AIR108452,2024-07-07,Uttar Pradesh,Uttar Pradesh City 1,4G,Broadband,0.9
AIR108453,2020-09-03,Telangana,Telangana City 3,4G,Postpaid,4.8
AIR108454,2019-10-11,Rajasthan,Rajasthan City 2,4G,Prepaid,5.8
AIR108455,2023-06-16,Gujarat,Gujarat City 1,5G,Postpaid,2.2
AIR108456,2023-05-31,Maharashtra,Maharashtra City 3,5G,Enterprise,2.3
AIR108457,2020-12-17,Telangana,Telangana City 3,5G,Prepaid,4.8
AIR108458,2020-06-17,Kerala,Kerala City 1,4G,Prepaid,5.4
AIR108459,2020-11-12,Tamil Nadu,Tamil Nadu City 3,4G,Prepaid,5.1
AIR108460,2024-03-10,Maharashtra,Maharashtra City 2,4G,Postpaid,0.9
AIR108461,2023-05-23,Kerala,Kerala City 3,5G,Prepaid,1.8
AIR108462,2019-06-10,Telangana,Telangana City 2,4G,Postpaid,5.8
AIR108463,2019-06-23,Maharashtra,Maharashtra City 1,5G,Broadband,5.9
AIR108464,2023-03-03,Gujarat,Gujarat City 1,4G,Broadband,2.3
AIR108465,2022-09-21,Kerala,Kerala City 3,4G,Prepaid,2.8
AIR108466,2024-09-04,Tamil Nadu,Tamil Nadu City 1,4G,Postpaid,0.9
AIR108467,2023-11-25,Uttar Pradesh,Uttar Pradesh City 1,4G,Prepaid,1.8
AIR108468,2023-12-24,Gujarat,Gujarat City 3,4G,Postpaid,1.8
AIR108469,2024-08-20,West Bengal,West Bengal City 2,4G,Broadband,1.2
AIR108470,2022-12-04,Tamil Nadu,Tamil Nadu City 3,4G,Postpaid,3
AIR108471,2020-06-06,Karnataka,Karnataka City 3,4G,Broadband,4.7
AIR108472,2023-08-21,Delhi,Delhi City 2,5G,Broadband,1.6
AIR108473,2019-03-29,Karnataka,Karnataka City 2,5G,Prepaid,6
AIR108474,2022-03-01,Rajasthan,Rajasthan City 2,4G,Postpaid,3.2
AIR108475,2020-08-20,Uttar Pradesh,Uttar Pradesh City 3,4G,Prepaid,4.8
AIR108476,2024-08-08,West Bengal,West Bengal City 2,4G,Prepaid,0.9
AIR108477,2023-07-04,West Bengal,West Bengal City 1,5G,Prepaid,2.1
AIR108478,2024-11-28,Delhi,Delhi City 2,4G,Broadband,0.8
AIR108479,2024-10-22,Kerala,Kerala City 1,4G,Prepaid,1
AIR108480,2024-02-01,Delhi,Delhi City 2,5G,Postpaid,1.8
AIR108481,2024-11-25,Rajasthan,Rajasthan City 1,4G,Postpaid,1.1
AIR108482,2023-09-11,Karnataka,Karnataka City 1,5G,Postpaid,1.4
AIR108483,2021-03-11,West Bengal,West Bengal City 1,4G,Postpaid,4
AIR108484,2023-06-08,Karnataka,Karnataka City 1,4G,Prepaid,1.9
AIR108485,2024-10-25,Tamil Nadu,Tamil Nadu City 1,4G,Postpaid,0.6
AIR108486,2019-07-22,Uttar Pradesh,Uttar Pradesh City 2,5G,Postpaid,5.9
AIR108487,2022-06-18,Maharashtra,Maharashtra City 3,5G,Postpaid,3.1
AIR108488,2022-05-22,Rajasthan,Rajasthan City 3,4G,Prepaid,3.2
AIR108489,2023-04-04,Maharashtra,Maharashtra City 3,4G,Prepaid,2.5
AIR108490,2019-02-22,Rajasthan,Rajasthan City 3,4G,Broadband,6.6
AIR108491,2020-11-02,Telangana,Telangana City 3,5G,Prepaid,5
AIR108492,2019-01-09,Uttar Pradesh,Uttar Pradesh City 1,4G,Prepaid,6.9
AIR108493,2020-11-21,Tamil Nadu,Tamil Nadu City 2,5G,Prepaid,4.2
AIR108494,2019-03-24,Uttar Pradesh,Uttar Pradesh City 1,4G,Prepaid,6
AIR108495,2021-11-14,Kerala,Kerala City 2,4G,Prepaid,3.4
AIR108496,2019-08-13,Rajasthan,Rajasthan City 2,4G,Postpaid,5.8
AIR108497,2022-12-22,Maharashtra,Maharashtra City 2,5G,Broadband,2.5
AIR108498,2022-05-02,Rajasthan,Rajasthan City 2,5G,Prepaid,3.2
AIR108499,2022-02-15,Kerala,Kerala City 3,4G,Prepaid,3.5
AIR108500,2024-05-01,Rajasthan,Rajasthan City 2,4G,Postpaid,1.4
AIR108501,2024-07-13,Uttar Pradesh,Uttar Pradesh City 2,4G,Prepaid,1.3
AIR108502,2024-10-26,Gujarat,Gujarat City 3,4G,Broadband,1.1
AIR108503,2022-03-21,Rajasthan,Rajasthan City 1,5G,Prepaid,3.7
AIR108504,2021-12-15,Telangana,Telangana City 1,4G,Postpaid,3.2
AIR108505,2022-07-06,Telangana,Telangana City 1,5G,Postpaid,2.7
AIR108506,2020-06-18,West Bengal,West Bengal City 1,5G,Postpaid,4.8
AIR108507,2020-07-24,Telangana,Telangana City 2,5G,Postpaid,4.8
AIR108508,2020-07-31,Rajasthan,Rajasthan City 3,5G,Prepaid,4.9
AIR108509,2024-12-02,Rajasthan,Rajasthan City 3,4G,Prepaid,0.6
AIR108510,2024-01-01,Gujarat,Gujarat City 1,5G,Broadband,1.6
AIR108511,2024-01-14,Telangana,Telangana City 3,4G,Broadband,1.7
AIR108512,2019-11-27,Karnataka,Karnataka City 2,4G,Prepaid,5.9
AIR108513,2023-04-17,Rajasthan,Rajasthan City 1,5G,Broadband,2.6
AIR108514,2021-09-09,Tamil Nadu,Tamil Nadu City 2,4G,Postpaid,4.3
AIR108515,2023-03-08,Tamil Nadu,Tamil Nadu City 2,5G,Postpaid,1.9
AIR108516,2019-03-29,Maharashtra,Maharashtra City 2,5G,Prepaid,6
AIR108517,2020-07-27,Gujarat,Gujarat City 2,5G,Postpaid,4.7
AIR108518,2024-08-12,Kerala,Kerala City 2,4G,Prepaid,0.8
AIR108519,2023-12-03,Karnataka,Karnataka City 1,5G,Postpaid,1.5
AIR108520,2020-06-07,Rajasthan,Rajasthan City 2,4G,Prepaid,5.1
AIR108521,2023-05-08,Uttar Pradesh,Uttar Pradesh City 1,5G,Postpaid,2.3
AIR108522,2022-03-17,Delhi,Delhi City 3,4G,Prepaid,3.5
AIR108523,2019-03-25,Delhi,Delhi City 2,4G,Prepaid,6.6
AIR108524,2022-11-22,Kerala,Kerala City 2,4G,Prepaid,3
AIR108525,2024-11-25,West Bengal,West Bengal City 3,4G,Prepaid,1.1
AIR108526,2021-05-01,Uttar Pradesh,Uttar Pradesh City 1,4G,Postpaid,3.8
AIR108527,2022-10-15,Delhi,Delhi City 2,4G,Prepaid,2.4
AIR108528,2022-01-23,Kerala,Kerala City 3,4G,Enterprise,3.2
AIR108529,2022-03-25,Delhi,Delhi City 3,5G,Postpaid,3.1
AIR108530,2019-09-29,Gujarat,Gujarat City 2,4G,Postpaid,5.7
AIR108531,2023-10-27,Maharashtra,Maharashtra City 1,4G,Prepaid,1.7
AIR108532,2024-02-03,West Bengal,West Bengal City 1,4G,Prepaid,1.5
AIR108533,2021-06-24,Gujarat,Gujarat City 2,5G,Prepaid,4.2
AIR108534,2021-01-07,Uttar Pradesh,Uttar Pradesh City 3,4G,Postpaid,4.8
AIR108535,2021-03-09,Kerala,Kerala City 2,4G,Prepaid,4.7
AIR108536,2022-04-18,Karnataka,Karnataka City 1,4G,Postpaid,3.7
AIR108537,2022-05-31,Uttar Pradesh,Uttar Pradesh City 3,4G,Prepaid,2.7
AIR108538,2024-12-03,Uttar Pradesh,Uttar Pradesh City 2,4G,Enterprise,0.3
AIR108539,2021-08-18,Telangana,Telangana City 3,4G,Prepaid,3.7
AIR108540,2019-03-07,Karnataka,Karnataka City 1,5G,Prepaid,6.2
AIR108541,2020-06-10,Tamil Nadu,Tamil Nadu City 1,4G,Postpaid,5
AIR108542,2020-03-24,Telangana,Telangana City 1,4G,Enterprise,5.3
AIR108543,2024-11-18,Kerala,Kerala City 2,4G,Postpaid,0.7
AIR108544,2019-03-07,Tamil Nadu,Tamil Nadu City 3,4G,Prepaid,6.5
AIR108545,2022-10-05,Delhi,Delhi City 2,5G,Postpaid,3
AIR108546,2024-01-26,Delhi,Delhi City 2,4G,Broadband,1.8
AIR108547,2019-04-30,Uttar Pradesh,Uttar Pradesh City 2,5G,Prepaid,6.6
AIR108548,2020-01-24,Telangana,Telangana City 2,5G,Prepaid,5.1
AIR108549,2019-10-14,Rajasthan,Rajasthan City 3,4G,Broadband,5.4
AIR108550,2023-11-26,Karnataka,Karnataka City 3,5G,Broadband,1.4
AIR108551,2020-02-22,Tamil Nadu,Tamil Nadu City 2,4G,Postpaid,5.2
AIR108552,2019-12-17,Karnataka,Karnataka City 2,4G,Enterprise,5.5
AIR108553,2022-09-23,Telangana,Telangana City 1,4G,Prepaid,2.8
AIR108554,2023-04-02,Uttar Pradesh,Uttar Pradesh City 1,4G,Postpaid,2.4
AIR108555,2021-08-22,Gujarat,Gujarat City 3,4G,Postpaid,4.1
AIR108556,2024-03-23,Delhi,Delhi City 1,4G,Postpaid,1.6
AIR108557,2019-02-17,Tamil Nadu,Tamil Nadu City 3,4G,Postpaid,6.7
AIR108558,2023-10-18,Tamil Nadu,Tamil Nadu City 3,4G,Broadband,2.2
AIR108559,2021-09-16,Kerala,Kerala City 3,4G,Prepaid,3.4
AIR108560,2024-06-22,Tamil Nadu,Tamil Nadu City 1,4G,Prepaid,0.7
AIR108561,2024-01-15,Telangana,Telangana City 1,4G,Prepaid,1.2
AIR108562,2022-07-22,Tamil Nadu,Tamil Nadu City 3,4G,Postpaid,2.8
AIR108563,2024-03-07,Tamil Nadu,Tamil Nadu City 3,4G,Prepaid,1.3
AIR108564,2021-06-16,Karnataka,Karnataka City 2,4G,Broadband,4.1
AIR108565,2023-10-05,Uttar Pradesh,Uttar Pradesh City 3,4G,Prepaid,1.9
AIR108566,2023-04-18,Maharashtra,Maharashtra City 3,4G,Prepaid,2.4
AIR108567,2021-08-26,Tamil Nadu,Tamil Nadu City 2,4G,Postpaid,4.1
AIR108568,2020-10-07,Rajasthan,Rajasthan City 3,5G,Postpaid,5.1
AIR108569,2019-01-11,Uttar Pradesh,Uttar Pradesh City 3,4G,Prepaid,6.9
AIR108570,2024-05-18,West Bengal,West Bengal City 3,4G,Postpaid,0.7
AIR108571,2021-11-20,Kerala,Kerala City 2,4G,Prepaid,3.3
AIR108572,2023-01-10,Karnataka,Karnataka City 1,4G,Prepaid,2.3
AIR108573,2021-08-22,Kerala,Kerala City 3,4G,Prepaid,3.7
AIR108574,2020-02-03,Gujarat,Gujarat City 2,4G,Postpaid,5.4
AIR108575,2020-01-22,Tamil Nadu,Tamil Nadu City 3,4G,Prepaid,5.5
AIR108576,2022-09-15,Delhi,Delhi City 2,4G,Broadband,2.9
AIR108577,2019-05-18,Rajasthan,Rajasthan City 3,5G,Postpaid,6.3
AIR108578,2023-10-15,Karnataka,Karnataka City 2,4G,Prepaid,2
AIR108579,2020-04-26,Kerala,Kerala City 1,4G,Prepaid,5.6
AIR108580,2019-10-27,Tamil Nadu,Tamil Nadu City 1,5G,Prepaid,6.1
AIR108581,2019-02-01,Delhi,Delhi City 1,4G,Postpaid,6
AIR108582,2020-06-25,Delhi,Delhi City 3,5G,Postpaid,4.7
AIR108583,2024-01-19,Gujarat,Gujarat City 2,4G,Postpaid,1.2
AIR108584,2024-09-22,Uttar Pradesh,Uttar Pradesh City 3,4G,Prepaid,0.6
AIR108585,2020-06-30,Rajasthan,Rajasthan City 3,4G,Prepaid,5
AIR108586,2021-09-10,Maharashtra,Maharashtra City 2,5G,Prepaid,3.8
AIR108587,2019-02-14,Rajasthan,Rajasthan City 3,4G,Prepaid,6.5
AIR108588,2024-06-02,Gujarat,Gujarat City 2,5G,Prepaid,1.3
AIR108589,2020-01-15,Telangana,Telangana City 2,4G,Enterprise,5.7
AIR108590,2020-05-11,Uttar Pradesh,Uttar Pradesh City 1,4G,Postpaid,5.5
AIR108591,2024-03-30,Karnataka,Karnataka City 1,5G,Postpaid,1.7
AIR108592,2021-08-16,Uttar Pradesh,Uttar Pradesh City 1,4G,Prepaid,3.5
AIR108593,2024-12-25,Gujarat,Gujarat City 2,5G,Prepaid,0.2
AIR108594,2020-02-12,Gujarat,Gujarat City 1,4G,Prepaid,5.2
AIR108595,2019-07-04,Karnataka,Karnataka City 2,5G,Prepaid,5.9
AIR108596,2020-05-03,Karnataka,Karnataka City 3,4G,Postpaid,5.1
AIR108597,2024-08-27,Karnataka,Karnataka City 1,4G,Prepaid,0.9
AIR108598,2023-09-17,Uttar Pradesh,Uttar Pradesh City 2,5G,Broadband,1.9
AIR108599,2021-12-31,Tamil Nadu,Tamil Nadu City 2,4G,Enterprise,3.7
AIR108600,2019-06-20,Kerala,Kerala City 2,4G,Prepaid,6.3
AIR108601,2020-02-04,West Bengal,West Bengal City 2,4G,Postpaid,5.8
AIR108602,2023-11-14,Karnataka,Karnataka City 1,4G,Postpaid,2.1
AIR108603,2019-08-27,Kerala,Kerala City 1,5G,Prepaid,5.5
AIR108604,2022-09-02,West Bengal,West Bengal City 1,4G,Broadband,2.5
AIR108605,2023-03-27,Uttar Pradesh,Uttar Pradesh City 2,4G,Prepaid,2.1
AIR108606,2019-11-16,Kerala,Kerala City 3,4G,Postpaid,5.5
AIR108607,2022-09-10,Karnataka,Karnataka City 2,5G,Prepaid,2.8
AIR108608,2023-01-29,Maharashtra,Maharashtra City 3,4G,Prepaid,2.5
AIR108609,2021-01-28,Gujarat,Gujarat City 1,4G,Postpaid,4.5
AIR108610,2024-09-20,Kerala,Kerala City 2,4G,Broadband,1
AIR108611,2019-08-22,Delhi,Delhi City 2,4G,Prepaid,6.1
AIR108612,2020-07-09,Delhi,Delhi City 1,5G,Prepaid,5.4
AIR108613,2024-05-08,Kerala,Kerala City 2,4G,Prepaid,1.6
AIR108614,2020-11-06,Karnataka,Karnataka City 3,4G,Prepaid,4.3
AIR108615,2022-07-27,Rajasthan,Rajasthan City 3,4G,Postpaid,2.6
AIR108616,2021-06-26,Karnataka,Karnataka City 3,5G,Postpaid,3.8
AIR108617,2021-03-13,Uttar Pradesh,Uttar Pradesh City 2,4G,Broadband,4.2
AIR108618,2021-04-30,Karnataka,Karnataka City 2,4G,Postpaid,4.1
AIR108619,2021-09-23,Uttar Pradesh,Uttar Pradesh City 3,4G,Broadband,3.8
AIR108620,2021-04-25,Rajasthan,Rajasthan City 2,5G,Postpaid,4.3
AIR108621,2024-06-29,Maharashtra,Maharashtra City 3,4G,Broadband,1.2
AIR108622,2022-08-12,Uttar Pradesh,Uttar Pradesh City 1,4G,Prepaid,3.2
AIR108623,2019-01-22,Telangana,Telangana City 3,4G,Postpaid,6.8
AIR108624,2023-09-07,Delhi,Delhi City 1,4G,Enterprise,2.3
AIR108625,2021-10-04,Gujarat,Gujarat City 1,5G,Postpaid,3.4
AIR108626,2024-08-06,Delhi,Delhi City 1,4G,Broadband,0.6
AIR108627,2019-08-30,Uttar Pradesh,Uttar Pradesh City 3,5G,Prepaid,5.6
AIR108628,2022-11-18,Telangana,Telangana City 3,4G,Broadband,2.5
AIR108629,2020-03-28,Tamil Nadu,Tamil Nadu City 2,4G,Postpaid,5.2
AIR108630,2023-06-18,Maharashtra,Maharashtra City 2,4G,Prepaid,2.1
AIR108631,2020-09-13,Maharashtra,Maharashtra City 1,5G,Prepaid,4.9
AIR108632,2020-07-12,Tamil Nadu,Tamil Nadu City 3,4G,Prepaid,5.2
AIR108633,2021-05-21,Gujarat,Gujarat City 2,5G,Broadband,4.4
AIR108634,2021-12-04,Rajasthan,Rajasthan City 2,4G,Postpaid,3.9
AIR108635,2022-06-14,West Bengal,West Bengal City 2,4G,Broadband,3.5
AIR108636,2023-12-08,Telangana,Telangana City 3,5G,Prepaid,1.2
AIR108637,2020-05-21,Uttar Pradesh,Uttar Pradesh City 2,5G,Broadband,4.8
AIR108638,2020-03-25,West Bengal,West Bengal City 1,4G,Postpaid,5.1
AIR108639,2024-03-28,Gujarat,Gujarat City 3,4G,Prepaid,1.1
AIR108640,2020-06-21,Rajasthan,Rajasthan City 2,4G,Prepaid,5
AIR108641,2024-02-21,Maharashtra,Maharashtra City 2,4G,Enterprise,1.4
AIR108642,2022-05-17,Uttar Pradesh,Uttar Pradesh City 3,4G,Prepaid,3.2
AIR108643,2022-08-06,Uttar Pradesh,Uttar Pradesh City 2,4G,Prepaid,3.1
AIR108644,2020-12-16,Rajasthan,Rajasthan City 2,4G,Prepaid,4.8
AIR108645,2020-02-04,Delhi,Delhi City 1,4G,Prepaid,5.8
AIR108646,2022-05-16,Telangana,Telangana City 3,5G,Broadband,3.6
AIR108647,2022-12-17,Rajasthan,Rajasthan City 2,4G,Postpaid,2.2
AIR108648,2022-12-30,Karnataka,Karnataka City 3,4G,Postpaid,2.2
AIR108649,2021-07-09,Karnataka,Karnataka City 3,5G,Broadband,3.8
AIR108650,2024-08-05,Rajasthan,Rajasthan City 1,4G,Postpaid,0.8
AIR108651,2023-10-06,Maharashtra,Maharashtra City 1,4G,Broadband,1.7
AIR108652,2020-04-01,Rajasthan,Rajasthan City 3,4G,Prepaid,5.3
AIR108653,2024-02-28,Kerala,Kerala City 1,4G,Enterprise,1.5
AIR108654,2022-12-05,Gujarat,Gujarat City 1,5G,Prepaid,2.8
AIR108655,2020-10-06,Karnataka,Karnataka City 2,4G,Postpaid,5
AIR108656,2020-02-18,West Bengal,West Bengal City 1,4G,Postpaid,5.7
AIR108657,2023-06-02,Rajasthan,Rajasthan City 1,4G,Prepaid,2.5
AIR108658,2021-04-22,Karnataka,Karnataka City 2,5G,Prepaid,3.8
AIR108659,2022-12-31,Gujarat,Gujarat City 2,5G,Prepaid,2.2
AIR108660,2023-07-10,Gujarat,Gujarat City 3,4G,Prepaid,1.8
AIR108661,2019-06-10,West Bengal,West Bengal City 1,4G,Postpaid,5.9
AIR108662,2019-09-12,Uttar Pradesh,Uttar Pradesh City 2,4G,Enterprise,5.8
AIR108663,2021-12-29,Kerala,Kerala City 1,4G,Postpaid,3.5
AIR108664,2024-08-04,Rajasthan,Rajasthan City 3,4G,Postpaid,1
AIR108665,2019-02-05,Tamil Nadu,Tamil Nadu City 1,4G,Prepaid,6.6
AIR108666,2024-07-06,Rajasthan,Rajasthan City 1,5G,Prepaid,1.3
AIR108667,2020-04-14,Uttar Pradesh,Uttar Pradesh City 1,4G,Postpaid,5.6
AIR108668,2019-11-05,Telangana,Telangana City 2,4G,Enterprise,6.1
AIR108669,2024-04-05,Delhi,Delhi City 2,5G,Broadband,0.9
AIR108670,2020-04-25,Maharashtra,Maharashtra City 3,4G,Prepaid,4.9
AIR108671,2024-02-06,Uttar Pradesh,Uttar Pradesh City 1,4G,Postpaid,1.2
AIR108672,2021-02-27,Gujarat,Gujarat City 3,4G,Postpaid,4.2
AIR108673,2019-10-18,Tamil Nadu,Tamil Nadu City 3,4G,Postpaid,5.7
AIR108674,2020-03-05,Maharashtra,Maharashtra City 2,5G,Postpaid,5.4
AIR108675,2020-08-20,Karnataka,Karnataka City 1,5G,Postpaid,5
AIR108676,2020-03-07,Rajasthan,Rajasthan City 1,4G,Prepaid,5.5
AIR108677,2023-04-07,Maharashtra,Maharashtra City 3,5G,Broadband,2.5
AIR108678,2020-05-19,Karnataka,Karnataka City 1,5G,Prepaid,5.5
AIR108679,2020-11-03,Delhi,Delhi City 2,4G,Postpaid,5.1
AIR108680,2023-04-28,Karnataka,Karnataka City 3,5G,Broadband,1.8
AIR108681,2022-12-03,Tamil Nadu,Tamil Nadu City 3,4G,Postpaid,2.3
AIR108682,2022-11-26,Gujarat,Gujarat City 2,4G,Prepaid,2.4
AIR108683,2019-02-10,Uttar Pradesh,Uttar Pradesh City 2,4G,Prepaid,6.3
AIR108684,2020-01-19,West Bengal,West Bengal City 2,4G,Postpaid,5.4
AIR108685,2022-08-07,Uttar Pradesh,Uttar Pradesh City 2,5G,Prepaid,2.9
AIR108686,2023-12-21,Uttar Pradesh,Uttar Pradesh City 2,5G,Prepaid,1.7
AIR108687,2019-07-02,Karnataka,Karnataka City 2,5G,Prepaid,6.2
AIR108688,2024-03-10,Rajasthan,Rajasthan City 3,4G,Broadband,1.6
AIR108689,2021-11-29,Maharashtra,Maharashtra City 1,4G,Prepaid,4
AIR108690,2023-06-11,West Bengal,West Bengal City 1,4G,Postpaid,2.5
AIR108691,2022-08-01,West Bengal,West Bengal City 3,4G,Prepaid,2.5
AIR108692,2019-05-18,Maharashtra,Maharashtra City 1,4G,Postpaid,5.8
AIR108693,2019-12-01,Maharashtra,Maharashtra City 1,4G,Prepaid,5.4
AIR108694,2019-05-18,Gujarat,Gujarat City 3,4G,Postpaid,6
AIR108695,2023-02-06,Tamil Nadu,Tamil Nadu City 1,4G,Postpaid,2.4
AIR108696,2020-05-02,Delhi,Delhi City 1,4G,Prepaid,5.2
AIR108697,2020-07-29,Tamil Nadu,Tamil Nadu City 3,4G,Broadband,5
AIR108698,2023-06-22,Maharashtra,Maharashtra City 1,5G,Broadband,2.2
AIR108699,2022-03-15,Rajasthan,Rajasthan City 2,4G,Prepaid,3.6
AIR108700,2021-06-16,Kerala,Kerala City 3,4G,Postpaid,4.4
AIR108701,2023-03-14,Kerala,Kerala City 1,5G,Postpaid,2.8
AIR108702,2022-01-13,Delhi,Delhi City 1,5G,Prepaid,3.1
AIR108703,2023-05-06,Maharashtra,Maharashtra City 2,5G,Prepaid,1.9
AIR108704,2021-10-29,Kerala,Kerala City 3,4G,Enterprise,3.5
AIR108705,2021-05-08,Delhi,Delhi City 3,4G,Postpaid,4
AIR108706,2022-01-17,West Bengal,West Bengal City 1,5G,Broadband,3.4
AIR108707,2022-01-17,Delhi,Delhi City 2,5G,Postpaid,3.5
AIR108708,2019-12-16,West Bengal,West Bengal City 2,4G,Prepaid,5.7
AIR108709,2024-04-07,Gujarat,Gujarat City 2,4G,Prepaid,1.4
AIR108710,2020-02-09,Kerala,Kerala City 2,4G,Postpaid,5.7
AIR108711,2019-02-12,Delhi,Delhi City 2,4G,Postpaid,6.8
AIR108712,2023-11-17,Delhi,Delhi City 2,4G,Prepaid,2.1
AIR108713,2024-02-22,Delhi,Delhi City 3,4G,Postpaid,1
AIR108714,2021-05-01,Rajasthan,Rajasthan City 1,5G,Broadband,3.9
AIR108715,2021-12-04,Delhi,Delhi City 1,4G,Postpaid,3.4
AIR108716,2021-10-10,Rajasthan,Rajasthan City 2,5G,Prepaid,3.6
AIR108717,2022-05-02,Uttar Pradesh,Uttar Pradesh City 3,4G,Prepaid,3.1
AIR108718,2023-03-22,Gujarat,Gujarat City 3,4G,Enterprise,2.3
AIR108719,2022-07-10,Uttar Pradesh,Uttar Pradesh City 2,4G,Broadband,3.1
AIR108720,2020-06-13,Telangana,Telangana City 1,5G,Prepaid,5.3
AIR108721,2024-03-25,Uttar Pradesh,Uttar Pradesh City 2,4G,Broadband,1.6
AIR108722,2024-10-17,Maharashtra,Maharashtra City 3,4G,Prepaid,1.1
AIR108723,2021-11-14,West Bengal,West Bengal City 2,5G,Prepaid,4.1
AIR108724,2020-05-27,Maharashtra,Maharashtra City 1,4G,Prepaid,4.7
AIR108725,2024-07-10,Tamil Nadu,Tamil Nadu City 1,5G,Prepaid,0.7
AIR108726,2019-07-02,Uttar Pradesh,Uttar Pradesh City 3,5G,Broadband,5.8
AIR108727,2024-10-02,Kerala,Kerala City 2,5G,Postpaid,0.6
AIR108728,2022-01-09,Karnataka,Karnataka City 2,4G,Prepaid,3.4
AIR108729,2019-06-09,Uttar Pradesh,Uttar Pradesh City 3,4G,Broadband,6.1
AIR108730,2024-06-30,Gujarat,Gujarat City 2,5G,Broadband,1.1
AIR108731,2023-01-12,Uttar Pradesh,Uttar Pradesh City 3,4G,Prepaid,2.7
AIR108732,2021-01-07,Rajasthan,Rajasthan City 2,4G,Postpaid,4.8
AIR108733,2024-05-31,Tamil Nadu,Tamil Nadu City 1,5G,Postpaid,1.5
AIR108734,2019-07-20,Delhi,Delhi City 3,4G,Postpaid,6.4
AIR108735,2022-07-31,Tamil Nadu,Tamil Nadu City 2,5G,Postpaid,2.5
AIR108736,2025-01-03,Tamil Nadu,Tamil Nadu City 2,5G,Prepaid,0.2
AIR108737,2023-01-03,West Bengal,West Bengal City 2,5G,Prepaid,2.3
AIR108738,2020-12-11,Karnataka,Karnataka City 3,4G,Broadband,4.4
AIR108739,2023-11-05,Tamil Nadu,Tamil Nadu City 1,4G,Broadband,1.6
AIR108740,2024-04-22,West Bengal,West Bengal City 2,4G,Prepaid,1.2
AIR108741,2022-05-17,Delhi,Delhi City 3,4G,Prepaid,3.2
AIR108742,2021-05-21,Maharashtra,Maharashtra City 2,4G,Broadband,4.3
AIR108743,2020-07-28,Delhi,Delhi City 1,4G,Prepaid,5.2
AIR108744,2019-03-23,Kerala,Kerala City 1,4G,Prepaid,6.7
AIR108745,2019-09-20,Tamil Nadu,Tamil Nadu City 1,4G,Prepaid,6.2
AIR108746,2019-10-13,Tamil Nadu,Tamil Nadu City 3,5G,Prepaid,5.3
AIR108747,2019-01-23,Maharashtra,Maharashtra City 2,4G,Prepaid,6.1
AIR108748,2024-07-24,Gujarat,Gujarat City 3,4G,Postpaid,0.7
AIR108749,2019-07-25,Tamil Nadu,Tamil Nadu City 2,4G,Prepaid,5.8
AIR108750,2022-12-26,Karnataka,Karnataka City 3,5G,Enterprise,2.5
AIR108751,2019-04-05,Telangana,Telangana City 2,4G,Broadband,6.3
AIR108752,2022-10-31,Tamil Nadu,Tamil Nadu City 3,4G,Broadband,2.8
AIR108753,2019-05-17,Telangana,Telangana City 2,4G,Broadband,6.3
AIR108754,2025-01-07,Delhi,Delhi City 3,4G,Postpaid,0.8
AIR108755,2024-07-30,Uttar Pradesh,Uttar Pradesh City 1,5G,Prepaid,1.3
AIR108756,2021-07-31,Gujarat,Gujarat City 3,5G,Prepaid,4.4
AIR108757,2019-03-15,West Bengal,West Bengal City 1,4G,Prepaid,5.9
AIR108758,2022-09-07,Rajasthan,Rajasthan City 1,5G,Prepaid,2.5
AIR108759,2020-07-02,Gujarat,Gujarat City 2,5G,Postpaid,4.8
AIR108760,2021-09-26,Rajasthan,Rajasthan City 1,5G,Enterprise,3.6
AIR108761,2021-10-21,Delhi,Delhi City 1,4G,Prepaid,3.6
AIR108762,2024-05-21,Gujarat,Gujarat City 2,4G,Postpaid,1.1
AIR108763,2022-09-23,West Bengal,West Bengal City 3,4G,Postpaid,2.9
AIR108764,2019-10-18,Rajasthan,Rajasthan City 3,4G,Prepaid,5.9
AIR108765,2019-03-12,Maharashtra,Maharashtra City 1,4G,Broadband,6.6
AIR108766,2019-04-18,Karnataka,Karnataka City 3,5G,Postpaid,6.6
AIR108767,2022-04-19,Gujarat,Gujarat City 1,5G,Prepaid,3.7
AIR108768,2024-01-08,Delhi,Delhi City 3,5G,Broadband,1.1
AIR108769,2022-07-12,Tamil Nadu,Tamil Nadu City 3,4G,Postpaid,2.7
AIR108770,2023-02-07,West Bengal,West Bengal City 3,4G,Postpaid,2.2
AIR108771,2024-07-16,Rajasthan,Rajasthan City 1,4G,Postpaid,0.8
AIR108772,2022-05-28,Rajasthan,Rajasthan City 2,4G,Postpaid,3
AIR108773,2020-07-22,Karnataka,Karnataka City 3,5G,Prepaid,5
AIR108774,2022-01-10,Rajasthan,Rajasthan City 3,4G,Broadband,3.6
AIR108775,2019-06-13,Telangana,Telangana City 3,5G,Enterprise,6.3
AIR108776,2021-07-18,Kerala,Kerala City 1,4G,Postpaid,4.2
AIR108777,2022-07-16,Telangana,Telangana City 2,4G,Postpaid,3.3
AIR108778,2022-04-21,Rajasthan,Rajasthan City 1,4G,Broadband,3.7
AIR108779,2024-05-19,West Bengal,West Bengal City 3,4G,Prepaid,0.7
AIR108780,2019-06-29,Gujarat,Gujarat City 1,4G,Enterprise,5.7
AIR108781,2020-04-16,Delhi,Delhi City 3,4G,Postpaid,5
AIR108782,2022-02-08,Tamil Nadu,Tamil Nadu City 3,4G,Prepaid,3.3
AIR108783,2020-06-15,Gujarat,Gujarat City 1,5G,Postpaid,5
AIR108784,2024-06-12,Maharashtra,Maharashtra City 3,5G,Postpaid,1.1
AIR108785,2020-08-31,Gujarat,Gujarat City 3,5G,Prepaid,5
AIR108786,2021-12-18,Gujarat,Gujarat City 2,5G,Postpaid,3.7
AIR108787,2021-09-01,Delhi,Delhi City 1,5G,Postpaid,4.1
AIR108788,2021-09-01,Karnataka,Karnataka City 1,4G,Postpaid,4.2
AIR108789,2019-08-12,Rajasthan,Rajasthan City 3,4G,Prepaid,6.3
AIR108790,2019-07-08,Karnataka,Karnataka City 3,4G,Postpaid,5.6
AIR108791,2019-02-28,Maharashtra,Maharashtra City 1,5G,Postpaid,6
AIR108792,2021-10-28,Uttar Pradesh,Uttar Pradesh City 1,4G,Enterprise,3.5
AIR108793,2023-02-16,Tamil Nadu,Tamil Nadu City 1,4G,Broadband,2.2
AIR108794,2021-04-04,Telangana,Telangana City 3,5G,Broadband,4.2
AIR108795,2020-02-10,Tamil Nadu,Tamil Nadu City 2,4G,Prepaid,5.4
AIR108796,2020-09-05,Rajasthan,Rajasthan City 2,5G,Broadband,4.9
AIR108797,2024-02-19,Tamil Nadu,Tamil Nadu City 3,5G,Prepaid,1.6
AIR108798,2021-11-10,Kerala,Kerala City 3,4G,Prepaid,3.9
AIR108799,2020-01-19,Telangana,Telangana City 3,5G,Prepaid,5.8
AIR108800,2020-02-16,Maharashtra,Maharashtra City 1,5G,Broadband,5.8
AIR108801,2024-04-26,Rajasthan,Rajasthan City 3,4G,Prepaid,0.8
AIR108802,2020-10-24,West Bengal,West Bengal City 1,5G,Prepaid,4.4
AIR108803,2023-05-23,Maharashtra,Maharashtra City 2,5G,Prepaid,1.9
AIR108804,2019-02-15,Kerala,Kerala City 3,4G,Postpaid,6.2
AIR108805,2019-08-10,Telangana,Telangana City 3,4G,Broadband,5.8
AIR108806,2021-01-21,Delhi,Delhi City 1,4G,Prepaid,4.5
AIR108807,2021-03-28,Kerala,Kerala City 1,4G,Postpaid,4.4
AIR108808,2022-06-22,Maharashtra,Maharashtra City 1,4G,Prepaid,3.2
AIR108809,2019-01-10,Rajasthan,Rajasthan City 2,5G,Prepaid,6.8
AIR108810,2024-11-06,Uttar Pradesh,Uttar Pradesh City 2,4G,Prepaid,1
AIR108811,2019-08-03,Rajasthan,Rajasthan City 3,5G,Prepaid,6.4
AIR108812,2021-09-22,Telangana,Telangana City 3,4G,Postpaid,3.4
AIR108813,2024-02-15,Uttar Pradesh,Uttar Pradesh City 1,4G,Prepaid,1.1
AIR108814,2021-12-31,Karnataka,Karnataka City 2,4G,Broadband,3.3
AIR108815,2022-05-16,Telangana,Telangana City 3,5G,Enterprise,3
AIR108816,2023-07-23,Telangana,Telangana City 1,4G,Prepaid,1.9
AIR108817,2021-09-08,Kerala,Kerala City 1,4G,Prepaid,3.8
AIR108818,2020-02-06,Rajasthan,Rajasthan City 2,5G,Postpaid,5.5
AIR108819,2020-09-03,Maharashtra,Maharashtra City 2,4G,Prepaid,5
AIR108820,2021-04-08,Delhi,Delhi City 3,4G,Prepaid,4.5
AIR108821,2021-06-24,Tamil Nadu,Tamil Nadu City 3,4G,Prepaid,4.4
AIR108822,2019-12-23,Gujarat,Gujarat City 1,5G,Broadband,6
AIR108823,2022-09-01,Delhi,Delhi City 1,4G,Postpaid,2.5
AIR108824,2024-03-20,Tamil Nadu,Tamil Nadu City 1,4G,Prepaid,1
AIR108825,2024-10-23,Karnataka,Karnataka City 3,4G,Prepaid,0.5
AIR108826,2022-01-27,Maharashtra,Maharashtra City 2,5G,Prepaid,3.3
AIR108827,2019-09-22,Rajasthan,Rajasthan City 3,4G,Prepaid,5.7
AIR108828,2023-11-14,West Bengal,West Bengal City 2,4G,Postpaid,1.7
AIR108829,2022-01-11,Telangana,Telangana City 3,4G,Broadband,3.6
AIR108830,2024-01-03,Delhi,Delhi City 3,4G,Prepaid,1.7
AIR108831,2023-05-25,Tamil Nadu,Tamil Nadu City 2,5G,Prepaid,2.4
AIR108832,2019-08-16,West Bengal,West Bengal City 3,4G,Prepaid,6.3
AIR108833,2024-06-11,Delhi,Delhi City 3,5G,Prepaid,1.5
AIR108834,2024-12-18,Maharashtra,Maharashtra City 1,5G,Enterprise,0.2
AIR108835,2024-04-07,Rajasthan,Rajasthan City 2,5G,Prepaid,0.9
AIR108836,2023-05-11,Uttar Pradesh,Uttar Pradesh City 2,4G,Prepaid,1.9
AIR108837,2020-06-28,Delhi,Delhi City 1,5G,Prepaid,4.9
AIR108838,2019-09-01,Delhi,Delhi City 2,4G,Postpaid,5.8
AIR108839,2022-06-03,Rajasthan,Rajasthan City 1,5G,Broadband,3.1
AIR108840,2024-05-06,Karnataka,Karnataka City 2,4G,Prepaid,1.3
AIR108841,2020-03-19,Kerala,Kerala City 2,5G,Prepaid,5.5
AIR108842,2020-09-06,Delhi,Delhi City 2,4G,Prepaid,5.1
AIR108843,2024-01-11,Rajasthan,Rajasthan City 2,5G,Postpaid,1.8
AIR108844,2021-04-04,Kerala,Kerala City 1,5G,Postpaid,4.7
AIR108845,2021-07-24,Rajasthan,Rajasthan City 1,5G,Postpaid,3.6
AIR108846,2023-10-11,Rajasthan,Rajasthan City 2,5G,Postpaid,1.4
AIR108847,2020-01-17,Karnataka,Karnataka City 3,4G,Broadband,5.2
AIR108848,2020-06-05,Rajasthan,Rajasthan City 1,4G,Prepaid,4.9
AIR108849,2021-04-21,Maharashtra,Maharashtra City 2,5G,Postpaid,4.2
AIR108850,2023-05-21,Delhi,Delhi City 1,5G,Postpaid,2.2
AIR108851,2024-02-20,Tamil Nadu,Tamil Nadu City 3,4G,Postpaid,1.5
AIR108852,2020-06-30,Tamil Nadu,Tamil Nadu City 3,4G,Prepaid,5.2
AIR108853,2019-06-16,Tamil Nadu,Tamil Nadu City 3,4G,Prepaid,6.3
AIR108854,2024-08-31,Rajasthan,Rajasthan City 2,4G,Prepaid,1.2
AIR108855,2024-10-15,West Bengal,West Bengal City 2,4G,Prepaid,1.2
AIR108856,2021-04-27,Kerala,Kerala City 3,4G,Postpaid,3.8
AIR108857,2019-01-17,Kerala,Kerala City 1,4G,Prepaid,6.2
AIR108858,2019-09-12,Rajasthan,Rajasthan City 1,4G,Postpaid,5.6
AIR108859,2019-11-24,Maharashtra,Maharashtra City 3,4G,Broadband,5.5
AIR108860,2024-06-20,Maharashtra,Maharashtra City 2,4G,Prepaid,1
AIR108861,2019-12-12,Telangana,Telangana City 1,4G,Prepaid,5.6
AIR108862,2023-02-05,Rajasthan,Rajasthan City 1,5G,Broadband,2.5
AIR108863,2019-06-25,Gujarat,Gujarat City 1,4G,Postpaid,6.2
AIR108864,2020-06-27,Karnataka,Karnataka City 2,5G,Prepaid,5.3
AIR108865,2022-09-18,Tamil Nadu,Tamil Nadu City 3,5G,Prepaid,3.2
AIR108866,2022-03-09,Karnataka,Karnataka City 2,4G,Postpaid,3.8
AIR108867,2023-12-12,Tamil Nadu,Tamil Nadu City 1,4G,Postpaid,1.2
AIR108868,2022-08-01,Uttar Pradesh,Uttar Pradesh City 3,4G,Postpaid,2.6
AIR108869,2022-09-28,Uttar Pradesh,Uttar Pradesh City 2,4G,Postpaid,2.5
AIR108870,2019-07-05,Rajasthan,Rajasthan City 3,4G,Postpaid,5.9
AIR108871,2019-04-20,Uttar Pradesh,Uttar Pradesh City 1,4G,Prepaid,6.2
AIR108872,2021-02-05,West Bengal,West Bengal City 2,4G,Postpaid,4.4
AIR108873,2019-02-04,Telangana,Telangana City 3,4G,Enterprise,6.5
AIR108874,2022-05-30,Maharashtra,Maharashtra City 2,5G,Prepaid,3.3
AIR108875,2023-07-04,West Bengal,West Bengal City 1,4G,Postpaid,2.3
AIR108876,2023-11-05,Karnataka,Karnataka City 3,5G,Prepaid,2
AIR108877,2021-03-08,Karnataka,Karnataka City 1,4G,Prepaid,4.8
AIR108878,2019-01-10,Uttar Pradesh,Uttar Pradesh City 3,4G,Broadband,6.1
AIR108879,2023-07-18,Maharashtra,Maharashtra City 1,4G,Prepaid,1.7
AIR108880,2019-02-07,Telangana,Telangana City 1,5G,Prepaid,6.2
AIR108881,2024-06-01,Tamil Nadu,Tamil Nadu City 2,4G,Postpaid,1
AIR108882,2024-11-11,West Bengal,West Bengal City 1,4G,Prepaid,0.6
AIR108883,2021-06-05,Telangana,Telangana City 2,5G,Postpaid,4.1
AIR108884,2022-04-01,Delhi,Delhi City 1,4G,Prepaid,3.4
AIR108885,2024-11-15,Kerala,Kerala City 1,4G,Prepaid,0.8
AIR108886,2020-08-01,Uttar Pradesh,Uttar Pradesh City 1,5G,Prepaid,5.2
AIR108887,2019-05-21,Tamil Nadu,Tamil Nadu City 3,5G,Postpaid,6.5
AIR108888,2019-07-22,Delhi,Delhi City 2,4G,Postpaid,6.4
AIR108889,2023-02-20,Tamil Nadu,Tamil Nadu City 3,4G,Postpaid,2
AIR108890,2024-07-07,Tamil Nadu,Tamil Nadu City 2,5G,Postpaid,0.7
AIR108891,2021-08-03,Uttar Pradesh,Uttar Pradesh City 1,5G,Prepaid,3.7
AIR108892,2024-12-24,Tamil Nadu,Tamil Nadu City 3,4G,Postpaid,0.4
AIR108893,2021-02-13,Telangana,Telangana City 2,5G,Prepaid,4.3
AIR108894,2021-06-23,Telangana,Telangana City 1,4G,Prepaid,4.1
AIR108895,2020-09-09,Delhi,Delhi City 2,4G,Postpaid,4.9
AIR108896,2021-07-10,Karnataka,Karnataka City 2,4G,Prepaid,4.2
AIR108897,2023-12-02,Maharashtra,Maharashtra City 1,4G,Postpaid,1.9
AIR108898,2022-02-13,West Bengal,West Bengal City 3,4G,Prepaid,3.8
AIR108899,2019-05-18,West Bengal,West Bengal City 1,4G,Postpaid,6.6
AIR108900,2019-09-05,Gujarat,Gujarat City 3,4G,Prepaid,5.4
AIR108901,2020-06-09,Uttar Pradesh,Uttar Pradesh City 2,4G,Enterprise,4.8
AIR108902,2023-06-02,Rajasthan,Rajasthan City 2,4G,Prepaid,1.9
AIR108903,2019-08-13,Rajasthan,Rajasthan City 2,5G,Postpaid,5.8
AIR108904,2022-02-18,Delhi,Delhi City 3,5G,Broadband,3.3
AIR108905,2021-01-04,Tamil Nadu,Tamil Nadu City 1,4G,Postpaid,4.5
AIR108906,2020-12-21,Tamil Nadu,Tamil Nadu City 3,5G,Postpaid,4.6
AIR108907,2020-04-07,Uttar Pradesh,Uttar Pradesh City 2,4G,Postpaid,5.4
AIR108908,2019-01-21,Kerala,Kerala City 2,4G,Postpaid,6.7
AIR108909,2023-12-26,Karnataka,Karnataka City 1,5G,Broadband,1.9
AIR108910,2024-06-01,Gujarat,Gujarat City 3,4G,Prepaid,1.5
AIR108911,2020-03-23,Telangana,Telangana City 2,4G,Broadband,4.9
AIR108912,2024-05-17,Tamil Nadu,Tamil Nadu City 3,4G,Postpaid,0.8
AIR108913,2019-09-12,Gujarat,Gujarat City 3,4G,Broadband,5.6
AIR108914,2022-03-31,West Bengal,West Bengal City 1,4G,Prepaid,3.1
AIR108915,2019-10-30,Kerala,Kerala City 1,5G,Broadband,5.6
AIR108916,2023-11-23,Telangana,Telangana City 2,4G,Prepaid,1.6
AIR108917,2021-02-15,Uttar Pradesh,Uttar Pradesh City 1,5G,Postpaid,4.5
AIR108918,2020-09-15,Gujarat,Gujarat City 3,5G,Prepaid,5
AIR108919,2021-11-19,Delhi,Delhi City 1,4G,Postpaid,3.9
AIR108920,2022-12-30,Telangana,Telangana City 3,4G,Postpaid,2.9
AIR108921,2020-11-10,Uttar Pradesh,Uttar Pradesh City 2,4G,Prepaid,5.1
AIR108922,2020-04-24,Rajasthan,Rajasthan City 3,4G,Postpaid,4.8
AIR108923,2019-05-15,Uttar Pradesh,Uttar Pradesh City 1,4G,Prepaid,5.8
AIR108924,2021-11-27,Uttar Pradesh,Uttar Pradesh City 1,5G,Postpaid,3.4
AIR108925,2019-10-15,Telangana,Telangana City 2,5G,Postpaid,5.6
AIR108926,2021-12-28,Kerala,Kerala City 1,4G,Prepaid,3.5
AIR108927,2022-02-17,Telangana,Telangana City 2,4G,Postpaid,3.4
AIR108928,2022-11-24,Maharashtra,Maharashtra City 2,4G,Postpaid,2.7
AIR108929,2021-06-27,Karnataka,Karnataka City 1,4G,Prepaid,4.2
AIR108930,2020-10-19,Kerala,Kerala City 3,5G,Enterprise,5
AIR108931,2023-10-06,Delhi,Delhi City 2,5G,Postpaid,2.1
AIR108932,2023-06-10,Kerala,Kerala City 3,4G,Prepaid,2.5
AIR108933,2021-06-11,West Bengal,West Bengal City 1,4G,Prepaid,3.7
AIR108934,2022-04-08,Delhi,Delhi City 3,5G,Postpaid,2.9
AIR108935,2020-11-09,Rajasthan,Rajasthan City 3,4G,Prepaid,4.4
AIR108936,2023-07-07,Telangana,Telangana City 3,4G,Prepaid,1.9
AIR108937,2023-08-07,Uttar Pradesh,Uttar Pradesh City 3,4G,Prepaid,1.9
AIR108938,2021-06-25,Telangana,Telangana City 1,4G,Postpaid,4.1
AIR108939,2022-05-19,West Bengal,West Bengal City 1,4G,Postpaid,3.2
AIR108940,2023-09-23,Gujarat,Gujarat City 3,4G,Prepaid,2
AIR108941,2023-01-18,West Bengal,West Bengal City 1,4G,Postpaid,2.7
AIR108942,2023-08-18,Maharashtra,Maharashtra City 1,4G,Enterprise,2.2
AIR108943,2021-05-03,Uttar Pradesh,Uttar Pradesh City 2,4G,Enterprise,4.6
AIR108944,2020-08-15,Uttar Pradesh,Uttar Pradesh City 1,4G,Broadband,4.5
AIR108945,2021-08-25,Tamil Nadu,Tamil Nadu City 3,4G,Broadband,3.6
AIR108946,2021-10-16,Gujarat,Gujarat City 1,5G,Prepaid,3.5
AIR108947,2021-06-16,Tamil Nadu,Tamil Nadu City 1,4G,Prepaid,3.9
AIR108948,2023-05-04,Rajasthan,Rajasthan City 1,4G,Prepaid,2.1
AIR108949,2021-03-26,Karnataka,Karnataka City 1,5G,Postpaid,4.3
AIR108950,2024-02-15,Karnataka,Karnataka City 2,4G,Broadband,1.5
AIR108951,2021-12-26,Telangana,Telangana City 3,5G,Prepaid,3.7
AIR108952,2020-09-18,Karnataka,Karnataka City 3,4G,Postpaid,5.1
AIR108953,2019-04-22,Uttar Pradesh,Uttar Pradesh City 1,4G,Postpaid,6.6
AIR108954,2020-11-01,West Bengal,West Bengal City 1,4G,Prepaid,5.1
AIR108955,2019-01-26,Gujarat,Gujarat City 2,4G,Postpaid,6.1
AIR108956,2020-09-13,Telangana,Telangana City 1,4G,Prepaid,4.5
AIR108957,2021-12-25,Telangana,Telangana City 2,4G,Enterprise,3.3
AIR108958,2020-12-17,Gujarat,Gujarat City 3,5G,Postpaid,4.4
AIR108959,2023-10-08,Uttar Pradesh,Uttar Pradesh City 3,4G,Postpaid,1.7
AIR108960,2020-01-04,Rajasthan,Rajasthan City 2,4G,Prepaid,5.5
AIR108961,2024-01-20,Rajasthan,Rajasthan City 3,4G,Postpaid,1.6
AIR108962,2019-05-22,Telangana,Telangana City 1,5G,Prepaid,6.3
AIR108963,2019-01-14,Rajasthan,Rajasthan City 1,5G,Prepaid,6.8
AIR108964,2020-06-14,Uttar Pradesh,Uttar Pradesh City 2,5G,Prepaid,5.4
AIR108965,2020-03-13,Maharashtra,Maharashtra City 3,4G,Prepaid,5.8
AIR108966,2020-01-18,Maharashtra,Maharashtra City 3,4G,Postpaid,5.1
AIR108967,2021-07-03,Tamil Nadu,Tamil Nadu City 2,4G,Prepaid,3.7
AIR108968,2022-07-13,Kerala,Kerala City 2,4G,Broadband,2.8
AIR108969,2021-08-30,Delhi,Delhi City 3,5G,Prepaid,3.7
AIR108970,2023-08-08,Karnataka,Karnataka City 2,5G,Prepaid,1.9
AIR108971,2024-07-30,Rajasthan,Rajasthan City 1,4G,Broadband,1
AIR108972,2021-06-04,Maharashtra,Maharashtra City 3,4G,Prepaid,4.2
AIR108973,2023-08-11,West Bengal,West Bengal City 2,4G,Prepaid,2.1
AIR108974,2019-03-20,Gujarat,Gujarat City 2,4G,Prepaid,6.6
AIR108975,2019-11-05,Kerala,Kerala City 2,4G,Broadband,6
AIR108976,2020-12-27,Tamil Nadu,Tamil Nadu City 3,4G,Broadband,5
AIR108977,2022-12-22,Delhi,Delhi City 1,5G,Prepaid,2.2
AIR108978,2023-09-26,Maharashtra,Maharashtra City 1,4G,Postpaid,1.5
AIR108979,2023-09-10,Tamil Nadu,Tamil Nadu City 3,5G,Postpaid,1.6
AIR108980,2022-09-20,Kerala,Kerala City 2,4G,Broadband,2.7
AIR108981,2020-12-13,Gujarat,Gujarat City 3,4G,Prepaid,4.5
AIR108982,2021-08-08,Karnataka,Karnataka City 3,4G,Broadband,3.9
AIR108983,2022-12-06,Maharashtra,Maharashtra City 2,4G,Prepaid,2.7
AIR108984,2020-04-14,Gujarat,Gujarat City 3,4G,Prepaid,5.4
AIR108985,2023-03-19,Delhi,Delhi City 1,4G,Prepaid,2.6
AIR108986,2021-07-26,Rajasthan,Rajasthan City 3,4G,Postpaid,4.3
AIR108987,2024-12-08,Kerala,Kerala City 2,5G,Postpaid,1
AIR108988,2025-01-06,Delhi,Delhi City 3,4G,Postpaid,0.1
AIR108989,2023-10-19,Karnataka,Karnataka City 1,5G,Postpaid,1.4
AIR108990,2024-05-05,Gujarat,Gujarat City 3,4G,Postpaid,0.9
AIR108991,2023-07-29,Uttar Pradesh,Uttar Pradesh City 3,4G,Postpaid,1.8
AIR108992,2022-07-03,Karnataka,Karnataka City 3,4G,Prepaid,3
AIR108993,2020-07-27,Telangana,Telangana City 3,5G,Prepaid,5
AIR108994,2024-10-16,Maharashtra,Maharashtra City 2,4G,Prepaid,0.8
AIR108995,2019-08-13,Rajasthan,Rajasthan City 1,4G,Prepaid,6.1
AIR108996,2021-04-26,Kerala,Kerala City 1,4G,Postpaid,4.5
AIR108997,2022-09-01,West Bengal,West Bengal City 1,4G,Postpaid,3.2
AIR108998,2019-10-19,Gujarat,Gujarat City 3,5G,Postpaid,6.2
AIR108999,2023-05-03,Uttar Pradesh,Uttar Pradesh City 1,4G,Prepaid,1.8
AIR109000,2021-08-28,West Bengal,West Bengal City 2,4G,Postpaid,3.5
AIR109001,2022-05-01,Maharashtra,Maharashtra City 3,5G,Prepaid,3
AIR109002,2021-10-07,Maharashtra,Maharashtra City 3,4G,Broadband,3.6
AIR109003,2023-06-27,Kerala,Kerala City 1,4G,Prepaid,2
AIR109004,2022-12-28,Uttar Pradesh,Uttar Pradesh City 3,4G,Postpaid,2.5
AIR109005,2024-10-22,Maharashtra,Maharashtra City 3,5G,Postpaid,0.8
AIR109006,2020-09-16,West Bengal,West Bengal City 1,5G,Broadband,5
AIR109007,2022-07-10,Uttar Pradesh,Uttar Pradesh City 2,4G,Prepaid,3.3
AIR109008,2019-02-27,West Bengal,West Bengal City 2,5G,Prepaid,6.7
AIR109009,2023-08-12,Karnataka,Karnataka City 1,4G,Prepaid,2.3
AIR109010,2022-07-28,Delhi,Delhi City 2,4G,Prepaid,2.6
AIR109011,2023-06-19,Uttar Pradesh,Uttar Pradesh City 2,4G,Postpaid,1.7
AIR109012,2019-07-27,Tamil Nadu,Tamil Nadu City 2,4G,Broadband,5.7
AIR109013,2024-03-22,Delhi,Delhi City 3,4G,Prepaid,1.1
AIR109014,2022-03-12,Delhi,Delhi City 3,5G,Postpaid,3.3
AIR109015,2020-02-17,Uttar Pradesh,Uttar Pradesh City 3,5G,Broadband,5.4
AIR109016,2023-06-07,Rajasthan,Rajasthan City 2,5G,Prepaid,2.2
AIR109017,2021-12-11,Maharashtra,Maharashtra City 3,4G,Postpaid,3.8
AIR109018,2021-11-06,Karnataka,Karnataka City 2,4G,Broadband,3.9
AIR109019,2021-01-09,Rajasthan,Rajasthan City 1,4G,Broadband,4.8
AIR109020,2021-03-14,Rajasthan,Rajasthan City 2,4G,Postpaid,4.8
AIR109021,2020-02-23,Tamil Nadu,Tamil Nadu City 3,5G,Prepaid,5
AIR109022,2021-07-07,Gujarat,Gujarat City 2,4G,Prepaid,3.7
AIR109023,2023-01-05,Uttar Pradesh,Uttar Pradesh City 3,5G,Postpaid,2.3
AIR109024,2023-03-06,West Bengal,West Bengal City 3,5G,Prepaid,2.2
AIR109025,2019-03-21,Maharashtra,Maharashtra City 1,4G,Prepaid,6.2
AIR109026,2023-02-12,Rajasthan,Rajasthan City 1,4G,Postpaid,2.4
AIR109027,2021-04-07,Karnataka,Karnataka City 3,4G,Postpaid,4.4
AIR109028,2023-06-06,Gujarat,Gujarat City 2,4G,Broadband,2.3
AIR109029,2021-12-03,Tamil Nadu,Tamil Nadu City 1,4G,Prepaid,3.9
AIR109030,2022-03-31,Telangana,Telangana City 1,4G,Prepaid,3.6
AIR109031,2023-10-23,Maharashtra,Maharashtra City 3,4G,Broadband,2.1
AIR109032,2023-08-12,Telangana,Telangana City 2,5G,Postpaid,1.5
AIR109033,2023-07-18,Delhi,Delhi City 1,4G,Broadband,1.7
AIR109034,2020-05-24,Rajasthan,Rajasthan City 1,4G,Enterprise,4.9
AIR109035,2023-03-17,Kerala,Kerala City 2,4G,Broadband,2.2
AIR109036,2020-11-25,Maharashtra,Maharashtra City 1,5G,Postpaid,4.6
AIR109037,2022-01-25,West Bengal,West Bengal City 2,5G,Prepaid,3.5
AIR109038,2024-08-30,Gujarat,Gujarat City 3,4G,Postpaid,1
AIR109039,2022-10-10,Karnataka,Karnataka City 1,5G,Postpaid,2.9
AIR109040,2024-05-28,Maharashtra,Maharashtra City 3,5G,Prepaid,1.4
AIR109041,2023-03-09,West Bengal,West Bengal City 2,5G,Postpaid,2.7
AIR109042,2022-11-28,Uttar Pradesh,Uttar Pradesh City 3,4G,Prepaid,3
AIR109043,2022-05-31,Telangana,Telangana City 3,5G,Postpaid,2.7
AIR109044,2020-02-04,Uttar Pradesh,Uttar Pradesh City 3,4G,Prepaid,5.1
AIR109045,2024-07-29,Gujarat,Gujarat City 2,5G,Postpaid,0.7
AIR109046,2020-05-03,Tamil Nadu,Tamil Nadu City 2,4G,Broadband,5
AIR109047,2019-10-15,Rajasthan,Rajasthan City 2,5G,Prepaid,5.7
AIR109048,2022-11-04,Maharashtra,Maharashtra City 2,5G,Postpaid,2.7
AIR109049,2020-03-12,Kerala,Kerala City 2,4G,Prepaid,5.4
AIR109050,2024-12-17,Telangana,Telangana City 1,5G,Broadband,0.7
AIR109051,2020-03-16,Telangana,Telangana City 1,4G,Broadband,5.6
AIR109052,2023-02-25,Maharashtra,Maharashtra City 1,4G,Broadband,2.7
AIR109053,2021-02-28,Delhi,Delhi City 3,4G,Broadband,4.8
AIR109054,2021-09-23,Uttar Pradesh,Uttar Pradesh City 3,5G,Postpaid,3.4
AIR109055,2022-06-22,Telangana,Telangana City 2,4G,Prepaid,2.7
AIR109056,2019-07-05,West Bengal,West Bengal City 2,4G,Prepaid,5.8
AIR109057,2019-06-11,Karnataka,Karnataka City 1,5G,Postpaid,5.9
AIR109058,2023-01-19,Rajasthan,Rajasthan City 2,5G,Postpaid,2.4
AIR109059,2021-03-01,Telangana,Telangana City 3,5G,Postpaid,4.4
AIR109060,2020-06-28,West Bengal,West Bengal City 2,4G,Prepaid,5.1
AIR109061,2022-02-18,Gujarat,Gujarat City 1,4G,Prepaid,3.6
AIR109062,2019-03-10,Gujarat,Gujarat City 2,4G,Postpaid,6.6
AIR109063,2023-10-17,Rajasthan,Rajasthan City 3,4G,Prepaid,2.1
AIR109064,2020-09-26,Delhi,Delhi City 1,4G,Postpaid,5.2
AIR109065,2022-07-27,Kerala,Kerala City 2,4G,Postpaid,2.6
AIR109066,2020-07-19,Rajasthan,Rajasthan City 3,5G,Postpaid,4.7
AIR109067,2020-06-16,Tamil Nadu,Tamil Nadu City 1,4G,Prepaid,4.8
AIR109068,2023-06-21,Delhi,Delhi City 1,4G,Enterprise,1.9
AIR109069,2024-02-25,Telangana,Telangana City 3,4G,Prepaid,1.3
AIR109070,2020-07-07,Rajasthan,Rajasthan City 2,4G,Prepaid,5
AIR109071,2024-05-02,Uttar Pradesh,Uttar Pradesh City 2,4G,Postpaid,1.3
AIR109072,2021-08-10,Gujarat,Gujarat City 2,4G,Prepaid,4.1
AIR109073,2024-09-06,West Bengal,West Bengal City 1,5G,Prepaid,1.1
AIR109074,2022-11-20,Rajasthan,Rajasthan City 1,4G,Prepaid,3
AIR109075,2020-07-23,Uttar Pradesh,Uttar Pradesh City 2,4G,Postpaid,5.4
AIR109076,2020-03-03,Delhi,Delhi City 1,5G,Broadband,5
AIR109077,2021-09-06,Tamil Nadu,Tamil Nadu City 1,5G,Postpaid,3.5
AIR109078,2022-01-21,West Bengal,West Bengal City 3,5G,Postpaid,3.2
AIR109079,2019-02-04,Karnataka,Karnataka City 2,5G,Prepaid,6.3
AIR109080,2023-10-04,Tamil Nadu,Tamil Nadu City 2,5G,Prepaid,1.7
AIR109081,2021-10-03,Telangana,Telangana City 2,4G,Prepaid,3.8
AIR109082,2024-06-17,Uttar Pradesh,Uttar Pradesh City 1,5G,Broadband,1.2
AIR109083,2022-10-31,Rajasthan,Rajasthan City 1,4G,Prepaid,2.9
AIR109084,2022-08-15,Rajasthan,Rajasthan City 1,4G,Enterprise,3.2
AIR109085,2019-12-20,Maharashtra,Maharashtra City 2,4G,Prepaid,5.9
AIR109086,2021-09-05,Gujarat,Gujarat City 1,4G,Postpaid,4.3
AIR109087,2022-11-18,Telangana,Telangana City 2,4G,Broadband,2.2
AIR109088,2020-02-07,Uttar Pradesh,Uttar Pradesh City 1,4G,Prepaid,5.1
AIR109089,2023-02-23,Rajasthan,Rajasthan City 2,4G,Postpaid,2.1
AIR109090,2023-03-28,Karnataka,Karnataka City 3,5G,Prepaid,2.1
AIR109091,2020-01-29,West Bengal,West Bengal City 1,5G,Prepaid,5.4
AIR109092,2023-09-16,Telangana,Telangana City 2,4G,Prepaid,1.8
AIR109093,2019-04-14,Delhi,Delhi City 3,5G,Broadband,6.3
AIR109094,2024-08-20,Karnataka,Karnataka City 3,4G,Prepaid,1.1
AIR109095,2021-10-06,West Bengal,West Bengal City 1,5G,Prepaid,4
AIR109096,2023-10-10,Kerala,Kerala City 2,4G,Enterprise,2.1
AIR109097,2022-06-02,Gujarat,Gujarat City 1,4G,Prepaid,3.5
AIR109098,2022-09-02,Telangana,Telangana City 3,4G,Prepaid,2.5
AIR109099,2024-04-01,Uttar Pradesh,Uttar Pradesh City 1,4G,Enterprise,1
AIR109100,2020-02-26,Tamil Nadu,Tamil Nadu City 2,4G,Prepaid,5.1
AIR109101,2024-10-02,West Bengal,West Bengal City 3,4G,Prepaid,0.6
AIR109102,2022-04-11,Delhi,Delhi City 1,4G,Broadband,3.2
AIR109103,2020-09-09,Rajasthan,Rajasthan City 1,4G,Prepaid,4.8
AIR109104,2022-03-28,Tamil Nadu,Tamil Nadu City 1,4G,Prepaid,3.4
AIR109105,2019-10-22,Karnataka,Karnataka City 1,5G,Prepaid,5.9
AIR109106,2019-10-03,Gujarat,Gujarat City 1,4G,Postpaid,6
AIR109107,2019-07-13,Uttar Pradesh,Uttar Pradesh City 3,4G,Prepaid,6.3
AIR109108,2019-11-07,Tamil Nadu,Tamil Nadu City 3,5G,Prepaid,6.1
AIR109109,2020-09-11,Delhi,Delhi City 2,5G,Prepaid,4.4
AIR109110,2022-01-31,West Bengal,West Bengal City 1,4G,Prepaid,3.1
AIR109111,2019-09-07,Uttar Pradesh,Uttar Pradesh City 2,5G,Postpaid,5.6
AIR109112,2021-08-13,Kerala,Kerala City 3,4G,Prepaid,3.8
AIR109113,2024-07-08,Rajasthan,Rajasthan City 1,4G,Postpaid,0.9
AIR109114,2019-10-23,Gujarat,Gujarat City 2,4G,Postpaid,5.7
AIR109115,2019-08-26,Tamil Nadu,Tamil Nadu City 1,4G,Prepaid,6
AIR109116,2021-03-20,Gujarat,Gujarat City 1,4G,Prepaid,4.5
AIR109117,2023-07-12,Gujarat,Gujarat City 2,4G,Prepaid,2.3
AIR109118,2023-11-01,Gujarat,Gujarat City 3,4G,Prepaid,2
AIR109119,2020-06-04,West Bengal,West Bengal City 2,5G,Postpaid,5.5
AIR109120,2022-02-16,Gujarat,Gujarat City 2,4G,Postpaid,3
AIR109121,2024-12-06,Kerala,Kerala City 2,4G,Prepaid,0.3
AIR109122,2022-01-19,Karnataka,Karnataka City 1,4G,Postpaid,3.2
AIR109123,2020-12-23,Delhi,Delhi City 3,5G,Enterprise,4.4
AIR109124,2024-04-28,Uttar Pradesh,Uttar Pradesh City 3,4G,Prepaid,1.1
AIR109125,2022-02-13,Kerala,Kerala City 1,5G,Postpaid,3.4
AIR109126,2023-04-07,Uttar Pradesh,Uttar Pradesh City 3,5G,Postpaid,2.4
AIR109127,2020-07-20,Delhi,Delhi City 2,4G,Prepaid,5.2
AIR109128,2020-04-20,Karnataka,Karnataka City 3,5G,Postpaid,5.5
AIR109129,2024-11-25,Telangana,Telangana City 1,4G,Enterprise,1
AIR109130,2024-05-30,Uttar Pradesh,Uttar Pradesh City 3,4G,Prepaid,1.5
AIR109131,2023-05-16,Uttar Pradesh,Uttar Pradesh City 1,4G,Broadband,1.8
AIR109132,2022-02-19,Karnataka,Karnataka City 2,4G,Prepaid,3.1
AIR109133,2023-06-16,Tamil Nadu,Tamil Nadu City 1,4G,Prepaid,1.8
AIR109134,2024-02-02,Kerala,Kerala City 3,4G,Postpaid,1.3
AIR109135,2022-05-30,Tamil Nadu,Tamil Nadu City 2,4G,Prepaid,3
AIR109136,2023-01-22,Tamil Nadu,Tamil Nadu City 3,5G,Postpaid,2.5
AIR109137,2023-07-24,Tamil Nadu,Tamil Nadu City 1,4G,Prepaid,2.1
AIR109138,2023-03-02,Gujarat,Gujarat City 2,5G,Postpaid,2.5
AIR109139,2020-01-05,Rajasthan,Rajasthan City 1,4G,Postpaid,5.8
AIR109140,2024-05-30,Uttar Pradesh,Uttar Pradesh City 3,4G,Postpaid,1.5
AIR109141,2021-01-29,Tamil Nadu,Tamil Nadu City 1,5G,Prepaid,4.9
AIR109142,2022-05-09,Kerala,Kerala City 3,4G,Prepaid,2.8
AIR109143,2023-11-21,Rajasthan,Rajasthan City 3,4G,Prepaid,1.3
AIR109144,2020-07-28,Rajasthan,Rajasthan City 2,4G,Postpaid,4.7
AIR109145,2022-11-09,Tamil Nadu,Tamil Nadu City 2,4G,Prepaid,2.5
AIR109146,2024-10-12,West Bengal,West Bengal City 1,4G,Postpaid,0.7
AIR109147,2024-10-17,Tamil Nadu,Tamil Nadu City 3,4G,Prepaid,0.7
AIR109148,2022-02-21,West Bengal,West Bengal City 3,5G,Postpaid,3.5
AIR109149,2020-01-12,Tamil Nadu,Tamil Nadu City 2,4G,Postpaid,5.7
AIR109150,2022-10-13,Kerala,Kerala City 2,4G,Prepaid,3
AIR109151,2023-12-15,West Bengal,West Bengal City 2,4G,Postpaid,1.9
AIR109152,2024-10-16,Gujarat,Gujarat City 2,4G,Prepaid,1.2
AIR109153,2024-03-17,Rajasthan,Rajasthan City 1,4G,Broadband,0.9
AIR109154,2022-03-02,Tamil Nadu,Tamil Nadu City 1,4G,Postpaid,3
AIR109155,2021-12-21,Rajasthan,Rajasthan City 1,4G,Postpaid,3.3
AIR109156,2019-06-10,Tamil Nadu,Tamil Nadu City 1,5G,Broadband,5.9
AIR109157,2021-01-28,Uttar Pradesh,Uttar Pradesh City 2,4G,Broadband,4.4
AIR109158,2022-08-02,Uttar Pradesh,Uttar Pradesh City 1,5G,Postpaid,3
AIR109159,2021-04-09,Maharashtra,Maharashtra City 1,4G,Prepaid,4.4
AIR109160,2021-04-28,Tamil Nadu,Tamil Nadu City 1,4G,Postpaid,4.4
AIR109161,2024-05-30,Maharashtra,Maharashtra City 2,5G,Prepaid,1.4
AIR109162,2019-09-06,Karnataka,Karnataka City 3,5G,Postpaid,6.2
AIR109163,2022-01-19,Karnataka,Karnataka City 2,4G,Postpaid,3.9
AIR109164,2021-10-27,Rajasthan,Rajasthan City 3,5G,Postpaid,3.3
AIR109165,2023-03-10,West Bengal,West Bengal City 3,5G,Postpaid,2
AIR109166,2022-09-06,Tamil Nadu,Tamil Nadu City 1,5G,Postpaid,2.6
AIR109167,2023-08-05,Delhi,Delhi City 1,4G,Prepaid,1.8
AIR109168,2023-01-20,Tamil Nadu,Tamil Nadu City 1,5G,Prepaid,2.4
AIR109169,2019-01-10,Tamil Nadu,Tamil Nadu City 2,5G,Postpaid,6.5
AIR109170,2020-12-15,Delhi,Delhi City 2,4G,Prepaid,4.7
AIR109171,2019-12-25,Karnataka,Karnataka City 1,5G,Postpaid,5.7
AIR109172,2022-07-23,Maharashtra,Maharashtra City 2,5G,Prepaid,3.2
AIR109173,2024-02-24,Rajasthan,Rajasthan City 2,4G,Prepaid,1.7
AIR109174,2024-12-11,Karnataka,Karnataka City 3,4G,Postpaid,1
AIR109175,2020-09-21,Delhi,Delhi City 2,4G,Postpaid,4.4
AIR109176,2019-09-25,Tamil Nadu,Tamil Nadu City 3,4G,Prepaid,5.5
AIR109177,2019-10-05,Karnataka,Karnataka City 1,4G,Prepaid,5.5
AIR109178,2021-10-20,Kerala,Kerala City 2,4G,Prepaid,3.6
AIR109179,2019-03-17,Uttar Pradesh,Uttar Pradesh City 3,4G,Prepaid,6.2
AIR109180,2020-06-09,Tamil Nadu,Tamil Nadu City 2,5G,Prepaid,5.1
AIR109181,2020-09-09,Telangana,Telangana City 3,5G,Postpaid,4.9
AIR109182,2022-04-14,Delhi,Delhi City 3,4G,Broadband,3.4
AIR109183,2023-09-14,Gujarat,Gujarat City 2,5G,Prepaid,2.1
AIR109184,2024-06-03,West Bengal,West Bengal City 1,4G,Prepaid,1.5
AIR109185,2023-05-10,Gujarat,Gujarat City 3,5G,Postpaid,2.6
AIR109186,2019-09-27,Karnataka,Karnataka City 1,5G,Broadband,5.4
AIR109187,2019-01-02,Tamil Nadu,Tamil Nadu City 2,4G,Prepaid,6.2
AIR109188,2022-07-03,West Bengal,West Bengal City 2,4G,Prepaid,2.8
AIR109189,2023-03-18,West Bengal,West Bengal City 1,4G,Prepaid,2.2
AIR109190,2022-10-18,Rajasthan,Rajasthan City 2,5G,Prepaid,2.7
AIR109191,2022-02-04,Gujarat,Gujarat City 3,5G,Postpaid,3.4
AIR109192,2022-03-03,Tamil Nadu,Tamil Nadu City 1,4G,Enterprise,3.5
AIR109193,2022-12-03,Rajasthan,Rajasthan City 2,4G,Postpaid,2.8
AIR109194,2023-01-14,Maharashtra,Maharashtra City 2,4G,Enterprise,2.8
AIR109195,2020-06-18,Gujarat,Gujarat City 1,4G,Prepaid,5.4
AIR109196,2023-05-28,Uttar Pradesh,Uttar Pradesh City 3,5G,Broadband,2.6
AIR109197,2020-06-20,Uttar Pradesh,Uttar Pradesh City 1,4G,Prepaid,4.7
AIR109198,2022-05-02,Rajasthan,Rajasthan City 2,5G,Prepaid,2.9
AIR109199,2021-11-29,Maharashtra,Maharashtra City 2,5G,Postpaid,3.4
AIR109200,2020-04-08,Kerala,Kerala City 1,5G,Prepaid,5.1
AIR109201,2019-01-23,Kerala,Kerala City 3,4G,Prepaid,6.4
AIR109202,2020-11-19,Uttar Pradesh,Uttar Pradesh City 3,4G,Postpaid,4.7
AIR109203,2019-05-08,Telangana,Telangana City 3,4G,Prepaid,6.3
AIR109204,2022-07-10,Delhi,Delhi City 1,5G,Postpaid,3.2
AIR109205,2024-09-13,Delhi,Delhi City 3,4G,Prepaid,1.1
AIR109206,2019-04-11,Telangana,Telangana City 3,4G,Postpaid,6.6
AIR109207,2021-01-06,Rajasthan,Rajasthan City 3,5G,Prepaid,4.9
AIR109208,2020-09-02,Delhi,Delhi City 3,4G,Postpaid,4.5
AIR109209,2022-01-10,Delhi,Delhi City 2,4G,Prepaid,3.2
AIR109210,2022-09-02,Gujarat,Gujarat City 1,4G,Postpaid,2.6
AIR109211,2024-06-25,Gujarat,Gujarat City 1,4G,Postpaid,0.9
AIR109212,2019-07-15,Telangana,Telangana City 3,4G,Prepaid,5.9
AIR109213,2023-03-13,Tamil Nadu,Tamil Nadu City 1,4G,Prepaid,2.3
AIR109214,2023-02-13,Maharashtra,Maharashtra City 1,5G,Prepaid,2.5
AIR109215,2024-10-16,Rajasthan,Rajasthan City 2,5G,Postpaid,0.9
AIR109216,2022-11-17,Gujarat,Gujarat City 1,4G,Postpaid,2.9
AIR109217,2022-07-20,Gujarat,Gujarat City 2,5G,Prepaid,3.3
AIR109218,2022-08-15,Kerala,Kerala City 1,4G,Postpaid,3.3
AIR109219,2021-05-20,Maharashtra,Maharashtra City 2,4G,Broadband,3.7
AIR109220,2024-12-28,Kerala,Kerala City 2,5G,Prepaid,0.2
AIR109221,2019-07-04,Tamil Nadu,Tamil Nadu City 1,5G,Prepaid,5.8
AIR109222,2023-08-17,Maharashtra,Maharashtra City 2,4G,Postpaid,1.7
AIR109223,2022-04-27,Delhi,Delhi City 2,4G,Postpaid,3.1
AIR109224,2021-11-08,Kerala,Kerala City 1,5G,Prepaid,3.7
AIR109225,2024-10-29,Uttar Pradesh,Uttar Pradesh City 2,4G,Prepaid,0.8
AIR109226,2020-05-12,Rajasthan,Rajasthan City 2,5G,Prepaid,5.3
AIR109227,2023-04-15,Delhi,Delhi City 2,4G,Postpaid,2.5
AIR109228,2023-07-21,Maharashtra,Maharashtra City 2,5G,Postpaid,2.3
AIR109229,2019-08-06,Uttar Pradesh,Uttar Pradesh City 2,4G,Prepaid,6.4
AIR109230,2020-06-08,Tamil Nadu,Tamil Nadu City 3,4G,Prepaid,4.7
AIR109231,2022-09-23,Uttar Pradesh,Uttar Pradesh City 2,4G,Prepaid,2.5
AIR109232,2019-05-01,Gujarat,Gujarat City 2,4G,Broadband,6
AIR109233,2023-02-14,Telangana,Telangana City 2,5G,Prepaid,2.2
AIR109234,2024-11-28,Uttar Pradesh,Uttar Pradesh City 2,4G,Postpaid,0.5
AIR109235,2024-08-18,West Bengal,West Bengal City 1,4G,Postpaid,0.9
AIR109236,2019-08-10,Tamil Nadu,Tamil Nadu City 3,4G,Broadband,6
AIR109237,2021-03-07,Delhi,Delhi City 1,4G,Postpaid,4.5
AIR109238,2021-05-10,Kerala,Kerala City 3,4G,Prepaid,4.4
AIR109239,2023-08-25,Karnataka,Karnataka City 2,4G,Broadband,2.2
AIR109240,2021-05-15,Tamil Nadu,Tamil Nadu City 2,4G,Postpaid,4.6
AIR109241,2021-10-29,West Bengal,West Bengal City 3,4G,Postpaid,3.3
AIR109242,2022-05-24,Gujarat,Gujarat City 3,5G,Prepaid,2.8
AIR109243,2021-07-11,Kerala,Kerala City 1,5G,Prepaid,3.8
AIR109244,2023-07-11,Rajasthan,Rajasthan City 3,5G,Postpaid,1.8
AIR109245,2019-12-06,Karnataka,Karnataka City 2,4G,Broadband,5.5
AIR109246,2024-09-25,Uttar Pradesh,Uttar Pradesh City 1,4G,Postpaid,0.8
AIR109247,2021-04-09,West Bengal,West Bengal City 3,4G,Broadband,4.4
AIR109248,2021-03-23,Uttar Pradesh,Uttar Pradesh City 3,4G,Postpaid,4.5
AIR109249,2020-05-03,Rajasthan,Rajasthan City 1,4G,Prepaid,5.5
AIR109250,2022-09-07,Tamil Nadu,Tamil Nadu City 3,4G,Postpaid,3.2
AIR109251,2021-03-01,Telangana,Telangana City 2,4G,Postpaid,4.8
AIR109252,2019-04-03,West Bengal,West Bengal City 1,5G,Postpaid,5.9
AIR109253,2024-01-09,Maharashtra,Maharashtra City 3,5G,Broadband,1.2
AIR109254,2022-06-29,Delhi,Delhi City 2,5G,Prepaid,2.8
AIR109255,2022-04-01,Maharashtra,Maharashtra City 3,4G,Prepaid,3.1
AIR109256,2022-03-27,Telangana,Telangana City 1,4G,Broadband,3.2
AIR109257,2019-05-18,Rajasthan,Rajasthan City 3,4G,Prepaid,6.2
AIR109258,2019-11-08,Maharashtra,Maharashtra City 3,4G,Postpaid,5.8
AIR109259,2024-10-13,Gujarat,Gujarat City 3,4G,Broadband,0.9
AIR109260,2023-09-03,West Bengal,West Bengal City 2,4G,Prepaid,2.1
AIR109261,2020-12-03,Gujarat,Gujarat City 2,4G,Broadband,5
AIR109262,2021-08-18,Karnataka,Karnataka City 3,5G,Prepaid,4.3
AIR109263,2023-04-10,Telangana,Telangana City 3,5G,Postpaid,1.9
AIR109264,2022-06-27,Karnataka,Karnataka City 1,4G,Prepaid,2.7
AIR109265,2020-06-22,Karnataka,Karnataka City 3,4G,Postpaid,4.8
AIR109266,2019-04-27,Karnataka,Karnataka City 1,5G,Postpaid,6.1
AIR109267,2020-04-30,Tamil Nadu,Tamil Nadu City 2,4G,Postpaid,5.1
AIR109268,2022-10-18,Tamil Nadu,Tamil Nadu City 3,4G,Postpaid,2.7
AIR109269,2021-11-15,Telangana,Telangana City 1,4G,Broadband,3.7
AIR109270,2021-02-22,Kerala,Kerala City 2,4G,Postpaid,4.6
AIR109271,2020-09-11,Maharashtra,Maharashtra City 1,4G,Enterprise,5.1
AIR109272,2023-02-25,Tamil Nadu,Tamil Nadu City 2,5G,Prepaid,2.7
AIR109273,2022-10-12,Uttar Pradesh,Uttar Pradesh City 3,4G,Postpaid,3.2
AIR109274,2023-02-08,Gujarat,Gujarat City 1,4G,Prepaid,2
AIR109275,2020-02-18,Tamil Nadu,Tamil Nadu City 3,4G,Enterprise,5.1
AIR109276,2020-03-04,Rajasthan,Rajasthan City 1,5G,Prepaid,5.1
AIR109277,2019-08-31,Karnataka,Karnataka City 2,4G,Prepaid,5.7
AIR109278,2023-12-10,Tamil Nadu,Tamil Nadu City 1,4G,Prepaid,1.5
AIR109279,2022-01-03,Telangana,Telangana City 1,4G,Prepaid,3.5
AIR109280,2019-04-22,Gujarat,Gujarat City 3,4G,Broadband,6.3
AIR109281,2021-02-20,Gujarat,Gujarat City 3,4G,Prepaid,4.6
AIR109282,2021-08-27,Kerala,Kerala City 3,4G,Broadband,4.1
AIR109283,2023-06-22,Delhi,Delhi City 2,5G,Prepaid,2.4
AIR109284,2019-12-26,Delhi,Delhi City 3,5G,Broadband,6
AIR109285,2021-02-05,Maharashtra,Maharashtra City 1,4G,Postpaid,4
AIR109286,2021-07-07,Uttar Pradesh,Uttar Pradesh City 2,4G,Prepaid,3.7
AIR109287,2019-06-17,West Bengal,West Bengal City 3,4G,Prepaid,5.8
AIR109288,2021-02-26,Telangana,Telangana City 1,5G,Prepaid,4.2
AIR109289,2024-05-05,Rajasthan,Rajasthan City 1,4G,Prepaid,1.1
AIR109290,2024-02-13,Tamil Nadu,Tamil Nadu City 2,5G,Prepaid,1.4
AIR109291,2024-09-24,Telangana,Telangana City 1,5G,Prepaid,0.9
AIR109292,2021-11-07,Uttar Pradesh,Uttar Pradesh City 3,5G,Prepaid,3.9
AIR109293,2021-05-28,Delhi,Delhi City 1,5G,Postpaid,4.4
AIR109294,2021-01-27,Telangana,Telangana City 3,5G,Prepaid,4.8
AIR109295,2022-10-05,Tamil Nadu,Tamil Nadu City 3,4G,Postpaid,3.2
AIR109296,2020-11-18,Kerala,Kerala City 2,4G,Enterprise,4.2
AIR109297,2020-02-02,Maharashtra,Maharashtra City 1,4G,Prepaid,5.1
AIR109298,2024-05-27,Kerala,Kerala City 2,4G,Postpaid,0.9
AIR109299,2019-04-08,Delhi,Delhi City 2,4G,Prepaid,6.1
AIR109300,2024-04-03,Karnataka,Karnataka City 2,4G,Prepaid,1.2
AIR109301,2019-03-28,Delhi,Delhi City 3,4G,Postpaid,6.3
AIR109302,2023-11-02,Maharashtra,Maharashtra City 3,4G,Prepaid,1.8
AIR109303,2020-03-18,Tamil Nadu,Tamil Nadu City 3,4G,Prepaid,5.5
AIR109304,2020-11-12,Uttar Pradesh,Uttar Pradesh City 3,4G,Prepaid,4.9
AIR109305,2019-05-01,West Bengal,West Bengal City 1,4G,Broadband,6.5
AIR109306,2020-05-11,Kerala,Kerala City 1,4G,Postpaid,5.6
AIR109307,2020-09-03,Delhi,Delhi City 3,5G,Enterprise,4.5
AIR109308,2019-05-15,Uttar Pradesh,Uttar Pradesh City 3,4G,Broadband,5.8
AIR109309,2019-11-11,Kerala,Kerala City 1,4G,Prepaid,5.4
AIR109310,2024-10-17,Delhi,Delhi City 2,4G,Prepaid,0.6
AIR109311,2019-01-11,Maharashtra,Maharashtra City 2,4G,Prepaid,6.4
AIR109312,2021-05-18,Kerala,Kerala City 3,4G,Postpaid,4.2
AIR109313,2021-01-04,Delhi,Delhi City 2,5G,Postpaid,4.6
AIR109314,2022-02-07,Tamil Nadu,Tamil Nadu City 3,4G,Prepaid,3.6
AIR109315,2022-09-05,Maharashtra,Maharashtra City 3,4G,Prepaid,3.1
AIR109316,2024-05-22,Uttar Pradesh,Uttar Pradesh City 3,4G,Prepaid,1.5
AIR109317,2019-01-16,Uttar Pradesh,Uttar Pradesh City 1,4G,Broadband,6.9
AIR109318,2023-07-10,West Bengal,West Bengal City 2,5G,Broadband,1.6
AIR109319,2022-05-09,Telangana,Telangana City 1,4G,Prepaid,2.9
AIR109320,2022-04-02,Karnataka,Karnataka City 2,5G,Prepaid,3
AIR109321,2019-01-07,Tamil Nadu,Tamil Nadu City 1,4G,Prepaid,6.4
AIR109322,2024-10-09,Maharashtra,Maharashtra City 1,5G,Broadband,0.7
AIR109323,2021-07-13,Kerala,Kerala City 3,4G,Enterprise,4
AIR109324,2020-09-23,Uttar Pradesh,Uttar Pradesh City 3,4G,Prepaid,4.9
AIR109325,2022-12-08,Tamil Nadu,Tamil Nadu City 1,5G,Prepaid,2.8
AIR109326,2021-07-24,Maharashtra,Maharashtra City 2,4G,Prepaid,4.2
AIR109327,2020-07-13,Maharashtra,Maharashtra City 2,4G,Postpaid,5.3
AIR109328,2019-04-01,Kerala,Kerala City 3,4G,Postpaid,6.7
AIR109329,2023-03-22,Maharashtra,Maharashtra City 3,4G,Postpaid,1.9
AIR109330,2020-03-21,Rajasthan,Rajasthan City 2,4G,Enterprise,5
AIR109331,2022-08-01,Tamil Nadu,Tamil Nadu City 2,4G,Prepaid,2.7
AIR109332,2022-11-17,Delhi,Delhi City 2,4G,Postpaid,2.5
AIR109333,2021-08-07,Uttar Pradesh,Uttar Pradesh City 3,4G,Prepaid,3.9
AIR109334,2024-03-20,Uttar Pradesh,Uttar Pradesh City 2,4G,Prepaid,1.3
AIR109335,2023-12-16,Delhi,Delhi City 3,4G,Postpaid,1.7
AIR109336,2019-11-26,Tamil Nadu,Tamil Nadu City 1,5G,Broadband,5.8
AIR109337,2024-06-29,Karnataka,Karnataka City 1,4G,Postpaid,1.3
AIR109338,2023-04-03,Tamil Nadu,Tamil Nadu City 1,5G,Postpaid,2.6
AIR109339,2021-11-10,Gujarat,Gujarat City 2,4G,Postpaid,4.1
AIR109340,2024-04-18,Maharashtra,Maharashtra City 3,4G,Prepaid,0.8
AIR109341,2023-12-25,Telangana,Telangana City 2,4G,Postpaid,1.2
AIR109342,2023-10-22,Kerala,Kerala City 3,4G,Postpaid,1.5
AIR109343,2023-12-20,Rajasthan,Rajasthan City 2,5G,Postpaid,1.4
AIR109344,2023-05-01,Telangana,Telangana City 1,4G,Postpaid,2.1
AIR109345,2024-01-03,Delhi,Delhi City 3,4G,Postpaid,1.5
AIR109346,2022-05-07,Kerala,Kerala City 2,5G,Broadband,3.3
AIR109347,2021-10-19,Kerala,Kerala City 3,5G,Prepaid,3.9
AIR109348,2023-07-09,Kerala,Kerala City 3,4G,Broadband,2.3
AIR109349,2020-07-25,Uttar Pradesh,Uttar Pradesh City 2,4G,Broadband,5.3
AIR109350,2020-03-13,Rajasthan,Rajasthan City 2,4G,Prepaid,5.8
AIR109351,2021-01-26,Uttar Pradesh,Uttar Pradesh City 3,4G,Postpaid,4.1
AIR109352,2020-08-13,Maharashtra,Maharashtra City 3,4G,Prepaid,4.6
AIR109353,2021-05-30,Gujarat,Gujarat City 1,4G,Prepaid,3.9
AIR109354,2024-11-14,West Bengal,West Bengal City 3,5G,Postpaid,0.5
AIR109355,2021-06-06,Rajasthan,Rajasthan City 1,4G,Broadband,4
AIR109356,2025-01-06,Telangana,Telangana City 1,4G,Prepaid,0.5
AIR109357,2019-02-12,Maharashtra,Maharashtra City 1,5G,Broadband,6.5
AIR109358,2022-08-13,Tamil Nadu,Tamil Nadu City 3,4G,Postpaid,3.1
AIR109359,2021-07-01,Delhi,Delhi City 1,4G,Broadband,4.3
AIR109360,2019-08-06,Gujarat,Gujarat City 3,5G,Broadband,6.3
AIR109361,2025-01-02,Maharashtra,Maharashtra City 3,4G,Broadband,1
AIR109362,2019-04-29,Tamil Nadu,Tamil Nadu City 2,4G,Postpaid,5.8
AIR109363,2022-03-11,Gujarat,Gujarat City 3,4G,Broadband,3
AIR109364,2019-10-17,Tamil Nadu,Tamil Nadu City 3,4G,Prepaid,5.5
AIR109365,2023-07-21,Rajasthan,Rajasthan City 1,5G,Prepaid,1.8
AIR109366,2019-08-13,Tamil Nadu,Tamil Nadu City 3,4G,Prepaid,5.8
AIR109367,2021-06-12,Gujarat,Gujarat City 3,4G,Postpaid,4.1
AIR109368,2022-07-04,Tamil Nadu,Tamil Nadu City 2,4G,Prepaid,3.1
AIR109369,2019-09-02,Telangana,Telangana City 2,5G,Prepaid,6
AIR109370,2020-06-05,Maharashtra,Maharashtra City 1,4G,Broadband,5.4
AIR109371,2023-06-07,Gujarat,Gujarat City 1,4G,Postpaid,2.4
AIR109372,2022-03-08,Telangana,Telangana City 2,5G,Broadband,3.8
AIR109373,2019-04-29,Tamil Nadu,Tamil Nadu City 2,5G,Prepaid,5.8
AIR109374,2023-05-21,Tamil Nadu,Tamil Nadu City 3,4G,Prepaid,1.8
AIR109375,2020-07-24,Kerala,Kerala City 1,4G,Prepaid,4.7
AIR109376,2024-03-11,Gujarat,Gujarat City 1,4G,Prepaid,1.2
AIR109377,2022-04-30,Rajasthan,Rajasthan City 3,4G,Prepaid,3.1
AIR109378,2021-07-31,Tamil Nadu,Tamil Nadu City 3,4G,Prepaid,4
AIR109379,2022-02-27,Delhi,Delhi City 1,4G,Prepaid,3.5
AIR109380,2019-09-18,Uttar Pradesh,Uttar Pradesh City 2,4G,Postpaid,6
AIR109381,2020-01-25,West Bengal,West Bengal City 2,4G,Prepaid,5.7
AIR109382,2020-10-06,Uttar Pradesh,Uttar Pradesh City 3,5G,Prepaid,5.1
AIR109383,2019-05-12,Rajasthan,Rajasthan City 1,4G,Postpaid,6.6
AIR109384,2020-02-12,Maharashtra,Maharashtra City 3,4G,Postpaid,5
AIR109385,2024-08-05,Karnataka,Karnataka City 2,5G,Broadband,0.6
AIR109386,2022-03-22,Delhi,Delhi City 2,4G,Postpaid,3.1
AIR109387,2020-07-20,Karnataka,Karnataka City 3,4G,Enterprise,4.8
AIR109388,2023-07-20,Tamil Nadu,Tamil Nadu City 2,4G,Broadband,1.9
AIR109389,2024-09-24,Maharashtra,Maharashtra City 1,4G,Postpaid,0.8
AIR109390,2020-11-16,Telangana,Telangana City 3,4G,Prepaid,4.7
AIR109391,2024-06-02,Tamil Nadu,Tamil Nadu City 3,4G,Prepaid,1.3
AIR109392,2024-05-06,Karnataka,Karnataka City 3,4G,Postpaid,1.4
AIR109393,2024-08-30,Tamil Nadu,Tamil Nadu City 2,4G,Postpaid,1.2
AIR109394,2024-06-29,West Bengal,West Bengal City 1,4G,Broadband,1.5
AIR109395,2022-04-03,Kerala,Kerala City 3,4G,Postpaid,2.9
AIR109396,2019-04-11,West Bengal,West Bengal City 3,4G,Enterprise,5.9
AIR109397,2020-10-22,Maharashtra,Maharashtra City 2,4G,Broadband,4.5
AIR109398,2024-07-19,Telangana,Telangana City 1,5G,Enterprise,0.8
AIR109399,2019-02-02,West Bengal,West Bengal City 3,4G,Prepaid,6.4
AIR109400,2019-08-24,Gujarat,Gujarat City 2,4G,Prepaid,5.9
AIR109401,2020-05-21,Telangana,Telangana City 3,5G,Postpaid,5.2
AIR109402,2019-11-28,Karnataka,Karnataka City 2,4G,Postpaid,5.8
AIR109403,2020-04-30,West Bengal,West Bengal City 1,5G,Prepaid,5.5
AIR109404,2019-04-30,Kerala,Kerala City 2,5G,Postpaid,6.5
AIR109405,2019-06-07,Telangana,Telangana City 3,4G,Postpaid,6.5
AIR109406,2021-04-29,Tamil Nadu,Tamil Nadu City 3,5G,Prepaid,3.8
AIR109407,2024-12-31,Kerala,Kerala City 2,4G,Postpaid,0.2
AIR109408,2020-11-23,Tamil Nadu,Tamil Nadu City 1,5G,Broadband,4.4
AIR109409,2021-11-17,West Bengal,West Bengal City 1,4G,Postpaid,3.5
AIR109410,2021-08-06,Delhi,Delhi City 3,4G,Postpaid,3.9
AIR109411,2023-05-22,Delhi,Delhi City 3,5G,Prepaid,2.1
AIR109412,2022-07-13,Karnataka,Karnataka City 2,4G,Postpaid,3.1
AIR109413,2024-09-29,Kerala,Kerala City 2,5G,Broadband,1
AIR109414,2024-11-26,Tamil Nadu,Tamil Nadu City 2,4G,Postpaid,0.9
AIR109415,2022-09-20,Rajasthan,Rajasthan City 1,4G,Prepaid,3.2
AIR109416,2019-05-14,Kerala,Kerala City 1,4G,Postpaid,6.6
AIR109417,2024-07-21,Gujarat,Gujarat City 3,4G,Broadband,0.6
AIR109418,2024-10-28,Karnataka,Karnataka City 3,4G,Prepaid,0.4
AIR109419,2021-10-03,Uttar Pradesh,Uttar Pradesh City 3,4G,Prepaid,3.5
AIR109420,2020-03-07,Uttar Pradesh,Uttar Pradesh City 2,4G,Prepaid,5.2
AIR109421,2023-02-13,Tamil Nadu,Tamil Nadu City 1,5G,Postpaid,2.3
AIR109422,2019-04-12,Delhi,Delhi City 3,4G,Postpaid,6.3
AIR109423,2019-11-27,Telangana,Telangana City 3,5G,Broadband,5.7
AIR109424,2020-01-11,Gujarat,Gujarat City 3,4G,Prepaid,5.7
AIR109425,2023-01-14,Uttar Pradesh,Uttar Pradesh City 3,4G,Postpaid,2.8
AIR109426,2021-02-02,Tamil Nadu,Tamil Nadu City 3,4G,Broadband,4.8
AIR109427,2024-03-08,Tamil Nadu,Tamil Nadu City 3,5G,Prepaid,1.8
AIR109428,2020-02-28,West Bengal,West Bengal City 1,4G,Postpaid,5
AIR109429,2021-11-14,Delhi,Delhi City 3,4G,Postpaid,3.3
AIR109430,2020-02-20,Kerala,Kerala City 1,5G,Prepaid,5.1
AIR109431,2019-10-29,Telangana,Telangana City 2,4G,Prepaid,5.5
AIR109432,2022-01-28,West Bengal,West Bengal City 1,5G,Postpaid,3.4
AIR109433,2022-11-12,Uttar Pradesh,Uttar Pradesh City 2,4G,Prepaid,2.7
AIR109434,2024-12-06,Telangana,Telangana City 1,4G,Prepaid,0.7
AIR109435,2023-08-14,Karnataka,Karnataka City 1,4G,Enterprise,2.1
AIR109436,2023-06-04,Delhi,Delhi City 3,4G,Postpaid,2.4
AIR109437,2020-10-23,Uttar Pradesh,Uttar Pradesh City 1,5G,Broadband,5.1
AIR109438,2019-12-25,Tamil Nadu,Tamil Nadu City 1,5G,Prepaid,6
AIR109439,2019-10-16,Uttar Pradesh,Uttar Pradesh City 3,4G,Broadband,5.3
AIR109440,2023-09-22,Rajasthan,Rajasthan City 2,5G,Postpaid,1.5
AIR109441,2024-08-06,Maharashtra,Maharashtra City 3,4G,Broadband,0.7
AIR109442,2024-05-11,Maharashtra,Maharashtra City 3,4G,Prepaid,1
AIR109443,2020-07-28,Uttar Pradesh,Uttar Pradesh City 3,4G,Postpaid,4.9
AIR109444,2020-12-17,Rajasthan,Rajasthan City 2,4G,Postpaid,4.6
AIR109445,2022-05-12,Uttar Pradesh,Uttar Pradesh City 1,4G,Postpaid,3.3
AIR109446,2022-04-17,Maharashtra,Maharashtra City 1,4G,Broadband,3.4
AIR109447,2021-10-09,West Bengal,West Bengal City 3,4G,Prepaid,4
AIR109448,2024-11-22,Karnataka,Karnataka City 3,5G,Broadband,1
AIR109449,2024-11-03,Maharashtra,Maharashtra City 1,5G,Broadband,1.1
AIR109450,2024-04-30,Karnataka,Karnataka City 1,4G,Postpaid,0.8
AIR109451,2023-02-12,Tamil Nadu,Tamil Nadu City 1,4G,Prepaid,2.1
AIR109452,2022-09-13,Karnataka,Karnataka City 2,4G,Broadband,2.6
AIR109453,2020-06-11,West Bengal,West Bengal City 2,5G,Postpaid,4.9
AIR109454,2023-12-20,Rajasthan,Rajasthan City 3,4G,Broadband,1.5
AIR109455,2022-03-25,Karnataka,Karnataka City 2,4G,Broadband,3.3
AIR109456,2022-10-12,Telangana,Telangana City 3,5G,Prepaid,2.8
AIR109457,2023-04-01,Kerala,Kerala City 1,4G,Postpaid,2.5
AIR109458,2021-11-30,Maharashtra,Maharashtra City 1,4G,Postpaid,3.9
AIR109459,2022-07-05,Rajasthan,Rajasthan City 3,4G,Broadband,3.4
AIR109460,2022-10-21,Gujarat,Gujarat City 1,4G,Prepaid,3.2
AIR109461,2020-07-08,Tamil Nadu,Tamil Nadu City 3,5G,Prepaid,4.6
AIR109462,2021-12-25,Kerala,Kerala City 3,4G,Broadband,3.2
AIR109463,2024-03-02,Telangana,Telangana City 3,4G,Prepaid,1.1
AIR109464,2020-12-31,Delhi,Delhi City 2,4G,Postpaid,4.4
AIR109465,2021-11-10,West Bengal,West Bengal City 3,4G,Prepaid,3.6
AIR109466,2025-01-03,Uttar Pradesh,Uttar Pradesh City 3,4G,Postpaid,0.5
AIR109467,2019-11-09,Kerala,Kerala City 3,4G,Postpaid,5.8
AIR109468,2019-11-12,Rajasthan,Rajasthan City 2,4G,Prepaid,5.8
AIR109469,2024-03-05,Rajasthan,Rajasthan City 1,4G,Enterprise,1.6
AIR109470,2023-01-11,Rajasthan,Rajasthan City 2,4G,Prepaid,2.8
AIR109471,2019-05-06,Tamil Nadu,Tamil Nadu City 3,4G,Prepaid,6.6
AIR109472,2020-05-10,Karnataka,Karnataka City 2,5G,Prepaid,4.8
AIR109473,2021-09-07,Maharashtra,Maharashtra City 1,4G,Postpaid,3.5
AIR109474,2021-01-13,Delhi,Delhi City 1,5G,Prepaid,4.3
AIR109475,2023-06-11,Uttar Pradesh,Uttar Pradesh City 3,4G,Prepaid,1.9
AIR109476,2020-11-30,Rajasthan,Rajasthan City 1,5G,Broadband,4.5
AIR109477,2024-07-21,Uttar Pradesh,Uttar Pradesh City 2,4G,Prepaid,1
AIR109478,2024-09-23,Gujarat,Gujarat City 2,4G,Prepaid,0.9
AIR109479,2021-04-15,Tamil Nadu,Tamil Nadu City 1,4G,Prepaid,4.4
AIR109480,2021-08-21,Rajasthan,Rajasthan City 3,4G,Prepaid,4.2
AIR109481,2021-06-29,Gujarat,Gujarat City 3,5G,Prepaid,4.4
AIR109482,2020-12-28,Delhi,Delhi City 2,4G,Prepaid,5
AIR109483,2019-04-08,Delhi,Delhi City 1,4G,Prepaid,5.9
AIR109484,2022-07-18,Maharashtra,Maharashtra City 2,5G,Prepaid,2.7
AIR109485,2023-01-07,Telangana,Telangana City 2,4G,Prepaid,2.3
AIR109486,2022-01-19,Maharashtra,Maharashtra City 2,4G,Postpaid,3.3
AIR109487,2023-08-05,Karnataka,Karnataka City 3,4G,Postpaid,1.9
AIR109488,2024-08-05,Uttar Pradesh,Uttar Pradesh City 1,4G,Prepaid,0.9
AIR109489,2024-12-04,West Bengal,West Bengal City 1,5G,Broadband,0.7
AIR109490,2019-03-12,Delhi,Delhi City 3,4G,Broadband,6.5
AIR109491,2022-09-27,West Bengal,West Bengal City 2,4G,Enterprise,3
AIR109492,2021-01-27,Tamil Nadu,Tamil Nadu City 2,4G,Prepaid,4.8
AIR109493,2020-12-26,Kerala,Kerala City 3,4G,Postpaid,5
AIR109494,2019-04-17,Rajasthan,Rajasthan City 1,4G,Prepaid,5.8
AIR109495,2021-02-13,Tamil Nadu,Tamil Nadu City 3,4G,Broadband,4.1
AIR109496,2022-02-04,Delhi,Delhi City 1,4G,Prepaid,3.2
AIR109497,2022-01-14,Gujarat,Gujarat City 1,5G,Prepaid,3.3
AIR109498,2022-06-04,Uttar Pradesh,Uttar Pradesh City 1,4G,Postpaid,3
AIR109499,2022-06-28,West Bengal,West Bengal City 2,4G,Postpaid,3
AIR109500,2024-09-20,Maharashtra,Maharashtra City 2,4G,Postpaid,0.9
AIR109501,2022-12-20,Kerala,Kerala City 3,5G,Prepaid,2.7
AIR109502,2019-03-22,Telangana,Telangana City 3,4G,Prepaid,6.6
AIR109503,2021-07-04,Tamil Nadu,Tamil Nadu City 2,5G,Broadband,4.4
AIR109504,2019-09-19,Telangana,Telangana City 3,5G,Broadband,6.2
AIR109505,2022-11-19,West Bengal,West Bengal City 2,5G,Postpaid,2.2
AIR109506,2022-09-15,West Bengal,West Bengal City 2,4G,Postpaid,2.5
AIR109507,2021-03-18,Rajasthan,Rajasthan City 1,4G,Prepaid,4.1
AIR109508,2024-04-03,Gujarat,Gujarat City 1,4G,Prepaid,1.1
AIR109509,2020-07-01,Gujarat,Gujarat City 2,5G,Prepaid,5
AIR109510,2024-11-15,Karnataka,Karnataka City 1,5G,Postpaid,0.7
AIR109511,2022-03-14,Maharashtra,Maharashtra City 2,5G,Postpaid,3.4
AIR109512,2024-05-26,Delhi,Delhi City 1,4G,Postpaid,1.3
AIR109513,2024-12-14,Delhi,Delhi City 3,4G,Prepaid,0.8
AIR109514,2022-08-20,West Bengal,West Bengal City 3,4G,Prepaid,3.2
AIR109515,2021-03-05,Tamil Nadu,Tamil Nadu City 2,4G,Prepaid,4.8
AIR109516,2022-11-03,Uttar Pradesh,Uttar Pradesh City 2,4G,Postpaid,2.3
AIR109517,2021-04-19,Delhi,Delhi City 1,4G,Prepaid,3.9
AIR109518,2020-07-01,Delhi,Delhi City 1,5G,Postpaid,4.8
AIR109519,2019-03-08,Tamil Nadu,Tamil Nadu City 2,4G,Postpaid,6.2
AIR109520,2020-11-12,Maharashtra,Maharashtra City 3,5G,Prepaid,4.6
AIR109521,2023-02-07,Kerala,Kerala City 3,5G,Prepaid,2.4
AIR109522,2023-06-22,Gujarat,Gujarat City 2,4G,Postpaid,2.1
AIR109523,2021-04-16,Rajasthan,Rajasthan City 3,4G,Prepaid,4.4
AIR109524,2022-12-27,Rajasthan,Rajasthan City 2,4G,Postpaid,2.8
AIR109525,2023-11-21,Rajasthan,Rajasthan City 1,4G,Postpaid,2
AIR109526,2022-08-18,Tamil Nadu,Tamil Nadu City 3,4G,Prepaid,3.3
AIR109527,2020-07-28,Rajasthan,Rajasthan City 3,4G,Postpaid,4.6
AIR109528,2022-01-06,West Bengal,West Bengal City 1,5G,Broadband,3.2
AIR109529,2019-01-30,Karnataka,Karnataka City 1,4G,Postpaid,6.2
AIR109530,2022-10-07,Tamil Nadu,Tamil Nadu City 3,5G,Enterprise,2.6
AIR109531,2021-04-10,Tamil Nadu,Tamil Nadu City 3,5G,Prepaid,4.2
AIR109532,2022-02-12,Gujarat,Gujarat City 2,4G,Postpaid,3.4
AIR109533,2023-03-09,Rajasthan,Rajasthan City 2,4G,Postpaid,2.4
AIR109534,2024-07-24,Telangana,Telangana City 3,5G,Broadband,1.1
AIR109535,2020-06-18,Kerala,Kerala City 2,4G,Prepaid,5.3
AIR109536,2020-01-04,Karnataka,Karnataka City 1,4G,Prepaid,5.9
AIR109537,2023-10-16,Tamil Nadu,Tamil Nadu City 2,5G,Prepaid,2.2
AIR109538,2019-10-29,Karnataka,Karnataka City 2,4G,Broadband,5.3
AIR109539,2023-08-22,Tamil Nadu,Tamil Nadu City 3,4G,Prepaid,1.6
AIR109540,2021-04-16,Maharashtra,Maharashtra City 2,4G,Broadband,4
AIR109541,2022-07-23,Gujarat,Gujarat City 3,4G,Prepaid,2.8
AIR109542,2020-05-25,West Bengal,West Bengal City 3,5G,Prepaid,5.1
AIR109543,2021-06-05,Maharashtra,Maharashtra City 3,5G,Prepaid,4.1
AIR109544,2023-04-08,Uttar Pradesh,Uttar Pradesh City 1,4G,Postpaid,2.4
AIR109545,2024-08-08,Rajasthan,Rajasthan City 2,5G,Broadband,1.1
AIR109546,2021-03-05,Uttar Pradesh,Uttar Pradesh City 2,5G,Prepaid,4.6
AIR109547,2024-02-15,Kerala,Kerala City 2,4G,Broadband,1.7
AIR109548,2022-12-02,Telangana,Telangana City 3,4G,Prepaid,3
AIR109549,2023-12-06,West Bengal,West Bengal City 1,4G,Postpaid,1.2
AIR109550,2019-10-04,Maharashtra,Maharashtra City 3,4G,Postpaid,5.4
AIR109551,2019-08-18,Karnataka,Karnataka City 2,4G,Prepaid,5.7
AIR109552,2024-03-06,Karnataka,Karnataka City 3,4G,Prepaid,1.2
AIR109553,2023-10-17,Kerala,Kerala City 3,4G,Prepaid,1.7
AIR109554,2022-03-26,Tamil Nadu,Tamil Nadu City 2,5G,Prepaid,3.3
AIR109555,2024-08-22,Karnataka,Karnataka City 3,5G,Broadband,1
AIR109556,2023-03-07,Rajasthan,Rajasthan City 3,4G,Enterprise,2.5
AIR109557,2020-09-06,Telangana,Telangana City 1,5G,Postpaid,5.1
AIR109558,2024-11-20,Gujarat,Gujarat City 3,4G,Postpaid,1
AIR109559,2022-04-08,Rajasthan,Rajasthan City 1,4G,Prepaid,3.7
AIR109560,2024-11-26,Telangana,Telangana City 2,4G,Prepaid,0.2
AIR109561,2024-12-13,Kerala,Kerala City 1,5G,Broadband,0.3
AIR109562,2019-05-28,Rajasthan,Rajasthan City 3,5G,Postpaid,5.9
AIR109563,2020-03-11,Gujarat,Gujarat City 2,5G,Postpaid,5.2
AIR109564,2022-12-28,Gujarat,Gujarat City 3,5G,Postpaid,2.5
AIR109565,2019-04-22,Delhi,Delhi City 3,4G,Prepaid,6.2
AIR109566,2023-01-18,Tamil Nadu,Tamil Nadu City 1,5G,Prepaid,2.6
AIR109567,2023-11-28,Kerala,Kerala City 3,4G,Postpaid,1.8
AIR109568,2022-01-01,Rajasthan,Rajasthan City 1,4G,Postpaid,3.8
AIR109569,2021-08-11,West Bengal,West Bengal City 2,4G,Broadband,4.3
AIR109570,2023-02-07,West Bengal,West Bengal City 2,5G,Prepaid,2.9
AIR109571,2022-07-20,Kerala,Kerala City 3,4G,Prepaid,2.6
AIR109572,2021-08-15,Rajasthan,Rajasthan City 1,4G,Prepaid,3.6
AIR109573,2021-01-05,Maharashtra,Maharashtra City 3,4G,Postpaid,4.3
AIR109574,2021-05-22,Maharashtra,Maharashtra City 3,4G,Postpaid,4
AIR109575,2019-04-04,Tamil Nadu,Tamil Nadu City 3,4G,Prepaid,6.2
AIR109576,2020-10-29,Rajasthan,Rajasthan City 3,4G,Postpaid,4.7
AIR109577,2020-05-29,Gujarat,Gujarat City 1,4G,Postpaid,5.2
AIR109578,2022-05-28,Karnataka,Karnataka City 3,5G,Prepaid,3.3
AIR109579,2019-07-13,West Bengal,West Bengal City 2,5G,Prepaid,6.3
AIR109580,2024-10-02,Rajasthan,Rajasthan City 1,4G,Prepaid,1.1
AIR109581,2021-07-22,Rajasthan,Rajasthan City 3,5G,Prepaid,4.4
AIR109582,2021-03-22,Karnataka,Karnataka City 1,4G,Postpaid,3.9
AIR109583,2023-05-31,Karnataka,Karnataka City 3,4G,Prepaid,1.8
AIR109584,2023-10-20,Telangana,Telangana City 2,4G,Prepaid,1.5
AIR109585,2024-05-30,Delhi,Delhi City 2,4G,Prepaid,1
AIR109586,2023-03-01,Tamil Nadu,Tamil Nadu City 2,4G,Prepaid,2.3
AIR109587,2023-07-12,West Bengal,West Bengal City 1,4G,Enterprise,2
AIR109588,2023-01-18,Karnataka,Karnataka City 2,4G,Prepaid,2.6
AIR109589,2024-06-24,Maharashtra,Maharashtra City 3,4G,Postpaid,1.2
AIR109590,2023-09-19,Kerala,Kerala City 3,5G,Prepaid,2.1
AIR109591,2021-10-28,Maharashtra,Maharashtra City 3,4G,Broadband,4
AIR109592,2024-11-08,Telangana,Telangana City 1,5G,Broadband,1.1
AIR109593,2019-12-12,Telangana,Telangana City 1,4G,Prepaid,5.2
AIR109594,2019-12-17,Karnataka,Karnataka City 2,5G,Broadband,5.2
AIR109595,2019-07-29,Telangana,Telangana City 1,4G,Prepaid,5.7
AIR109596,2020-11-26,Gujarat,Gujarat City 3,5G,Prepaid,4.5
AIR109597,2022-06-18,Uttar Pradesh,Uttar Pradesh City 3,5G,Prepaid,3
AIR109598,2023-06-30,Rajasthan,Rajasthan City 3,4G,Prepaid,2
AIR109599,2023-04-07,Rajasthan,Rajasthan City 1,4G,Prepaid,2.4
AIR109600,2021-05-14,Karnataka,Karnataka City 3,4G,Prepaid,4.3
AIR109601,2021-02-24,Telangana,Telangana City 2,5G,Prepaid,4.6
AIR109602,2024-05-14,Kerala,Kerala City 1,4G,Postpaid,1.5
AIR109603,2023-04-08,Gujarat,Gujarat City 3,4G,Prepaid,2.7
AIR109604,2019-04-21,Tamil Nadu,Tamil Nadu City 3,4G,Prepaid,5.8
AIR109605,2022-02-27,Telangana,Telangana City 1,4G,Postpaid,3
AIR109606,2020-10-27,Gujarat,Gujarat City 1,4G,Prepaid,4.5
AIR109607,2020-07-14,Delhi,Delhi City 2,5G,Prepaid,4.8
AIR109608,2019-02-22,Tamil Nadu,Tamil Nadu City 1,4G,Prepaid,6.3
AIR109609,2021-06-20,Rajasthan,Rajasthan City 3,5G,Postpaid,4.1
AIR109610,2023-07-23,Delhi,Delhi City 2,4G,Prepaid,2.1
AIR109611,2023-02-23,Karnataka,Karnataka City 3,4G,Broadband,2.6
AIR109612,2024-12-31,West Bengal,West Bengal City 3,4G,Prepaid,0.8
AIR109613,2022-04-18,Karnataka,Karnataka City 3,5G,Prepaid,3.6
AIR109614,2023-03-23,Kerala,Kerala City 1,4G,Prepaid,2.7
AIR109615,2020-12-18,Gujarat,Gujarat City 1,4G,Enterprise,4.2
AIR109616,2020-10-16,West Bengal,West Bengal City 3,4G,Postpaid,4.4
AIR109617,2022-02-05,Tamil Nadu,Tamil Nadu City 1,4G,Prepaid,3.2
AIR109618,2023-11-11,Tamil Nadu,Tamil Nadu City 3,5G,Prepaid,1.5
AIR109619,2023-02-07,Delhi,Delhi City 1,4G,Postpaid,2.4
AIR109620,2024-11-19,Kerala,Kerala City 1,4G,Prepaid,0.7
AIR109621,2023-10-16,Rajasthan,Rajasthan City 1,4G,Postpaid,1.8
AIR109622,2023-09-18,Telangana,Telangana City 2,4G,Postpaid,2
AIR109623,2024-07-08,Telangana,Telangana City 1,4G,Prepaid,1.3
AIR109624,2021-12-17,West Bengal,West Bengal City 2,4G,Prepaid,3.9
AIR109625,2019-03-29,Kerala,Kerala City 2,4G,Postpaid,6.7
AIR109626,2022-02-19,Kerala,Kerala City 2,4G,Postpaid,3
AIR109627,2022-06-21,Tamil Nadu,Tamil Nadu City 3,4G,Broadband,2.7
AIR109628,2021-12-26,Rajasthan,Rajasthan City 1,4G,Prepaid,3.3
AIR109629,2024-09-18,Gujarat,Gujarat City 3,4G,Postpaid,0.7
AIR109630,2022-05-20,Rajasthan,Rajasthan City 2,4G,Prepaid,3.1
AIR109631,2021-12-15,Maharashtra,Maharashtra City 1,4G,Prepaid,3.6
AIR109632,2019-10-18,Kerala,Kerala City 3,4G,Postpaid,5.8
AIR109633,2023-07-01,Karnataka,Karnataka City 2,5G,Broadband,2.2
AIR109634,2020-12-07,Uttar Pradesh,Uttar Pradesh City 3,4G,Prepaid,4.9
AIR109635,2021-03-09,Kerala,Kerala City 3,4G,Postpaid,4.7
AIR109636,2023-01-12,West Bengal,West Bengal City 1,4G,Postpaid,2.9
AIR109637,2021-04-23,Karnataka,Karnataka City 1,4G,Prepaid,3.8
AIR109638,2021-07-02,West Bengal,West Bengal City 3,5G,Broadband,3.7
AIR109639,2019-12-10,Delhi,Delhi City 1,4G,Postpaid,5.3
AIR109640,2023-04-21,Uttar Pradesh,Uttar Pradesh City 1,4G,Postpaid,2.1
AIR109641,2021-09-03,Uttar Pradesh,Uttar Pradesh City 3,4G,Postpaid,3.8
AIR109642,2024-09-23,Tamil Nadu,Tamil Nadu City 1,5G,Postpaid,0.8
AIR109643,2022-04-15,Kerala,Kerala City 1,5G,Broadband,3.3
AIR109644,2023-07-07,Tamil Nadu,Tamil Nadu City 2,4G,Prepaid,2.2
AIR109645,2019-05-02,Telangana,Telangana City 1,5G,Prepaid,6.5
AIR109646,2019-10-02,West Bengal,West Bengal City 2,4G,Broadband,6.1
AIR109647,2021-08-17,Maharashtra,Maharashtra City 3,4G,Broadband,4.3
AIR109648,2019-11-08,Maharashtra,Maharashtra City 2,4G,Prepaid,5.3
AIR109649,2022-09-14,Telangana,Telangana City 3,4G,Prepaid,2.5
AIR109650,2022-01-31,Delhi,Delhi City 1,4G,Postpaid,3.2
AIR109651,2020-11-18,Maharashtra,Maharashtra City 1,5G,Prepaid,4.5
AIR109652,2022-06-22,West Bengal,West Bengal City 2,4G,Prepaid,3
AIR109653,2022-03-02,Maharashtra,Maharashtra City 3,4G,Prepaid,3.4
AIR109654,2021-05-05,Telangana,Telangana City 1,4G,Postpaid,4.3
AIR109655,2023-12-21,Karnataka,Karnataka City 2,4G,Prepaid,1.7
AIR109656,2019-12-07,Tamil Nadu,Tamil Nadu City 2,4G,Postpaid,5.9
AIR109657,2019-01-22,Gujarat,Gujarat City 2,4G,Postpaid,6.8
AIR109658,2024-06-27,West Bengal,West Bengal City 1,4G,Postpaid,1.5
AIR109659,2021-08-27,Tamil Nadu,Tamil Nadu City 3,4G,Prepaid,3.5
AIR109660,2024-07-05,Uttar Pradesh,Uttar Pradesh City 1,4G,Prepaid,0.7
AIR109661,2019-12-11,Rajasthan,Rajasthan City 1,4G,Prepaid,5.3
AIR109662,2023-09-26,Maharashtra,Maharashtra City 3,4G,Postpaid,1.6
AIR109663,2023-01-24,Maharashtra,Maharashtra City 2,4G,Postpaid,2.4
AIR109664,2024-02-26,Delhi,Delhi City 1,4G,Prepaid,1.4
AIR109665,2019-07-19,Tamil Nadu,Tamil Nadu City 2,4G,Postpaid,6.1
AIR109666,2024-08-14,Rajasthan,Rajasthan City 2,4G,Postpaid,1.1
AIR109667,2023-11-06,Maharashtra,Maharashtra City 3,5G,Prepaid,1.9
AIR109668,2020-06-23,Uttar Pradesh,Uttar Pradesh City 3,5G,Prepaid,5.4
AIR109669,2022-03-21,Delhi,Delhi City 3,5G,Broadband,3.7
AIR109670,2024-08-22,Tamil Nadu,Tamil Nadu City 2,4G,Postpaid,0.5
AIR109671,2021-09-04,Delhi,Delhi City 2,4G,Enterprise,3.5
AIR109672,2023-01-28,Tamil Nadu,Tamil Nadu City 1,4G,Prepaid,2.2
AIR109673,2019-10-13,Kerala,Kerala City 2,4G,Broadband,5.6
AIR109674,2023-06-26,Kerala,Kerala City 3,4G,Prepaid,2
AIR109675,2022-05-22,Telangana,Telangana City 3,5G,Prepaid,3.1
AIR109676,2019-04-23,West Bengal,West Bengal City 3,4G,Postpaid,6.3
AIR109677,2019-12-04,Delhi,Delhi City 3,4G,Prepaid,5.8
AIR109678,2019-03-31,Telangana,Telangana City 2,4G,Postpaid,6.5
AIR109679,2023-02-08,Delhi,Delhi City 3,4G,Prepaid,2.8
AIR109680,2021-11-19,Maharashtra,Maharashtra City 1,4G,Broadband,4.1
AIR109681,2023-04-13,Gujarat,Gujarat City 2,4G,Postpaid,1.8
AIR109682,2022-11-12,Delhi,Delhi City 3,4G,Broadband,2.3
AIR109683,2023-05-23,Maharashtra,Maharashtra City 1,5G,Prepaid,1.9
AIR109684,2019-12-23,Rajasthan,Rajasthan City 3,4G,Postpaid,5.4
AIR109685,2020-04-03,Kerala,Kerala City 2,5G,Prepaid,5.2
AIR109686,2020-04-15,Telangana,Telangana City 2,4G,Postpaid,5.2
AIR109687,2023-10-05,Gujarat,Gujarat City 1,4G,Postpaid,1.9
AIR109688,2022-02-15,Uttar Pradesh,Uttar Pradesh City 2,4G,Prepaid,3.6
AIR109689,2019-11-04,Kerala,Kerala City 1,5G,Prepaid,5.9
AIR109690,2020-07-17,Telangana,Telangana City 3,4G,Postpaid,5.3
AIR109691,2021-11-04,Gujarat,Gujarat City 2,4G,Postpaid,4.1
AIR109692,2022-01-24,Uttar Pradesh,Uttar Pradesh City 3,4G,Prepaid,3.1
AIR109693,2020-09-01,Karnataka,Karnataka City 3,4G,Postpaid,4.5
AIR109694,2019-02-24,Maharashtra,Maharashtra City 2,4G,Postpaid,6.1
AIR109695,2022-07-25,Karnataka,Karnataka City 3,5G,Postpaid,2.8
AIR109696,2020-02-17,Maharashtra,Maharashtra City 1,4G,Prepaid,5.3
AIR109697,2023-02-03,Tamil Nadu,Tamil Nadu City 1,4G,Postpaid,2.4
AIR109698,2019-02-07,West Bengal,West Bengal City 1,5G,Postpaid,6.5
AIR109699,2021-02-08,Gujarat,Gujarat City 2,5G,Postpaid,4.6
AIR109700,2019-07-02,Karnataka,Karnataka City 3,4G,Broadband,6.3
AIR109701,2022-05-21,West Bengal,West Bengal City 3,4G,Prepaid,3.5
AIR109702,2019-05-06,Gujarat,Gujarat City 3,4G,Prepaid,6.6
AIR109703,2019-05-20,Telangana,Telangana City 3,5G,Prepaid,5.7
AIR109704,2020-09-12,Tamil Nadu,Tamil Nadu City 1,5G,Prepaid,4.5
AIR109705,2023-03-25,Telangana,Telangana City 2,5G,Prepaid,2.1
AIR109706,2023-01-26,Maharashtra,Maharashtra City 1,4G,Broadband,2.3
AIR109707,2019-02-01,West Bengal,West Bengal City 1,4G,Broadband,6.4
AIR109708,2019-08-23,Gujarat,Gujarat City 2,4G,Prepaid,5.9
AIR109709,2019-03-14,Delhi,Delhi City 2,4G,Prepaid,6.4
AIR109710,2020-04-16,West Bengal,West Bengal City 1,5G,Prepaid,5.4
AIR109711,2023-07-30,Rajasthan,Rajasthan City 3,4G,Broadband,2.2
AIR109712,2023-11-25,Uttar Pradesh,Uttar Pradesh City 2,4G,Broadband,2
AIR109713,2020-09-19,Karnataka,Karnataka City 2,5G,Prepaid,5.2
AIR109714,2020-10-29,Gujarat,Gujarat City 1,4G,Postpaid,4.3
AIR109715,2020-08-16,Kerala,Kerala City 3,4G,Prepaid,4.6
AIR109716,2024-05-10,Kerala,Kerala City 2,5G,Prepaid,0.9
AIR109717,2019-06-16,Uttar Pradesh,Uttar Pradesh City 1,5G,Prepaid,5.9
AIR109718,2024-03-18,Maharashtra,Maharashtra City 2,5G,Postpaid,1.2
AIR109719,2021-08-26,West Bengal,West Bengal City 3,4G,Prepaid,3.9
AIR109720,2024-07-20,West Bengal,West Bengal City 1,4G,Prepaid,1.1
AIR109721,2019-06-28,Kerala,Kerala City 1,4G,Prepaid,6.2
AIR109722,2024-07-14,West Bengal,West Bengal City 3,5G,Prepaid,1.3
AIR109723,2024-08-13,Uttar Pradesh,Uttar Pradesh City 1,4G,Postpaid,1.3
AIR109724,2019-12-02,West Bengal,West Bengal City 3,5G,Prepaid,6
AIR109725,2019-07-14,Maharashtra,Maharashtra City 1,4G,Broadband,5.6
AIR109726,2024-06-14,Karnataka,Karnataka City 3,4G,Prepaid,0.8
AIR109727,2022-09-29,Rajasthan,Rajasthan City 2,5G,Prepaid,2.5
AIR109728,2022-05-16,Karnataka,Karnataka City 2,5G,Prepaid,3
AIR109729,2024-05-13,Rajasthan,Rajasthan City 2,4G,Prepaid,1.1
AIR109730,2023-03-07,Delhi,Delhi City 1,5G,Prepaid,2.4
AIR109731,2024-12-17,Karnataka,Karnataka City 3,5G,Prepaid,0.7
AIR109732,2024-07-25,Uttar Pradesh,Uttar Pradesh City 3,5G,Broadband,1.1
AIR109733,2023-08-23,Tamil Nadu,Tamil Nadu City 2,5G,Postpaid,2.1
AIR109734,2023-12-06,Delhi,Delhi City 2,5G,Broadband,1.9
AIR109735,2023-11-19,Rajasthan,Rajasthan City 2,4G,Prepaid,2.1
AIR109736,2019-01-24,Rajasthan,Rajasthan City 3,4G,Postpaid,6.1
AIR109737,2020-01-12,Delhi,Delhi City 2,4G,Prepaid,5.2
AIR109738,2021-02-17,Rajasthan,Rajasthan City 1,4G,Postpaid,4.2
AIR109739,2022-03-25,Gujarat,Gujarat City 2,4G,Enterprise,3.1
AIR109740,2024-11-10,Tamil Nadu,Tamil Nadu City 2,4G,Broadband,0.6
AIR109741,2024-03-11,Uttar Pradesh,Uttar Pradesh City 3,4G,Prepaid,1.3
AIR109742,2023-11-09,Gujarat,Gujarat City 1,5G,Prepaid,1.8
AIR109743,2024-12-08,Rajasthan,Rajasthan City 3,5G,Prepaid,0.8
AIR109744,2021-06-18,Karnataka,Karnataka City 1,4G,Prepaid,4.3
AIR109745,2020-08-09,Gujarat,Gujarat City 1,4G,Prepaid,5.3
AIR109746,2021-11-20,Karnataka,Karnataka City 2,5G,Prepaid,4.1
AIR109747,2020-09-01,Delhi,Delhi City 2,5G,Prepaid,4.5
AIR109748,2024-12-16,West Bengal,West Bengal City 3,5G,Prepaid,0.2
AIR109749,2021-03-17,Telangana,Telangana City 3,5G,Prepaid,4.1
AIR109750,2023-06-19,Rajasthan,Rajasthan City 3,5G,Postpaid,1.9
AIR109751,2023-08-27,Telangana,Telangana City 1,4G,Prepaid,1.8
AIR109752,2024-06-09,Tamil Nadu,Tamil Nadu City 3,4G,Prepaid,1.1
AIR109753,2022-09-13,Karnataka,Karnataka City 1,5G,Postpaid,2.9
AIR109754,2019-04-19,Gujarat,Gujarat City 1,4G,Postpaid,6.4
AIR109755,2020-06-09,Telangana,Telangana City 1,5G,Prepaid,5.3
AIR109756,2023-02-07,Maharashtra,Maharashtra City 1,4G,Broadband,2.8
AIR109757,2024-06-24,Rajasthan,Rajasthan City 1,5G,Prepaid,1.5
AIR109758,2021-08-07,Telangana,Telangana City 2,4G,Prepaid,3.5
AIR109759,2023-07-26,Gujarat,Gujarat City 1,4G,Prepaid,1.6
AIR109760,2021-05-01,Gujarat,Gujarat City 1,4G,Prepaid,4
AIR109761,2020-08-28,Tamil Nadu,Tamil Nadu City 2,5G,Postpaid,4.7
AIR109762,2023-06-13,Kerala,Kerala City 2,4G,Prepaid,2
AIR109763,2021-04-01,Uttar Pradesh,Uttar Pradesh City 2,5G,Prepaid,4.3
AIR109764,2019-11-03,Maharashtra,Maharashtra City 3,5G,Broadband,5.8
AIR109765,2021-06-28,Telangana,Telangana City 3,5G,Prepaid,4.2
AIR109766,2021-11-23,Uttar Pradesh,Uttar Pradesh City 1,5G,Postpaid,3.9
AIR109767,2022-09-30,Maharashtra,Maharashtra City 1,4G,Prepaid,3.1
AIR109768,2023-07-01,Kerala,Kerala City 1,4G,Prepaid,2.5
AIR109769,2023-07-30,Telangana,Telangana City 1,4G,Prepaid,1.5
AIR109770,2020-06-21,Maharashtra,Maharashtra City 2,5G,Postpaid,4.7
AIR109771,2021-07-16,Uttar Pradesh,Uttar Pradesh City 3,5G,Postpaid,3.7
AIR109772,2022-01-09,Karnataka,Karnataka City 2,4G,Prepaid,3.3
AIR109773,2020-12-05,Gujarat,Gujarat City 3,4G,Prepaid,4.5
AIR109774,2019-10-10,West Bengal,West Bengal City 2,4G,Broadband,5.8
AIR109775,2021-08-28,Delhi,Delhi City 1,4G,Broadband,4
AIR109776,2020-05-03,Rajasthan,Rajasthan City 3,4G,Postpaid,5.4
AIR109777,2024-09-20,West Bengal,West Bengal City 1,4G,Postpaid,1.1
AIR109778,2019-06-19,Telangana,Telangana City 3,4G,Broadband,6.4
AIR109779,2023-05-12,Telangana,Telangana City 3,4G,Prepaid,2.6
AIR109780,2021-05-17,Maharashtra,Maharashtra City 1,4G,Postpaid,3.8
AIR109781,2020-07-19,Gujarat,Gujarat City 1,4G,Postpaid,4.7
AIR109782,2022-11-18,Kerala,Kerala City 1,4G,Postpaid,2.4
AIR109783,2020-01-20,Tamil Nadu,Tamil Nadu City 2,4G,Prepaid,5.3
AIR109784,2024-03-26,Maharashtra,Maharashtra City 3,4G,Postpaid,1.2
AIR109785,2019-03-22,Tamil Nadu,Tamil Nadu City 3,4G,Postpaid,6.3
AIR109786,2023-04-11,Delhi,Delhi City 3,4G,Broadband,2.3
AIR109787,2019-08-26,Uttar Pradesh,Uttar Pradesh City 1,4G,Postpaid,6.1
AIR109788,2021-01-06,Maharashtra,Maharashtra City 3,5G,Broadband,4.8
AIR109789,2021-04-19,Delhi,Delhi City 3,4G,Broadband,4.6
AIR109790,2024-04-16,Rajasthan,Rajasthan City 1,4G,Prepaid,1.7
AIR109791,2023-01-03,Maharashtra,Maharashtra City 1,4G,Prepaid,2.1
AIR109792,2019-03-29,Gujarat,Gujarat City 3,4G,Postpaid,6
AIR109793,2024-09-02,Gujarat,Gujarat City 2,5G,Broadband,0.6
AIR109794,2019-11-28,Telangana,Telangana City 1,4G,Prepaid,5.5
AIR109795,2019-07-08,Rajasthan,Rajasthan City 2,4G,Postpaid,5.9
AIR109796,2019-12-19,Telangana,Telangana City 2,4G,Prepaid,5.6
AIR109797,2022-01-16,Tamil Nadu,Tamil Nadu City 2,4G,Prepaid,3.6
AIR109798,2024-07-24,West Bengal,West Bengal City 2,4G,Postpaid,1.1
AIR109799,2021-05-09,Kerala,Kerala City 1,4G,Postpaid,4.4
AIR109800,2019-06-16,Rajasthan,Rajasthan City 3,4G,Postpaid,6.4
AIR109801,2023-09-26,Uttar Pradesh,Uttar Pradesh City 3,4G,Broadband,2.2
AIR109802,2019-04-11,Kerala,Kerala City 1,4G,Prepaid,5.9
AIR109803,2020-06-08,Kerala,Kerala City 1,5G,Prepaid,4.8
AIR109804,2022-03-16,Karnataka,Karnataka City 2,4G,Broadband,3.1
AIR109805,2020-05-02,Maharashtra,Maharashtra City 2,4G,Postpaid,5
AIR109806,2023-03-25,Uttar Pradesh,Uttar Pradesh City 1,4G,Prepaid,2.2
AIR109807,2024-10-29,Rajasthan,Rajasthan City 3,4G,Postpaid,0.7
AIR109808,2021-04-01,Telangana,Telangana City 2,5G,Broadband,4.4
AIR109809,2022-02-23,Tamil Nadu,Tamil Nadu City 1,4G,Postpaid,3.6
AIR109810,2023-05-25,Maharashtra,Maharashtra City 1,4G,Postpaid,2.4
AIR109811,2024-05-28,Karnataka,Karnataka City 1,4G,Prepaid,1.5
AIR109812,2023-09-02,Tamil Nadu,Tamil Nadu City 2,5G,Prepaid,2.3
AIR109813,2019-03-13,Rajasthan,Rajasthan City 1,4G,Broadband,5.9
AIR109814,2020-08-01,West Bengal,West Bengal City 3,5G,Postpaid,4.6
AIR109815,2022-05-18,Kerala,Kerala City 1,5G,Prepaid,2.9
AIR109816,2019-07-13,Karnataka,Karnataka City 2,4G,Postpaid,5.8
AIR109817,2020-06-21,Tamil Nadu,Tamil Nadu City 3,5G,Postpaid,5
AIR109818,2019-11-28,Telangana,Telangana City 3,4G,Prepaid,5.6
AIR109819,2019-10-20,Karnataka,Karnataka City 1,5G,Postpaid,5.8
AIR109820,2020-12-30,Tamil Nadu,Tamil Nadu City 1,5G,Prepaid,4.7
AIR109821,2019-02-05,Karnataka,Karnataka City 3,4G,Prepaid,6.7
AIR109822,2023-04-01,Telangana,Telangana City 1,4G,Postpaid,2.6
AIR109823,2022-01-06,Telangana,Telangana City 2,5G,Prepaid,3.9
AIR109824,2023-07-29,Uttar Pradesh,Uttar Pradesh City 3,4G,Prepaid,1.6
AIR109825,2019-09-02,Gujarat,Gujarat City 1,4G,Broadband,5.5
AIR109826,2024-10-02,Kerala,Kerala City 3,4G,Postpaid,0.5
AIR109827,2022-01-21,Maharashtra,Maharashtra City 1,5G,Postpaid,3.3
AIR109828,2024-01-24,Maharashtra,Maharashtra City 1,5G,Prepaid,1.4
AIR109829,2022-10-31,Rajasthan,Rajasthan City 2,4G,Prepaid,2.7
AIR109830,2019-07-09,Delhi,Delhi City 1,5G,Postpaid,6.1
AIR109831,2023-11-17,Rajasthan,Rajasthan City 1,4G,Prepaid,1.8
AIR109832,2024-07-04,Delhi,Delhi City 1,5G,Postpaid,1.3
AIR109833,2022-04-30,Karnataka,Karnataka City 2,4G,Prepaid,3.5
AIR109834,2020-09-07,Delhi,Delhi City 1,4G,Postpaid,5.3
AIR109835,2019-03-09,Gujarat,Gujarat City 1,4G,Prepaid,5.9
AIR109836,2022-03-24,Gujarat,Gujarat City 1,4G,Prepaid,3
AIR109837,2020-03-29,Kerala,Kerala City 3,4G,Enterprise,5
AIR109838,2023-03-12,Tamil Nadu,Tamil Nadu City 2,5G,Enterprise,2.2
AIR109839,2024-11-21,Maharashtra,Maharashtra City 3,4G,Prepaid,0.6
AIR109840,2020-04-10,Kerala,Kerala City 2,5G,Postpaid,5.3
AIR109841,2023-11-11,Gujarat,Gujarat City 2,4G,Postpaid,1.8
AIR109842,2022-02-23,Tamil Nadu,Tamil Nadu City 3,5G,Prepaid,3.6
AIR109843,2021-11-25,Rajasthan,Rajasthan City 2,4G,Prepaid,3.9
AIR109844,2022-06-19,Maharashtra,Maharashtra City 2,5G,Prepaid,3.4
AIR109845,2019-05-13,Uttar Pradesh,Uttar Pradesh City 3,4G,Postpaid,6.6
AIR109846,2021-06-10,Maharashtra,Maharashtra City 1,5G,Postpaid,3.7
AIR109847,2022-06-04,Karnataka,Karnataka City 2,5G,Broadband,2.8
AIR109848,2022-11-27,West Bengal,West Bengal City 3,4G,Postpaid,2.4
AIR109849,2020-01-31,Maharashtra,Maharashtra City 2,4G,Broadband,5.3
AIR109850,2024-11-07,Gujarat,Gujarat City 3,5G,Broadband,0.6
AIR109851,2019-03-24,Karnataka,Karnataka City 1,5G,Broadband,6.3
AIR109852,2023-03-04,Telangana,Telangana City 2,4G,Prepaid,2.5
AIR109853,2021-04-20,Delhi,Delhi City 1,4G,Prepaid,4.4
AIR109854,2022-01-12,Rajasthan,Rajasthan City 1,4G,Postpaid,3.8
AIR109855,2024-09-05,Uttar Pradesh,Uttar Pradesh City 3,4G,Postpaid,1.2
AIR109856,2020-01-14,Rajasthan,Rajasthan City 2,4G,Prepaid,5.9
AIR109857,2024-04-08,Telangana,Telangana City 2,4G,Broadband,0.9
AIR109858,2019-08-05,West Bengal,West Bengal City 2,4G,Enterprise,5.6
AIR109859,2020-01-16,Maharashtra,Maharashtra City 2,4G,Postpaid,5.2
AIR109860,2020-09-28,Kerala,Kerala City 2,5G,Postpaid,4.6
AIR109861,2021-03-10,Karnataka,Karnataka City 3,5G,Broadband,4.3
AIR109862,2019-10-10,Uttar Pradesh,Uttar Pradesh City 2,5G,Prepaid,5.8
AIR109863,2019-08-02,Telangana,Telangana City 1,5G,Prepaid,6
AIR109864,2022-03-25,West Bengal,West Bengal City 1,4G,Broadband,3.5
AIR109865,2024-08-08,Rajasthan,Rajasthan City 2,5G,Postpaid,1.2
AIR109866,2021-05-04,Telangana,Telangana City 3,5G,Prepaid,4.5
AIR109867,2020-09-08,Uttar Pradesh,Uttar Pradesh City 3,5G,Broadband,5.3
AIR109868,2024-09-19,Uttar Pradesh,Uttar Pradesh City 2,5G,Prepaid,0.4
AIR109869,2020-06-02,West Bengal,West Bengal City 1,4G,Postpaid,4.8
AIR109870,2021-10-25,Rajasthan,Rajasthan City 2,4G,Postpaid,3.5
AIR109871,2021-11-10,Gujarat,Gujarat City 2,4G,Prepaid,3.5
AIR109872,2020-10-07,Uttar Pradesh,Uttar Pradesh City 2,5G,Prepaid,4.7
AIR109873,2021-07-29,Karnataka,Karnataka City 3,4G,Broadband,4
AIR109874,2019-08-30,Karnataka,Karnataka City 3,5G,Prepaid,6
AIR109875,2021-07-19,Delhi,Delhi City 1,4G,Prepaid,4.2
AIR109876,2024-11-23,Rajasthan,Rajasthan City 1,4G,Postpaid,0.9
AIR109877,2019-12-09,Telangana,Telangana City 2,4G,Prepaid,5.9
AIR109878,2023-07-25,Karnataka,Karnataka City 1,4G,Broadband,2.4
AIR109879,2019-02-07,West Bengal,West Bengal City 2,4G,Prepaid,6
AIR109880,2019-12-02,Telangana,Telangana City 1,4G,Postpaid,5.3
AIR109881,2024-11-30,Rajasthan,Rajasthan City 2,4G,Prepaid,0.4
AIR109882,2019-09-08,West Bengal,West Bengal City 3,5G,Broadband,5.7
AIR109883,2021-06-30,Maharashtra,Maharashtra City 2,4G,Postpaid,4
AIR109884,2019-09-21,Tamil Nadu,Tamil Nadu City 3,5G,Prepaid,5.8
AIR109885,2021-06-17,Karnataka,Karnataka City 3,4G,Enterprise,4.2
AIR109886,2020-08-03,Karnataka,Karnataka City 1,4G,Prepaid,5.1
AIR109887,2023-11-26,Delhi,Delhi City 1,4G,Postpaid,1.9
AIR109888,2022-11-15,Gujarat,Gujarat City 3,5G,Enterprise,3
AIR109889,2021-10-06,Delhi,Delhi City 2,4G,Postpaid,4.2
AIR109890,2023-06-10,Rajasthan,Rajasthan City 2,4G,Postpaid,1.7
AIR109891,2023-10-20,Delhi,Delhi City 1,5G,Prepaid,1.4
AIR109892,2020-07-15,Gujarat,Gujarat City 2,4G,Prepaid,4.8
AIR109893,2022-03-03,Gujarat,Gujarat City 2,4G,Prepaid,3.2
AIR109894,2022-11-13,Uttar Pradesh,Uttar Pradesh City 2,5G,Enterprise,2.6
AIR109895,2023-11-01,Uttar Pradesh,Uttar Pradesh City 3,4G,Enterprise,1.7
AIR109896,2019-03-02,Tamil Nadu,Tamil Nadu City 3,4G,Prepaid,6.5
AIR109897,2023-11-01,West Bengal,West Bengal City 2,4G,Prepaid,1.9
AIR109898,2022-10-06,Maharashtra,Maharashtra City 1,4G,Prepaid,3
AIR109899,2020-10-18,Gujarat,Gujarat City 2,4G,Prepaid,5.1
AIR109900,2024-05-31,Maharashtra,Maharashtra City 1,4G,Prepaid,1.5
AIR109901,2019-06-18,Karnataka,Karnataka City 3,5G,Postpaid,5.7
AIR109902,2021-11-11,Kerala,Kerala City 2,4G,Broadband,3.3
AIR109903,2022-01-07,Tamil Nadu,Tamil Nadu City 2,4G,Postpaid,3.3
AIR109904,2024-03-21,Rajasthan,Rajasthan City 1,5G,Postpaid,1.1
AIR109905,2020-01-22,Telangana,Telangana City 1,4G,Postpaid,5.4
AIR109906,2023-06-01,Maharashtra,Maharashtra City 2,5G,Postpaid,2.1
AIR109907,2023-04-15,Delhi,Delhi City 2,5G,Postpaid,2.3
AIR109908,2023-09-11,Gujarat,Gujarat City 1,4G,Prepaid,2
AIR109909,2021-03-17,Maharashtra,Maharashtra City 3,4G,Prepaid,4.6
AIR109910,2020-10-02,Telangana,Telangana City 1,5G,Postpaid,5.1
AIR109911,2024-01-04,Gujarat,Gujarat City 2,5G,Enterprise,1.9
AIR109912,2024-09-30,Rajasthan,Rajasthan City 3,4G,Postpaid,0.4
AIR109913,2019-01-17,Kerala,Kerala City 3,4G,Broadband,6.2
AIR109914,2019-08-30,Delhi,Delhi City 3,4G,Prepaid,5.6
AIR109915,2023-08-21,Maharashtra,Maharashtra City 3,4G,Postpaid,1.7
AIR109916,2020-10-12,Uttar Pradesh,Uttar Pradesh City 2,4G,Broadband,4.7
AIR109917,2022-12-05,Tamil Nadu,Tamil Nadu City 3,4G,Postpaid,2.6
AIR109918,2019-10-21,Maharashtra,Maharashtra City 1,5G,Broadband,5.8
AIR109919,2022-12-04,Maharashtra,Maharashtra City 1,4G,Postpaid,2.8
AIR109920,2020-11-03,Telangana,Telangana City 1,5G,Prepaid,4.9
AIR109921,2022-12-10,Telangana,Telangana City 2,4G,Prepaid,2.9
AIR109922,2019-07-01,Tamil Nadu,Tamil Nadu City 3,4G,Postpaid,6.5
AIR109923,2021-03-02,Maharashtra,Maharashtra City 1,4G,Broadband,4
AIR109924,2020-10-28,West Bengal,West Bengal City 1,4G,Prepaid,4.4
AIR109925,2024-01-12,Rajasthan,Rajasthan City 1,4G,Postpaid,1.3
AIR109926,2020-12-26,Telangana,Telangana City 3,5G,Postpaid,4.4
AIR109927,2019-12-19,Telangana,Telangana City 1,4G,Prepaid,5.5
AIR109928,2019-03-10,West Bengal,West Bengal City 3,5G,Prepaid,6.3
AIR109929,2020-04-21,Gujarat,Gujarat City 3,4G,Prepaid,5.3
AIR109930,2019-11-21,Maharashtra,Maharashtra City 3,4G,Prepaid,5.8
AIR109931,2022-08-11,Tamil Nadu,Tamil Nadu City 2,4G,Prepaid,3.2
AIR109932,2022-05-17,Telangana,Telangana City 2,5G,Prepaid,3.5
AIR109933,2022-03-26,Tamil Nadu,Tamil Nadu City 3,4G,Prepaid,3.7
AIR109934,2022-01-03,Tamil Nadu,Tamil Nadu City 3,4G,Postpaid,3.1
AIR109935,2024-02-21,Rajasthan,Rajasthan City 2,5G,Postpaid,1.1
AIR109936,2022-06-08,Uttar Pradesh,Uttar Pradesh City 2,5G,Postpaid,2.9
AIR109937,2023-05-20,Telangana,Telangana City 3,4G,Postpaid,2
AIR109938,2019-03-24,Delhi,Delhi City 2,5G,Enterprise,6.2
AIR109939,2022-07-12,Gujarat,Gujarat City 1,4G,Broadband,3
AIR109940,2019-09-26,Tamil Nadu,Tamil Nadu City 3,5G,Enterprise,5.9
AIR109941,2019-10-28,Telangana,Telangana City 3,4G,Prepaid,5.9
AIR109942,2021-10-18,Gujarat,Gujarat City 2,4G,Broadband,4
AIR109943,2019-03-31,Delhi,Delhi City 1,4G,Postpaid,6.6
AIR109944,2024-04-09,Telangana,Telangana City 2,4G,Prepaid,1.7
AIR109945,2019-12-26,Maharashtra,Maharashtra City 1,4G,Prepaid,5.1
AIR109946,2022-08-16,Tamil Nadu,Tamil Nadu City 1,5G,Postpaid,2.6
AIR109947,2022-12-07,Delhi,Delhi City 3,5G,Prepaid,2.4
AIR109948,2022-02-22,Maharashtra,Maharashtra City 1,4G,Prepaid,3.2
AIR109949,2020-12-27,Tamil Nadu,Tamil Nadu City 3,4G,Postpaid,4.5
AIR109950,2023-05-22,Karnataka,Karnataka City 1,4G,Postpaid,2.1
AIR109951,2022-04-16,Kerala,Kerala City 3,4G,Broadband,3.3
AIR109952,2023-12-08,West Bengal,West Bengal City 1,5G,Postpaid,1.8
AIR109953,2019-01-05,Tamil Nadu,Tamil Nadu City 2,4G,Postpaid,6.8
AIR109954,2024-01-11,Delhi,Delhi City 1,4G,Prepaid,1.8
AIR109955,2023-10-04,Delhi,Delhi City 2,4G,Postpaid,2.2
AIR109956,2024-12-04,Kerala,Kerala City 1,4G,Prepaid,0.2
AIR109957,2020-03-06,Telangana,Telangana City 1,4G,Broadband,5
AIR109958,2020-01-25,West Bengal,West Bengal City 3,4G,Prepaid,5.2
AIR109959,2022-10-05,Gujarat,Gujarat City 1,4G,Postpaid,2.6
AIR109960,2021-01-13,Tamil Nadu,Tamil Nadu City 1,4G,Prepaid,4.4
AIR109961,2019-03-25,Telangana,Telangana City 1,4G,Broadband,6.3
AIR109962,2020-03-28,Maharashtra,Maharashtra City 2,4G,Enterprise,5.4
AIR109963,2022-02-08,Gujarat,Gujarat City 3,4G,Prepaid,3.6
AIR109964,2019-11-19,West Bengal,West Bengal City 3,5G,Postpaid,5.9
AIR109965,2024-05-07,Telangana,Telangana City 1,4G,Postpaid,1.5
AIR109966,2023-04-12,Uttar Pradesh,Uttar Pradesh City 1,5G,Broadband,2.7
AIR109967,2024-06-11,Gujarat,Gujarat City 2,4G,Postpaid,0.7
AIR109968,2022-02-02,Rajasthan,Rajasthan City 1,4G,Prepaid,3.1
AIR109969,2022-01-14,Rajasthan,Rajasthan City 3,4G,Prepaid,3.2
AIR109970,2020-05-20,Tamil Nadu,Tamil Nadu City 3,4G,Postpaid,5
AIR109971,2022-03-25,Tamil Nadu,Tamil Nadu City 2,5G,Prepaid,3.2
AIR109972,2023-10-01,Tamil Nadu,Tamil Nadu City 2,4G,Prepaid,1.8
AIR109973,2020-05-10,West Bengal,West Bengal City 3,4G,Prepaid,5.3
AIR109974,2021-07-29,Uttar Pradesh,Uttar Pradesh City 2,5G,Postpaid,4.1
AIR109975,2020-01-21,Telangana,Telangana City 1,4G,Enterprise,5.7
AIR109976,2023-07-31,Maharashtra,Maharashtra City 1,4G,Broadband,2.3
AIR109977,2020-11-06,Karnataka,Karnataka City 2,4G,Postpaid,5.1
AIR109978,2024-03-11,Delhi,Delhi City 3,4G,Broadband,0.9
AIR109979,2021-07-11,Maharashtra,Maharashtra City 2,4G,Prepaid,3.7
AIR109980,2023-11-29,Telangana,Telangana City 3,4G,Postpaid,1.4
AIR109981,2019-07-20,Uttar Pradesh,Uttar Pradesh City 2,5G,Prepaid,5.8
AIR109982,2021-03-21,West Bengal,West Bengal City 2,5G,Postpaid,4.2
AIR109983,2021-06-01,Gujarat,Gujarat City 2,4G,Enterprise,4.1
AIR109984,2022-11-03,Maharashtra,Maharashtra City 1,4G,Broadband,2.8
AIR109985,2022-07-12,Gujarat,Gujarat City 1,4G,Postpaid,3.2
AIR109986,2022-04-26,Karnataka,Karnataka City 3,4G,Postpaid,3.5
AIR109987,2021-06-16,Telangana,Telangana City 2,4G,Broadband,4.4
AIR109988,2022-05-01,Uttar Pradesh,Uttar Pradesh City 1,5G,Prepaid,3.6
AIR109989,2022-02-07,Telangana,Telangana City 2,5G,Postpaid,3
AIR109990,2023-07-05,Delhi,Delhi City 3,4G,Prepaid,1.7
AIR109991,2021-12-24,West Bengal,West Bengal City 1,4G,Broadband,3.3
AIR109992,2021-12-24,Delhi,Delhi City 3,4G,Prepaid,3.4
AIR109993,2019-11-13,Telangana,Telangana City 1,4G,Prepaid,5.6
AIR109994,2024-11-12,Delhi,Delhi City 2,4G,Postpaid,0.7
AIR109995,2020-04-03,Kerala,Kerala City 3,4G,Prepaid,5.4
AIR109996,2023-09-29,Telangana,Telangana City 1,4G,Prepaid,2
AIR109997,2020-01-30,Uttar Pradesh,Uttar Pradesh City 1,4G,Postpaid,5.7
AIR109998,2022-05-04,Maharashtra,Maharashtra City 2,4G,Broadband,3.5
AIR109999,2023-04-23,Uttar Pradesh,Uttar Pradesh City 3,5G,Prepaid,2.6
AIR110000,2021-11-28,Kerala,Kerala City 3,4G,Broadband,3.2
