Customer_ID,Complaint_Date,State,City,Customer_Segment,Complaint_Flag,Complaint_Category,Complaint_Status,Resolution_Time_Hours,Customer_Satisfaction,NPS_Score
AIR100001,2025-02-15,Telangana,Telangana City 3,Prepaid,0,Call Drops,No Complaint,23.7,3.71,33
AIR100002,2025-03-15,Delhi,Delhi City 2,Prepaid,1,Slow Internet,Pending,1,3.56,28
AIR100003,2025-04-15,West Bengal,West Bengal City 3,Postpaid,1,Network Issues,Resolved,17.1,3.49,25
AIR100004,2025-05-15,Kerala,Kerala City 1,Enterprise,0,Slow Internet,No Complaint,9.5,4.4,47
AIR100005,2025-06-15,Telangana,Telangana City 2,Postpaid,0,Network Issues,No Complaint,2.9,3.31,-17
AIR100006,2025-07-15,Uttar Pradesh,Uttar Pradesh City 3,Broadband,1,Network Issues,Resolved,4.1,3.99,54
AIR100007,2025-08-15,Maharashtra,Maharashtra City 3,Prepaid,1,Billing Issues,Resolved,15,2.95,18
AIR100008,2025-09-15,Telangana,Telangana City 2,Prepaid,1,Call Drops,Resolved,20.4,3.26,16
AIR100009,2025-10-15,West Bengal,West Bengal City 3,Postpaid,0,Slow Internet,No Complaint,7,3.93,42
AIR100010,2025-11-15,Kerala,Kerala City 3,Postpaid,0,Network Issues,No Complaint,14.7,3.51,16
AIR100011,2025-12-15,Delhi,Delhi City 1,Prepaid,0,Slow Internet,No Complaint,10.4,2.95,-24
AIR100012,2025-02-15,West Bengal,West Bengal City 1,Broadband,0,Slow Internet,No Complaint,32.4,3.66,21
AIR100013,2025-03-15,West Bengal,West Bengal City 1,Prepaid,1,Slow Internet,Resolved,12.3,3.51,23
AIR100014,2025-04-15,Maharashtra,Maharashtra City 1,Prepaid,0,Call Drops,No Complaint,19,4.13,18
AIR100015,2025-05-15,Gujarat,Gujarat City 1,Postpaid,0,Network Issues,No Complaint,6.9,2.86,-16
AIR100016,2025-06-15,Kerala,Kerala City 1,Postpaid,0,Network Issues,No Complaint,2.7,3.82,23
AIR100017,2025-07-15,Karnataka,Karnataka City 2,Prepaid,0,Call Drops,No Complaint,7.5,3.27,-1
AIR100018,2025-08-15,West Bengal,West Bengal City 1,Prepaid,1,Call Drops,Pending,19,3.4,8
AIR100019,2025-09-15,Gujarat,Gujarat City 3,Postpaid,0,Network Issues,No Complaint,13.5,3.38,11
AIR100020,2025-10-15,Karnataka,Karnataka City 2,Postpaid,0,Network Issues,No Complaint,10.1,3.56,5
AIR100021,2025-11-15,Kerala,Kerala City 3,Postpaid,0,Slow Internet,No Complaint,42.3,3.59,7
AIR100022,2025-12-15,Tamil Nadu,Tamil Nadu City 1,Postpaid,0,Network Issues,No Complaint,8.7,3.64,26
AIR100023,2025-02-15,Uttar Pradesh,Uttar Pradesh City 1,Prepaid,0,Slow Internet,No Complaint,24.3,3.51,25
AIR100024,2025-03-15,Gujarat,Gujarat City 3,Enterprise,0,Network Issues,No Complaint,9.4,2.64,-7
AIR100025,2025-04-15,Rajasthan,Rajasthan City 3,Broadband,1,Network Issues,Resolved,23.3,3.93,24
AIR100026,2025-05-15,Tamil Nadu,Tamil Nadu City 3,Prepaid,0,Others,No Complaint,37,3.3,8
AIR100027,2025-06-15,Uttar Pradesh,Uttar Pradesh City 2,Prepaid,1,Slow Internet,In Progress,7.5,3.62,25
AIR100028,2025-07-15,Maharashtra,Maharashtra City 1,Prepaid,1,Call Drops,Resolved,5.5,3.31,-5
AIR100029,2025-08-15,Telangana,Telangana City 3,Postpaid,0,Slow Internet,No Complaint,13.2,3.16,13
AIR100030,2025-09-15,Delhi,Delhi City 1,Broadband,0,Slow Internet,No Complaint,7.2,4.22,45
AIR100031,2025-10-15,Rajasthan,Rajasthan City 3,Postpaid,0,Network Issues,No Complaint,13.6,4.19,32
AIR100032,2025-11-15,Maharashtra,Maharashtra City 1,Broadband,0,Slow Internet,No Complaint,12.3,3.16,-3
AIR100033,2025-12-15,Kerala,Kerala City 2,Prepaid,0,Network Issues,No Complaint,25.1,4.19,40
AIR100034,2025-02-15,Maharashtra,Maharashtra City 1,Postpaid,1,Slow Internet,Resolved,30.6,3.46,5
AIR100035,2025-03-15,Telangana,Telangana City 3,Prepaid,0,Slow Internet,No Complaint,20.5,4.05,54
AIR100036,2025-04-15,Kerala,Kerala City 1,Prepaid,0,Slow Internet,No Complaint,26.5,3.7,13
AIR100037,2025-05-15,Rajasthan,Rajasthan City 2,Postpaid,1,Network Issues,Pending,21.7,3.14,12
AIR100038,2025-06-15,Telangana,Telangana City 2,Prepaid,0,Network Issues,No Complaint,16.7,2.87,7
AIR100039,2025-07-15,Karnataka,Karnataka City 1,Postpaid,0,Slow Internet,No Complaint,4.7,3.84,12
AIR100040,2025-08-15,Delhi,Delhi City 3,Postpaid,0,Billing Issues,No Complaint,5.9,3,0
AIR100041,2025-09-15,Rajasthan,Rajasthan City 2,Broadband,1,Slow Internet,Resolved,30.9,3.43,19
AIR100042,2025-10-15,Karnataka,Karnataka City 2,Prepaid,0,Billing Issues,No Complaint,16.4,4.08,30
AIR100043,2025-11-15,Uttar Pradesh,Uttar Pradesh City 1,Postpaid,0,Call Drops,No Complaint,17.5,3.35,8
AIR100044,2025-12-15,Rajasthan,Rajasthan City 2,Enterprise,1,Call Drops,Resolved,55.5,3.11,-4
AIR100045,2025-02-15,Uttar Pradesh,Uttar Pradesh City 2,Broadband,0,Call Drops,No Complaint,12.7,3.42,28
AIR100046,2025-03-15,Kerala,Kerala City 3,Postpaid,0,Network Issues,No Complaint,9.8,3.74,30
AIR100047,2025-04-15,Karnataka,Karnataka City 3,Postpaid,0,Billing Issues,No Complaint,10.1,3.14,13
AIR100048,2025-05-15,Delhi,Delhi City 3,Prepaid,0,Call Drops,No Complaint,8.7,3.3,20
AIR100049,2025-06-15,Telangana,Telangana City 1,Postpaid,1,Network Issues,Pending,40.5,3.8,27
AIR100050,2025-07-15,West Bengal,West Bengal City 2,Postpaid,0,Network Issues,No Complaint,10.3,3.44,-2
AIR100051,2025-08-15,Maharashtra,Maharashtra City 1,Postpaid,1,Network Issues,Resolved,25.8,3.38,22
AIR100052,2025-09-15,Tamil Nadu,Tamil Nadu City 2,Postpaid,0,Slow Internet,No Complaint,53.8,3.82,6
AIR100053,2025-10-15,Delhi,Delhi City 2,Prepaid,0,Slow Internet,No Complaint,14.2,3.5,10
AIR100054,2025-11-15,Karnataka,Karnataka City 2,Prepaid,1,Slow Internet,Pending,18.7,3.52,7
AIR100055,2025-12-15,West Bengal,West Bengal City 3,Postpaid,1,Slow Internet,Resolved,18.9,3.46,22
AIR100056,2025-02-15,Delhi,Delhi City 1,Prepaid,0,Network Issues,No Complaint,7.3,2.82,-9
AIR100057,2025-03-15,Karnataka,Karnataka City 1,Prepaid,0,Billing Issues,No Complaint,16.3,4.32,55
AIR100058,2025-04-15,Gujarat,Gujarat City 2,Prepaid,1,Network Issues,Resolved,7.9,3.64,29
AIR100059,2025-05-15,Gujarat,Gujarat City 1,Prepaid,1,Network Issues,Pending,4.5,4.32,56
AIR100060,2025-06-15,Uttar Pradesh,Uttar Pradesh City 3,Broadband,0,Slow Internet,No Complaint,39.8,3.2,8
AIR100061,2025-07-15,Delhi,Delhi City 1,Postpaid,0,Slow Internet,No Complaint,20.6,3.6,22
AIR100062,2025-08-15,Gujarat,Gujarat City 2,Prepaid,1,Network Issues,Resolved,26.3,3.79,29
AIR100063,2025-09-15,Karnataka,Karnataka City 3,Postpaid,1,Slow Internet,Pending,18,3.37,5
AIR100064,2025-10-15,Uttar Pradesh,Uttar Pradesh City 3,Prepaid,1,Slow Internet,In Progress,5.6,3.13,-17
AIR100065,2025-11-15,Karnataka,Karnataka City 2,Postpaid,0,Slow Internet,No Complaint,11.3,4.02,43
AIR100066,2025-12-15,Uttar Pradesh,Uttar Pradesh City 1,Prepaid,0,Network Issues,No Complaint,12.3,3.1,8
AIR100067,2025-02-15,Delhi,Delhi City 2,Broadband,0,Billing Issues,No Complaint,6.5,4.22,56
AIR100068,2025-03-15,West Bengal,West Bengal City 1,Prepaid,1,Call Drops,Resolved,29.3,3.71,15
AIR100069,2025-04-15,Telangana,Telangana City 1,Postpaid,0,Slow Internet,No Complaint,6.6,2.87,-8
AIR100070,2025-05-15,Rajasthan,Rajasthan City 3,Broadband,0,Network Issues,No Complaint,19.3,3.64,22
AIR100071,2025-06-15,West Bengal,West Bengal City 2,Enterprise,0,Network Issues,No Complaint,23.7,3.66,24
AIR100072,2025-07-15,Kerala,Kerala City 3,Prepaid,0,Network Issues,No Complaint,17.6,4.03,12
AIR100073,2025-08-15,Karnataka,Karnataka City 2,Postpaid,1,Network Issues,Pending,6.2,3.23,-2
AIR100074,2025-09-15,Kerala,Kerala City 2,Prepaid,0,Call Drops,No Complaint,11.1,3.9,31
AIR100075,2025-10-15,West Bengal,West Bengal City 3,Postpaid,0,Network Issues,No Complaint,2,2.97,-2
AIR100076,2025-11-15,Uttar Pradesh,Uttar Pradesh City 2,Prepaid,0,Network Issues,No Complaint,13.5,4.41,51
AIR100077,2025-12-15,Rajasthan,Rajasthan City 2,Broadband,0,Network Issues,No Complaint,5.1,4.01,22
AIR100078,2025-02-15,Rajasthan,Rajasthan City 1,Prepaid,0,Call Drops,No Complaint,15.9,3.57,20
AIR100079,2025-03-15,Tamil Nadu,Tamil Nadu City 2,Postpaid,0,Network Issues,No Complaint,26.2,3.56,22
AIR100080,2025-04-15,Rajasthan,Rajasthan City 2,Postpaid,0,Slow Internet,No Complaint,53.1,3.1,4
AIR100081,2025-05-15,Telangana,Telangana City 3,Enterprise,0,Slow Internet,No Complaint,12.5,3.89,24
AIR100082,2025-06-15,Rajasthan,Rajasthan City 3,Postpaid,0,Call Drops,No Complaint,42.3,3.34,0
AIR100083,2025-07-15,West Bengal,West Bengal City 2,Prepaid,0,Network Issues,No Complaint,30.9,3.74,22
AIR100084,2025-08-15,Tamil Nadu,Tamil Nadu City 1,Prepaid,0,Network Issues,No Complaint,18.6,3.02,14
AIR100085,2025-09-15,West Bengal,West Bengal City 1,Prepaid,0,Slow Internet,No Complaint,25.8,3.83,26
AIR100086,2025-10-15,West Bengal,West Bengal City 3,Postpaid,0,Call Drops,No Complaint,14.7,3.4,25
AIR100087,2025-11-15,Maharashtra,Maharashtra City 2,Postpaid,0,Billing Issues,No Complaint,22,3.59,20
AIR100088,2025-12-15,Tamil Nadu,Tamil Nadu City 2,Postpaid,0,Network Issues,No Complaint,14.1,3.86,24
AIR100089,2025-02-15,West Bengal,West Bengal City 1,Prepaid,1,Network Issues,Resolved,9.2,3.48,26
AIR100090,2025-03-15,Maharashtra,Maharashtra City 1,Postpaid,0,Network Issues,No Complaint,15.7,3.47,33
AIR100091,2025-04-15,Maharashtra,Maharashtra City 1,Postpaid,0,Slow Internet,No Complaint,21.9,3.44,33
AIR100092,2025-05-15,Tamil Nadu,Tamil Nadu City 3,Enterprise,1,Slow Internet,Resolved,49.8,3.61,30
AIR100093,2025-06-15,Kerala,Kerala City 2,Postpaid,0,Network Issues,No Complaint,9.5,3.24,-6
AIR100094,2025-07-15,Uttar Pradesh,Uttar Pradesh City 3,Prepaid,0,Slow Internet,No Complaint,18.2,4.06,23
AIR100095,2025-08-15,Telangana,Telangana City 2,Prepaid,0,Slow Internet,No Complaint,13.2,3.35,14
AIR100096,2025-09-15,Uttar Pradesh,Uttar Pradesh City 3,Prepaid,0,Slow Internet,No Complaint,21.3,3.35,18
AIR100097,2025-10-15,Rajasthan,Rajasthan City 2,Postpaid,0,Network Issues,No Complaint,11.4,3.7,38
AIR100098,2025-11-15,Telangana,Telangana City 1,Postpaid,0,Network Issues,No Complaint,11.7,3.98,39
AIR100099,2025-12-15,Rajasthan,Rajasthan City 1,Prepaid,1,Slow Internet,Resolved,20.7,3.34,6
AIR100100,2025-02-15,West Bengal,West Bengal City 1,Prepaid,0,Network Issues,No Complaint,15.9,3.88,32
AIR100101,2025-03-15,Karnataka,Karnataka City 3,Prepaid,0,Network Issues,No Complaint,7.6,4.02,47
AIR100102,2025-04-15,Tamil Nadu,Tamil Nadu City 1,Broadband,0,Slow Internet,No Complaint,13,3.2,5
AIR100103,2025-05-15,Telangana,Telangana City 2,Prepaid,0,Slow Internet,No Complaint,15,3.4,4
AIR100104,2025-06-15,Telangana,Telangana City 3,Prepaid,0,Slow Internet,No Complaint,18.9,4.48,56
AIR100105,2025-07-15,West Bengal,West Bengal City 2,Prepaid,0,Slow Internet,No Complaint,12.3,2.81,1
AIR100106,2025-08-15,Kerala,Kerala City 3,Prepaid,0,Network Issues,No Complaint,17.1,3.16,12
AIR100107,2025-09-15,Maharashtra,Maharashtra City 2,Postpaid,0,Slow Internet,No Complaint,23.7,3.56,22
AIR100108,2025-10-15,West Bengal,West Bengal City 2,Broadband,0,Network Issues,No Complaint,9.2,3.42,13
AIR100109,2025-11-15,Gujarat,Gujarat City 3,Prepaid,0,Network Issues,No Complaint,13.2,3.86,29
AIR100110,2025-12-15,Maharashtra,Maharashtra City 3,Postpaid,0,Network Issues,No Complaint,43.4,4.11,20
AIR100111,2025-02-15,Tamil Nadu,Tamil Nadu City 1,Prepaid,1,Network Issues,Pending,8.6,3.23,16
AIR100112,2025-03-15,Maharashtra,Maharashtra City 1,Enterprise,0,Slow Internet,No Complaint,7.9,2.89,-7
AIR100113,2025-04-15,Kerala,Kerala City 2,Prepaid,0,Call Drops,No Complaint,8,3.26,14
AIR100114,2025-05-15,Maharashtra,Maharashtra City 2,Prepaid,0,Slow Internet,No Complaint,62.4,4.01,23
AIR100115,2025-06-15,Tamil Nadu,Tamil Nadu City 2,Postpaid,1,Network Issues,Resolved,3.5,3.29,17
AIR100116,2025-07-15,Kerala,Kerala City 3,Prepaid,1,Slow Internet,Resolved,4.4,4.04,37
AIR100117,2025-08-15,Uttar Pradesh,Uttar Pradesh City 3,Prepaid,1,Billing Issues,Resolved,41.5,4.29,47
AIR100118,2025-09-15,Telangana,Telangana City 1,Postpaid,0,Billing Issues,No Complaint,27.1,4.05,63
AIR100119,2025-10-15,Telangana,Telangana City 2,Postpaid,0,Slow Internet,No Complaint,32.9,3.36,22
AIR100120,2025-11-15,Rajasthan,Rajasthan City 1,Postpaid,1,Slow Internet,Resolved,22.2,4.11,25
AIR100121,2025-12-15,Uttar Pradesh,Uttar Pradesh City 3,Postpaid,0,Slow Internet,No Complaint,48.3,3.62,7
AIR100122,2025-02-15,Uttar Pradesh,Uttar Pradesh City 3,Postpaid,0,Call Drops,No Complaint,25.7,3.7,30
AIR100123,2025-03-15,Maharashtra,Maharashtra City 3,Postpaid,0,Call Drops,No Complaint,6.9,3.48,19
AIR100124,2025-04-15,Telangana,Telangana City 1,Postpaid,0,Slow Internet,No Complaint,5.3,3.91,45
AIR100125,2025-05-15,Tamil Nadu,Tamil Nadu City 3,Postpaid,0,Network Issues,No Complaint,16.9,3.68,30
AIR100126,2025-06-15,Delhi,Delhi City 2,Prepaid,1,Others,Resolved,17.9,4.04,31
AIR100127,2025-07-15,Delhi,Delhi City 1,Prepaid,0,Network Issues,No Complaint,28.3,3.71,29
AIR100128,2025-08-15,Kerala,Kerala City 3,Prepaid,0,Network Issues,No Complaint,28.4,4.11,39
AIR100129,2025-09-15,Telangana,Telangana City 1,Prepaid,0,Call Drops,No Complaint,8.9,4.07,24
AIR100130,2025-10-15,Telangana,Telangana City 1,Postpaid,0,Network Issues,No Complaint,1.8,4.06,20
AIR100131,2025-11-15,Delhi,Delhi City 3,Prepaid,1,Slow Internet,Resolved,26.4,3.38,18
AIR100132,2025-12-15,Telangana,Telangana City 3,Prepaid,0,Slow Internet,No Complaint,9.6,4.41,47
AIR100133,2025-02-15,Maharashtra,Maharashtra City 1,Prepaid,0,Call Drops,No Complaint,7.3,2.87,-1
AIR100134,2025-03-15,Gujarat,Gujarat City 1,Prepaid,0,Slow Internet,No Complaint,12.3,3.33,2
AIR100135,2025-04-15,Karnataka,Karnataka City 3,Postpaid,1,Network Issues,In Progress,16.7,3.59,18
AIR100136,2025-05-15,Uttar Pradesh,Uttar Pradesh City 2,Postpaid,1,Network Issues,Pending,2.3,2.76,-11
AIR100137,2025-06-15,Rajasthan,Rajasthan City 1,Postpaid,1,Slow Internet,Resolved,11.9,3.36,8
AIR100138,2025-07-15,Kerala,Kerala City 1,Prepaid,0,Network Issues,No Complaint,14,4.46,66
AIR100139,2025-08-15,Gujarat,Gujarat City 2,Broadband,0,Slow Internet,No Complaint,7.1,3.31,20
AIR100140,2025-09-15,Delhi,Delhi City 3,Enterprise,0,Network Issues,No Complaint,8.8,3.56,23
AIR100141,2025-10-15,Uttar Pradesh,Uttar Pradesh City 3,Postpaid,1,Network Issues,In Progress,10.1,3.23,-6
AIR100142,2025-11-15,Telangana,Telangana City 2,Broadband,0,Slow Internet,No Complaint,22.6,3.98,29
AIR100143,2025-12-15,Rajasthan,Rajasthan City 3,Postpaid,0,Network Issues,No Complaint,18.3,3.56,31
AIR100144,2025-02-15,Telangana,Telangana City 3,Broadband,1,Others,Resolved,3.1,3.56,19
AIR100145,2025-03-15,Tamil Nadu,Tamil Nadu City 1,Broadband,1,Call Drops,Resolved,8.9,4.2,37
AIR100146,2025-04-15,Tamil Nadu,Tamil Nadu City 1,Enterprise,1,Slow Internet,Pending,5,3.63,22
AIR100147,2025-05-15,Rajasthan,Rajasthan City 1,Postpaid,1,Network Issues,Resolved,19.8,3.61,34
AIR100148,2025-06-15,Rajasthan,Rajasthan City 2,Postpaid,1,Slow Internet,Resolved,18.9,3.69,33
AIR100149,2025-07-15,Delhi,Delhi City 3,Postpaid,0,Slow Internet,No Complaint,11.9,3.04,22
AIR100150,2025-08-15,Rajasthan,Rajasthan City 3,Prepaid,0,Slow Internet,No Complaint,18.5,4.02,32
AIR100151,2025-09-15,Maharashtra,Maharashtra City 1,Prepaid,0,Slow Internet,No Complaint,22.2,3.47,17
AIR100152,2025-10-15,Telangana,Telangana City 1,Broadband,0,Network Issues,No Complaint,24.1,3.67,10
AIR100153,2025-11-15,Gujarat,Gujarat City 2,Prepaid,0,Billing Issues,No Complaint,31.1,3.91,21
AIR100154,2025-12-15,West Bengal,West Bengal City 3,Postpaid,1,Network Issues,Resolved,7.6,3.5,25
AIR100155,2025-02-15,Rajasthan,Rajasthan City 2,Prepaid,0,Network Issues,No Complaint,5.1,3.77,22
AIR100156,2025-03-15,Kerala,Kerala City 3,Prepaid,0,Network Issues,No Complaint,14.7,3.75,37
AIR100157,2025-04-15,Tamil Nadu,Tamil Nadu City 2,Broadband,0,Network Issues,No Complaint,6.3,3.58,33
AIR100158,2025-05-15,Maharashtra,Maharashtra City 1,Broadband,0,Network Issues,No Complaint,37.5,3.47,17
AIR100159,2025-06-15,Uttar Pradesh,Uttar Pradesh City 2,Postpaid,0,Network Issues,No Complaint,18.7,3.25,-12
AIR100160,2025-07-15,West Bengal,West Bengal City 2,Prepaid,0,Network Issues,No Complaint,24.6,3.48,27
AIR100161,2025-08-15,Gujarat,Gujarat City 1,Postpaid,0,Network Issues,No Complaint,45.9,3.43,13
AIR100162,2025-09-15,West Bengal,West Bengal City 3,Prepaid,0,Slow Internet,No Complaint,25.8,4.48,40
AIR100163,2025-10-15,Rajasthan,Rajasthan City 3,Prepaid,0,Network Issues,No Complaint,27.6,3.98,35
AIR100164,2025-11-15,Delhi,Delhi City 1,Prepaid,0,Network Issues,No Complaint,13.9,3.49,30
AIR100165,2025-12-15,Tamil Nadu,Tamil Nadu City 2,Postpaid,0,Slow Internet,No Complaint,19,2.76,-22
AIR100166,2025-02-15,Tamil Nadu,Tamil Nadu City 2,Prepaid,0,Billing Issues,No Complaint,22.3,3.84,30
AIR100167,2025-03-15,Uttar Pradesh,Uttar Pradesh City 2,Postpaid,0,Slow Internet,No Complaint,10.3,2.94,9
AIR100168,2025-04-15,Delhi,Delhi City 3,Prepaid,0,Network Issues,No Complaint,4.9,3.95,17
AIR100169,2025-05-15,Telangana,Telangana City 2,Prepaid,1,Call Drops,Resolved,2.6,3.32,14
AIR100170,2025-06-15,Karnataka,Karnataka City 3,Prepaid,1,Slow Internet,Resolved,12.5,3.47,7
AIR100171,2025-07-15,Maharashtra,Maharashtra City 2,Enterprise,0,Slow Internet,No Complaint,8.6,3.57,30
AIR100172,2025-08-15,Tamil Nadu,Tamil Nadu City 1,Postpaid,0,Slow Internet,No Complaint,11.7,3.47,-1
AIR100173,2025-09-15,Kerala,Kerala City 1,Prepaid,0,Others,No Complaint,23.7,4.18,51
AIR100174,2025-10-15,Tamil Nadu,Tamil Nadu City 3,Postpaid,0,Call Drops,No Complaint,7.8,2.77,-14
AIR100175,2025-11-15,West Bengal,West Bengal City 3,Broadband,0,Others,No Complaint,3.3,4.32,34
AIR100176,2025-12-15,Tamil Nadu,Tamil Nadu City 1,Postpaid,1,Network Issues,Resolved,7.9,3.69,24
AIR100177,2025-02-15,Tamil Nadu,Tamil Nadu City 1,Postpaid,0,Slow Internet,No Complaint,28.6,3.86,42
AIR100178,2025-03-15,Karnataka,Karnataka City 2,Prepaid,0,Call Drops,No Complaint,10.7,3.83,21
AIR100179,2025-04-15,Karnataka,Karnataka City 1,Postpaid,1,Network Issues,In Progress,4.4,3.95,38
AIR100180,2025-05-15,Gujarat,Gujarat City 3,Postpaid,1,Slow Internet,In Progress,54.1,3.47,13
AIR100181,2025-06-15,Telangana,Telangana City 1,Postpaid,0,Network Issues,No Complaint,6.9,3.01,4
AIR100182,2025-07-15,Kerala,Kerala City 3,Broadband,1,Billing Issues,Pending,8.3,3.7,24
AIR100183,2025-08-15,Tamil Nadu,Tamil Nadu City 3,Prepaid,0,Network Issues,No Complaint,13.2,3.58,11
AIR100184,2025-09-15,Tamil Nadu,Tamil Nadu City 2,Prepaid,0,Network Issues,No Complaint,3.3,3.52,35
AIR100185,2025-10-15,Maharashtra,Maharashtra City 2,Broadband,0,Slow Internet,No Complaint,14.6,3.39,3
AIR100186,2025-11-15,Karnataka,Karnataka City 2,Postpaid,0,Slow Internet,No Complaint,15,3.44,11
AIR100187,2025-12-15,Kerala,Kerala City 2,Prepaid,0,Slow Internet,No Complaint,63.1,3.71,28
AIR100188,2025-02-15,Uttar Pradesh,Uttar Pradesh City 1,Prepaid,0,Slow Internet,No Complaint,53,4.08,21
AIR100189,2025-03-15,Gujarat,Gujarat City 2,Broadband,0,Billing Issues,No Complaint,7.5,3.01,-1
AIR100190,2025-04-15,Telangana,Telangana City 1,Prepaid,0,Network Issues,No Complaint,10.6,3.98,26
AIR100191,2025-05-15,Delhi,Delhi City 2,Prepaid,1,Network Issues,Resolved,7,3.12,10
AIR100192,2025-06-15,Telangana,Telangana City 2,Prepaid,1,Slow Internet,Resolved,12.9,3.59,14
AIR100193,2025-07-15,West Bengal,West Bengal City 3,Broadband,0,Network Issues,No Complaint,10.4,4.69,54
AIR100194,2025-08-15,Tamil Nadu,Tamil Nadu City 1,Broadband,0,Others,No Complaint,19.6,3.93,47
AIR100195,2025-09-15,Gujarat,Gujarat City 3,Postpaid,1,Network Issues,Resolved,15.5,3.58,16
AIR100196,2025-10-15,West Bengal,West Bengal City 2,Postpaid,1,Network Issues,In Progress,27,3.65,27
AIR100197,2025-11-15,Kerala,Kerala City 1,Prepaid,0,Call Drops,No Complaint,10.7,3.35,28
AIR100198,2025-12-15,Delhi,Delhi City 2,Prepaid,0,Slow Internet,No Complaint,10.7,4.09,46
AIR100199,2025-02-15,Karnataka,Karnataka City 3,Broadband,0,Network Issues,No Complaint,12.3,3.77,9
AIR100200,2025-03-15,Gujarat,Gujarat City 1,Prepaid,1,Slow Internet,Resolved,4.6,4.05,44
AIR100201,2025-04-15,Gujarat,Gujarat City 3,Postpaid,0,Call Drops,No Complaint,12.5,3.78,14
AIR100202,2025-05-15,Tamil Nadu,Tamil Nadu City 2,Postpaid,1,Network Issues,Resolved,13.5,3.77,18
AIR100203,2025-06-15,Rajasthan,Rajasthan City 2,Prepaid,0,Billing Issues,No Complaint,6.4,3.06,-5
AIR100204,2025-07-15,Gujarat,Gujarat City 2,Postpaid,0,Billing Issues,No Complaint,40.4,3.43,-8
AIR100205,2025-08-15,Maharashtra,Maharashtra City 1,Postpaid,0,Billing Issues,No Complaint,11.1,3.55,11
AIR100206,2025-09-15,Delhi,Delhi City 3,Postpaid,0,Network Issues,No Complaint,18.4,4.35,51
AIR100207,2025-10-15,Delhi,Delhi City 3,Prepaid,0,Network Issues,No Complaint,43.6,3.56,12
AIR100208,2025-11-15,Maharashtra,Maharashtra City 2,Prepaid,0,Network Issues,No Complaint,8.9,3.64,38
AIR100209,2025-12-15,Uttar Pradesh,Uttar Pradesh City 3,Postpaid,1,Network Issues,Resolved,10.9,3.82,24
AIR100210,2025-02-15,Maharashtra,Maharashtra City 1,Enterprise,0,Slow Internet,No Complaint,71.5,4.11,48
AIR100211,2025-03-15,Maharashtra,Maharashtra City 2,Prepaid,1,Network Issues,Pending,28.2,2.94,5
AIR100212,2025-04-15,Delhi,Delhi City 2,Enterprise,0,Slow Internet,No Complaint,3.1,4.34,56
AIR100213,2025-05-15,Telangana,Telangana City 2,Postpaid,0,Slow Internet,No Complaint,20.4,3.53,24
AIR100214,2025-06-15,Delhi,Delhi City 1,Broadband,0,Network Issues,No Complaint,29.9,4.3,49
AIR100215,2025-07-15,Rajasthan,Rajasthan City 2,Prepaid,0,Slow Internet,No Complaint,2.8,4.37,56
AIR100216,2025-08-15,Tamil Nadu,Tamil Nadu City 2,Prepaid,0,Network Issues,No Complaint,29.3,4.33,46
AIR100217,2025-09-15,West Bengal,West Bengal City 2,Prepaid,0,Network Issues,No Complaint,27.4,3.59,24
AIR100218,2025-10-15,Telangana,Telangana City 2,Prepaid,0,Slow Internet,No Complaint,3.5,2.34,-27
AIR100219,2025-11-15,Karnataka,Karnataka City 3,Enterprise,0,Slow Internet,No Complaint,3.7,3.46,20
AIR100220,2025-12-15,West Bengal,West Bengal City 2,Prepaid,0,Network Issues,No Complaint,39.3,3.52,25
AIR100221,2025-02-15,Tamil Nadu,Tamil Nadu City 1,Postpaid,0,Slow Internet,No Complaint,9.8,3.01,-8
AIR100222,2025-03-15,Rajasthan,Rajasthan City 2,Prepaid,0,Network Issues,No Complaint,25.1,3.42,25
AIR100223,2025-04-15,Rajasthan,Rajasthan City 2,Postpaid,1,Network Issues,Resolved,14.2,3.9,34
AIR100224,2025-05-15,Karnataka,Karnataka City 3,Prepaid,0,Network Issues,No Complaint,20.2,3.3,-8
AIR100225,2025-06-15,Telangana,Telangana City 2,Prepaid,0,Slow Internet,No Complaint,15.8,3.27,15
AIR100226,2025-07-15,Uttar Pradesh,Uttar Pradesh City 3,Prepaid,0,Slow Internet,No Complaint,20.8,4.73,68
AIR100227,2025-08-15,Maharashtra,Maharashtra City 1,Postpaid,0,Slow Internet,No Complaint,25.3,3.64,29
AIR100228,2025-09-15,Telangana,Telangana City 3,Prepaid,1,Slow Internet,In Progress,58.7,3.84,31
AIR100229,2025-10-15,Uttar Pradesh,Uttar Pradesh City 2,Prepaid,1,Slow Internet,Resolved,27.5,2.8,3
AIR100230,2025-11-15,Rajasthan,Rajasthan City 1,Prepaid,0,Network Issues,No Complaint,21.8,3.34,11
AIR100231,2025-12-15,Delhi,Delhi City 2,Enterprise,0,Billing Issues,No Complaint,13.3,4.02,23
AIR100232,2025-02-15,Tamil Nadu,Tamil Nadu City 3,Postpaid,0,Network Issues,No Complaint,28,3.51,7
AIR100233,2025-03-15,Karnataka,Karnataka City 1,Postpaid,0,Network Issues,No Complaint,15.9,3.42,8
AIR100234,2025-04-15,Tamil Nadu,Tamil Nadu City 1,Postpaid,0,Slow Internet,No Complaint,10.2,3.31,1
AIR100235,2025-05-15,Kerala,Kerala City 3,Prepaid,0,Network Issues,No Complaint,9.3,2.95,20
AIR100236,2025-06-15,Kerala,Kerala City 3,Postpaid,0,Billing Issues,No Complaint,35,4.44,59
AIR100237,2025-07-15,Telangana,Telangana City 1,Prepaid,0,Network Issues,No Complaint,14.4,2.74,-3
AIR100238,2025-08-15,Rajasthan,Rajasthan City 1,Prepaid,1,Billing Issues,Resolved,22.3,3.34,11
AIR100239,2025-09-15,Rajasthan,Rajasthan City 3,Postpaid,0,Slow Internet,No Complaint,8.2,3.39,-5
AIR100240,2025-10-15,Maharashtra,Maharashtra City 2,Postpaid,0,Others,No Complaint,22.7,3.49,26
AIR100241,2025-11-15,Maharashtra,Maharashtra City 1,Prepaid,0,Network Issues,No Complaint,6.2,3.39,4
AIR100242,2025-12-15,Maharashtra,Maharashtra City 3,Prepaid,0,Others,No Complaint,18.2,3.52,14
AIR100243,2025-02-15,Delhi,Delhi City 2,Postpaid,0,Slow Internet,No Complaint,7.6,3.48,25
AIR100244,2025-03-15,West Bengal,West Bengal City 1,Postpaid,0,Slow Internet,No Complaint,25.1,3.25,-5
AIR100245,2025-04-15,Gujarat,Gujarat City 1,Prepaid,0,Slow Internet,No Complaint,34.6,3.55,30
AIR100246,2025-05-15,West Bengal,West Bengal City 3,Prepaid,0,Call Drops,No Complaint,35.6,3.39,11
AIR100247,2025-06-15,Tamil Nadu,Tamil Nadu City 2,Broadband,0,Billing Issues,No Complaint,18.2,3.39,6
AIR100248,2025-07-15,West Bengal,West Bengal City 1,Postpaid,0,Call Drops,No Complaint,16.3,4,34
AIR100249,2025-08-15,Delhi,Delhi City 2,Enterprise,1,Slow Internet,Resolved,32,3.48,28
AIR100250,2025-09-15,Tamil Nadu,Tamil Nadu City 2,Prepaid,1,Call Drops,Resolved,14.8,2.77,-21
AIR100251,2025-10-15,West Bengal,West Bengal City 1,Postpaid,0,Call Drops,No Complaint,13.7,3.27,16
AIR100252,2025-11-15,Delhi,Delhi City 2,Prepaid,0,Slow Internet,No Complaint,12,3.69,10
AIR100253,2025-12-15,Gujarat,Gujarat City 1,Postpaid,0,Slow Internet,No Complaint,15.2,3.8,31
AIR100254,2025-02-15,West Bengal,West Bengal City 2,Prepaid,0,Network Issues,No Complaint,31.7,4.18,49
AIR100255,2025-03-15,Delhi,Delhi City 1,Prepaid,0,Network Issues,No Complaint,20.9,3.89,40
AIR100256,2025-04-15,Maharashtra,Maharashtra City 3,Prepaid,0,Network Issues,No Complaint,11.4,3.22,-6
AIR100257,2025-05-15,Rajasthan,Rajasthan City 1,Postpaid,1,Network Issues,Resolved,48.9,3.46,23
AIR100258,2025-06-15,Maharashtra,Maharashtra City 1,Postpaid,0,Slow Internet,No Complaint,20.6,3.46,19
AIR100259,2025-07-15,Rajasthan,Rajasthan City 1,Postpaid,0,Call Drops,No Complaint,24,3.78,22
AIR100260,2025-08-15,Karnataka,Karnataka City 2,Broadband,0,Others,No Complaint,34.1,3.48,26
AIR100261,2025-09-15,Karnataka,Karnataka City 3,Postpaid,1,Billing Issues,Pending,4.4,3.94,34
AIR100262,2025-10-15,Karnataka,Karnataka City 2,Postpaid,0,Billing Issues,No Complaint,11.1,4.09,53
AIR100263,2025-11-15,Gujarat,Gujarat City 2,Enterprise,0,Network Issues,No Complaint,10.5,3.26,3
AIR100264,2025-12-15,Maharashtra,Maharashtra City 1,Postpaid,0,Billing Issues,No Complaint,12.7,3.57,15
AIR100265,2025-02-15,Rajasthan,Rajasthan City 2,Prepaid,1,Billing Issues,Resolved,18.2,3.91,36
AIR100266,2025-03-15,Delhi,Delhi City 1,Enterprise,0,Network Issues,No Complaint,18.3,3.55,17
AIR100267,2025-04-15,Tamil Nadu,Tamil Nadu City 3,Prepaid,0,Slow Internet,No Complaint,15.2,3.1,9
AIR100268,2025-05-15,Delhi,Delhi City 2,Postpaid,0,Billing Issues,No Complaint,8.3,3.18,2
AIR100269,2025-06-15,Tamil Nadu,Tamil Nadu City 2,Prepaid,1,Network Issues,Resolved,53.9,3.22,8
AIR100270,2025-07-15,Kerala,Kerala City 2,Postpaid,0,Network Issues,No Complaint,12.8,3.74,32
AIR100271,2025-08-15,Delhi,Delhi City 1,Postpaid,1,Call Drops,In Progress,70.8,3.69,34
AIR100272,2025-09-15,West Bengal,West Bengal City 1,Prepaid,0,Billing Issues,No Complaint,8.7,3.74,20
AIR100273,2025-10-15,West Bengal,West Bengal City 2,Postpaid,0,Network Issues,No Complaint,16.9,4.06,29
AIR100274,2025-11-15,Telangana,Telangana City 2,Postpaid,0,Network Issues,No Complaint,15.3,3.92,37
AIR100275,2025-12-15,Maharashtra,Maharashtra City 3,Prepaid,0,Billing Issues,No Complaint,19.2,4.03,31
AIR100276,2025-02-15,Tamil Nadu,Tamil Nadu City 3,Prepaid,1,Network Issues,Resolved,17.9,3.29,-1
AIR100277,2025-03-15,Tamil Nadu,Tamil Nadu City 3,Prepaid,0,Call Drops,No Complaint,16.1,3.56,22
AIR100278,2025-04-15,Maharashtra,Maharashtra City 3,Broadband,0,Network Issues,No Complaint,11,4.17,51
AIR100279,2025-05-15,Gujarat,Gujarat City 3,Postpaid,0,Billing Issues,No Complaint,10,3.48,13
AIR100280,2025-06-15,Telangana,Telangana City 1,Broadband,0,Slow Internet,No Complaint,37.8,3.64,16
AIR100281,2025-07-15,Gujarat,Gujarat City 3,Prepaid,1,Billing Issues,Resolved,18.9,2.92,-2
AIR100282,2025-08-15,Gujarat,Gujarat City 3,Prepaid,0,Call Drops,No Complaint,10.2,4.16,58
AIR100283,2025-09-15,Gujarat,Gujarat City 2,Prepaid,0,Slow Internet,No Complaint,4,3.65,23
AIR100284,2025-10-15,Maharashtra,Maharashtra City 1,Prepaid,0,Others,No Complaint,2.5,4.12,52
AIR100285,2025-11-15,Gujarat,Gujarat City 3,Postpaid,0,Slow Internet,No Complaint,3.8,3.3,12
AIR100286,2025-12-15,West Bengal,West Bengal City 3,Enterprise,0,Network Issues,No Complaint,17.3,3.22,10
AIR100287,2025-02-15,Karnataka,Karnataka City 3,Prepaid,1,Call Drops,Resolved,8,2.83,-1
AIR100288,2025-03-15,Kerala,Kerala City 2,Enterprise,1,Slow Internet,Resolved,32.7,4.89,71
AIR100289,2025-04-15,Tamil Nadu,Tamil Nadu City 2,Prepaid,1,Network Issues,Resolved,19.9,3.05,13
AIR100290,2025-05-15,Tamil Nadu,Tamil Nadu City 2,Broadband,0,Network Issues,No Complaint,6,2.91,-13
AIR100291,2025-06-15,Kerala,Kerala City 3,Prepaid,1,Slow Internet,In Progress,6.6,3.3,1
AIR100292,2025-07-15,Maharashtra,Maharashtra City 2,Broadband,0,Slow Internet,No Complaint,22,3.38,25
AIR100293,2025-08-15,Delhi,Delhi City 3,Prepaid,1,Call Drops,Resolved,19.2,2.89,5
AIR100294,2025-09-15,Maharashtra,Maharashtra City 1,Broadband,1,Others,Pending,18.2,3.38,16
AIR100295,2025-10-15,Tamil Nadu,Tamil Nadu City 3,Prepaid,0,Call Drops,No Complaint,2.1,4.61,52
AIR100296,2025-11-15,Tamil Nadu,Tamil Nadu City 2,Prepaid,0,Call Drops,No Complaint,10.3,3.89,29
AIR100297,2025-12-15,Kerala,Kerala City 1,Postpaid,0,Slow Internet,No Complaint,9.8,3.02,17
AIR100298,2025-02-15,Gujarat,Gujarat City 3,Prepaid,1,Network Issues,Resolved,25.2,3.69,33
AIR100299,2025-03-15,Maharashtra,Maharashtra City 1,Postpaid,0,Slow Internet,No Complaint,7.6,4.44,61
AIR100300,2025-04-15,Rajasthan,Rajasthan City 1,Enterprise,1,Slow Internet,Resolved,53.5,3.27,15
AIR100301,2025-05-15,Kerala,Kerala City 1,Postpaid,0,Slow Internet,No Complaint,14.8,3.09,13
AIR100302,2025-06-15,West Bengal,West Bengal City 3,Postpaid,0,Network Issues,No Complaint,5.4,3.01,-16
AIR100303,2025-07-15,Tamil Nadu,Tamil Nadu City 2,Prepaid,0,Network Issues,No Complaint,10.2,3.42,2
AIR100304,2025-08-15,Kerala,Kerala City 3,Postpaid,0,Network Issues,No Complaint,11.4,3.16,3
AIR100305,2025-09-15,Maharashtra,Maharashtra City 2,Postpaid,1,Others,Resolved,15.3,3.78,7
AIR100306,2025-10-15,Tamil Nadu,Tamil Nadu City 3,Broadband,0,Network Issues,No Complaint,20.2,3.62,17
AIR100307,2025-11-15,Delhi,Delhi City 3,Prepaid,0,Network Issues,No Complaint,25.9,4.07,43
AIR100308,2025-12-15,Kerala,Kerala City 3,Postpaid,0,Network Issues,No Complaint,3.7,3.95,29
AIR100309,2025-02-15,Telangana,Telangana City 2,Prepaid,0,Network Issues,No Complaint,31.7,2.87,-25
AIR100310,2025-03-15,Tamil Nadu,Tamil Nadu City 3,Prepaid,0,Call Drops,No Complaint,22.5,2.94,-7
AIR100311,2025-04-15,Maharashtra,Maharashtra City 1,Prepaid,0,Network Issues,No Complaint,21.2,3.24,33
AIR100312,2025-05-15,Karnataka,Karnataka City 3,Prepaid,0,Call Drops,No Complaint,26.9,3.71,27
AIR100313,2025-06-15,Rajasthan,Rajasthan City 1,Prepaid,1,Network Issues,Pending,5.1,3.62,19
AIR100314,2025-07-15,Uttar Pradesh,Uttar Pradesh City 2,Prepaid,1,Call Drops,Resolved,7.5,3.57,20
AIR100315,2025-08-15,Gujarat,Gujarat City 2,Broadband,1,Call Drops,Pending,48.8,3.78,13
AIR100316,2025-09-15,Uttar Pradesh,Uttar Pradesh City 3,Prepaid,0,Network Issues,No Complaint,17.3,3.82,32
AIR100317,2025-10-15,Maharashtra,Maharashtra City 3,Broadband,1,Network Issues,In Progress,20.5,3.46,25
AIR100318,2025-11-15,West Bengal,West Bengal City 3,Prepaid,0,Network Issues,No Complaint,38,3.12,-14
AIR100319,2025-12-15,West Bengal,West Bengal City 1,Prepaid,0,Network Issues,No Complaint,6.4,3.48,20
AIR100320,2025-02-15,Karnataka,Karnataka City 2,Postpaid,0,Call Drops,No Complaint,13,3.52,18
AIR100321,2025-03-15,Gujarat,Gujarat City 1,Postpaid,0,Network Issues,No Complaint,10.2,3.26,9
AIR100322,2025-04-15,Telangana,Telangana City 1,Postpaid,0,Network Issues,No Complaint,7.1,3.78,32
AIR100323,2025-05-15,Karnataka,Karnataka City 3,Postpaid,0,Network Issues,No Complaint,17.6,3.38,4
AIR100324,2025-06-15,Uttar Pradesh,Uttar Pradesh City 3,Prepaid,1,Call Drops,Pending,37.2,3.02,6
AIR100325,2025-07-15,Karnataka,Karnataka City 1,Postpaid,0,Billing Issues,No Complaint,20.5,3.72,14
AIR100326,2025-08-15,Uttar Pradesh,Uttar Pradesh City 1,Postpaid,0,Network Issues,No Complaint,11,3.59,17
AIR100327,2025-09-15,Tamil Nadu,Tamil Nadu City 3,Prepaid,1,Billing Issues,Resolved,11.6,4.35,45
AIR100328,2025-10-15,West Bengal,West Bengal City 3,Broadband,1,Call Drops,Resolved,5.4,3.24,17
AIR100329,2025-11-15,Tamil Nadu,Tamil Nadu City 1,Postpaid,0,Network Issues,No Complaint,21.9,3.42,7
AIR100330,2025-12-15,Rajasthan,Rajasthan City 3,Prepaid,1,Call Drops,Resolved,18,3.85,20
AIR100331,2025-02-15,Gujarat,Gujarat City 3,Broadband,1,Others,Resolved,9.2,3.6,30
AIR100332,2025-03-15,Telangana,Telangana City 1,Broadband,0,Network Issues,No Complaint,4,3.87,37
AIR100333,2025-04-15,Uttar Pradesh,Uttar Pradesh City 1,Postpaid,0,Call Drops,No Complaint,12.5,3.75,9
AIR100334,2025-05-15,Telangana,Telangana City 2,Prepaid,1,Network Issues,Resolved,26.8,3.16,6
AIR100335,2025-06-15,Uttar Pradesh,Uttar Pradesh City 1,Broadband,1,Billing Issues,Resolved,14.5,3.56,16
AIR100336,2025-07-15,Maharashtra,Maharashtra City 3,Prepaid,0,Slow Internet,No Complaint,24.1,3.67,32
AIR100337,2025-08-15,Karnataka,Karnataka City 1,Prepaid,1,Network Issues,Resolved,1.3,3.34,15
AIR100338,2025-09-15,Rajasthan,Rajasthan City 1,Prepaid,0,Slow Internet,No Complaint,18.9,3.86,37
AIR100339,2025-10-15,West Bengal,West Bengal City 1,Postpaid,0,Billing Issues,No Complaint,18.7,3.59,15
AIR100340,2025-11-15,Uttar Pradesh,Uttar Pradesh City 2,Broadband,0,Network Issues,No Complaint,1.9,3.23,11
AIR100341,2025-12-15,Telangana,Telangana City 2,Postpaid,0,Network Issues,No Complaint,3.9,3.62,15
AIR100342,2025-02-15,Rajasthan,Rajasthan City 3,Enterprise,0,Network Issues,No Complaint,30.1,3.93,45
AIR100343,2025-03-15,Delhi,Delhi City 2,Prepaid,0,Network Issues,No Complaint,23.7,3.28,5
AIR100344,2025-04-15,Delhi,Delhi City 1,Prepaid,0,Slow Internet,No Complaint,11.1,3.77,43
AIR100345,2025-05-15,Tamil Nadu,Tamil Nadu City 2,Postpaid,1,Slow Internet,Resolved,3.4,3.62,23
AIR100346,2025-06-15,West Bengal,West Bengal City 1,Enterprise,1,Slow Internet,Resolved,12.9,2.73,-3
AIR100347,2025-07-15,Maharashtra,Maharashtra City 2,Postpaid,1,Network Issues,In Progress,5.9,3.53,-1
AIR100348,2025-08-15,Telangana,Telangana City 2,Prepaid,1,Slow Internet,Resolved,24.6,3.1,-7
AIR100349,2025-09-15,Karnataka,Karnataka City 2,Prepaid,0,Slow Internet,No Complaint,13.2,4.08,45
AIR100350,2025-10-15,Karnataka,Karnataka City 1,Prepaid,0,Call Drops,No Complaint,3.9,3.22,24
AIR100351,2025-11-15,Telangana,Telangana City 2,Prepaid,0,Billing Issues,No Complaint,11.7,2.88,-20
AIR100352,2025-12-15,Gujarat,Gujarat City 1,Prepaid,0,Billing Issues,No Complaint,9.2,3.63,-2
AIR100353,2025-02-15,Maharashtra,Maharashtra City 1,Broadband,1,Slow Internet,Resolved,10,3.71,21
AIR100354,2025-03-15,Rajasthan,Rajasthan City 3,Postpaid,1,Billing Issues,In Progress,15.6,2.98,-10
AIR100355,2025-04-15,Uttar Pradesh,Uttar Pradesh City 2,Postpaid,0,Network Issues,No Complaint,29.8,4.21,42
AIR100356,2025-05-15,Gujarat,Gujarat City 3,Prepaid,0,Call Drops,No Complaint,15.4,3.79,16
AIR100357,2025-06-15,Uttar Pradesh,Uttar Pradesh City 3,Prepaid,1,Network Issues,Pending,8.1,3.65,26
AIR100358,2025-07-15,Uttar Pradesh,Uttar Pradesh City 1,Postpaid,0,Network Issues,No Complaint,24.2,4.67,65
AIR100359,2025-08-15,Gujarat,Gujarat City 2,Broadband,0,Slow Internet,No Complaint,35.3,3.58,22
AIR100360,2025-09-15,Tamil Nadu,Tamil Nadu City 1,Postpaid,0,Billing Issues,No Complaint,20.4,3.53,8
AIR100361,2025-10-15,Delhi,Delhi City 1,Broadband,1,Call Drops,Resolved,17.3,3.28,-4
AIR100362,2025-11-15,Uttar Pradesh,Uttar Pradesh City 2,Broadband,1,Network Issues,Resolved,8.1,3.82,9
AIR100363,2025-12-15,Gujarat,Gujarat City 1,Prepaid,0,Others,No Complaint,18.8,3.17,5
AIR100364,2025-02-15,Gujarat,Gujarat City 2,Prepaid,0,Slow Internet,No Complaint,14.6,3.77,41
AIR100365,2025-03-15,Kerala,Kerala City 2,Postpaid,1,Network Issues,Pending,7.6,3.11,4
AIR100366,2025-04-15,Tamil Nadu,Tamil Nadu City 1,Prepaid,0,Network Issues,No Complaint,8.6,4,22
AIR100367,2025-05-15,West Bengal,West Bengal City 1,Prepaid,1,Call Drops,In Progress,23.1,3.28,-7
AIR100368,2025-06-15,Kerala,Kerala City 3,Prepaid,1,Network Issues,Resolved,27.8,3.69,28
AIR100369,2025-07-15,Kerala,Kerala City 1,Prepaid,0,Others,No Complaint,33.7,2.69,-22
AIR100370,2025-08-15,Telangana,Telangana City 2,Broadband,0,Call Drops,No Complaint,2.5,3.8,22
AIR100371,2025-09-15,Delhi,Delhi City 3,Prepaid,0,Slow Internet,No Complaint,2.8,3.01,7
AIR100372,2025-10-15,Gujarat,Gujarat City 2,Prepaid,0,Call Drops,No Complaint,10.5,2.58,-15
AIR100373,2025-11-15,Delhi,Delhi City 3,Postpaid,0,Network Issues,No Complaint,14,4,41
AIR100374,2025-12-15,Maharashtra,Maharashtra City 1,Postpaid,1,Network Issues,Resolved,23.3,4.03,50
AIR100375,2025-02-15,Telangana,Telangana City 1,Postpaid,0,Slow Internet,No Complaint,26.6,3.18,23
AIR100376,2025-03-15,West Bengal,West Bengal City 1,Broadband,0,Call Drops,No Complaint,24.4,3.78,29
AIR100377,2025-04-15,Delhi,Delhi City 2,Postpaid,1,Network Issues,In Progress,19.2,3.54,11
AIR100378,2025-05-15,Karnataka,Karnataka City 3,Postpaid,0,Billing Issues,No Complaint,11.3,3.79,21
AIR100379,2025-06-15,Uttar Pradesh,Uttar Pradesh City 2,Prepaid,0,Network Issues,No Complaint,15.8,3.59,19
AIR100380,2025-07-15,Maharashtra,Maharashtra City 3,Postpaid,0,Others,No Complaint,23.6,3.02,-6
AIR100381,2025-08-15,Tamil Nadu,Tamil Nadu City 1,Postpaid,0,Slow Internet,No Complaint,10.4,3.52,4
AIR100382,2025-09-15,West Bengal,West Bengal City 2,Broadband,1,Others,In Progress,39.6,3.71,32
AIR100383,2025-10-15,Maharashtra,Maharashtra City 1,Enterprise,0,Slow Internet,No Complaint,18.5,3.95,31
AIR100384,2025-11-15,Uttar Pradesh,Uttar Pradesh City 2,Postpaid,0,Slow Internet,No Complaint,2.2,3,-14
AIR100385,2025-12-15,Telangana,Telangana City 1,Postpaid,0,Slow Internet,No Complaint,22.6,3.43,29
AIR100386,2025-02-15,Uttar Pradesh,Uttar Pradesh City 2,Prepaid,1,Call Drops,Resolved,20.3,4.09,59
AIR100387,2025-03-15,Kerala,Kerala City 2,Prepaid,0,Slow Internet,No Complaint,6.7,3.81,53
AIR100388,2025-04-15,Uttar Pradesh,Uttar Pradesh City 3,Prepaid,0,Network Issues,No Complaint,9.1,3.43,10
AIR100389,2025-05-15,Kerala,Kerala City 1,Prepaid,0,Billing Issues,No Complaint,6.9,3.04,9
AIR100390,2025-06-15,Telangana,Telangana City 3,Prepaid,1,Slow Internet,Resolved,36.3,3.05,9
AIR100391,2025-07-15,Rajasthan,Rajasthan City 3,Prepaid,0,Network Issues,No Complaint,32.6,3.14,-3
AIR100392,2025-08-15,Kerala,Kerala City 1,Postpaid,1,Network Issues,Resolved,19.1,3.46,6
AIR100393,2025-09-15,Tamil Nadu,Tamil Nadu City 2,Postpaid,0,Slow Internet,No Complaint,26.5,4.24,45
AIR100394,2025-10-15,Uttar Pradesh,Uttar Pradesh City 3,Postpaid,0,Network Issues,No Complaint,5.3,2.93,1
AIR100395,2025-11-15,Uttar Pradesh,Uttar Pradesh City 1,Postpaid,0,Slow Internet,No Complaint,9.7,3.35,17
AIR100396,2025-12-15,Tamil Nadu,Tamil Nadu City 2,Prepaid,0,Network Issues,No Complaint,12.8,3.25,12
AIR100397,2025-02-15,Karnataka,Karnataka City 3,Enterprise,0,Call Drops,No Complaint,36.7,3.87,24
AIR100398,2025-03-15,Gujarat,Gujarat City 3,Prepaid,0,Network Issues,No Complaint,34.2,3.31,12
AIR100399,2025-04-15,Rajasthan,Rajasthan City 3,Broadband,0,Call Drops,No Complaint,43.6,3.58,28
AIR100400,2025-05-15,West Bengal,West Bengal City 2,Prepaid,0,Network Issues,No Complaint,21.7,2.57,-11
AIR100401,2025-06-15,Kerala,Kerala City 3,Postpaid,0,Slow Internet,No Complaint,12.2,3.68,12
AIR100402,2025-07-15,Tamil Nadu,Tamil Nadu City 2,Prepaid,0,Slow Internet,No Complaint,6.1,3.03,1
AIR100403,2025-08-15,Telangana,Telangana City 3,Prepaid,0,Others,No Complaint,3.9,3.48,16
AIR100404,2025-09-15,Kerala,Kerala City 1,Prepaid,0,Slow Internet,No Complaint,23.7,3.89,40
AIR100405,2025-10-15,Gujarat,Gujarat City 3,Postpaid,1,Billing Issues,Resolved,3.9,3.1,2
AIR100406,2025-11-15,Telangana,Telangana City 1,Prepaid,0,Billing Issues,No Complaint,28.4,3.6,12
AIR100407,2025-12-15,Maharashtra,Maharashtra City 1,Postpaid,0,Slow Internet,No Complaint,17.9,2.98,3
AIR100408,2025-02-15,Uttar Pradesh,Uttar Pradesh City 1,Prepaid,0,Network Issues,No Complaint,23.4,4.1,38
AIR100409,2025-03-15,Maharashtra,Maharashtra City 2,Prepaid,0,Call Drops,No Complaint,11,3.23,14
AIR100410,2025-04-15,Kerala,Kerala City 1,Broadband,1,Call Drops,Resolved,9.5,3.33,10
AIR100411,2025-05-15,Gujarat,Gujarat City 3,Broadband,0,Network Issues,No Complaint,16.4,3.14,-2
AIR100412,2025-06-15,Rajasthan,Rajasthan City 2,Postpaid,0,Others,No Complaint,7.2,3.99,41
AIR100413,2025-07-15,Kerala,Kerala City 1,Prepaid,0,Call Drops,No Complaint,23.9,3.96,28
AIR100414,2025-08-15,Tamil Nadu,Tamil Nadu City 2,Prepaid,1,Network Issues,Resolved,12.4,2.99,12
AIR100415,2025-09-15,Delhi,Delhi City 2,Enterprise,1,Call Drops,Resolved,4.8,3.68,39
AIR100416,2025-10-15,Kerala,Kerala City 2,Prepaid,0,Slow Internet,No Complaint,4.4,3.36,15
AIR100417,2025-11-15,Uttar Pradesh,Uttar Pradesh City 3,Broadband,0,Network Issues,No Complaint,20.9,4.1,39
AIR100418,2025-12-15,Uttar Pradesh,Uttar Pradesh City 1,Prepaid,0,Network Issues,No Complaint,4.4,3.26,5
AIR100419,2025-02-15,Kerala,Kerala City 2,Enterprise,0,Slow Internet,No Complaint,19.6,3.68,29
AIR100420,2025-03-15,Telangana,Telangana City 2,Prepaid,1,Slow Internet,Pending,21.9,3.16,-7
AIR100421,2025-04-15,Delhi,Delhi City 2,Prepaid,0,Billing Issues,No Complaint,36.1,3.23,31
AIR100422,2025-05-15,Tamil Nadu,Tamil Nadu City 1,Postpaid,0,Call Drops,No Complaint,14.3,3.32,26
AIR100423,2025-06-15,Kerala,Kerala City 2,Enterprise,0,Call Drops,No Complaint,13.9,3.1,1
AIR100424,2025-07-15,Telangana,Telangana City 2,Enterprise,0,Slow Internet,No Complaint,5.8,3.27,8
AIR100425,2025-08-15,Uttar Pradesh,Uttar Pradesh City 3,Postpaid,0,Network Issues,No Complaint,9.4,3.67,31
AIR100426,2025-09-15,Uttar Pradesh,Uttar Pradesh City 1,Postpaid,1,Call Drops,Resolved,14.8,3.45,15
AIR100427,2025-10-15,Gujarat,Gujarat City 3,Postpaid,1,Slow Internet,Resolved,9.7,3.95,39
AIR100428,2025-11-15,Kerala,Kerala City 1,Postpaid,0,Network Issues,No Complaint,25.9,2.84,-15
AIR100429,2025-12-15,Delhi,Delhi City 1,Broadband,0,Network Issues,No Complaint,2.8,4.01,45
AIR100430,2025-02-15,Karnataka,Karnataka City 1,Postpaid,0,Slow Internet,No Complaint,15,3.45,19
AIR100431,2025-03-15,Delhi,Delhi City 3,Postpaid,0,Slow Internet,No Complaint,44,2.57,-14
AIR100432,2025-04-15,Uttar Pradesh,Uttar Pradesh City 3,Postpaid,0,Call Drops,No Complaint,27.8,2.84,-3
AIR100433,2025-05-15,Uttar Pradesh,Uttar Pradesh City 3,Postpaid,1,Call Drops,Resolved,26.7,2.72,-26
AIR100434,2025-06-15,Maharashtra,Maharashtra City 3,Broadband,1,Others,In Progress,18,3.33,11
AIR100435,2025-07-15,Uttar Pradesh,Uttar Pradesh City 2,Prepaid,0,Network Issues,No Complaint,5.7,4.14,46
AIR100436,2025-08-15,Tamil Nadu,Tamil Nadu City 2,Prepaid,1,Network Issues,Resolved,8.3,3.55,11
AIR100437,2025-09-15,West Bengal,West Bengal City 2,Postpaid,1,Slow Internet,Resolved,28.4,3.8,27
AIR100438,2025-10-15,Kerala,Kerala City 1,Prepaid,0,Network Issues,No Complaint,4.9,4.04,26
AIR100439,2025-11-15,Delhi,Delhi City 2,Postpaid,0,Slow Internet,No Complaint,37.4,2.96,-3
AIR100440,2025-12-15,West Bengal,West Bengal City 1,Broadband,1,Network Issues,In Progress,16.7,2.97,-11
AIR100441,2025-02-15,Telangana,Telangana City 3,Postpaid,1,Network Issues,Resolved,36.2,3.04,-2
AIR100442,2025-03-15,Karnataka,Karnataka City 1,Broadband,0,Slow Internet,No Complaint,43.7,2.87,-3
AIR100443,2025-04-15,Tamil Nadu,Tamil Nadu City 1,Prepaid,0,Network Issues,No Complaint,17.4,3.68,25
AIR100444,2025-05-15,Delhi,Delhi City 2,Broadband,1,Slow Internet,Resolved,23,3.81,14
AIR100445,2025-06-15,West Bengal,West Bengal City 3,Postpaid,0,Slow Internet,No Complaint,8.7,3.95,48
AIR100446,2025-07-15,Karnataka,Karnataka City 3,Prepaid,1,Slow Internet,Pending,16.4,3.73,32
AIR100447,2025-08-15,Maharashtra,Maharashtra City 2,Postpaid,0,Network Issues,No Complaint,15.1,4.5,38
AIR100448,2025-09-15,Tamil Nadu,Tamil Nadu City 3,Enterprise,1,Slow Internet,Resolved,48.7,4,37
AIR100449,2025-10-15,Tamil Nadu,Tamil Nadu City 3,Prepaid,0,Call Drops,No Complaint,15.4,3.61,4
AIR100450,2025-11-15,Maharashtra,Maharashtra City 3,Postpaid,0,Call Drops,No Complaint,10.9,4.02,33
AIR100451,2025-12-15,Kerala,Kerala City 2,Broadband,0,Network Issues,No Complaint,25.1,3.58,38
AIR100452,2025-02-15,Maharashtra,Maharashtra City 3,Prepaid,0,Network Issues,No Complaint,5.1,3.5,31
AIR100453,2025-03-15,Tamil Nadu,Tamil Nadu City 1,Postpaid,0,Network Issues,No Complaint,11.4,3.62,20
AIR100454,2025-04-15,Tamil Nadu,Tamil Nadu City 1,Postpaid,0,Call Drops,No Complaint,5.3,3.52,22
AIR100455,2025-05-15,West Bengal,West Bengal City 3,Prepaid,0,Call Drops,No Complaint,31.1,3.23,3
AIR100456,2025-06-15,Uttar Pradesh,Uttar Pradesh City 2,Postpaid,0,Slow Internet,No Complaint,23.9,3.79,35
AIR100457,2025-07-15,Karnataka,Karnataka City 2,Prepaid,0,Call Drops,No Complaint,8.1,3.6,29
AIR100458,2025-08-15,Maharashtra,Maharashtra City 2,Postpaid,1,Call Drops,Resolved,3.3,4.09,69
AIR100459,2025-09-15,Karnataka,Karnataka City 3,Prepaid,1,Others,Resolved,13.5,3.42,27
AIR100460,2025-10-15,Maharashtra,Maharashtra City 3,Prepaid,0,Network Issues,No Complaint,4.7,4.08,22
AIR100461,2025-11-15,Telangana,Telangana City 1,Postpaid,0,Network Issues,No Complaint,20.9,3.59,17
AIR100462,2025-12-15,Tamil Nadu,Tamil Nadu City 2,Prepaid,0,Others,No Complaint,40.4,2.92,9
AIR100463,2025-02-15,Uttar Pradesh,Uttar Pradesh City 1,Prepaid,1,Call Drops,Resolved,16.8,3.67,42
AIR100464,2025-03-15,West Bengal,West Bengal City 1,Broadband,0,Billing Issues,No Complaint,30.7,3.14,6
AIR100465,2025-04-15,Uttar Pradesh,Uttar Pradesh City 2,Broadband,0,Network Issues,No Complaint,27.4,3.45,18
AIR100466,2025-05-15,Uttar Pradesh,Uttar Pradesh City 3,Broadband,1,Slow Internet,Resolved,30.3,3.19,4
AIR100467,2025-06-15,Uttar Pradesh,Uttar Pradesh City 3,Postpaid,0,Slow Internet,No Complaint,37.2,2.82,2
AIR100468,2025-07-15,Karnataka,Karnataka City 1,Broadband,0,Network Issues,No Complaint,7.2,3.66,20
AIR100469,2025-08-15,Maharashtra,Maharashtra City 1,Broadband,0,Others,No Complaint,36.8,3.23,-5
AIR100470,2025-09-15,Rajasthan,Rajasthan City 1,Prepaid,0,Network Issues,No Complaint,19.2,4.07,22
AIR100471,2025-10-15,Telangana,Telangana City 1,Prepaid,0,Network Issues,No Complaint,21.1,3.7,21
AIR100472,2025-11-15,Delhi,Delhi City 2,Prepaid,1,Network Issues,Resolved,9.5,3.11,7
AIR100473,2025-12-15,Uttar Pradesh,Uttar Pradesh City 1,Postpaid,1,Slow Internet,Resolved,4.2,3.54,27
AIR100474,2025-02-15,Kerala,Kerala City 1,Broadband,0,Network Issues,No Complaint,23.4,3.63,12
AIR100475,2025-03-15,Karnataka,Karnataka City 3,Postpaid,0,Slow Internet,No Complaint,9.4,3.64,28
AIR100476,2025-04-15,West Bengal,West Bengal City 3,Postpaid,0,Call Drops,No Complaint,17,3.46,14
AIR100477,2025-05-15,Delhi,Delhi City 3,Prepaid,1,Others,Resolved,7.2,3.5,19
AIR100478,2025-06-15,Rajasthan,Rajasthan City 2,Prepaid,0,Slow Internet,No Complaint,5.5,3.91,38
AIR100479,2025-07-15,Kerala,Kerala City 2,Postpaid,0,Network Issues,No Complaint,18.1,2.92,8
AIR100480,2025-08-15,Rajasthan,Rajasthan City 3,Enterprise,1,Call Drops,Resolved,14.7,3.47,8
AIR100481,2025-09-15,Delhi,Delhi City 3,Prepaid,0,Call Drops,No Complaint,6.8,2.95,-21
AIR100482,2025-10-15,Uttar Pradesh,Uttar Pradesh City 1,Broadband,0,Network Issues,No Complaint,23.5,4.62,59
AIR100483,2025-11-15,Kerala,Kerala City 1,Prepaid,0,Network Issues,No Complaint,33.2,3.69,32
AIR100484,2025-12-15,Rajasthan,Rajasthan City 2,Postpaid,1,Network Issues,Resolved,39.1,4.15,45
AIR100485,2025-02-15,West Bengal,West Bengal City 2,Postpaid,0,Call Drops,No Complaint,44.6,3.94,25
AIR100486,2025-03-15,Maharashtra,Maharashtra City 1,Broadband,1,Network Issues,Resolved,22.6,3.62,20
AIR100487,2025-04-15,Tamil Nadu,Tamil Nadu City 3,Prepaid,0,Others,No Complaint,58.4,3.84,23
AIR100488,2025-05-15,Maharashtra,Maharashtra City 1,Prepaid,0,Slow Internet,No Complaint,34.1,4.11,43
AIR100489,2025-06-15,Delhi,Delhi City 2,Prepaid,0,Call Drops,No Complaint,5.6,3.95,38
AIR100490,2025-07-15,Karnataka,Karnataka City 2,Broadband,0,Network Issues,No Complaint,6.2,4.39,50
AIR100491,2025-08-15,Tamil Nadu,Tamil Nadu City 1,Prepaid,1,Slow Internet,Resolved,23,3.75,28
AIR100492,2025-09-15,Telangana,Telangana City 1,Prepaid,0,Network Issues,No Complaint,12.9,3.79,41
AIR100493,2025-10-15,West Bengal,West Bengal City 1,Postpaid,0,Slow Internet,No Complaint,41.1,3.7,33
AIR100494,2025-11-15,Telangana,Telangana City 2,Postpaid,1,Network Issues,Resolved,16.3,3.41,16
AIR100495,2025-12-15,Kerala,Kerala City 3,Broadband,0,Billing Issues,No Complaint,12.8,3.96,33
AIR100496,2025-02-15,Tamil Nadu,Tamil Nadu City 1,Broadband,1,Network Issues,Pending,8.1,2.82,-15
AIR100497,2025-03-15,Telangana,Telangana City 2,Postpaid,1,Network Issues,Resolved,7.5,3.24,3
AIR100498,2025-04-15,Telangana,Telangana City 2,Broadband,1,Call Drops,Resolved,21.6,3.28,2
AIR100499,2025-05-15,Rajasthan,Rajasthan City 2,Postpaid,1,Slow Internet,Resolved,8.3,2.83,-10
AIR100500,2025-06-15,Maharashtra,Maharashtra City 1,Prepaid,0,Others,No Complaint,28.3,3.23,-7
AIR100501,2025-07-15,Rajasthan,Rajasthan City 1,Broadband,0,Network Issues,No Complaint,6.1,3.07,-11
AIR100502,2025-08-15,Tamil Nadu,Tamil Nadu City 3,Postpaid,1,Call Drops,Resolved,6.6,3.02,-4
AIR100503,2025-09-15,Tamil Nadu,Tamil Nadu City 2,Prepaid,0,Call Drops,No Complaint,11.3,3.62,19
AIR100504,2025-10-15,Delhi,Delhi City 1,Postpaid,1,Network Issues,In Progress,11.5,3.45,3
AIR100505,2025-11-15,Rajasthan,Rajasthan City 2,Prepaid,0,Network Issues,No Complaint,2.6,3.5,6
AIR100506,2025-12-15,Gujarat,Gujarat City 2,Prepaid,0,Network Issues,No Complaint,41.6,3.06,20
AIR100507,2025-02-15,Maharashtra,Maharashtra City 3,Postpaid,1,Slow Internet,Resolved,3.9,3.64,39
AIR100508,2025-03-15,Tamil Nadu,Tamil Nadu City 1,Broadband,0,Call Drops,No Complaint,12.8,3.45,15
AIR100509,2025-04-15,Delhi,Delhi City 1,Postpaid,1,Slow Internet,Resolved,13.7,3.44,16
AIR100510,2025-05-15,Rajasthan,Rajasthan City 2,Prepaid,0,Network Issues,No Complaint,10.5,3.59,10
AIR100511,2025-06-15,Maharashtra,Maharashtra City 2,Enterprise,0,Network Issues,No Complaint,4.8,3.96,31
AIR100512,2025-07-15,Rajasthan,Rajasthan City 3,Prepaid,0,Call Drops,No Complaint,20.1,3.75,12
AIR100513,2025-08-15,Telangana,Telangana City 3,Prepaid,0,Slow Internet,No Complaint,22.9,3.21,18
AIR100514,2025-09-15,Delhi,Delhi City 3,Prepaid,1,Billing Issues,Resolved,41.2,2.85,-7
AIR100515,2025-10-15,Maharashtra,Maharashtra City 3,Prepaid,1,Network Issues,Pending,44.7,3.71,18
AIR100516,2025-11-15,Uttar Pradesh,Uttar Pradesh City 3,Prepaid,0,Network Issues,No Complaint,8.9,2.85,-2
AIR100517,2025-12-15,Kerala,Kerala City 3,Postpaid,0,Slow Internet,No Complaint,7.1,3.92,21
AIR100518,2025-02-15,Kerala,Kerala City 2,Broadband,0,Network Issues,No Complaint,2.9,3.92,41
AIR100519,2025-03-15,Maharashtra,Maharashtra City 3,Enterprise,1,Network Issues,Resolved,19.4,3.87,41
AIR100520,2025-04-15,Rajasthan,Rajasthan City 2,Broadband,0,Call Drops,No Complaint,20,3.68,11
AIR100521,2025-05-15,Delhi,Delhi City 2,Postpaid,0,Network Issues,No Complaint,32.9,3.66,38
AIR100522,2025-06-15,Kerala,Kerala City 1,Postpaid,0,Network Issues,No Complaint,11.5,3.92,15
AIR100523,2025-07-15,Delhi,Delhi City 2,Broadband,0,Network Issues,No Complaint,18.6,3.52,31
AIR100524,2025-08-15,Kerala,Kerala City 2,Postpaid,0,Network Issues,No Complaint,43.4,4.41,67
AIR100525,2025-09-15,Telangana,Telangana City 3,Postpaid,1,Network Issues,Resolved,37,2.96,-8
AIR100526,2025-10-15,Rajasthan,Rajasthan City 2,Postpaid,0,Call Drops,No Complaint,13.8,3.92,29
AIR100527,2025-11-15,Telangana,Telangana City 3,Prepaid,0,Network Issues,No Complaint,12.9,2.67,2
AIR100528,2025-12-15,Kerala,Kerala City 3,Postpaid,1,Network Issues,Resolved,4.5,3.38,11
AIR100529,2025-02-15,Uttar Pradesh,Uttar Pradesh City 3,Postpaid,0,Call Drops,No Complaint,13.8,3.93,32
AIR100530,2025-03-15,Uttar Pradesh,Uttar Pradesh City 1,Postpaid,0,Slow Internet,No Complaint,10.2,3.74,4
AIR100531,2025-04-15,Telangana,Telangana City 3,Prepaid,0,Slow Internet,No Complaint,14.4,3.5,11
AIR100532,2025-05-15,Uttar Pradesh,Uttar Pradesh City 2,Postpaid,0,Slow Internet,No Complaint,11.5,3.64,10
AIR100533,2025-06-15,Kerala,Kerala City 3,Broadband,0,Slow Internet,No Complaint,11.3,3.73,24
AIR100534,2025-07-15,Maharashtra,Maharashtra City 3,Enterprise,0,Slow Internet,No Complaint,14.2,3.11,6
AIR100535,2025-08-15,Telangana,Telangana City 3,Prepaid,0,Slow Internet,No Complaint,26.9,3.7,25
AIR100536,2025-09-15,Karnataka,Karnataka City 1,Prepaid,0,Call Drops,No Complaint,23.1,3,11
AIR100537,2025-10-15,Rajasthan,Rajasthan City 2,Postpaid,0,Slow Internet,No Complaint,10.2,3.31,23
AIR100538,2025-11-15,Uttar Pradesh,Uttar Pradesh City 1,Prepaid,0,Network Issues,No Complaint,8.3,3.82,47
AIR100539,2025-12-15,Uttar Pradesh,Uttar Pradesh City 2,Prepaid,1,Network Issues,Resolved,1,3.6,15
AIR100540,2025-02-15,Tamil Nadu,Tamil Nadu City 1,Prepaid,0,Network Issues,No Complaint,23.7,3.24,-11
AIR100541,2025-03-15,Gujarat,Gujarat City 2,Broadband,0,Others,No Complaint,11.8,3.59,16
AIR100542,2025-04-15,Telangana,Telangana City 1,Postpaid,0,Slow Internet,No Complaint,6.4,3.49,31
AIR100543,2025-05-15,West Bengal,West Bengal City 3,Postpaid,0,Others,No Complaint,15.8,3.27,0
AIR100544,2025-06-15,Uttar Pradesh,Uttar Pradesh City 1,Postpaid,0,Network Issues,No Complaint,14.6,3.55,15
AIR100545,2025-07-15,Rajasthan,Rajasthan City 1,Postpaid,0,Network Issues,No Complaint,18.1,3.32,22
AIR100546,2025-08-15,Karnataka,Karnataka City 3,Prepaid,0,Network Issues,No Complaint,6.9,3.66,25
AIR100547,2025-09-15,Uttar Pradesh,Uttar Pradesh City 3,Postpaid,0,Billing Issues,No Complaint,11.4,3.02,4
AIR100548,2025-10-15,Karnataka,Karnataka City 2,Prepaid,0,Network Issues,No Complaint,39.8,3.47,7
AIR100549,2025-11-15,Kerala,Kerala City 2,Postpaid,0,Slow Internet,No Complaint,52.5,4.09,37
AIR100550,2025-12-15,Kerala,Kerala City 2,Prepaid,1,Slow Internet,Pending,20.6,3.9,22
AIR100551,2025-02-15,Gujarat,Gujarat City 1,Postpaid,0,Network Issues,No Complaint,15.1,3.21,12
AIR100552,2025-03-15,Maharashtra,Maharashtra City 2,Postpaid,0,Billing Issues,No Complaint,5.4,3.18,1
AIR100553,2025-04-15,West Bengal,West Bengal City 1,Prepaid,0,Call Drops,No Complaint,7,4.55,61
AIR100554,2025-05-15,Tamil Nadu,Tamil Nadu City 1,Prepaid,0,Slow Internet,No Complaint,3,3.78,32
AIR100555,2025-06-15,Gujarat,Gujarat City 2,Prepaid,0,Others,No Complaint,5.3,3.6,4
AIR100556,2025-07-15,Delhi,Delhi City 2,Postpaid,1,Slow Internet,Resolved,10.6,3.72,30
AIR100557,2025-08-15,Tamil Nadu,Tamil Nadu City 1,Prepaid,0,Network Issues,No Complaint,30.3,3.12,7
AIR100558,2025-09-15,Telangana,Telangana City 3,Prepaid,0,Slow Internet,No Complaint,35.7,3.12,13
AIR100559,2025-10-15,Rajasthan,Rajasthan City 3,Postpaid,0,Call Drops,No Complaint,19.2,4.11,47
AIR100560,2025-11-15,Delhi,Delhi City 1,Postpaid,0,Others,No Complaint,16.4,3.48,8
AIR100561,2025-12-15,Delhi,Delhi City 2,Prepaid,1,Slow Internet,In Progress,48.9,3,-3
AIR100562,2025-02-15,Gujarat,Gujarat City 1,Postpaid,0,Network Issues,No Complaint,11.2,3.65,21
AIR100563,2025-03-15,Maharashtra,Maharashtra City 1,Broadband,1,Billing Issues,Resolved,29.8,4.51,43
AIR100564,2025-04-15,Gujarat,Gujarat City 2,Broadband,1,Call Drops,Resolved,3.1,3.7,26
AIR100565,2025-05-15,Telangana,Telangana City 3,Prepaid,1,Slow Internet,Resolved,16.1,4.56,37
AIR100566,2025-06-15,Uttar Pradesh,Uttar Pradesh City 1,Broadband,0,Network Issues,No Complaint,23.3,3.94,35
AIR100567,2025-07-15,Uttar Pradesh,Uttar Pradesh City 3,Postpaid,1,Slow Internet,In Progress,13.8,2.58,-29
AIR100568,2025-08-15,Maharashtra,Maharashtra City 3,Enterprise,1,Network Issues,Resolved,2.3,3.98,22
AIR100569,2025-09-15,Telangana,Telangana City 2,Postpaid,0,Slow Internet,No Complaint,41.6,3.95,6
AIR100570,2025-10-15,Maharashtra,Maharashtra City 1,Postpaid,0,Network Issues,No Complaint,30.5,3.26,7
AIR100571,2025-11-15,Karnataka,Karnataka City 1,Postpaid,0,Slow Internet,No Complaint,4.1,3.97,20
AIR100572,2025-12-15,Uttar Pradesh,Uttar Pradesh City 3,Postpaid,1,Billing Issues,In Progress,25.2,3.6,24
AIR100573,2025-02-15,Delhi,Delhi City 3,Postpaid,0,Others,No Complaint,23.2,3.6,10
AIR100574,2025-03-15,West Bengal,West Bengal City 2,Prepaid,0,Slow Internet,No Complaint,48.4,3.66,11
AIR100575,2025-04-15,Rajasthan,Rajasthan City 3,Prepaid,0,Network Issues,No Complaint,23.3,4.32,62
AIR100576,2025-05-15,Telangana,Telangana City 2,Prepaid,0,Slow Internet,No Complaint,19.8,3.78,38
AIR100577,2025-06-15,Tamil Nadu,Tamil Nadu City 1,Broadband,0,Call Drops,No Complaint,14.1,3.57,7
AIR100578,2025-07-15,Maharashtra,Maharashtra City 2,Postpaid,0,Call Drops,No Complaint,26.1,3.73,16
AIR100579,2025-08-15,Rajasthan,Rajasthan City 3,Postpaid,0,Slow Internet,No Complaint,23.7,2.81,-16
AIR100580,2025-09-15,Tamil Nadu,Tamil Nadu City 1,Postpaid,0,Network Issues,No Complaint,34.4,3.77,35
AIR100581,2025-10-15,Rajasthan,Rajasthan City 2,Prepaid,0,Slow Internet,No Complaint,20.7,3.66,23
AIR100582,2025-11-15,West Bengal,West Bengal City 1,Prepaid,0,Network Issues,No Complaint,23,3.39,9
AIR100583,2025-12-15,Tamil Nadu,Tamil Nadu City 2,Postpaid,0,Slow Internet,No Complaint,18.4,3.89,32
AIR100584,2025-02-15,Gujarat,Gujarat City 3,Enterprise,0,Call Drops,No Complaint,9.3,3.4,4
AIR100585,2025-03-15,Kerala,Kerala City 3,Prepaid,1,Network Issues,Resolved,5.9,3.12,12
AIR100586,2025-04-15,Gujarat,Gujarat City 1,Prepaid,0,Call Drops,No Complaint,6.7,3.67,19
AIR100587,2025-05-15,Uttar Pradesh,Uttar Pradesh City 1,Prepaid,0,Network Issues,No Complaint,54.5,3.81,18
AIR100588,2025-06-15,Kerala,Kerala City 1,Prepaid,0,Call Drops,No Complaint,8.5,2.98,-10
AIR100589,2025-07-15,Gujarat,Gujarat City 2,Prepaid,0,Billing Issues,No Complaint,12.3,3.91,24
AIR100590,2025-08-15,Kerala,Kerala City 3,Postpaid,0,Slow Internet,No Complaint,7.9,2.96,-7
AIR100591,2025-09-15,Kerala,Kerala City 1,Prepaid,0,Slow Internet,No Complaint,22.7,3.27,3
AIR100592,2025-10-15,Delhi,Delhi City 1,Prepaid,0,Network Issues,No Complaint,14.3,2.86,1
AIR100593,2025-11-15,Maharashtra,Maharashtra City 1,Postpaid,1,Network Issues,Resolved,2.5,2.79,-1
AIR100594,2025-12-15,Maharashtra,Maharashtra City 2,Enterprise,0,Network Issues,No Complaint,9.7,2.94,-1
AIR100595,2025-02-15,Delhi,Delhi City 1,Prepaid,0,Slow Internet,No Complaint,6.4,2.92,-4
AIR100596,2025-03-15,Rajasthan,Rajasthan City 1,Postpaid,0,Slow Internet,No Complaint,13.8,3.55,19
AIR100597,2025-04-15,Karnataka,Karnataka City 2,Prepaid,0,Slow Internet,No Complaint,9.2,3.49,7
AIR100598,2025-05-15,Rajasthan,Rajasthan City 2,Broadband,0,Call Drops,No Complaint,17.8,4.24,41
AIR100599,2025-06-15,Tamil Nadu,Tamil Nadu City 1,Postpaid,1,Slow Internet,Resolved,16.9,3.67,36
AIR100600,2025-07-15,Tamil Nadu,Tamil Nadu City 1,Broadband,0,Slow Internet,No Complaint,27.6,3.71,46
AIR100601,2025-08-15,Kerala,Kerala City 2,Prepaid,1,Network Issues,Resolved,13.4,4.26,32
AIR100602,2025-09-15,Gujarat,Gujarat City 3,Postpaid,1,Network Issues,Resolved,8.9,3.65,33
AIR100603,2025-10-15,Gujarat,Gujarat City 2,Postpaid,1,Slow Internet,Resolved,13.4,3.6,25
AIR100604,2025-11-15,Maharashtra,Maharashtra City 3,Prepaid,0,Network Issues,No Complaint,8.1,4.04,39
AIR100605,2025-12-15,Telangana,Telangana City 1,Prepaid,0,Network Issues,No Complaint,20,3.9,23
AIR100606,2025-02-15,Rajasthan,Rajasthan City 1,Postpaid,0,Call Drops,No Complaint,14,4.14,44
AIR100607,2025-03-15,Uttar Pradesh,Uttar Pradesh City 3,Postpaid,0,Slow Internet,No Complaint,12.9,2.82,-4
AIR100608,2025-04-15,West Bengal,West Bengal City 2,Prepaid,0,Slow Internet,No Complaint,5.8,3,-6
AIR100609,2025-05-15,Gujarat,Gujarat City 1,Postpaid,0,Billing Issues,No Complaint,6.9,3.46,24
AIR100610,2025-06-15,West Bengal,West Bengal City 3,Prepaid,0,Slow Internet,No Complaint,23.4,3.36,19
AIR100611,2025-07-15,Kerala,Kerala City 2,Prepaid,0,Call Drops,No Complaint,17.2,3.96,51
AIR100612,2025-08-15,West Bengal,West Bengal City 3,Postpaid,0,Network Issues,No Complaint,56.6,3.4,18
AIR100613,2025-09-15,Uttar Pradesh,Uttar Pradesh City 2,Prepaid,0,Call Drops,No Complaint,18.2,3.44,10
AIR100614,2025-10-15,Delhi,Delhi City 2,Prepaid,0,Network Issues,No Complaint,14.7,3.82,36
AIR100615,2025-11-15,Uttar Pradesh,Uttar Pradesh City 2,Prepaid,0,Call Drops,No Complaint,6.9,3.34,0
AIR100616,2025-12-15,West Bengal,West Bengal City 2,Postpaid,0,Slow Internet,No Complaint,23.3,3.36,7
AIR100617,2025-02-15,Uttar Pradesh,Uttar Pradesh City 3,Postpaid,0,Others,No Complaint,19,3.39,15
AIR100618,2025-03-15,Karnataka,Karnataka City 3,Enterprise,0,Network Issues,No Complaint,13.4,3.5,24
AIR100619,2025-04-15,Kerala,Kerala City 3,Prepaid,0,Call Drops,No Complaint,17.2,3.4,13
AIR100620,2025-05-15,Rajasthan,Rajasthan City 3,Postpaid,0,Network Issues,No Complaint,24.5,3.23,17
AIR100621,2025-06-15,Delhi,Delhi City 3,Prepaid,0,Billing Issues,No Complaint,7.9,2.97,-1
AIR100622,2025-07-15,Gujarat,Gujarat City 2,Postpaid,1,Slow Internet,In Progress,14.9,3.96,25
AIR100623,2025-08-15,Tamil Nadu,Tamil Nadu City 1,Postpaid,0,Network Issues,No Complaint,18,3.75,35
AIR100624,2025-09-15,Rajasthan,Rajasthan City 1,Prepaid,1,Network Issues,Resolved,7.1,3.82,20
AIR100625,2025-10-15,Tamil Nadu,Tamil Nadu City 3,Postpaid,0,Network Issues,No Complaint,24.6,3.43,45
AIR100626,2025-11-15,Kerala,Kerala City 3,Prepaid,0,Network Issues,No Complaint,12.9,2.88,-1
AIR100627,2025-12-15,Delhi,Delhi City 1,Prepaid,0,Call Drops,No Complaint,8.7,3.19,4
AIR100628,2025-02-15,Maharashtra,Maharashtra City 2,Prepaid,0,Network Issues,No Complaint,17.2,3.5,16
AIR100629,2025-03-15,Gujarat,Gujarat City 3,Postpaid,1,Network Issues,Resolved,27.7,3.44,8
AIR100630,2025-04-15,Karnataka,Karnataka City 2,Postpaid,1,Others,In Progress,12.4,3.63,10
AIR100631,2025-05-15,Maharashtra,Maharashtra City 1,Prepaid,1,Network Issues,Pending,15.1,4.18,47
AIR100632,2025-06-15,Kerala,Kerala City 1,Prepaid,0,Call Drops,No Complaint,7.4,3.38,2
AIR100633,2025-07-15,Rajasthan,Rajasthan City 3,Prepaid,0,Network Issues,No Complaint,19,3.5,4
AIR100634,2025-08-15,Karnataka,Karnataka City 2,Prepaid,0,Network Issues,No Complaint,10.5,4.09,51
AIR100635,2025-09-15,Uttar Pradesh,Uttar Pradesh City 3,Postpaid,0,Network Issues,No Complaint,1,3.56,13
AIR100636,2025-10-15,West Bengal,West Bengal City 1,Postpaid,1,Call Drops,Pending,25,3.55,31
AIR100637,2025-11-15,Karnataka,Karnataka City 2,Prepaid,1,Network Issues,Resolved,12.5,2.92,-13
AIR100638,2025-12-15,Kerala,Kerala City 3,Prepaid,0,Network Issues,No Complaint,14.7,3.76,17
AIR100639,2025-02-15,Telangana,Telangana City 3,Broadband,0,Others,No Complaint,5.2,4.33,55
AIR100640,2025-03-15,West Bengal,West Bengal City 3,Prepaid,0,Slow Internet,No Complaint,14.6,3.4,19
AIR100641,2025-04-15,Tamil Nadu,Tamil Nadu City 1,Prepaid,0,Network Issues,No Complaint,1,3.16,8
AIR100642,2025-05-15,Gujarat,Gujarat City 3,Postpaid,0,Slow Internet,No Complaint,16.2,3.56,30
AIR100643,2025-06-15,Tamil Nadu,Tamil Nadu City 2,Postpaid,0,Network Issues,No Complaint,32.7,3.82,26
AIR100644,2025-07-15,Karnataka,Karnataka City 3,Postpaid,0,Call Drops,No Complaint,10.1,3.09,5
AIR100645,2025-08-15,Tamil Nadu,Tamil Nadu City 1,Broadband,1,Network Issues,In Progress,10.7,3.66,36
AIR100646,2025-09-15,Kerala,Kerala City 3,Prepaid,1,Call Drops,In Progress,15.3,3.5,31
AIR100647,2025-10-15,Uttar Pradesh,Uttar Pradesh City 1,Postpaid,0,Network Issues,No Complaint,60.3,4.2,33
AIR100648,2025-11-15,Rajasthan,Rajasthan City 1,Prepaid,0,Billing Issues,No Complaint,4,3.85,31
AIR100649,2025-12-15,Gujarat,Gujarat City 2,Postpaid,0,Others,No Complaint,4.4,3.46,35
AIR100650,2025-02-15,Tamil Nadu,Tamil Nadu City 2,Broadband,0,Network Issues,No Complaint,22.6,4.76,56
AIR100651,2025-03-15,Tamil Nadu,Tamil Nadu City 3,Postpaid,1,Call Drops,Pending,25.2,3.69,25
AIR100652,2025-04-15,Karnataka,Karnataka City 1,Postpaid,0,Others,No Complaint,26.6,3.6,8
AIR100653,2025-05-15,Rajasthan,Rajasthan City 1,Broadband,0,Billing Issues,No Complaint,12.7,4.05,38
AIR100654,2025-06-15,Maharashtra,Maharashtra City 2,Prepaid,1,Billing Issues,In Progress,6.8,3.37,7
AIR100655,2025-07-15,Tamil Nadu,Tamil Nadu City 2,Postpaid,0,Others,No Complaint,20.7,3.34,-4
AIR100656,2025-08-15,Kerala,Kerala City 3,Broadband,0,Call Drops,No Complaint,7.5,3.59,27
AIR100657,2025-09-15,Telangana,Telangana City 1,Postpaid,0,Slow Internet,No Complaint,29,3.42,6
AIR100658,2025-10-15,Gujarat,Gujarat City 2,Prepaid,0,Slow Internet,No Complaint,14.1,3.92,26
AIR100659,2025-11-15,Tamil Nadu,Tamil Nadu City 3,Prepaid,1,Slow Internet,Pending,9.9,3.75,33
AIR100660,2025-12-15,Kerala,Kerala City 1,Prepaid,0,Call Drops,No Complaint,3.5,3.96,38
AIR100661,2025-02-15,Kerala,Kerala City 1,Prepaid,0,Slow Internet,No Complaint,13,3.69,38
AIR100662,2025-03-15,Gujarat,Gujarat City 2,Postpaid,0,Call Drops,No Complaint,18.6,3.96,33
AIR100663,2025-04-15,Maharashtra,Maharashtra City 3,Prepaid,0,Network Issues,No Complaint,23.9,4.52,46
AIR100664,2025-05-15,Kerala,Kerala City 2,Prepaid,0,Network Issues,No Complaint,16.5,3.58,23
AIR100665,2025-06-15,Telangana,Telangana City 3,Prepaid,0,Call Drops,No Complaint,5.4,3.59,29
AIR100666,2025-07-15,Kerala,Kerala City 1,Postpaid,0,Call Drops,No Complaint,25.2,3.75,35
AIR100667,2025-08-15,Kerala,Kerala City 3,Postpaid,0,Call Drops,No Complaint,22.2,4.07,31
AIR100668,2025-09-15,Kerala,Kerala City 3,Postpaid,0,Slow Internet,No Complaint,7,4.22,44
AIR100669,2025-10-15,Uttar Pradesh,Uttar Pradesh City 3,Prepaid,1,Slow Internet,Resolved,8,3.18,14
AIR100670,2025-11-15,Uttar Pradesh,Uttar Pradesh City 3,Prepaid,0,Network Issues,No Complaint,18.9,3.26,6
AIR100671,2025-12-15,Maharashtra,Maharashtra City 3,Prepaid,1,Slow Internet,Resolved,9.5,3.46,21
AIR100672,2025-02-15,Tamil Nadu,Tamil Nadu City 2,Prepaid,0,Billing Issues,No Complaint,5.6,3.46,16
AIR100673,2025-03-15,Kerala,Kerala City 3,Prepaid,1,Billing Issues,Resolved,32,3.38,10
AIR100674,2025-04-15,Rajasthan,Rajasthan City 3,Postpaid,1,Slow Internet,In Progress,26.6,2.91,12
AIR100675,2025-05-15,Tamil Nadu,Tamil Nadu City 1,Prepaid,1,Network Issues,Resolved,10.3,2.75,-4
AIR100676,2025-06-15,Maharashtra,Maharashtra City 3,Broadband,1,Others,Resolved,7.5,4.82,69
AIR100677,2025-07-15,Delhi,Delhi City 1,Postpaid,0,Network Issues,No Complaint,21.7,2.9,-18
AIR100678,2025-08-15,Tamil Nadu,Tamil Nadu City 2,Prepaid,0,Call Drops,No Complaint,3,3.36,6
AIR100679,2025-09-15,Tamil Nadu,Tamil Nadu City 2,Postpaid,0,Billing Issues,No Complaint,34.2,3.77,35
AIR100680,2025-10-15,West Bengal,West Bengal City 3,Postpaid,0,Others,No Complaint,13,3.31,12
AIR100681,2025-11-15,Karnataka,Karnataka City 2,Postpaid,1,Network Issues,Resolved,7,3.22,7
AIR100682,2025-12-15,West Bengal,West Bengal City 3,Broadband,0,Slow Internet,No Complaint,10,3.11,-3
AIR100683,2025-02-15,Telangana,Telangana City 2,Prepaid,0,Network Issues,No Complaint,10.6,3.84,27
AIR100684,2025-03-15,Uttar Pradesh,Uttar Pradesh City 3,Broadband,0,Network Issues,No Complaint,25.4,3.48,1
AIR100685,2025-04-15,Uttar Pradesh,Uttar Pradesh City 3,Prepaid,1,Network Issues,Resolved,15.3,4.06,42
AIR100686,2025-05-15,Karnataka,Karnataka City 1,Broadband,0,Network Issues,No Complaint,11.4,3.86,34
AIR100687,2025-06-15,Gujarat,Gujarat City 1,Prepaid,0,Slow Internet,No Complaint,27.6,4.19,46
AIR100688,2025-07-15,Gujarat,Gujarat City 1,Prepaid,1,Network Issues,Resolved,12.7,4.17,30
AIR100689,2025-08-15,Maharashtra,Maharashtra City 1,Postpaid,1,Network Issues,Resolved,12.1,3.33,31
AIR100690,2025-09-15,Karnataka,Karnataka City 3,Prepaid,0,Slow Internet,No Complaint,26.6,3.55,28
AIR100691,2025-10-15,Tamil Nadu,Tamil Nadu City 2,Prepaid,0,Network Issues,No Complaint,12.1,3.51,12
AIR100692,2025-11-15,Gujarat,Gujarat City 3,Prepaid,0,Slow Internet,No Complaint,11.8,3.67,6
AIR100693,2025-12-15,Kerala,Kerala City 1,Postpaid,0,Network Issues,No Complaint,6.6,3.32,12
AIR100694,2025-02-15,Rajasthan,Rajasthan City 1,Broadband,0,Network Issues,No Complaint,32,3.18,-8
AIR100695,2025-03-15,Tamil Nadu,Tamil Nadu City 2,Postpaid,0,Slow Internet,No Complaint,17.7,4.02,48
AIR100696,2025-04-15,Telangana,Telangana City 1,Broadband,0,Slow Internet,No Complaint,10.7,4.75,63
AIR100697,2025-05-15,Kerala,Kerala City 3,Postpaid,0,Slow Internet,No Complaint,13,3.54,25
AIR100698,2025-06-15,Kerala,Kerala City 3,Prepaid,0,Billing Issues,No Complaint,5.7,3.03,-9
AIR100699,2025-07-15,Karnataka,Karnataka City 3,Prepaid,1,Network Issues,Pending,2.1,2.91,6
AIR100700,2025-08-15,Maharashtra,Maharashtra City 3,Postpaid,0,Call Drops,No Complaint,24.6,3.43,20
AIR100701,2025-09-15,Telangana,Telangana City 3,Prepaid,1,Network Issues,Resolved,5.7,3.42,12
AIR100702,2025-10-15,Gujarat,Gujarat City 2,Prepaid,0,Others,No Complaint,18.6,3.45,18
AIR100703,2025-11-15,Karnataka,Karnataka City 3,Postpaid,0,Slow Internet,No Complaint,24.5,3.43,23
AIR100704,2025-12-15,Gujarat,Gujarat City 1,Postpaid,0,Call Drops,No Complaint,6.7,4.1,27
AIR100705,2025-02-15,Karnataka,Karnataka City 1,Prepaid,1,Slow Internet,Resolved,25.6,3.68,20
AIR100706,2025-03-15,Karnataka,Karnataka City 1,Broadband,1,Network Issues,Resolved,6.2,2.94,11
AIR100707,2025-04-15,Karnataka,Karnataka City 1,Postpaid,0,Network Issues,No Complaint,18.4,3.78,37
AIR100708,2025-05-15,Maharashtra,Maharashtra City 2,Postpaid,0,Call Drops,No Complaint,22,3.76,17
AIR100709,2025-06-15,Karnataka,Karnataka City 1,Enterprise,1,Network Issues,Resolved,1.9,3.72,16
AIR100710,2025-07-15,Delhi,Delhi City 2,Prepaid,0,Network Issues,No Complaint,14.7,3.37,23
AIR100711,2025-08-15,Rajasthan,Rajasthan City 1,Postpaid,1,Network Issues,Resolved,15.4,3.48,31
AIR100712,2025-09-15,Gujarat,Gujarat City 2,Broadband,0,Network Issues,No Complaint,3.8,3.26,4
AIR100713,2025-10-15,Tamil Nadu,Tamil Nadu City 2,Postpaid,0,Call Drops,No Complaint,7.1,3.65,8
AIR100714,2025-11-15,West Bengal,West Bengal City 2,Postpaid,0,Network Issues,No Complaint,42.6,3.17,-6
AIR100715,2025-12-15,Telangana,Telangana City 1,Prepaid,0,Network Issues,No Complaint,11.6,3.14,9
AIR100716,2025-02-15,Uttar Pradesh,Uttar Pradesh City 2,Postpaid,0,Network Issues,No Complaint,8.9,3.39,10
AIR100717,2025-03-15,Maharashtra,Maharashtra City 3,Prepaid,0,Call Drops,No Complaint,5.1,3.98,39
AIR100718,2025-04-15,Tamil Nadu,Tamil Nadu City 3,Enterprise,0,Network Issues,No Complaint,6.6,3.54,18
AIR100719,2025-05-15,Kerala,Kerala City 1,Broadband,0,Network Issues,No Complaint,10.2,4.52,55
AIR100720,2025-06-15,Delhi,Delhi City 3,Broadband,0,Network Issues,No Complaint,3.8,4.34,52
AIR100721,2025-07-15,Uttar Pradesh,Uttar Pradesh City 3,Postpaid,1,Network Issues,Resolved,21.8,3.45,25
AIR100722,2025-08-15,West Bengal,West Bengal City 3,Prepaid,0,Network Issues,No Complaint,19.2,3.95,32
AIR100723,2025-09-15,Tamil Nadu,Tamil Nadu City 1,Prepaid,1,Call Drops,Pending,5.5,4.02,57
AIR100724,2025-10-15,Uttar Pradesh,Uttar Pradesh City 1,Broadband,0,Network Issues,No Complaint,1.9,3.56,3
AIR100725,2025-11-15,Tamil Nadu,Tamil Nadu City 3,Prepaid,0,Slow Internet,No Complaint,13,3.52,18
AIR100726,2025-12-15,Delhi,Delhi City 1,Prepaid,0,Slow Internet,No Complaint,7.6,3.35,14
AIR100727,2025-02-15,West Bengal,West Bengal City 2,Postpaid,0,Network Issues,No Complaint,7.1,3.8,38
AIR100728,2025-03-15,Kerala,Kerala City 3,Prepaid,0,Call Drops,No Complaint,5.8,3.58,22
AIR100729,2025-04-15,Karnataka,Karnataka City 1,Postpaid,0,Billing Issues,No Complaint,16.8,2.9,-12
AIR100730,2025-05-15,Gujarat,Gujarat City 1,Postpaid,0,Slow Internet,No Complaint,12.6,3.72,42
AIR100731,2025-06-15,Kerala,Kerala City 3,Postpaid,1,Network Issues,Resolved,17.2,3.31,4
AIR100732,2025-07-15,Karnataka,Karnataka City 1,Broadband,0,Others,No Complaint,12.3,3.75,15
AIR100733,2025-08-15,Maharashtra,Maharashtra City 3,Prepaid,0,Network Issues,No Complaint,16.4,4.19,44
AIR100734,2025-09-15,Rajasthan,Rajasthan City 1,Prepaid,1,Billing Issues,Resolved,27.2,3.49,43
AIR100735,2025-10-15,Telangana,Telangana City 2,Prepaid,0,Slow Internet,No Complaint,4.2,3.85,34
AIR100736,2025-11-15,Telangana,Telangana City 3,Enterprise,1,Slow Internet,Pending,24.1,4.32,38
AIR100737,2025-12-15,Gujarat,Gujarat City 2,Prepaid,1,Call Drops,Pending,22.4,3.21,21
AIR100738,2025-02-15,West Bengal,West Bengal City 3,Prepaid,1,Others,In Progress,5.7,3.51,28
AIR100739,2025-03-15,Delhi,Delhi City 1,Postpaid,0,Slow Internet,No Complaint,45.1,3.54,14
AIR100740,2025-04-15,West Bengal,West Bengal City 2,Prepaid,1,Slow Internet,Resolved,5.8,3.99,45
AIR100741,2025-05-15,Delhi,Delhi City 1,Enterprise,1,Network Issues,Resolved,42.3,4.25,55
AIR100742,2025-06-15,West Bengal,West Bengal City 3,Broadband,0,Others,No Complaint,10,4.06,27
AIR100743,2025-07-15,Rajasthan,Rajasthan City 3,Postpaid,0,Slow Internet,No Complaint,5.1,3.37,-6
AIR100744,2025-08-15,Maharashtra,Maharashtra City 3,Postpaid,0,Slow Internet,No Complaint,4,3.22,25
AIR100745,2025-09-15,Maharashtra,Maharashtra City 3,Prepaid,1,Slow Internet,Resolved,7.9,4.05,43
AIR100746,2025-10-15,Karnataka,Karnataka City 3,Postpaid,0,Billing Issues,No Complaint,7.8,3.6,25
AIR100747,2025-11-15,Uttar Pradesh,Uttar Pradesh City 2,Postpaid,0,Call Drops,No Complaint,13.3,3.51,22
AIR100748,2025-12-15,Maharashtra,Maharashtra City 3,Prepaid,0,Network Issues,No Complaint,13.3,3.76,20
AIR100749,2025-02-15,Maharashtra,Maharashtra City 1,Prepaid,0,Network Issues,No Complaint,18.3,4.46,54
AIR100750,2025-03-15,Kerala,Kerala City 2,Broadband,1,Network Issues,Resolved,4.5,3.76,12
AIR100751,2025-04-15,Kerala,Kerala City 1,Prepaid,1,Network Issues,Resolved,14.5,3.65,33
AIR100752,2025-05-15,Karnataka,Karnataka City 3,Postpaid,0,Network Issues,No Complaint,5.8,3.63,19
AIR100753,2025-06-15,Uttar Pradesh,Uttar Pradesh City 1,Prepaid,1,Network Issues,Pending,3.7,3.82,37
AIR100754,2025-07-15,Gujarat,Gujarat City 2,Prepaid,1,Others,Resolved,24.9,3.92,18
AIR100755,2025-08-15,Kerala,Kerala City 2,Broadband,0,Others,No Complaint,9.7,4.05,47
AIR100756,2025-09-15,Gujarat,Gujarat City 2,Prepaid,1,Slow Internet,In Progress,9.6,3.88,36
AIR100757,2025-10-15,Tamil Nadu,Tamil Nadu City 1,Postpaid,0,Network Issues,No Complaint,4.6,3.48,20
AIR100758,2025-11-15,Kerala,Kerala City 2,Prepaid,0,Network Issues,No Complaint,6.9,4.02,40
AIR100759,2025-12-15,Rajasthan,Rajasthan City 1,Prepaid,0,Slow Internet,No Complaint,29,3.51,14
AIR100760,2025-02-15,Uttar Pradesh,Uttar Pradesh City 3,Broadband,0,Billing Issues,No Complaint,5.3,3.26,33
AIR100761,2025-03-15,Karnataka,Karnataka City 3,Postpaid,0,Others,No Complaint,12.1,4.18,26
AIR100762,2025-04-15,Tamil Nadu,Tamil Nadu City 1,Broadband,0,Call Drops,No Complaint,7.2,3.72,29
AIR100763,2025-05-15,Uttar Pradesh,Uttar Pradesh City 2,Broadband,0,Network Issues,No Complaint,10.6,3.29,15
AIR100764,2025-06-15,Rajasthan,Rajasthan City 1,Broadband,1,Network Issues,Resolved,5.5,3.27,3
AIR100765,2025-07-15,Uttar Pradesh,Uttar Pradesh City 1,Broadband,0,Slow Internet,No Complaint,15.2,3.44,2
AIR100766,2025-08-15,Rajasthan,Rajasthan City 1,Prepaid,0,Slow Internet,No Complaint,4.5,3.79,28
AIR100767,2025-09-15,Rajasthan,Rajasthan City 3,Broadband,0,Network Issues,No Complaint,1,4.64,58
AIR100768,2025-10-15,Gujarat,Gujarat City 1,Prepaid,1,Network Issues,Resolved,42.5,3.88,23
AIR100769,2025-11-15,West Bengal,West Bengal City 3,Prepaid,0,Slow Internet,No Complaint,13.9,3.63,37
AIR100770,2025-12-15,Tamil Nadu,Tamil Nadu City 1,Prepaid,0,Slow Internet,No Complaint,44.2,3.49,22
AIR100771,2025-02-15,Uttar Pradesh,Uttar Pradesh City 3,Prepaid,1,Others,Resolved,7.6,3.83,22
AIR100772,2025-03-15,Delhi,Delhi City 1,Postpaid,0,Slow Internet,No Complaint,39.4,2.99,-10
AIR100773,2025-04-15,Tamil Nadu,Tamil Nadu City 1,Prepaid,0,Network Issues,No Complaint,19.7,3.66,6
AIR100774,2025-05-15,West Bengal,West Bengal City 2,Prepaid,0,Call Drops,No Complaint,9.2,3.69,25
AIR100775,2025-06-15,Tamil Nadu,Tamil Nadu City 2,Postpaid,0,Network Issues,No Complaint,41,3.49,15
AIR100776,2025-07-15,Maharashtra,Maharashtra City 1,Prepaid,1,Slow Internet,Resolved,18.6,4.27,63
AIR100777,2025-08-15,Delhi,Delhi City 1,Postpaid,0,Slow Internet,No Complaint,15.1,3.44,19
AIR100778,2025-09-15,West Bengal,West Bengal City 1,Prepaid,0,Others,No Complaint,11.8,3.73,41
AIR100779,2025-10-15,Gujarat,Gujarat City 1,Prepaid,1,Call Drops,In Progress,25.7,3.75,27
AIR100780,2025-11-15,Uttar Pradesh,Uttar Pradesh City 2,Prepaid,0,Slow Internet,No Complaint,15,3.95,37
AIR100781,2025-12-15,Telangana,Telangana City 3,Prepaid,0,Slow Internet,No Complaint,13.4,4.29,47
AIR100782,2025-02-15,West Bengal,West Bengal City 1,Postpaid,1,Network Issues,In Progress,18,4.06,40
AIR100783,2025-03-15,Karnataka,Karnataka City 2,Postpaid,0,Billing Issues,No Complaint,34.7,3.96,42
AIR100784,2025-04-15,Uttar Pradesh,Uttar Pradesh City 1,Prepaid,0,Slow Internet,No Complaint,25.7,3.51,5
AIR100785,2025-05-15,West Bengal,West Bengal City 1,Prepaid,0,Network Issues,No Complaint,39.5,4.31,58
AIR100786,2025-06-15,Maharashtra,Maharashtra City 3,Prepaid,0,Network Issues,No Complaint,6.8,3.06,1
AIR100787,2025-07-15,Telangana,Telangana City 1,Enterprise,0,Slow Internet,No Complaint,6,4.01,42
AIR100788,2025-08-15,Maharashtra,Maharashtra City 1,Prepaid,0,Network Issues,No Complaint,4.4,3.7,35
AIR100789,2025-09-15,Telangana,Telangana City 3,Broadband,1,Billing Issues,Pending,26.9,3.69,18
AIR100790,2025-10-15,Karnataka,Karnataka City 3,Postpaid,0,Network Issues,No Complaint,11,3.64,13
AIR100791,2025-11-15,Uttar Pradesh,Uttar Pradesh City 3,Prepaid,0,Billing Issues,No Complaint,79,3.52,5
AIR100792,2025-12-15,Gujarat,Gujarat City 3,Enterprise,1,Call Drops,Resolved,15.1,3.36,23
AIR100793,2025-02-15,Maharashtra,Maharashtra City 2,Postpaid,0,Call Drops,No Complaint,14.4,3.4,8
AIR100794,2025-03-15,Maharashtra,Maharashtra City 2,Postpaid,0,Network Issues,No Complaint,6.6,3.43,0
AIR100795,2025-04-15,Rajasthan,Rajasthan City 2,Prepaid,0,Billing Issues,No Complaint,12.6,3.28,8
AIR100796,2025-05-15,Telangana,Telangana City 1,Postpaid,0,Network Issues,No Complaint,11.6,3.38,23
AIR100797,2025-06-15,Kerala,Kerala City 3,Prepaid,0,Network Issues,No Complaint,7.6,3.84,37
AIR100798,2025-07-15,Uttar Pradesh,Uttar Pradesh City 3,Prepaid,0,Network Issues,No Complaint,7.4,3.89,10
AIR100799,2025-08-15,Telangana,Telangana City 2,Broadband,0,Call Drops,No Complaint,3.9,4.21,59
AIR100800,2025-09-15,Rajasthan,Rajasthan City 1,Broadband,0,Billing Issues,No Complaint,21.7,2.78,-7
AIR100801,2025-10-15,Tamil Nadu,Tamil Nadu City 1,Prepaid,1,Slow Internet,Resolved,11.6,3.44,9
AIR100802,2025-11-15,Telangana,Telangana City 1,Postpaid,0,Slow Internet,No Complaint,12.9,3.49,17
AIR100803,2025-12-15,Gujarat,Gujarat City 2,Postpaid,0,Slow Internet,No Complaint,5.3,3.03,0
AIR100804,2025-02-15,Uttar Pradesh,Uttar Pradesh City 1,Prepaid,1,Network Issues,Resolved,16.9,2.79,6
AIR100805,2025-03-15,Rajasthan,Rajasthan City 1,Prepaid,0,Network Issues,No Complaint,15.7,3.22,16
AIR100806,2025-04-15,Tamil Nadu,Tamil Nadu City 1,Prepaid,1,Slow Internet,Resolved,12.3,3.27,25
AIR100807,2025-05-15,Delhi,Delhi City 3,Postpaid,0,Billing Issues,No Complaint,16.6,4.16,32
AIR100808,2025-06-15,Rajasthan,Rajasthan City 2,Broadband,0,Slow Internet,No Complaint,7.1,3.78,30
AIR100809,2025-07-15,Delhi,Delhi City 3,Prepaid,0,Slow Internet,No Complaint,16.6,3.43,19
AIR100810,2025-08-15,Uttar Pradesh,Uttar Pradesh City 3,Postpaid,1,Network Issues,Pending,46.8,4.08,30
AIR100811,2025-09-15,Maharashtra,Maharashtra City 2,Postpaid,0,Network Issues,No Complaint,21.1,3.5,20
AIR100812,2025-10-15,Rajasthan,Rajasthan City 3,Postpaid,0,Slow Internet,No Complaint,7.9,4.09,37
AIR100813,2025-11-15,Karnataka,Karnataka City 1,Prepaid,0,Network Issues,No Complaint,14.8,2.93,-10
AIR100814,2025-12-15,Delhi,Delhi City 1,Postpaid,0,Network Issues,No Complaint,20.5,3.58,13
AIR100815,2025-02-15,Gujarat,Gujarat City 1,Broadband,1,Call Drops,Resolved,2.6,2.6,8
AIR100816,2025-03-15,Karnataka,Karnataka City 1,Prepaid,0,Billing Issues,No Complaint,7.9,3.47,25
AIR100817,2025-04-15,West Bengal,West Bengal City 2,Prepaid,0,Call Drops,No Complaint,7.4,2.9,-7
AIR100818,2025-05-15,West Bengal,West Bengal City 3,Broadband,1,Slow Internet,Pending,25.9,2.97,-15
AIR100819,2025-06-15,Tamil Nadu,Tamil Nadu City 3,Prepaid,0,Call Drops,No Complaint,14.1,3.12,4
AIR100820,2025-07-15,Maharashtra,Maharashtra City 1,Broadband,0,Slow Internet,No Complaint,5.2,3.63,12
AIR100821,2025-08-15,Uttar Pradesh,Uttar Pradesh City 1,Prepaid,0,Network Issues,No Complaint,5.1,3.68,26
AIR100822,2025-09-15,Rajasthan,Rajasthan City 3,Prepaid,0,Network Issues,No Complaint,23.4,4.01,25
AIR100823,2025-10-15,Kerala,Kerala City 2,Prepaid,0,Slow Internet,No Complaint,16.7,3.81,26
AIR100824,2025-11-15,Gujarat,Gujarat City 3,Prepaid,0,Slow Internet,No Complaint,4.1,3.17,5
AIR100825,2025-12-15,Delhi,Delhi City 1,Prepaid,0,Network Issues,No Complaint,16.2,3.43,45
AIR100826,2025-02-15,Uttar Pradesh,Uttar Pradesh City 1,Postpaid,1,Others,Pending,6.8,3.62,25
AIR100827,2025-03-15,Karnataka,Karnataka City 2,Prepaid,1,Slow Internet,Resolved,27,3.68,22
AIR100828,2025-04-15,West Bengal,West Bengal City 3,Broadband,0,Slow Internet,No Complaint,18.1,3.62,29
AIR100829,2025-05-15,Gujarat,Gujarat City 2,Postpaid,0,Others,No Complaint,31.7,3.99,33
AIR100830,2025-06-15,Kerala,Kerala City 2,Postpaid,0,Network Issues,No Complaint,16.6,2.85,6
AIR100831,2025-07-15,Rajasthan,Rajasthan City 1,Prepaid,0,Slow Internet,No Complaint,14.9,3.81,22
AIR100832,2025-08-15,Tamil Nadu,Tamil Nadu City 3,Postpaid,0,Network Issues,No Complaint,25.6,4.07,26
AIR100833,2025-09-15,Kerala,Kerala City 1,Postpaid,0,Network Issues,No Complaint,18,4.03,24
AIR100834,2025-10-15,Gujarat,Gujarat City 3,Prepaid,0,Billing Issues,No Complaint,32.4,3.2,1
AIR100835,2025-11-15,Kerala,Kerala City 1,Broadband,0,Network Issues,No Complaint,30.4,3.67,15
AIR100836,2025-12-15,Gujarat,Gujarat City 1,Prepaid,0,Slow Internet,No Complaint,32.8,3.68,41
AIR100837,2025-02-15,Gujarat,Gujarat City 3,Prepaid,0,Network Issues,No Complaint,6.1,3.38,23
AIR100838,2025-03-15,Telangana,Telangana City 3,Postpaid,1,Slow Internet,Pending,8.1,4.55,44
AIR100839,2025-04-15,Delhi,Delhi City 1,Postpaid,1,Call Drops,Resolved,14.3,2.9,7
AIR100840,2025-05-15,West Bengal,West Bengal City 3,Prepaid,0,Network Issues,No Complaint,8.1,3.9,43
AIR100841,2025-06-15,Telangana,Telangana City 1,Broadband,0,Slow Internet,No Complaint,7.1,3.51,26
AIR100842,2025-07-15,Rajasthan,Rajasthan City 3,Postpaid,0,Network Issues,No Complaint,7.9,4.02,43
AIR100843,2025-08-15,Telangana,Telangana City 1,Postpaid,0,Billing Issues,No Complaint,3.3,3.67,10
AIR100844,2025-09-15,Maharashtra,Maharashtra City 1,Prepaid,0,Network Issues,No Complaint,19.2,3.29,21
AIR100845,2025-10-15,Maharashtra,Maharashtra City 1,Enterprise,0,Slow Internet,No Complaint,25.7,3.5,16
AIR100846,2025-11-15,West Bengal,West Bengal City 2,Prepaid,1,Call Drops,Resolved,42.4,3.83,26
AIR100847,2025-12-15,Kerala,Kerala City 3,Postpaid,0,Billing Issues,No Complaint,8.1,2.86,-3
AIR100848,2025-02-15,Delhi,Delhi City 1,Prepaid,0,Network Issues,No Complaint,14.1,4.14,48
AIR100849,2025-03-15,West Bengal,West Bengal City 2,Postpaid,0,Call Drops,No Complaint,18,3.88,46
AIR100850,2025-04-15,Gujarat,Gujarat City 1,Prepaid,1,Call Drops,Resolved,31,3.32,14
AIR100851,2025-05-15,Karnataka,Karnataka City 2,Prepaid,0,Call Drops,No Complaint,9,3.23,5
AIR100852,2025-06-15,Delhi,Delhi City 1,Broadband,0,Network Issues,No Complaint,6.6,3.41,30
AIR100853,2025-07-15,Delhi,Delhi City 1,Prepaid,0,Network Issues,No Complaint,14.2,2.9,-8
AIR100854,2025-08-15,Gujarat,Gujarat City 2,Prepaid,0,Network Issues,No Complaint,6.7,4.09,28
AIR100855,2025-09-15,Gujarat,Gujarat City 2,Postpaid,0,Others,No Complaint,13.9,3.74,30
AIR100856,2025-10-15,Tamil Nadu,Tamil Nadu City 3,Postpaid,0,Network Issues,No Complaint,13.4,3.66,30
AIR100857,2025-11-15,West Bengal,West Bengal City 3,Prepaid,0,Slow Internet,No Complaint,6.8,3.68,34
AIR100858,2025-12-15,Gujarat,Gujarat City 2,Prepaid,0,Call Drops,No Complaint,12.2,3.45,18
AIR100859,2025-02-15,Maharashtra,Maharashtra City 3,Enterprise,0,Slow Internet,No Complaint,5.4,3.34,21
AIR100860,2025-03-15,Rajasthan,Rajasthan City 2,Postpaid,0,Slow Internet,No Complaint,30.2,3.87,38
AIR100861,2025-04-15,Karnataka,Karnataka City 3,Prepaid,0,Billing Issues,No Complaint,29.8,3.58,23
AIR100862,2025-05-15,West Bengal,West Bengal City 1,Broadband,0,Billing Issues,No Complaint,5.5,3.94,25
AIR100863,2025-06-15,Uttar Pradesh,Uttar Pradesh City 3,Postpaid,0,Network Issues,No Complaint,3.1,3.76,21
AIR100864,2025-07-15,Maharashtra,Maharashtra City 1,Prepaid,0,Others,No Complaint,1.1,3.39,13
AIR100865,2025-08-15,Kerala,Kerala City 1,Prepaid,0,Slow Internet,No Complaint,36.9,4.22,54
AIR100866,2025-09-15,Gujarat,Gujarat City 3,Prepaid,0,Call Drops,No Complaint,33.4,3.57,13
AIR100867,2025-10-15,Uttar Pradesh,Uttar Pradesh City 2,Broadband,0,Network Issues,No Complaint,19.6,3.67,32
AIR100868,2025-11-15,Gujarat,Gujarat City 1,Prepaid,0,Billing Issues,No Complaint,18.2,3.23,-4
AIR100869,2025-12-15,Delhi,Delhi City 1,Prepaid,0,Billing Issues,No Complaint,6.1,3.91,36
AIR100870,2025-02-15,Maharashtra,Maharashtra City 3,Broadband,1,Network Issues,Resolved,37,3.36,8
AIR100871,2025-03-15,Delhi,Delhi City 2,Prepaid,0,Network Issues,No Complaint,5.1,3.68,30
AIR100872,2025-04-15,Tamil Nadu,Tamil Nadu City 2,Postpaid,0,Slow Internet,No Complaint,38.2,3.52,17
AIR100873,2025-05-15,Delhi,Delhi City 3,Prepaid,0,Billing Issues,No Complaint,8,3.28,3
AIR100874,2025-06-15,Tamil Nadu,Tamil Nadu City 2,Postpaid,1,Network Issues,Resolved,17.2,4.11,31
AIR100875,2025-07-15,Tamil Nadu,Tamil Nadu City 3,Prepaid,0,Network Issues,No Complaint,36.6,3.98,45
AIR100876,2025-08-15,Uttar Pradesh,Uttar Pradesh City 3,Prepaid,0,Slow Internet,No Complaint,6.9,3,12
AIR100877,2025-09-15,Gujarat,Gujarat City 3,Postpaid,1,Call Drops,In Progress,34.1,3.25,-2
AIR100878,2025-10-15,Kerala,Kerala City 1,Postpaid,1,Network Issues,In Progress,32,3.79,24
AIR100879,2025-11-15,Delhi,Delhi City 1,Postpaid,0,Network Issues,No Complaint,16.8,3.45,43
AIR100880,2025-12-15,Maharashtra,Maharashtra City 1,Postpaid,1,Slow Internet,Resolved,4.2,3.86,41
AIR100881,2025-02-15,Tamil Nadu,Tamil Nadu City 3,Postpaid,1,Call Drops,Resolved,3.3,2.78,-14
AIR100882,2025-03-15,Gujarat,Gujarat City 1,Postpaid,0,Network Issues,No Complaint,6.9,3.78,20
AIR100883,2025-04-15,Karnataka,Karnataka City 1,Postpaid,0,Billing Issues,No Complaint,1,3.42,0
AIR100884,2025-05-15,West Bengal,West Bengal City 1,Postpaid,1,Billing Issues,Resolved,2.9,2.94,0
AIR100885,2025-06-15,Uttar Pradesh,Uttar Pradesh City 3,Postpaid,0,Call Drops,No Complaint,5.8,3.96,17
AIR100886,2025-07-15,Kerala,Kerala City 3,Postpaid,0,Billing Issues,No Complaint,52.3,3.63,23
AIR100887,2025-08-15,Telangana,Telangana City 3,Prepaid,0,Network Issues,No Complaint,3.4,3.44,27
AIR100888,2025-09-15,Uttar Pradesh,Uttar Pradesh City 1,Prepaid,0,Network Issues,No Complaint,65.2,4.03,46
AIR100889,2025-10-15,Karnataka,Karnataka City 2,Prepaid,0,Slow Internet,No Complaint,16.7,3.57,25
AIR100890,2025-11-15,West Bengal,West Bengal City 1,Broadband,0,Network Issues,No Complaint,16.4,3.17,6
AIR100891,2025-12-15,Karnataka,Karnataka City 1,Postpaid,0,Call Drops,No Complaint,14.1,3.33,17
AIR100892,2025-02-15,Delhi,Delhi City 3,Postpaid,1,Slow Internet,Resolved,25.9,3.79,14
AIR100893,2025-03-15,Tamil Nadu,Tamil Nadu City 3,Prepaid,1,Call Drops,Resolved,46.3,2.54,-36
AIR100894,2025-04-15,Kerala,Kerala City 1,Prepaid,1,Call Drops,Pending,28.5,3.03,5
AIR100895,2025-05-15,Rajasthan,Rajasthan City 1,Broadband,0,Call Drops,No Complaint,7.7,2.83,1
AIR100896,2025-06-15,Tamil Nadu,Tamil Nadu City 2,Broadband,0,Others,No Complaint,61.8,3.61,24
AIR100897,2025-07-15,Rajasthan,Rajasthan City 2,Prepaid,0,Network Issues,No Complaint,14.4,3.48,36
AIR100898,2025-08-15,West Bengal,West Bengal City 3,Postpaid,0,Billing Issues,No Complaint,25.9,3.72,27
AIR100899,2025-09-15,Gujarat,Gujarat City 2,Prepaid,1,Network Issues,Resolved,8.6,4.33,51
AIR100900,2025-10-15,Telangana,Telangana City 2,Prepaid,0,Call Drops,No Complaint,28.1,4.63,64
AIR100901,2025-11-15,Maharashtra,Maharashtra City 3,Postpaid,0,Call Drops,No Complaint,32.4,4.01,17
AIR100902,2025-12-15,Tamil Nadu,Tamil Nadu City 2,Postpaid,0,Network Issues,No Complaint,10.2,3.61,14
AIR100903,2025-02-15,Kerala,Kerala City 1,Postpaid,0,Network Issues,No Complaint,2.7,3.48,23
AIR100904,2025-03-15,Karnataka,Karnataka City 2,Prepaid,0,Slow Internet,No Complaint,22.2,2.77,3
AIR100905,2025-04-15,Kerala,Kerala City 3,Prepaid,1,Network Issues,Pending,22.1,4.04,43
AIR100906,2025-05-15,West Bengal,West Bengal City 1,Prepaid,0,Network Issues,No Complaint,24.3,3.6,7
AIR100907,2025-06-15,Rajasthan,Rajasthan City 2,Prepaid,0,Billing Issues,No Complaint,45.2,3.1,-3
AIR100908,2025-07-15,Karnataka,Karnataka City 1,Postpaid,0,Network Issues,No Complaint,13.2,2.94,-8
AIR100909,2025-08-15,Maharashtra,Maharashtra City 1,Prepaid,0,Slow Internet,No Complaint,13.1,3.25,29
AIR100910,2025-09-15,Maharashtra,Maharashtra City 2,Prepaid,0,Slow Internet,No Complaint,19.5,2.9,-1
AIR100911,2025-10-15,Tamil Nadu,Tamil Nadu City 2,Prepaid,0,Slow Internet,No Complaint,16.5,3.13,-4
AIR100912,2025-11-15,West Bengal,West Bengal City 3,Postpaid,0,Slow Internet,No Complaint,20.7,4.38,53
AIR100913,2025-12-15,Gujarat,Gujarat City 3,Postpaid,0,Network Issues,No Complaint,16.4,3.61,8
AIR100914,2025-02-15,West Bengal,West Bengal City 1,Postpaid,0,Slow Internet,No Complaint,13.7,3.3,7
AIR100915,2025-03-15,Rajasthan,Rajasthan City 3,Prepaid,0,Network Issues,No Complaint,24.2,4.61,48
AIR100916,2025-04-15,Kerala,Kerala City 1,Prepaid,0,Call Drops,No Complaint,7.1,3.05,21
AIR100917,2025-05-15,Maharashtra,Maharashtra City 1,Prepaid,0,Others,No Complaint,36.1,4.23,31
AIR100918,2025-06-15,Kerala,Kerala City 3,Prepaid,1,Slow Internet,Pending,19.3,3.9,37
AIR100919,2025-07-15,Kerala,Kerala City 3,Prepaid,0,Network Issues,No Complaint,3.1,3.88,55
AIR100920,2025-08-15,Kerala,Kerala City 3,Prepaid,0,Network Issues,No Complaint,25.3,3.5,22
AIR100921,2025-09-15,Maharashtra,Maharashtra City 2,Postpaid,1,Call Drops,In Progress,33.4,3.65,31
AIR100922,2025-10-15,Uttar Pradesh,Uttar Pradesh City 1,Enterprise,0,Network Issues,No Complaint,14.2,4.16,28
AIR100923,2025-11-15,Delhi,Delhi City 1,Prepaid,0,Network Issues,No Complaint,47.7,4.38,46
AIR100924,2025-12-15,Rajasthan,Rajasthan City 1,Broadband,1,Network Issues,Resolved,25.3,4.28,47
AIR100925,2025-02-15,Uttar Pradesh,Uttar Pradesh City 3,Prepaid,1,Slow Internet,Resolved,18,2.7,-11
AIR100926,2025-03-15,Rajasthan,Rajasthan City 3,Postpaid,0,Network Issues,No Complaint,19.4,3.07,6
AIR100927,2025-04-15,Karnataka,Karnataka City 3,Postpaid,0,Network Issues,No Complaint,21.2,3.44,9
AIR100928,2025-05-15,West Bengal,West Bengal City 3,Broadband,0,Billing Issues,No Complaint,6.6,3.8,25
AIR100929,2025-06-15,West Bengal,West Bengal City 3,Prepaid,0,Network Issues,No Complaint,23.3,3.09,15
AIR100930,2025-07-15,Telangana,Telangana City 2,Prepaid,1,Network Issues,In Progress,8.6,3.55,35
AIR100931,2025-08-15,West Bengal,West Bengal City 3,Prepaid,0,Slow Internet,No Complaint,6,3.39,15
AIR100932,2025-09-15,Maharashtra,Maharashtra City 1,Prepaid,1,Network Issues,Resolved,14.8,3.15,11
AIR100933,2025-10-15,Gujarat,Gujarat City 3,Broadband,0,Call Drops,No Complaint,19.6,3.82,55
AIR100934,2025-11-15,Tamil Nadu,Tamil Nadu City 1,Postpaid,1,Network Issues,Resolved,7.2,3.16,0
AIR100935,2025-12-15,Telangana,Telangana City 3,Postpaid,1,Slow Internet,Pending,6.8,4.03,20
AIR100936,2025-02-15,Tamil Nadu,Tamil Nadu City 3,Postpaid,0,Network Issues,No Complaint,43.2,3.71,21
AIR100937,2025-03-15,Rajasthan,Rajasthan City 1,Broadband,0,Slow Internet,No Complaint,11.4,3.16,-3
AIR100938,2025-04-15,Tamil Nadu,Tamil Nadu City 1,Prepaid,1,Slow Internet,Resolved,13.2,3.71,31
AIR100939,2025-05-15,Tamil Nadu,Tamil Nadu City 1,Prepaid,0,Others,No Complaint,7.7,4.1,59
AIR100940,2025-06-15,Telangana,Telangana City 1,Broadband,0,Slow Internet,No Complaint,26.5,3.95,68
AIR100941,2025-07-15,Karnataka,Karnataka City 2,Prepaid,0,Network Issues,No Complaint,11.6,4.38,39
AIR100942,2025-08-15,Kerala,Kerala City 1,Prepaid,0,Others,No Complaint,6.5,4.64,59
AIR100943,2025-09-15,West Bengal,West Bengal City 3,Prepaid,1,Network Issues,In Progress,16.3,3.37,3
AIR100944,2025-10-15,West Bengal,West Bengal City 3,Postpaid,0,Slow Internet,No Complaint,11.2,4.12,44
AIR100945,2025-11-15,Maharashtra,Maharashtra City 2,Postpaid,1,Network Issues,Resolved,18.9,3.4,11
AIR100946,2025-12-15,Telangana,Telangana City 1,Prepaid,0,Others,No Complaint,28.6,4.11,39
AIR100947,2025-02-15,Maharashtra,Maharashtra City 3,Postpaid,0,Network Issues,No Complaint,32.6,3.66,21
AIR100948,2025-03-15,Gujarat,Gujarat City 2,Postpaid,1,Network Issues,Resolved,18.4,3.61,13
AIR100949,2025-04-15,Gujarat,Gujarat City 3,Broadband,0,Slow Internet,No Complaint,9.8,3.41,23
AIR100950,2025-05-15,Maharashtra,Maharashtra City 2,Postpaid,1,Call Drops,Resolved,30.3,3.41,20
AIR100951,2025-06-15,Telangana,Telangana City 2,Postpaid,0,Network Issues,No Complaint,10.8,4.41,51
AIR100952,2025-07-15,Maharashtra,Maharashtra City 1,Postpaid,1,Network Issues,Pending,32,3.89,27
AIR100953,2025-08-15,West Bengal,West Bengal City 2,Prepaid,0,Slow Internet,No Complaint,15.3,3.39,17
AIR100954,2025-09-15,Uttar Pradesh,Uttar Pradesh City 3,Prepaid,0,Billing Issues,No Complaint,44.6,3.79,31
AIR100955,2025-10-15,Delhi,Delhi City 3,Postpaid,0,Network Issues,No Complaint,16.4,2.96,0
AIR100956,2025-11-15,Tamil Nadu,Tamil Nadu City 1,Prepaid,0,Network Issues,No Complaint,35.4,3.79,32
AIR100957,2025-12-15,Delhi,Delhi City 1,Prepaid,0,Network Issues,No Complaint,17,4.73,54
AIR100958,2025-02-15,Telangana,Telangana City 2,Postpaid,1,Call Drops,Resolved,24.6,3.62,28
AIR100959,2025-03-15,Delhi,Delhi City 1,Prepaid,0,Network Issues,No Complaint,19.6,3.24,10
AIR100960,2025-04-15,Gujarat,Gujarat City 3,Prepaid,0,Call Drops,No Complaint,14.2,3.44,18
AIR100961,2025-05-15,Rajasthan,Rajasthan City 3,Postpaid,1,Slow Internet,Resolved,6.5,4.51,52
AIR100962,2025-06-15,Tamil Nadu,Tamil Nadu City 1,Postpaid,1,Slow Internet,Resolved,18.8,3.46,13
AIR100963,2025-07-15,Kerala,Kerala City 1,Broadband,0,Slow Internet,No Complaint,2.9,2.82,-12
AIR100964,2025-08-15,Telangana,Telangana City 1,Postpaid,0,Network Issues,No Complaint,18.5,4.75,57
AIR100965,2025-09-15,Tamil Nadu,Tamil Nadu City 2,Postpaid,1,Call Drops,Resolved,46.9,4.27,57
AIR100966,2025-10-15,Delhi,Delhi City 2,Prepaid,0,Slow Internet,No Complaint,15,4.03,42
AIR100967,2025-11-15,Gujarat,Gujarat City 3,Prepaid,1,Network Issues,Resolved,31.7,3.3,-11
AIR100968,2025-12-15,Karnataka,Karnataka City 2,Prepaid,0,Network Issues,No Complaint,24.8,3.4,3
AIR100969,2025-02-15,Uttar Pradesh,Uttar Pradesh City 2,Postpaid,0,Call Drops,No Complaint,21.9,3.1,11
AIR100970,2025-03-15,Kerala,Kerala City 2,Postpaid,0,Network Issues,No Complaint,43.9,3.58,22
AIR100971,2025-04-15,Uttar Pradesh,Uttar Pradesh City 2,Postpaid,0,Network Issues,No Complaint,10.7,4.3,45
AIR100972,2025-05-15,Tamil Nadu,Tamil Nadu City 3,Postpaid,0,Call Drops,No Complaint,4.5,3.53,24
AIR100973,2025-06-15,Gujarat,Gujarat City 1,Prepaid,0,Network Issues,No Complaint,24.5,2.91,-9
AIR100974,2025-07-15,Gujarat,Gujarat City 3,Postpaid,1,Billing Issues,Resolved,10.8,4.57,56
AIR100975,2025-08-15,Delhi,Delhi City 2,Prepaid,0,Network Issues,No Complaint,40.9,4.36,64
AIR100976,2025-09-15,West Bengal,West Bengal City 1,Prepaid,0,Network Issues,No Complaint,5.1,3.6,8
AIR100977,2025-10-15,Delhi,Delhi City 1,Postpaid,0,Network Issues,No Complaint,9.5,3.67,38
AIR100978,2025-11-15,West Bengal,West Bengal City 1,Enterprise,0,Network Issues,No Complaint,15.7,3.04,0
AIR100979,2025-12-15,West Bengal,West Bengal City 3,Broadband,0,Slow Internet,No Complaint,5.4,3.4,13
AIR100980,2025-02-15,Kerala,Kerala City 1,Broadband,0,Slow Internet,No Complaint,6.6,4.34,46
AIR100981,2025-03-15,Delhi,Delhi City 3,Prepaid,0,Others,No Complaint,5.9,3.92,33
AIR100982,2025-04-15,Karnataka,Karnataka City 3,Prepaid,0,Call Drops,No Complaint,28.6,3.84,14
AIR100983,2025-05-15,Maharashtra,Maharashtra City 2,Prepaid,0,Call Drops,No Complaint,14.9,4.15,34
AIR100984,2025-06-15,Maharashtra,Maharashtra City 2,Prepaid,1,Slow Internet,In Progress,8,3.28,6
AIR100985,2025-07-15,Delhi,Delhi City 1,Prepaid,1,Network Issues,Resolved,38.4,3.25,6
AIR100986,2025-08-15,Delhi,Delhi City 1,Postpaid,0,Call Drops,No Complaint,17.8,4.14,30
AIR100987,2025-09-15,Uttar Pradesh,Uttar Pradesh City 2,Postpaid,0,Others,No Complaint,14.3,3.26,17
AIR100988,2025-10-15,Kerala,Kerala City 3,Broadband,0,Slow Internet,No Complaint,6,4.5,67
AIR100989,2025-11-15,Delhi,Delhi City 3,Broadband,0,Slow Internet,No Complaint,5.3,4.12,29
AIR100990,2025-12-15,Uttar Pradesh,Uttar Pradesh City 2,Prepaid,1,Slow Internet,Resolved,9.2,3.87,24
AIR100991,2025-02-15,West Bengal,West Bengal City 3,Broadband,1,Network Issues,Resolved,12.8,3.7,49
AIR100992,2025-03-15,Gujarat,Gujarat City 2,Postpaid,0,Billing Issues,No Complaint,30.2,3.26,5
AIR100993,2025-04-15,Gujarat,Gujarat City 2,Postpaid,0,Network Issues,No Complaint,12.8,4.12,51
AIR100994,2025-05-15,West Bengal,West Bengal City 1,Postpaid,0,Slow Internet,No Complaint,21.6,3.07,-3
AIR100995,2025-06-15,Telangana,Telangana City 1,Prepaid,1,Slow Internet,Resolved,13,3.92,36
AIR100996,2025-07-15,Uttar Pradesh,Uttar Pradesh City 2,Broadband,0,Call Drops,No Complaint,44.3,3.55,30
AIR100997,2025-08-15,Uttar Pradesh,Uttar Pradesh City 1,Postpaid,1,Slow Internet,Resolved,10,4.45,50
AIR100998,2025-09-15,West Bengal,West Bengal City 2,Broadband,0,Network Issues,No Complaint,12.2,3.17,-10
AIR100999,2025-10-15,Karnataka,Karnataka City 3,Enterprise,0,Network Issues,No Complaint,20.9,2.79,11
AIR101000,2025-11-15,Rajasthan,Rajasthan City 3,Postpaid,0,Slow Internet,No Complaint,4.8,3.48,7
AIR101001,2025-12-15,Tamil Nadu,Tamil Nadu City 3,Prepaid,1,Slow Internet,Resolved,21.1,4.3,43
AIR101002,2025-02-15,West Bengal,West Bengal City 3,Prepaid,0,Call Drops,No Complaint,8.4,3.2,13
AIR101003,2025-03-15,Delhi,Delhi City 2,Prepaid,0,Slow Internet,No Complaint,18.7,3.4,15
AIR101004,2025-04-15,Delhi,Delhi City 3,Prepaid,0,Slow Internet,No Complaint,7.6,3.28,-7
AIR101005,2025-05-15,Kerala,Kerala City 3,Broadband,1,Network Issues,Pending,20,3.86,29
AIR101006,2025-06-15,West Bengal,West Bengal City 3,Prepaid,0,Slow Internet,No Complaint,36.1,4.28,37
AIR101007,2025-07-15,Kerala,Kerala City 3,Enterprise,0,Network Issues,No Complaint,17.9,3.84,28
AIR101008,2025-08-15,West Bengal,West Bengal City 2,Postpaid,1,Slow Internet,Resolved,3,4.19,45
AIR101009,2025-09-15,Uttar Pradesh,Uttar Pradesh City 3,Prepaid,0,Network Issues,No Complaint,35.8,3.17,-11
AIR101010,2025-10-15,Tamil Nadu,Tamil Nadu City 1,Postpaid,0,Call Drops,No Complaint,2.7,3.42,3
AIR101011,2025-11-15,Uttar Pradesh,Uttar Pradesh City 1,Postpaid,1,Call Drops,Resolved,8.8,3.81,10
AIR101012,2025-12-15,Rajasthan,Rajasthan City 1,Postpaid,1,Slow Internet,Resolved,17.1,3.55,22
AIR101013,2025-02-15,Gujarat,Gujarat City 1,Postpaid,0,Slow Internet,No Complaint,8.3,3.52,31
AIR101014,2025-03-15,Maharashtra,Maharashtra City 1,Prepaid,1,Slow Internet,Resolved,11.7,3.78,22
AIR101015,2025-04-15,West Bengal,West Bengal City 1,Postpaid,0,Network Issues,No Complaint,3.6,3.34,8
AIR101016,2025-05-15,Rajasthan,Rajasthan City 2,Postpaid,0,Slow Internet,No Complaint,14.8,4.29,39
AIR101017,2025-06-15,Gujarat,Gujarat City 1,Postpaid,0,Slow Internet,No Complaint,26,4.14,51
AIR101018,2025-07-15,Telangana,Telangana City 3,Broadband,1,Slow Internet,Resolved,42.6,3.41,-2
AIR101019,2025-08-15,Tamil Nadu,Tamil Nadu City 1,Prepaid,0,Slow Internet,No Complaint,27.5,2.97,25
AIR101020,2025-09-15,Kerala,Kerala City 2,Prepaid,1,Network Issues,Pending,16.2,3.4,8
AIR101021,2025-10-15,Kerala,Kerala City 1,Postpaid,0,Network Issues,No Complaint,14,3.72,18
AIR101022,2025-11-15,Uttar Pradesh,Uttar Pradesh City 3,Enterprise,0,Slow Internet,No Complaint,8.4,3.22,7
AIR101023,2025-12-15,Delhi,Delhi City 3,Prepaid,0,Call Drops,No Complaint,40.5,4.35,63
AIR101024,2025-02-15,Gujarat,Gujarat City 2,Prepaid,0,Others,No Complaint,13.1,3.2,11
AIR101025,2025-03-15,Telangana,Telangana City 2,Prepaid,1,Slow Internet,Pending,15.8,3.66,22
AIR101026,2025-04-15,Rajasthan,Rajasthan City 2,Prepaid,0,Call Drops,No Complaint,18.4,4.01,43
AIR101027,2025-05-15,Tamil Nadu,Tamil Nadu City 2,Prepaid,0,Slow Internet,No Complaint,25.9,3.66,22
AIR101028,2025-06-15,Gujarat,Gujarat City 1,Prepaid,0,Network Issues,No Complaint,13.4,4.01,34
AIR101029,2025-07-15,Telangana,Telangana City 1,Postpaid,0,Network Issues,No Complaint,14.1,4.07,42
AIR101030,2025-08-15,Maharashtra,Maharashtra City 3,Prepaid,0,Call Drops,No Complaint,4.9,4.32,45
AIR101031,2025-09-15,West Bengal,West Bengal City 2,Prepaid,1,Network Issues,In Progress,16.3,3.83,33
AIR101032,2025-10-15,Kerala,Kerala City 2,Prepaid,0,Others,No Complaint,10.1,4.31,56
AIR101033,2025-11-15,Rajasthan,Rajasthan City 1,Broadband,0,Slow Internet,No Complaint,7,3.23,9
AIR101034,2025-12-15,Kerala,Kerala City 2,Postpaid,1,Network Issues,Pending,12.8,4.56,57
AIR101035,2025-02-15,Rajasthan,Rajasthan City 3,Enterprise,0,Network Issues,No Complaint,14.8,2.83,-18
AIR101036,2025-03-15,Uttar Pradesh,Uttar Pradesh City 3,Postpaid,0,Network Issues,No Complaint,21.8,2.67,-3
AIR101037,2025-04-15,Delhi,Delhi City 2,Prepaid,0,Network Issues,No Complaint,40.8,3.53,22
AIR101038,2025-05-15,Rajasthan,Rajasthan City 3,Prepaid,0,Slow Internet,No Complaint,8.6,2.85,-2
AIR101039,2025-06-15,Kerala,Kerala City 3,Postpaid,0,Slow Internet,No Complaint,10.7,3.87,40
AIR101040,2025-07-15,Uttar Pradesh,Uttar Pradesh City 1,Postpaid,0,Network Issues,No Complaint,4.4,4.23,29
AIR101041,2025-08-15,Rajasthan,Rajasthan City 3,Postpaid,0,Network Issues,No Complaint,1.2,2.98,-9
AIR101042,2025-09-15,Maharashtra,Maharashtra City 2,Postpaid,0,Network Issues,No Complaint,13.2,3.75,37
AIR101043,2025-10-15,Delhi,Delhi City 2,Postpaid,1,Others,Resolved,8.8,3.89,14
AIR101044,2025-11-15,Rajasthan,Rajasthan City 3,Prepaid,0,Billing Issues,No Complaint,21.8,3.66,0
AIR101045,2025-12-15,Uttar Pradesh,Uttar Pradesh City 2,Broadband,0,Billing Issues,No Complaint,18.5,3.31,-10
AIR101046,2025-02-15,Gujarat,Gujarat City 1,Postpaid,0,Billing Issues,No Complaint,33.7,3.05,-1
AIR101047,2025-03-15,Karnataka,Karnataka City 3,Prepaid,0,Network Issues,No Complaint,4.8,2.17,-47
AIR101048,2025-04-15,Telangana,Telangana City 3,Postpaid,0,Call Drops,No Complaint,6.6,3.27,11
AIR101049,2025-05-15,Karnataka,Karnataka City 3,Postpaid,0,Billing Issues,No Complaint,19.1,3.11,8
AIR101050,2025-06-15,Karnataka,Karnataka City 2,Prepaid,0,Billing Issues,No Complaint,22.9,3.91,15
AIR101051,2025-07-15,Tamil Nadu,Tamil Nadu City 2,Prepaid,0,Network Issues,No Complaint,13.3,3.45,18
AIR101052,2025-08-15,Maharashtra,Maharashtra City 3,Prepaid,1,Call Drops,Pending,44.5,3.17,5
AIR101053,2025-09-15,Gujarat,Gujarat City 2,Prepaid,0,Slow Internet,No Complaint,20.4,4.24,52
AIR101054,2025-10-15,West Bengal,West Bengal City 2,Prepaid,0,Slow Internet,No Complaint,27.4,3.61,16
AIR101055,2025-11-15,Rajasthan,Rajasthan City 3,Prepaid,1,Network Issues,Resolved,22.1,3.62,28
AIR101056,2025-12-15,Telangana,Telangana City 3,Prepaid,0,Slow Internet,No Complaint,13.6,4.01,23
AIR101057,2025-02-15,Delhi,Delhi City 2,Prepaid,0,Call Drops,No Complaint,16.3,3.74,25
AIR101058,2025-03-15,Gujarat,Gujarat City 3,Broadband,0,Others,No Complaint,6.4,3.8,36
AIR101059,2025-04-15,Kerala,Kerala City 3,Prepaid,0,Slow Internet,No Complaint,13.5,3.28,7
AIR101060,2025-05-15,West Bengal,West Bengal City 3,Prepaid,1,Slow Internet,Resolved,36.6,3.86,18
AIR101061,2025-06-15,Tamil Nadu,Tamil Nadu City 3,Prepaid,0,Slow Internet,No Complaint,13.9,4.46,46
AIR101062,2025-07-15,Tamil Nadu,Tamil Nadu City 2,Postpaid,0,Billing Issues,No Complaint,6.8,4.05,45
AIR101063,2025-08-15,Gujarat,Gujarat City 3,Prepaid,1,Billing Issues,In Progress,48.3,3.11,-5
AIR101064,2025-09-15,Uttar Pradesh,Uttar Pradesh City 1,Prepaid,0,Others,No Complaint,20.5,4,22
AIR101065,2025-10-15,Karnataka,Karnataka City 3,Prepaid,1,Call Drops,Resolved,15.6,3.45,29
AIR101066,2025-11-15,Kerala,Kerala City 1,Enterprise,0,Billing Issues,No Complaint,1.6,3.15,8
AIR101067,2025-12-15,Tamil Nadu,Tamil Nadu City 3,Postpaid,0,Slow Internet,No Complaint,28.6,4.28,57
AIR101068,2025-02-15,Telangana,Telangana City 1,Prepaid,0,Slow Internet,No Complaint,22,3.53,15
AIR101069,2025-03-15,Tamil Nadu,Tamil Nadu City 1,Prepaid,1,Slow Internet,In Progress,39.2,3.15,2
AIR101070,2025-04-15,Delhi,Delhi City 3,Prepaid,0,Network Issues,No Complaint,3.5,3.5,31
AIR101071,2025-05-15,Rajasthan,Rajasthan City 3,Prepaid,1,Slow Internet,In Progress,12.3,2.62,-10
AIR101072,2025-06-15,Tamil Nadu,Tamil Nadu City 3,Postpaid,0,Slow Internet,No Complaint,18.8,2.89,-5
AIR101073,2025-07-15,Delhi,Delhi City 1,Postpaid,0,Network Issues,No Complaint,8.2,3.47,23
AIR101074,2025-08-15,Gujarat,Gujarat City 2,Postpaid,0,Network Issues,No Complaint,13.5,4.41,60
AIR101075,2025-09-15,Gujarat,Gujarat City 2,Prepaid,0,Slow Internet,No Complaint,15.2,3.94,37
AIR101076,2025-10-15,West Bengal,West Bengal City 3,Postpaid,0,Call Drops,No Complaint,22.1,3.52,12
AIR101077,2025-11-15,Tamil Nadu,Tamil Nadu City 2,Prepaid,0,Network Issues,No Complaint,20.2,3.06,-10
AIR101078,2025-12-15,Telangana,Telangana City 2,Prepaid,0,Network Issues,No Complaint,6.4,3.46,-4
AIR101079,2025-02-15,Tamil Nadu,Tamil Nadu City 3,Postpaid,0,Network Issues,No Complaint,11.4,3.91,24
AIR101080,2025-03-15,Telangana,Telangana City 1,Prepaid,0,Slow Internet,No Complaint,4.3,3.64,28
AIR101081,2025-04-15,Maharashtra,Maharashtra City 3,Postpaid,0,Network Issues,No Complaint,12.4,3.26,-2
AIR101082,2025-05-15,West Bengal,West Bengal City 2,Broadband,1,Others,Resolved,12.2,3.39,14
AIR101083,2025-06-15,Maharashtra,Maharashtra City 1,Prepaid,0,Network Issues,No Complaint,20.8,3.11,10
AIR101084,2025-07-15,Tamil Nadu,Tamil Nadu City 2,Broadband,0,Network Issues,No Complaint,7.6,3.9,29
AIR101085,2025-08-15,West Bengal,West Bengal City 1,Prepaid,1,Network Issues,Resolved,14.1,4.27,58
AIR101086,2025-09-15,Maharashtra,Maharashtra City 2,Prepaid,0,Network Issues,No Complaint,37.9,3.51,14
AIR101087,2025-10-15,Karnataka,Karnataka City 3,Postpaid,0,Slow Internet,No Complaint,25,3.31,9
AIR101088,2025-11-15,Tamil Nadu,Tamil Nadu City 2,Postpaid,0,Call Drops,No Complaint,20.1,3.56,32
AIR101089,2025-12-15,Maharashtra,Maharashtra City 2,Prepaid,0,Slow Internet,No Complaint,37.7,3.46,9
AIR101090,2025-02-15,Karnataka,Karnataka City 1,Postpaid,0,Call Drops,No Complaint,15,3.46,27
AIR101091,2025-03-15,Karnataka,Karnataka City 2,Enterprise,0,Network Issues,No Complaint,34.4,3.45,21
AIR101092,2025-04-15,Gujarat,Gujarat City 3,Prepaid,0,Network Issues,No Complaint,18.2,3.43,19
AIR101093,2025-05-15,Tamil Nadu,Tamil Nadu City 3,Broadband,0,Network Issues,No Complaint,9.5,3.79,26
AIR101094,2025-06-15,Karnataka,Karnataka City 3,Postpaid,1,Slow Internet,Resolved,26.1,3.7,33
AIR101095,2025-07-15,Gujarat,Gujarat City 1,Broadband,0,Network Issues,No Complaint,5.2,3.49,28
AIR101096,2025-08-15,Maharashtra,Maharashtra City 1,Prepaid,0,Call Drops,No Complaint,23.5,3.82,20
AIR101097,2025-09-15,Delhi,Delhi City 2,Postpaid,1,Slow Internet,In Progress,16,3.47,6
AIR101098,2025-10-15,Tamil Nadu,Tamil Nadu City 2,Prepaid,0,Others,No Complaint,24.2,3.78,34
AIR101099,2025-11-15,West Bengal,West Bengal City 2,Broadband,0,Slow Internet,No Complaint,20.4,3.72,28
AIR101100,2025-12-15,Telangana,Telangana City 1,Postpaid,0,Call Drops,No Complaint,36.6,2.59,-6
AIR101101,2025-02-15,Telangana,Telangana City 1,Prepaid,1,Network Issues,In Progress,14.3,4.07,43
AIR101102,2025-03-15,Maharashtra,Maharashtra City 2,Prepaid,0,Network Issues,No Complaint,41.4,2.95,14
AIR101103,2025-04-15,Uttar Pradesh,Uttar Pradesh City 1,Broadband,1,Slow Internet,Resolved,13.5,4.24,53
AIR101104,2025-05-15,Uttar Pradesh,Uttar Pradesh City 1,Postpaid,0,Network Issues,No Complaint,35.2,3.48,11
AIR101105,2025-06-15,Maharashtra,Maharashtra City 3,Prepaid,0,Network Issues,No Complaint,49.4,3.27,8
AIR101106,2025-07-15,Karnataka,Karnataka City 3,Prepaid,0,Slow Internet,No Complaint,16.8,3.25,9
AIR101107,2025-08-15,Tamil Nadu,Tamil Nadu City 2,Broadband,1,Slow Internet,Resolved,21.5,2.68,-20
AIR101108,2025-09-15,Telangana,Telangana City 2,Prepaid,0,Slow Internet,No Complaint,11.7,3.93,45
AIR101109,2025-10-15,Telangana,Telangana City 3,Prepaid,0,Network Issues,No Complaint,25.8,3.62,21
AIR101110,2025-11-15,Karnataka,Karnataka City 1,Broadband,0,Network Issues,No Complaint,11.8,3.17,13
AIR101111,2025-12-15,Telangana,Telangana City 2,Prepaid,0,Slow Internet,No Complaint,12.5,3.27,0
AIR101112,2025-02-15,West Bengal,West Bengal City 2,Prepaid,0,Call Drops,No Complaint,7.4,3.46,11
AIR101113,2025-03-15,Tamil Nadu,Tamil Nadu City 2,Prepaid,1,Network Issues,Resolved,16.8,2.85,-1
AIR101114,2025-04-15,Rajasthan,Rajasthan City 1,Broadband,0,Network Issues,No Complaint,20.5,4.21,4
AIR101115,2025-05-15,Telangana,Telangana City 3,Prepaid,0,Network Issues,No Complaint,16.9,3.92,24
AIR101116,2025-06-15,Maharashtra,Maharashtra City 2,Postpaid,0,Billing Issues,No Complaint,20.8,3.43,9
AIR101117,2025-07-15,West Bengal,West Bengal City 3,Broadband,0,Call Drops,No Complaint,19.9,4.43,39
AIR101118,2025-08-15,Telangana,Telangana City 3,Prepaid,0,Network Issues,No Complaint,14.3,3.98,31
AIR101119,2025-09-15,West Bengal,West Bengal City 1,Broadband,0,Network Issues,No Complaint,19,3.59,30
AIR101120,2025-10-15,Gujarat,Gujarat City 1,Prepaid,0,Call Drops,No Complaint,7.4,3.93,44
AIR101121,2025-11-15,Rajasthan,Rajasthan City 1,Postpaid,0,Network Issues,No Complaint,9.9,3.25,-3
AIR101122,2025-12-15,Kerala,Kerala City 1,Prepaid,1,Others,Resolved,11.1,4.68,42
AIR101123,2025-02-15,Maharashtra,Maharashtra City 1,Postpaid,0,Billing Issues,No Complaint,15,2.94,-5
AIR101124,2025-03-15,Maharashtra,Maharashtra City 1,Prepaid,0,Network Issues,No Complaint,23.9,3.93,38
AIR101125,2025-04-15,Tamil Nadu,Tamil Nadu City 2,Prepaid,1,Network Issues,Resolved,7,3.24,3
AIR101126,2025-05-15,West Bengal,West Bengal City 3,Broadband,0,Billing Issues,No Complaint,22.5,3.24,3
AIR101127,2025-06-15,Karnataka,Karnataka City 1,Prepaid,0,Slow Internet,No Complaint,12.4,3.84,34
AIR101128,2025-07-15,Maharashtra,Maharashtra City 2,Broadband,0,Slow Internet,No Complaint,9.4,3.3,5
AIR101129,2025-08-15,West Bengal,West Bengal City 3,Prepaid,0,Call Drops,No Complaint,5.7,3.69,14
AIR101130,2025-09-15,West Bengal,West Bengal City 1,Prepaid,1,Slow Internet,Pending,22.4,3.43,28
AIR101131,2025-10-15,Delhi,Delhi City 1,Broadband,1,Slow Internet,Resolved,32.4,3.49,24
AIR101132,2025-11-15,Delhi,Delhi City 2,Prepaid,0,Network Issues,No Complaint,28.8,3.97,30
AIR101133,2025-12-15,Kerala,Kerala City 3,Broadband,0,Call Drops,No Complaint,19.5,3.92,19
AIR101134,2025-02-15,Gujarat,Gujarat City 1,Postpaid,0,Slow Internet,No Complaint,20.7,2.86,-6
AIR101135,2025-03-15,Kerala,Kerala City 3,Prepaid,0,Network Issues,No Complaint,15.3,4.2,50
AIR101136,2025-04-15,Telangana,Telangana City 2,Postpaid,0,Network Issues,No Complaint,12.4,4.45,38
AIR101137,2025-05-15,Karnataka,Karnataka City 1,Prepaid,0,Network Issues,No Complaint,14.3,3.56,36
AIR101138,2025-06-15,Telangana,Telangana City 3,Prepaid,1,Slow Internet,Resolved,7.9,3.27,11
AIR101139,2025-07-15,Uttar Pradesh,Uttar Pradesh City 2,Postpaid,0,Slow Internet,No Complaint,9.9,3.89,32
AIR101140,2025-08-15,Telangana,Telangana City 2,Prepaid,0,Slow Internet,No Complaint,30.4,4.35,53
AIR101141,2025-09-15,Tamil Nadu,Tamil Nadu City 1,Prepaid,0,Slow Internet,No Complaint,5.1,3.07,12
AIR101142,2025-10-15,Telangana,Telangana City 3,Broadband,1,Call Drops,Pending,10.1,3.85,38
AIR101143,2025-11-15,Kerala,Kerala City 1,Broadband,0,Slow Internet,No Complaint,7.3,3.72,24
AIR101144,2025-12-15,Maharashtra,Maharashtra City 1,Postpaid,1,Slow Internet,Resolved,6.9,3.34,18
AIR101145,2025-02-15,Maharashtra,Maharashtra City 3,Postpaid,0,Billing Issues,No Complaint,18.1,2.96,-4
AIR101146,2025-03-15,Delhi,Delhi City 3,Postpaid,0,Network Issues,No Complaint,21.8,3.77,24
AIR101147,2025-04-15,Karnataka,Karnataka City 3,Postpaid,1,Network Issues,Resolved,28.1,3.53,23
AIR101148,2025-05-15,Karnataka,Karnataka City 2,Prepaid,0,Slow Internet,No Complaint,17.3,4.31,49
AIR101149,2025-06-15,Tamil Nadu,Tamil Nadu City 2,Enterprise,1,Slow Internet,In Progress,34,3.6,6
AIR101150,2025-07-15,Kerala,Kerala City 3,Prepaid,0,Slow Internet,No Complaint,8.3,3.91,37
AIR101151,2025-08-15,Delhi,Delhi City 2,Postpaid,0,Slow Internet,No Complaint,15.3,3.95,40
AIR101152,2025-09-15,Uttar Pradesh,Uttar Pradesh City 1,Broadband,1,Billing Issues,Pending,5,3.32,23
AIR101153,2025-10-15,Karnataka,Karnataka City 3,Postpaid,0,Call Drops,No Complaint,25.4,4.09,48
AIR101154,2025-11-15,Maharashtra,Maharashtra City 1,Broadband,0,Network Issues,No Complaint,13.1,3.6,24
AIR101155,2025-12-15,Telangana,Telangana City 3,Prepaid,1,Network Issues,Resolved,10.7,3.21,7
AIR101156,2025-02-15,Telangana,Telangana City 1,Prepaid,1,Call Drops,Resolved,31.1,3.93,29
AIR101157,2025-03-15,Delhi,Delhi City 3,Broadband,0,Call Drops,No Complaint,32.6,3.01,16
AIR101158,2025-04-15,Kerala,Kerala City 1,Prepaid,1,Slow Internet,Resolved,18.9,2.61,-5
AIR101159,2025-05-15,Kerala,Kerala City 3,Postpaid,1,Network Issues,Resolved,24.9,3.74,24
AIR101160,2025-06-15,Gujarat,Gujarat City 3,Prepaid,1,Call Drops,Resolved,8.4,3.79,43
AIR101161,2025-07-15,Rajasthan,Rajasthan City 2,Postpaid,0,Slow Internet,No Complaint,11,3,-19
AIR101162,2025-08-15,Karnataka,Karnataka City 1,Postpaid,0,Slow Internet,No Complaint,12.2,3.33,24
AIR101163,2025-09-15,Kerala,Kerala City 2,Prepaid,0,Network Issues,No Complaint,15.1,3.33,-2
AIR101164,2025-10-15,Maharashtra,Maharashtra City 1,Postpaid,0,Slow Internet,No Complaint,7.3,4.73,46
AIR101165,2025-11-15,Delhi,Delhi City 2,Postpaid,1,Billing Issues,Resolved,22.7,3.64,3
AIR101166,2025-12-15,Uttar Pradesh,Uttar Pradesh City 3,Prepaid,0,Slow Internet,No Complaint,17.6,2.86,11
AIR101167,2025-02-15,Gujarat,Gujarat City 2,Postpaid,0,Network Issues,No Complaint,7.2,3.49,8
AIR101168,2025-03-15,West Bengal,West Bengal City 2,Postpaid,0,Network Issues,No Complaint,7.9,3.8,36
AIR101169,2025-04-15,Tamil Nadu,Tamil Nadu City 3,Prepaid,0,Network Issues,No Complaint,9,3.39,8
AIR101170,2025-05-15,Uttar Pradesh,Uttar Pradesh City 2,Postpaid,0,Network Issues,No Complaint,28.7,3.71,37
AIR101171,2025-06-15,West Bengal,West Bengal City 3,Prepaid,0,Slow Internet,No Complaint,7.5,3.63,24
AIR101172,2025-07-15,Telangana,Telangana City 1,Prepaid,0,Slow Internet,No Complaint,33.8,3.59,27
AIR101173,2025-08-15,Tamil Nadu,Tamil Nadu City 2,Postpaid,0,Network Issues,No Complaint,24.3,4.11,20
AIR101174,2025-09-15,Karnataka,Karnataka City 3,Postpaid,1,Network Issues,Resolved,20.3,3.84,16
AIR101175,2025-10-15,Maharashtra,Maharashtra City 3,Broadband,0,Network Issues,No Complaint,49.8,3.36,0
AIR101176,2025-11-15,Tamil Nadu,Tamil Nadu City 2,Prepaid,0,Slow Internet,No Complaint,15.3,3.04,3
AIR101177,2025-12-15,Rajasthan,Rajasthan City 1,Prepaid,0,Billing Issues,No Complaint,30.9,3.71,23
AIR101178,2025-02-15,West Bengal,West Bengal City 2,Prepaid,0,Network Issues,No Complaint,3.7,3.97,23
AIR101179,2025-03-15,Karnataka,Karnataka City 3,Postpaid,1,Network Issues,In Progress,12.4,3.88,37
AIR101180,2025-04-15,Rajasthan,Rajasthan City 1,Prepaid,0,Slow Internet,No Complaint,9.4,2.98,8
AIR101181,2025-05-15,Telangana,Telangana City 2,Postpaid,0,Network Issues,No Complaint,21.7,4.35,54
AIR101182,2025-06-15,Rajasthan,Rajasthan City 3,Prepaid,1,Call Drops,Resolved,15.9,3.75,29
AIR101183,2025-07-15,Gujarat,Gujarat City 2,Broadband,0,Slow Internet,No Complaint,16.6,2.86,-11
AIR101184,2025-08-15,Gujarat,Gujarat City 1,Postpaid,0,Call Drops,No Complaint,25.7,3.81,23
AIR101185,2025-09-15,Delhi,Delhi City 1,Broadband,1,Slow Internet,In Progress,28,2.95,2
AIR101186,2025-10-15,Uttar Pradesh,Uttar Pradesh City 1,Prepaid,0,Call Drops,No Complaint,27.7,3.8,30
AIR101187,2025-11-15,Uttar Pradesh,Uttar Pradesh City 1,Postpaid,0,Network Issues,No Complaint,2.4,3.39,23
AIR101188,2025-12-15,Karnataka,Karnataka City 1,Postpaid,0,Network Issues,No Complaint,30.9,3.83,44
AIR101189,2025-02-15,Telangana,Telangana City 2,Postpaid,0,Call Drops,No Complaint,62.8,3.61,11
AIR101190,2025-03-15,Kerala,Kerala City 1,Prepaid,0,Call Drops,No Complaint,12.2,3.81,26
AIR101191,2025-04-15,Gujarat,Gujarat City 1,Enterprise,0,Network Issues,No Complaint,26.3,2.86,0
AIR101192,2025-05-15,Karnataka,Karnataka City 3,Prepaid,1,Call Drops,Resolved,23.5,2.45,-6
AIR101193,2025-06-15,Kerala,Kerala City 1,Prepaid,1,Network Issues,Pending,11.3,3.36,21
AIR101194,2025-07-15,Uttar Pradesh,Uttar Pradesh City 3,Postpaid,0,Network Issues,No Complaint,6.8,3.7,18
AIR101195,2025-08-15,Delhi,Delhi City 3,Postpaid,0,Slow Internet,No Complaint,10.5,3.39,18
AIR101196,2025-09-15,Rajasthan,Rajasthan City 3,Postpaid,0,Network Issues,No Complaint,14.6,3.3,7
AIR101197,2025-10-15,Gujarat,Gujarat City 2,Prepaid,0,Network Issues,No Complaint,36.7,3.86,35
AIR101198,2025-11-15,Karnataka,Karnataka City 2,Prepaid,0,Billing Issues,No Complaint,9.5,3.57,11
AIR101199,2025-12-15,Tamil Nadu,Tamil Nadu City 3,Postpaid,0,Network Issues,No Complaint,44,3.55,15
AIR101200,2025-02-15,Kerala,Kerala City 2,Prepaid,0,Call Drops,No Complaint,27,2.92,-1
AIR101201,2025-03-15,Rajasthan,Rajasthan City 1,Broadband,0,Network Issues,No Complaint,6.4,2.98,-1
AIR101202,2025-04-15,Gujarat,Gujarat City 2,Broadband,0,Call Drops,No Complaint,27.4,3.07,21
AIR101203,2025-05-15,Uttar Pradesh,Uttar Pradesh City 1,Postpaid,1,Slow Internet,Resolved,12.3,3.76,33
AIR101204,2025-06-15,Telangana,Telangana City 1,Prepaid,0,Call Drops,No Complaint,12,3.68,23
AIR101205,2025-07-15,Kerala,Kerala City 2,Broadband,0,Network Issues,No Complaint,22.8,4,32
AIR101206,2025-08-15,Uttar Pradesh,Uttar Pradesh City 2,Prepaid,0,Others,No Complaint,2.7,3.29,0
AIR101207,2025-09-15,Gujarat,Gujarat City 3,Prepaid,0,Network Issues,No Complaint,25.1,3.18,-9
AIR101208,2025-10-15,Kerala,Kerala City 2,Prepaid,0,Slow Internet,No Complaint,8.4,3.75,37
AIR101209,2025-11-15,Rajasthan,Rajasthan City 2,Prepaid,0,Network Issues,No Complaint,30.5,4.49,56
AIR101210,2025-12-15,Gujarat,Gujarat City 2,Broadband,0,Network Issues,No Complaint,15.4,4.05,26
AIR101211,2025-02-15,West Bengal,West Bengal City 1,Postpaid,0,Others,No Complaint,14.6,4.08,30
AIR101212,2025-03-15,Karnataka,Karnataka City 1,Enterprise,0,Slow Internet,No Complaint,9.5,3.9,21
AIR101213,2025-04-15,Rajasthan,Rajasthan City 1,Prepaid,0,Network Issues,No Complaint,6.3,3.54,14
AIR101214,2025-05-15,Kerala,Kerala City 3,Postpaid,0,Slow Internet,No Complaint,18.3,3.78,32
AIR101215,2025-06-15,Telangana,Telangana City 3,Enterprise,0,Billing Issues,No Complaint,12,3.98,37
AIR101216,2025-07-15,Uttar Pradesh,Uttar Pradesh City 3,Broadband,0,Slow Internet,No Complaint,19.3,2.67,-2
AIR101217,2025-08-15,Tamil Nadu,Tamil Nadu City 1,Postpaid,1,Slow Internet,Pending,21,3.87,17
AIR101218,2025-09-15,Uttar Pradesh,Uttar Pradesh City 2,Prepaid,0,Billing Issues,No Complaint,18.8,4.11,43
AIR101219,2025-10-15,Kerala,Kerala City 3,Postpaid,0,Slow Internet,No Complaint,48.2,3.4,11
AIR101220,2025-11-15,Uttar Pradesh,Uttar Pradesh City 3,Prepaid,0,Network Issues,No Complaint,13.5,4.19,42
AIR101221,2025-12-15,Karnataka,Karnataka City 1,Postpaid,0,Network Issues,No Complaint,36.4,4.11,37
AIR101222,2025-02-15,Gujarat,Gujarat City 3,Postpaid,0,Billing Issues,No Complaint,22.7,3.68,21
AIR101223,2025-03-15,Tamil Nadu,Tamil Nadu City 2,Postpaid,1,Network Issues,Resolved,28,3.73,25
AIR101224,2025-04-15,Maharashtra,Maharashtra City 1,Postpaid,0,Slow Internet,No Complaint,5,3.69,37
AIR101225,2025-05-15,Kerala,Kerala City 1,Postpaid,0,Slow Internet,No Complaint,20.9,2.97,-5
AIR101226,2025-06-15,Delhi,Delhi City 2,Prepaid,0,Call Drops,No Complaint,10.7,3.19,3
AIR101227,2025-07-15,Maharashtra,Maharashtra City 2,Postpaid,1,Network Issues,Resolved,22.1,4.31,66
AIR101228,2025-08-15,Uttar Pradesh,Uttar Pradesh City 2,Postpaid,0,Others,No Complaint,9.4,4.07,28
AIR101229,2025-09-15,Kerala,Kerala City 3,Prepaid,0,Call Drops,No Complaint,35.8,3.85,37
AIR101230,2025-10-15,West Bengal,West Bengal City 2,Prepaid,1,Network Issues,Resolved,33.1,3.62,26
AIR101231,2025-11-15,Delhi,Delhi City 1,Prepaid,0,Network Issues,No Complaint,24.6,3.32,25
AIR101232,2025-12-15,Tamil Nadu,Tamil Nadu City 2,Prepaid,1,Network Issues,Pending,33.7,4.68,51
AIR101233,2025-02-15,Telangana,Telangana City 1,Enterprise,0,Network Issues,No Complaint,22.4,4.1,38
AIR101234,2025-03-15,West Bengal,West Bengal City 1,Prepaid,0,Network Issues,No Complaint,20.9,3.37,8
AIR101235,2025-04-15,Maharashtra,Maharashtra City 3,Postpaid,0,Billing Issues,No Complaint,28.3,3.95,38
AIR101236,2025-05-15,Gujarat,Gujarat City 2,Postpaid,1,Call Drops,Resolved,52.1,3.27,14
AIR101237,2025-06-15,Karnataka,Karnataka City 3,Prepaid,0,Network Issues,No Complaint,25.1,3.71,35
AIR101238,2025-07-15,Telangana,Telangana City 2,Broadband,1,Call Drops,In Progress,29.5,3.41,17
AIR101239,2025-08-15,West Bengal,West Bengal City 2,Prepaid,0,Slow Internet,No Complaint,8.2,4.11,41
AIR101240,2025-09-15,Gujarat,Gujarat City 2,Broadband,0,Billing Issues,No Complaint,6.2,3.88,50
AIR101241,2025-10-15,Gujarat,Gujarat City 2,Prepaid,1,Slow Internet,Resolved,6.4,3.55,31
AIR101242,2025-11-15,Kerala,Kerala City 2,Prepaid,1,Network Issues,Resolved,21.7,4.47,55
AIR101243,2025-12-15,West Bengal,West Bengal City 1,Prepaid,1,Network Issues,Resolved,38.2,3.2,-5
AIR101244,2025-02-15,Tamil Nadu,Tamil Nadu City 1,Prepaid,0,Slow Internet,No Complaint,8.7,3.43,34
AIR101245,2025-03-15,Uttar Pradesh,Uttar Pradesh City 2,Broadband,0,Network Issues,No Complaint,4.2,3.12,6
AIR101246,2025-04-15,Delhi,Delhi City 1,Prepaid,0,Slow Internet,No Complaint,15.3,3.48,31
AIR101247,2025-05-15,Delhi,Delhi City 3,Postpaid,0,Call Drops,No Complaint,11.2,3.66,42
AIR101248,2025-06-15,Maharashtra,Maharashtra City 3,Prepaid,1,Network Issues,In Progress,52.7,3.64,42
AIR101249,2025-07-15,Maharashtra,Maharashtra City 3,Broadband,1,Network Issues,In Progress,7.7,3.41,24
AIR101250,2025-08-15,Delhi,Delhi City 2,Postpaid,0,Network Issues,No Complaint,16.4,3.32,-10
AIR101251,2025-09-15,Tamil Nadu,Tamil Nadu City 2,Postpaid,0,Network Issues,No Complaint,29.2,3.32,8
AIR101252,2025-10-15,Karnataka,Karnataka City 1,Prepaid,1,Slow Internet,Resolved,4.9,3.68,20
AIR101253,2025-11-15,Rajasthan,Rajasthan City 1,Postpaid,0,Network Issues,No Complaint,17.9,3.76,45
AIR101254,2025-12-15,Uttar Pradesh,Uttar Pradesh City 1,Prepaid,0,Call Drops,No Complaint,17.2,4.1,45
AIR101255,2025-02-15,Karnataka,Karnataka City 3,Prepaid,1,Call Drops,Resolved,3.4,3.98,24
AIR101256,2025-03-15,Kerala,Kerala City 3,Postpaid,0,Call Drops,No Complaint,52.7,2.83,-7
AIR101257,2025-04-15,Rajasthan,Rajasthan City 3,Enterprise,1,Call Drops,In Progress,8.1,3.22,28
AIR101258,2025-05-15,Rajasthan,Rajasthan City 3,Broadband,0,Network Issues,No Complaint,11.7,4.25,40
AIR101259,2025-06-15,West Bengal,West Bengal City 1,Postpaid,0,Slow Internet,No Complaint,12.3,3.99,35
AIR101260,2025-07-15,Tamil Nadu,Tamil Nadu City 2,Postpaid,1,Network Issues,Resolved,8.9,3.72,19
AIR101261,2025-08-15,Tamil Nadu,Tamil Nadu City 2,Enterprise,0,Network Issues,No Complaint,24.7,4.21,56
AIR101262,2025-09-15,Rajasthan,Rajasthan City 3,Postpaid,1,Network Issues,Resolved,30.5,4.29,54
AIR101263,2025-10-15,West Bengal,West Bengal City 2,Prepaid,0,Slow Internet,No Complaint,8.4,4.01,45
AIR101264,2025-11-15,Uttar Pradesh,Uttar Pradesh City 2,Broadband,0,Slow Internet,No Complaint,24.2,3.38,-4
AIR101265,2025-12-15,Rajasthan,Rajasthan City 2,Prepaid,0,Billing Issues,No Complaint,10.6,3.51,16
AIR101266,2025-02-15,Telangana,Telangana City 3,Prepaid,0,Call Drops,No Complaint,9.4,3.46,16
AIR101267,2025-03-15,Maharashtra,Maharashtra City 1,Postpaid,0,Network Issues,No Complaint,3.2,2.89,0
AIR101268,2025-04-15,Maharashtra,Maharashtra City 1,Prepaid,0,Slow Internet,No Complaint,9.8,3.45,8
AIR101269,2025-05-15,Karnataka,Karnataka City 2,Prepaid,1,Network Issues,Resolved,10.8,2.98,0
AIR101270,2025-06-15,Kerala,Kerala City 1,Prepaid,0,Billing Issues,No Complaint,7,4.08,36
AIR101271,2025-07-15,Maharashtra,Maharashtra City 1,Postpaid,1,Call Drops,Pending,18.5,3.02,-4
AIR101272,2025-08-15,Gujarat,Gujarat City 3,Enterprise,0,Slow Internet,No Complaint,14.8,3.19,-27
AIR101273,2025-09-15,Karnataka,Karnataka City 3,Prepaid,0,Slow Internet,No Complaint,30.3,3.35,14
AIR101274,2025-10-15,Maharashtra,Maharashtra City 2,Prepaid,1,Network Issues,Resolved,7.4,3.62,15
AIR101275,2025-11-15,Kerala,Kerala City 2,Prepaid,0,Network Issues,No Complaint,28,3.8,29
AIR101276,2025-12-15,Tamil Nadu,Tamil Nadu City 2,Postpaid,0,Network Issues,No Complaint,32,3.11,11
AIR101277,2025-02-15,Tamil Nadu,Tamil Nadu City 3,Postpaid,0,Network Issues,No Complaint,11.3,3.55,1
AIR101278,2025-03-15,Uttar Pradesh,Uttar Pradesh City 1,Postpaid,0,Network Issues,No Complaint,30.1,3.46,20
AIR101279,2025-04-15,Rajasthan,Rajasthan City 3,Prepaid,0,Slow Internet,No Complaint,35.5,3,-3
AIR101280,2025-05-15,Telangana,Telangana City 3,Postpaid,0,Network Issues,No Complaint,5.5,2.55,-18
AIR101281,2025-06-15,Tamil Nadu,Tamil Nadu City 1,Postpaid,0,Slow Internet,No Complaint,15.9,2.9,-5
AIR101282,2025-07-15,West Bengal,West Bengal City 1,Prepaid,1,Slow Internet,Resolved,8.5,3.88,42
AIR101283,2025-08-15,Maharashtra,Maharashtra City 2,Prepaid,0,Network Issues,No Complaint,16.5,3.67,27
AIR101284,2025-09-15,West Bengal,West Bengal City 1,Prepaid,1,Billing Issues,Resolved,8.2,3.53,39
AIR101285,2025-10-15,Kerala,Kerala City 1,Enterprise,1,Slow Internet,Resolved,2.9,3.68,29
AIR101286,2025-11-15,Tamil Nadu,Tamil Nadu City 1,Broadband,1,Network Issues,Resolved,59.9,3.3,-14
AIR101287,2025-12-15,Telangana,Telangana City 1,Postpaid,0,Network Issues,No Complaint,15,2.71,1
AIR101288,2025-02-15,Kerala,Kerala City 2,Broadband,1,Slow Internet,Resolved,19.9,3.06,-6
AIR101289,2025-03-15,Gujarat,Gujarat City 2,Postpaid,0,Network Issues,No Complaint,1,2.88,-10
AIR101290,2025-04-15,Gujarat,Gujarat City 1,Broadband,0,Slow Internet,No Complaint,24,4.14,41
AIR101291,2025-05-15,West Bengal,West Bengal City 1,Prepaid,1,Network Issues,Resolved,9.9,3.6,32
AIR101292,2025-06-15,Rajasthan,Rajasthan City 2,Postpaid,0,Slow Internet,No Complaint,20.8,3.92,35
AIR101293,2025-07-15,Karnataka,Karnataka City 2,Postpaid,0,Network Issues,No Complaint,21.5,3.24,24
AIR101294,2025-08-15,Rajasthan,Rajasthan City 1,Postpaid,0,Slow Internet,No Complaint,4.8,3.42,12
AIR101295,2025-09-15,Uttar Pradesh,Uttar Pradesh City 3,Prepaid,0,Network Issues,No Complaint,16.8,2.98,-9
AIR101296,2025-10-15,Rajasthan,Rajasthan City 2,Prepaid,0,Slow Internet,No Complaint,6.1,3.42,18
AIR101297,2025-11-15,Uttar Pradesh,Uttar Pradesh City 2,Prepaid,0,Network Issues,No Complaint,27.6,3.39,13
AIR101298,2025-12-15,Uttar Pradesh,Uttar Pradesh City 2,Prepaid,0,Call Drops,No Complaint,6,3.93,36
AIR101299,2025-02-15,Telangana,Telangana City 1,Prepaid,0,Network Issues,No Complaint,10.5,3.74,42
AIR101300,2025-03-15,Tamil Nadu,Tamil Nadu City 1,Postpaid,0,Network Issues,No Complaint,10.4,3.81,22
AIR101301,2025-04-15,Telangana,Telangana City 2,Broadband,0,Network Issues,No Complaint,6.4,3.83,22
AIR101302,2025-05-15,Uttar Pradesh,Uttar Pradesh City 1,Postpaid,0,Call Drops,No Complaint,17.7,3.6,36
AIR101303,2025-06-15,Kerala,Kerala City 1,Broadband,0,Network Issues,No Complaint,22.2,3.88,45
AIR101304,2025-07-15,Gujarat,Gujarat City 2,Broadband,0,Others,No Complaint,25.9,3.63,13
AIR101305,2025-08-15,Uttar Pradesh,Uttar Pradesh City 1,Prepaid,0,Call Drops,No Complaint,26.9,3.7,11
AIR101306,2025-09-15,Telangana,Telangana City 3,Prepaid,0,Slow Internet,No Complaint,16.8,3.83,23
AIR101307,2025-10-15,Kerala,Kerala City 1,Prepaid,0,Network Issues,No Complaint,10.2,4.31,30
AIR101308,2025-11-15,Telangana,Telangana City 1,Broadband,0,Network Issues,No Complaint,17.4,3.39,2
AIR101309,2025-12-15,Rajasthan,Rajasthan City 2,Prepaid,1,Network Issues,Resolved,16.2,3.76,32
AIR101310,2025-02-15,Maharashtra,Maharashtra City 2,Postpaid,0,Network Issues,No Complaint,11.3,3.54,20
AIR101311,2025-03-15,West Bengal,West Bengal City 3,Prepaid,0,Slow Internet,No Complaint,15.7,3.64,19
AIR101312,2025-04-15,Karnataka,Karnataka City 1,Broadband,0,Network Issues,No Complaint,20.6,4.13,48
AIR101313,2025-05-15,Telangana,Telangana City 3,Prepaid,0,Slow Internet,No Complaint,9.6,3.96,28
AIR101314,2025-06-15,Karnataka,Karnataka City 3,Broadband,0,Slow Internet,No Complaint,30.1,3.95,44
AIR101315,2025-07-15,Delhi,Delhi City 2,Prepaid,0,Slow Internet,No Complaint,23.4,3.76,3
AIR101316,2025-08-15,Telangana,Telangana City 1,Prepaid,0,Slow Internet,No Complaint,9.4,3.36,-1
AIR101317,2025-09-15,Maharashtra,Maharashtra City 2,Postpaid,0,Network Issues,No Complaint,5.1,3.39,35
AIR101318,2025-10-15,Karnataka,Karnataka City 3,Enterprise,0,Billing Issues,No Complaint,2.8,4.09,33
AIR101319,2025-11-15,Uttar Pradesh,Uttar Pradesh City 3,Postpaid,1,Network Issues,Resolved,2.4,3.45,-5
AIR101320,2025-12-15,Telangana,Telangana City 2,Broadband,0,Network Issues,No Complaint,10.5,3.78,51
AIR101321,2025-02-15,Tamil Nadu,Tamil Nadu City 2,Postpaid,0,Call Drops,No Complaint,4.1,3.89,46
AIR101322,2025-03-15,West Bengal,West Bengal City 2,Postpaid,0,Slow Internet,No Complaint,30.6,3.94,44
AIR101323,2025-04-15,Maharashtra,Maharashtra City 2,Prepaid,1,Network Issues,Resolved,17.6,3.02,19
AIR101324,2025-05-15,Karnataka,Karnataka City 2,Prepaid,1,Call Drops,Resolved,7.3,4.16,20
AIR101325,2025-06-15,Maharashtra,Maharashtra City 3,Prepaid,1,Call Drops,Resolved,27.1,4.25,49
AIR101326,2025-07-15,Kerala,Kerala City 2,Enterprise,1,Slow Internet,Resolved,15.1,3.89,39
AIR101327,2025-08-15,West Bengal,West Bengal City 1,Enterprise,0,Network Issues,No Complaint,25.7,3.97,32
AIR101328,2025-09-15,Uttar Pradesh,Uttar Pradesh City 3,Postpaid,0,Call Drops,No Complaint,2.7,3.37,5
AIR101329,2025-10-15,Telangana,Telangana City 3,Prepaid,1,Network Issues,In Progress,10.6,3.39,28
AIR101330,2025-11-15,Telangana,Telangana City 1,Prepaid,1,Billing Issues,Resolved,21.1,3.6,28
AIR101331,2025-12-15,Telangana,Telangana City 1,Enterprise,1,Slow Internet,In Progress,17.7,4.04,54
AIR101332,2025-02-15,West Bengal,West Bengal City 3,Prepaid,0,Network Issues,No Complaint,12.8,3.56,31
AIR101333,2025-03-15,Tamil Nadu,Tamil Nadu City 2,Broadband,0,Others,No Complaint,12.2,3.48,39
AIR101334,2025-04-15,Delhi,Delhi City 3,Prepaid,0,Call Drops,No Complaint,11.9,3.52,17
AIR101335,2025-05-15,Gujarat,Gujarat City 3,Prepaid,0,Call Drops,No Complaint,25.7,3.85,27
AIR101336,2025-06-15,Rajasthan,Rajasthan City 1,Broadband,0,Network Issues,No Complaint,17.7,3.36,13
AIR101337,2025-07-15,Karnataka,Karnataka City 3,Prepaid,0,Slow Internet,No Complaint,21.6,4.11,53
AIR101338,2025-08-15,Tamil Nadu,Tamil Nadu City 2,Prepaid,1,Call Drops,Resolved,5.3,2.59,-18
AIR101339,2025-09-15,Uttar Pradesh,Uttar Pradesh City 1,Enterprise,1,Call Drops,In Progress,19.2,3.79,36
AIR101340,2025-10-15,Karnataka,Karnataka City 3,Postpaid,1,Network Issues,Resolved,21.5,3.64,44
AIR101341,2025-11-15,Telangana,Telangana City 3,Postpaid,0,Network Issues,No Complaint,29.5,4.33,61
AIR101342,2025-12-15,Maharashtra,Maharashtra City 2,Postpaid,1,Network Issues,In Progress,19.4,4.22,42
AIR101343,2025-02-15,Uttar Pradesh,Uttar Pradesh City 3,Prepaid,0,Network Issues,No Complaint,13.9,3.62,14
AIR101344,2025-03-15,Karnataka,Karnataka City 3,Prepaid,0,Network Issues,No Complaint,14.5,3.12,9
AIR101345,2025-04-15,Telangana,Telangana City 3,Postpaid,0,Network Issues,No Complaint,7.4,3.2,3
AIR101346,2025-05-15,Karnataka,Karnataka City 3,Prepaid,0,Billing Issues,No Complaint,30.2,3.58,-1
AIR101347,2025-06-15,Maharashtra,Maharashtra City 2,Prepaid,1,Network Issues,Resolved,16.9,4.2,42
AIR101348,2025-07-15,Telangana,Telangana City 3,Postpaid,0,Billing Issues,No Complaint,3.9,3.69,20
AIR101349,2025-08-15,Delhi,Delhi City 3,Prepaid,1,Billing Issues,Resolved,23.9,2.99,-7
AIR101350,2025-09-15,Tamil Nadu,Tamil Nadu City 3,Postpaid,0,Slow Internet,No Complaint,1.6,4.11,40
AIR101351,2025-10-15,Kerala,Kerala City 1,Prepaid,0,Call Drops,No Complaint,2,3.18,-3
AIR101352,2025-11-15,Rajasthan,Rajasthan City 2,Prepaid,0,Slow Internet,No Complaint,8.7,3.3,12
AIR101353,2025-12-15,West Bengal,West Bengal City 1,Prepaid,0,Network Issues,No Complaint,14.6,3.49,25
AIR101354,2025-02-15,Rajasthan,Rajasthan City 1,Broadband,0,Network Issues,No Complaint,8.7,3.73,23
AIR101355,2025-03-15,Uttar Pradesh,Uttar Pradesh City 2,Prepaid,0,Network Issues,No Complaint,3.4,3.92,32
AIR101356,2025-04-15,Rajasthan,Rajasthan City 1,Postpaid,0,Call Drops,No Complaint,9,3.61,25
AIR101357,2025-05-15,Telangana,Telangana City 1,Postpaid,0,Slow Internet,No Complaint,8.8,3.26,11
AIR101358,2025-06-15,Delhi,Delhi City 1,Prepaid,0,Network Issues,No Complaint,11.8,3.9,26
AIR101359,2025-07-15,Kerala,Kerala City 2,Postpaid,1,Call Drops,Resolved,7.6,3.6,25
AIR101360,2025-08-15,Tamil Nadu,Tamil Nadu City 3,Broadband,0,Slow Internet,No Complaint,30.4,4.18,43
AIR101361,2025-09-15,Tamil Nadu,Tamil Nadu City 2,Postpaid,0,Network Issues,No Complaint,22.1,4.31,48
AIR101362,2025-10-15,Maharashtra,Maharashtra City 2,Prepaid,0,Network Issues,No Complaint,5.2,3.52,16
AIR101363,2025-11-15,West Bengal,West Bengal City 2,Postpaid,0,Slow Internet,No Complaint,12.1,3.4,19
AIR101364,2025-12-15,Karnataka,Karnataka City 1,Postpaid,0,Slow Internet,No Complaint,7.9,3.68,22
AIR101365,2025-02-15,Delhi,Delhi City 3,Prepaid,0,Slow Internet,No Complaint,15.9,4.01,47
AIR101366,2025-03-15,Karnataka,Karnataka City 2,Prepaid,1,Network Issues,Resolved,25.9,3.91,41
AIR101367,2025-04-15,Kerala,Kerala City 2,Prepaid,1,Slow Internet,Resolved,16.2,3.97,37
AIR101368,2025-05-15,Rajasthan,Rajasthan City 3,Prepaid,1,Slow Internet,Resolved,33.7,3.31,0
AIR101369,2025-06-15,Tamil Nadu,Tamil Nadu City 3,Prepaid,0,Network Issues,No Complaint,71.8,3.5,15
AIR101370,2025-07-15,Kerala,Kerala City 3,Postpaid,0,Slow Internet,No Complaint,5.3,3.61,15
AIR101371,2025-08-15,Rajasthan,Rajasthan City 1,Prepaid,0,Network Issues,No Complaint,31.8,3.19,23
AIR101372,2025-09-15,Tamil Nadu,Tamil Nadu City 3,Broadband,0,Slow Internet,No Complaint,13.3,4,24
AIR101373,2025-10-15,Rajasthan,Rajasthan City 1,Postpaid,0,Billing Issues,No Complaint,40.8,3.52,30
AIR101374,2025-11-15,West Bengal,West Bengal City 2,Broadband,1,Network Issues,Resolved,58.8,3.67,23
AIR101375,2025-12-15,Delhi,Delhi City 1,Postpaid,0,Network Issues,No Complaint,14.4,3.55,35
AIR101376,2025-02-15,Uttar Pradesh,Uttar Pradesh City 3,Prepaid,0,Billing Issues,No Complaint,27.7,4.41,68
AIR101377,2025-03-15,Kerala,Kerala City 1,Postpaid,0,Billing Issues,No Complaint,10.1,4.91,84
AIR101378,2025-04-15,Kerala,Kerala City 3,Broadband,0,Billing Issues,No Complaint,11.5,2.95,-5
AIR101379,2025-05-15,Gujarat,Gujarat City 1,Prepaid,0,Call Drops,No Complaint,21.6,3.52,24
AIR101380,2025-06-15,Telangana,Telangana City 2,Prepaid,0,Slow Internet,No Complaint,19.3,3.38,13
AIR101381,2025-07-15,West Bengal,West Bengal City 1,Prepaid,1,Call Drops,Resolved,11.2,3.62,15
AIR101382,2025-08-15,West Bengal,West Bengal City 2,Prepaid,0,Network Issues,No Complaint,8.3,3.41,3
AIR101383,2025-09-15,Karnataka,Karnataka City 3,Prepaid,0,Network Issues,No Complaint,9.7,3.23,25
AIR101384,2025-10-15,Rajasthan,Rajasthan City 2,Prepaid,0,Network Issues,No Complaint,3,4.11,24
AIR101385,2025-11-15,Telangana,Telangana City 3,Prepaid,0,Others,No Complaint,9.1,3.96,32
AIR101386,2025-12-15,Delhi,Delhi City 3,Postpaid,1,Billing Issues,Resolved,46.6,3.98,25
AIR101387,2025-02-15,Delhi,Delhi City 2,Prepaid,0,Network Issues,No Complaint,38.3,3.42,15
AIR101388,2025-03-15,West Bengal,West Bengal City 2,Postpaid,1,Network Issues,Pending,5.4,3.49,9
AIR101389,2025-04-15,Delhi,Delhi City 1,Postpaid,1,Slow Internet,In Progress,29.8,3.84,18
AIR101390,2025-05-15,Gujarat,Gujarat City 1,Postpaid,0,Billing Issues,No Complaint,4.7,4.02,55
AIR101391,2025-06-15,Kerala,Kerala City 2,Prepaid,0,Network Issues,No Complaint,7,3.19,8
AIR101392,2025-07-15,Maharashtra,Maharashtra City 2,Postpaid,0,Call Drops,No Complaint,18,3.82,24
AIR101393,2025-08-15,Uttar Pradesh,Uttar Pradesh City 2,Prepaid,0,Network Issues,No Complaint,26.7,3.88,30
AIR101394,2025-09-15,Karnataka,Karnataka City 2,Prepaid,0,Network Issues,No Complaint,15.3,3.71,37
AIR101395,2025-10-15,Rajasthan,Rajasthan City 3,Postpaid,1,Slow Internet,Resolved,21.1,2.75,5
AIR101396,2025-11-15,Uttar Pradesh,Uttar Pradesh City 2,Prepaid,0,Network Issues,No Complaint,8.5,4.62,60
AIR101397,2025-12-15,Rajasthan,Rajasthan City 2,Prepaid,1,Others,Resolved,41.7,3.64,-5
AIR101398,2025-02-15,Tamil Nadu,Tamil Nadu City 2,Prepaid,1,Network Issues,Resolved,16,4.45,65
AIR101399,2025-03-15,Uttar Pradesh,Uttar Pradesh City 2,Prepaid,0,Network Issues,No Complaint,5.7,3.81,34
AIR101400,2025-04-15,Maharashtra,Maharashtra City 3,Prepaid,0,Network Issues,No Complaint,18.9,4.53,59
AIR101401,2025-05-15,West Bengal,West Bengal City 1,Enterprise,0,Network Issues,No Complaint,20,3.63,38
AIR101402,2025-06-15,Gujarat,Gujarat City 1,Prepaid,1,Slow Internet,Resolved,24.8,3.34,7
AIR101403,2025-07-15,Kerala,Kerala City 1,Postpaid,1,Slow Internet,Resolved,11.6,3.19,2
AIR101404,2025-08-15,Kerala,Kerala City 1,Postpaid,0,Network Issues,No Complaint,13.3,3.44,25
AIR101405,2025-09-15,Gujarat,Gujarat City 1,Postpaid,0,Others,No Complaint,18.9,4.03,37
AIR101406,2025-10-15,Telangana,Telangana City 3,Broadband,1,Slow Internet,Resolved,19.9,3.42,16
AIR101407,2025-11-15,Tamil Nadu,Tamil Nadu City 1,Broadband,0,Network Issues,No Complaint,19.5,3.78,26
AIR101408,2025-12-15,Rajasthan,Rajasthan City 3,Postpaid,0,Call Drops,No Complaint,31,3.84,9
AIR101409,2025-02-15,Maharashtra,Maharashtra City 3,Enterprise,0,Network Issues,No Complaint,35.2,3.55,20
AIR101410,2025-03-15,Delhi,Delhi City 1,Prepaid,1,Call Drops,In Progress,1.7,3.74,36
AIR101411,2025-04-15,Uttar Pradesh,Uttar Pradesh City 1,Postpaid,1,Slow Internet,Pending,7.8,3.25,-16
AIR101412,2025-05-15,Tamil Nadu,Tamil Nadu City 1,Broadband,1,Network Issues,In Progress,25.6,3.46,17
AIR101413,2025-06-15,Uttar Pradesh,Uttar Pradesh City 2,Postpaid,0,Slow Internet,No Complaint,31.1,3.31,22
AIR101414,2025-07-15,Maharashtra,Maharashtra City 3,Enterprise,0,Network Issues,No Complaint,12.6,3.42,7
AIR101415,2025-08-15,Karnataka,Karnataka City 1,Prepaid,0,Network Issues,No Complaint,32.8,4.09,41
AIR101416,2025-09-15,Karnataka,Karnataka City 2,Prepaid,0,Slow Internet,No Complaint,14.2,3.45,7
AIR101417,2025-10-15,Tamil Nadu,Tamil Nadu City 3,Enterprise,0,Network Issues,No Complaint,27.8,4.05,44
AIR101418,2025-11-15,West Bengal,West Bengal City 2,Prepaid,0,Slow Internet,No Complaint,20.9,3.6,25
AIR101419,2025-12-15,Maharashtra,Maharashtra City 2,Postpaid,0,Slow Internet,No Complaint,25.2,4.33,51
AIR101420,2025-02-15,Maharashtra,Maharashtra City 1,Prepaid,1,Slow Internet,Resolved,15.4,3.4,17
AIR101421,2025-03-15,Gujarat,Gujarat City 3,Postpaid,0,Network Issues,No Complaint,14.3,4.03,42
AIR101422,2025-04-15,West Bengal,West Bengal City 2,Broadband,1,Slow Internet,Resolved,18.6,3.72,30
AIR101423,2025-05-15,Rajasthan,Rajasthan City 3,Prepaid,0,Slow Internet,No Complaint,5.3,3.4,12
AIR101424,2025-06-15,Rajasthan,Rajasthan City 1,Prepaid,0,Others,No Complaint,3,3.39,4
AIR101425,2025-07-15,Delhi,Delhi City 3,Prepaid,1,Network Issues,In Progress,16.2,3.57,19
AIR101426,2025-08-15,Kerala,Kerala City 2,Broadband,0,Call Drops,No Complaint,6.5,4.67,75
AIR101427,2025-09-15,Karnataka,Karnataka City 2,Postpaid,0,Network Issues,No Complaint,21,3.26,10
AIR101428,2025-10-15,Rajasthan,Rajasthan City 3,Prepaid,0,Network Issues,No Complaint,10.3,4.12,43
AIR101429,2025-11-15,West Bengal,West Bengal City 2,Prepaid,0,Call Drops,No Complaint,14,4.16,28
AIR101430,2025-12-15,Maharashtra,Maharashtra City 2,Broadband,0,Network Issues,No Complaint,16.8,3.95,49
AIR101431,2025-02-15,Rajasthan,Rajasthan City 2,Broadband,0,Slow Internet,No Complaint,34.2,3.65,34
AIR101432,2025-03-15,Maharashtra,Maharashtra City 1,Prepaid,1,Billing Issues,Resolved,2.9,3.94,45
AIR101433,2025-04-15,Rajasthan,Rajasthan City 1,Prepaid,0,Network Issues,No Complaint,3.4,3.13,20
AIR101434,2025-05-15,Karnataka,Karnataka City 2,Postpaid,1,Network Issues,Resolved,19.2,3.33,-6
AIR101435,2025-06-15,Uttar Pradesh,Uttar Pradesh City 3,Postpaid,0,Network Issues,No Complaint,7,3.99,43
AIR101436,2025-07-15,Rajasthan,Rajasthan City 1,Enterprise,0,Network Issues,No Complaint,14.8,3.06,-8
AIR101437,2025-08-15,West Bengal,West Bengal City 3,Postpaid,0,Call Drops,No Complaint,12.2,3.88,22
AIR101438,2025-09-15,Rajasthan,Rajasthan City 2,Postpaid,1,Network Issues,Resolved,5.5,3.85,35
AIR101439,2025-10-15,Kerala,Kerala City 2,Postpaid,1,Others,Resolved,2.7,4.29,48
AIR101440,2025-11-15,Karnataka,Karnataka City 3,Broadband,0,Slow Internet,No Complaint,6.1,3.5,10
AIR101441,2025-12-15,West Bengal,West Bengal City 1,Prepaid,0,Call Drops,No Complaint,24.6,4.02,42
AIR101442,2025-02-15,Gujarat,Gujarat City 3,Prepaid,0,Network Issues,No Complaint,26.9,3.7,25
AIR101443,2025-03-15,West Bengal,West Bengal City 3,Prepaid,1,Call Drops,Pending,1,3.51,18
AIR101444,2025-04-15,Kerala,Kerala City 2,Broadband,0,Network Issues,No Complaint,8.1,3.43,21
AIR101445,2025-05-15,Uttar Pradesh,Uttar Pradesh City 1,Postpaid,1,Call Drops,Resolved,11.9,3.45,11
AIR101446,2025-06-15,Karnataka,Karnataka City 3,Prepaid,0,Billing Issues,No Complaint,3.1,4.07,41
AIR101447,2025-07-15,Gujarat,Gujarat City 1,Postpaid,1,Network Issues,Resolved,16.4,3.83,25
AIR101448,2025-08-15,Kerala,Kerala City 2,Prepaid,1,Slow Internet,Resolved,11.4,3.07,-10
AIR101449,2025-09-15,Kerala,Kerala City 1,Prepaid,1,Network Issues,Resolved,6.3,3.34,1
AIR101450,2025-10-15,Tamil Nadu,Tamil Nadu City 2,Prepaid,0,Network Issues,No Complaint,17.5,4.22,41
AIR101451,2025-11-15,Karnataka,Karnataka City 1,Postpaid,1,Network Issues,Resolved,9.6,3.81,35
AIR101452,2025-12-15,West Bengal,West Bengal City 3,Postpaid,1,Slow Internet,Resolved,25.6,3.35,23
AIR101453,2025-02-15,Maharashtra,Maharashtra City 2,Broadband,0,Others,No Complaint,15.6,4.06,26
AIR101454,2025-03-15,Uttar Pradesh,Uttar Pradesh City 3,Broadband,0,Billing Issues,No Complaint,21.4,3.27,13
AIR101455,2025-04-15,Maharashtra,Maharashtra City 2,Prepaid,0,Network Issues,No Complaint,32.8,3.12,8
AIR101456,2025-05-15,West Bengal,West Bengal City 1,Postpaid,0,Others,No Complaint,25.9,4.08,41
AIR101457,2025-06-15,West Bengal,West Bengal City 1,Prepaid,0,Network Issues,No Complaint,15.5,3.99,45
AIR101458,2025-07-15,Karnataka,Karnataka City 2,Prepaid,0,Billing Issues,No Complaint,24.3,3.69,27
AIR101459,2025-08-15,West Bengal,West Bengal City 2,Prepaid,0,Network Issues,No Complaint,8.1,3.41,24
AIR101460,2025-09-15,Tamil Nadu,Tamil Nadu City 2,Prepaid,0,Billing Issues,No Complaint,7,3.75,37
AIR101461,2025-10-15,Gujarat,Gujarat City 1,Prepaid,1,Network Issues,Resolved,9.1,2.81,-7
AIR101462,2025-11-15,West Bengal,West Bengal City 2,Prepaid,1,Network Issues,Resolved,4.3,3.23,18
AIR101463,2025-12-15,Maharashtra,Maharashtra City 2,Postpaid,1,Slow Internet,Resolved,4.5,3.52,22
AIR101464,2025-02-15,West Bengal,West Bengal City 3,Prepaid,0,Network Issues,No Complaint,16,3.18,12
AIR101465,2025-03-15,Tamil Nadu,Tamil Nadu City 2,Postpaid,0,Network Issues,No Complaint,14.3,3.62,25
AIR101466,2025-04-15,Rajasthan,Rajasthan City 3,Prepaid,0,Slow Internet,No Complaint,43.3,3.69,5
AIR101467,2025-05-15,Rajasthan,Rajasthan City 3,Prepaid,1,Billing Issues,Resolved,12.7,3.57,33
AIR101468,2025-06-15,Kerala,Kerala City 3,Prepaid,0,Billing Issues,No Complaint,12.1,3.95,34
AIR101469,2025-07-15,Uttar Pradesh,Uttar Pradesh City 1,Prepaid,1,Network Issues,In Progress,12,4.09,54
AIR101470,2025-08-15,Delhi,Delhi City 3,Prepaid,1,Slow Internet,Pending,10.7,3.91,38
AIR101471,2025-09-15,Gujarat,Gujarat City 2,Postpaid,1,Slow Internet,Resolved,6.7,3.85,38
AIR101472,2025-10-15,Telangana,Telangana City 1,Postpaid,0,Call Drops,No Complaint,5.3,3.38,5
AIR101473,2025-11-15,Kerala,Kerala City 1,Prepaid,0,Network Issues,No Complaint,24.3,3.91,21
AIR101474,2025-12-15,Uttar Pradesh,Uttar Pradesh City 1,Prepaid,0,Slow Internet,No Complaint,25.4,4.35,37
AIR101475,2025-02-15,Rajasthan,Rajasthan City 1,Broadband,0,Network Issues,No Complaint,35.6,4.45,53
AIR101476,2025-03-15,Maharashtra,Maharashtra City 1,Prepaid,1,Call Drops,Resolved,24.9,3.63,34
AIR101477,2025-04-15,Telangana,Telangana City 1,Prepaid,1,Call Drops,Resolved,27.5,3.83,51
AIR101478,2025-05-15,Uttar Pradesh,Uttar Pradesh City 1,Postpaid,0,Network Issues,No Complaint,14.1,2.7,-8
AIR101479,2025-06-15,Uttar Pradesh,Uttar Pradesh City 3,Postpaid,1,Network Issues,Resolved,2.3,3.04,8
AIR101480,2025-07-15,Kerala,Kerala City 2,Postpaid,0,Slow Internet,No Complaint,18.8,3.57,21
AIR101481,2025-08-15,Telangana,Telangana City 2,Postpaid,0,Slow Internet,No Complaint,9.1,3.61,26
AIR101482,2025-09-15,Karnataka,Karnataka City 3,Prepaid,0,Network Issues,No Complaint,12.3,2.99,3
AIR101483,2025-10-15,Delhi,Delhi City 3,Prepaid,1,Slow Internet,Resolved,9,3.47,30
AIR101484,2025-11-15,Karnataka,Karnataka City 1,Prepaid,0,Network Issues,No Complaint,13.3,4.25,45
AIR101485,2025-12-15,Telangana,Telangana City 1,Postpaid,0,Network Issues,No Complaint,1.6,4.4,53
AIR101486,2025-02-15,Karnataka,Karnataka City 3,Broadband,0,Slow Internet,No Complaint,18.4,3.76,33
AIR101487,2025-03-15,Tamil Nadu,Tamil Nadu City 1,Prepaid,0,Network Issues,No Complaint,9.8,4.1,35
AIR101488,2025-04-15,Rajasthan,Rajasthan City 2,Prepaid,0,Billing Issues,No Complaint,21.7,3.66,27
AIR101489,2025-05-15,Tamil Nadu,Tamil Nadu City 2,Prepaid,0,Network Issues,No Complaint,23.2,3.81,37
AIR101490,2025-06-15,West Bengal,West Bengal City 1,Prepaid,1,Slow Internet,Pending,33.9,3.57,-6
AIR101491,2025-07-15,Karnataka,Karnataka City 1,Prepaid,1,Call Drops,Resolved,11.8,3.2,12
AIR101492,2025-08-15,West Bengal,West Bengal City 1,Postpaid,1,Network Issues,In Progress,9.1,3.29,13
AIR101493,2025-09-15,Maharashtra,Maharashtra City 2,Enterprise,0,Network Issues,No Complaint,12.3,3.67,2
AIR101494,2025-10-15,Gujarat,Gujarat City 1,Prepaid,0,Slow Internet,No Complaint,7.1,2.76,-20
AIR101495,2025-11-15,Maharashtra,Maharashtra City 3,Prepaid,0,Network Issues,No Complaint,11.7,3.59,14
AIR101496,2025-12-15,Telangana,Telangana City 1,Prepaid,0,Network Issues,No Complaint,5.6,4.49,46
AIR101497,2025-02-15,Uttar Pradesh,Uttar Pradesh City 3,Prepaid,0,Slow Internet,No Complaint,23.1,3.16,6
AIR101498,2025-03-15,Rajasthan,Rajasthan City 1,Prepaid,0,Others,No Complaint,23.9,2.51,-13
AIR101499,2025-04-15,Karnataka,Karnataka City 1,Postpaid,0,Network Issues,No Complaint,1.8,3.4,12
AIR101500,2025-05-15,Kerala,Kerala City 2,Prepaid,0,Call Drops,No Complaint,23.5,3.62,12
AIR101501,2025-06-15,Gujarat,Gujarat City 3,Enterprise,1,Call Drops,Resolved,9.5,3.3,12
AIR101502,2025-07-15,Delhi,Delhi City 3,Postpaid,0,Network Issues,No Complaint,25.1,2.97,-2
AIR101503,2025-08-15,Delhi,Delhi City 3,Postpaid,0,Network Issues,No Complaint,6.3,3.57,40
AIR101504,2025-09-15,Delhi,Delhi City 2,Prepaid,0,Slow Internet,No Complaint,23,3.78,22
AIR101505,2025-10-15,Karnataka,Karnataka City 3,Postpaid,1,Billing Issues,Resolved,5.8,2.72,-7
AIR101506,2025-11-15,Delhi,Delhi City 2,Postpaid,1,Network Issues,Resolved,34.6,3.39,-2
AIR101507,2025-12-15,Tamil Nadu,Tamil Nadu City 1,Prepaid,0,Slow Internet,No Complaint,58.2,3.92,50
AIR101508,2025-02-15,Gujarat,Gujarat City 1,Prepaid,0,Slow Internet,No Complaint,16.5,3.76,52
AIR101509,2025-03-15,Tamil Nadu,Tamil Nadu City 3,Broadband,0,Slow Internet,No Complaint,22.5,4.05,11
AIR101510,2025-04-15,Uttar Pradesh,Uttar Pradesh City 1,Prepaid,0,Slow Internet,No Complaint,27.8,3.54,46
AIR101511,2025-05-15,Gujarat,Gujarat City 1,Prepaid,0,Network Issues,No Complaint,20.1,3.85,27
AIR101512,2025-06-15,Tamil Nadu,Tamil Nadu City 3,Prepaid,0,Slow Internet,No Complaint,14.6,3.11,-13
AIR101513,2025-07-15,Gujarat,Gujarat City 1,Prepaid,0,Network Issues,No Complaint,8.9,3.59,15
AIR101514,2025-08-15,Uttar Pradesh,Uttar Pradesh City 3,Prepaid,1,Network Issues,In Progress,6.3,3.54,10
AIR101515,2025-09-15,West Bengal,West Bengal City 3,Prepaid,0,Network Issues,No Complaint,5.7,3.36,6
AIR101516,2025-10-15,Karnataka,Karnataka City 1,Postpaid,0,Network Issues,No Complaint,22.5,4.48,35
AIR101517,2025-11-15,Karnataka,Karnataka City 1,Prepaid,1,Network Issues,Resolved,5.8,4.12,29
AIR101518,2025-12-15,Delhi,Delhi City 1,Postpaid,0,Network Issues,No Complaint,18,3.02,-1
AIR101519,2025-02-15,Maharashtra,Maharashtra City 1,Postpaid,0,Billing Issues,No Complaint,13.1,3.96,35
AIR101520,2025-03-15,Delhi,Delhi City 1,Prepaid,0,Others,No Complaint,15.2,4.11,48
AIR101521,2025-04-15,Telangana,Telangana City 2,Postpaid,0,Slow Internet,No Complaint,13.4,3.83,44
AIR101522,2025-05-15,Tamil Nadu,Tamil Nadu City 1,Postpaid,0,Billing Issues,No Complaint,14.3,3.56,17
AIR101523,2025-06-15,Gujarat,Gujarat City 2,Postpaid,0,Slow Internet,No Complaint,9.2,4.04,29
AIR101524,2025-07-15,Maharashtra,Maharashtra City 3,Postpaid,1,Network Issues,Resolved,8.6,3.98,42
AIR101525,2025-08-15,Uttar Pradesh,Uttar Pradesh City 1,Postpaid,0,Slow Internet,No Complaint,6.5,3.44,11
AIR101526,2025-09-15,Telangana,Telangana City 1,Prepaid,1,Network Issues,Resolved,10,4.33,61
AIR101527,2025-10-15,Uttar Pradesh,Uttar Pradesh City 1,Postpaid,1,Network Issues,Resolved,6.8,3.66,29
AIR101528,2025-11-15,Karnataka,Karnataka City 3,Prepaid,0,Others,No Complaint,61,3.81,18
AIR101529,2025-12-15,Karnataka,Karnataka City 2,Postpaid,1,Billing Issues,Resolved,20.7,3.53,18
AIR101530,2025-02-15,Delhi,Delhi City 2,Prepaid,0,Call Drops,No Complaint,30,3.73,7
AIR101531,2025-03-15,Tamil Nadu,Tamil Nadu City 1,Broadband,1,Slow Internet,Resolved,7.7,2.97,4
AIR101532,2025-04-15,Maharashtra,Maharashtra City 1,Postpaid,0,Call Drops,No Complaint,11.9,3.62,25
AIR101533,2025-05-15,Rajasthan,Rajasthan City 1,Postpaid,0,Network Issues,No Complaint,22.8,3.31,-5
AIR101534,2025-06-15,Telangana,Telangana City 1,Postpaid,0,Slow Internet,No Complaint,10.6,3.4,-3
AIR101535,2025-07-15,Telangana,Telangana City 3,Broadband,0,Call Drops,No Complaint,6.8,3.76,20
AIR101536,2025-08-15,Delhi,Delhi City 1,Postpaid,0,Slow Internet,No Complaint,24.1,2.95,-24
AIR101537,2025-09-15,Karnataka,Karnataka City 3,Prepaid,0,Billing Issues,No Complaint,12.8,3.97,32
AIR101538,2025-10-15,Delhi,Delhi City 1,Broadband,0,Slow Internet,No Complaint,24.9,3.86,51
AIR101539,2025-11-15,Gujarat,Gujarat City 2,Postpaid,1,Network Issues,Resolved,25.2,3.46,22
AIR101540,2025-12-15,Maharashtra,Maharashtra City 2,Postpaid,0,Slow Internet,No Complaint,10,2.93,-3
AIR101541,2025-02-15,Tamil Nadu,Tamil Nadu City 1,Broadband,0,Network Issues,No Complaint,12.5,3.56,25
AIR101542,2025-03-15,West Bengal,West Bengal City 1,Prepaid,0,Slow Internet,No Complaint,5.6,4.16,45
AIR101543,2025-04-15,Kerala,Kerala City 3,Prepaid,0,Network Issues,No Complaint,12.1,3.22,18
AIR101544,2025-05-15,Kerala,Kerala City 1,Postpaid,0,Call Drops,No Complaint,15.1,3.96,27
AIR101545,2025-06-15,Delhi,Delhi City 1,Postpaid,0,Call Drops,No Complaint,28.3,3.1,25
AIR101546,2025-07-15,Gujarat,Gujarat City 1,Prepaid,1,Call Drops,Resolved,16.7,4.02,45
AIR101547,2025-08-15,Maharashtra,Maharashtra City 2,Postpaid,0,Slow Internet,No Complaint,18.6,3.87,26
AIR101548,2025-09-15,Rajasthan,Rajasthan City 3,Postpaid,1,Slow Internet,Resolved,6,3.63,18
AIR101549,2025-10-15,Kerala,Kerala City 2,Postpaid,1,Network Issues,Resolved,23.4,3.6,10
AIR101550,2025-11-15,Maharashtra,Maharashtra City 3,Broadband,1,Network Issues,In Progress,7.9,3.98,48
AIR101551,2025-12-15,Tamil Nadu,Tamil Nadu City 2,Prepaid,1,Network Issues,Resolved,17.4,4.15,18
AIR101552,2025-02-15,Uttar Pradesh,Uttar Pradesh City 1,Postpaid,0,Call Drops,No Complaint,34,4.01,30
AIR101553,2025-03-15,Gujarat,Gujarat City 2,Postpaid,0,Slow Internet,No Complaint,13.4,3.61,37
AIR101554,2025-04-15,Karnataka,Karnataka City 2,Prepaid,0,Network Issues,No Complaint,15.3,3.59,22
AIR101555,2025-05-15,Maharashtra,Maharashtra City 3,Prepaid,0,Billing Issues,No Complaint,5.9,3,10
AIR101556,2025-06-15,Tamil Nadu,Tamil Nadu City 3,Prepaid,0,Slow Internet,No Complaint,21,3.75,24
AIR101557,2025-07-15,Rajasthan,Rajasthan City 2,Postpaid,0,Slow Internet,No Complaint,15.7,2.88,4
AIR101558,2025-08-15,West Bengal,West Bengal City 3,Prepaid,0,Slow Internet,No Complaint,5.2,3.71,20
AIR101559,2025-09-15,Karnataka,Karnataka City 3,Prepaid,1,Network Issues,Resolved,8.7,3.54,-3
AIR101560,2025-10-15,West Bengal,West Bengal City 3,Prepaid,1,Others,Resolved,5.5,3.51,35
AIR101561,2025-11-15,Rajasthan,Rajasthan City 3,Postpaid,0,Slow Internet,No Complaint,12.9,3.45,11
AIR101562,2025-12-15,Tamil Nadu,Tamil Nadu City 3,Postpaid,1,Call Drops,Resolved,35.4,4.66,75
AIR101563,2025-02-15,Kerala,Kerala City 2,Postpaid,0,Billing Issues,No Complaint,19.8,3.71,31
AIR101564,2025-03-15,West Bengal,West Bengal City 3,Prepaid,0,Others,No Complaint,22.6,2.79,6
AIR101565,2025-04-15,Karnataka,Karnataka City 1,Postpaid,0,Call Drops,No Complaint,17.1,3.66,12
AIR101566,2025-05-15,Delhi,Delhi City 2,Postpaid,1,Slow Internet,In Progress,6.7,4.01,31
AIR101567,2025-06-15,Telangana,Telangana City 2,Prepaid,1,Call Drops,In Progress,4.6,3.93,38
AIR101568,2025-07-15,Maharashtra,Maharashtra City 2,Prepaid,1,Slow Internet,Resolved,5.1,4.09,25
AIR101569,2025-08-15,Kerala,Kerala City 3,Broadband,1,Slow Internet,Resolved,19.6,3.06,-6
AIR101570,2025-09-15,West Bengal,West Bengal City 1,Postpaid,1,Slow Internet,Resolved,23.6,3.64,23
AIR101571,2025-10-15,Uttar Pradesh,Uttar Pradesh City 3,Postpaid,1,Call Drops,Resolved,47.2,3.42,10
AIR101572,2025-11-15,Maharashtra,Maharashtra City 2,Prepaid,0,Call Drops,No Complaint,6.9,3.88,48
AIR101573,2025-12-15,Delhi,Delhi City 2,Broadband,1,Network Issues,Resolved,43.7,2.83,0
AIR101574,2025-02-15,Rajasthan,Rajasthan City 2,Postpaid,0,Network Issues,No Complaint,25.7,3.31,8
AIR101575,2025-03-15,Telangana,Telangana City 2,Broadband,0,Network Issues,No Complaint,14.3,4.03,36
AIR101576,2025-04-15,Tamil Nadu,Tamil Nadu City 3,Enterprise,0,Network Issues,No Complaint,18.6,3.28,9
AIR101577,2025-05-15,Delhi,Delhi City 1,Enterprise,0,Network Issues,No Complaint,6.6,3.86,45
AIR101578,2025-06-15,Delhi,Delhi City 1,Broadband,0,Network Issues,No Complaint,27.3,3.6,23
AIR101579,2025-07-15,Rajasthan,Rajasthan City 2,Prepaid,1,Network Issues,In Progress,8.9,3.6,23
AIR101580,2025-08-15,Gujarat,Gujarat City 1,Broadband,1,Network Issues,Resolved,12.6,4.32,41
AIR101581,2025-09-15,Rajasthan,Rajasthan City 2,Prepaid,0,Network Issues,No Complaint,13.5,3.54,-3
AIR101582,2025-10-15,Gujarat,Gujarat City 2,Broadband,0,Network Issues,No Complaint,22.8,3.52,22
AIR101583,2025-11-15,Gujarat,Gujarat City 1,Prepaid,1,Call Drops,In Progress,9.3,3.27,-5
AIR101584,2025-12-15,Kerala,Kerala City 2,Postpaid,1,Slow Internet,Resolved,12.7,3.23,1
AIR101585,2025-02-15,Kerala,Kerala City 1,Prepaid,0,Slow Internet,No Complaint,12.6,3.8,24
AIR101586,2025-03-15,Karnataka,Karnataka City 2,Postpaid,1,Billing Issues,Resolved,13.2,3.78,41
AIR101587,2025-04-15,West Bengal,West Bengal City 1,Prepaid,1,Network Issues,Resolved,9.4,3.23,-4
AIR101588,2025-05-15,West Bengal,West Bengal City 2,Prepaid,1,Call Drops,Resolved,30.8,3.14,4
AIR101589,2025-06-15,Tamil Nadu,Tamil Nadu City 1,Broadband,1,Slow Internet,Resolved,15.5,3.55,12
AIR101590,2025-07-15,West Bengal,West Bengal City 2,Postpaid,0,Billing Issues,No Complaint,29.7,3.72,43
AIR101591,2025-08-15,Kerala,Kerala City 2,Prepaid,1,Billing Issues,Pending,14.1,4.04,41
AIR101592,2025-09-15,Karnataka,Karnataka City 2,Prepaid,0,Network Issues,No Complaint,8.8,3.93,41
AIR101593,2025-10-15,Karnataka,Karnataka City 1,Prepaid,1,Slow Internet,Resolved,10.3,3.3,11
AIR101594,2025-11-15,Gujarat,Gujarat City 3,Postpaid,0,Network Issues,No Complaint,29.3,4.09,34
AIR101595,2025-12-15,Rajasthan,Rajasthan City 2,Enterprise,1,Network Issues,Pending,20.7,3.24,24
AIR101596,2025-02-15,Tamil Nadu,Tamil Nadu City 2,Postpaid,1,Billing Issues,Resolved,6.8,3.46,13
AIR101597,2025-03-15,Gujarat,Gujarat City 1,Prepaid,0,Billing Issues,No Complaint,2.2,3.46,3
AIR101598,2025-04-15,Rajasthan,Rajasthan City 2,Prepaid,1,Slow Internet,Resolved,14.5,4.12,42
AIR101599,2025-05-15,West Bengal,West Bengal City 2,Enterprise,1,Others,Resolved,10.6,4.46,36
AIR101600,2025-06-15,Gujarat,Gujarat City 2,Prepaid,0,Slow Internet,No Complaint,14.2,3.1,8
AIR101601,2025-07-15,Maharashtra,Maharashtra City 2,Postpaid,0,Call Drops,No Complaint,42.9,3.89,32
AIR101602,2025-08-15,West Bengal,West Bengal City 3,Prepaid,0,Billing Issues,No Complaint,16.8,4.18,48
AIR101603,2025-09-15,Rajasthan,Rajasthan City 3,Postpaid,0,Others,No Complaint,15.8,3.27,18
AIR101604,2025-10-15,Tamil Nadu,Tamil Nadu City 2,Broadband,1,Call Drops,Resolved,10,3.71,24
AIR101605,2025-11-15,Rajasthan,Rajasthan City 2,Prepaid,1,Network Issues,Resolved,21.3,4.51,55
AIR101606,2025-12-15,Gujarat,Gujarat City 2,Postpaid,0,Network Issues,No Complaint,11.7,3.9,21
AIR101607,2025-02-15,Gujarat,Gujarat City 3,Postpaid,0,Network Issues,No Complaint,43.9,3.11,18
AIR101608,2025-03-15,Delhi,Delhi City 3,Prepaid,0,Billing Issues,No Complaint,6,3.61,25
AIR101609,2025-04-15,Tamil Nadu,Tamil Nadu City 1,Prepaid,0,Billing Issues,No Complaint,2.6,3.32,13
AIR101610,2025-05-15,Uttar Pradesh,Uttar Pradesh City 1,Postpaid,1,Network Issues,Resolved,2.9,2.67,-22
AIR101611,2025-06-15,West Bengal,West Bengal City 2,Prepaid,1,Slow Internet,Resolved,17.5,4.39,37
AIR101612,2025-07-15,Karnataka,Karnataka City 2,Broadband,0,Network Issues,No Complaint,13,4.16,39
AIR101613,2025-08-15,Tamil Nadu,Tamil Nadu City 3,Prepaid,0,Others,No Complaint,24.1,2.96,-13
AIR101614,2025-09-15,Karnataka,Karnataka City 2,Prepaid,0,Network Issues,No Complaint,9.3,3.99,44
AIR101615,2025-10-15,Tamil Nadu,Tamil Nadu City 2,Prepaid,0,Billing Issues,No Complaint,3.1,4.47,61
AIR101616,2025-11-15,Tamil Nadu,Tamil Nadu City 3,Prepaid,0,Slow Internet,No Complaint,5,3.41,14
AIR101617,2025-12-15,Rajasthan,Rajasthan City 3,Postpaid,1,Call Drops,Resolved,3.5,3.59,11
AIR101618,2025-02-15,Tamil Nadu,Tamil Nadu City 3,Prepaid,1,Others,In Progress,12.5,3.8,16
AIR101619,2025-03-15,Delhi,Delhi City 3,Postpaid,1,Slow Internet,Resolved,29.9,3.74,29
AIR101620,2025-04-15,Uttar Pradesh,Uttar Pradesh City 1,Enterprise,1,Network Issues,Resolved,25.3,4.25,64
AIR101621,2025-05-15,Gujarat,Gujarat City 3,Postpaid,0,Call Drops,No Complaint,16.7,3.91,30
AIR101622,2025-06-15,Telangana,Telangana City 3,Prepaid,0,Network Issues,No Complaint,20.5,4.45,49
AIR101623,2025-07-15,Karnataka,Karnataka City 2,Broadband,0,Network Issues,No Complaint,9,3.63,22
AIR101624,2025-08-15,Gujarat,Gujarat City 2,Prepaid,0,Network Issues,No Complaint,8.6,3.84,34
AIR101625,2025-09-15,Telangana,Telangana City 2,Postpaid,0,Call Drops,No Complaint,8.3,3.7,15
AIR101626,2025-10-15,Uttar Pradesh,Uttar Pradesh City 1,Prepaid,0,Slow Internet,No Complaint,6.8,3.6,22
AIR101627,2025-11-15,Uttar Pradesh,Uttar Pradesh City 3,Prepaid,0,Billing Issues,No Complaint,15.7,2.75,-30
AIR101628,2025-12-15,Karnataka,Karnataka City 3,Broadband,0,Call Drops,No Complaint,10.3,3.51,15
AIR101629,2025-02-15,Karnataka,Karnataka City 1,Prepaid,0,Network Issues,No Complaint,9,3.76,34
AIR101630,2025-03-15,Uttar Pradesh,Uttar Pradesh City 3,Postpaid,0,Network Issues,No Complaint,11.1,4.06,30
AIR101631,2025-04-15,Telangana,Telangana City 2,Prepaid,1,Network Issues,Pending,10,3.56,11
AIR101632,2025-05-15,Tamil Nadu,Tamil Nadu City 1,Postpaid,1,Slow Internet,Resolved,16.9,3.33,4
AIR101633,2025-06-15,West Bengal,West Bengal City 3,Postpaid,0,Billing Issues,No Complaint,2.8,3.36,2
AIR101634,2025-07-15,Maharashtra,Maharashtra City 1,Prepaid,0,Slow Internet,No Complaint,8.8,3.41,5
AIR101635,2025-08-15,Gujarat,Gujarat City 1,Postpaid,1,Slow Internet,Resolved,26.8,3.79,28
AIR101636,2025-09-15,Rajasthan,Rajasthan City 3,Postpaid,0,Network Issues,No Complaint,20.6,3.78,20
AIR101637,2025-10-15,Gujarat,Gujarat City 2,Postpaid,0,Others,No Complaint,29.9,3.07,0
AIR101638,2025-11-15,Rajasthan,Rajasthan City 3,Postpaid,0,Network Issues,No Complaint,54.9,3.86,31
AIR101639,2025-12-15,Telangana,Telangana City 3,Postpaid,1,Call Drops,Resolved,10.7,3.04,4
AIR101640,2025-02-15,Rajasthan,Rajasthan City 2,Prepaid,1,Slow Internet,Resolved,14.1,3.68,29
AIR101641,2025-03-15,Karnataka,Karnataka City 3,Postpaid,0,Slow Internet,No Complaint,24.1,3.63,26
AIR101642,2025-04-15,West Bengal,West Bengal City 3,Postpaid,1,Network Issues,Pending,26.8,3.83,27
AIR101643,2025-05-15,West Bengal,West Bengal City 3,Prepaid,1,Network Issues,Resolved,18.6,3.55,34
AIR101644,2025-06-15,Karnataka,Karnataka City 1,Broadband,0,Call Drops,No Complaint,3.2,3.56,21
AIR101645,2025-07-15,Delhi,Delhi City 1,Prepaid,0,Slow Internet,No Complaint,16.6,3.24,19
AIR101646,2025-08-15,Telangana,Telangana City 1,Prepaid,0,Network Issues,No Complaint,8.1,3.26,24
AIR101647,2025-09-15,Delhi,Delhi City 3,Prepaid,0,Network Issues,No Complaint,8.2,3.24,8
AIR101648,2025-10-15,Delhi,Delhi City 2,Prepaid,0,Network Issues,No Complaint,5.2,2.88,-13
AIR101649,2025-11-15,Gujarat,Gujarat City 1,Prepaid,1,Network Issues,Resolved,17.7,2.6,-43
AIR101650,2025-12-15,Uttar Pradesh,Uttar Pradesh City 2,Enterprise,0,Network Issues,No Complaint,17.9,3.85,20
AIR101651,2025-02-15,Gujarat,Gujarat City 3,Prepaid,0,Network Issues,No Complaint,12.4,3.68,21
AIR101652,2025-03-15,Uttar Pradesh,Uttar Pradesh City 1,Postpaid,0,Billing Issues,No Complaint,3.2,3.92,40
AIR101653,2025-04-15,Maharashtra,Maharashtra City 3,Prepaid,0,Network Issues,No Complaint,9,3.44,23
AIR101654,2025-05-15,Rajasthan,Rajasthan City 2,Postpaid,0,Call Drops,No Complaint,8.2,3.51,18
AIR101655,2025-06-15,Uttar Pradesh,Uttar Pradesh City 1,Enterprise,0,Slow Internet,No Complaint,25.7,3.69,20
AIR101656,2025-07-15,Karnataka,Karnataka City 1,Prepaid,0,Billing Issues,No Complaint,7.5,3.44,11
AIR101657,2025-08-15,Gujarat,Gujarat City 1,Broadband,0,Slow Internet,No Complaint,6.8,3.08,0
AIR101658,2025-09-15,Telangana,Telangana City 1,Enterprise,0,Network Issues,No Complaint,11.4,2.89,10
AIR101659,2025-10-15,Rajasthan,Rajasthan City 2,Postpaid,0,Network Issues,No Complaint,14.6,3.13,1
AIR101660,2025-11-15,Maharashtra,Maharashtra City 1,Prepaid,0,Call Drops,No Complaint,16.9,4.22,37
AIR101661,2025-12-15,Uttar Pradesh,Uttar Pradesh City 3,Postpaid,0,Call Drops,No Complaint,18.7,3.75,29
AIR101662,2025-02-15,Maharashtra,Maharashtra City 1,Broadband,1,Call Drops,Resolved,15.5,3.59,17
AIR101663,2025-03-15,Telangana,Telangana City 2,Prepaid,0,Slow Internet,No Complaint,21.9,4.08,37
AIR101664,2025-04-15,Delhi,Delhi City 1,Postpaid,0,Network Issues,No Complaint,33.1,3.81,26
AIR101665,2025-05-15,West Bengal,West Bengal City 2,Prepaid,0,Slow Internet,No Complaint,19.2,3.83,29
AIR101666,2025-06-15,Telangana,Telangana City 2,Prepaid,1,Slow Internet,Resolved,34.2,4.24,32
AIR101667,2025-07-15,Kerala,Kerala City 3,Broadband,0,Others,No Complaint,19.8,4.99,82
AIR101668,2025-08-15,Telangana,Telangana City 1,Prepaid,1,Slow Internet,Resolved,4.1,3.64,40
AIR101669,2025-09-15,Maharashtra,Maharashtra City 1,Prepaid,0,Network Issues,No Complaint,12.3,3.36,-21
AIR101670,2025-10-15,Karnataka,Karnataka City 1,Postpaid,0,Slow Internet,No Complaint,1.9,3.17,8
AIR101671,2025-11-15,Gujarat,Gujarat City 3,Prepaid,0,Call Drops,No Complaint,10.6,4.13,55
AIR101672,2025-12-15,Karnataka,Karnataka City 3,Prepaid,0,Network Issues,No Complaint,20.9,3.5,9
AIR101673,2025-02-15,Maharashtra,Maharashtra City 2,Postpaid,0,Network Issues,No Complaint,20.2,2.87,-3
AIR101674,2025-03-15,Gujarat,Gujarat City 2,Prepaid,0,Billing Issues,No Complaint,19,3.86,23
AIR101675,2025-04-15,Kerala,Kerala City 2,Prepaid,1,Billing Issues,Pending,45.5,3.5,18
AIR101676,2025-05-15,West Bengal,West Bengal City 3,Prepaid,0,Network Issues,No Complaint,10,3.97,33
AIR101677,2025-06-15,Rajasthan,Rajasthan City 3,Postpaid,0,Others,No Complaint,3.8,3.25,12
AIR101678,2025-07-15,Maharashtra,Maharashtra City 3,Broadband,0,Call Drops,No Complaint,18.4,3.83,26
AIR101679,2025-08-15,Uttar Pradesh,Uttar Pradesh City 2,Broadband,0,Billing Issues,No Complaint,6.6,3.82,48
AIR101680,2025-09-15,Maharashtra,Maharashtra City 3,Prepaid,0,Slow Internet,No Complaint,14.9,3.54,22
AIR101681,2025-10-15,Maharashtra,Maharashtra City 2,Postpaid,1,Slow Internet,In Progress,9.1,2.88,-14
AIR101682,2025-11-15,Gujarat,Gujarat City 2,Broadband,0,Network Issues,No Complaint,18.8,3.19,-1
AIR101683,2025-12-15,Tamil Nadu,Tamil Nadu City 1,Prepaid,1,Network Issues,Pending,3.8,3.58,19
AIR101684,2025-02-15,Telangana,Telangana City 1,Broadband,0,Network Issues,No Complaint,4.4,3.95,11
AIR101685,2025-03-15,Tamil Nadu,Tamil Nadu City 1,Broadband,0,Network Issues,No Complaint,17.2,3.89,40
AIR101686,2025-04-15,Kerala,Kerala City 2,Prepaid,1,Network Issues,Resolved,21.3,4.23,56
AIR101687,2025-05-15,Uttar Pradesh,Uttar Pradesh City 1,Prepaid,0,Others,No Complaint,14.7,4.08,37
AIR101688,2025-06-15,West Bengal,West Bengal City 1,Prepaid,0,Slow Internet,No Complaint,14.8,2.93,12
AIR101689,2025-07-15,Delhi,Delhi City 1,Prepaid,0,Network Issues,No Complaint,19.7,4.5,41
AIR101690,2025-08-15,Kerala,Kerala City 3,Broadband,0,Network Issues,No Complaint,22.1,3.85,10
AIR101691,2025-09-15,Delhi,Delhi City 2,Broadband,1,Slow Internet,Resolved,7.3,3.9,23
AIR101692,2025-10-15,Delhi,Delhi City 1,Prepaid,0,Slow Internet,No Complaint,42.5,4.13,37
AIR101693,2025-11-15,West Bengal,West Bengal City 3,Postpaid,0,Network Issues,No Complaint,79.4,3.32,-1
AIR101694,2025-12-15,Karnataka,Karnataka City 3,Postpaid,1,Call Drops,Resolved,39.8,3.65,26
AIR101695,2025-02-15,Tamil Nadu,Tamil Nadu City 3,Prepaid,0,Slow Internet,No Complaint,20,3.45,10
AIR101696,2025-03-15,Maharashtra,Maharashtra City 1,Postpaid,0,Slow Internet,No Complaint,16.3,3.85,27
AIR101697,2025-04-15,Rajasthan,Rajasthan City 3,Broadband,0,Network Issues,No Complaint,34.6,3.7,24
AIR101698,2025-05-15,Delhi,Delhi City 2,Prepaid,1,Others,Pending,15.9,3.22,6
AIR101699,2025-06-15,Uttar Pradesh,Uttar Pradesh City 3,Prepaid,1,Network Issues,Pending,8.7,3.85,34
AIR101700,2025-07-15,Kerala,Kerala City 3,Prepaid,0,Slow Internet,No Complaint,10.6,3.8,42
AIR101701,2025-08-15,Karnataka,Karnataka City 3,Prepaid,1,Slow Internet,Resolved,13.7,3.55,7
AIR101702,2025-09-15,Delhi,Delhi City 3,Prepaid,0,Network Issues,No Complaint,21.1,3.84,24
AIR101703,2025-10-15,Karnataka,Karnataka City 2,Prepaid,0,Call Drops,No Complaint,25.3,2.29,-27
AIR101704,2025-11-15,Karnataka,Karnataka City 1,Postpaid,0,Slow Internet,No Complaint,15.8,3.98,59
AIR101705,2025-12-15,Delhi,Delhi City 2,Postpaid,0,Call Drops,No Complaint,16,3.79,37
AIR101706,2025-02-15,Gujarat,Gujarat City 2,Prepaid,1,Network Issues,Resolved,25.6,3.11,10
AIR101707,2025-03-15,Telangana,Telangana City 1,Prepaid,1,Slow Internet,Resolved,11.7,2.77,-12
AIR101708,2025-04-15,Uttar Pradesh,Uttar Pradesh City 3,Broadband,1,Slow Internet,Resolved,9.7,3.84,15
AIR101709,2025-05-15,Maharashtra,Maharashtra City 1,Broadband,1,Network Issues,Pending,22.6,3.99,23
AIR101710,2025-06-15,Maharashtra,Maharashtra City 1,Prepaid,0,Slow Internet,No Complaint,5.6,3.65,37
AIR101711,2025-07-15,Uttar Pradesh,Uttar Pradesh City 2,Prepaid,0,Call Drops,No Complaint,12.7,3.65,28
AIR101712,2025-08-15,Gujarat,Gujarat City 1,Broadband,0,Network Issues,No Complaint,6.3,2.8,-1
AIR101713,2025-09-15,Maharashtra,Maharashtra City 3,Prepaid,0,Slow Internet,No Complaint,14.6,3.4,15
AIR101714,2025-10-15,Karnataka,Karnataka City 2,Prepaid,1,Billing Issues,Resolved,16.9,3.86,31
AIR101715,2025-11-15,West Bengal,West Bengal City 3,Prepaid,1,Network Issues,In Progress,32.4,3.78,36
AIR101716,2025-12-15,Kerala,Kerala City 2,Prepaid,0,Network Issues,No Complaint,10.9,4.3,32
AIR101717,2025-02-15,Tamil Nadu,Tamil Nadu City 3,Prepaid,0,Network Issues,No Complaint,19,3.29,15
AIR101718,2025-03-15,Maharashtra,Maharashtra City 1,Prepaid,0,Others,No Complaint,16.4,3.88,33
AIR101719,2025-04-15,Uttar Pradesh,Uttar Pradesh City 1,Postpaid,1,Network Issues,Resolved,7.5,3.38,1
AIR101720,2025-05-15,West Bengal,West Bengal City 1,Broadband,0,Network Issues,No Complaint,6.3,3.22,5
AIR101721,2025-06-15,Delhi,Delhi City 3,Enterprise,1,Network Issues,Resolved,18.8,3.9,41
AIR101722,2025-07-15,Telangana,Telangana City 2,Prepaid,0,Slow Internet,No Complaint,29.3,4.55,44
AIR101723,2025-08-15,Uttar Pradesh,Uttar Pradesh City 2,Prepaid,0,Billing Issues,No Complaint,4.4,3.88,41
AIR101724,2025-09-15,Karnataka,Karnataka City 2,Postpaid,1,Network Issues,Resolved,22.5,3.01,-8
AIR101725,2025-10-15,Telangana,Telangana City 1,Postpaid,0,Network Issues,No Complaint,10.8,3.21,23
AIR101726,2025-11-15,Kerala,Kerala City 3,Prepaid,1,Billing Issues,In Progress,21.2,2.93,-4
AIR101727,2025-12-15,Kerala,Kerala City 2,Prepaid,1,Call Drops,Resolved,9.7,3.73,-3
AIR101728,2025-02-15,Gujarat,Gujarat City 3,Prepaid,1,Network Issues,Resolved,34.1,3.48,26
AIR101729,2025-03-15,Rajasthan,Rajasthan City 2,Prepaid,0,Network Issues,No Complaint,21.2,3.36,10
AIR101730,2025-04-15,Gujarat,Gujarat City 1,Prepaid,0,Slow Internet,No Complaint,20.2,4.13,36
AIR101731,2025-05-15,West Bengal,West Bengal City 3,Enterprise,0,Network Issues,No Complaint,12.6,2.93,-5
AIR101732,2025-06-15,Telangana,Telangana City 2,Prepaid,0,Slow Internet,No Complaint,12,4.24,47
AIR101733,2025-07-15,Rajasthan,Rajasthan City 2,Enterprise,0,Network Issues,No Complaint,4.7,3.74,27
AIR101734,2025-08-15,Delhi,Delhi City 2,Broadband,0,Network Issues,No Complaint,10.2,3.08,-3
AIR101735,2025-09-15,Karnataka,Karnataka City 2,Prepaid,0,Slow Internet,No Complaint,15.7,3.69,31
AIR101736,2025-10-15,Telangana,Telangana City 1,Postpaid,0,Slow Internet,No Complaint,25.7,3.09,6
AIR101737,2025-11-15,Gujarat,Gujarat City 2,Postpaid,0,Network Issues,No Complaint,14.1,3.62,27
AIR101738,2025-12-15,Tamil Nadu,Tamil Nadu City 2,Prepaid,0,Network Issues,No Complaint,10.2,3.62,28
AIR101739,2025-02-15,Rajasthan,Rajasthan City 1,Prepaid,0,Slow Internet,No Complaint,16.5,3.33,20
AIR101740,2025-03-15,Rajasthan,Rajasthan City 2,Postpaid,0,Slow Internet,No Complaint,5.7,4.31,41
AIR101741,2025-04-15,Karnataka,Karnataka City 3,Postpaid,0,Network Issues,No Complaint,50.8,3.96,39
AIR101742,2025-05-15,Maharashtra,Maharashtra City 3,Postpaid,0,Slow Internet,No Complaint,6.4,4.31,51
AIR101743,2025-06-15,Kerala,Kerala City 2,Postpaid,1,Slow Internet,Resolved,16,4.27,47
AIR101744,2025-07-15,Kerala,Kerala City 1,Prepaid,0,Slow Internet,No Complaint,8.4,3.51,20
AIR101745,2025-08-15,Tamil Nadu,Tamil Nadu City 1,Postpaid,0,Call Drops,No Complaint,14.3,3.61,25
AIR101746,2025-09-15,West Bengal,West Bengal City 1,Prepaid,0,Billing Issues,No Complaint,20.2,3.29,15
AIR101747,2025-10-15,West Bengal,West Bengal City 2,Postpaid,0,Network Issues,No Complaint,7.9,3.44,12
AIR101748,2025-11-15,Delhi,Delhi City 2,Broadband,1,Slow Internet,Resolved,11.7,4.3,47
AIR101749,2025-12-15,Telangana,Telangana City 3,Postpaid,1,Call Drops,Resolved,15.8,3.98,26
AIR101750,2025-02-15,Uttar Pradesh,Uttar Pradesh City 1,Postpaid,0,Call Drops,No Complaint,15.9,3.52,38
AIR101751,2025-03-15,Maharashtra,Maharashtra City 2,Postpaid,1,Network Issues,Resolved,7.5,3.62,9
AIR101752,2025-04-15,Gujarat,Gujarat City 2,Postpaid,0,Network Issues,No Complaint,14.5,3.47,3
AIR101753,2025-05-15,Uttar Pradesh,Uttar Pradesh City 2,Postpaid,1,Network Issues,Resolved,56,2.69,-23
AIR101754,2025-06-15,Uttar Pradesh,Uttar Pradesh City 1,Prepaid,1,Network Issues,Resolved,7.7,3.21,8
AIR101755,2025-07-15,Rajasthan,Rajasthan City 1,Enterprise,0,Others,No Complaint,15.8,4.23,54
AIR101756,2025-08-15,Tamil Nadu,Tamil Nadu City 3,Prepaid,0,Others,No Complaint,1,4.01,49
AIR101757,2025-09-15,Kerala,Kerala City 1,Prepaid,1,Call Drops,In Progress,2.9,3.34,-3
AIR101758,2025-10-15,Delhi,Delhi City 2,Prepaid,0,Network Issues,No Complaint,29.7,3.88,25
AIR101759,2025-11-15,West Bengal,West Bengal City 3,Prepaid,1,Network Issues,Resolved,18,3.28,14
AIR101760,2025-12-15,Tamil Nadu,Tamil Nadu City 1,Postpaid,0,Others,No Complaint,18.7,3.2,15
AIR101761,2025-02-15,Rajasthan,Rajasthan City 1,Prepaid,0,Call Drops,No Complaint,5.5,4.13,33
AIR101762,2025-03-15,Gujarat,Gujarat City 1,Broadband,1,Call Drops,Resolved,15.2,3.51,23
AIR101763,2025-04-15,Delhi,Delhi City 1,Prepaid,0,Slow Internet,No Complaint,19.1,2.86,-16
AIR101764,2025-05-15,Rajasthan,Rajasthan City 2,Prepaid,0,Slow Internet,No Complaint,6.2,4.03,46
AIR101765,2025-06-15,Kerala,Kerala City 1,Prepaid,1,Others,Resolved,15.3,3.56,7
AIR101766,2025-07-15,Kerala,Kerala City 2,Postpaid,1,Network Issues,In Progress,51,3.93,26
AIR101767,2025-08-15,Kerala,Kerala City 2,Broadband,0,Slow Internet,No Complaint,2.3,3.09,11
AIR101768,2025-09-15,Tamil Nadu,Tamil Nadu City 2,Postpaid,0,Network Issues,No Complaint,9.4,3.98,32
AIR101769,2025-10-15,Tamil Nadu,Tamil Nadu City 3,Prepaid,0,Call Drops,No Complaint,23.5,3.24,5
AIR101770,2025-11-15,West Bengal,West Bengal City 2,Enterprise,1,Network Issues,Resolved,3.7,3.17,7
AIR101771,2025-12-15,West Bengal,West Bengal City 1,Prepaid,0,Call Drops,No Complaint,7.5,3.33,31
AIR101772,2025-02-15,Gujarat,Gujarat City 3,Postpaid,0,Slow Internet,No Complaint,6.2,3.84,61
AIR101773,2025-03-15,Delhi,Delhi City 1,Prepaid,1,Billing Issues,Pending,28.9,3.49,17
AIR101774,2025-04-15,Karnataka,Karnataka City 2,Prepaid,0,Network Issues,No Complaint,8.9,3.47,12
AIR101775,2025-05-15,Karnataka,Karnataka City 1,Prepaid,0,Network Issues,No Complaint,14.6,3.65,7
AIR101776,2025-06-15,Rajasthan,Rajasthan City 3,Prepaid,0,Network Issues,No Complaint,18.5,3.63,28
AIR101777,2025-07-15,Kerala,Kerala City 3,Broadband,0,Slow Internet,No Complaint,4.1,3.91,45
AIR101778,2025-08-15,Delhi,Delhi City 1,Postpaid,1,Others,In Progress,17.4,3.92,33
AIR101779,2025-09-15,Uttar Pradesh,Uttar Pradesh City 1,Broadband,1,Slow Internet,Resolved,13.3,3.82,27
AIR101780,2025-10-15,Tamil Nadu,Tamil Nadu City 1,Postpaid,0,Slow Internet,No Complaint,4.8,4.38,44
AIR101781,2025-11-15,Telangana,Telangana City 3,Postpaid,0,Network Issues,No Complaint,47.5,3.71,28
AIR101782,2025-12-15,Maharashtra,Maharashtra City 2,Postpaid,0,Call Drops,No Complaint,14.8,3.03,-1
AIR101783,2025-02-15,Gujarat,Gujarat City 1,Broadband,1,Slow Internet,Resolved,16.9,3.43,14
AIR101784,2025-03-15,Kerala,Kerala City 2,Prepaid,0,Network Issues,No Complaint,3.6,3.45,12
AIR101785,2025-04-15,Kerala,Kerala City 3,Prepaid,0,Network Issues,No Complaint,29.6,3.89,34
AIR101786,2025-05-15,Kerala,Kerala City 1,Postpaid,0,Slow Internet,No Complaint,15.7,3.85,31
AIR101787,2025-06-15,Tamil Nadu,Tamil Nadu City 1,Enterprise,1,Slow Internet,Resolved,3.8,2.84,13
AIR101788,2025-07-15,Tamil Nadu,Tamil Nadu City 3,Enterprise,0,Slow Internet,No Complaint,32.6,4.44,38
AIR101789,2025-08-15,Maharashtra,Maharashtra City 1,Postpaid,0,Slow Internet,No Complaint,14.9,3.82,28
AIR101790,2025-09-15,Uttar Pradesh,Uttar Pradesh City 2,Prepaid,0,Slow Internet,No Complaint,4.3,3.56,26
AIR101791,2025-10-15,Delhi,Delhi City 3,Prepaid,0,Network Issues,No Complaint,3.8,3.85,18
AIR101792,2025-11-15,Kerala,Kerala City 3,Broadband,0,Network Issues,No Complaint,11.6,4.06,14
AIR101793,2025-12-15,Karnataka,Karnataka City 1,Prepaid,0,Network Issues,No Complaint,14.2,4.11,20
AIR101794,2025-02-15,West Bengal,West Bengal City 3,Prepaid,0,Network Issues,No Complaint,21.6,2.86,-7
AIR101795,2025-03-15,Karnataka,Karnataka City 1,Broadband,1,Network Issues,In Progress,27.4,3.71,39
AIR101796,2025-04-15,Rajasthan,Rajasthan City 1,Prepaid,1,Call Drops,In Progress,18.5,4.06,56
AIR101797,2025-05-15,Karnataka,Karnataka City 3,Postpaid,0,Network Issues,No Complaint,16.4,3.56,17
AIR101798,2025-06-15,Rajasthan,Rajasthan City 1,Postpaid,0,Slow Internet,No Complaint,6.3,4.71,55
AIR101799,2025-07-15,Telangana,Telangana City 2,Prepaid,0,Slow Internet,No Complaint,13.7,3.26,10
AIR101800,2025-08-15,West Bengal,West Bengal City 2,Prepaid,0,Billing Issues,No Complaint,43,3.61,15
AIR101801,2025-09-15,Karnataka,Karnataka City 1,Prepaid,0,Slow Internet,No Complaint,4.8,4.22,48
AIR101802,2025-10-15,Telangana,Telangana City 2,Postpaid,0,Network Issues,No Complaint,61.9,2.55,1
AIR101803,2025-11-15,Gujarat,Gujarat City 1,Postpaid,0,Network Issues,No Complaint,13.8,3.61,26
AIR101804,2025-12-15,Delhi,Delhi City 2,Prepaid,1,Network Issues,Pending,8.5,4.59,72
AIR101805,2025-02-15,Telangana,Telangana City 3,Enterprise,0,Network Issues,No Complaint,10.1,3.51,16
AIR101806,2025-03-15,Delhi,Delhi City 1,Prepaid,0,Slow Internet,No Complaint,3.2,4.29,26
AIR101807,2025-04-15,Karnataka,Karnataka City 1,Prepaid,0,Network Issues,No Complaint,40.5,3.68,10
AIR101808,2025-05-15,Uttar Pradesh,Uttar Pradesh City 1,Prepaid,0,Network Issues,No Complaint,23.2,3.38,34
AIR101809,2025-06-15,Telangana,Telangana City 1,Prepaid,0,Slow Internet,No Complaint,21,2.92,3
AIR101810,2025-07-15,West Bengal,West Bengal City 1,Enterprise,0,Network Issues,No Complaint,19.1,2.89,-1
AIR101811,2025-08-15,Karnataka,Karnataka City 1,Prepaid,0,Call Drops,No Complaint,2.8,3.7,49
AIR101812,2025-09-15,Kerala,Kerala City 3,Prepaid,1,Network Issues,Pending,21.8,3.61,30
AIR101813,2025-10-15,Tamil Nadu,Tamil Nadu City 3,Broadband,0,Network Issues,No Complaint,46.2,3.5,26
AIR101814,2025-11-15,Telangana,Telangana City 2,Postpaid,0,Slow Internet,No Complaint,21.5,3.18,5
AIR101815,2025-12-15,West Bengal,West Bengal City 1,Prepaid,0,Network Issues,No Complaint,12.6,3.95,20
AIR101816,2025-02-15,Gujarat,Gujarat City 2,Broadband,1,Network Issues,Resolved,11.7,3.4,15
AIR101817,2025-03-15,Kerala,Kerala City 2,Postpaid,0,Slow Internet,No Complaint,31.8,2.9,-7
AIR101818,2025-04-15,Gujarat,Gujarat City 3,Prepaid,0,Call Drops,No Complaint,12.3,3.96,9
AIR101819,2025-05-15,Karnataka,Karnataka City 2,Postpaid,1,Slow Internet,Resolved,44.8,3.16,32
AIR101820,2025-06-15,Tamil Nadu,Tamil Nadu City 3,Broadband,0,Network Issues,No Complaint,3.3,3.63,30
AIR101821,2025-07-15,Telangana,Telangana City 2,Postpaid,0,Network Issues,No Complaint,5.3,3.5,5
AIR101822,2025-08-15,Telangana,Telangana City 1,Postpaid,1,Network Issues,Resolved,29.4,3.56,6
AIR101823,2025-09-15,Uttar Pradesh,Uttar Pradesh City 2,Enterprise,1,Slow Internet,Resolved,16.5,2.96,1
AIR101824,2025-10-15,Uttar Pradesh,Uttar Pradesh City 3,Postpaid,1,Billing Issues,Resolved,19.3,3.52,18
AIR101825,2025-11-15,Karnataka,Karnataka City 3,Prepaid,1,Billing Issues,In Progress,52.3,3.23,-3
AIR101826,2025-12-15,Karnataka,Karnataka City 3,Prepaid,1,Network Issues,Resolved,4.7,3.72,24
AIR101827,2025-02-15,Tamil Nadu,Tamil Nadu City 2,Postpaid,0,Network Issues,No Complaint,4.4,3.85,21
AIR101828,2025-03-15,Uttar Pradesh,Uttar Pradesh City 2,Prepaid,1,Call Drops,Resolved,4.4,3.6,13
AIR101829,2025-04-15,West Bengal,West Bengal City 3,Enterprise,0,Billing Issues,No Complaint,13.2,3.85,26
AIR101830,2025-05-15,West Bengal,West Bengal City 1,Prepaid,0,Call Drops,No Complaint,17.8,3.69,34
AIR101831,2025-06-15,Tamil Nadu,Tamil Nadu City 1,Postpaid,0,Call Drops,No Complaint,13.8,4.38,40
AIR101832,2025-07-15,West Bengal,West Bengal City 2,Postpaid,0,Call Drops,No Complaint,12.7,3.17,27
AIR101833,2025-08-15,Rajasthan,Rajasthan City 2,Postpaid,1,Network Issues,Resolved,4.4,3.83,36
AIR101834,2025-09-15,Delhi,Delhi City 3,Prepaid,0,Network Issues,No Complaint,17.1,3.57,27
AIR101835,2025-10-15,Tamil Nadu,Tamil Nadu City 2,Prepaid,0,Call Drops,No Complaint,8.4,3.12,15
AIR101836,2025-11-15,Tamil Nadu,Tamil Nadu City 2,Postpaid,0,Network Issues,No Complaint,29.6,3.92,31
AIR101837,2025-12-15,Maharashtra,Maharashtra City 3,Broadband,0,Others,No Complaint,1.4,3.24,12
AIR101838,2025-02-15,Kerala,Kerala City 3,Postpaid,1,Billing Issues,Pending,7.9,3.14,-10
AIR101839,2025-03-15,Kerala,Kerala City 2,Prepaid,0,Slow Internet,No Complaint,18.1,3.36,15
AIR101840,2025-04-15,Rajasthan,Rajasthan City 1,Prepaid,0,Call Drops,No Complaint,16.6,3.21,-1
AIR101841,2025-05-15,Uttar Pradesh,Uttar Pradesh City 2,Broadband,0,Slow Internet,No Complaint,42.7,3.64,19
AIR101842,2025-06-15,Karnataka,Karnataka City 1,Broadband,0,Slow Internet,No Complaint,6,4.45,40
AIR101843,2025-07-15,Karnataka,Karnataka City 1,Prepaid,0,Slow Internet,No Complaint,15.7,3.45,23
AIR101844,2025-08-15,Gujarat,Gujarat City 1,Postpaid,0,Billing Issues,No Complaint,15.4,3.7,37
AIR101845,2025-09-15,Rajasthan,Rajasthan City 3,Prepaid,0,Network Issues,No Complaint,35.3,3.55,27
AIR101846,2025-10-15,Tamil Nadu,Tamil Nadu City 3,Postpaid,1,Call Drops,Resolved,15.5,3.8,25
AIR101847,2025-11-15,Rajasthan,Rajasthan City 3,Broadband,0,Billing Issues,No Complaint,40.3,3.48,20
AIR101848,2025-12-15,Rajasthan,Rajasthan City 2,Prepaid,1,Network Issues,Resolved,9.8,4.3,50
AIR101849,2025-02-15,Rajasthan,Rajasthan City 3,Postpaid,0,Slow Internet,No Complaint,4.6,2.99,4
AIR101850,2025-03-15,Kerala,Kerala City 3,Prepaid,0,Network Issues,No Complaint,9.4,3.67,12
AIR101851,2025-04-15,Rajasthan,Rajasthan City 2,Prepaid,0,Slow Internet,No Complaint,13.9,3.4,21
AIR101852,2025-05-15,Delhi,Delhi City 2,Postpaid,1,Network Issues,Pending,39.8,3.87,43
AIR101853,2025-06-15,Karnataka,Karnataka City 1,Prepaid,0,Others,No Complaint,12.8,3.86,30
AIR101854,2025-07-15,Gujarat,Gujarat City 2,Postpaid,0,Billing Issues,No Complaint,36.6,3.39,-1
AIR101855,2025-08-15,Delhi,Delhi City 2,Prepaid,1,Network Issues,Resolved,23.8,3.52,22
AIR101856,2025-09-15,Gujarat,Gujarat City 3,Postpaid,0,Network Issues,No Complaint,33.8,3.8,32
AIR101857,2025-10-15,Maharashtra,Maharashtra City 1,Prepaid,0,Network Issues,No Complaint,11,3.44,5
AIR101858,2025-11-15,Gujarat,Gujarat City 1,Postpaid,1,Others,Pending,12.8,3.32,19
AIR101859,2025-12-15,Karnataka,Karnataka City 2,Postpaid,0,Network Issues,No Complaint,13.9,3.66,37
AIR101860,2025-02-15,Karnataka,Karnataka City 3,Enterprise,0,Slow Internet,No Complaint,23.3,3.91,41
AIR101861,2025-03-15,Rajasthan,Rajasthan City 3,Broadband,1,Slow Internet,Resolved,6.9,4.51,40
AIR101862,2025-04-15,Telangana,Telangana City 3,Prepaid,0,Call Drops,No Complaint,26.7,3.73,17
AIR101863,2025-05-15,Maharashtra,Maharashtra City 3,Prepaid,0,Network Issues,No Complaint,5,3.7,27
AIR101864,2025-06-15,Tamil Nadu,Tamil Nadu City 2,Postpaid,0,Network Issues,No Complaint,11.7,3.93,49
AIR101865,2025-07-15,West Bengal,West Bengal City 3,Postpaid,1,Billing Issues,Resolved,15.3,3.73,31
AIR101866,2025-08-15,Gujarat,Gujarat City 1,Prepaid,0,Slow Internet,No Complaint,13.4,3.47,25
AIR101867,2025-09-15,Telangana,Telangana City 1,Prepaid,1,Network Issues,Resolved,17.1,2.91,5
AIR101868,2025-10-15,Rajasthan,Rajasthan City 2,Postpaid,1,Slow Internet,Resolved,7.4,3,-14
AIR101869,2025-11-15,Kerala,Kerala City 3,Broadband,0,Network Issues,No Complaint,7.8,3.13,-6
AIR101870,2025-12-15,Tamil Nadu,Tamil Nadu City 3,Broadband,0,Network Issues,No Complaint,13.9,4.24,32
AIR101871,2025-02-15,Uttar Pradesh,Uttar Pradesh City 3,Prepaid,1,Slow Internet,Resolved,6.4,2.7,-4
AIR101872,2025-03-15,Telangana,Telangana City 3,Prepaid,0,Network Issues,No Complaint,49.5,4.18,46
AIR101873,2025-04-15,Kerala,Kerala City 2,Prepaid,0,Network Issues,No Complaint,19,3.85,31
AIR101874,2025-05-15,Maharashtra,Maharashtra City 3,Postpaid,0,Slow Internet,No Complaint,26.8,3.37,17
AIR101875,2025-06-15,Rajasthan,Rajasthan City 2,Postpaid,0,Slow Internet,No Complaint,26.5,3.57,17
AIR101876,2025-07-15,Tamil Nadu,Tamil Nadu City 3,Postpaid,0,Network Issues,No Complaint,6.9,2.58,-16
AIR101877,2025-08-15,Tamil Nadu,Tamil Nadu City 3,Postpaid,0,Slow Internet,No Complaint,20.1,3.99,32
AIR101878,2025-09-15,Tamil Nadu,Tamil Nadu City 1,Prepaid,0,Call Drops,No Complaint,7.4,3.69,32
AIR101879,2025-10-15,Maharashtra,Maharashtra City 2,Prepaid,1,Network Issues,Resolved,19.8,3.35,19
AIR101880,2025-11-15,Gujarat,Gujarat City 1,Broadband,0,Network Issues,No Complaint,16.9,3.32,8
AIR101881,2025-12-15,Uttar Pradesh,Uttar Pradesh City 2,Prepaid,0,Slow Internet,No Complaint,28.1,3.41,0
AIR101882,2025-02-15,Maharashtra,Maharashtra City 3,Prepaid,0,Slow Internet,No Complaint,15.1,3.93,29
AIR101883,2025-03-15,West Bengal,West Bengal City 3,Postpaid,1,Network Issues,Resolved,19.7,3.77,28
AIR101884,2025-04-15,Uttar Pradesh,Uttar Pradesh City 2,Postpaid,0,Slow Internet,No Complaint,22.9,4.14,40
AIR101885,2025-05-15,Karnataka,Karnataka City 1,Broadband,1,Slow Internet,Resolved,15.9,3.87,25
AIR101886,2025-06-15,Rajasthan,Rajasthan City 2,Prepaid,0,Network Issues,No Complaint,5,4.09,29
AIR101887,2025-07-15,Maharashtra,Maharashtra City 2,Postpaid,0,Slow Internet,No Complaint,31.4,3.75,21
AIR101888,2025-08-15,Kerala,Kerala City 3,Postpaid,1,Network Issues,Resolved,18.5,3.15,12
AIR101889,2025-09-15,Uttar Pradesh,Uttar Pradesh City 1,Broadband,1,Others,Resolved,15.8,3.45,20
AIR101890,2025-10-15,West Bengal,West Bengal City 2,Postpaid,0,Network Issues,No Complaint,27,3.84,31
AIR101891,2025-11-15,Karnataka,Karnataka City 1,Broadband,1,Network Issues,Resolved,3.9,3.79,51
AIR101892,2025-12-15,Gujarat,Gujarat City 1,Prepaid,1,Slow Internet,In Progress,36.7,3.89,42
AIR101893,2025-02-15,Kerala,Kerala City 2,Postpaid,1,Network Issues,Resolved,5.5,2.76,-8
AIR101894,2025-03-15,Uttar Pradesh,Uttar Pradesh City 1,Prepaid,0,Slow Internet,No Complaint,20.4,3.56,31
AIR101895,2025-04-15,Rajasthan,Rajasthan City 3,Prepaid,0,Billing Issues,No Complaint,12.7,3.7,12
AIR101896,2025-05-15,Kerala,Kerala City 3,Prepaid,0,Network Issues,No Complaint,5.1,3.81,31
AIR101897,2025-06-15,Karnataka,Karnataka City 3,Postpaid,1,Call Drops,Resolved,10.3,3.57,10
AIR101898,2025-07-15,Kerala,Kerala City 3,Prepaid,0,Network Issues,No Complaint,18.5,3.41,30
AIR101899,2025-08-15,Delhi,Delhi City 1,Broadband,0,Billing Issues,No Complaint,19.3,2.99,17
AIR101900,2025-09-15,Telangana,Telangana City 3,Postpaid,1,Network Issues,In Progress,11.6,3.53,23
AIR101901,2025-10-15,Gujarat,Gujarat City 2,Prepaid,0,Slow Internet,No Complaint,6.6,3.7,30
AIR101902,2025-11-15,Karnataka,Karnataka City 3,Postpaid,0,Others,No Complaint,14.9,3.9,21
AIR101903,2025-12-15,Kerala,Kerala City 2,Prepaid,0,Others,No Complaint,12.2,4.11,36
AIR101904,2025-02-15,Telangana,Telangana City 2,Prepaid,1,Billing Issues,In Progress,17.1,4.4,43
AIR101905,2025-03-15,Telangana,Telangana City 3,Postpaid,0,Slow Internet,No Complaint,13,3.82,26
AIR101906,2025-04-15,Kerala,Kerala City 3,Broadband,0,Slow Internet,No Complaint,26,3.59,18
AIR101907,2025-05-15,Rajasthan,Rajasthan City 1,Postpaid,0,Slow Internet,No Complaint,14.4,3.89,26
AIR101908,2025-06-15,Delhi,Delhi City 2,Broadband,0,Slow Internet,No Complaint,11.5,3.61,15
AIR101909,2025-07-15,Maharashtra,Maharashtra City 3,Postpaid,0,Slow Internet,No Complaint,9.1,3.58,9
AIR101910,2025-08-15,Delhi,Delhi City 1,Prepaid,0,Network Issues,No Complaint,14.3,3.9,45
AIR101911,2025-09-15,Kerala,Kerala City 3,Postpaid,1,Slow Internet,Resolved,15.1,3.48,38
AIR101912,2025-10-15,Gujarat,Gujarat City 3,Postpaid,0,Network Issues,No Complaint,32.7,3.39,11
AIR101913,2025-11-15,Maharashtra,Maharashtra City 3,Prepaid,0,Network Issues,No Complaint,18.2,3.04,5
AIR101914,2025-12-15,Karnataka,Karnataka City 2,Broadband,0,Network Issues,No Complaint,24.6,3.49,27
AIR101915,2025-02-15,Delhi,Delhi City 3,Postpaid,0,Network Issues,No Complaint,6.6,3.6,6
AIR101916,2025-03-15,Kerala,Kerala City 1,Prepaid,1,Others,Resolved,17.6,3.39,19
AIR101917,2025-04-15,Delhi,Delhi City 3,Enterprise,0,Network Issues,No Complaint,10.5,3.91,40
AIR101918,2025-05-15,Maharashtra,Maharashtra City 3,Prepaid,0,Call Drops,No Complaint,15.7,3.14,-7
AIR101919,2025-06-15,West Bengal,West Bengal City 1,Broadband,0,Network Issues,No Complaint,21.1,3.16,5
AIR101920,2025-07-15,Uttar Pradesh,Uttar Pradesh City 1,Prepaid,0,Billing Issues,No Complaint,20,3.24,5
AIR101921,2025-08-15,Delhi,Delhi City 2,Postpaid,1,Network Issues,In Progress,18.6,3.07,4
AIR101922,2025-09-15,Karnataka,Karnataka City 2,Postpaid,1,Billing Issues,Resolved,6.2,3.71,20
AIR101923,2025-10-15,Karnataka,Karnataka City 2,Postpaid,1,Network Issues,Resolved,9.8,3.77,24
AIR101924,2025-11-15,Tamil Nadu,Tamil Nadu City 2,Prepaid,0,Others,No Complaint,13.1,4.12,40
AIR101925,2025-12-15,Delhi,Delhi City 1,Prepaid,0,Network Issues,No Complaint,11,3.54,25
AIR101926,2025-02-15,Uttar Pradesh,Uttar Pradesh City 3,Prepaid,0,Slow Internet,No Complaint,22.8,3.9,32
AIR101927,2025-03-15,Rajasthan,Rajasthan City 3,Broadband,0,Network Issues,No Complaint,15.3,3.4,22
AIR101928,2025-04-15,Telangana,Telangana City 3,Prepaid,0,Slow Internet,No Complaint,8.7,4.61,43
AIR101929,2025-05-15,Uttar Pradesh,Uttar Pradesh City 2,Postpaid,0,Slow Internet,No Complaint,6,3.49,17
AIR101930,2025-06-15,Telangana,Telangana City 1,Broadband,1,Billing Issues,Resolved,25.4,3.22,14
AIR101931,2025-07-15,Telangana,Telangana City 1,Broadband,0,Network Issues,No Complaint,10.4,3.6,14
AIR101932,2025-08-15,West Bengal,West Bengal City 1,Prepaid,0,Network Issues,No Complaint,1,2.66,1
AIR101933,2025-09-15,Tamil Nadu,Tamil Nadu City 3,Broadband,0,Slow Internet,No Complaint,5.1,3.49,23
AIR101934,2025-10-15,Uttar Pradesh,Uttar Pradesh City 2,Prepaid,0,Slow Internet,No Complaint,18.4,3.91,39
AIR101935,2025-11-15,Uttar Pradesh,Uttar Pradesh City 1,Postpaid,0,Slow Internet,No Complaint,30.4,4.11,32
AIR101936,2025-12-15,West Bengal,West Bengal City 2,Postpaid,1,Slow Internet,Resolved,3.5,3.45,7
AIR101937,2025-02-15,Delhi,Delhi City 1,Prepaid,1,Call Drops,In Progress,19,3.5,19
AIR101938,2025-03-15,Delhi,Delhi City 2,Prepaid,0,Network Issues,No Complaint,41.3,3.54,24
AIR101939,2025-04-15,Delhi,Delhi City 1,Postpaid,1,Slow Internet,In Progress,29.7,3.12,13
AIR101940,2025-05-15,Gujarat,Gujarat City 2,Prepaid,0,Slow Internet,No Complaint,29.3,3.56,12
AIR101941,2025-06-15,Telangana,Telangana City 1,Broadband,0,Slow Internet,No Complaint,25.4,3.46,37
AIR101942,2025-07-15,Gujarat,Gujarat City 1,Prepaid,0,Call Drops,No Complaint,12.1,4.19,42
AIR101943,2025-08-15,Tamil Nadu,Tamil Nadu City 2,Broadband,1,Slow Internet,Resolved,9.6,3.66,21
AIR101944,2025-09-15,West Bengal,West Bengal City 2,Postpaid,0,Call Drops,No Complaint,26.4,3.76,15
AIR101945,2025-10-15,Uttar Pradesh,Uttar Pradesh City 3,Enterprise,0,Network Issues,No Complaint,15.9,4.06,19
AIR101946,2025-11-15,Telangana,Telangana City 2,Postpaid,0,Slow Internet,No Complaint,7.7,3.82,43
AIR101947,2025-12-15,Gujarat,Gujarat City 1,Broadband,1,Network Issues,Resolved,14.4,4.15,51
AIR101948,2025-02-15,Gujarat,Gujarat City 1,Prepaid,0,Network Issues,No Complaint,13.8,3.8,41
AIR101949,2025-03-15,Kerala,Kerala City 2,Postpaid,0,Network Issues,No Complaint,29.8,3.07,-15
AIR101950,2025-04-15,Gujarat,Gujarat City 3,Prepaid,1,Slow Internet,Pending,6.1,5,71
AIR101951,2025-05-15,Rajasthan,Rajasthan City 2,Prepaid,1,Others,Resolved,29.9,3.58,19
AIR101952,2025-06-15,Uttar Pradesh,Uttar Pradesh City 1,Postpaid,1,Network Issues,Pending,11.7,3.93,22
AIR101953,2025-07-15,Rajasthan,Rajasthan City 1,Postpaid,0,Network Issues,No Complaint,23.5,4.21,54
AIR101954,2025-08-15,Uttar Pradesh,Uttar Pradesh City 3,Prepaid,1,Network Issues,Resolved,12.2,3.72,23
AIR101955,2025-09-15,West Bengal,West Bengal City 2,Postpaid,1,Billing Issues,Resolved,10,3.55,16
AIR101956,2025-10-15,Uttar Pradesh,Uttar Pradesh City 1,Postpaid,1,Network Issues,Resolved,24.3,4.02,33
AIR101957,2025-11-15,Rajasthan,Rajasthan City 1,Prepaid,1,Network Issues,Resolved,14.2,3.76,34
AIR101958,2025-12-15,Uttar Pradesh,Uttar Pradesh City 1,Postpaid,1,Network Issues,Resolved,18.8,3.47,1
AIR101959,2025-02-15,West Bengal,West Bengal City 2,Postpaid,0,Billing Issues,No Complaint,33.3,3.42,24
AIR101960,2025-03-15,West Bengal,West Bengal City 2,Prepaid,0,Call Drops,No Complaint,9.3,3.26,-2
AIR101961,2025-04-15,Tamil Nadu,Tamil Nadu City 3,Postpaid,0,Billing Issues,No Complaint,20.3,3.8,46
AIR101962,2025-05-15,Uttar Pradesh,Uttar Pradesh City 1,Postpaid,0,Network Issues,No Complaint,27.3,4.08,42
AIR101963,2025-06-15,Kerala,Kerala City 1,Broadband,1,Slow Internet,Resolved,28.5,4.15,27
AIR101964,2025-07-15,Delhi,Delhi City 3,Prepaid,0,Call Drops,No Complaint,13.6,3.91,31
AIR101965,2025-08-15,Karnataka,Karnataka City 1,Broadband,0,Slow Internet,No Complaint,21.9,3.3,1
AIR101966,2025-09-15,West Bengal,West Bengal City 3,Prepaid,0,Network Issues,No Complaint,7.3,4.22,36
AIR101967,2025-10-15,Maharashtra,Maharashtra City 3,Prepaid,0,Call Drops,No Complaint,23.3,3.3,10
AIR101968,2025-11-15,Delhi,Delhi City 1,Prepaid,1,Call Drops,In Progress,54.8,2.73,-17
AIR101969,2025-12-15,Telangana,Telangana City 2,Broadband,0,Network Issues,No Complaint,21.2,3.36,9
AIR101970,2025-02-15,Uttar Pradesh,Uttar Pradesh City 2,Postpaid,0,Network Issues,No Complaint,8.8,4.35,53
AIR101971,2025-03-15,Rajasthan,Rajasthan City 2,Prepaid,0,Network Issues,No Complaint,11.4,3.84,24
AIR101972,2025-04-15,Karnataka,Karnataka City 2,Prepaid,0,Slow Internet,No Complaint,13,3.28,7
AIR101973,2025-05-15,Maharashtra,Maharashtra City 1,Prepaid,1,Call Drops,Pending,45.9,3.92,46
AIR101974,2025-06-15,Delhi,Delhi City 3,Prepaid,1,Network Issues,Resolved,36.9,3.33,-11
AIR101975,2025-07-15,Uttar Pradesh,Uttar Pradesh City 3,Postpaid,0,Call Drops,No Complaint,8.9,3.48,38
AIR101976,2025-08-15,Tamil Nadu,Tamil Nadu City 1,Postpaid,0,Others,No Complaint,7.3,3.99,25
AIR101977,2025-09-15,Telangana,Telangana City 2,Broadband,0,Network Issues,No Complaint,9.9,3.9,61
AIR101978,2025-10-15,Karnataka,Karnataka City 3,Enterprise,0,Network Issues,No Complaint,23.3,3.78,43
AIR101979,2025-11-15,Kerala,Kerala City 1,Postpaid,0,Network Issues,No Complaint,9,4.35,30
AIR101980,2025-12-15,Tamil Nadu,Tamil Nadu City 1,Prepaid,0,Billing Issues,No Complaint,13.5,3.73,28
AIR101981,2025-02-15,Maharashtra,Maharashtra City 2,Prepaid,1,Slow Internet,Resolved,4.1,3.55,19
AIR101982,2025-03-15,Karnataka,Karnataka City 1,Postpaid,1,Network Issues,Pending,14,3.56,14
AIR101983,2025-04-15,Tamil Nadu,Tamil Nadu City 3,Postpaid,0,Network Issues,No Complaint,41.6,3.36,8
AIR101984,2025-05-15,Telangana,Telangana City 3,Postpaid,1,Network Issues,Pending,5.9,3.78,23
AIR101985,2025-06-15,Kerala,Kerala City 1,Enterprise,0,Network Issues,No Complaint,15.9,4.3,56
AIR101986,2025-07-15,Tamil Nadu,Tamil Nadu City 3,Broadband,0,Call Drops,No Complaint,12.6,2.96,3
AIR101987,2025-08-15,Gujarat,Gujarat City 1,Prepaid,0,Slow Internet,No Complaint,25.3,3.63,29
AIR101988,2025-09-15,Kerala,Kerala City 3,Prepaid,0,Network Issues,No Complaint,11,4.07,49
AIR101989,2025-10-15,Maharashtra,Maharashtra City 2,Broadband,0,Network Issues,No Complaint,5.5,3.97,6
AIR101990,2025-11-15,Telangana,Telangana City 3,Broadband,0,Network Issues,No Complaint,14.1,3.32,16
AIR101991,2025-12-15,Uttar Pradesh,Uttar Pradesh City 2,Prepaid,0,Slow Internet,No Complaint,6.6,3.94,42
AIR101992,2025-02-15,Rajasthan,Rajasthan City 2,Postpaid,1,Call Drops,Resolved,45,4.21,37
AIR101993,2025-03-15,Rajasthan,Rajasthan City 1,Postpaid,0,Call Drops,No Complaint,10.1,3.72,36
AIR101994,2025-04-15,Rajasthan,Rajasthan City 2,Postpaid,1,Billing Issues,Resolved,22,2.93,-3
AIR101995,2025-05-15,Karnataka,Karnataka City 3,Prepaid,0,Network Issues,No Complaint,8.3,2.85,-8
AIR101996,2025-06-15,Maharashtra,Maharashtra City 3,Broadband,1,Slow Internet,Resolved,10.1,3.95,41
AIR101997,2025-07-15,Telangana,Telangana City 2,Postpaid,0,Call Drops,No Complaint,30,3.67,29
AIR101998,2025-08-15,Kerala,Kerala City 1,Prepaid,0,Network Issues,No Complaint,33.1,3.7,38
AIR101999,2025-09-15,Karnataka,Karnataka City 2,Postpaid,1,Network Issues,Resolved,38.8,3.15,2
AIR102000,2025-10-15,Maharashtra,Maharashtra City 3,Postpaid,1,Slow Internet,In Progress,16.1,3.79,47
AIR102001,2025-11-15,Uttar Pradesh,Uttar Pradesh City 3,Broadband,0,Others,No Complaint,30,3.16,-6
AIR102002,2025-12-15,Gujarat,Gujarat City 2,Prepaid,1,Slow Internet,In Progress,33.8,3.22,1
AIR102003,2025-02-15,Telangana,Telangana City 2,Enterprise,0,Network Issues,No Complaint,15.7,3.79,31
AIR102004,2025-03-15,Rajasthan,Rajasthan City 2,Prepaid,0,Slow Internet,No Complaint,26.2,3.14,12
AIR102005,2025-04-15,Tamil Nadu,Tamil Nadu City 3,Postpaid,0,Network Issues,No Complaint,1,3.87,23
AIR102006,2025-05-15,Telangana,Telangana City 3,Postpaid,0,Slow Internet,No Complaint,12.7,3.36,20
AIR102007,2025-06-15,West Bengal,West Bengal City 3,Prepaid,0,Network Issues,No Complaint,17.1,2.94,5
AIR102008,2025-07-15,Maharashtra,Maharashtra City 1,Postpaid,0,Slow Internet,No Complaint,33.7,2.82,-1
AIR102009,2025-08-15,Delhi,Delhi City 3,Broadband,1,Network Issues,In Progress,10.4,4.1,22
AIR102010,2025-09-15,Uttar Pradesh,Uttar Pradesh City 3,Postpaid,0,Billing Issues,No Complaint,2.3,4.42,63
AIR102011,2025-10-15,Gujarat,Gujarat City 1,Postpaid,0,Slow Internet,No Complaint,39.8,3.64,48
AIR102012,2025-11-15,Uttar Pradesh,Uttar Pradesh City 1,Prepaid,0,Network Issues,No Complaint,10.4,3.37,9
AIR102013,2025-12-15,Telangana,Telangana City 1,Prepaid,0,Network Issues,No Complaint,7.1,3.63,4
AIR102014,2025-02-15,Delhi,Delhi City 1,Prepaid,0,Network Issues,No Complaint,2.7,3.15,14
AIR102015,2025-03-15,West Bengal,West Bengal City 1,Enterprise,1,Network Issues,Pending,10.2,3.72,20
AIR102016,2025-04-15,Kerala,Kerala City 1,Postpaid,0,Call Drops,No Complaint,8.1,3.76,11
AIR102017,2025-05-15,Tamil Nadu,Tamil Nadu City 2,Enterprise,1,Network Issues,Resolved,36.6,3.45,21
AIR102018,2025-06-15,Delhi,Delhi City 2,Prepaid,0,Call Drops,No Complaint,9.1,3.12,1
AIR102019,2025-07-15,Maharashtra,Maharashtra City 2,Postpaid,0,Slow Internet,No Complaint,3.7,3.17,-3
AIR102020,2025-08-15,Rajasthan,Rajasthan City 2,Prepaid,0,Slow Internet,No Complaint,2.3,2.96,6
AIR102021,2025-09-15,West Bengal,West Bengal City 3,Postpaid,0,Network Issues,No Complaint,32.8,3.34,11
AIR102022,2025-10-15,Tamil Nadu,Tamil Nadu City 1,Prepaid,0,Network Issues,No Complaint,16.1,3.21,18
AIR102023,2025-11-15,Gujarat,Gujarat City 3,Prepaid,0,Slow Internet,No Complaint,21.5,3.82,35
AIR102024,2025-12-15,Rajasthan,Rajasthan City 1,Postpaid,0,Network Issues,No Complaint,25.5,3.55,13
AIR102025,2025-02-15,Telangana,Telangana City 1,Prepaid,0,Billing Issues,No Complaint,9.2,3.52,20
AIR102026,2025-03-15,Delhi,Delhi City 3,Postpaid,0,Call Drops,No Complaint,9.8,4.07,46
AIR102027,2025-04-15,Tamil Nadu,Tamil Nadu City 2,Postpaid,1,Network Issues,Resolved,31.7,3.27,11
AIR102028,2025-05-15,Karnataka,Karnataka City 3,Postpaid,0,Slow Internet,No Complaint,15.8,4.02,25
AIR102029,2025-06-15,Kerala,Kerala City 3,Enterprise,0,Network Issues,No Complaint,8,3.54,20
AIR102030,2025-07-15,Kerala,Kerala City 1,Prepaid,1,Network Issues,In Progress,26.8,3.38,13
AIR102031,2025-08-15,West Bengal,West Bengal City 1,Postpaid,0,Slow Internet,No Complaint,19.2,2.39,-32
AIR102032,2025-09-15,Gujarat,Gujarat City 1,Broadband,0,Billing Issues,No Complaint,15.9,2.71,-11
AIR102033,2025-10-15,West Bengal,West Bengal City 2,Postpaid,0,Call Drops,No Complaint,12.4,4.12,36
AIR102034,2025-11-15,Karnataka,Karnataka City 3,Prepaid,0,Network Issues,No Complaint,8.5,3.32,16
AIR102035,2025-12-15,Maharashtra,Maharashtra City 3,Broadband,0,Slow Internet,No Complaint,7.2,3.94,35
AIR102036,2025-02-15,Gujarat,Gujarat City 2,Prepaid,0,Slow Internet,No Complaint,19.2,2.83,-16
AIR102037,2025-03-15,Uttar Pradesh,Uttar Pradesh City 3,Prepaid,1,Network Issues,Pending,17.4,4.15,55
AIR102038,2025-04-15,Maharashtra,Maharashtra City 3,Prepaid,0,Network Issues,No Complaint,9.9,3.06,0
AIR102039,2025-05-15,Gujarat,Gujarat City 1,Prepaid,0,Network Issues,No Complaint,13.1,3.68,4
AIR102040,2025-06-15,Gujarat,Gujarat City 2,Prepaid,0,Billing Issues,No Complaint,5.7,3.5,14
AIR102041,2025-07-15,Karnataka,Karnataka City 1,Prepaid,1,Network Issues,Resolved,22,2.51,-22
AIR102042,2025-08-15,Telangana,Telangana City 2,Prepaid,1,Call Drops,Resolved,15.3,3.56,15
AIR102043,2025-09-15,Karnataka,Karnataka City 1,Prepaid,0,Network Issues,No Complaint,9.8,4.04,32
AIR102044,2025-10-15,Gujarat,Gujarat City 3,Prepaid,1,Billing Issues,Resolved,6.3,3.99,38
AIR102045,2025-11-15,Tamil Nadu,Tamil Nadu City 2,Postpaid,0,Network Issues,No Complaint,2.9,3.41,25
AIR102046,2025-12-15,Maharashtra,Maharashtra City 2,Prepaid,0,Billing Issues,No Complaint,8,3.53,11
AIR102047,2025-02-15,Karnataka,Karnataka City 1,Prepaid,1,Network Issues,Resolved,36.4,3.64,21
AIR102048,2025-03-15,Telangana,Telangana City 2,Prepaid,1,Network Issues,Resolved,24.5,3.14,2
AIR102049,2025-04-15,Delhi,Delhi City 3,Prepaid,1,Call Drops,Resolved,33.6,4.47,43
AIR102050,2025-05-15,West Bengal,West Bengal City 3,Prepaid,0,Network Issues,No Complaint,6.3,3.53,13
AIR102051,2025-06-15,Gujarat,Gujarat City 3,Prepaid,0,Network Issues,No Complaint,31.1,3.83,51
AIR102052,2025-07-15,Uttar Pradesh,Uttar Pradesh City 1,Postpaid,0,Network Issues,No Complaint,24.2,3.45,9
AIR102053,2025-08-15,Delhi,Delhi City 2,Postpaid,0,Network Issues,No Complaint,20.3,3.99,47
AIR102054,2025-09-15,Kerala,Kerala City 1,Broadband,0,Call Drops,No Complaint,32.2,3.47,-3
AIR102055,2025-10-15,Rajasthan,Rajasthan City 3,Postpaid,0,Slow Internet,No Complaint,2.2,3.56,12
AIR102056,2025-11-15,Telangana,Telangana City 2,Postpaid,0,Network Issues,No Complaint,37.1,3.66,35
AIR102057,2025-12-15,Uttar Pradesh,Uttar Pradesh City 3,Prepaid,0,Network Issues,No Complaint,4.2,3.51,20
AIR102058,2025-02-15,Rajasthan,Rajasthan City 2,Postpaid,1,Network Issues,Resolved,3.1,3.82,19
AIR102059,2025-03-15,Telangana,Telangana City 2,Prepaid,0,Network Issues,No Complaint,46,4.17,32
AIR102060,2025-04-15,Tamil Nadu,Tamil Nadu City 1,Postpaid,0,Call Drops,No Complaint,15.4,3.16,10
AIR102061,2025-05-15,West Bengal,West Bengal City 2,Prepaid,1,Billing Issues,Pending,15.3,3.81,27
AIR102062,2025-06-15,Delhi,Delhi City 3,Postpaid,0,Call Drops,No Complaint,4.9,3.74,20
AIR102063,2025-07-15,Maharashtra,Maharashtra City 2,Broadband,1,Slow Internet,Resolved,5.6,4.27,57
AIR102064,2025-08-15,Telangana,Telangana City 3,Broadband,0,Network Issues,No Complaint,9.6,2.88,-14
AIR102065,2025-09-15,Maharashtra,Maharashtra City 1,Prepaid,0,Others,No Complaint,14.7,3.62,14
AIR102066,2025-10-15,West Bengal,West Bengal City 3,Prepaid,0,Network Issues,No Complaint,35.6,3.74,23
AIR102067,2025-11-15,Gujarat,Gujarat City 2,Broadband,1,Network Issues,Resolved,27.8,4.17,33
AIR102068,2025-12-15,Kerala,Kerala City 3,Postpaid,1,Slow Internet,Resolved,41,3.64,15
AIR102069,2025-02-15,Delhi,Delhi City 3,Postpaid,1,Slow Internet,Resolved,10.3,3.1,17
AIR102070,2025-03-15,West Bengal,West Bengal City 2,Postpaid,0,Slow Internet,No Complaint,15.8,3.78,7
AIR102071,2025-04-15,West Bengal,West Bengal City 3,Postpaid,0,Call Drops,No Complaint,15.9,4.59,35
AIR102072,2025-05-15,Tamil Nadu,Tamil Nadu City 2,Enterprise,0,Slow Internet,No Complaint,30.3,3.79,24
AIR102073,2025-06-15,Rajasthan,Rajasthan City 1,Postpaid,0,Network Issues,No Complaint,8.2,3.8,16
AIR102074,2025-07-15,Kerala,Kerala City 3,Postpaid,1,Network Issues,In Progress,15.1,3.42,4
AIR102075,2025-08-15,Delhi,Delhi City 1,Postpaid,1,Network Issues,In Progress,25.7,3.29,10
AIR102076,2025-09-15,Gujarat,Gujarat City 3,Broadband,1,Billing Issues,Resolved,68.3,3.42,-2
AIR102077,2025-10-15,Gujarat,Gujarat City 3,Postpaid,1,Call Drops,Resolved,22.1,4.05,30
AIR102078,2025-11-15,Karnataka,Karnataka City 1,Postpaid,0,Call Drops,No Complaint,6.5,3.92,16
AIR102079,2025-12-15,West Bengal,West Bengal City 3,Enterprise,0,Network Issues,No Complaint,13.2,3.85,26
AIR102080,2025-02-15,Telangana,Telangana City 3,Postpaid,1,Call Drops,Resolved,12.9,4.19,34
AIR102081,2025-03-15,Tamil Nadu,Tamil Nadu City 1,Prepaid,1,Network Issues,Pending,4.6,3.28,11
AIR102082,2025-04-15,Kerala,Kerala City 3,Postpaid,1,Network Issues,Resolved,2.5,2.53,-10
AIR102083,2025-05-15,Gujarat,Gujarat City 2,Postpaid,0,Billing Issues,No Complaint,21.3,3.39,13
AIR102084,2025-06-15,Delhi,Delhi City 3,Prepaid,0,Call Drops,No Complaint,51.4,4.2,33
AIR102085,2025-07-15,Karnataka,Karnataka City 3,Postpaid,0,Call Drops,No Complaint,34.1,4.55,68
AIR102086,2025-08-15,Delhi,Delhi City 3,Postpaid,1,Network Issues,Pending,28.7,4.04,28
AIR102087,2025-09-15,Tamil Nadu,Tamil Nadu City 1,Postpaid,0,Others,No Complaint,14.5,3.69,13
AIR102088,2025-10-15,Telangana,Telangana City 2,Postpaid,0,Network Issues,No Complaint,23.4,3.75,28
AIR102089,2025-11-15,Karnataka,Karnataka City 2,Postpaid,0,Billing Issues,No Complaint,18.9,3.66,16
AIR102090,2025-12-15,Karnataka,Karnataka City 3,Enterprise,0,Call Drops,No Complaint,8.8,3.81,26
AIR102091,2025-02-15,Rajasthan,Rajasthan City 1,Prepaid,0,Slow Internet,No Complaint,11.6,4.06,48
AIR102092,2025-03-15,Kerala,Kerala City 1,Prepaid,0,Slow Internet,No Complaint,5.1,3.51,23
AIR102093,2025-04-15,Karnataka,Karnataka City 2,Prepaid,0,Network Issues,No Complaint,43.6,4.43,51
AIR102094,2025-05-15,Rajasthan,Rajasthan City 1,Postpaid,0,Slow Internet,No Complaint,22.3,3.19,10
AIR102095,2025-06-15,Rajasthan,Rajasthan City 3,Prepaid,1,Others,Resolved,7.9,4.13,50
AIR102096,2025-07-15,Tamil Nadu,Tamil Nadu City 3,Prepaid,0,Slow Internet,No Complaint,3.9,2.98,-11
AIR102097,2025-08-15,Maharashtra,Maharashtra City 1,Postpaid,1,Network Issues,In Progress,20,4.49,69
AIR102098,2025-09-15,Delhi,Delhi City 3,Prepaid,0,Slow Internet,No Complaint,39.5,2.92,-1
AIR102099,2025-10-15,Telangana,Telangana City 2,Postpaid,0,Slow Internet,No Complaint,13.6,3.15,11
AIR102100,2025-11-15,Uttar Pradesh,Uttar Pradesh City 3,Postpaid,0,Billing Issues,No Complaint,13.8,3.06,2
AIR102101,2025-12-15,Delhi,Delhi City 1,Postpaid,0,Network Issues,No Complaint,13.5,3.47,25
AIR102102,2025-02-15,Karnataka,Karnataka City 2,Prepaid,1,Slow Internet,Resolved,26.3,3.41,26
AIR102103,2025-03-15,Telangana,Telangana City 3,Postpaid,0,Slow Internet,No Complaint,26.8,4.14,57
AIR102104,2025-04-15,Gujarat,Gujarat City 2,Prepaid,1,Network Issues,Resolved,19.4,3.97,51
AIR102105,2025-05-15,Maharashtra,Maharashtra City 1,Broadband,1,Call Drops,Pending,3,4.45,48
AIR102106,2025-06-15,Gujarat,Gujarat City 3,Broadband,0,Network Issues,No Complaint,4.3,3.16,-2
AIR102107,2025-07-15,Gujarat,Gujarat City 3,Prepaid,1,Slow Internet,Pending,13.4,3.94,33
AIR102108,2025-08-15,Kerala,Kerala City 2,Prepaid,0,Slow Internet,No Complaint,3.6,4.02,39
AIR102109,2025-09-15,Delhi,Delhi City 3,Prepaid,0,Slow Internet,No Complaint,21.9,3.8,28
AIR102110,2025-10-15,Uttar Pradesh,Uttar Pradesh City 3,Prepaid,0,Network Issues,No Complaint,5.1,3.23,18
AIR102111,2025-11-15,Tamil Nadu,Tamil Nadu City 3,Postpaid,1,Network Issues,Resolved,12.7,4.39,50
AIR102112,2025-12-15,Uttar Pradesh,Uttar Pradesh City 3,Postpaid,0,Network Issues,No Complaint,2.8,4.47,51
AIR102113,2025-02-15,Gujarat,Gujarat City 1,Prepaid,1,Slow Internet,Resolved,9.8,3.61,14
AIR102114,2025-03-15,Karnataka,Karnataka City 3,Postpaid,0,Call Drops,No Complaint,7.6,3.65,17
AIR102115,2025-04-15,Maharashtra,Maharashtra City 2,Broadband,0,Network Issues,No Complaint,9.7,3.68,18
AIR102116,2025-05-15,West Bengal,West Bengal City 1,Postpaid,0,Network Issues,No Complaint,8.8,4.34,41
AIR102117,2025-06-15,Uttar Pradesh,Uttar Pradesh City 2,Prepaid,1,Network Issues,In Progress,6,3.79,41
AIR102118,2025-07-15,Gujarat,Gujarat City 2,Postpaid,0,Others,No Complaint,17.6,3.28,26
AIR102119,2025-08-15,Maharashtra,Maharashtra City 2,Postpaid,0,Network Issues,No Complaint,8.3,3.1,-3
AIR102120,2025-09-15,Telangana,Telangana City 1,Broadband,0,Network Issues,No Complaint,22.5,3.46,9
AIR102121,2025-10-15,Delhi,Delhi City 1,Prepaid,0,Network Issues,No Complaint,10.7,3.03,-6
AIR102122,2025-11-15,Rajasthan,Rajasthan City 1,Prepaid,1,Call Drops,Resolved,13.3,3.53,32
AIR102123,2025-12-15,Kerala,Kerala City 3,Postpaid,0,Slow Internet,No Complaint,40.8,3.53,4
AIR102124,2025-02-15,Maharashtra,Maharashtra City 2,Postpaid,0,Others,No Complaint,12.1,3.43,7
AIR102125,2025-03-15,Karnataka,Karnataka City 1,Postpaid,0,Slow Internet,No Complaint,5.6,3.73,35
AIR102126,2025-04-15,Karnataka,Karnataka City 2,Prepaid,0,Network Issues,No Complaint,14.8,3.21,39
AIR102127,2025-05-15,Maharashtra,Maharashtra City 1,Postpaid,1,Slow Internet,Resolved,20.2,3.16,4
AIR102128,2025-06-15,Karnataka,Karnataka City 1,Prepaid,0,Network Issues,No Complaint,17.3,3.57,3
AIR102129,2025-07-15,Delhi,Delhi City 1,Prepaid,1,Slow Internet,Resolved,24.8,3.69,28
AIR102130,2025-08-15,Karnataka,Karnataka City 2,Postpaid,0,Slow Internet,No Complaint,5.5,3.76,36
AIR102131,2025-09-15,Uttar Pradesh,Uttar Pradesh City 3,Prepaid,0,Call Drops,No Complaint,11.4,4.22,47
AIR102132,2025-10-15,Rajasthan,Rajasthan City 1,Prepaid,0,Call Drops,No Complaint,24.4,4.65,38
AIR102133,2025-11-15,Karnataka,Karnataka City 1,Postpaid,0,Network Issues,No Complaint,20.4,3.09,8
AIR102134,2025-12-15,Rajasthan,Rajasthan City 1,Postpaid,0,Slow Internet,No Complaint,12.9,3.05,-3
AIR102135,2025-02-15,Gujarat,Gujarat City 3,Prepaid,1,Billing Issues,Resolved,14.3,4.45,44
AIR102136,2025-03-15,Tamil Nadu,Tamil Nadu City 2,Postpaid,0,Others,No Complaint,14.5,3.25,1
AIR102137,2025-04-15,Delhi,Delhi City 2,Prepaid,0,Slow Internet,No Complaint,12.2,3.39,7
AIR102138,2025-05-15,Tamil Nadu,Tamil Nadu City 2,Prepaid,0,Slow Internet,No Complaint,11.8,3.62,17
AIR102139,2025-06-15,Gujarat,Gujarat City 2,Postpaid,0,Network Issues,No Complaint,12.6,3.63,17
AIR102140,2025-07-15,Delhi,Delhi City 1,Prepaid,0,Network Issues,No Complaint,36.5,3.43,8
AIR102141,2025-08-15,Maharashtra,Maharashtra City 3,Enterprise,0,Network Issues,No Complaint,37.1,3.31,18
AIR102142,2025-09-15,Maharashtra,Maharashtra City 1,Prepaid,0,Network Issues,No Complaint,31.3,4.1,45
AIR102143,2025-10-15,Rajasthan,Rajasthan City 3,Postpaid,1,Network Issues,Resolved,9.9,3.63,14
AIR102144,2025-11-15,Gujarat,Gujarat City 2,Broadband,0,Billing Issues,No Complaint,15.4,3.67,30
AIR102145,2025-12-15,Rajasthan,Rajasthan City 3,Enterprise,0,Slow Internet,No Complaint,33.5,4.7,58
AIR102146,2025-02-15,Kerala,Kerala City 1,Prepaid,0,Network Issues,No Complaint,22.1,3.82,27
AIR102147,2025-03-15,Karnataka,Karnataka City 1,Broadband,0,Slow Internet,No Complaint,26.7,4.55,67
AIR102148,2025-04-15,West Bengal,West Bengal City 2,Enterprise,1,Network Issues,Pending,9.2,3.41,24
AIR102149,2025-05-15,Kerala,Kerala City 1,Prepaid,1,Network Issues,In Progress,19.4,3.88,27
AIR102150,2025-06-15,Karnataka,Karnataka City 1,Postpaid,0,Network Issues,No Complaint,21.8,3.92,36
AIR102151,2025-07-15,Delhi,Delhi City 3,Prepaid,0,Network Issues,No Complaint,22.7,4.41,52
AIR102152,2025-08-15,Rajasthan,Rajasthan City 1,Postpaid,0,Slow Internet,No Complaint,23.2,3.87,23
AIR102153,2025-09-15,Delhi,Delhi City 2,Postpaid,1,Network Issues,Resolved,14.9,3.35,18
AIR102154,2025-10-15,Delhi,Delhi City 2,Prepaid,0,Slow Internet,No Complaint,10.1,3.8,35
AIR102155,2025-11-15,Karnataka,Karnataka City 1,Postpaid,1,Network Issues,Resolved,43.2,3.48,7
AIR102156,2025-12-15,Gujarat,Gujarat City 2,Prepaid,1,Network Issues,Resolved,20.3,3.61,30
AIR102157,2025-02-15,Karnataka,Karnataka City 3,Broadband,0,Call Drops,No Complaint,10.8,3.8,50
AIR102158,2025-03-15,Telangana,Telangana City 3,Prepaid,0,Slow Internet,No Complaint,28.4,3.43,16
AIR102159,2025-04-15,Maharashtra,Maharashtra City 1,Postpaid,0,Slow Internet,No Complaint,38.7,3.26,-4
AIR102160,2025-05-15,Maharashtra,Maharashtra City 1,Prepaid,1,Network Issues,Pending,22,3.77,22
AIR102161,2025-06-15,Kerala,Kerala City 3,Prepaid,0,Call Drops,No Complaint,4.8,3.12,0
AIR102162,2025-07-15,Maharashtra,Maharashtra City 2,Postpaid,0,Slow Internet,No Complaint,17.8,4.06,25
AIR102163,2025-08-15,Karnataka,Karnataka City 1,Prepaid,0,Slow Internet,No Complaint,28.1,3.13,1
AIR102164,2025-09-15,Uttar Pradesh,Uttar Pradesh City 1,Postpaid,0,Slow Internet,No Complaint,8.8,3.3,1
AIR102165,2025-10-15,Rajasthan,Rajasthan City 2,Broadband,0,Slow Internet,No Complaint,10.7,3.09,0
AIR102166,2025-11-15,Karnataka,Karnataka City 1,Prepaid,0,Call Drops,No Complaint,3.9,3.15,14
AIR102167,2025-12-15,Karnataka,Karnataka City 2,Broadband,1,Network Issues,Resolved,1.7,3.81,39
AIR102168,2025-02-15,West Bengal,West Bengal City 2,Prepaid,0,Others,No Complaint,14,3.36,24
AIR102169,2025-03-15,Rajasthan,Rajasthan City 2,Prepaid,0,Network Issues,No Complaint,1,4.13,21
AIR102170,2025-04-15,Telangana,Telangana City 2,Prepaid,1,Network Issues,Resolved,20.9,2.99,-5
AIR102171,2025-05-15,Maharashtra,Maharashtra City 2,Enterprise,0,Slow Internet,No Complaint,22.6,3.86,26
AIR102172,2025-06-15,Rajasthan,Rajasthan City 3,Prepaid,0,Network Issues,No Complaint,18.7,3.21,9
AIR102173,2025-07-15,Maharashtra,Maharashtra City 2,Broadband,1,Network Issues,Resolved,9.6,3.61,26
AIR102174,2025-08-15,Kerala,Kerala City 3,Enterprise,1,Network Issues,Pending,5.9,3.07,2
AIR102175,2025-09-15,Rajasthan,Rajasthan City 2,Prepaid,0,Slow Internet,No Complaint,13.1,4.09,52
AIR102176,2025-10-15,Maharashtra,Maharashtra City 1,Postpaid,0,Network Issues,No Complaint,11.4,3.89,28
AIR102177,2025-11-15,Telangana,Telangana City 3,Postpaid,1,Network Issues,Resolved,24.1,3.81,31
AIR102178,2025-12-15,Tamil Nadu,Tamil Nadu City 1,Prepaid,0,Billing Issues,No Complaint,5.3,3.41,3
AIR102179,2025-02-15,Delhi,Delhi City 2,Prepaid,0,Call Drops,No Complaint,8.7,3.55,26
AIR102180,2025-03-15,Delhi,Delhi City 2,Prepaid,0,Network Issues,No Complaint,19.2,3.16,10
AIR102181,2025-04-15,Telangana,Telangana City 1,Postpaid,1,Network Issues,Resolved,5.8,3.6,41
AIR102182,2025-05-15,West Bengal,West Bengal City 2,Postpaid,0,Network Issues,No Complaint,21.7,4.16,50
AIR102183,2025-06-15,Tamil Nadu,Tamil Nadu City 1,Prepaid,0,Slow Internet,No Complaint,4.1,3.83,38
AIR102184,2025-07-15,Kerala,Kerala City 2,Prepaid,0,Network Issues,No Complaint,9.1,3.78,35
AIR102185,2025-08-15,Telangana,Telangana City 2,Broadband,0,Network Issues,No Complaint,18.9,3.91,24
AIR102186,2025-09-15,Delhi,Delhi City 3,Prepaid,0,Slow Internet,No Complaint,37.3,4.01,44
AIR102187,2025-10-15,Delhi,Delhi City 1,Postpaid,0,Network Issues,No Complaint,8,2.94,-18
AIR102188,2025-11-15,Delhi,Delhi City 2,Prepaid,0,Call Drops,No Complaint,25.2,3.04,-13
AIR102189,2025-12-15,Gujarat,Gujarat City 1,Broadband,1,Billing Issues,Resolved,4.2,3.85,20
AIR102190,2025-02-15,Telangana,Telangana City 3,Broadband,0,Call Drops,No Complaint,11.6,4.19,41
AIR102191,2025-03-15,Karnataka,Karnataka City 1,Prepaid,1,Call Drops,Resolved,37.1,3.38,-4
AIR102192,2025-04-15,Kerala,Kerala City 3,Prepaid,0,Slow Internet,No Complaint,17,3.77,21
AIR102193,2025-05-15,Delhi,Delhi City 1,Postpaid,0,Slow Internet,No Complaint,18.5,4.34,42
AIR102194,2025-06-15,Maharashtra,Maharashtra City 1,Prepaid,0,Network Issues,No Complaint,2.8,2.61,6
AIR102195,2025-07-15,Telangana,Telangana City 3,Prepaid,0,Others,No Complaint,24.8,4.51,57
AIR102196,2025-08-15,Gujarat,Gujarat City 2,Postpaid,1,Slow Internet,Resolved,18.6,3.79,25
AIR102197,2025-09-15,Telangana,Telangana City 2,Prepaid,0,Network Issues,No Complaint,38.2,3.75,-1
AIR102198,2025-10-15,Kerala,Kerala City 2,Prepaid,0,Slow Internet,No Complaint,20,3.84,27
AIR102199,2025-11-15,Gujarat,Gujarat City 1,Postpaid,0,Slow Internet,No Complaint,23.7,3.6,39
AIR102200,2025-12-15,Kerala,Kerala City 1,Postpaid,0,Billing Issues,No Complaint,7.6,3.73,25
AIR102201,2025-02-15,Telangana,Telangana City 2,Prepaid,1,Slow Internet,Resolved,20.2,3.69,19
AIR102202,2025-03-15,Karnataka,Karnataka City 1,Postpaid,1,Slow Internet,Resolved,30.5,4.27,48
AIR102203,2025-04-15,Kerala,Kerala City 1,Postpaid,0,Call Drops,No Complaint,24.4,3.86,34
AIR102204,2025-05-15,Gujarat,Gujarat City 2,Postpaid,0,Slow Internet,No Complaint,4.5,2.89,-12
AIR102205,2025-06-15,Gujarat,Gujarat City 3,Prepaid,0,Call Drops,No Complaint,51.8,3.27,-3
AIR102206,2025-07-15,Kerala,Kerala City 1,Prepaid,1,Network Issues,In Progress,33.9,3.75,51
AIR102207,2025-08-15,Uttar Pradesh,Uttar Pradesh City 1,Broadband,0,Network Issues,No Complaint,20.6,3.31,19
AIR102208,2025-09-15,Telangana,Telangana City 1,Broadband,0,Slow Internet,No Complaint,7.2,3.71,15
AIR102209,2025-10-15,Uttar Pradesh,Uttar Pradesh City 1,Postpaid,1,Call Drops,In Progress,20.5,5,79
AIR102210,2025-11-15,West Bengal,West Bengal City 3,Prepaid,0,Billing Issues,No Complaint,6.4,3.3,19
AIR102211,2025-12-15,Telangana,Telangana City 2,Postpaid,1,Slow Internet,Resolved,28.6,3.22,1
AIR102212,2025-02-15,Kerala,Kerala City 1,Broadband,0,Network Issues,No Complaint,22.9,3.25,8
AIR102213,2025-03-15,Tamil Nadu,Tamil Nadu City 2,Prepaid,0,Network Issues,No Complaint,17,2.79,-10
AIR102214,2025-04-15,Kerala,Kerala City 1,Prepaid,0,Billing Issues,No Complaint,8.6,4.17,46
AIR102215,2025-05-15,Uttar Pradesh,Uttar Pradesh City 3,Postpaid,0,Billing Issues,No Complaint,20.8,3.62,5
AIR102216,2025-06-15,Karnataka,Karnataka City 2,Broadband,0,Network Issues,No Complaint,31.2,3.81,34
AIR102217,2025-07-15,Kerala,Kerala City 3,Prepaid,0,Network Issues,No Complaint,19,2.99,3
AIR102218,2025-08-15,Kerala,Kerala City 1,Postpaid,1,Network Issues,Resolved,22.2,3.56,28
AIR102219,2025-09-15,Karnataka,Karnataka City 3,Postpaid,0,Slow Internet,No Complaint,14,3.68,44
AIR102220,2025-10-15,Kerala,Kerala City 3,Postpaid,1,Call Drops,Resolved,11.7,3.24,6
AIR102221,2025-11-15,Delhi,Delhi City 1,Postpaid,0,Network Issues,No Complaint,11.1,3.28,12
AIR102222,2025-12-15,Tamil Nadu,Tamil Nadu City 1,Postpaid,0,Slow Internet,No Complaint,20.2,3.05,2
AIR102223,2025-02-15,Maharashtra,Maharashtra City 2,Prepaid,0,Slow Internet,No Complaint,18.1,2.98,1
AIR102224,2025-03-15,Tamil Nadu,Tamil Nadu City 1,Prepaid,0,Network Issues,No Complaint,8,4.47,61
AIR102225,2025-04-15,Kerala,Kerala City 2,Postpaid,0,Network Issues,No Complaint,20.3,4.03,23
AIR102226,2025-05-15,Delhi,Delhi City 3,Prepaid,1,Slow Internet,Resolved,25.4,3.25,-11
AIR102227,2025-06-15,Telangana,Telangana City 3,Postpaid,1,Network Issues,Resolved,5.4,2.46,-28
AIR102228,2025-07-15,Kerala,Kerala City 2,Postpaid,0,Slow Internet,No Complaint,5.5,3.84,42
AIR102229,2025-08-15,Uttar Pradesh,Uttar Pradesh City 1,Prepaid,0,Billing Issues,No Complaint,8.3,3.41,15
AIR102230,2025-09-15,Delhi,Delhi City 1,Postpaid,0,Network Issues,No Complaint,18.3,3.66,38
AIR102231,2025-10-15,Karnataka,Karnataka City 3,Postpaid,0,Slow Internet,No Complaint,3.2,4.02,38
AIR102232,2025-11-15,Delhi,Delhi City 2,Prepaid,0,Call Drops,No Complaint,2.7,3.81,27
AIR102233,2025-12-15,Karnataka,Karnataka City 3,Postpaid,0,Network Issues,No Complaint,32,3.59,18
AIR102234,2025-02-15,West Bengal,West Bengal City 3,Broadband,0,Network Issues,No Complaint,6.6,3.68,15
AIR102235,2025-03-15,Maharashtra,Maharashtra City 1,Prepaid,1,Slow Internet,Resolved,6.8,3.56,22
AIR102236,2025-04-15,Rajasthan,Rajasthan City 2,Postpaid,0,Slow Internet,No Complaint,33.1,4.16,62
AIR102237,2025-05-15,Delhi,Delhi City 3,Prepaid,0,Slow Internet,No Complaint,9,3.58,26
AIR102238,2025-06-15,Gujarat,Gujarat City 1,Prepaid,1,Network Issues,Resolved,23.2,3.39,7
AIR102239,2025-07-15,Uttar Pradesh,Uttar Pradesh City 3,Prepaid,0,Slow Internet,No Complaint,13,3.49,4
AIR102240,2025-08-15,Kerala,Kerala City 3,Postpaid,0,Others,No Complaint,10.8,3.09,19
AIR102241,2025-09-15,Uttar Pradesh,Uttar Pradesh City 1,Prepaid,0,Billing Issues,No Complaint,8.3,3.54,48
AIR102242,2025-10-15,Tamil Nadu,Tamil Nadu City 1,Prepaid,0,Network Issues,No Complaint,12.2,3.46,25
AIR102243,2025-11-15,Rajasthan,Rajasthan City 2,Postpaid,0,Network Issues,No Complaint,21.9,3.26,10
AIR102244,2025-12-15,Tamil Nadu,Tamil Nadu City 3,Prepaid,0,Slow Internet,No Complaint,16.6,3.71,42
AIR102245,2025-02-15,West Bengal,West Bengal City 2,Prepaid,0,Slow Internet,No Complaint,16.2,3.54,32
AIR102246,2025-03-15,Rajasthan,Rajasthan City 1,Prepaid,1,Call Drops,Resolved,17.8,3.4,20
AIR102247,2025-04-15,Rajasthan,Rajasthan City 1,Prepaid,1,Slow Internet,Resolved,23.6,3.92,36
AIR102248,2025-05-15,Tamil Nadu,Tamil Nadu City 3,Postpaid,0,Network Issues,No Complaint,5.8,3.76,39
AIR102249,2025-06-15,Karnataka,Karnataka City 2,Prepaid,0,Others,No Complaint,5.7,3.87,16
AIR102250,2025-07-15,Tamil Nadu,Tamil Nadu City 2,Prepaid,0,Network Issues,No Complaint,8.7,3.62,2
AIR102251,2025-08-15,Uttar Pradesh,Uttar Pradesh City 3,Broadband,0,Network Issues,No Complaint,10.5,3.76,30
AIR102252,2025-09-15,Karnataka,Karnataka City 3,Broadband,0,Network Issues,No Complaint,9.7,3.53,25
AIR102253,2025-10-15,Uttar Pradesh,Uttar Pradesh City 2,Broadband,0,Slow Internet,No Complaint,39,2.63,-21
AIR102254,2025-11-15,West Bengal,West Bengal City 1,Broadband,0,Network Issues,No Complaint,4.9,3.76,21
AIR102255,2025-12-15,Kerala,Kerala City 1,Postpaid,0,Slow Internet,No Complaint,69,3.44,22
AIR102256,2025-02-15,Telangana,Telangana City 3,Postpaid,0,Slow Internet,No Complaint,14.5,3.81,35
AIR102257,2025-03-15,Karnataka,Karnataka City 2,Postpaid,0,Slow Internet,No Complaint,21.2,2.38,-21
AIR102258,2025-04-15,West Bengal,West Bengal City 2,Postpaid,0,Network Issues,No Complaint,35.3,3.32,23
AIR102259,2025-05-15,Gujarat,Gujarat City 2,Postpaid,0,Slow Internet,No Complaint,12.5,2.92,-3
AIR102260,2025-06-15,West Bengal,West Bengal City 1,Prepaid,0,Others,No Complaint,8.2,3.13,13
AIR102261,2025-07-15,Tamil Nadu,Tamil Nadu City 1,Broadband,0,Network Issues,No Complaint,17.3,3.55,6
AIR102262,2025-08-15,Tamil Nadu,Tamil Nadu City 2,Postpaid,0,Network Issues,No Complaint,29.6,4.16,34
AIR102263,2025-09-15,Telangana,Telangana City 2,Broadband,0,Network Issues,No Complaint,10.5,3.62,19
AIR102264,2025-10-15,West Bengal,West Bengal City 3,Prepaid,0,Call Drops,No Complaint,7.6,3.65,19
AIR102265,2025-11-15,Maharashtra,Maharashtra City 3,Prepaid,0,Call Drops,No Complaint,8.4,3.48,11
AIR102266,2025-12-15,Kerala,Kerala City 2,Prepaid,0,Network Issues,No Complaint,12.1,4.33,49
AIR102267,2025-02-15,Tamil Nadu,Tamil Nadu City 2,Postpaid,1,Billing Issues,Resolved,28.6,4.05,21
AIR102268,2025-03-15,Telangana,Telangana City 1,Prepaid,0,Slow Internet,No Complaint,30.7,4.07,37
AIR102269,2025-04-15,Kerala,Kerala City 2,Prepaid,0,Call Drops,No Complaint,34.2,4.01,36
AIR102270,2025-05-15,West Bengal,West Bengal City 3,Prepaid,0,Slow Internet,No Complaint,24.5,3.6,23
AIR102271,2025-06-15,West Bengal,West Bengal City 1,Prepaid,0,Slow Internet,No Complaint,15,3.07,4
AIR102272,2025-07-15,Rajasthan,Rajasthan City 3,Postpaid,0,Slow Internet,No Complaint,22.7,4.33,47
AIR102273,2025-08-15,Telangana,Telangana City 3,Broadband,1,Billing Issues,Resolved,30.7,4.18,35
AIR102274,2025-09-15,Tamil Nadu,Tamil Nadu City 1,Prepaid,0,Slow Internet,No Complaint,38.6,3.25,16
AIR102275,2025-10-15,Maharashtra,Maharashtra City 3,Postpaid,0,Billing Issues,No Complaint,11.9,3.3,17
AIR102276,2025-11-15,West Bengal,West Bengal City 2,Prepaid,0,Slow Internet,No Complaint,14.2,3.37,18
AIR102277,2025-12-15,Maharashtra,Maharashtra City 3,Prepaid,0,Network Issues,No Complaint,8.9,3.78,20
AIR102278,2025-02-15,West Bengal,West Bengal City 1,Postpaid,1,Call Drops,Resolved,22,2.99,17
AIR102279,2025-03-15,Tamil Nadu,Tamil Nadu City 1,Postpaid,0,Network Issues,No Complaint,6.4,3.27,-9
AIR102280,2025-04-15,Kerala,Kerala City 1,Broadband,0,Call Drops,No Complaint,16.3,3.28,1
AIR102281,2025-05-15,Delhi,Delhi City 3,Postpaid,0,Call Drops,No Complaint,13.6,2.98,-4
AIR102282,2025-06-15,Kerala,Kerala City 2,Broadband,0,Billing Issues,No Complaint,28.9,3.99,55
AIR102283,2025-07-15,West Bengal,West Bengal City 1,Prepaid,1,Network Issues,In Progress,6.9,3.64,31
AIR102284,2025-08-15,Uttar Pradesh,Uttar Pradesh City 2,Prepaid,0,Slow Internet,No Complaint,10.3,3.01,-1
AIR102285,2025-09-15,Delhi,Delhi City 1,Prepaid,0,Network Issues,No Complaint,10.2,3.11,20
AIR102286,2025-10-15,Delhi,Delhi City 2,Postpaid,0,Billing Issues,No Complaint,14.5,3.2,-9
AIR102287,2025-11-15,Maharashtra,Maharashtra City 2,Prepaid,0,Slow Internet,No Complaint,24.7,3.29,6
AIR102288,2025-12-15,Telangana,Telangana City 2,Prepaid,1,Network Issues,Resolved,1.9,3.08,8
AIR102289,2025-02-15,Maharashtra,Maharashtra City 1,Postpaid,0,Slow Internet,No Complaint,43.7,4.1,42
AIR102290,2025-03-15,Maharashtra,Maharashtra City 3,Prepaid,1,Call Drops,In Progress,17.7,3.56,6
AIR102291,2025-04-15,Uttar Pradesh,Uttar Pradesh City 3,Prepaid,1,Network Issues,Resolved,5,3.31,6
AIR102292,2025-05-15,Kerala,Kerala City 3,Prepaid,0,Billing Issues,No Complaint,23.3,3.74,45
AIR102293,2025-06-15,Kerala,Kerala City 2,Prepaid,0,Network Issues,No Complaint,21.5,4.03,31
AIR102294,2025-07-15,Gujarat,Gujarat City 1,Postpaid,1,Network Issues,Resolved,23.5,3.44,26
AIR102295,2025-08-15,West Bengal,West Bengal City 2,Postpaid,0,Slow Internet,No Complaint,32.5,2.88,-3
AIR102296,2025-09-15,Uttar Pradesh,Uttar Pradesh City 1,Prepaid,0,Slow Internet,No Complaint,4.3,3.65,36
AIR102297,2025-10-15,Gujarat,Gujarat City 2,Prepaid,1,Network Issues,Resolved,8.7,3.17,6
AIR102298,2025-11-15,Tamil Nadu,Tamil Nadu City 1,Broadband,0,Network Issues,No Complaint,7.8,3.37,-12
AIR102299,2025-12-15,West Bengal,West Bengal City 1,Postpaid,1,Network Issues,In Progress,12.1,3.35,20
AIR102300,2025-02-15,West Bengal,West Bengal City 1,Postpaid,0,Network Issues,No Complaint,9.1,4.2,34
AIR102301,2025-03-15,Rajasthan,Rajasthan City 2,Postpaid,0,Slow Internet,No Complaint,6.7,3.61,16
AIR102302,2025-04-15,Rajasthan,Rajasthan City 3,Prepaid,0,Call Drops,No Complaint,15.6,3.81,17
AIR102303,2025-05-15,Karnataka,Karnataka City 2,Enterprise,1,Slow Internet,Resolved,1,3.45,2
AIR102304,2025-06-15,Karnataka,Karnataka City 2,Postpaid,0,Slow Internet,No Complaint,13.7,3.58,11
AIR102305,2025-07-15,Maharashtra,Maharashtra City 1,Prepaid,0,Call Drops,No Complaint,18.4,3.84,31
AIR102306,2025-08-15,Tamil Nadu,Tamil Nadu City 1,Prepaid,1,Call Drops,In Progress,17,3.84,32
AIR102307,2025-09-15,Delhi,Delhi City 3,Prepaid,0,Others,No Complaint,38.8,4.81,76
AIR102308,2025-10-15,Delhi,Delhi City 3,Prepaid,1,Slow Internet,Resolved,17.4,4.03,44
AIR102309,2025-11-15,Rajasthan,Rajasthan City 1,Broadband,0,Billing Issues,No Complaint,8.3,4,38
AIR102310,2025-12-15,Rajasthan,Rajasthan City 3,Broadband,0,Network Issues,No Complaint,3.7,3.03,14
AIR102311,2025-02-15,Rajasthan,Rajasthan City 3,Prepaid,0,Slow Internet,No Complaint,18,4.17,36
AIR102312,2025-03-15,Uttar Pradesh,Uttar Pradesh City 1,Prepaid,0,Network Issues,No Complaint,27.5,3.3,14
AIR102313,2025-04-15,Telangana,Telangana City 2,Postpaid,0,Call Drops,No Complaint,31.6,3.39,27
AIR102314,2025-05-15,Karnataka,Karnataka City 3,Prepaid,0,Call Drops,No Complaint,13,3.4,14
AIR102315,2025-06-15,Uttar Pradesh,Uttar Pradesh City 1,Postpaid,0,Network Issues,No Complaint,35.8,3.86,21
AIR102316,2025-07-15,Kerala,Kerala City 3,Postpaid,0,Network Issues,No Complaint,7.8,3.67,25
AIR102317,2025-08-15,Delhi,Delhi City 3,Postpaid,0,Slow Internet,No Complaint,7.1,4.13,19
AIR102318,2025-09-15,West Bengal,West Bengal City 1,Postpaid,0,Others,No Complaint,13.9,4.16,55
AIR102319,2025-10-15,Karnataka,Karnataka City 3,Postpaid,0,Network Issues,No Complaint,25.8,3.54,41
AIR102320,2025-11-15,Gujarat,Gujarat City 3,Enterprise,0,Network Issues,No Complaint,11.6,3.52,25
AIR102321,2025-12-15,Kerala,Kerala City 3,Prepaid,0,Slow Internet,No Complaint,6.4,3.01,-1
AIR102322,2025-02-15,Karnataka,Karnataka City 2,Broadband,0,Network Issues,No Complaint,59.1,4.22,37
AIR102323,2025-03-15,Uttar Pradesh,Uttar Pradesh City 2,Prepaid,0,Network Issues,No Complaint,13.5,4.11,36
AIR102324,2025-04-15,Tamil Nadu,Tamil Nadu City 3,Prepaid,0,Billing Issues,No Complaint,12.1,2.96,-8
AIR102325,2025-05-15,West Bengal,West Bengal City 1,Prepaid,0,Network Issues,No Complaint,33.9,3.56,36
AIR102326,2025-06-15,Karnataka,Karnataka City 3,Postpaid,0,Call Drops,No Complaint,5,3.29,-19
AIR102327,2025-07-15,Telangana,Telangana City 3,Prepaid,0,Slow Internet,No Complaint,19.3,3.51,17
AIR102328,2025-08-15,Rajasthan,Rajasthan City 2,Broadband,0,Network Issues,No Complaint,25.9,3.09,8
AIR102329,2025-09-15,Rajasthan,Rajasthan City 2,Postpaid,0,Call Drops,No Complaint,12.5,3.69,21
AIR102330,2025-10-15,West Bengal,West Bengal City 2,Prepaid,0,Network Issues,No Complaint,15.1,3.47,10
AIR102331,2025-11-15,Uttar Pradesh,Uttar Pradesh City 3,Postpaid,0,Call Drops,No Complaint,12.2,3.8,31
AIR102332,2025-12-15,Rajasthan,Rajasthan City 3,Broadband,0,Network Issues,No Complaint,4.3,4.18,36
AIR102333,2025-02-15,Karnataka,Karnataka City 1,Postpaid,1,Slow Internet,Resolved,42.9,3.53,29
AIR102334,2025-03-15,Gujarat,Gujarat City 3,Prepaid,0,Call Drops,No Complaint,23.3,3.18,2
AIR102335,2025-04-15,Delhi,Delhi City 3,Broadband,0,Network Issues,No Complaint,33.9,4.14,37
AIR102336,2025-05-15,Delhi,Delhi City 2,Postpaid,0,Slow Internet,No Complaint,7.9,3.75,24
AIR102337,2025-06-15,Kerala,Kerala City 2,Prepaid,0,Slow Internet,No Complaint,8.5,3.19,18
AIR102338,2025-07-15,Maharashtra,Maharashtra City 2,Prepaid,0,Network Issues,No Complaint,27.5,3.42,7
AIR102339,2025-08-15,Tamil Nadu,Tamil Nadu City 2,Postpaid,0,Network Issues,No Complaint,22.7,3.9,25
AIR102340,2025-09-15,West Bengal,West Bengal City 2,Broadband,0,Network Issues,No Complaint,15.4,3.16,20
AIR102341,2025-10-15,Kerala,Kerala City 1,Prepaid,0,Network Issues,No Complaint,6.9,4.2,65
AIR102342,2025-11-15,Maharashtra,Maharashtra City 1,Prepaid,0,Network Issues,No Complaint,14.3,3.01,-7
AIR102343,2025-12-15,Uttar Pradesh,Uttar Pradesh City 1,Broadband,0,Slow Internet,No Complaint,2.9,4.56,63
AIR102344,2025-02-15,Telangana,Telangana City 2,Prepaid,0,Billing Issues,No Complaint,20.7,3.69,7
AIR102345,2025-03-15,Telangana,Telangana City 2,Broadband,0,Billing Issues,No Complaint,24.6,3.54,41
AIR102346,2025-04-15,Tamil Nadu,Tamil Nadu City 2,Prepaid,0,Network Issues,No Complaint,6.2,2.36,-14
AIR102347,2025-05-15,Rajasthan,Rajasthan City 1,Postpaid,0,Slow Internet,No Complaint,16.8,3.89,35
AIR102348,2025-06-15,Karnataka,Karnataka City 2,Prepaid,1,Network Issues,In Progress,2.1,3.75,17
AIR102349,2025-07-15,Kerala,Kerala City 1,Broadband,0,Network Issues,No Complaint,14.4,3.42,19
AIR102350,2025-08-15,Kerala,Kerala City 2,Postpaid,0,Network Issues,No Complaint,25.3,3.78,24
AIR102351,2025-09-15,West Bengal,West Bengal City 3,Broadband,0,Slow Internet,No Complaint,12.8,3.69,23
AIR102352,2025-10-15,West Bengal,West Bengal City 1,Postpaid,0,Network Issues,No Complaint,13.3,3.46,11
AIR102353,2025-11-15,Telangana,Telangana City 3,Prepaid,0,Network Issues,No Complaint,15.7,3.44,19
AIR102354,2025-12-15,Telangana,Telangana City 1,Prepaid,0,Network Issues,No Complaint,5.7,3.93,40
AIR102355,2025-02-15,Gujarat,Gujarat City 2,Postpaid,0,Call Drops,No Complaint,26.2,3.59,19
AIR102356,2025-03-15,Gujarat,Gujarat City 2,Postpaid,1,Slow Internet,Resolved,31.3,3.21,19
AIR102357,2025-04-15,Rajasthan,Rajasthan City 3,Broadband,1,Network Issues,Resolved,12.3,2.53,-39
AIR102358,2025-05-15,Gujarat,Gujarat City 2,Prepaid,0,Network Issues,No Complaint,22.7,4.01,48
AIR102359,2025-06-15,Karnataka,Karnataka City 1,Postpaid,1,Network Issues,Resolved,11,2.56,-30
AIR102360,2025-07-15,Karnataka,Karnataka City 2,Enterprise,0,Slow Internet,No Complaint,20.2,3.88,44
AIR102361,2025-08-15,Kerala,Kerala City 2,Prepaid,0,Slow Internet,No Complaint,23.4,3.8,27
AIR102362,2025-09-15,Delhi,Delhi City 1,Broadband,0,Billing Issues,No Complaint,44.4,3.96,33
AIR102363,2025-10-15,Karnataka,Karnataka City 3,Prepaid,0,Network Issues,No Complaint,32.3,3.78,40
AIR102364,2025-11-15,Maharashtra,Maharashtra City 3,Postpaid,1,Network Issues,Resolved,25.4,4.33,33
AIR102365,2025-12-15,Telangana,Telangana City 2,Prepaid,0,Network Issues,No Complaint,10.2,3.2,14
AIR102366,2025-02-15,West Bengal,West Bengal City 1,Prepaid,0,Slow Internet,No Complaint,21.1,3.68,42
AIR102367,2025-03-15,Gujarat,Gujarat City 3,Prepaid,1,Slow Internet,Resolved,25,4.17,54
AIR102368,2025-04-15,Kerala,Kerala City 3,Enterprise,1,Slow Internet,Resolved,4.2,3.75,23
AIR102369,2025-05-15,Tamil Nadu,Tamil Nadu City 2,Broadband,0,Call Drops,No Complaint,22.3,4.21,49
AIR102370,2025-06-15,West Bengal,West Bengal City 1,Prepaid,0,Network Issues,No Complaint,12,3.93,45
AIR102371,2025-07-15,Maharashtra,Maharashtra City 3,Enterprise,0,Slow Internet,No Complaint,43.6,3.32,6
AIR102372,2025-08-15,Gujarat,Gujarat City 2,Postpaid,0,Network Issues,No Complaint,5.1,4.21,45
AIR102373,2025-09-15,Maharashtra,Maharashtra City 2,Broadband,1,Slow Internet,Resolved,21.9,3.4,19
AIR102374,2025-10-15,Telangana,Telangana City 2,Prepaid,0,Slow Internet,No Complaint,31.9,3.58,27
AIR102375,2025-11-15,Telangana,Telangana City 2,Prepaid,0,Slow Internet,No Complaint,13.4,4.17,31
AIR102376,2025-12-15,Rajasthan,Rajasthan City 3,Postpaid,0,Network Issues,No Complaint,7.1,3.91,26
AIR102377,2025-02-15,Kerala,Kerala City 1,Prepaid,0,Slow Internet,No Complaint,12.2,3.05,2
AIR102378,2025-03-15,West Bengal,West Bengal City 2,Postpaid,1,Slow Internet,In Progress,36.3,3.73,47
AIR102379,2025-04-15,Uttar Pradesh,Uttar Pradesh City 2,Prepaid,0,Billing Issues,No Complaint,23.5,3.86,47
AIR102380,2025-05-15,Uttar Pradesh,Uttar Pradesh City 3,Prepaid,0,Slow Internet,No Complaint,29.2,2.64,-12
AIR102381,2025-06-15,West Bengal,West Bengal City 2,Prepaid,0,Slow Internet,No Complaint,5.4,4.36,49
AIR102382,2025-07-15,Tamil Nadu,Tamil Nadu City 2,Enterprise,0,Network Issues,No Complaint,46.6,2.69,-28
AIR102383,2025-08-15,Kerala,Kerala City 1,Prepaid,1,Call Drops,Resolved,8.4,3.64,28
AIR102384,2025-09-15,Maharashtra,Maharashtra City 2,Prepaid,0,Others,No Complaint,27.9,3.19,-3
AIR102385,2025-10-15,Tamil Nadu,Tamil Nadu City 3,Postpaid,1,Slow Internet,Resolved,30.1,3.58,25
AIR102386,2025-11-15,Delhi,Delhi City 1,Postpaid,1,Network Issues,Resolved,12,4.29,59
AIR102387,2025-12-15,West Bengal,West Bengal City 3,Postpaid,0,Network Issues,No Complaint,22.2,2.87,-2
AIR102388,2025-02-15,Maharashtra,Maharashtra City 1,Postpaid,0,Slow Internet,No Complaint,14.2,3.35,1
AIR102389,2025-03-15,Uttar Pradesh,Uttar Pradesh City 1,Prepaid,0,Slow Internet,No Complaint,15,3.04,19
AIR102390,2025-04-15,Karnataka,Karnataka City 2,Prepaid,1,Slow Internet,Resolved,15.5,3.27,18
AIR102391,2025-05-15,Rajasthan,Rajasthan City 2,Postpaid,0,Call Drops,No Complaint,40.1,3.24,27
AIR102392,2025-06-15,Uttar Pradesh,Uttar Pradesh City 2,Broadband,0,Slow Internet,No Complaint,24.8,3.78,26
AIR102393,2025-07-15,Kerala,Kerala City 3,Postpaid,0,Network Issues,No Complaint,5.7,3.44,22
AIR102394,2025-08-15,Telangana,Telangana City 2,Prepaid,0,Network Issues,No Complaint,48.3,3.97,35
AIR102395,2025-09-15,Karnataka,Karnataka City 2,Prepaid,1,Billing Issues,Resolved,19.8,3.59,27
AIR102396,2025-10-15,Rajasthan,Rajasthan City 1,Prepaid,0,Call Drops,No Complaint,40.9,3.24,-2
AIR102397,2025-11-15,Rajasthan,Rajasthan City 2,Postpaid,0,Network Issues,No Complaint,4.7,3.71,20
AIR102398,2025-12-15,Delhi,Delhi City 2,Prepaid,0,Network Issues,No Complaint,7.3,3.27,9
AIR102399,2025-02-15,Delhi,Delhi City 2,Prepaid,0,Network Issues,No Complaint,27.1,3.36,6
AIR102400,2025-03-15,Gujarat,Gujarat City 2,Prepaid,0,Slow Internet,No Complaint,4,4.57,54
AIR102401,2025-04-15,Uttar Pradesh,Uttar Pradesh City 1,Postpaid,0,Slow Internet,No Complaint,18.7,3.65,30
AIR102402,2025-05-15,Uttar Pradesh,Uttar Pradesh City 2,Prepaid,0,Network Issues,No Complaint,13.1,3.44,23
AIR102403,2025-06-15,Uttar Pradesh,Uttar Pradesh City 1,Postpaid,0,Call Drops,No Complaint,5.2,3.98,23
AIR102404,2025-07-15,Gujarat,Gujarat City 3,Postpaid,0,Slow Internet,No Complaint,30.8,3.58,9
AIR102405,2025-08-15,Tamil Nadu,Tamil Nadu City 2,Prepaid,1,Billing Issues,Resolved,10.1,4.09,55
AIR102406,2025-09-15,Rajasthan,Rajasthan City 2,Postpaid,1,Slow Internet,Resolved,27.5,4.03,35
AIR102407,2025-10-15,Karnataka,Karnataka City 2,Prepaid,0,Network Issues,No Complaint,20.6,4.55,50
AIR102408,2025-11-15,Kerala,Kerala City 1,Prepaid,0,Network Issues,No Complaint,22.2,3.6,39
AIR102409,2025-12-15,Rajasthan,Rajasthan City 2,Postpaid,0,Network Issues,No Complaint,20.7,3.49,22
AIR102410,2025-02-15,Delhi,Delhi City 2,Postpaid,0,Slow Internet,No Complaint,21.4,3.72,23
AIR102411,2025-03-15,Maharashtra,Maharashtra City 3,Postpaid,0,Call Drops,No Complaint,8.5,3.88,40
AIR102412,2025-04-15,Telangana,Telangana City 1,Postpaid,0,Call Drops,No Complaint,10.4,3.5,19
AIR102413,2025-05-15,Gujarat,Gujarat City 1,Broadband,0,Slow Internet,No Complaint,6,3.93,39
AIR102414,2025-06-15,West Bengal,West Bengal City 3,Prepaid,1,Call Drops,Resolved,15.2,3.83,24
AIR102415,2025-07-15,Maharashtra,Maharashtra City 1,Postpaid,1,Call Drops,In Progress,6.2,3.88,29
AIR102416,2025-08-15,Kerala,Kerala City 2,Postpaid,0,Slow Internet,No Complaint,38.1,3.33,19
AIR102417,2025-09-15,Uttar Pradesh,Uttar Pradesh City 2,Prepaid,0,Network Issues,No Complaint,18.1,3.58,20
AIR102418,2025-10-15,Delhi,Delhi City 3,Prepaid,1,Slow Internet,In Progress,4.3,3.62,24
AIR102419,2025-11-15,Delhi,Delhi City 1,Postpaid,0,Network Issues,No Complaint,18.3,3.64,18
AIR102420,2025-12-15,Delhi,Delhi City 1,Prepaid,0,Others,No Complaint,5.9,3.37,31
AIR102421,2025-02-15,Uttar Pradesh,Uttar Pradesh City 1,Prepaid,1,Call Drops,Resolved,2.1,3.89,29
AIR102422,2025-03-15,West Bengal,West Bengal City 3,Postpaid,1,Network Issues,Resolved,26.7,3.97,21
AIR102423,2025-04-15,Gujarat,Gujarat City 2,Enterprise,0,Network Issues,No Complaint,8.7,2.92,18
AIR102424,2025-05-15,Maharashtra,Maharashtra City 3,Broadband,0,Slow Internet,No Complaint,12.6,3.7,36
AIR102425,2025-06-15,Uttar Pradesh,Uttar Pradesh City 2,Prepaid,1,Call Drops,Resolved,16.9,2.72,-12
AIR102426,2025-07-15,Kerala,Kerala City 3,Postpaid,1,Slow Internet,Resolved,20.9,3.88,27
AIR102427,2025-08-15,Gujarat,Gujarat City 2,Prepaid,1,Network Issues,Resolved,4.3,4.15,52
AIR102428,2025-09-15,Kerala,Kerala City 1,Prepaid,1,Network Issues,Pending,24.8,3.96,41
AIR102429,2025-10-15,Gujarat,Gujarat City 1,Postpaid,0,Call Drops,No Complaint,52,3.72,40
AIR102430,2025-11-15,West Bengal,West Bengal City 1,Prepaid,0,Network Issues,No Complaint,7.1,2.93,-13
AIR102431,2025-12-15,Telangana,Telangana City 3,Prepaid,0,Call Drops,No Complaint,21,2.66,-14
AIR102432,2025-02-15,Kerala,Kerala City 3,Broadband,0,Call Drops,No Complaint,10.8,4.28,43
AIR102433,2025-03-15,Uttar Pradesh,Uttar Pradesh City 3,Broadband,1,Network Issues,In Progress,30.6,3.22,10
AIR102434,2025-04-15,Gujarat,Gujarat City 1,Postpaid,0,Slow Internet,No Complaint,32.2,4.1,36
AIR102435,2025-05-15,Delhi,Delhi City 2,Broadband,0,Network Issues,No Complaint,25.2,3.38,13
AIR102436,2025-06-15,Rajasthan,Rajasthan City 1,Postpaid,0,Slow Internet,No Complaint,9.9,3.56,16
AIR102437,2025-07-15,Delhi,Delhi City 1,Prepaid,0,Network Issues,No Complaint,12.2,4.21,50
AIR102438,2025-08-15,Tamil Nadu,Tamil Nadu City 2,Postpaid,0,Call Drops,No Complaint,17.5,4.27,45
AIR102439,2025-09-15,Telangana,Telangana City 2,Prepaid,0,Network Issues,No Complaint,33.5,4.19,44
AIR102440,2025-10-15,Telangana,Telangana City 2,Prepaid,0,Call Drops,No Complaint,18.1,3.21,14
AIR102441,2025-11-15,Delhi,Delhi City 2,Broadband,0,Network Issues,No Complaint,21.4,3.25,2
AIR102442,2025-12-15,Maharashtra,Maharashtra City 1,Postpaid,0,Network Issues,No Complaint,12.4,3.29,15
AIR102443,2025-02-15,West Bengal,West Bengal City 3,Prepaid,0,Network Issues,No Complaint,26.1,4.24,49
AIR102444,2025-03-15,Kerala,Kerala City 1,Prepaid,0,Call Drops,No Complaint,28.2,3.51,12
AIR102445,2025-04-15,Uttar Pradesh,Uttar Pradesh City 2,Prepaid,0,Slow Internet,No Complaint,28.9,3.09,-4
AIR102446,2025-05-15,Telangana,Telangana City 3,Broadband,0,Slow Internet,No Complaint,34.7,3.64,24
AIR102447,2025-06-15,Delhi,Delhi City 3,Postpaid,1,Call Drops,Resolved,3.5,3.75,30
AIR102448,2025-07-15,Delhi,Delhi City 1,Postpaid,0,Slow Internet,No Complaint,17.8,4.02,38
AIR102449,2025-08-15,West Bengal,West Bengal City 1,Postpaid,0,Call Drops,No Complaint,4.8,3.85,22
AIR102450,2025-09-15,West Bengal,West Bengal City 1,Postpaid,0,Call Drops,No Complaint,12.9,4.17,36
AIR102451,2025-10-15,Karnataka,Karnataka City 3,Postpaid,0,Network Issues,No Complaint,14.6,3.84,9
AIR102452,2025-11-15,Karnataka,Karnataka City 3,Postpaid,1,Network Issues,Resolved,17.8,4,22
AIR102453,2025-12-15,Maharashtra,Maharashtra City 3,Broadband,0,Slow Internet,No Complaint,2.6,3.92,48
AIR102454,2025-02-15,Maharashtra,Maharashtra City 2,Enterprise,0,Slow Internet,No Complaint,9.4,4.35,41
AIR102455,2025-03-15,Tamil Nadu,Tamil Nadu City 2,Enterprise,0,Network Issues,No Complaint,6,4.3,50
AIR102456,2025-04-15,Maharashtra,Maharashtra City 1,Postpaid,0,Slow Internet,No Complaint,21.6,3.46,27
AIR102457,2025-05-15,Gujarat,Gujarat City 3,Broadband,0,Slow Internet,No Complaint,31.6,3.64,4
AIR102458,2025-06-15,West Bengal,West Bengal City 1,Prepaid,0,Network Issues,No Complaint,26.6,3.9,30
AIR102459,2025-07-15,Uttar Pradesh,Uttar Pradesh City 3,Broadband,1,Slow Internet,Resolved,27.4,4,24
AIR102460,2025-08-15,Gujarat,Gujarat City 1,Broadband,0,Slow Internet,No Complaint,20.1,2.39,-35
AIR102461,2025-09-15,Kerala,Kerala City 2,Broadband,0,Network Issues,No Complaint,26.4,3.41,10
AIR102462,2025-10-15,Delhi,Delhi City 3,Broadband,0,Call Drops,No Complaint,46.3,3.44,-6
AIR102463,2025-11-15,Maharashtra,Maharashtra City 2,Prepaid,0,Network Issues,No Complaint,20.5,3.31,13
AIR102464,2025-12-15,Delhi,Delhi City 3,Prepaid,0,Call Drops,No Complaint,12.5,2.74,-23
AIR102465,2025-02-15,Telangana,Telangana City 1,Prepaid,1,Network Issues,Resolved,12.1,3.07,12
AIR102466,2025-03-15,Tamil Nadu,Tamil Nadu City 3,Postpaid,0,Slow Internet,No Complaint,42.5,3.59,-4
AIR102467,2025-04-15,Telangana,Telangana City 2,Prepaid,0,Slow Internet,No Complaint,9.8,3.42,18
AIR102468,2025-05-15,Tamil Nadu,Tamil Nadu City 3,Postpaid,1,Network Issues,Resolved,35.2,3.07,-25
AIR102469,2025-06-15,Karnataka,Karnataka City 1,Postpaid,1,Slow Internet,Resolved,2.4,2.95,10
AIR102470,2025-07-15,Delhi,Delhi City 3,Postpaid,0,Billing Issues,No Complaint,16.8,3.18,14
AIR102471,2025-08-15,Tamil Nadu,Tamil Nadu City 2,Broadband,0,Others,No Complaint,2.7,3.48,9
AIR102472,2025-09-15,Rajasthan,Rajasthan City 1,Postpaid,1,Call Drops,Resolved,27.7,3.19,-5
AIR102473,2025-10-15,Gujarat,Gujarat City 2,Postpaid,0,Network Issues,No Complaint,9.3,3.81,32
AIR102474,2025-11-15,Tamil Nadu,Tamil Nadu City 3,Postpaid,0,Others,No Complaint,12.3,2.95,-15
AIR102475,2025-12-15,Tamil Nadu,Tamil Nadu City 2,Broadband,0,Slow Internet,No Complaint,23.8,3.76,24
AIR102476,2025-02-15,Gujarat,Gujarat City 3,Prepaid,0,Slow Internet,No Complaint,33.4,2.89,-3
AIR102477,2025-03-15,Delhi,Delhi City 1,Prepaid,0,Network Issues,No Complaint,9.6,4.06,49
AIR102478,2025-04-15,Delhi,Delhi City 2,Broadband,0,Network Issues,No Complaint,23.1,3.89,23
AIR102479,2025-05-15,Gujarat,Gujarat City 2,Postpaid,0,Call Drops,No Complaint,12.5,3.18,2
AIR102480,2025-06-15,Telangana,Telangana City 3,Postpaid,0,Billing Issues,No Complaint,38.8,3.76,18
AIR102481,2025-07-15,Rajasthan,Rajasthan City 2,Postpaid,0,Slow Internet,No Complaint,18.1,3.62,22
AIR102482,2025-08-15,Uttar Pradesh,Uttar Pradesh City 2,Prepaid,0,Network Issues,No Complaint,23.7,4.05,48
AIR102483,2025-09-15,Kerala,Kerala City 1,Postpaid,1,Call Drops,Resolved,21.6,3.43,34
AIR102484,2025-10-15,Rajasthan,Rajasthan City 3,Prepaid,0,Network Issues,No Complaint,14.5,3.42,37
AIR102485,2025-11-15,Delhi,Delhi City 3,Postpaid,0,Network Issues,No Complaint,4.8,3.38,7
AIR102486,2025-12-15,Uttar Pradesh,Uttar Pradesh City 1,Postpaid,0,Slow Internet,No Complaint,2.3,4.21,39
AIR102487,2025-02-15,Karnataka,Karnataka City 1,Postpaid,1,Network Issues,Resolved,22.7,4.07,23
AIR102488,2025-03-15,Maharashtra,Maharashtra City 3,Postpaid,1,Call Drops,Resolved,14.8,3.51,8
AIR102489,2025-04-15,Tamil Nadu,Tamil Nadu City 1,Enterprise,0,Slow Internet,No Complaint,31.7,4.42,44
AIR102490,2025-05-15,Gujarat,Gujarat City 1,Postpaid,0,Network Issues,No Complaint,6.3,2.94,-5
AIR102491,2025-06-15,Gujarat,Gujarat City 1,Broadband,0,Network Issues,No Complaint,9.4,3.37,11
AIR102492,2025-07-15,Tamil Nadu,Tamil Nadu City 3,Postpaid,0,Network Issues,No Complaint,19.5,4.31,67
AIR102493,2025-08-15,Maharashtra,Maharashtra City 1,Postpaid,0,Billing Issues,No Complaint,5.7,3.58,0
AIR102494,2025-09-15,Kerala,Kerala City 2,Prepaid,0,Call Drops,No Complaint,16.3,3.43,19
AIR102495,2025-10-15,Maharashtra,Maharashtra City 2,Prepaid,0,Slow Internet,No Complaint,13.5,3.82,42
AIR102496,2025-11-15,Uttar Pradesh,Uttar Pradesh City 3,Postpaid,0,Billing Issues,No Complaint,26,3.43,7
AIR102497,2025-12-15,Maharashtra,Maharashtra City 1,Prepaid,1,Call Drops,Pending,8.8,3.45,20
AIR102498,2025-02-15,Uttar Pradesh,Uttar Pradesh City 2,Postpaid,0,Network Issues,No Complaint,29.2,2.99,-1
AIR102499,2025-03-15,Maharashtra,Maharashtra City 3,Postpaid,0,Slow Internet,No Complaint,12.1,4.39,53
AIR102500,2025-04-15,Kerala,Kerala City 2,Broadband,1,Network Issues,Resolved,17.1,3.46,8
AIR102501,2025-05-15,Kerala,Kerala City 1,Enterprise,0,Slow Internet,No Complaint,7.3,3.64,36
AIR102502,2025-06-15,Delhi,Delhi City 3,Prepaid,1,Billing Issues,Resolved,7.6,3.44,22
AIR102503,2025-07-15,Tamil Nadu,Tamil Nadu City 2,Prepaid,1,Network Issues,Resolved,16.3,3.16,11
AIR102504,2025-08-15,Kerala,Kerala City 3,Postpaid,0,Network Issues,No Complaint,25,3.19,8
AIR102505,2025-09-15,Uttar Pradesh,Uttar Pradesh City 2,Prepaid,0,Slow Internet,No Complaint,5.3,3.26,19
AIR102506,2025-10-15,Kerala,Kerala City 2,Prepaid,1,Call Drops,In Progress,27,4.29,58
AIR102507,2025-11-15,Delhi,Delhi City 1,Broadband,0,Call Drops,No Complaint,28.8,4.71,56
AIR102508,2025-12-15,Gujarat,Gujarat City 1,Enterprise,1,Network Issues,Resolved,6.9,3.65,18
AIR102509,2025-02-15,Uttar Pradesh,Uttar Pradesh City 2,Postpaid,1,Network Issues,In Progress,12.6,3.9,19
AIR102510,2025-03-15,Delhi,Delhi City 3,Postpaid,1,Call Drops,In Progress,8,3.63,14
AIR102511,2025-04-15,Telangana,Telangana City 3,Prepaid,1,Network Issues,Pending,5.7,3.96,37
AIR102512,2025-05-15,Telangana,Telangana City 1,Postpaid,0,Network Issues,No Complaint,5,3.94,35
AIR102513,2025-06-15,Karnataka,Karnataka City 2,Postpaid,1,Network Issues,Resolved,4.1,2.95,-5
AIR102514,2025-07-15,Maharashtra,Maharashtra City 1,Postpaid,0,Slow Internet,No Complaint,10.9,3.69,5
AIR102515,2025-08-15,Tamil Nadu,Tamil Nadu City 2,Prepaid,1,Call Drops,Resolved,13.9,3.49,9
AIR102516,2025-09-15,West Bengal,West Bengal City 2,Broadband,0,Call Drops,No Complaint,9.6,3.73,29
AIR102517,2025-10-15,Rajasthan,Rajasthan City 1,Postpaid,0,Billing Issues,No Complaint,27.7,3.76,27
AIR102518,2025-11-15,Delhi,Delhi City 3,Postpaid,1,Network Issues,Resolved,16.8,4.68,46
AIR102519,2025-12-15,Gujarat,Gujarat City 1,Broadband,0,Call Drops,No Complaint,11.4,3.01,-3
AIR102520,2025-02-15,Rajasthan,Rajasthan City 2,Prepaid,0,Billing Issues,No Complaint,1.3,3.17,-6
AIR102521,2025-03-15,Gujarat,Gujarat City 1,Prepaid,0,Call Drops,No Complaint,10.1,4.04,47
AIR102522,2025-04-15,Rajasthan,Rajasthan City 3,Broadband,0,Network Issues,No Complaint,6.1,3.49,25
AIR102523,2025-05-15,Delhi,Delhi City 3,Enterprise,1,Others,Resolved,27.3,4.07,53
AIR102524,2025-06-15,West Bengal,West Bengal City 2,Postpaid,0,Network Issues,No Complaint,16.3,3.64,24
AIR102525,2025-07-15,Rajasthan,Rajasthan City 1,Prepaid,0,Slow Internet,No Complaint,23.3,3.38,14
AIR102526,2025-08-15,Delhi,Delhi City 3,Postpaid,0,Network Issues,No Complaint,10.9,3.59,23
AIR102527,2025-09-15,Kerala,Kerala City 1,Prepaid,0,Network Issues,No Complaint,22.8,3.37,16
AIR102528,2025-10-15,West Bengal,West Bengal City 3,Postpaid,0,Slow Internet,No Complaint,2.7,4.08,56
AIR102529,2025-11-15,Uttar Pradesh,Uttar Pradesh City 2,Prepaid,0,Network Issues,No Complaint,13.7,3.22,13
AIR102530,2025-12-15,Gujarat,Gujarat City 2,Broadband,0,Others,No Complaint,9.8,3.53,34
AIR102531,2025-02-15,Telangana,Telangana City 1,Postpaid,0,Slow Internet,No Complaint,9.8,3.36,-4
AIR102532,2025-03-15,Maharashtra,Maharashtra City 2,Broadband,0,Call Drops,No Complaint,2.4,4.21,27
AIR102533,2025-04-15,Telangana,Telangana City 3,Prepaid,1,Call Drops,Resolved,7.9,3.72,42
AIR102534,2025-05-15,West Bengal,West Bengal City 2,Prepaid,1,Network Issues,Resolved,20.2,4.08,42
AIR102535,2025-06-15,Uttar Pradesh,Uttar Pradesh City 3,Broadband,0,Network Issues,No Complaint,56,2.54,-8
AIR102536,2025-07-15,Gujarat,Gujarat City 3,Prepaid,1,Call Drops,Resolved,6.8,4.06,51
AIR102537,2025-08-15,Uttar Pradesh,Uttar Pradesh City 2,Postpaid,0,Billing Issues,No Complaint,50.5,4.06,58
AIR102538,2025-09-15,Rajasthan,Rajasthan City 3,Prepaid,1,Network Issues,Resolved,4.5,3.77,33
AIR102539,2025-10-15,Gujarat,Gujarat City 3,Postpaid,0,Billing Issues,No Complaint,5.2,3.93,25
AIR102540,2025-11-15,Rajasthan,Rajasthan City 1,Prepaid,0,Network Issues,No Complaint,50,3.13,4
AIR102541,2025-12-15,Delhi,Delhi City 1,Prepaid,0,Network Issues,No Complaint,7.5,3.66,23
AIR102542,2025-02-15,West Bengal,West Bengal City 1,Postpaid,0,Slow Internet,No Complaint,5.8,3.71,35
AIR102543,2025-03-15,Delhi,Delhi City 2,Prepaid,0,Slow Internet,No Complaint,14.3,3.8,21
AIR102544,2025-04-15,Karnataka,Karnataka City 1,Prepaid,0,Network Issues,No Complaint,17.3,3.69,27
AIR102545,2025-05-15,Uttar Pradesh,Uttar Pradesh City 3,Postpaid,0,Call Drops,No Complaint,14.3,3.97,34
AIR102546,2025-06-15,Rajasthan,Rajasthan City 2,Postpaid,0,Slow Internet,No Complaint,6.1,2.98,-7
AIR102547,2025-07-15,Kerala,Kerala City 2,Prepaid,0,Slow Internet,No Complaint,6.8,3.65,3
AIR102548,2025-08-15,Delhi,Delhi City 2,Postpaid,0,Call Drops,No Complaint,19.2,4.02,43
AIR102549,2025-09-15,Karnataka,Karnataka City 2,Broadband,0,Slow Internet,No Complaint,1,3.16,19
AIR102550,2025-10-15,Tamil Nadu,Tamil Nadu City 3,Prepaid,1,Call Drops,Resolved,16.3,3.37,13
AIR102551,2025-11-15,Telangana,Telangana City 3,Postpaid,0,Network Issues,No Complaint,16.1,4.58,37
AIR102552,2025-12-15,Gujarat,Gujarat City 1,Postpaid,1,Call Drops,In Progress,22.5,4.09,48
AIR102553,2025-02-15,Karnataka,Karnataka City 2,Prepaid,0,Slow Internet,No Complaint,18.6,3.84,16
AIR102554,2025-03-15,West Bengal,West Bengal City 1,Prepaid,0,Network Issues,No Complaint,13,3.46,24
AIR102555,2025-04-15,Delhi,Delhi City 3,Postpaid,1,Network Issues,Resolved,18.3,3.45,15
AIR102556,2025-05-15,West Bengal,West Bengal City 2,Postpaid,0,Slow Internet,No Complaint,9.5,3.41,34
AIR102557,2025-06-15,Telangana,Telangana City 3,Prepaid,0,Network Issues,No Complaint,7.6,3.88,41
AIR102558,2025-07-15,Kerala,Kerala City 1,Broadband,0,Network Issues,No Complaint,30.1,2.98,1
AIR102559,2025-08-15,Uttar Pradesh,Uttar Pradesh City 3,Postpaid,0,Slow Internet,No Complaint,21.1,3.62,27
AIR102560,2025-09-15,Uttar Pradesh,Uttar Pradesh City 2,Prepaid,0,Network Issues,No Complaint,1.6,4.24,39
AIR102561,2025-10-15,West Bengal,West Bengal City 2,Postpaid,0,Slow Internet,No Complaint,11.7,3.27,-7
AIR102562,2025-11-15,Rajasthan,Rajasthan City 1,Enterprise,0,Network Issues,No Complaint,15.3,2.88,-24
AIR102563,2025-12-15,Kerala,Kerala City 2,Prepaid,0,Network Issues,No Complaint,10.9,3.48,16
AIR102564,2025-02-15,Uttar Pradesh,Uttar Pradesh City 3,Postpaid,1,Network Issues,Resolved,16.3,3.94,16
AIR102565,2025-03-15,Kerala,Kerala City 3,Postpaid,0,Network Issues,No Complaint,7.2,4.07,40
AIR102566,2025-04-15,Karnataka,Karnataka City 3,Prepaid,0,Call Drops,No Complaint,19.8,3.08,1
AIR102567,2025-05-15,Kerala,Kerala City 3,Prepaid,0,Call Drops,No Complaint,5.6,3.82,13
AIR102568,2025-06-15,Maharashtra,Maharashtra City 1,Prepaid,0,Call Drops,No Complaint,1.5,2.92,-10
AIR102569,2025-07-15,Telangana,Telangana City 3,Prepaid,0,Network Issues,No Complaint,3.7,2.91,7
AIR102570,2025-08-15,Uttar Pradesh,Uttar Pradesh City 1,Prepaid,0,Slow Internet,No Complaint,22.4,4.28,55
AIR102571,2025-09-15,Kerala,Kerala City 3,Broadband,0,Network Issues,No Complaint,21.9,3.43,22
AIR102572,2025-10-15,West Bengal,West Bengal City 1,Enterprise,0,Network Issues,No Complaint,3.5,3.79,21
AIR102573,2025-11-15,Tamil Nadu,Tamil Nadu City 3,Prepaid,0,Billing Issues,No Complaint,27.7,3.31,4
AIR102574,2025-12-15,Maharashtra,Maharashtra City 3,Prepaid,0,Billing Issues,No Complaint,4.6,3.55,18
AIR102575,2025-02-15,Maharashtra,Maharashtra City 1,Prepaid,0,Network Issues,No Complaint,8.3,3.96,17
AIR102576,2025-03-15,Rajasthan,Rajasthan City 2,Prepaid,1,Slow Internet,Resolved,29.6,3.62,8
AIR102577,2025-04-15,Kerala,Kerala City 2,Prepaid,0,Others,No Complaint,2.2,4.16,47
AIR102578,2025-05-15,Rajasthan,Rajasthan City 2,Prepaid,0,Slow Internet,No Complaint,10,4.12,56
AIR102579,2025-06-15,Rajasthan,Rajasthan City 1,Broadband,0,Network Issues,No Complaint,8.4,2.7,-15
AIR102580,2025-07-15,Tamil Nadu,Tamil Nadu City 2,Prepaid,0,Network Issues,No Complaint,20.6,4.14,32
AIR102581,2025-08-15,Karnataka,Karnataka City 2,Postpaid,1,Call Drops,Resolved,17.8,3.84,39
AIR102582,2025-09-15,Kerala,Kerala City 1,Prepaid,1,Call Drops,Resolved,16.4,3.98,39
AIR102583,2025-10-15,Delhi,Delhi City 2,Prepaid,0,Billing Issues,No Complaint,60.3,4.3,47
AIR102584,2025-11-15,Uttar Pradesh,Uttar Pradesh City 2,Broadband,0,Slow Internet,No Complaint,22.4,3.6,36
AIR102585,2025-12-15,Rajasthan,Rajasthan City 2,Prepaid,1,Billing Issues,Resolved,68.4,3.36,12
AIR102586,2025-02-15,Telangana,Telangana City 1,Enterprise,0,Network Issues,No Complaint,40.8,3.95,31
AIR102587,2025-03-15,Gujarat,Gujarat City 1,Prepaid,0,Call Drops,No Complaint,43.5,3.55,33
AIR102588,2025-04-15,Telangana,Telangana City 2,Postpaid,1,Call Drops,Resolved,7.3,4.24,42
AIR102589,2025-05-15,Tamil Nadu,Tamil Nadu City 2,Enterprise,1,Call Drops,Resolved,18.3,3.82,5
AIR102590,2025-06-15,Tamil Nadu,Tamil Nadu City 1,Prepaid,0,Call Drops,No Complaint,30.4,3.94,28
AIR102591,2025-07-15,West Bengal,West Bengal City 2,Prepaid,0,Network Issues,No Complaint,27.3,4.43,53
AIR102592,2025-08-15,Karnataka,Karnataka City 1,Postpaid,0,Slow Internet,No Complaint,20.4,4.05,44
AIR102593,2025-09-15,Uttar Pradesh,Uttar Pradesh City 2,Prepaid,0,Call Drops,No Complaint,13.3,3.54,36
AIR102594,2025-10-15,Rajasthan,Rajasthan City 1,Postpaid,0,Network Issues,No Complaint,24.2,4.01,45
AIR102595,2025-11-15,Telangana,Telangana City 3,Prepaid,0,Billing Issues,No Complaint,3.9,3.11,7
AIR102596,2025-12-15,Gujarat,Gujarat City 3,Prepaid,1,Others,Resolved,46.2,3.05,10
AIR102597,2025-02-15,Tamil Nadu,Tamil Nadu City 1,Prepaid,0,Others,No Complaint,2.2,3.65,13
AIR102598,2025-03-15,Tamil Nadu,Tamil Nadu City 3,Broadband,0,Network Issues,No Complaint,11.2,4.15,40
AIR102599,2025-04-15,Karnataka,Karnataka City 2,Prepaid,0,Network Issues,No Complaint,34.4,3.43,16
AIR102600,2025-05-15,Gujarat,Gujarat City 1,Prepaid,0,Network Issues,No Complaint,45.8,4.08,39
AIR102601,2025-06-15,Gujarat,Gujarat City 1,Postpaid,0,Network Issues,No Complaint,7.5,4.14,51
AIR102602,2025-07-15,Karnataka,Karnataka City 2,Prepaid,0,Network Issues,No Complaint,26.5,4.16,40
AIR102603,2025-08-15,Tamil Nadu,Tamil Nadu City 2,Prepaid,0,Slow Internet,No Complaint,23.1,3.85,19
AIR102604,2025-09-15,Uttar Pradesh,Uttar Pradesh City 1,Prepaid,0,Slow Internet,No Complaint,20.4,3.33,-3
AIR102605,2025-10-15,Kerala,Kerala City 2,Postpaid,0,Slow Internet,No Complaint,7.3,3.82,11
AIR102606,2025-11-15,Kerala,Kerala City 1,Postpaid,0,Network Issues,No Complaint,8.6,3.87,32
AIR102607,2025-12-15,Karnataka,Karnataka City 2,Prepaid,0,Slow Internet,No Complaint,2.2,3.59,21
AIR102608,2025-02-15,Gujarat,Gujarat City 1,Prepaid,0,Slow Internet,No Complaint,16.7,3.92,28
AIR102609,2025-03-15,Rajasthan,Rajasthan City 2,Postpaid,0,Network Issues,No Complaint,83.2,3.56,27
AIR102610,2025-04-15,Karnataka,Karnataka City 2,Postpaid,0,Billing Issues,No Complaint,30.4,2.8,-28
AIR102611,2025-05-15,Uttar Pradesh,Uttar Pradesh City 3,Prepaid,0,Network Issues,No Complaint,23.4,3.86,32
AIR102612,2025-06-15,Karnataka,Karnataka City 3,Prepaid,0,Slow Internet,No Complaint,12.3,2.49,-21
AIR102613,2025-07-15,Maharashtra,Maharashtra City 3,Prepaid,0,Billing Issues,No Complaint,17.1,4.11,47
AIR102614,2025-08-15,Telangana,Telangana City 2,Postpaid,1,Network Issues,Resolved,11,3.67,28
AIR102615,2025-09-15,Gujarat,Gujarat City 1,Enterprise,0,Call Drops,No Complaint,17.5,3.72,23
AIR102616,2025-10-15,West Bengal,West Bengal City 2,Prepaid,0,Network Issues,No Complaint,37.3,4.45,71
AIR102617,2025-11-15,West Bengal,West Bengal City 3,Prepaid,0,Call Drops,No Complaint,10.2,3.4,7
AIR102618,2025-12-15,Gujarat,Gujarat City 2,Prepaid,1,Slow Internet,In Progress,14.9,3.28,-5
AIR102619,2025-02-15,Uttar Pradesh,Uttar Pradesh City 3,Prepaid,0,Network Issues,No Complaint,12.3,4.6,51
AIR102620,2025-03-15,Maharashtra,Maharashtra City 3,Prepaid,0,Slow Internet,No Complaint,20,3.39,29
AIR102621,2025-04-15,Maharashtra,Maharashtra City 1,Broadband,0,Billing Issues,No Complaint,20.9,3.58,4
AIR102622,2025-05-15,Tamil Nadu,Tamil Nadu City 1,Prepaid,1,Slow Internet,In Progress,15.5,3.58,21
AIR102623,2025-06-15,Telangana,Telangana City 3,Postpaid,0,Billing Issues,No Complaint,11,3.33,14
AIR102624,2025-07-15,Kerala,Kerala City 3,Prepaid,0,Call Drops,No Complaint,11,3.57,17
AIR102625,2025-08-15,Delhi,Delhi City 2,Broadband,0,Network Issues,No Complaint,15.9,3.68,21
AIR102626,2025-09-15,Uttar Pradesh,Uttar Pradesh City 3,Postpaid,0,Slow Internet,No Complaint,6.8,3.46,28
AIR102627,2025-10-15,Delhi,Delhi City 2,Prepaid,0,Network Issues,No Complaint,21.8,3.61,18
AIR102628,2025-11-15,Delhi,Delhi City 3,Broadband,0,Billing Issues,No Complaint,12.6,3.88,27
AIR102629,2025-12-15,Gujarat,Gujarat City 1,Prepaid,0,Call Drops,No Complaint,34.2,4.01,39
AIR102630,2025-02-15,West Bengal,West Bengal City 1,Postpaid,0,Slow Internet,No Complaint,16.2,3.95,26
AIR102631,2025-03-15,West Bengal,West Bengal City 3,Broadband,0,Network Issues,No Complaint,27.9,3.37,-2
AIR102632,2025-04-15,Kerala,Kerala City 2,Prepaid,0,Call Drops,No Complaint,38.7,3.66,23
AIR102633,2025-05-15,Gujarat,Gujarat City 2,Postpaid,1,Network Issues,Resolved,15.9,4.12,53
AIR102634,2025-06-15,Delhi,Delhi City 2,Broadband,1,Network Issues,Resolved,20,3.83,30
AIR102635,2025-07-15,Rajasthan,Rajasthan City 3,Enterprise,0,Network Issues,No Complaint,17.9,3.23,9
AIR102636,2025-08-15,West Bengal,West Bengal City 3,Postpaid,0,Slow Internet,No Complaint,2,3.38,14
AIR102637,2025-09-15,Uttar Pradesh,Uttar Pradesh City 1,Prepaid,0,Others,No Complaint,30.6,3.78,13
AIR102638,2025-10-15,Uttar Pradesh,Uttar Pradesh City 1,Postpaid,0,Slow Internet,No Complaint,17,3.06,13
AIR102639,2025-11-15,Tamil Nadu,Tamil Nadu City 3,Postpaid,0,Network Issues,No Complaint,33.3,3.16,15
AIR102640,2025-12-15,Karnataka,Karnataka City 1,Postpaid,0,Billing Issues,No Complaint,41.7,4.39,49
AIR102641,2025-02-15,Rajasthan,Rajasthan City 2,Broadband,0,Network Issues,No Complaint,30.9,3.29,1
AIR102642,2025-03-15,West Bengal,West Bengal City 2,Prepaid,0,Network Issues,No Complaint,13.1,3.36,12
AIR102643,2025-04-15,Maharashtra,Maharashtra City 3,Prepaid,1,Network Issues,Resolved,7,3.91,29
AIR102644,2025-05-15,West Bengal,West Bengal City 2,Postpaid,0,Network Issues,No Complaint,7.8,3.28,6
AIR102645,2025-06-15,Tamil Nadu,Tamil Nadu City 3,Enterprise,0,Billing Issues,No Complaint,14.8,3.07,-21
AIR102646,2025-07-15,Uttar Pradesh,Uttar Pradesh City 2,Postpaid,0,Slow Internet,No Complaint,2.4,3.37,16
AIR102647,2025-08-15,Delhi,Delhi City 3,Enterprise,0,Slow Internet,No Complaint,3.8,4.25,50
AIR102648,2025-09-15,Maharashtra,Maharashtra City 2,Broadband,1,Slow Internet,Resolved,5.5,3.6,23
AIR102649,2025-10-15,Gujarat,Gujarat City 2,Broadband,0,Call Drops,No Complaint,16.6,3.43,20
AIR102650,2025-11-15,Telangana,Telangana City 1,Broadband,1,Others,In Progress,19.2,3.73,28
AIR102651,2025-12-15,Delhi,Delhi City 1,Broadband,1,Network Issues,Resolved,8.6,4,31
AIR102652,2025-02-15,Telangana,Telangana City 1,Broadband,0,Slow Internet,No Complaint,10.9,3.76,32
AIR102653,2025-03-15,Rajasthan,Rajasthan City 1,Postpaid,0,Slow Internet,No Complaint,14,3.67,22
AIR102654,2025-04-15,Karnataka,Karnataka City 1,Prepaid,0,Network Issues,No Complaint,14.3,3.37,-3
AIR102655,2025-05-15,Maharashtra,Maharashtra City 1,Prepaid,0,Slow Internet,No Complaint,4.2,4.13,38
AIR102656,2025-06-15,Kerala,Kerala City 3,Prepaid,0,Slow Internet,No Complaint,19.2,3.83,13
AIR102657,2025-07-15,Maharashtra,Maharashtra City 3,Prepaid,0,Slow Internet,No Complaint,34.2,3.23,20
AIR102658,2025-08-15,West Bengal,West Bengal City 1,Prepaid,0,Network Issues,No Complaint,12.1,4.15,45
AIR102659,2025-09-15,Uttar Pradesh,Uttar Pradesh City 3,Broadband,0,Network Issues,No Complaint,21.3,2.96,-2
AIR102660,2025-10-15,West Bengal,West Bengal City 1,Postpaid,0,Call Drops,No Complaint,35.3,3.14,17
AIR102661,2025-11-15,West Bengal,West Bengal City 3,Prepaid,1,Call Drops,In Progress,18.1,3.85,24
AIR102662,2025-12-15,Rajasthan,Rajasthan City 2,Postpaid,0,Network Issues,No Complaint,19.4,3.29,0
AIR102663,2025-02-15,Delhi,Delhi City 3,Postpaid,1,Slow Internet,Resolved,18.3,3.91,9
AIR102664,2025-03-15,Kerala,Kerala City 3,Prepaid,0,Slow Internet,No Complaint,14.4,3.92,32
AIR102665,2025-04-15,Kerala,Kerala City 3,Broadband,0,Network Issues,No Complaint,7.8,3,18
AIR102666,2025-05-15,West Bengal,West Bengal City 2,Prepaid,0,Network Issues,No Complaint,18.9,3.73,14
AIR102667,2025-06-15,Telangana,Telangana City 1,Postpaid,0,Others,No Complaint,32.8,3.87,34
AIR102668,2025-07-15,Rajasthan,Rajasthan City 3,Prepaid,0,Slow Internet,No Complaint,22.6,3.83,17
AIR102669,2025-08-15,West Bengal,West Bengal City 3,Postpaid,1,Slow Internet,Resolved,23.8,3.62,25
AIR102670,2025-09-15,Karnataka,Karnataka City 2,Broadband,0,Network Issues,No Complaint,3.6,3.71,38
AIR102671,2025-10-15,Uttar Pradesh,Uttar Pradesh City 1,Prepaid,1,Billing Issues,Resolved,5.1,4.01,46
AIR102672,2025-11-15,Delhi,Delhi City 3,Enterprise,0,Slow Internet,No Complaint,4,2.75,-15
AIR102673,2025-12-15,Gujarat,Gujarat City 2,Prepaid,0,Slow Internet,No Complaint,7.6,4.36,40
AIR102674,2025-02-15,Karnataka,Karnataka City 1,Postpaid,0,Network Issues,No Complaint,14.4,3.36,20
AIR102675,2025-03-15,Telangana,Telangana City 1,Broadband,0,Others,No Complaint,4.4,3.66,35
AIR102676,2025-04-15,Maharashtra,Maharashtra City 3,Broadband,0,Call Drops,No Complaint,10.9,4.52,59
AIR102677,2025-05-15,Maharashtra,Maharashtra City 3,Prepaid,0,Network Issues,No Complaint,32.6,3.91,31
AIR102678,2025-06-15,Karnataka,Karnataka City 3,Prepaid,0,Network Issues,No Complaint,14.9,3.79,25
AIR102679,2025-07-15,West Bengal,West Bengal City 3,Postpaid,1,Others,Resolved,2.6,3.21,14
AIR102680,2025-08-15,Gujarat,Gujarat City 2,Prepaid,1,Network Issues,Resolved,13.8,3.71,34
AIR102681,2025-09-15,Tamil Nadu,Tamil Nadu City 2,Postpaid,1,Network Issues,Resolved,22.6,3.05,5
AIR102682,2025-10-15,Tamil Nadu,Tamil Nadu City 3,Postpaid,0,Network Issues,No Complaint,14.6,3.49,20
AIR102683,2025-11-15,Telangana,Telangana City 1,Postpaid,0,Slow Internet,No Complaint,48.5,3.97,27
AIR102684,2025-12-15,West Bengal,West Bengal City 3,Prepaid,0,Network Issues,No Complaint,5.4,4.43,40
AIR102685,2025-02-15,Kerala,Kerala City 1,Postpaid,0,Billing Issues,No Complaint,40,3.5,36
AIR102686,2025-03-15,Kerala,Kerala City 1,Broadband,0,Network Issues,No Complaint,27.4,3.43,23
AIR102687,2025-04-15,Delhi,Delhi City 1,Postpaid,0,Network Issues,No Complaint,16.3,3.16,5
AIR102688,2025-05-15,Gujarat,Gujarat City 2,Postpaid,1,Slow Internet,Resolved,1.8,3.29,-3
AIR102689,2025-06-15,Gujarat,Gujarat City 1,Prepaid,0,Slow Internet,No Complaint,10.5,3.8,27
AIR102690,2025-07-15,Maharashtra,Maharashtra City 1,Prepaid,0,Network Issues,No Complaint,17.7,3.64,15
AIR102691,2025-08-15,Rajasthan,Rajasthan City 2,Prepaid,0,Network Issues,No Complaint,33.9,3.58,22
AIR102692,2025-09-15,Telangana,Telangana City 1,Postpaid,1,Network Issues,In Progress,34.9,3.8,26
AIR102693,2025-10-15,Tamil Nadu,Tamil Nadu City 1,Prepaid,0,Network Issues,No Complaint,13.7,3.71,3
AIR102694,2025-11-15,Telangana,Telangana City 3,Postpaid,0,Others,No Complaint,31.5,3.82,28
AIR102695,2025-12-15,Kerala,Kerala City 1,Postpaid,0,Billing Issues,No Complaint,32.5,3.91,36
AIR102696,2025-02-15,Kerala,Kerala City 1,Postpaid,1,Network Issues,Resolved,33.1,3.94,25
AIR102697,2025-03-15,Karnataka,Karnataka City 1,Prepaid,0,Slow Internet,No Complaint,22.3,3.75,12
AIR102698,2025-04-15,Delhi,Delhi City 1,Postpaid,0,Slow Internet,No Complaint,17.6,3.37,19
AIR102699,2025-05-15,Gujarat,Gujarat City 1,Postpaid,0,Slow Internet,No Complaint,19.9,3.74,28
AIR102700,2025-06-15,Uttar Pradesh,Uttar Pradesh City 2,Prepaid,0,Slow Internet,No Complaint,12.8,3.07,0
AIR102701,2025-07-15,Telangana,Telangana City 1,Prepaid,1,Call Drops,Resolved,8.8,3.74,25
AIR102702,2025-08-15,Kerala,Kerala City 1,Postpaid,0,Network Issues,No Complaint,13.5,3.88,25
AIR102703,2025-09-15,Rajasthan,Rajasthan City 2,Prepaid,0,Call Drops,No Complaint,22.6,3.38,13
AIR102704,2025-10-15,Maharashtra,Maharashtra City 2,Prepaid,0,Slow Internet,No Complaint,17.6,3.27,14
AIR102705,2025-11-15,Tamil Nadu,Tamil Nadu City 1,Prepaid,1,Billing Issues,Resolved,19,4.49,45
AIR102706,2025-12-15,Delhi,Delhi City 1,Prepaid,0,Network Issues,No Complaint,24.7,3.58,6
AIR102707,2025-02-15,Rajasthan,Rajasthan City 1,Enterprise,1,Network Issues,Resolved,6,3.52,15
AIR102708,2025-03-15,Delhi,Delhi City 3,Postpaid,0,Billing Issues,No Complaint,11.5,3.76,23
AIR102709,2025-04-15,Karnataka,Karnataka City 3,Postpaid,0,Call Drops,No Complaint,33.1,4.08,35
AIR102710,2025-05-15,Uttar Pradesh,Uttar Pradesh City 1,Broadband,0,Call Drops,No Complaint,29.2,4.81,57
AIR102711,2025-06-15,Kerala,Kerala City 2,Postpaid,1,Network Issues,Resolved,11.4,3.02,4
AIR102712,2025-07-15,Maharashtra,Maharashtra City 1,Postpaid,0,Slow Internet,No Complaint,20.5,3.92,37
AIR102713,2025-08-15,Rajasthan,Rajasthan City 2,Prepaid,1,Slow Internet,Pending,27.1,3.25,5
AIR102714,2025-09-15,Delhi,Delhi City 2,Postpaid,0,Network Issues,No Complaint,14.9,3.51,10
AIR102715,2025-10-15,Gujarat,Gujarat City 2,Prepaid,1,Slow Internet,Resolved,12.3,3.35,7
AIR102716,2025-11-15,Karnataka,Karnataka City 1,Prepaid,0,Network Issues,No Complaint,27.1,4.62,71
AIR102717,2025-12-15,Gujarat,Gujarat City 1,Prepaid,1,Network Issues,Pending,13,3.54,12
AIR102718,2025-02-15,Maharashtra,Maharashtra City 2,Prepaid,1,Slow Internet,In Progress,9.4,3.79,34
AIR102719,2025-03-15,Rajasthan,Rajasthan City 3,Prepaid,1,Network Issues,Resolved,11.4,3.86,28
AIR102720,2025-04-15,Karnataka,Karnataka City 3,Prepaid,0,Slow Internet,No Complaint,19,2.96,5
AIR102721,2025-05-15,Rajasthan,Rajasthan City 3,Broadband,0,Slow Internet,No Complaint,17.4,4.33,48
AIR102722,2025-06-15,Kerala,Kerala City 2,Prepaid,1,Billing Issues,Resolved,10.2,3.16,2
AIR102723,2025-07-15,West Bengal,West Bengal City 1,Broadband,0,Others,No Complaint,4.7,3.32,39
AIR102724,2025-08-15,Karnataka,Karnataka City 2,Postpaid,1,Billing Issues,Pending,15.7,3.67,26
AIR102725,2025-09-15,Gujarat,Gujarat City 3,Postpaid,1,Slow Internet,Resolved,30.2,2.6,-14
AIR102726,2025-10-15,Maharashtra,Maharashtra City 1,Prepaid,0,Others,No Complaint,4.3,3.12,8
AIR102727,2025-11-15,Uttar Pradesh,Uttar Pradesh City 2,Broadband,0,Network Issues,No Complaint,46.6,3.52,23
AIR102728,2025-12-15,Kerala,Kerala City 2,Prepaid,1,Slow Internet,Resolved,31.5,4.42,64
AIR102729,2025-02-15,West Bengal,West Bengal City 3,Postpaid,0,Network Issues,No Complaint,13.9,3.13,-4
AIR102730,2025-03-15,Uttar Pradesh,Uttar Pradesh City 2,Postpaid,0,Others,No Complaint,60.1,3.57,6
AIR102731,2025-04-15,Tamil Nadu,Tamil Nadu City 1,Prepaid,0,Network Issues,No Complaint,17.8,4.53,65
AIR102732,2025-05-15,Kerala,Kerala City 3,Prepaid,1,Billing Issues,Resolved,14.5,3.74,12
AIR102733,2025-06-15,Maharashtra,Maharashtra City 3,Prepaid,0,Slow Internet,No Complaint,4.8,3.84,28
AIR102734,2025-07-15,Delhi,Delhi City 1,Broadband,1,Slow Internet,Resolved,31.6,4.11,25
AIR102735,2025-08-15,Karnataka,Karnataka City 3,Broadband,1,Call Drops,Resolved,18.5,3.83,32
AIR102736,2025-09-15,Rajasthan,Rajasthan City 2,Broadband,0,Call Drops,No Complaint,9.7,4.15,40
AIR102737,2025-10-15,Maharashtra,Maharashtra City 2,Prepaid,0,Network Issues,No Complaint,21.2,4.14,57
AIR102738,2025-11-15,Karnataka,Karnataka City 3,Prepaid,0,Network Issues,No Complaint,23.1,4.01,43
AIR102739,2025-12-15,Uttar Pradesh,Uttar Pradesh City 1,Prepaid,0,Slow Internet,No Complaint,15,3.94,33
AIR102740,2025-02-15,Rajasthan,Rajasthan City 2,Broadband,0,Network Issues,No Complaint,25.6,3.46,19
AIR102741,2025-03-15,Telangana,Telangana City 1,Prepaid,0,Call Drops,No Complaint,8,3.52,20
AIR102742,2025-04-15,Gujarat,Gujarat City 2,Prepaid,0,Network Issues,No Complaint,17.7,3.54,14
AIR102743,2025-05-15,Tamil Nadu,Tamil Nadu City 2,Broadband,1,Slow Internet,Resolved,26.3,3.78,46
AIR102744,2025-06-15,Kerala,Kerala City 3,Postpaid,0,Call Drops,No Complaint,11.6,3.8,27
AIR102745,2025-07-15,Maharashtra,Maharashtra City 3,Postpaid,0,Slow Internet,No Complaint,18.6,4.3,41
AIR102746,2025-08-15,Tamil Nadu,Tamil Nadu City 1,Prepaid,0,Billing Issues,No Complaint,17.1,3.89,41
AIR102747,2025-09-15,Delhi,Delhi City 3,Postpaid,1,Call Drops,Resolved,17.1,3.99,48
AIR102748,2025-10-15,Karnataka,Karnataka City 2,Broadband,0,Slow Internet,No Complaint,19.1,2.84,-1
AIR102749,2025-11-15,Karnataka,Karnataka City 2,Postpaid,1,Network Issues,Resolved,7.5,2.94,-23
AIR102750,2025-12-15,Maharashtra,Maharashtra City 1,Prepaid,0,Call Drops,No Complaint,40.5,3.52,15
AIR102751,2025-02-15,West Bengal,West Bengal City 1,Prepaid,0,Slow Internet,No Complaint,8.7,2.59,-26
AIR102752,2025-03-15,West Bengal,West Bengal City 2,Prepaid,0,Network Issues,No Complaint,20,3.76,21
AIR102753,2025-04-15,Telangana,Telangana City 3,Postpaid,0,Slow Internet,No Complaint,31,3.56,5
AIR102754,2025-05-15,Gujarat,Gujarat City 3,Prepaid,0,Network Issues,No Complaint,23.4,3.68,35
AIR102755,2025-06-15,Rajasthan,Rajasthan City 1,Postpaid,0,Network Issues,No Complaint,53.2,3.71,33
AIR102756,2025-07-15,Delhi,Delhi City 1,Postpaid,1,Call Drops,Resolved,35.1,3.27,27
AIR102757,2025-08-15,Tamil Nadu,Tamil Nadu City 2,Postpaid,0,Call Drops,No Complaint,5.1,3.87,52
AIR102758,2025-09-15,West Bengal,West Bengal City 2,Prepaid,1,Network Issues,Resolved,3.8,3.83,20
AIR102759,2025-10-15,Telangana,Telangana City 1,Postpaid,0,Slow Internet,No Complaint,13.5,4.12,58
AIR102760,2025-11-15,Telangana,Telangana City 2,Postpaid,0,Slow Internet,No Complaint,16,3.11,-2
AIR102761,2025-12-15,Maharashtra,Maharashtra City 1,Prepaid,0,Network Issues,No Complaint,8.7,3.14,-3
AIR102762,2025-02-15,Delhi,Delhi City 1,Enterprise,1,Network Issues,Resolved,13.5,3.26,18
AIR102763,2025-03-15,Uttar Pradesh,Uttar Pradesh City 3,Prepaid,0,Call Drops,No Complaint,4.9,4.17,32
AIR102764,2025-04-15,Rajasthan,Rajasthan City 1,Postpaid,1,Network Issues,In Progress,39.5,3.18,-3
AIR102765,2025-05-15,Gujarat,Gujarat City 2,Prepaid,1,Billing Issues,Resolved,15.7,3.57,24
AIR102766,2025-06-15,Kerala,Kerala City 3,Postpaid,1,Network Issues,Resolved,10.1,3.87,36
AIR102767,2025-07-15,Maharashtra,Maharashtra City 3,Postpaid,1,Network Issues,Resolved,12.6,3.27,17
AIR102768,2025-08-15,Rajasthan,Rajasthan City 2,Prepaid,1,Network Issues,Resolved,1.8,3.31,0
AIR102769,2025-09-15,Kerala,Kerala City 2,Postpaid,0,Network Issues,No Complaint,5.3,3.34,16
AIR102770,2025-10-15,Kerala,Kerala City 2,Postpaid,0,Network Issues,No Complaint,20.6,2.75,-2
AIR102771,2025-11-15,Delhi,Delhi City 1,Postpaid,0,Network Issues,No Complaint,16.2,4.26,42
AIR102772,2025-12-15,Delhi,Delhi City 3,Prepaid,0,Network Issues,No Complaint,5.7,4.33,31
AIR102773,2025-02-15,Tamil Nadu,Tamil Nadu City 1,Prepaid,0,Network Issues,No Complaint,6,4.19,55
AIR102774,2025-03-15,Telangana,Telangana City 1,Postpaid,0,Call Drops,No Complaint,9.8,3.86,33
AIR102775,2025-04-15,Rajasthan,Rajasthan City 1,Prepaid,1,Network Issues,Resolved,53.5,3.76,38
AIR102776,2025-05-15,Maharashtra,Maharashtra City 1,Postpaid,1,Slow Internet,Resolved,9.8,3.51,20
AIR102777,2025-06-15,Karnataka,Karnataka City 3,Prepaid,0,Others,No Complaint,14.1,4.12,40
AIR102778,2025-07-15,Maharashtra,Maharashtra City 3,Prepaid,0,Network Issues,No Complaint,13.9,3.16,6
AIR102779,2025-08-15,Tamil Nadu,Tamil Nadu City 1,Broadband,0,Call Drops,No Complaint,54.7,3.62,23
AIR102780,2025-09-15,Gujarat,Gujarat City 2,Postpaid,0,Network Issues,No Complaint,8.6,3.6,7
AIR102781,2025-10-15,Telangana,Telangana City 3,Postpaid,0,Slow Internet,No Complaint,5.4,3.49,28
AIR102782,2025-11-15,Karnataka,Karnataka City 1,Broadband,1,Network Issues,Resolved,4.2,4.03,35
AIR102783,2025-12-15,West Bengal,West Bengal City 2,Postpaid,0,Slow Internet,No Complaint,25.7,4.28,47
AIR102784,2025-02-15,Gujarat,Gujarat City 2,Postpaid,0,Network Issues,No Complaint,46.4,3.75,20
AIR102785,2025-03-15,Delhi,Delhi City 1,Enterprise,1,Network Issues,Resolved,3.7,4.15,44
AIR102786,2025-04-15,Kerala,Kerala City 3,Postpaid,0,Call Drops,No Complaint,20.5,3.22,2
AIR102787,2025-05-15,West Bengal,West Bengal City 2,Postpaid,0,Network Issues,No Complaint,5.3,3.48,36
AIR102788,2025-06-15,Maharashtra,Maharashtra City 3,Prepaid,1,Network Issues,Resolved,15,4.12,47
AIR102789,2025-07-15,Maharashtra,Maharashtra City 3,Broadband,1,Network Issues,Resolved,9.3,3.28,23
AIR102790,2025-08-15,Delhi,Delhi City 2,Prepaid,1,Slow Internet,In Progress,22.6,3.47,24
AIR102791,2025-09-15,Tamil Nadu,Tamil Nadu City 1,Prepaid,0,Network Issues,No Complaint,20.5,3.59,-10
AIR102792,2025-10-15,Rajasthan,Rajasthan City 2,Prepaid,0,Slow Internet,No Complaint,18,2.99,4
AIR102793,2025-11-15,West Bengal,West Bengal City 2,Prepaid,0,Slow Internet,No Complaint,4.9,3.85,36
AIR102794,2025-12-15,West Bengal,West Bengal City 3,Prepaid,0,Network Issues,No Complaint,23,4.17,53
AIR102795,2025-02-15,Uttar Pradesh,Uttar Pradesh City 1,Broadband,0,Slow Internet,No Complaint,10.9,3.32,14
AIR102796,2025-03-15,Gujarat,Gujarat City 3,Postpaid,0,Others,No Complaint,10.2,3.7,34
AIR102797,2025-04-15,Telangana,Telangana City 2,Prepaid,0,Slow Internet,No Complaint,16.4,3.18,8
AIR102798,2025-05-15,Gujarat,Gujarat City 1,Postpaid,0,Call Drops,No Complaint,16,3.55,46
AIR102799,2025-06-15,Rajasthan,Rajasthan City 1,Postpaid,1,Slow Internet,Resolved,15.5,3.35,14
AIR102800,2025-07-15,Maharashtra,Maharashtra City 1,Postpaid,0,Call Drops,No Complaint,13.1,3.54,21
AIR102801,2025-08-15,Maharashtra,Maharashtra City 1,Prepaid,1,Billing Issues,Resolved,53.2,3.71,13
AIR102802,2025-09-15,Maharashtra,Maharashtra City 1,Broadband,0,Call Drops,No Complaint,8.5,3.79,32
AIR102803,2025-10-15,Uttar Pradesh,Uttar Pradesh City 2,Prepaid,0,Slow Internet,No Complaint,31.3,3.34,31
AIR102804,2025-11-15,Maharashtra,Maharashtra City 2,Prepaid,1,Call Drops,In Progress,8.2,3.4,24
AIR102805,2025-12-15,Rajasthan,Rajasthan City 2,Prepaid,1,Call Drops,Resolved,6.5,3.74,17
AIR102806,2025-02-15,Delhi,Delhi City 3,Postpaid,0,Network Issues,No Complaint,9.1,3.15,-13
AIR102807,2025-03-15,Telangana,Telangana City 1,Postpaid,0,Slow Internet,No Complaint,3.4,3.06,-5
AIR102808,2025-04-15,Rajasthan,Rajasthan City 1,Prepaid,0,Network Issues,No Complaint,21.4,3.1,7
AIR102809,2025-05-15,Telangana,Telangana City 2,Prepaid,0,Network Issues,No Complaint,18.1,2.5,-10
AIR102810,2025-06-15,Rajasthan,Rajasthan City 1,Postpaid,0,Network Issues,No Complaint,25.2,3.25,15
AIR102811,2025-07-15,Maharashtra,Maharashtra City 3,Postpaid,0,Call Drops,No Complaint,8.8,3.93,33
AIR102812,2025-08-15,Delhi,Delhi City 1,Prepaid,0,Call Drops,No Complaint,6,3.96,31
AIR102813,2025-09-15,West Bengal,West Bengal City 1,Broadband,0,Network Issues,No Complaint,1.8,4.23,38
AIR102814,2025-10-15,Gujarat,Gujarat City 3,Enterprise,0,Slow Internet,No Complaint,5.2,3.78,16
AIR102815,2025-11-15,Kerala,Kerala City 2,Prepaid,0,Call Drops,No Complaint,13.6,2.65,-17
AIR102816,2025-12-15,Delhi,Delhi City 2,Postpaid,1,Slow Internet,Resolved,9.2,4.18,58
AIR102817,2025-02-15,West Bengal,West Bengal City 1,Prepaid,0,Billing Issues,No Complaint,5,2.81,9
AIR102818,2025-03-15,Tamil Nadu,Tamil Nadu City 3,Postpaid,1,Slow Internet,Pending,18.6,3.69,32
AIR102819,2025-04-15,Rajasthan,Rajasthan City 2,Prepaid,0,Slow Internet,No Complaint,18.2,3.44,1
AIR102820,2025-05-15,Tamil Nadu,Tamil Nadu City 2,Prepaid,0,Call Drops,No Complaint,16.3,4.29,42
AIR102821,2025-06-15,West Bengal,West Bengal City 2,Postpaid,1,Network Issues,Resolved,13.2,3.71,34
AIR102822,2025-07-15,Delhi,Delhi City 1,Broadband,0,Slow Internet,No Complaint,14.1,3.61,25
AIR102823,2025-08-15,Rajasthan,Rajasthan City 3,Prepaid,1,Billing Issues,Resolved,15.2,3.11,-5
AIR102824,2025-09-15,Kerala,Kerala City 1,Prepaid,0,Network Issues,No Complaint,3,3.69,29
AIR102825,2025-10-15,Maharashtra,Maharashtra City 2,Prepaid,0,Network Issues,No Complaint,10.9,4.09,46
AIR102826,2025-11-15,Rajasthan,Rajasthan City 3,Postpaid,0,Others,No Complaint,39.3,3.62,5
AIR102827,2025-12-15,Rajasthan,Rajasthan City 1,Postpaid,0,Network Issues,No Complaint,10.3,4.72,52
AIR102828,2025-02-15,Delhi,Delhi City 2,Postpaid,1,Network Issues,Pending,14.1,4.27,57
AIR102829,2025-03-15,Delhi,Delhi City 2,Postpaid,0,Call Drops,No Complaint,9,3.64,2
AIR102830,2025-04-15,West Bengal,West Bengal City 1,Postpaid,0,Slow Internet,No Complaint,12.5,3.54,11
AIR102831,2025-05-15,Karnataka,Karnataka City 2,Postpaid,0,Slow Internet,No Complaint,14.2,3.69,34
AIR102832,2025-06-15,Rajasthan,Rajasthan City 2,Postpaid,0,Network Issues,No Complaint,16.5,4.22,53
AIR102833,2025-07-15,Gujarat,Gujarat City 3,Postpaid,0,Call Drops,No Complaint,16.8,3.75,16
AIR102834,2025-08-15,Rajasthan,Rajasthan City 2,Broadband,0,Network Issues,No Complaint,16.9,2.88,5
AIR102835,2025-09-15,West Bengal,West Bengal City 1,Prepaid,0,Slow Internet,No Complaint,16.9,3.86,45
AIR102836,2025-10-15,Telangana,Telangana City 3,Prepaid,0,Network Issues,No Complaint,11.9,3.64,16
AIR102837,2025-11-15,Tamil Nadu,Tamil Nadu City 1,Prepaid,0,Network Issues,No Complaint,7.8,3.61,23
AIR102838,2025-12-15,Maharashtra,Maharashtra City 2,Broadband,1,Billing Issues,In Progress,49.2,2.83,-16
AIR102839,2025-02-15,Karnataka,Karnataka City 3,Prepaid,1,Network Issues,Resolved,1.9,3.02,-10
AIR102840,2025-03-15,Kerala,Kerala City 3,Prepaid,0,Network Issues,No Complaint,8.3,3.19,9
AIR102841,2025-04-15,Kerala,Kerala City 3,Enterprise,0,Slow Internet,No Complaint,20.1,3.31,12
AIR102842,2025-05-15,Kerala,Kerala City 3,Broadband,0,Call Drops,No Complaint,15.6,3.25,22
AIR102843,2025-06-15,Delhi,Delhi City 1,Enterprise,1,Network Issues,Resolved,8.8,4.14,39
AIR102844,2025-07-15,Kerala,Kerala City 2,Prepaid,1,Network Issues,Resolved,20.3,3.97,37
AIR102845,2025-08-15,Maharashtra,Maharashtra City 2,Broadband,1,Slow Internet,Pending,15.8,3.96,26
AIR102846,2025-09-15,Tamil Nadu,Tamil Nadu City 3,Prepaid,0,Slow Internet,No Complaint,13.1,3.57,16
AIR102847,2025-10-15,Kerala,Kerala City 2,Prepaid,1,Call Drops,In Progress,7.3,3.12,5
AIR102848,2025-11-15,Rajasthan,Rajasthan City 1,Prepaid,0,Network Issues,No Complaint,38.1,3.97,18
AIR102849,2025-12-15,Rajasthan,Rajasthan City 2,Postpaid,0,Slow Internet,No Complaint,20.9,3.71,38
AIR102850,2025-02-15,Delhi,Delhi City 1,Prepaid,1,Slow Internet,Resolved,20.2,3.59,29
AIR102851,2025-03-15,Maharashtra,Maharashtra City 1,Postpaid,0,Network Issues,No Complaint,24.5,3.51,21
AIR102852,2025-04-15,Tamil Nadu,Tamil Nadu City 2,Broadband,0,Slow Internet,No Complaint,9.5,3.74,34
AIR102853,2025-05-15,Karnataka,Karnataka City 1,Prepaid,0,Slow Internet,No Complaint,20.6,4,35
AIR102854,2025-06-15,West Bengal,West Bengal City 1,Prepaid,0,Network Issues,No Complaint,10.2,3.24,-10
AIR102855,2025-07-15,Tamil Nadu,Tamil Nadu City 1,Prepaid,0,Network Issues,No Complaint,5.1,3.67,16
AIR102856,2025-08-15,West Bengal,West Bengal City 1,Broadband,0,Network Issues,No Complaint,26.2,3.29,5
AIR102857,2025-09-15,Telangana,Telangana City 3,Prepaid,0,Slow Internet,No Complaint,13.3,3.42,21
AIR102858,2025-10-15,West Bengal,West Bengal City 2,Prepaid,0,Network Issues,No Complaint,10.7,3.47,7
AIR102859,2025-11-15,Gujarat,Gujarat City 3,Prepaid,0,Others,No Complaint,4.8,3.7,22
AIR102860,2025-12-15,Rajasthan,Rajasthan City 1,Broadband,1,Slow Internet,Resolved,32.9,3.47,23
AIR102861,2025-02-15,Maharashtra,Maharashtra City 2,Prepaid,0,Slow Internet,No Complaint,4,3.8,39
AIR102862,2025-03-15,Uttar Pradesh,Uttar Pradesh City 1,Prepaid,0,Network Issues,No Complaint,7.7,3.2,13
AIR102863,2025-04-15,Delhi,Delhi City 2,Prepaid,0,Network Issues,No Complaint,5,3.55,23
AIR102864,2025-05-15,Gujarat,Gujarat City 3,Broadband,0,Slow Internet,No Complaint,27.4,2.96,9
AIR102865,2025-06-15,West Bengal,West Bengal City 2,Prepaid,1,Billing Issues,Resolved,16,3.68,14
AIR102866,2025-07-15,Kerala,Kerala City 1,Postpaid,1,Billing Issues,Resolved,14.5,3.66,29
AIR102867,2025-08-15,Maharashtra,Maharashtra City 2,Prepaid,1,Slow Internet,Resolved,3.5,4.6,45
AIR102868,2025-09-15,Gujarat,Gujarat City 2,Enterprise,0,Call Drops,No Complaint,6.9,4.23,24
AIR102869,2025-10-15,Delhi,Delhi City 3,Postpaid,1,Network Issues,Resolved,39.3,3.74,29
AIR102870,2025-11-15,Rajasthan,Rajasthan City 1,Postpaid,0,Slow Internet,No Complaint,15.9,3.9,27
AIR102871,2025-12-15,Maharashtra,Maharashtra City 2,Prepaid,0,Slow Internet,No Complaint,28.9,3.24,13
AIR102872,2025-02-15,Delhi,Delhi City 3,Prepaid,0,Billing Issues,No Complaint,60.9,4.19,48
AIR102873,2025-03-15,Telangana,Telangana City 2,Prepaid,1,Slow Internet,Resolved,12.3,2.76,-8
AIR102874,2025-04-15,Telangana,Telangana City 1,Postpaid,0,Network Issues,No Complaint,3.8,3.13,5
AIR102875,2025-05-15,Delhi,Delhi City 2,Enterprise,1,Slow Internet,Resolved,12.8,3.49,7
AIR102876,2025-06-15,Gujarat,Gujarat City 2,Prepaid,1,Network Issues,Resolved,3,3.49,8
AIR102877,2025-07-15,Maharashtra,Maharashtra City 2,Broadband,0,Network Issues,No Complaint,11.7,4.3,53
AIR102878,2025-08-15,Gujarat,Gujarat City 2,Prepaid,0,Network Issues,No Complaint,17.8,3.58,18
AIR102879,2025-09-15,Karnataka,Karnataka City 1,Broadband,0,Call Drops,No Complaint,32.3,3.76,28
AIR102880,2025-10-15,West Bengal,West Bengal City 3,Prepaid,0,Network Issues,No Complaint,27.9,3.36,-7
AIR102881,2025-11-15,Karnataka,Karnataka City 3,Prepaid,0,Call Drops,No Complaint,14.1,3.99,25
AIR102882,2025-12-15,Telangana,Telangana City 2,Postpaid,0,Network Issues,No Complaint,5.7,3.42,5
AIR102883,2025-02-15,Rajasthan,Rajasthan City 1,Postpaid,0,Network Issues,No Complaint,12,3.44,18
AIR102884,2025-03-15,Tamil Nadu,Tamil Nadu City 1,Postpaid,0,Call Drops,No Complaint,25,3.74,28
AIR102885,2025-04-15,West Bengal,West Bengal City 1,Postpaid,0,Slow Internet,No Complaint,21.4,3.27,15
AIR102886,2025-05-15,Telangana,Telangana City 1,Postpaid,0,Slow Internet,No Complaint,4.5,4.63,64
AIR102887,2025-06-15,Gujarat,Gujarat City 1,Prepaid,0,Slow Internet,No Complaint,26.1,3.84,14
AIR102888,2025-07-15,Gujarat,Gujarat City 1,Prepaid,0,Slow Internet,No Complaint,10.9,4.23,66
AIR102889,2025-08-15,Gujarat,Gujarat City 2,Prepaid,1,Network Issues,Resolved,8.1,3.93,26
AIR102890,2025-09-15,Rajasthan,Rajasthan City 3,Postpaid,0,Call Drops,No Complaint,7.2,4.09,49
AIR102891,2025-10-15,Karnataka,Karnataka City 3,Postpaid,0,Network Issues,No Complaint,20.5,4.22,48
AIR102892,2025-11-15,Tamil Nadu,Tamil Nadu City 2,Postpaid,0,Call Drops,No Complaint,21.9,3.14,2
AIR102893,2025-12-15,Gujarat,Gujarat City 3,Postpaid,1,Slow Internet,In Progress,16.6,3.76,40
AIR102894,2025-02-15,Uttar Pradesh,Uttar Pradesh City 1,Prepaid,0,Slow Internet,No Complaint,2.5,2.9,-2
AIR102895,2025-03-15,West Bengal,West Bengal City 1,Postpaid,1,Slow Internet,Resolved,32.7,3.09,1
AIR102896,2025-04-15,Maharashtra,Maharashtra City 3,Prepaid,0,Network Issues,No Complaint,12.6,3.95,24
AIR102897,2025-05-15,Uttar Pradesh,Uttar Pradesh City 1,Postpaid,1,Network Issues,Resolved,25.8,4.19,43
AIR102898,2025-06-15,Tamil Nadu,Tamil Nadu City 1,Prepaid,0,Call Drops,No Complaint,22.4,3.38,19
AIR102899,2025-07-15,Rajasthan,Rajasthan City 3,Postpaid,0,Network Issues,No Complaint,13.7,2.83,-9
AIR102900,2025-08-15,Tamil Nadu,Tamil Nadu City 2,Postpaid,0,Network Issues,No Complaint,20.3,3.25,14
AIR102901,2025-09-15,Maharashtra,Maharashtra City 3,Prepaid,0,Slow Internet,No Complaint,32.9,4.07,35
AIR102902,2025-10-15,West Bengal,West Bengal City 3,Postpaid,0,Slow Internet,No Complaint,20.9,4.04,16
AIR102903,2025-11-15,Maharashtra,Maharashtra City 3,Prepaid,0,Call Drops,No Complaint,16,3.28,-4
AIR102904,2025-12-15,Delhi,Delhi City 3,Prepaid,0,Slow Internet,No Complaint,39.2,3.85,22
AIR102905,2025-02-15,West Bengal,West Bengal City 2,Postpaid,0,Network Issues,No Complaint,17.5,3.58,30
AIR102906,2025-03-15,Tamil Nadu,Tamil Nadu City 2,Broadband,0,Slow Internet,No Complaint,21.4,3.09,0
AIR102907,2025-04-15,Gujarat,Gujarat City 1,Prepaid,0,Billing Issues,No Complaint,16.5,3.98,46
AIR102908,2025-05-15,Tamil Nadu,Tamil Nadu City 1,Prepaid,0,Network Issues,No Complaint,18,4.54,55
AIR102909,2025-06-15,Tamil Nadu,Tamil Nadu City 3,Postpaid,1,Slow Internet,Resolved,16.9,4.05,25
AIR102910,2025-07-15,West Bengal,West Bengal City 1,Postpaid,0,Others,No Complaint,6,4.05,36
AIR102911,2025-08-15,Delhi,Delhi City 2,Prepaid,0,Call Drops,No Complaint,30.7,4.53,45
AIR102912,2025-09-15,Tamil Nadu,Tamil Nadu City 1,Broadband,0,Network Issues,No Complaint,7,3.24,-5
AIR102913,2025-10-15,Uttar Pradesh,Uttar Pradesh City 1,Postpaid,1,Slow Internet,Pending,14.5,3.67,23
AIR102914,2025-11-15,Telangana,Telangana City 1,Prepaid,0,Slow Internet,No Complaint,15.9,4.34,34
AIR102915,2025-12-15,Kerala,Kerala City 3,Prepaid,0,Billing Issues,No Complaint,12.7,2.81,-9
AIR102916,2025-02-15,Kerala,Kerala City 1,Postpaid,0,Call Drops,No Complaint,6.2,4.43,34
AIR102917,2025-03-15,Tamil Nadu,Tamil Nadu City 2,Postpaid,0,Call Drops,No Complaint,20.6,3.25,3
AIR102918,2025-04-15,Uttar Pradesh,Uttar Pradesh City 2,Prepaid,0,Network Issues,No Complaint,15.3,3.71,24
AIR102919,2025-05-15,Gujarat,Gujarat City 2,Enterprise,0,Slow Internet,No Complaint,13.6,3.82,24
AIR102920,2025-06-15,Rajasthan,Rajasthan City 2,Prepaid,0,Call Drops,No Complaint,21.4,3.49,20
AIR102921,2025-07-15,Rajasthan,Rajasthan City 1,Postpaid,1,Network Issues,Resolved,42.2,3.57,7
AIR102922,2025-08-15,West Bengal,West Bengal City 3,Prepaid,1,Network Issues,Resolved,8,3.85,30
AIR102923,2025-09-15,Kerala,Kerala City 2,Broadband,0,Network Issues,No Complaint,17,3.22,-3
AIR102924,2025-10-15,Tamil Nadu,Tamil Nadu City 2,Postpaid,0,Call Drops,No Complaint,7.7,3.51,5
AIR102925,2025-11-15,Rajasthan,Rajasthan City 3,Prepaid,1,Network Issues,Resolved,34.2,3.71,15
AIR102926,2025-12-15,Tamil Nadu,Tamil Nadu City 3,Broadband,0,Billing Issues,No Complaint,6.5,3.93,41
AIR102927,2025-02-15,West Bengal,West Bengal City 2,Prepaid,0,Others,No Complaint,18,3.15,-4
AIR102928,2025-03-15,Kerala,Kerala City 2,Postpaid,0,Network Issues,No Complaint,44.1,4,34
AIR102929,2025-04-15,Maharashtra,Maharashtra City 3,Broadband,0,Slow Internet,No Complaint,11.3,3.91,44
AIR102930,2025-05-15,Telangana,Telangana City 2,Postpaid,0,Slow Internet,No Complaint,32.3,2.79,-11
AIR102931,2025-06-15,Telangana,Telangana City 2,Broadband,1,Slow Internet,Resolved,37,3.63,18
AIR102932,2025-07-15,Rajasthan,Rajasthan City 1,Broadband,1,Network Issues,In Progress,35.6,4.15,45
AIR102933,2025-08-15,Telangana,Telangana City 3,Enterprise,0,Billing Issues,No Complaint,3.8,2.8,-3
AIR102934,2025-09-15,Maharashtra,Maharashtra City 1,Prepaid,0,Network Issues,No Complaint,9.6,3.94,15
AIR102935,2025-10-15,Tamil Nadu,Tamil Nadu City 1,Prepaid,1,Call Drops,In Progress,35.7,3.66,37
AIR102936,2025-11-15,West Bengal,West Bengal City 3,Postpaid,1,Slow Internet,Pending,10.4,3.25,9
AIR102937,2025-12-15,Maharashtra,Maharashtra City 1,Postpaid,1,Slow Internet,Resolved,22.8,3.44,8
AIR102938,2025-02-15,West Bengal,West Bengal City 2,Postpaid,0,Billing Issues,No Complaint,11,4,36
AIR102939,2025-03-15,West Bengal,West Bengal City 1,Prepaid,0,Slow Internet,No Complaint,35.1,3.8,26
AIR102940,2025-04-15,Kerala,Kerala City 3,Broadband,1,Network Issues,Pending,12.8,3.16,3
AIR102941,2025-05-15,Tamil Nadu,Tamil Nadu City 2,Enterprise,0,Call Drops,No Complaint,39,3.53,17
AIR102942,2025-06-15,Uttar Pradesh,Uttar Pradesh City 2,Prepaid,0,Network Issues,No Complaint,10.4,3.35,-6
AIR102943,2025-07-15,Telangana,Telangana City 2,Prepaid,1,Slow Internet,In Progress,25,3.44,13
AIR102944,2025-08-15,Uttar Pradesh,Uttar Pradesh City 2,Prepaid,0,Slow Internet,No Complaint,5,3.92,34
AIR102945,2025-09-15,Kerala,Kerala City 1,Prepaid,1,Billing Issues,In Progress,35.8,3.64,23
AIR102946,2025-10-15,West Bengal,West Bengal City 1,Postpaid,0,Slow Internet,No Complaint,24.5,3.02,14
AIR102947,2025-11-15,Rajasthan,Rajasthan City 2,Broadband,0,Billing Issues,No Complaint,37.8,3.56,28
AIR102948,2025-12-15,Telangana,Telangana City 3,Prepaid,0,Network Issues,No Complaint,12.1,3.58,19
AIR102949,2025-02-15,Telangana,Telangana City 2,Postpaid,0,Slow Internet,No Complaint,10.7,3.66,24
AIR102950,2025-03-15,Tamil Nadu,Tamil Nadu City 1,Postpaid,1,Network Issues,In Progress,7.8,3.2,15
AIR102951,2025-04-15,Delhi,Delhi City 2,Prepaid,0,Billing Issues,No Complaint,23.2,3.43,3
AIR102952,2025-05-15,Karnataka,Karnataka City 1,Postpaid,0,Slow Internet,No Complaint,22,3.31,-3
AIR102953,2025-06-15,Karnataka,Karnataka City 2,Postpaid,1,Slow Internet,In Progress,35.9,3.63,13
AIR102954,2025-07-15,Karnataka,Karnataka City 3,Broadband,0,Slow Internet,No Complaint,11.5,2.72,-17
AIR102955,2025-08-15,Delhi,Delhi City 2,Postpaid,0,Billing Issues,No Complaint,9.7,4.23,45
AIR102956,2025-09-15,Tamil Nadu,Tamil Nadu City 3,Postpaid,0,Others,No Complaint,15.2,3.58,10
AIR102957,2025-10-15,Delhi,Delhi City 3,Prepaid,1,Slow Internet,Resolved,13.7,4.07,50
AIR102958,2025-11-15,Karnataka,Karnataka City 2,Prepaid,0,Call Drops,No Complaint,4.7,3.44,23
AIR102959,2025-12-15,Kerala,Kerala City 3,Prepaid,0,Call Drops,No Complaint,2.1,3.68,15
AIR102960,2025-02-15,Maharashtra,Maharashtra City 3,Prepaid,1,Slow Internet,Resolved,33.2,2.91,-3
AIR102961,2025-03-15,West Bengal,West Bengal City 1,Prepaid,0,Others,No Complaint,5,4.08,43
AIR102962,2025-04-15,Delhi,Delhi City 1,Prepaid,1,Billing Issues,Resolved,17.5,3.7,24
AIR102963,2025-05-15,Tamil Nadu,Tamil Nadu City 3,Postpaid,0,Network Issues,No Complaint,8,2.97,-16
AIR102964,2025-06-15,Tamil Nadu,Tamil Nadu City 2,Postpaid,0,Slow Internet,No Complaint,30.3,3.93,25
AIR102965,2025-07-15,Uttar Pradesh,Uttar Pradesh City 3,Prepaid,0,Call Drops,No Complaint,28.3,3.92,38
AIR102966,2025-08-15,Maharashtra,Maharashtra City 2,Prepaid,0,Billing Issues,No Complaint,58.3,4.64,58
AIR102967,2025-09-15,Rajasthan,Rajasthan City 1,Postpaid,0,Call Drops,No Complaint,31.6,3.31,-2
AIR102968,2025-10-15,Telangana,Telangana City 2,Prepaid,1,Call Drops,Resolved,8.4,3.18,14
AIR102969,2025-11-15,Karnataka,Karnataka City 3,Prepaid,1,Network Issues,In Progress,4.3,3.5,23
AIR102970,2025-12-15,Rajasthan,Rajasthan City 3,Postpaid,0,Slow Internet,No Complaint,7.1,3.95,31
AIR102971,2025-02-15,Uttar Pradesh,Uttar Pradesh City 3,Prepaid,1,Network Issues,Resolved,30.5,3.28,18
AIR102972,2025-03-15,Karnataka,Karnataka City 3,Prepaid,1,Slow Internet,Resolved,17.8,3.92,26
AIR102973,2025-04-15,Maharashtra,Maharashtra City 3,Prepaid,1,Billing Issues,In Progress,15.1,4.3,42
AIR102974,2025-05-15,Uttar Pradesh,Uttar Pradesh City 2,Prepaid,0,Slow Internet,No Complaint,26.1,3.92,36
AIR102975,2025-06-15,Karnataka,Karnataka City 3,Enterprise,0,Call Drops,No Complaint,13.8,3.32,5
AIR102976,2025-07-15,Maharashtra,Maharashtra City 1,Prepaid,0,Call Drops,No Complaint,6.5,3.62,24
AIR102977,2025-08-15,Gujarat,Gujarat City 3,Postpaid,0,Billing Issues,No Complaint,23.4,3.01,-3
AIR102978,2025-09-15,Rajasthan,Rajasthan City 2,Postpaid,0,Network Issues,No Complaint,3.7,3.37,22
AIR102979,2025-10-15,Rajasthan,Rajasthan City 3,Prepaid,0,Others,No Complaint,8.8,3.42,9
AIR102980,2025-11-15,Telangana,Telangana City 3,Prepaid,1,Slow Internet,Resolved,7,3.98,48
AIR102981,2025-12-15,Maharashtra,Maharashtra City 2,Broadband,0,Network Issues,No Complaint,20.9,2.79,-25
AIR102982,2025-02-15,Delhi,Delhi City 3,Broadband,0,Slow Internet,No Complaint,17.7,3.94,39
AIR102983,2025-03-15,Gujarat,Gujarat City 2,Prepaid,0,Network Issues,No Complaint,17.5,3.63,13
AIR102984,2025-04-15,Kerala,Kerala City 3,Prepaid,0,Network Issues,No Complaint,17.9,3.3,16
AIR102985,2025-05-15,Karnataka,Karnataka City 1,Postpaid,0,Slow Internet,No Complaint,41.2,3.33,-3
AIR102986,2025-06-15,Gujarat,Gujarat City 3,Prepaid,0,Network Issues,No Complaint,25.4,3.69,22
AIR102987,2025-07-15,Maharashtra,Maharashtra City 2,Prepaid,0,Network Issues,No Complaint,11.8,3.81,38
AIR102988,2025-08-15,West Bengal,West Bengal City 1,Prepaid,0,Network Issues,No Complaint,31.4,4.09,35
AIR102989,2025-09-15,Karnataka,Karnataka City 2,Prepaid,1,Slow Internet,In Progress,1.8,3.83,30
AIR102990,2025-10-15,Tamil Nadu,Tamil Nadu City 3,Prepaid,0,Network Issues,No Complaint,33.2,3.75,30
AIR102991,2025-11-15,Rajasthan,Rajasthan City 1,Postpaid,1,Slow Internet,Resolved,3.1,3.44,8
AIR102992,2025-12-15,Maharashtra,Maharashtra City 2,Postpaid,0,Slow Internet,No Complaint,7.9,4.04,45
AIR102993,2025-02-15,Tamil Nadu,Tamil Nadu City 1,Postpaid,1,Call Drops,Resolved,19.5,3.62,11
AIR102994,2025-03-15,Telangana,Telangana City 1,Prepaid,0,Call Drops,No Complaint,6.3,3.86,33
AIR102995,2025-04-15,Uttar Pradesh,Uttar Pradesh City 2,Prepaid,1,Billing Issues,Resolved,29.5,3.28,-2
AIR102996,2025-05-15,Kerala,Kerala City 1,Postpaid,0,Call Drops,No Complaint,13,3.92,32
AIR102997,2025-06-15,Kerala,Kerala City 2,Prepaid,1,Call Drops,Pending,14.9,3.79,30
AIR102998,2025-07-15,Tamil Nadu,Tamil Nadu City 1,Prepaid,0,Network Issues,No Complaint,12.7,4,64
AIR102999,2025-08-15,Rajasthan,Rajasthan City 1,Prepaid,0,Network Issues,No Complaint,32.6,3.18,15
AIR103000,2025-09-15,Telangana,Telangana City 1,Prepaid,0,Network Issues,No Complaint,7.6,3.96,19
AIR103001,2025-10-15,West Bengal,West Bengal City 3,Broadband,0,Billing Issues,No Complaint,14.3,3.31,-7
AIR103002,2025-11-15,Rajasthan,Rajasthan City 3,Postpaid,0,Network Issues,No Complaint,1.1,4.13,38
AIR103003,2025-12-15,Gujarat,Gujarat City 2,Prepaid,0,Slow Internet,No Complaint,10.9,3.65,25
AIR103004,2025-02-15,Kerala,Kerala City 1,Postpaid,0,Slow Internet,No Complaint,38.6,3.25,10
AIR103005,2025-03-15,Gujarat,Gujarat City 2,Prepaid,0,Slow Internet,No Complaint,9,3.76,33
AIR103006,2025-04-15,Karnataka,Karnataka City 3,Prepaid,1,Others,In Progress,11.9,4.75,62
AIR103007,2025-05-15,Delhi,Delhi City 3,Prepaid,0,Network Issues,No Complaint,20.5,3.06,-3
AIR103008,2025-06-15,Maharashtra,Maharashtra City 3,Postpaid,0,Network Issues,No Complaint,6.3,3.58,25
AIR103009,2025-07-15,Telangana,Telangana City 3,Prepaid,0,Slow Internet,No Complaint,1.4,3.97,34
AIR103010,2025-08-15,Rajasthan,Rajasthan City 2,Prepaid,0,Slow Internet,No Complaint,64.7,3.27,-2
AIR103011,2025-09-15,Kerala,Kerala City 1,Prepaid,0,Network Issues,No Complaint,26.5,3.8,46
AIR103012,2025-10-15,Gujarat,Gujarat City 2,Prepaid,1,Slow Internet,Resolved,16.3,4.09,31
AIR103013,2025-11-15,Uttar Pradesh,Uttar Pradesh City 1,Postpaid,0,Network Issues,No Complaint,15.4,3.48,27
AIR103014,2025-12-15,Karnataka,Karnataka City 3,Broadband,1,Network Issues,Resolved,16.8,3.46,10
AIR103015,2025-02-15,Maharashtra,Maharashtra City 1,Postpaid,0,Network Issues,No Complaint,1.8,3.2,0
AIR103016,2025-03-15,Maharashtra,Maharashtra City 3,Postpaid,0,Slow Internet,No Complaint,13.8,3.17,-14
AIR103017,2025-04-15,Rajasthan,Rajasthan City 2,Broadband,0,Slow Internet,No Complaint,1.9,3.28,3
AIR103018,2025-05-15,Telangana,Telangana City 1,Prepaid,0,Call Drops,No Complaint,32.7,3.54,3
AIR103019,2025-06-15,West Bengal,West Bengal City 2,Prepaid,0,Network Issues,No Complaint,40.1,4.21,55
AIR103020,2025-07-15,Uttar Pradesh,Uttar Pradesh City 3,Prepaid,0,Call Drops,No Complaint,11.7,2.63,-38
AIR103021,2025-08-15,Rajasthan,Rajasthan City 2,Prepaid,1,Slow Internet,Resolved,13.8,4.4,49
AIR103022,2025-09-15,Gujarat,Gujarat City 3,Prepaid,0,Call Drops,No Complaint,29,3.6,31
AIR103023,2025-10-15,Delhi,Delhi City 3,Prepaid,0,Call Drops,No Complaint,3.2,3.89,27
AIR103024,2025-11-15,Tamil Nadu,Tamil Nadu City 3,Prepaid,0,Slow Internet,No Complaint,24.4,3.73,6
AIR103025,2025-12-15,West Bengal,West Bengal City 2,Postpaid,0,Slow Internet,No Complaint,18.5,4.43,43
AIR103026,2025-02-15,Telangana,Telangana City 2,Broadband,1,Network Issues,Resolved,19.1,3.38,10
AIR103027,2025-03-15,Karnataka,Karnataka City 1,Prepaid,1,Network Issues,Resolved,25.1,3.98,22
AIR103028,2025-04-15,West Bengal,West Bengal City 1,Prepaid,0,Billing Issues,No Complaint,15.6,4.34,43
AIR103029,2025-05-15,Kerala,Kerala City 2,Postpaid,0,Network Issues,No Complaint,13.3,4.14,42
AIR103030,2025-06-15,Telangana,Telangana City 2,Prepaid,1,Others,Resolved,9.7,3.71,20
AIR103031,2025-07-15,Delhi,Delhi City 2,Prepaid,0,Call Drops,No Complaint,29,3.58,12
AIR103032,2025-08-15,Kerala,Kerala City 2,Prepaid,1,Slow Internet,Resolved,15.4,4.23,49
AIR103033,2025-09-15,West Bengal,West Bengal City 3,Postpaid,1,Call Drops,Resolved,2.8,3.38,17
AIR103034,2025-10-15,Tamil Nadu,Tamil Nadu City 3,Broadband,0,Slow Internet,No Complaint,16.7,2.64,-17
AIR103035,2025-11-15,Tamil Nadu,Tamil Nadu City 3,Postpaid,0,Call Drops,No Complaint,17.5,4.16,56
AIR103036,2025-12-15,Delhi,Delhi City 2,Prepaid,0,Network Issues,No Complaint,26.9,3.49,39
AIR103037,2025-02-15,Maharashtra,Maharashtra City 3,Prepaid,1,Network Issues,Pending,17.7,3.57,0
AIR103038,2025-03-15,Uttar Pradesh,Uttar Pradesh City 3,Prepaid,1,Slow Internet,Resolved,17,4.09,41
AIR103039,2025-04-15,Karnataka,Karnataka City 1,Broadband,0,Call Drops,No Complaint,19.2,3.45,30
AIR103040,2025-05-15,Maharashtra,Maharashtra City 1,Postpaid,0,Slow Internet,No Complaint,3.6,3.93,38
AIR103041,2025-06-15,Tamil Nadu,Tamil Nadu City 3,Prepaid,0,Call Drops,No Complaint,41,3.26,4
AIR103042,2025-07-15,Tamil Nadu,Tamil Nadu City 3,Postpaid,0,Call Drops,No Complaint,9.4,4.04,33
AIR103043,2025-08-15,Gujarat,Gujarat City 3,Prepaid,0,Slow Internet,No Complaint,3.5,3.97,57
AIR103044,2025-09-15,Kerala,Kerala City 2,Enterprise,1,Slow Internet,In Progress,17.6,3.67,19
AIR103045,2025-10-15,West Bengal,West Bengal City 1,Broadband,0,Network Issues,No Complaint,26.9,4.06,39
AIR103046,2025-11-15,Karnataka,Karnataka City 1,Prepaid,1,Call Drops,Resolved,7.3,4.03,42
AIR103047,2025-12-15,Delhi,Delhi City 1,Postpaid,0,Billing Issues,No Complaint,30.5,3.2,9
AIR103048,2025-02-15,West Bengal,West Bengal City 3,Postpaid,1,Network Issues,Resolved,20.7,4.18,44
AIR103049,2025-03-15,Gujarat,Gujarat City 2,Prepaid,0,Slow Internet,No Complaint,6.3,3.41,17
AIR103050,2025-04-15,Tamil Nadu,Tamil Nadu City 1,Postpaid,0,Slow Internet,No Complaint,18.8,3.27,15
AIR103051,2025-05-15,Delhi,Delhi City 1,Postpaid,0,Network Issues,No Complaint,16.8,3.83,23
AIR103052,2025-06-15,Tamil Nadu,Tamil Nadu City 2,Prepaid,1,Network Issues,Resolved,42.8,3.28,23
AIR103053,2025-07-15,Karnataka,Karnataka City 3,Postpaid,1,Network Issues,Resolved,34.2,3.61,19
AIR103054,2025-08-15,Kerala,Kerala City 3,Postpaid,0,Slow Internet,No Complaint,12.5,3.3,10
AIR103055,2025-09-15,West Bengal,West Bengal City 1,Prepaid,1,Others,Resolved,18,3.63,22
AIR103056,2025-10-15,West Bengal,West Bengal City 1,Prepaid,1,Slow Internet,In Progress,9.9,4.19,38
AIR103057,2025-11-15,Maharashtra,Maharashtra City 2,Postpaid,0,Network Issues,No Complaint,19.9,3.94,27
AIR103058,2025-12-15,Delhi,Delhi City 1,Prepaid,0,Billing Issues,No Complaint,25.6,3.54,3
AIR103059,2025-02-15,Uttar Pradesh,Uttar Pradesh City 2,Broadband,0,Slow Internet,No Complaint,22,3.11,21
AIR103060,2025-03-15,Gujarat,Gujarat City 1,Prepaid,0,Others,No Complaint,15.4,3.03,-13
AIR103061,2025-04-15,Uttar Pradesh,Uttar Pradesh City 1,Prepaid,0,Billing Issues,No Complaint,3.8,2.72,3
AIR103062,2025-05-15,Maharashtra,Maharashtra City 1,Prepaid,1,Network Issues,Resolved,9.6,3.44,19
AIR103063,2025-06-15,Karnataka,Karnataka City 3,Postpaid,1,Slow Internet,Pending,3.3,3.47,19
AIR103064,2025-07-15,Gujarat,Gujarat City 2,Postpaid,1,Slow Internet,Resolved,1.6,2.57,-20
AIR103065,2025-08-15,Kerala,Kerala City 2,Prepaid,0,Network Issues,No Complaint,22.1,3.94,45
AIR103066,2025-09-15,Uttar Pradesh,Uttar Pradesh City 3,Prepaid,0,Billing Issues,No Complaint,4.8,3.76,33
AIR103067,2025-10-15,Kerala,Kerala City 3,Broadband,1,Call Drops,In Progress,17.9,4.36,49
AIR103068,2025-11-15,Uttar Pradesh,Uttar Pradesh City 3,Prepaid,1,Others,Resolved,1.7,3.85,26
AIR103069,2025-12-15,Kerala,Kerala City 2,Prepaid,0,Network Issues,No Complaint,32.8,3.76,22
AIR103070,2025-02-15,Uttar Pradesh,Uttar Pradesh City 1,Prepaid,1,Slow Internet,Resolved,31.1,3.55,15
AIR103071,2025-03-15,Kerala,Kerala City 3,Prepaid,1,Network Issues,Resolved,15.1,3.8,3
AIR103072,2025-04-15,Maharashtra,Maharashtra City 3,Prepaid,0,Call Drops,No Complaint,13,3.58,29
AIR103073,2025-05-15,Telangana,Telangana City 3,Prepaid,1,Slow Internet,Resolved,12.5,2.97,-2
AIR103074,2025-06-15,Gujarat,Gujarat City 1,Prepaid,0,Billing Issues,No Complaint,33.2,3.11,2
AIR103075,2025-07-15,Delhi,Delhi City 1,Broadband,0,Call Drops,No Complaint,20.1,3.38,-2
AIR103076,2025-08-15,Karnataka,Karnataka City 3,Prepaid,1,Slow Internet,Resolved,28.7,3.49,2
AIR103077,2025-09-15,Rajasthan,Rajasthan City 1,Postpaid,1,Network Issues,Resolved,9.8,3.91,59
AIR103078,2025-10-15,Tamil Nadu,Tamil Nadu City 3,Postpaid,1,Slow Internet,Resolved,12,3.78,35
AIR103079,2025-11-15,Delhi,Delhi City 1,Prepaid,1,Slow Internet,Pending,17.3,3.35,11
AIR103080,2025-12-15,Tamil Nadu,Tamil Nadu City 2,Postpaid,0,Network Issues,No Complaint,22.8,3.44,17
AIR103081,2025-02-15,Gujarat,Gujarat City 2,Prepaid,1,Network Issues,Resolved,12.4,2.79,-9
AIR103082,2025-03-15,Delhi,Delhi City 1,Prepaid,0,Network Issues,No Complaint,7.7,3.2,6
AIR103083,2025-04-15,Kerala,Kerala City 2,Broadband,0,Slow Internet,No Complaint,1,2.78,-11
AIR103084,2025-05-15,Kerala,Kerala City 2,Postpaid,1,Slow Internet,Resolved,20.4,2.82,-8
AIR103085,2025-06-15,Rajasthan,Rajasthan City 2,Broadband,0,Billing Issues,No Complaint,13.8,4.01,26
AIR103086,2025-07-15,Tamil Nadu,Tamil Nadu City 3,Broadband,0,Network Issues,No Complaint,9.7,3.23,0
AIR103087,2025-08-15,Karnataka,Karnataka City 1,Prepaid,1,Call Drops,Resolved,11,3.34,4
AIR103088,2025-09-15,Gujarat,Gujarat City 1,Prepaid,0,Billing Issues,No Complaint,33.2,4.1,31
AIR103089,2025-10-15,Kerala,Kerala City 1,Prepaid,0,Slow Internet,No Complaint,6,4.15,38
AIR103090,2025-11-15,Telangana,Telangana City 2,Broadband,0,Slow Internet,No Complaint,3.5,4.39,38
AIR103091,2025-12-15,Maharashtra,Maharashtra City 3,Broadband,1,Slow Internet,Resolved,21.3,2.63,-29
AIR103092,2025-02-15,Maharashtra,Maharashtra City 1,Postpaid,0,Billing Issues,No Complaint,21.5,2.8,-15
AIR103093,2025-03-15,Uttar Pradesh,Uttar Pradesh City 2,Prepaid,1,Slow Internet,Pending,25.9,3.9,36
AIR103094,2025-04-15,Karnataka,Karnataka City 3,Prepaid,0,Network Issues,No Complaint,4.2,2.83,-17
AIR103095,2025-05-15,Maharashtra,Maharashtra City 3,Broadband,1,Slow Internet,In Progress,43,4.26,45
AIR103096,2025-06-15,Uttar Pradesh,Uttar Pradesh City 1,Broadband,0,Network Issues,No Complaint,25.8,3.38,8
AIR103097,2025-07-15,Tamil Nadu,Tamil Nadu City 1,Prepaid,1,Call Drops,In Progress,45.8,3.32,9
AIR103098,2025-08-15,Kerala,Kerala City 2,Prepaid,0,Network Issues,No Complaint,36.1,3.64,13
AIR103099,2025-09-15,Kerala,Kerala City 1,Prepaid,0,Slow Internet,No Complaint,19.2,4.82,84
AIR103100,2025-10-15,Telangana,Telangana City 2,Prepaid,0,Slow Internet,No Complaint,6,3.49,12
AIR103101,2025-11-15,Delhi,Delhi City 3,Broadband,1,Slow Internet,Resolved,51.2,3.19,-2
AIR103102,2025-12-15,Maharashtra,Maharashtra City 3,Postpaid,1,Network Issues,Resolved,10.6,3.44,17
AIR103103,2025-02-15,Tamil Nadu,Tamil Nadu City 3,Postpaid,1,Network Issues,Resolved,36.9,3.41,25
AIR103104,2025-03-15,West Bengal,West Bengal City 3,Prepaid,0,Network Issues,No Complaint,29.9,3.34,14
AIR103105,2025-04-15,Maharashtra,Maharashtra City 1,Prepaid,0,Call Drops,No Complaint,22.8,3.76,44
AIR103106,2025-05-15,Karnataka,Karnataka City 1,Prepaid,0,Network Issues,No Complaint,6.8,4.21,49
AIR103107,2025-06-15,Delhi,Delhi City 2,Postpaid,0,Network Issues,No Complaint,15.6,3.45,19
AIR103108,2025-07-15,Maharashtra,Maharashtra City 2,Postpaid,0,Call Drops,No Complaint,25.3,3.88,36
AIR103109,2025-08-15,Tamil Nadu,Tamil Nadu City 2,Prepaid,0,Slow Internet,No Complaint,7.2,4.14,45
AIR103110,2025-09-15,Maharashtra,Maharashtra City 2,Prepaid,0,Call Drops,No Complaint,11.2,4.21,38
AIR103111,2025-10-15,Karnataka,Karnataka City 2,Prepaid,0,Others,No Complaint,25.3,3.79,25
AIR103112,2025-11-15,West Bengal,West Bengal City 3,Prepaid,0,Slow Internet,No Complaint,15,4.4,45
AIR103113,2025-12-15,Gujarat,Gujarat City 3,Postpaid,0,Network Issues,No Complaint,27.1,4.36,52
AIR103114,2025-02-15,Rajasthan,Rajasthan City 3,Postpaid,0,Slow Internet,No Complaint,3.6,4.05,28
AIR103115,2025-03-15,West Bengal,West Bengal City 2,Prepaid,0,Network Issues,No Complaint,19,3.19,2
AIR103116,2025-04-15,Uttar Pradesh,Uttar Pradesh City 3,Broadband,1,Network Issues,Resolved,5,2.83,3
AIR103117,2025-05-15,Maharashtra,Maharashtra City 3,Postpaid,0,Slow Internet,No Complaint,40.3,3.83,37
AIR103118,2025-06-15,Kerala,Kerala City 3,Prepaid,1,Call Drops,Resolved,19.8,3.91,36
AIR103119,2025-07-15,Telangana,Telangana City 3,Prepaid,1,Billing Issues,Pending,16.8,4.17,43
AIR103120,2025-08-15,Kerala,Kerala City 1,Broadband,1,Slow Internet,Resolved,45.7,3.32,13
AIR103121,2025-09-15,West Bengal,West Bengal City 2,Postpaid,0,Network Issues,No Complaint,11.8,3.47,13
AIR103122,2025-10-15,Kerala,Kerala City 2,Prepaid,0,Network Issues,No Complaint,11.2,3.96,14
AIR103123,2025-11-15,Tamil Nadu,Tamil Nadu City 1,Postpaid,0,Network Issues,No Complaint,23.1,3.87,42
AIR103124,2025-12-15,Kerala,Kerala City 3,Prepaid,0,Call Drops,No Complaint,5.1,2.78,-18
AIR103125,2025-02-15,Delhi,Delhi City 3,Broadband,1,Network Issues,Resolved,4.9,3.03,4
AIR103126,2025-03-15,Gujarat,Gujarat City 3,Broadband,0,Network Issues,No Complaint,10.7,3.85,33
AIR103127,2025-04-15,Maharashtra,Maharashtra City 2,Postpaid,0,Billing Issues,No Complaint,14.8,3.21,16
AIR103128,2025-05-15,Kerala,Kerala City 2,Postpaid,0,Network Issues,No Complaint,4.6,2.5,-14
AIR103129,2025-06-15,Karnataka,Karnataka City 2,Prepaid,0,Slow Internet,No Complaint,28.5,3.49,32
AIR103130,2025-07-15,Gujarat,Gujarat City 2,Postpaid,0,Call Drops,No Complaint,18.8,3.98,39
AIR103131,2025-08-15,Gujarat,Gujarat City 2,Postpaid,0,Network Issues,No Complaint,10.4,3.72,6
AIR103132,2025-09-15,Kerala,Kerala City 1,Postpaid,0,Call Drops,No Complaint,18,3.44,7
AIR103133,2025-10-15,Gujarat,Gujarat City 2,Postpaid,1,Others,Resolved,11.9,3.94,36
AIR103134,2025-11-15,Telangana,Telangana City 3,Broadband,1,Network Issues,Resolved,16.8,3.56,22
AIR103135,2025-12-15,Kerala,Kerala City 2,Prepaid,0,Billing Issues,No Complaint,49.5,3.72,25
AIR103136,2025-02-15,Tamil Nadu,Tamil Nadu City 1,Prepaid,0,Network Issues,No Complaint,22.7,4.61,68
AIR103137,2025-03-15,West Bengal,West Bengal City 3,Postpaid,0,Network Issues,No Complaint,3.9,3.21,-7
AIR103138,2025-04-15,Delhi,Delhi City 1,Broadband,1,Slow Internet,Resolved,7.8,3.9,41
AIR103139,2025-05-15,Rajasthan,Rajasthan City 3,Broadband,1,Call Drops,Resolved,31.7,3.75,34
AIR103140,2025-06-15,Uttar Pradesh,Uttar Pradesh City 2,Postpaid,0,Network Issues,No Complaint,6.7,4.36,36
AIR103141,2025-07-15,Gujarat,Gujarat City 1,Broadband,0,Network Issues,No Complaint,3,3.3,3
AIR103142,2025-08-15,Tamil Nadu,Tamil Nadu City 3,Postpaid,0,Network Issues,No Complaint,18.7,3.54,13
AIR103143,2025-09-15,Maharashtra,Maharashtra City 2,Prepaid,1,Network Issues,In Progress,10.5,3.17,5
AIR103144,2025-10-15,Maharashtra,Maharashtra City 3,Postpaid,1,Slow Internet,Resolved,9.7,3.34,7
AIR103145,2025-11-15,Uttar Pradesh,Uttar Pradesh City 1,Prepaid,0,Slow Internet,No Complaint,40.7,3.41,14
AIR103146,2025-12-15,Delhi,Delhi City 1,Prepaid,0,Slow Internet,No Complaint,11.4,3.18,-2
AIR103147,2025-02-15,Gujarat,Gujarat City 1,Prepaid,0,Slow Internet,No Complaint,5.6,3.2,1
AIR103148,2025-03-15,Telangana,Telangana City 1,Prepaid,0,Network Issues,No Complaint,10,3.08,-6
AIR103149,2025-04-15,Uttar Pradesh,Uttar Pradesh City 2,Prepaid,1,Slow Internet,Resolved,12.5,3.46,16
AIR103150,2025-05-15,Delhi,Delhi City 3,Prepaid,1,Network Issues,Resolved,11.4,4.09,21
AIR103151,2025-06-15,Gujarat,Gujarat City 2,Prepaid,0,Call Drops,No Complaint,12.4,3.37,32
AIR103152,2025-07-15,Tamil Nadu,Tamil Nadu City 1,Prepaid,0,Call Drops,No Complaint,13,3.85,30
AIR103153,2025-08-15,West Bengal,West Bengal City 3,Postpaid,0,Network Issues,No Complaint,15.6,3.38,4
AIR103154,2025-09-15,Telangana,Telangana City 1,Postpaid,0,Call Drops,No Complaint,18.6,3.29,11
AIR103155,2025-10-15,Rajasthan,Rajasthan City 2,Broadband,1,Call Drops,In Progress,11.2,3.61,31
AIR103156,2025-11-15,Maharashtra,Maharashtra City 2,Broadband,0,Slow Internet,No Complaint,30.1,2.95,2
AIR103157,2025-12-15,Karnataka,Karnataka City 2,Prepaid,0,Slow Internet,No Complaint,12.6,3.65,12
AIR103158,2025-02-15,Tamil Nadu,Tamil Nadu City 3,Postpaid,0,Slow Internet,No Complaint,20.9,3.63,21
AIR103159,2025-03-15,Maharashtra,Maharashtra City 3,Prepaid,0,Others,No Complaint,17.6,3.75,35
AIR103160,2025-04-15,Kerala,Kerala City 1,Prepaid,0,Network Issues,No Complaint,16.8,3.18,3
AIR103161,2025-05-15,Karnataka,Karnataka City 3,Postpaid,0,Call Drops,No Complaint,3.7,3.48,18
AIR103162,2025-06-15,Maharashtra,Maharashtra City 3,Postpaid,0,Network Issues,No Complaint,37.2,3.17,2
AIR103163,2025-07-15,Delhi,Delhi City 2,Broadband,0,Billing Issues,No Complaint,2.3,3.84,33
AIR103164,2025-08-15,Telangana,Telangana City 1,Postpaid,1,Slow Internet,In Progress,18.9,3.39,21
AIR103165,2025-09-15,Maharashtra,Maharashtra City 2,Prepaid,0,Call Drops,No Complaint,16.7,3.23,31
AIR103166,2025-10-15,Rajasthan,Rajasthan City 1,Broadband,0,Call Drops,No Complaint,14.8,3.46,15
AIR103167,2025-11-15,West Bengal,West Bengal City 1,Postpaid,0,Others,No Complaint,19.1,3.02,1
AIR103168,2025-12-15,Delhi,Delhi City 3,Broadband,1,Call Drops,Resolved,5.5,3.51,18
AIR103169,2025-02-15,Tamil Nadu,Tamil Nadu City 2,Postpaid,0,Network Issues,No Complaint,16.8,3.42,15
AIR103170,2025-03-15,Tamil Nadu,Tamil Nadu City 3,Prepaid,0,Network Issues,No Complaint,19.3,2.95,12
AIR103171,2025-04-15,Tamil Nadu,Tamil Nadu City 3,Prepaid,0,Slow Internet,No Complaint,5.7,3.08,7
AIR103172,2025-05-15,Tamil Nadu,Tamil Nadu City 3,Prepaid,0,Network Issues,No Complaint,11.2,3.47,13
AIR103173,2025-06-15,West Bengal,West Bengal City 1,Prepaid,0,Slow Internet,No Complaint,1.5,4.26,48
AIR103174,2025-07-15,Maharashtra,Maharashtra City 2,Prepaid,0,Slow Internet,No Complaint,14.8,3.47,20
AIR103175,2025-08-15,Gujarat,Gujarat City 2,Postpaid,1,Slow Internet,Resolved,14.1,3.52,6
AIR103176,2025-09-15,Maharashtra,Maharashtra City 3,Broadband,0,Slow Internet,No Complaint,33.4,3.75,28
AIR103177,2025-10-15,Kerala,Kerala City 1,Broadband,0,Slow Internet,No Complaint,29.9,3.81,38
AIR103178,2025-11-15,Telangana,Telangana City 2,Postpaid,0,Slow Internet,No Complaint,11.7,3.57,8
AIR103179,2025-12-15,Karnataka,Karnataka City 2,Prepaid,0,Network Issues,No Complaint,7.2,2.92,16
AIR103180,2025-02-15,Gujarat,Gujarat City 3,Prepaid,0,Network Issues,No Complaint,22.1,3.6,3
AIR103181,2025-03-15,Gujarat,Gujarat City 1,Postpaid,0,Slow Internet,No Complaint,9,4.9,56
AIR103182,2025-04-15,Maharashtra,Maharashtra City 3,Prepaid,0,Call Drops,No Complaint,27.2,3.52,11
AIR103183,2025-05-15,Gujarat,Gujarat City 2,Broadband,0,Slow Internet,No Complaint,18.9,3.38,8
AIR103184,2025-06-15,Uttar Pradesh,Uttar Pradesh City 1,Broadband,1,Network Issues,Resolved,1.4,3.97,39
AIR103185,2025-07-15,Uttar Pradesh,Uttar Pradesh City 3,Prepaid,0,Network Issues,No Complaint,3.5,4,39
AIR103186,2025-08-15,Kerala,Kerala City 2,Postpaid,0,Network Issues,No Complaint,7.3,3.14,23
AIR103187,2025-09-15,Karnataka,Karnataka City 3,Prepaid,0,Network Issues,No Complaint,4.9,3.65,28
AIR103188,2025-10-15,Rajasthan,Rajasthan City 3,Postpaid,0,Others,No Complaint,33.1,3.88,38
AIR103189,2025-11-15,West Bengal,West Bengal City 3,Prepaid,0,Network Issues,No Complaint,16.3,3.07,18
AIR103190,2025-12-15,Maharashtra,Maharashtra City 1,Prepaid,1,Call Drops,Pending,47.3,3.22,1
AIR103191,2025-02-15,West Bengal,West Bengal City 2,Postpaid,0,Slow Internet,No Complaint,13.9,4.02,36
AIR103192,2025-03-15,Rajasthan,Rajasthan City 2,Postpaid,0,Slow Internet,No Complaint,4.7,4.36,50
AIR103193,2025-04-15,Maharashtra,Maharashtra City 2,Postpaid,0,Network Issues,No Complaint,34.7,4.52,67
AIR103194,2025-05-15,Maharashtra,Maharashtra City 2,Postpaid,0,Call Drops,No Complaint,2.6,3.99,27
AIR103195,2025-06-15,Karnataka,Karnataka City 1,Postpaid,1,Network Issues,In Progress,15.4,4.09,45
AIR103196,2025-07-15,West Bengal,West Bengal City 3,Postpaid,0,Slow Internet,No Complaint,9.8,3.8,31
AIR103197,2025-08-15,Uttar Pradesh,Uttar Pradesh City 2,Enterprise,0,Network Issues,No Complaint,26.4,4.06,34
AIR103198,2025-09-15,Tamil Nadu,Tamil Nadu City 1,Broadband,1,Call Drops,Pending,11.1,4.1,34
AIR103199,2025-10-15,West Bengal,West Bengal City 3,Postpaid,0,Call Drops,No Complaint,28.8,3.32,6
AIR103200,2025-11-15,Telangana,Telangana City 1,Postpaid,0,Others,No Complaint,14.9,3.78,33
AIR103201,2025-12-15,Telangana,Telangana City 1,Postpaid,1,Slow Internet,Resolved,7.3,3.22,34
AIR103202,2025-02-15,Maharashtra,Maharashtra City 2,Prepaid,1,Network Issues,Resolved,76.2,3.69,32
AIR103203,2025-03-15,Tamil Nadu,Tamil Nadu City 2,Prepaid,0,Call Drops,No Complaint,15.2,3.83,43
AIR103204,2025-04-15,Delhi,Delhi City 3,Broadband,1,Network Issues,Resolved,21.8,3.45,8
AIR103205,2025-05-15,Rajasthan,Rajasthan City 3,Broadband,0,Billing Issues,No Complaint,32.9,3.99,30
AIR103206,2025-06-15,Kerala,Kerala City 2,Postpaid,0,Network Issues,No Complaint,5.4,3.99,31
AIR103207,2025-07-15,Tamil Nadu,Tamil Nadu City 1,Prepaid,0,Others,No Complaint,10.3,4.22,58
AIR103208,2025-08-15,Kerala,Kerala City 2,Prepaid,1,Network Issues,Resolved,5.3,3.68,27
AIR103209,2025-09-15,West Bengal,West Bengal City 3,Prepaid,0,Call Drops,No Complaint,46.8,3.7,23
AIR103210,2025-10-15,West Bengal,West Bengal City 1,Prepaid,1,Call Drops,Resolved,8.4,3.97,33
AIR103211,2025-11-15,Kerala,Kerala City 1,Postpaid,0,Call Drops,No Complaint,27,3.56,24
AIR103212,2025-12-15,Rajasthan,Rajasthan City 1,Broadband,1,Slow Internet,In Progress,5,3.21,6
AIR103213,2025-02-15,Tamil Nadu,Tamil Nadu City 2,Prepaid,0,Network Issues,No Complaint,2.5,3.41,5
AIR103214,2025-03-15,Delhi,Delhi City 2,Postpaid,1,Call Drops,In Progress,8.3,3.74,35
AIR103215,2025-04-15,Maharashtra,Maharashtra City 3,Prepaid,0,Slow Internet,No Complaint,28.8,3.89,32
AIR103216,2025-05-15,Karnataka,Karnataka City 1,Enterprise,0,Slow Internet,No Complaint,47.5,3.66,1
AIR103217,2025-06-15,West Bengal,West Bengal City 1,Broadband,0,Slow Internet,No Complaint,22.2,4,17
AIR103218,2025-07-15,Telangana,Telangana City 2,Prepaid,0,Network Issues,No Complaint,25,2.87,10
AIR103219,2025-08-15,Rajasthan,Rajasthan City 3,Enterprise,0,Network Issues,No Complaint,2.5,2.98,-7
AIR103220,2025-09-15,Karnataka,Karnataka City 3,Postpaid,0,Billing Issues,No Complaint,11.8,3.78,33
AIR103221,2025-10-15,Delhi,Delhi City 1,Prepaid,1,Slow Internet,Pending,6.1,3.37,-5
AIR103222,2025-11-15,Gujarat,Gujarat City 2,Postpaid,0,Others,No Complaint,23,3.19,6
AIR103223,2025-12-15,Maharashtra,Maharashtra City 1,Prepaid,0,Slow Internet,No Complaint,9.6,3.56,25
AIR103224,2025-02-15,West Bengal,West Bengal City 2,Postpaid,0,Slow Internet,No Complaint,23.5,3.88,31
AIR103225,2025-03-15,Maharashtra,Maharashtra City 3,Broadband,1,Call Drops,In Progress,19.9,4,21
AIR103226,2025-04-15,Karnataka,Karnataka City 1,Postpaid,0,Network Issues,No Complaint,18.3,2.67,-5
AIR103227,2025-05-15,Maharashtra,Maharashtra City 1,Prepaid,0,Slow Internet,No Complaint,14.3,3.27,18
AIR103228,2025-06-15,Gujarat,Gujarat City 1,Prepaid,1,Call Drops,Resolved,35.2,3.58,26
AIR103229,2025-07-15,Karnataka,Karnataka City 3,Prepaid,1,Slow Internet,Resolved,22.8,3.85,40
AIR103230,2025-08-15,West Bengal,West Bengal City 1,Prepaid,0,Others,No Complaint,4.3,3.7,38
AIR103231,2025-09-15,Tamil Nadu,Tamil Nadu City 3,Prepaid,0,Slow Internet,No Complaint,23.9,3.19,3
AIR103232,2025-10-15,Telangana,Telangana City 2,Postpaid,1,Network Issues,Resolved,16.7,4.06,47
AIR103233,2025-11-15,Karnataka,Karnataka City 3,Postpaid,1,Slow Internet,Resolved,22.8,3.5,19
AIR103234,2025-12-15,Uttar Pradesh,Uttar Pradesh City 2,Postpaid,1,Slow Internet,Resolved,25.8,4.17,47
AIR103235,2025-02-15,Gujarat,Gujarat City 3,Prepaid,1,Others,Pending,34,4.41,50
AIR103236,2025-03-15,Karnataka,Karnataka City 3,Prepaid,0,Network Issues,No Complaint,24.2,3.06,11
AIR103237,2025-04-15,Karnataka,Karnataka City 1,Prepaid,0,Network Issues,No Complaint,20.3,3.25,25
AIR103238,2025-05-15,Uttar Pradesh,Uttar Pradesh City 3,Prepaid,0,Network Issues,No Complaint,14.6,4.15,27
AIR103239,2025-06-15,West Bengal,West Bengal City 1,Prepaid,0,Billing Issues,No Complaint,12.9,3.01,-7
AIR103240,2025-07-15,Karnataka,Karnataka City 2,Prepaid,0,Slow Internet,No Complaint,12.1,3.9,26
AIR103241,2025-08-15,Telangana,Telangana City 2,Postpaid,1,Call Drops,Resolved,14.7,3.77,16
AIR103242,2025-09-15,Maharashtra,Maharashtra City 1,Broadband,0,Call Drops,No Complaint,13,3.64,19
AIR103243,2025-10-15,West Bengal,West Bengal City 2,Postpaid,1,Slow Internet,In Progress,4.4,3.25,7
AIR103244,2025-11-15,Telangana,Telangana City 3,Postpaid,0,Network Issues,No Complaint,6.9,3.45,7
AIR103245,2025-12-15,West Bengal,West Bengal City 1,Prepaid,0,Others,No Complaint,16.1,4.06,42
AIR103246,2025-02-15,Telangana,Telangana City 1,Broadband,0,Network Issues,No Complaint,22.7,3.18,-14
AIR103247,2025-03-15,Gujarat,Gujarat City 1,Prepaid,1,Slow Internet,Resolved,20.3,3.68,23
AIR103248,2025-04-15,Telangana,Telangana City 2,Prepaid,1,Call Drops,Resolved,14.4,3.38,13
AIR103249,2025-05-15,Kerala,Kerala City 2,Prepaid,0,Network Issues,No Complaint,11,3.75,27
AIR103250,2025-06-15,Telangana,Telangana City 3,Prepaid,0,Network Issues,No Complaint,27,4.42,41
AIR103251,2025-07-15,Tamil Nadu,Tamil Nadu City 3,Postpaid,0,Others,No Complaint,20.6,3.84,23
AIR103252,2025-08-15,Tamil Nadu,Tamil Nadu City 1,Enterprise,0,Slow Internet,No Complaint,9.6,3.55,9
AIR103253,2025-09-15,Rajasthan,Rajasthan City 3,Postpaid,0,Call Drops,No Complaint,36.1,3.69,29
AIR103254,2025-10-15,Kerala,Kerala City 2,Prepaid,0,Network Issues,No Complaint,33.7,3.31,27
AIR103255,2025-11-15,Kerala,Kerala City 3,Postpaid,0,Network Issues,No Complaint,8.2,3.7,20
AIR103256,2025-12-15,Maharashtra,Maharashtra City 2,Postpaid,0,Others,No Complaint,12.5,3.52,4
AIR103257,2025-02-15,Kerala,Kerala City 3,Broadband,0,Network Issues,No Complaint,38.6,2.87,4
AIR103258,2025-03-15,Maharashtra,Maharashtra City 2,Postpaid,1,Billing Issues,Resolved,23.1,3.21,0
AIR103259,2025-04-15,Rajasthan,Rajasthan City 2,Postpaid,1,Billing Issues,Resolved,2.4,2.81,-18
AIR103260,2025-05-15,Rajasthan,Rajasthan City 3,Postpaid,0,Slow Internet,No Complaint,25,3.73,19
AIR103261,2025-06-15,Gujarat,Gujarat City 3,Postpaid,0,Billing Issues,No Complaint,25.5,3.69,25
AIR103262,2025-07-15,Tamil Nadu,Tamil Nadu City 2,Prepaid,0,Network Issues,No Complaint,17.4,3.63,40
AIR103263,2025-08-15,Telangana,Telangana City 1,Prepaid,1,Network Issues,Resolved,29.7,2.95,0
AIR103264,2025-09-15,Telangana,Telangana City 3,Postpaid,1,Others,Resolved,27.6,3.96,45
AIR103265,2025-10-15,Uttar Pradesh,Uttar Pradesh City 2,Broadband,1,Call Drops,Resolved,4.7,3.73,21
AIR103266,2025-11-15,Uttar Pradesh,Uttar Pradesh City 3,Prepaid,1,Slow Internet,Resolved,20.9,3.4,15
AIR103267,2025-12-15,Delhi,Delhi City 3,Enterprise,0,Slow Internet,No Complaint,2.1,3.32,32
AIR103268,2025-02-15,West Bengal,West Bengal City 3,Prepaid,0,Network Issues,No Complaint,10.2,4.2,50
AIR103269,2025-03-15,Gujarat,Gujarat City 3,Prepaid,0,Slow Internet,No Complaint,5.7,3.19,6
AIR103270,2025-04-15,Delhi,Delhi City 3,Prepaid,1,Slow Internet,In Progress,29.7,3.75,32
AIR103271,2025-05-15,Delhi,Delhi City 1,Broadband,0,Network Issues,No Complaint,25.2,3.69,15
AIR103272,2025-06-15,Karnataka,Karnataka City 1,Prepaid,0,Others,No Complaint,23,3.92,23
AIR103273,2025-07-15,Karnataka,Karnataka City 1,Postpaid,0,Call Drops,No Complaint,14.3,3.75,30
AIR103274,2025-08-15,Delhi,Delhi City 2,Prepaid,1,Network Issues,In Progress,4.6,4.25,36
AIR103275,2025-09-15,Kerala,Kerala City 1,Postpaid,0,Slow Internet,No Complaint,60.5,3.01,5
AIR103276,2025-10-15,West Bengal,West Bengal City 1,Broadband,0,Network Issues,No Complaint,16.6,3.07,-3
AIR103277,2025-11-15,Gujarat,Gujarat City 2,Prepaid,1,Slow Internet,Resolved,5.6,3.93,41
AIR103278,2025-12-15,Delhi,Delhi City 1,Broadband,0,Call Drops,No Complaint,32,3.92,28
AIR103279,2025-02-15,Telangana,Telangana City 3,Broadband,0,Call Drops,No Complaint,6.5,4.21,42
AIR103280,2025-03-15,West Bengal,West Bengal City 1,Prepaid,0,Call Drops,No Complaint,8.5,3.41,17
AIR103281,2025-04-15,Karnataka,Karnataka City 1,Postpaid,0,Network Issues,No Complaint,14,4.46,67
AIR103282,2025-05-15,Telangana,Telangana City 1,Prepaid,0,Network Issues,No Complaint,94.1,3.52,20
AIR103283,2025-06-15,Karnataka,Karnataka City 3,Prepaid,0,Network Issues,No Complaint,3.4,3.48,14
AIR103284,2025-07-15,Karnataka,Karnataka City 3,Postpaid,0,Network Issues,No Complaint,12,3.93,33
AIR103285,2025-08-15,West Bengal,West Bengal City 3,Postpaid,0,Call Drops,No Complaint,22.3,3.11,10
AIR103286,2025-09-15,Karnataka,Karnataka City 3,Prepaid,1,Billing Issues,Resolved,27.1,3.5,28
AIR103287,2025-10-15,Rajasthan,Rajasthan City 2,Prepaid,0,Call Drops,No Complaint,7.2,3.11,10
AIR103288,2025-11-15,Tamil Nadu,Tamil Nadu City 3,Broadband,1,Billing Issues,Resolved,5.6,3.41,34
AIR103289,2025-12-15,Rajasthan,Rajasthan City 3,Postpaid,0,Call Drops,No Complaint,11.7,3.49,25
AIR103290,2025-02-15,Tamil Nadu,Tamil Nadu City 3,Prepaid,1,Network Issues,Resolved,16.8,3.92,32
AIR103291,2025-03-15,Uttar Pradesh,Uttar Pradesh City 3,Postpaid,0,Slow Internet,No Complaint,15.5,3.98,31
AIR103292,2025-04-15,Uttar Pradesh,Uttar Pradesh City 2,Prepaid,1,Slow Internet,Resolved,13,3.91,28
AIR103293,2025-05-15,Karnataka,Karnataka City 1,Prepaid,0,Call Drops,No Complaint,30.4,4.55,47
AIR103294,2025-06-15,Gujarat,Gujarat City 1,Postpaid,0,Network Issues,No Complaint,33,2.82,7
AIR103295,2025-07-15,Gujarat,Gujarat City 3,Postpaid,0,Call Drops,No Complaint,20.7,3.48,34
AIR103296,2025-08-15,Tamil Nadu,Tamil Nadu City 3,Prepaid,0,Network Issues,No Complaint,18,3.22,11
AIR103297,2025-09-15,Telangana,Telangana City 3,Postpaid,0,Network Issues,No Complaint,8.3,3.59,15
AIR103298,2025-10-15,West Bengal,West Bengal City 1,Prepaid,0,Network Issues,No Complaint,6.4,3.82,26
AIR103299,2025-11-15,Karnataka,Karnataka City 1,Postpaid,0,Slow Internet,No Complaint,11.8,3.1,11
AIR103300,2025-12-15,West Bengal,West Bengal City 3,Prepaid,1,Billing Issues,Resolved,20.3,3.94,33
AIR103301,2025-02-15,Rajasthan,Rajasthan City 1,Prepaid,0,Slow Internet,No Complaint,26.5,3.29,13
AIR103302,2025-03-15,Gujarat,Gujarat City 2,Prepaid,0,Network Issues,No Complaint,18.2,3.92,11
AIR103303,2025-04-15,Kerala,Kerala City 3,Postpaid,0,Network Issues,No Complaint,48.1,3.33,-1
AIR103304,2025-05-15,Rajasthan,Rajasthan City 3,Prepaid,0,Slow Internet,No Complaint,48.9,3.66,23
AIR103305,2025-06-15,Rajasthan,Rajasthan City 2,Prepaid,0,Slow Internet,No Complaint,19.2,3.56,30
AIR103306,2025-07-15,Tamil Nadu,Tamil Nadu City 2,Prepaid,0,Network Issues,No Complaint,59,3.96,35
AIR103307,2025-08-15,Maharashtra,Maharashtra City 1,Postpaid,0,Slow Internet,No Complaint,45,3.75,28
AIR103308,2025-09-15,Rajasthan,Rajasthan City 2,Prepaid,1,Network Issues,Resolved,11.8,3.81,35
AIR103309,2025-10-15,Karnataka,Karnataka City 3,Postpaid,0,Network Issues,No Complaint,11.3,3.75,27
AIR103310,2025-11-15,Delhi,Delhi City 1,Prepaid,1,Network Issues,Resolved,29.6,3.21,-1
AIR103311,2025-12-15,Delhi,Delhi City 2,Postpaid,0,Network Issues,No Complaint,14.7,3.47,21
AIR103312,2025-02-15,Karnataka,Karnataka City 1,Enterprise,0,Network Issues,No Complaint,19,3.25,-22
AIR103313,2025-03-15,Maharashtra,Maharashtra City 1,Postpaid,0,Call Drops,No Complaint,26.1,3.66,16
AIR103314,2025-04-15,Maharashtra,Maharashtra City 1,Postpaid,1,Call Drops,Resolved,26.4,3.44,12
AIR103315,2025-05-15,Tamil Nadu,Tamil Nadu City 1,Postpaid,1,Slow Internet,Resolved,17,3.53,27
AIR103316,2025-06-15,Gujarat,Gujarat City 2,Broadband,1,Slow Internet,Resolved,27.8,3.41,17
AIR103317,2025-07-15,West Bengal,West Bengal City 3,Prepaid,0,Network Issues,No Complaint,26.4,3.63,53
AIR103318,2025-08-15,Maharashtra,Maharashtra City 3,Broadband,0,Network Issues,No Complaint,8.4,3.17,4
AIR103319,2025-09-15,Kerala,Kerala City 2,Broadband,0,Network Issues,No Complaint,20.4,3.45,29
AIR103320,2025-10-15,Tamil Nadu,Tamil Nadu City 3,Prepaid,1,Slow Internet,Resolved,5.3,2.72,-23
AIR103321,2025-11-15,Uttar Pradesh,Uttar Pradesh City 1,Prepaid,0,Slow Internet,No Complaint,6.5,3.53,17
AIR103322,2025-12-15,Telangana,Telangana City 1,Enterprise,1,Billing Issues,Resolved,20.8,4.2,45
AIR103323,2025-02-15,Uttar Pradesh,Uttar Pradesh City 1,Postpaid,0,Call Drops,No Complaint,10.1,3.34,23
AIR103324,2025-03-15,Tamil Nadu,Tamil Nadu City 2,Prepaid,0,Network Issues,No Complaint,24,3.52,12
AIR103325,2025-04-15,Rajasthan,Rajasthan City 1,Postpaid,0,Network Issues,No Complaint,13.7,4.54,49
AIR103326,2025-05-15,West Bengal,West Bengal City 1,Prepaid,0,Network Issues,No Complaint,18.8,2.83,-2
AIR103327,2025-06-15,Telangana,Telangana City 2,Prepaid,0,Network Issues,No Complaint,12.3,3.68,41
AIR103328,2025-07-15,Uttar Pradesh,Uttar Pradesh City 1,Postpaid,0,Network Issues,No Complaint,14.1,3.32,11
AIR103329,2025-08-15,Telangana,Telangana City 1,Postpaid,0,Network Issues,No Complaint,2.1,3.32,14
AIR103330,2025-09-15,Kerala,Kerala City 3,Broadband,1,Billing Issues,In Progress,4.9,3.41,2
AIR103331,2025-10-15,Kerala,Kerala City 2,Postpaid,1,Slow Internet,Resolved,7.2,3.41,6
AIR103332,2025-11-15,Kerala,Kerala City 1,Broadband,1,Slow Internet,Resolved,12.2,3.87,27
AIR103333,2025-12-15,Tamil Nadu,Tamil Nadu City 1,Prepaid,0,Network Issues,No Complaint,14.3,4.23,39
AIR103334,2025-02-15,West Bengal,West Bengal City 1,Postpaid,0,Others,No Complaint,21.5,4.03,15
AIR103335,2025-03-15,Tamil Nadu,Tamil Nadu City 1,Prepaid,0,Network Issues,No Complaint,25.8,3.54,23
AIR103336,2025-04-15,Delhi,Delhi City 3,Prepaid,1,Others,Resolved,10.6,2.98,-6
AIR103337,2025-05-15,Rajasthan,Rajasthan City 3,Broadband,0,Slow Internet,No Complaint,5,3.37,11
AIR103338,2025-06-15,Rajasthan,Rajasthan City 3,Prepaid,0,Call Drops,No Complaint,12.1,3.13,-5
AIR103339,2025-07-15,Kerala,Kerala City 3,Broadband,0,Others,No Complaint,4.2,4.31,55
AIR103340,2025-08-15,Delhi,Delhi City 2,Prepaid,0,Network Issues,No Complaint,5.1,3.29,-1
AIR103341,2025-09-15,Maharashtra,Maharashtra City 1,Prepaid,0,Call Drops,No Complaint,17.4,4.12,55
AIR103342,2025-10-15,Maharashtra,Maharashtra City 3,Prepaid,1,Network Issues,Resolved,3.5,4.23,39
AIR103343,2025-11-15,Kerala,Kerala City 1,Postpaid,0,Call Drops,No Complaint,41.5,3.31,-5
AIR103344,2025-12-15,Uttar Pradesh,Uttar Pradesh City 2,Prepaid,1,Network Issues,Pending,16.6,3.5,14
AIR103345,2025-02-15,Tamil Nadu,Tamil Nadu City 1,Postpaid,0,Others,No Complaint,30.5,3.48,19
AIR103346,2025-03-15,Kerala,Kerala City 1,Postpaid,0,Others,No Complaint,40.8,4.21,56
AIR103347,2025-04-15,Gujarat,Gujarat City 3,Prepaid,0,Network Issues,No Complaint,18.1,4.03,39
AIR103348,2025-05-15,Telangana,Telangana City 3,Postpaid,0,Network Issues,No Complaint,20.9,3.4,1
AIR103349,2025-06-15,Rajasthan,Rajasthan City 2,Prepaid,1,Slow Internet,Resolved,21.9,4.22,58
AIR103350,2025-07-15,Maharashtra,Maharashtra City 1,Broadband,1,Slow Internet,In Progress,14.8,4.61,53
AIR103351,2025-08-15,Karnataka,Karnataka City 3,Prepaid,0,Slow Internet,No Complaint,38.2,3.67,29
AIR103352,2025-09-15,Maharashtra,Maharashtra City 3,Prepaid,1,Network Issues,Resolved,53.7,3.65,10
AIR103353,2025-10-15,Rajasthan,Rajasthan City 3,Prepaid,0,Call Drops,No Complaint,26.5,3.54,19
AIR103354,2025-11-15,Telangana,Telangana City 2,Postpaid,1,Network Issues,Resolved,15.3,3.41,10
AIR103355,2025-12-15,Rajasthan,Rajasthan City 1,Postpaid,0,Billing Issues,No Complaint,11.2,4.06,24
AIR103356,2025-02-15,Karnataka,Karnataka City 3,Broadband,0,Billing Issues,No Complaint,30.9,3.67,32
AIR103357,2025-03-15,Kerala,Kerala City 1,Broadband,1,Call Drops,Resolved,31.9,3.77,29
AIR103358,2025-04-15,Delhi,Delhi City 2,Prepaid,0,Call Drops,No Complaint,29,4.09,37
AIR103359,2025-05-15,Karnataka,Karnataka City 1,Postpaid,0,Network Issues,No Complaint,8.8,3.39,16
AIR103360,2025-06-15,Rajasthan,Rajasthan City 3,Postpaid,0,Slow Internet,No Complaint,23.6,3.56,29
AIR103361,2025-07-15,Rajasthan,Rajasthan City 1,Broadband,0,Network Issues,No Complaint,45.9,4.26,51
AIR103362,2025-08-15,Gujarat,Gujarat City 1,Prepaid,0,Network Issues,No Complaint,4.8,3.42,-7
AIR103363,2025-09-15,Gujarat,Gujarat City 2,Prepaid,0,Call Drops,No Complaint,12.2,3.3,1
AIR103364,2025-10-15,West Bengal,West Bengal City 2,Broadband,1,Slow Internet,Resolved,10.7,3.7,34
AIR103365,2025-11-15,Gujarat,Gujarat City 1,Prepaid,0,Slow Internet,No Complaint,14.7,4.44,74
AIR103366,2025-12-15,Tamil Nadu,Tamil Nadu City 1,Postpaid,1,Others,Resolved,13.8,4.22,59
AIR103367,2025-02-15,Delhi,Delhi City 1,Broadband,0,Others,No Complaint,10.8,3.98,22
AIR103368,2025-03-15,Telangana,Telangana City 2,Broadband,0,Network Issues,No Complaint,32.5,4.44,57
AIR103369,2025-04-15,Karnataka,Karnataka City 2,Prepaid,0,Slow Internet,No Complaint,34.5,3.15,0
AIR103370,2025-05-15,Rajasthan,Rajasthan City 1,Prepaid,0,Slow Internet,No Complaint,7.8,4.45,55
AIR103371,2025-06-15,West Bengal,West Bengal City 2,Prepaid,0,Network Issues,No Complaint,7.8,4.55,54
AIR103372,2025-07-15,West Bengal,West Bengal City 3,Broadband,0,Network Issues,No Complaint,46.9,4.14,36
AIR103373,2025-08-15,Telangana,Telangana City 2,Enterprise,0,Network Issues,No Complaint,12.1,4.22,32
AIR103374,2025-09-15,Delhi,Delhi City 2,Postpaid,0,Billing Issues,No Complaint,13.2,3.11,17
AIR103375,2025-10-15,Karnataka,Karnataka City 2,Postpaid,0,Billing Issues,No Complaint,18.7,3.89,34
AIR103376,2025-11-15,Maharashtra,Maharashtra City 3,Prepaid,0,Network Issues,No Complaint,8.8,3.52,25
AIR103377,2025-12-15,Gujarat,Gujarat City 3,Postpaid,1,Network Issues,In Progress,18,3.88,45
AIR103378,2025-02-15,Kerala,Kerala City 3,Prepaid,0,Network Issues,No Complaint,6.5,3.78,34
AIR103379,2025-03-15,West Bengal,West Bengal City 1,Postpaid,0,Billing Issues,No Complaint,6.8,3.39,25
AIR103380,2025-04-15,Gujarat,Gujarat City 1,Postpaid,0,Slow Internet,No Complaint,18.3,3.99,24
AIR103381,2025-05-15,Gujarat,Gujarat City 3,Postpaid,0,Network Issues,No Complaint,22.6,4.5,42
AIR103382,2025-06-15,Tamil Nadu,Tamil Nadu City 1,Broadband,0,Slow Internet,No Complaint,11.4,3.8,24
AIR103383,2025-07-15,Delhi,Delhi City 1,Prepaid,0,Call Drops,No Complaint,7.7,2.83,-15
AIR103384,2025-08-15,Kerala,Kerala City 1,Postpaid,1,Network Issues,Pending,9.7,4.27,29
AIR103385,2025-09-15,Maharashtra,Maharashtra City 3,Prepaid,0,Call Drops,No Complaint,38.3,4.3,39
AIR103386,2025-10-15,Rajasthan,Rajasthan City 2,Postpaid,1,Network Issues,Resolved,22.8,4.24,44
AIR103387,2025-11-15,Tamil Nadu,Tamil Nadu City 3,Postpaid,0,Slow Internet,No Complaint,5.6,4.2,31
AIR103388,2025-12-15,Gujarat,Gujarat City 3,Prepaid,0,Call Drops,No Complaint,11.8,4.28,31
AIR103389,2025-02-15,Gujarat,Gujarat City 1,Prepaid,0,Call Drops,No Complaint,27.5,3.56,17
AIR103390,2025-03-15,Uttar Pradesh,Uttar Pradesh City 1,Prepaid,0,Slow Internet,No Complaint,14.1,3.41,33
AIR103391,2025-04-15,Kerala,Kerala City 2,Prepaid,0,Call Drops,No Complaint,30.7,3.38,18
AIR103392,2025-05-15,Kerala,Kerala City 2,Postpaid,0,Network Issues,No Complaint,17.3,4.03,51
AIR103393,2025-06-15,Uttar Pradesh,Uttar Pradesh City 2,Prepaid,0,Call Drops,No Complaint,14,3.54,19
AIR103394,2025-07-15,Kerala,Kerala City 2,Postpaid,0,Call Drops,No Complaint,1.8,3.72,19
AIR103395,2025-08-15,Gujarat,Gujarat City 3,Prepaid,0,Network Issues,No Complaint,27.8,3.35,5
AIR103396,2025-09-15,West Bengal,West Bengal City 2,Postpaid,1,Network Issues,Resolved,42.8,3.84,38
AIR103397,2025-10-15,Karnataka,Karnataka City 3,Postpaid,0,Slow Internet,No Complaint,19,3.7,17
AIR103398,2025-11-15,Gujarat,Gujarat City 1,Prepaid,0,Slow Internet,No Complaint,8.7,3.59,24
AIR103399,2025-12-15,Tamil Nadu,Tamil Nadu City 2,Postpaid,0,Call Drops,No Complaint,2.7,3.07,11
AIR103400,2025-02-15,Delhi,Delhi City 1,Broadband,0,Billing Issues,No Complaint,32.2,3.31,9
AIR103401,2025-03-15,Uttar Pradesh,Uttar Pradesh City 1,Prepaid,0,Others,No Complaint,10.4,4.29,66
AIR103402,2025-04-15,Maharashtra,Maharashtra City 3,Postpaid,0,Network Issues,No Complaint,11.6,3.23,0
AIR103403,2025-05-15,Rajasthan,Rajasthan City 2,Prepaid,0,Network Issues,No Complaint,23.8,3.19,11
AIR103404,2025-06-15,Maharashtra,Maharashtra City 3,Prepaid,0,Others,No Complaint,20.1,4.72,73
AIR103405,2025-07-15,Gujarat,Gujarat City 1,Postpaid,0,Call Drops,No Complaint,8.7,4.33,48
AIR103406,2025-08-15,Tamil Nadu,Tamil Nadu City 2,Prepaid,0,Network Issues,No Complaint,7.8,3.28,2
AIR103407,2025-09-15,Gujarat,Gujarat City 1,Broadband,0,Network Issues,No Complaint,24.4,3.37,18
AIR103408,2025-10-15,Delhi,Delhi City 1,Prepaid,1,Network Issues,In Progress,4.4,4.59,74
AIR103409,2025-11-15,West Bengal,West Bengal City 2,Prepaid,1,Network Issues,Resolved,54.2,4.06,37
AIR103410,2025-12-15,Rajasthan,Rajasthan City 2,Postpaid,0,Network Issues,No Complaint,9.8,2.98,0
AIR103411,2025-02-15,Delhi,Delhi City 2,Postpaid,0,Call Drops,No Complaint,6.2,3.54,17
AIR103412,2025-03-15,Uttar Pradesh,Uttar Pradesh City 3,Postpaid,0,Billing Issues,No Complaint,4.3,4.37,49
AIR103413,2025-04-15,Uttar Pradesh,Uttar Pradesh City 3,Prepaid,1,Billing Issues,Resolved,10.8,4.16,48
AIR103414,2025-05-15,Gujarat,Gujarat City 1,Broadband,1,Call Drops,Resolved,14.3,4.12,48
AIR103415,2025-06-15,Tamil Nadu,Tamil Nadu City 2,Enterprise,1,Network Issues,Resolved,5.2,3.67,36
AIR103416,2025-07-15,Delhi,Delhi City 1,Postpaid,0,Network Issues,No Complaint,8.8,3.1,-9
AIR103417,2025-08-15,Telangana,Telangana City 1,Postpaid,1,Slow Internet,Resolved,17.6,3.23,24
AIR103418,2025-09-15,Tamil Nadu,Tamil Nadu City 1,Postpaid,1,Network Issues,Resolved,12.9,4.05,32
AIR103419,2025-10-15,West Bengal,West Bengal City 1,Prepaid,0,Call Drops,No Complaint,8.2,3.54,17
AIR103420,2025-11-15,Uttar Pradesh,Uttar Pradesh City 1,Prepaid,0,Call Drops,No Complaint,9.5,3.46,13
AIR103421,2025-12-15,Gujarat,Gujarat City 2,Prepaid,1,Call Drops,Resolved,15.1,3.83,24
AIR103422,2025-02-15,Kerala,Kerala City 3,Enterprise,1,Network Issues,Resolved,15.6,3.96,40
AIR103423,2025-03-15,Uttar Pradesh,Uttar Pradesh City 2,Prepaid,0,Network Issues,No Complaint,31.5,3.42,21
AIR103424,2025-04-15,Rajasthan,Rajasthan City 2,Postpaid,0,Network Issues,No Complaint,18.3,3.45,31
AIR103425,2025-05-15,Karnataka,Karnataka City 2,Prepaid,0,Slow Internet,No Complaint,82.9,3.47,9
AIR103426,2025-06-15,Kerala,Kerala City 3,Postpaid,1,Slow Internet,In Progress,10,3.67,12
AIR103427,2025-07-15,Gujarat,Gujarat City 3,Prepaid,1,Call Drops,Resolved,24.8,4.38,57
AIR103428,2025-08-15,Telangana,Telangana City 3,Postpaid,1,Slow Internet,Resolved,4.7,3.09,0
AIR103429,2025-09-15,Kerala,Kerala City 2,Prepaid,1,Slow Internet,Resolved,23.6,3.07,-1
AIR103430,2025-10-15,Rajasthan,Rajasthan City 3,Broadband,0,Billing Issues,No Complaint,1,3.47,6
AIR103431,2025-11-15,Tamil Nadu,Tamil Nadu City 1,Broadband,1,Call Drops,Resolved,40.4,3.24,10
AIR103432,2025-12-15,Telangana,Telangana City 3,Postpaid,0,Network Issues,No Complaint,6.8,2.73,-24
AIR103433,2025-02-15,Uttar Pradesh,Uttar Pradesh City 2,Prepaid,1,Call Drops,Resolved,20.7,3.59,16
AIR103434,2025-03-15,Telangana,Telangana City 2,Prepaid,0,Slow Internet,No Complaint,52.3,3.54,19
AIR103435,2025-04-15,Delhi,Delhi City 1,Broadband,1,Billing Issues,Resolved,18.1,3.95,49
AIR103436,2025-05-15,Rajasthan,Rajasthan City 3,Prepaid,0,Network Issues,No Complaint,15.3,3.14,19
AIR103437,2025-06-15,Kerala,Kerala City 3,Prepaid,0,Slow Internet,No Complaint,4.5,4.08,26
AIR103438,2025-07-15,Delhi,Delhi City 1,Postpaid,0,Network Issues,No Complaint,11.2,2.68,-20
AIR103439,2025-08-15,Telangana,Telangana City 2,Prepaid,0,Billing Issues,No Complaint,7.9,3.8,23
AIR103440,2025-09-15,Delhi,Delhi City 2,Prepaid,0,Network Issues,No Complaint,48.5,3.89,45
AIR103441,2025-10-15,Maharashtra,Maharashtra City 3,Postpaid,1,Slow Internet,Resolved,25.4,3.03,-9
AIR103442,2025-11-15,Rajasthan,Rajasthan City 3,Prepaid,1,Slow Internet,Resolved,6.1,3.44,13
AIR103443,2025-12-15,West Bengal,West Bengal City 3,Prepaid,0,Slow Internet,No Complaint,16.7,3.76,23
AIR103444,2025-02-15,Tamil Nadu,Tamil Nadu City 3,Postpaid,1,Others,Pending,22.8,3.3,6
AIR103445,2025-03-15,Telangana,Telangana City 3,Prepaid,0,Network Issues,No Complaint,26.3,3.28,24
AIR103446,2025-04-15,Rajasthan,Rajasthan City 2,Postpaid,1,Network Issues,Resolved,16.3,3.17,-4
AIR103447,2025-05-15,West Bengal,West Bengal City 2,Prepaid,0,Slow Internet,No Complaint,4.8,3.16,12
AIR103448,2025-06-15,West Bengal,West Bengal City 2,Postpaid,0,Slow Internet,No Complaint,14.5,3.39,14
AIR103449,2025-07-15,Gujarat,Gujarat City 2,Prepaid,0,Network Issues,No Complaint,5,3.83,34
AIR103450,2025-08-15,Delhi,Delhi City 1,Prepaid,0,Call Drops,No Complaint,4.7,3.12,-2
AIR103451,2025-09-15,West Bengal,West Bengal City 2,Prepaid,0,Slow Internet,No Complaint,48.8,3.28,4
AIR103452,2025-10-15,Maharashtra,Maharashtra City 1,Prepaid,0,Network Issues,No Complaint,20.8,3.43,29
AIR103453,2025-11-15,Rajasthan,Rajasthan City 2,Broadband,0,Network Issues,No Complaint,19.5,3.68,14
AIR103454,2025-12-15,Karnataka,Karnataka City 3,Prepaid,1,Billing Issues,Pending,26.7,3.28,18
AIR103455,2025-02-15,Karnataka,Karnataka City 3,Postpaid,0,Slow Internet,No Complaint,8.1,3.15,-26
AIR103456,2025-03-15,Telangana,Telangana City 3,Broadband,1,Network Issues,In Progress,30.2,3.8,26
AIR103457,2025-04-15,Uttar Pradesh,Uttar Pradesh City 1,Postpaid,0,Call Drops,No Complaint,5.7,3.19,29
AIR103458,2025-05-15,Delhi,Delhi City 2,Prepaid,1,Network Issues,Resolved,22,3.92,12
AIR103459,2025-06-15,Uttar Pradesh,Uttar Pradesh City 2,Prepaid,0,Network Issues,No Complaint,12.4,3.02,5
AIR103460,2025-07-15,West Bengal,West Bengal City 1,Broadband,0,Slow Internet,No Complaint,4.9,4.31,52
AIR103461,2025-08-15,Rajasthan,Rajasthan City 1,Postpaid,0,Slow Internet,No Complaint,9.5,4.04,40
AIR103462,2025-09-15,Telangana,Telangana City 1,Postpaid,0,Call Drops,No Complaint,17.8,3.66,21
AIR103463,2025-10-15,Kerala,Kerala City 1,Prepaid,0,Slow Internet,No Complaint,37.5,3.7,10
AIR103464,2025-11-15,West Bengal,West Bengal City 1,Broadband,0,Network Issues,No Complaint,14.3,4.17,39
AIR103465,2025-12-15,Delhi,Delhi City 3,Postpaid,0,Network Issues,No Complaint,8.6,3.85,20
AIR103466,2025-02-15,Karnataka,Karnataka City 2,Prepaid,0,Network Issues,No Complaint,3,3.3,12
AIR103467,2025-03-15,Gujarat,Gujarat City 1,Postpaid,1,Network Issues,In Progress,23.7,4.18,34
AIR103468,2025-04-15,Rajasthan,Rajasthan City 3,Prepaid,0,Network Issues,No Complaint,10.7,3.67,19
AIR103469,2025-05-15,Tamil Nadu,Tamil Nadu City 1,Prepaid,1,Billing Issues,Resolved,6.3,4.12,28
AIR103470,2025-06-15,Uttar Pradesh,Uttar Pradesh City 3,Broadband,0,Slow Internet,No Complaint,26.6,4.37,37
AIR103471,2025-07-15,Telangana,Telangana City 1,Prepaid,0,Call Drops,No Complaint,11.5,2.91,12
AIR103472,2025-08-15,Uttar Pradesh,Uttar Pradesh City 2,Postpaid,0,Network Issues,No Complaint,11.6,3.45,23
AIR103473,2025-09-15,Rajasthan,Rajasthan City 1,Prepaid,1,Network Issues,Resolved,41.9,2.63,4
AIR103474,2025-10-15,Uttar Pradesh,Uttar Pradesh City 1,Prepaid,0,Others,No Complaint,10.4,3.27,9
AIR103475,2025-11-15,Rajasthan,Rajasthan City 2,Postpaid,0,Billing Issues,No Complaint,13.9,3.46,9
AIR103476,2025-12-15,Uttar Pradesh,Uttar Pradesh City 2,Enterprise,0,Network Issues,No Complaint,18,3.55,8
AIR103477,2025-02-15,Maharashtra,Maharashtra City 1,Prepaid,1,Call Drops,Resolved,18.6,3.14,19
AIR103478,2025-03-15,Kerala,Kerala City 2,Prepaid,0,Call Drops,No Complaint,35.2,3.75,22
AIR103479,2025-04-15,West Bengal,West Bengal City 2,Postpaid,0,Network Issues,No Complaint,36.9,3.37,14
AIR103480,2025-05-15,West Bengal,West Bengal City 3,Prepaid,0,Network Issues,No Complaint,8.8,4.66,38
AIR103481,2025-06-15,Delhi,Delhi City 2,Prepaid,0,Call Drops,No Complaint,20.2,2.64,-8
AIR103482,2025-07-15,Tamil Nadu,Tamil Nadu City 2,Prepaid,0,Slow Internet,No Complaint,5.6,4.36,47
AIR103483,2025-08-15,Tamil Nadu,Tamil Nadu City 1,Prepaid,1,Slow Internet,Resolved,39.7,3.68,32
AIR103484,2025-09-15,Delhi,Delhi City 1,Prepaid,0,Billing Issues,No Complaint,8,3.06,3
AIR103485,2025-10-15,Gujarat,Gujarat City 3,Prepaid,1,Others,Resolved,36.8,4.42,58
AIR103486,2025-11-15,West Bengal,West Bengal City 1,Prepaid,0,Network Issues,No Complaint,9.5,3.37,10
AIR103487,2025-12-15,Gujarat,Gujarat City 2,Postpaid,1,Network Issues,Resolved,32.2,3.29,22
AIR103488,2025-02-15,Rajasthan,Rajasthan City 2,Prepaid,1,Network Issues,Resolved,6.6,3.47,17
AIR103489,2025-03-15,Rajasthan,Rajasthan City 2,Broadband,0,Network Issues,No Complaint,24.4,3.26,0
AIR103490,2025-04-15,Karnataka,Karnataka City 1,Postpaid,1,Network Issues,Resolved,9.6,3.46,20
AIR103491,2025-05-15,Uttar Pradesh,Uttar Pradesh City 2,Prepaid,0,Network Issues,No Complaint,11.2,3.99,49
AIR103492,2025-06-15,Tamil Nadu,Tamil Nadu City 2,Enterprise,0,Network Issues,No Complaint,39.7,3.39,20
AIR103493,2025-07-15,Karnataka,Karnataka City 3,Prepaid,1,Billing Issues,Resolved,7.1,3.8,32
AIR103494,2025-08-15,Kerala,Kerala City 3,Prepaid,0,Network Issues,No Complaint,20.5,3.72,27
AIR103495,2025-09-15,Delhi,Delhi City 3,Prepaid,0,Network Issues,No Complaint,6.4,3.79,42
AIR103496,2025-10-15,Delhi,Delhi City 1,Postpaid,0,Network Issues,No Complaint,21.6,3.78,36
AIR103497,2025-11-15,Rajasthan,Rajasthan City 2,Postpaid,0,Network Issues,No Complaint,10.3,2.96,-6
AIR103498,2025-12-15,West Bengal,West Bengal City 2,Prepaid,0,Network Issues,No Complaint,29.9,4.1,32
AIR103499,2025-02-15,Gujarat,Gujarat City 2,Prepaid,1,Others,Resolved,30.3,4.13,38
AIR103500,2025-03-15,Tamil Nadu,Tamil Nadu City 3,Postpaid,0,Call Drops,No Complaint,25,3.88,26
AIR103501,2025-04-15,Karnataka,Karnataka City 2,Prepaid,0,Network Issues,No Complaint,6.5,3.19,18
AIR103502,2025-05-15,Gujarat,Gujarat City 2,Prepaid,0,Call Drops,No Complaint,6.5,4.19,49
AIR103503,2025-06-15,Karnataka,Karnataka City 2,Postpaid,0,Network Issues,No Complaint,21.6,3.03,24
AIR103504,2025-07-15,Uttar Pradesh,Uttar Pradesh City 2,Broadband,0,Call Drops,No Complaint,3.3,3.78,25
AIR103505,2025-08-15,Kerala,Kerala City 2,Prepaid,0,Network Issues,No Complaint,28.8,4.22,41
AIR103506,2025-09-15,Kerala,Kerala City 1,Prepaid,0,Slow Internet,No Complaint,17,4.05,27
AIR103507,2025-10-15,Gujarat,Gujarat City 2,Broadband,0,Slow Internet,No Complaint,8.9,4.33,51
AIR103508,2025-11-15,Gujarat,Gujarat City 1,Prepaid,0,Network Issues,No Complaint,21,3.47,19
AIR103509,2025-12-15,Gujarat,Gujarat City 2,Postpaid,0,Network Issues,No Complaint,23.7,4.51,54
AIR103510,2025-02-15,Karnataka,Karnataka City 1,Enterprise,0,Slow Internet,No Complaint,37.3,3.19,18
AIR103511,2025-03-15,Uttar Pradesh,Uttar Pradesh City 2,Broadband,0,Billing Issues,No Complaint,9.1,3.73,32
AIR103512,2025-04-15,Maharashtra,Maharashtra City 2,Prepaid,0,Call Drops,No Complaint,3.7,3.8,42
AIR103513,2025-05-15,Gujarat,Gujarat City 2,Prepaid,0,Call Drops,No Complaint,11.2,4.27,41
AIR103514,2025-06-15,West Bengal,West Bengal City 2,Prepaid,1,Slow Internet,Resolved,7.9,3.62,25
AIR103515,2025-07-15,Tamil Nadu,Tamil Nadu City 3,Broadband,0,Slow Internet,No Complaint,36.3,3.71,29
AIR103516,2025-08-15,Tamil Nadu,Tamil Nadu City 2,Enterprise,0,Network Issues,No Complaint,11.7,3.43,26
AIR103517,2025-09-15,Karnataka,Karnataka City 1,Prepaid,0,Slow Internet,No Complaint,32.8,3.99,42
AIR103518,2025-10-15,Gujarat,Gujarat City 3,Postpaid,1,Billing Issues,Resolved,4,4.45,62
AIR103519,2025-11-15,Rajasthan,Rajasthan City 3,Broadband,0,Billing Issues,No Complaint,8.6,4.39,50
AIR103520,2025-12-15,Delhi,Delhi City 2,Prepaid,0,Network Issues,No Complaint,33.4,3.39,18
AIR103521,2025-02-15,Maharashtra,Maharashtra City 1,Prepaid,0,Network Issues,No Complaint,11.7,2.92,8
AIR103522,2025-03-15,West Bengal,West Bengal City 1,Prepaid,1,Slow Internet,Resolved,7.7,3.72,26
AIR103523,2025-04-15,Uttar Pradesh,Uttar Pradesh City 3,Prepaid,0,Call Drops,No Complaint,13.9,3.92,32
AIR103524,2025-05-15,Rajasthan,Rajasthan City 1,Broadband,1,Slow Internet,Resolved,26.6,3.79,12
AIR103525,2025-06-15,Kerala,Kerala City 2,Broadband,0,Call Drops,No Complaint,9.3,3.77,29
AIR103526,2025-07-15,Rajasthan,Rajasthan City 2,Prepaid,0,Call Drops,No Complaint,17.5,3.51,8
AIR103527,2025-08-15,Karnataka,Karnataka City 2,Prepaid,1,Slow Internet,Resolved,9.9,3.22,-1
AIR103528,2025-09-15,Maharashtra,Maharashtra City 2,Prepaid,0,Network Issues,No Complaint,16.6,4.2,37
AIR103529,2025-10-15,Telangana,Telangana City 2,Postpaid,0,Network Issues,No Complaint,14.2,2.7,-22
AIR103530,2025-11-15,Telangana,Telangana City 3,Postpaid,0,Slow Internet,No Complaint,10.5,4.52,58
AIR103531,2025-12-15,Gujarat,Gujarat City 2,Postpaid,0,Call Drops,No Complaint,5.5,3.35,2
AIR103532,2025-02-15,Gujarat,Gujarat City 2,Postpaid,0,Network Issues,No Complaint,26.9,3.73,28
AIR103533,2025-03-15,Karnataka,Karnataka City 3,Prepaid,0,Slow Internet,No Complaint,21,3.3,20
AIR103534,2025-04-15,Uttar Pradesh,Uttar Pradesh City 3,Postpaid,1,Billing Issues,Resolved,40.6,3.04,10
AIR103535,2025-05-15,Gujarat,Gujarat City 3,Enterprise,1,Network Issues,Resolved,42.7,3.04,5
AIR103536,2025-06-15,Delhi,Delhi City 1,Prepaid,0,Network Issues,No Complaint,7.1,3.8,52
AIR103537,2025-07-15,Maharashtra,Maharashtra City 1,Postpaid,1,Network Issues,Resolved,12.6,3.35,13
AIR103538,2025-08-15,Karnataka,Karnataka City 2,Prepaid,0,Network Issues,No Complaint,22.7,3.99,12
AIR103539,2025-09-15,Tamil Nadu,Tamil Nadu City 2,Postpaid,0,Slow Internet,No Complaint,10.6,4.31,46
AIR103540,2025-10-15,Kerala,Kerala City 2,Postpaid,1,Network Issues,Pending,38.4,4,15
AIR103541,2025-11-15,Karnataka,Karnataka City 1,Postpaid,0,Call Drops,No Complaint,10.2,3.27,4
AIR103542,2025-12-15,Karnataka,Karnataka City 2,Broadband,1,Network Issues,Resolved,54.5,3.87,27
AIR103543,2025-02-15,Telangana,Telangana City 2,Prepaid,1,Slow Internet,Pending,16.5,3.9,34
AIR103544,2025-03-15,West Bengal,West Bengal City 1,Postpaid,0,Network Issues,No Complaint,42,3.35,-3
AIR103545,2025-04-15,Uttar Pradesh,Uttar Pradesh City 3,Prepaid,0,Call Drops,No Complaint,3.5,4.06,40
AIR103546,2025-05-15,West Bengal,West Bengal City 1,Postpaid,0,Slow Internet,No Complaint,11.6,4.31,36
AIR103547,2025-06-15,Delhi,Delhi City 2,Prepaid,1,Slow Internet,Resolved,4.8,3.29,9
AIR103548,2025-07-15,Tamil Nadu,Tamil Nadu City 1,Broadband,0,Call Drops,No Complaint,47.5,3.56,30
AIR103549,2025-08-15,Telangana,Telangana City 3,Prepaid,0,Billing Issues,No Complaint,18.4,3.36,18
AIR103550,2025-09-15,Tamil Nadu,Tamil Nadu City 3,Prepaid,0,Call Drops,No Complaint,6.1,4.16,45
AIR103551,2025-10-15,Delhi,Delhi City 3,Prepaid,0,Slow Internet,No Complaint,14.2,3.41,11
AIR103552,2025-11-15,West Bengal,West Bengal City 3,Enterprise,1,Call Drops,Resolved,11.6,4,49
AIR103553,2025-12-15,Karnataka,Karnataka City 3,Prepaid,0,Billing Issues,No Complaint,19.4,3.76,36
AIR103554,2025-02-15,Gujarat,Gujarat City 3,Prepaid,1,Network Issues,Resolved,10.9,3.47,10
AIR103555,2025-03-15,Gujarat,Gujarat City 2,Prepaid,0,Network Issues,No Complaint,8.2,4.01,60
AIR103556,2025-04-15,Rajasthan,Rajasthan City 2,Prepaid,1,Call Drops,In Progress,22.5,3.92,44
AIR103557,2025-05-15,Kerala,Kerala City 1,Prepaid,0,Call Drops,No Complaint,30.8,4.1,14
AIR103558,2025-06-15,Uttar Pradesh,Uttar Pradesh City 2,Postpaid,0,Others,No Complaint,6.1,2.55,-25
AIR103559,2025-07-15,Delhi,Delhi City 3,Prepaid,0,Slow Internet,No Complaint,19.7,3.17,0
AIR103560,2025-08-15,Kerala,Kerala City 2,Postpaid,0,Call Drops,No Complaint,8.3,3.33,13
AIR103561,2025-09-15,Uttar Pradesh,Uttar Pradesh City 1,Prepaid,1,Billing Issues,Pending,30.5,3.34,8
AIR103562,2025-10-15,Kerala,Kerala City 3,Prepaid,0,Network Issues,No Complaint,13.3,3.45,25
AIR103563,2025-11-15,West Bengal,West Bengal City 2,Postpaid,0,Call Drops,No Complaint,28.3,3.68,28
AIR103564,2025-12-15,Uttar Pradesh,Uttar Pradesh City 2,Prepaid,1,Call Drops,Pending,4.9,3.89,37
AIR103565,2025-02-15,West Bengal,West Bengal City 1,Prepaid,1,Network Issues,Resolved,17,4.02,48
AIR103566,2025-03-15,Karnataka,Karnataka City 3,Prepaid,0,Slow Internet,No Complaint,15.2,3.29,10
AIR103567,2025-04-15,Telangana,Telangana City 1,Prepaid,0,Network Issues,No Complaint,4.7,3.42,17
AIR103568,2025-05-15,West Bengal,West Bengal City 3,Postpaid,1,Call Drops,Resolved,5.3,3.78,37
AIR103569,2025-06-15,Gujarat,Gujarat City 3,Postpaid,0,Network Issues,No Complaint,12.7,4.31,43
AIR103570,2025-07-15,Kerala,Kerala City 2,Postpaid,1,Network Issues,Resolved,8.4,3.68,41
AIR103571,2025-08-15,Rajasthan,Rajasthan City 1,Prepaid,0,Network Issues,No Complaint,22.8,3.59,29
AIR103572,2025-09-15,Maharashtra,Maharashtra City 1,Prepaid,0,Network Issues,No Complaint,4.5,4.25,53
AIR103573,2025-10-15,Uttar Pradesh,Uttar Pradesh City 1,Prepaid,0,Network Issues,No Complaint,4.6,4,20
AIR103574,2025-11-15,Delhi,Delhi City 3,Postpaid,0,Network Issues,No Complaint,13.4,3.34,8
AIR103575,2025-12-15,Rajasthan,Rajasthan City 1,Postpaid,0,Others,No Complaint,6.2,3.42,9
AIR103576,2025-02-15,Gujarat,Gujarat City 3,Prepaid,0,Call Drops,No Complaint,100.2,3.27,1
AIR103577,2025-03-15,West Bengal,West Bengal City 1,Postpaid,0,Billing Issues,No Complaint,40.5,3.71,32
AIR103578,2025-04-15,Telangana,Telangana City 1,Prepaid,0,Network Issues,No Complaint,20.3,2.97,8
AIR103579,2025-05-15,Karnataka,Karnataka City 2,Enterprise,0,Network Issues,No Complaint,18.1,3.86,32
AIR103580,2025-06-15,Maharashtra,Maharashtra City 1,Prepaid,1,Network Issues,Resolved,24.7,3.46,23
AIR103581,2025-07-15,Tamil Nadu,Tamil Nadu City 2,Postpaid,0,Call Drops,No Complaint,9.7,3.31,14
AIR103582,2025-08-15,Rajasthan,Rajasthan City 2,Prepaid,0,Network Issues,No Complaint,25.2,3.2,-9
AIR103583,2025-09-15,Telangana,Telangana City 3,Broadband,1,Call Drops,Resolved,7.6,3.55,7
AIR103584,2025-10-15,Tamil Nadu,Tamil Nadu City 1,Prepaid,1,Network Issues,Pending,14.7,3.33,20
AIR103585,2025-11-15,Maharashtra,Maharashtra City 1,Prepaid,1,Call Drops,Resolved,4.6,3.61,10
AIR103586,2025-12-15,Delhi,Delhi City 1,Prepaid,1,Call Drops,Resolved,15.6,3.23,14
AIR103587,2025-02-15,Delhi,Delhi City 2,Enterprise,0,Call Drops,No Complaint,13.1,3.18,10
AIR103588,2025-03-15,Kerala,Kerala City 1,Enterprise,0,Slow Internet,No Complaint,31,2.77,-23
AIR103589,2025-04-15,Maharashtra,Maharashtra City 3,Prepaid,0,Network Issues,No Complaint,31.8,4.03,34
AIR103590,2025-05-15,Maharashtra,Maharashtra City 3,Postpaid,1,Network Issues,Resolved,7.7,3.54,30
AIR103591,2025-06-15,Tamil Nadu,Tamil Nadu City 1,Postpaid,0,Slow Internet,No Complaint,16.7,3.04,-4
AIR103592,2025-07-15,Telangana,Telangana City 2,Prepaid,1,Call Drops,Resolved,12.6,3.61,28
AIR103593,2025-08-15,Uttar Pradesh,Uttar Pradesh City 3,Prepaid,0,Slow Internet,No Complaint,9.5,4.1,42
AIR103594,2025-09-15,Tamil Nadu,Tamil Nadu City 3,Enterprise,0,Billing Issues,No Complaint,30.1,3.18,10
AIR103595,2025-10-15,Karnataka,Karnataka City 2,Postpaid,0,Slow Internet,No Complaint,23.1,3.97,15
AIR103596,2025-11-15,Delhi,Delhi City 3,Prepaid,0,Network Issues,No Complaint,22.8,3.63,18
AIR103597,2025-12-15,Delhi,Delhi City 2,Prepaid,1,Slow Internet,In Progress,2.8,3.77,9
AIR103598,2025-02-15,Kerala,Kerala City 3,Prepaid,0,Slow Internet,No Complaint,13.9,3.56,36
AIR103599,2025-03-15,Karnataka,Karnataka City 2,Postpaid,0,Network Issues,No Complaint,8.8,3.86,36
AIR103600,2025-04-15,Delhi,Delhi City 3,Prepaid,0,Slow Internet,No Complaint,37.3,3.37,11
AIR103601,2025-05-15,Tamil Nadu,Tamil Nadu City 1,Postpaid,0,Network Issues,No Complaint,10.8,3.42,7
AIR103602,2025-06-15,Karnataka,Karnataka City 3,Prepaid,1,Slow Internet,Resolved,43.8,4.02,39
AIR103603,2025-07-15,Tamil Nadu,Tamil Nadu City 3,Prepaid,0,Slow Internet,No Complaint,27.1,3.57,5
AIR103604,2025-08-15,Uttar Pradesh,Uttar Pradesh City 1,Prepaid,0,Network Issues,No Complaint,15.7,2.77,-24
AIR103605,2025-09-15,Uttar Pradesh,Uttar Pradesh City 1,Broadband,0,Billing Issues,No Complaint,24.1,3.61,20
AIR103606,2025-10-15,Delhi,Delhi City 1,Prepaid,0,Network Issues,No Complaint,6.2,3.3,13
AIR103607,2025-11-15,Delhi,Delhi City 1,Postpaid,0,Slow Internet,No Complaint,2.9,3.51,17
AIR103608,2025-12-15,Telangana,Telangana City 2,Prepaid,0,Network Issues,No Complaint,16.7,3.71,25
AIR103609,2025-02-15,Uttar Pradesh,Uttar Pradesh City 2,Postpaid,0,Call Drops,No Complaint,14,3.12,10
AIR103610,2025-03-15,Rajasthan,Rajasthan City 3,Prepaid,0,Billing Issues,No Complaint,9,3.06,-7
AIR103611,2025-04-15,Rajasthan,Rajasthan City 3,Postpaid,0,Call Drops,No Complaint,25,3.52,31
AIR103612,2025-05-15,Kerala,Kerala City 3,Broadband,1,Slow Internet,In Progress,9.1,2.67,-22
AIR103613,2025-06-15,Uttar Pradesh,Uttar Pradesh City 2,Prepaid,0,Network Issues,No Complaint,20.5,3.72,9
AIR103614,2025-07-15,Tamil Nadu,Tamil Nadu City 3,Prepaid,0,Slow Internet,No Complaint,17.9,3.52,35
AIR103615,2025-08-15,Tamil Nadu,Tamil Nadu City 3,Postpaid,0,Call Drops,No Complaint,9.4,3.4,22
AIR103616,2025-09-15,Gujarat,Gujarat City 2,Prepaid,0,Network Issues,No Complaint,7.2,3.79,28
AIR103617,2025-10-15,Karnataka,Karnataka City 3,Postpaid,0,Network Issues,No Complaint,7.9,3.68,44
AIR103618,2025-11-15,West Bengal,West Bengal City 2,Prepaid,0,Slow Internet,No Complaint,15.5,3.35,-4
AIR103619,2025-12-15,Rajasthan,Rajasthan City 2,Postpaid,0,Call Drops,No Complaint,17.8,3.72,0
AIR103620,2025-02-15,Delhi,Delhi City 1,Postpaid,1,Network Issues,Resolved,6.9,3.35,14
AIR103621,2025-03-15,Kerala,Kerala City 1,Prepaid,0,Slow Internet,No Complaint,17.2,4.32,41
AIR103622,2025-04-15,West Bengal,West Bengal City 2,Postpaid,0,Network Issues,No Complaint,17.6,2.92,-19
AIR103623,2025-05-15,Maharashtra,Maharashtra City 2,Prepaid,0,Call Drops,No Complaint,16.8,3.74,8
AIR103624,2025-06-15,Kerala,Kerala City 1,Prepaid,1,Network Issues,Resolved,6.4,3.57,20
AIR103625,2025-07-15,Maharashtra,Maharashtra City 3,Prepaid,0,Slow Internet,No Complaint,27.6,3.56,21
AIR103626,2025-08-15,Uttar Pradesh,Uttar Pradesh City 3,Postpaid,0,Network Issues,No Complaint,16.3,3.41,46
AIR103627,2025-09-15,Maharashtra,Maharashtra City 3,Prepaid,0,Call Drops,No Complaint,14.6,3.51,7
AIR103628,2025-10-15,Maharashtra,Maharashtra City 2,Enterprise,0,Network Issues,No Complaint,12.2,3.13,-8
AIR103629,2025-11-15,Telangana,Telangana City 1,Postpaid,0,Billing Issues,No Complaint,23.5,3.2,4
AIR103630,2025-12-15,Telangana,Telangana City 3,Prepaid,0,Billing Issues,No Complaint,48,4.49,46
AIR103631,2025-02-15,Telangana,Telangana City 1,Broadband,0,Call Drops,No Complaint,16.3,3.96,33
AIR103632,2025-03-15,Uttar Pradesh,Uttar Pradesh City 1,Prepaid,0,Slow Internet,No Complaint,10.9,2.93,20
AIR103633,2025-04-15,West Bengal,West Bengal City 2,Postpaid,0,Others,No Complaint,30.8,3.69,25
AIR103634,2025-05-15,Kerala,Kerala City 3,Prepaid,0,Slow Internet,No Complaint,8.1,3.55,14
AIR103635,2025-06-15,Kerala,Kerala City 1,Postpaid,0,Network Issues,No Complaint,16.8,3.52,12
AIR103636,2025-07-15,Delhi,Delhi City 2,Postpaid,1,Network Issues,Resolved,8,2.77,-18
AIR103637,2025-08-15,Telangana,Telangana City 2,Postpaid,0,Call Drops,No Complaint,17.5,4.19,41
AIR103638,2025-09-15,Uttar Pradesh,Uttar Pradesh City 2,Prepaid,0,Network Issues,No Complaint,3.6,4.13,47
AIR103639,2025-10-15,Delhi,Delhi City 3,Prepaid,1,Network Issues,Resolved,14.6,3.36,21
AIR103640,2025-11-15,Karnataka,Karnataka City 3,Prepaid,1,Call Drops,Resolved,7.2,3.58,23
AIR103641,2025-12-15,Delhi,Delhi City 2,Prepaid,1,Slow Internet,In Progress,19,4.02,47
AIR103642,2025-02-15,West Bengal,West Bengal City 3,Prepaid,1,Billing Issues,Pending,25.4,3.93,29
AIR103643,2025-03-15,Rajasthan,Rajasthan City 3,Postpaid,0,Billing Issues,No Complaint,7.1,3.39,22
AIR103644,2025-04-15,Maharashtra,Maharashtra City 1,Broadband,0,Slow Internet,No Complaint,34.9,3.44,14
AIR103645,2025-05-15,Telangana,Telangana City 2,Prepaid,0,Billing Issues,No Complaint,22.5,2.62,-10
AIR103646,2025-06-15,Rajasthan,Rajasthan City 2,Prepaid,1,Billing Issues,Resolved,13.8,3.96,18
AIR103647,2025-07-15,Delhi,Delhi City 3,Broadband,0,Slow Internet,No Complaint,38.9,3.16,14
AIR103648,2025-08-15,Uttar Pradesh,Uttar Pradesh City 2,Broadband,0,Billing Issues,No Complaint,4.6,3.92,35
AIR103649,2025-09-15,Maharashtra,Maharashtra City 2,Prepaid,1,Network Issues,In Progress,44.3,2.67,0
AIR103650,2025-10-15,Kerala,Kerala City 2,Prepaid,0,Others,No Complaint,6.8,3.9,35
AIR103651,2025-11-15,Tamil Nadu,Tamil Nadu City 3,Postpaid,0,Slow Internet,No Complaint,2.9,3.77,33
AIR103652,2025-12-15,Maharashtra,Maharashtra City 3,Postpaid,0,Slow Internet,No Complaint,17.4,3.71,26
AIR103653,2025-02-15,West Bengal,West Bengal City 3,Prepaid,0,Network Issues,No Complaint,38,3.98,17
AIR103654,2025-03-15,West Bengal,West Bengal City 1,Postpaid,0,Slow Internet,No Complaint,17.4,3.88,23
AIR103655,2025-04-15,Delhi,Delhi City 2,Postpaid,0,Slow Internet,No Complaint,37.2,3.78,27
AIR103656,2025-05-15,Karnataka,Karnataka City 1,Prepaid,0,Network Issues,No Complaint,6.1,3.55,23
AIR103657,2025-06-15,West Bengal,West Bengal City 3,Postpaid,1,Billing Issues,Resolved,11.1,3.68,27
AIR103658,2025-07-15,West Bengal,West Bengal City 1,Prepaid,0,Network Issues,No Complaint,33.2,3.73,0
AIR103659,2025-08-15,Uttar Pradesh,Uttar Pradesh City 2,Postpaid,1,Slow Internet,Resolved,29.5,3.58,41
AIR103660,2025-09-15,Delhi,Delhi City 2,Postpaid,0,Billing Issues,No Complaint,16.3,3.54,8
AIR103661,2025-10-15,Maharashtra,Maharashtra City 3,Prepaid,0,Network Issues,No Complaint,12.4,4.57,56
AIR103662,2025-11-15,Karnataka,Karnataka City 3,Postpaid,0,Network Issues,No Complaint,18.7,3.3,0
AIR103663,2025-12-15,Rajasthan,Rajasthan City 1,Postpaid,1,Network Issues,Resolved,8.9,3.59,22
AIR103664,2025-02-15,Tamil Nadu,Tamil Nadu City 3,Enterprise,0,Others,No Complaint,14.3,4.22,59
AIR103665,2025-03-15,Telangana,Telangana City 1,Prepaid,1,Network Issues,In Progress,1.5,4.56,66
AIR103666,2025-04-15,Kerala,Kerala City 2,Prepaid,1,Network Issues,Pending,32.5,3.45,12
AIR103667,2025-05-15,West Bengal,West Bengal City 2,Enterprise,0,Network Issues,No Complaint,15.5,3.54,27
AIR103668,2025-06-15,Delhi,Delhi City 2,Postpaid,0,Network Issues,No Complaint,6.8,3.69,18
AIR103669,2025-07-15,Telangana,Telangana City 2,Broadband,1,Call Drops,Resolved,34.5,3.89,30
AIR103670,2025-08-15,Kerala,Kerala City 2,Prepaid,1,Slow Internet,Pending,10.3,3.91,15
AIR103671,2025-09-15,Kerala,Kerala City 1,Prepaid,0,Network Issues,No Complaint,21.5,2.94,7
AIR103672,2025-10-15,Rajasthan,Rajasthan City 2,Prepaid,0,Slow Internet,No Complaint,11.2,3.2,12
AIR103673,2025-11-15,Rajasthan,Rajasthan City 1,Broadband,1,Network Issues,Resolved,36.8,3.6,12
AIR103674,2025-12-15,Rajasthan,Rajasthan City 2,Broadband,0,Network Issues,No Complaint,15.6,2.86,11
AIR103675,2025-02-15,Gujarat,Gujarat City 1,Postpaid,0,Network Issues,No Complaint,22.3,3.39,9
AIR103676,2025-03-15,Gujarat,Gujarat City 1,Prepaid,0,Network Issues,No Complaint,16.6,3.21,15
AIR103677,2025-04-15,Kerala,Kerala City 1,Prepaid,0,Network Issues,No Complaint,12,3.81,19
AIR103678,2025-05-15,Rajasthan,Rajasthan City 3,Postpaid,0,Call Drops,No Complaint,42.8,4.16,37
AIR103679,2025-06-15,Uttar Pradesh,Uttar Pradesh City 1,Postpaid,0,Slow Internet,No Complaint,21.8,3.89,44
AIR103680,2025-07-15,West Bengal,West Bengal City 1,Postpaid,0,Slow Internet,No Complaint,25.6,3.9,31
AIR103681,2025-08-15,Telangana,Telangana City 2,Prepaid,0,Network Issues,No Complaint,16,3.82,19
AIR103682,2025-09-15,Telangana,Telangana City 1,Prepaid,0,Billing Issues,No Complaint,19.2,3.51,25
AIR103683,2025-10-15,Gujarat,Gujarat City 1,Prepaid,0,Slow Internet,No Complaint,13.1,2.99,-11
AIR103684,2025-11-15,Kerala,Kerala City 3,Postpaid,1,Network Issues,Resolved,15.8,3.5,30
AIR103685,2025-12-15,Delhi,Delhi City 2,Prepaid,1,Network Issues,Pending,17.8,3.95,38
AIR103686,2025-02-15,Maharashtra,Maharashtra City 3,Broadband,0,Slow Internet,No Complaint,50.8,3.61,10
AIR103687,2025-03-15,Maharashtra,Maharashtra City 3,Postpaid,1,Slow Internet,Resolved,26.6,3.96,21
AIR103688,2025-04-15,Gujarat,Gujarat City 3,Prepaid,0,Call Drops,No Complaint,16.6,4.57,77
AIR103689,2025-05-15,Delhi,Delhi City 1,Prepaid,0,Others,No Complaint,5.6,3.37,0
AIR103690,2025-06-15,Gujarat,Gujarat City 3,Broadband,1,Call Drops,Resolved,11.3,3.48,31
AIR103691,2025-07-15,Maharashtra,Maharashtra City 3,Prepaid,0,Network Issues,No Complaint,14.9,4.78,57
AIR103692,2025-08-15,Delhi,Delhi City 2,Prepaid,0,Network Issues,No Complaint,23.2,3.3,20
AIR103693,2025-09-15,Rajasthan,Rajasthan City 2,Broadband,1,Network Issues,Resolved,13.8,3.47,9
AIR103694,2025-10-15,Kerala,Kerala City 2,Postpaid,0,Billing Issues,No Complaint,9,2.93,15
AIR103695,2025-11-15,Telangana,Telangana City 2,Postpaid,0,Network Issues,No Complaint,12.9,4.43,40
AIR103696,2025-12-15,Uttar Pradesh,Uttar Pradesh City 3,Prepaid,1,Slow Internet,Resolved,39.2,3.69,8
AIR103697,2025-02-15,Karnataka,Karnataka City 2,Broadband,0,Slow Internet,No Complaint,4.3,3.29,1
AIR103698,2025-03-15,Kerala,Kerala City 1,Prepaid,1,Call Drops,Resolved,6.9,3.54,26
AIR103699,2025-04-15,Rajasthan,Rajasthan City 3,Prepaid,1,Slow Internet,In Progress,7.9,3.71,28
AIR103700,2025-05-15,Maharashtra,Maharashtra City 2,Prepaid,0,Slow Internet,No Complaint,18.6,3.88,27
AIR103701,2025-06-15,Rajasthan,Rajasthan City 3,Prepaid,0,Billing Issues,No Complaint,7.8,3.25,-2
AIR103702,2025-07-15,Gujarat,Gujarat City 2,Enterprise,1,Network Issues,Resolved,2.5,2.78,-14
AIR103703,2025-08-15,Delhi,Delhi City 3,Postpaid,0,Slow Internet,No Complaint,29.6,3.97,25
AIR103704,2025-09-15,Telangana,Telangana City 2,Postpaid,0,Network Issues,No Complaint,28.5,3.59,13
AIR103705,2025-10-15,West Bengal,West Bengal City 1,Enterprise,0,Network Issues,No Complaint,9.9,3.44,16
AIR103706,2025-11-15,Gujarat,Gujarat City 2,Prepaid,0,Slow Internet,No Complaint,13.1,3.4,15
AIR103707,2025-12-15,Kerala,Kerala City 3,Prepaid,1,Slow Internet,Resolved,6.4,4.41,56
AIR103708,2025-02-15,Gujarat,Gujarat City 3,Postpaid,0,Call Drops,No Complaint,12.4,2.95,8
AIR103709,2025-03-15,Kerala,Kerala City 1,Postpaid,0,Network Issues,No Complaint,10.6,4.05,22
AIR103710,2025-04-15,West Bengal,West Bengal City 3,Postpaid,0,Call Drops,No Complaint,9.1,3.5,15
AIR103711,2025-05-15,Tamil Nadu,Tamil Nadu City 1,Prepaid,1,Slow Internet,Resolved,11.1,3.05,5
AIR103712,2025-06-15,Telangana,Telangana City 3,Postpaid,0,Slow Internet,No Complaint,21.6,3.79,19
AIR103713,2025-07-15,Uttar Pradesh,Uttar Pradesh City 3,Prepaid,1,Call Drops,Resolved,33.1,3.69,17
AIR103714,2025-08-15,Uttar Pradesh,Uttar Pradesh City 1,Prepaid,1,Slow Internet,Resolved,12.8,3.94,34
AIR103715,2025-09-15,Karnataka,Karnataka City 3,Prepaid,0,Call Drops,No Complaint,8,3.57,19
AIR103716,2025-10-15,Rajasthan,Rajasthan City 3,Prepaid,0,Call Drops,No Complaint,11.8,4.27,35
AIR103717,2025-11-15,Tamil Nadu,Tamil Nadu City 1,Prepaid,0,Billing Issues,No Complaint,5.8,3.44,7
AIR103718,2025-12-15,Uttar Pradesh,Uttar Pradesh City 2,Prepaid,0,Network Issues,No Complaint,16,4,37
AIR103719,2025-02-15,Gujarat,Gujarat City 1,Enterprise,0,Call Drops,No Complaint,22,3.66,11
AIR103720,2025-03-15,Rajasthan,Rajasthan City 3,Broadband,0,Network Issues,No Complaint,3.5,3.8,27
AIR103721,2025-04-15,Tamil Nadu,Tamil Nadu City 2,Postpaid,0,Others,No Complaint,48.9,3.33,22
AIR103722,2025-05-15,Delhi,Delhi City 2,Enterprise,0,Network Issues,No Complaint,27.8,3.44,-3
AIR103723,2025-06-15,Delhi,Delhi City 2,Enterprise,1,Slow Internet,Resolved,16.5,3.92,26
AIR103724,2025-07-15,Rajasthan,Rajasthan City 1,Prepaid,0,Call Drops,No Complaint,12.7,3.47,13
AIR103725,2025-08-15,Kerala,Kerala City 2,Prepaid,0,Billing Issues,No Complaint,21.8,3.68,41
AIR103726,2025-09-15,Kerala,Kerala City 2,Enterprise,0,Call Drops,No Complaint,13.7,3.42,11
AIR103727,2025-10-15,Gujarat,Gujarat City 2,Postpaid,0,Call Drops,No Complaint,8.3,3.56,23
AIR103728,2025-11-15,Tamil Nadu,Tamil Nadu City 3,Prepaid,1,Network Issues,Resolved,9.1,3.62,29
AIR103729,2025-12-15,Tamil Nadu,Tamil Nadu City 1,Postpaid,0,Slow Internet,No Complaint,26.6,3.96,34
AIR103730,2025-02-15,Rajasthan,Rajasthan City 1,Prepaid,0,Call Drops,No Complaint,24.5,3.63,16
AIR103731,2025-03-15,Maharashtra,Maharashtra City 3,Prepaid,0,Slow Internet,No Complaint,38.3,4.14,46
AIR103732,2025-04-15,Delhi,Delhi City 2,Prepaid,0,Slow Internet,No Complaint,13.9,3.55,31
AIR103733,2025-05-15,Tamil Nadu,Tamil Nadu City 3,Prepaid,1,Slow Internet,Resolved,19.3,3.25,-7
AIR103734,2025-06-15,Rajasthan,Rajasthan City 3,Prepaid,1,Network Issues,Resolved,25.1,3.28,26
AIR103735,2025-07-15,West Bengal,West Bengal City 2,Broadband,1,Slow Internet,In Progress,19.9,3.64,38
AIR103736,2025-08-15,Karnataka,Karnataka City 2,Prepaid,1,Slow Internet,In Progress,34.7,2.61,-14
AIR103737,2025-09-15,West Bengal,West Bengal City 1,Prepaid,1,Network Issues,Resolved,17.9,3.25,17
AIR103738,2025-10-15,Telangana,Telangana City 2,Prepaid,0,Network Issues,No Complaint,12.2,4.03,43
AIR103739,2025-11-15,Gujarat,Gujarat City 3,Postpaid,0,Slow Internet,No Complaint,26.5,3.36,22
AIR103740,2025-12-15,Tamil Nadu,Tamil Nadu City 3,Enterprise,0,Network Issues,No Complaint,22,3.45,31
AIR103741,2025-02-15,Telangana,Telangana City 2,Prepaid,1,Billing Issues,Resolved,17.5,3.53,2
AIR103742,2025-03-15,Uttar Pradesh,Uttar Pradesh City 1,Prepaid,1,Slow Internet,Resolved,4.5,3.57,24
AIR103743,2025-04-15,Telangana,Telangana City 3,Prepaid,0,Network Issues,No Complaint,13.5,3.77,46
AIR103744,2025-05-15,Rajasthan,Rajasthan City 2,Postpaid,0,Network Issues,No Complaint,17,3.26,17
AIR103745,2025-06-15,Tamil Nadu,Tamil Nadu City 1,Prepaid,0,Network Issues,No Complaint,22.4,3.78,33
AIR103746,2025-07-15,Karnataka,Karnataka City 1,Prepaid,0,Network Issues,No Complaint,21.5,2.92,1
AIR103747,2025-08-15,Rajasthan,Rajasthan City 3,Prepaid,0,Billing Issues,No Complaint,10.8,3.74,36
AIR103748,2025-09-15,Rajasthan,Rajasthan City 3,Prepaid,0,Slow Internet,No Complaint,14.4,3.18,14
AIR103749,2025-10-15,Gujarat,Gujarat City 1,Broadband,0,Network Issues,No Complaint,5.4,3.76,23
AIR103750,2025-11-15,Gujarat,Gujarat City 1,Prepaid,0,Network Issues,No Complaint,38.5,3.97,17
AIR103751,2025-12-15,Delhi,Delhi City 1,Prepaid,1,Network Issues,Resolved,5.2,3.55,18
AIR103752,2025-02-15,Delhi,Delhi City 2,Broadband,0,Network Issues,No Complaint,16.1,3.97,29
AIR103753,2025-03-15,Kerala,Kerala City 3,Broadband,0,Slow Internet,No Complaint,13.1,3.62,20
AIR103754,2025-04-15,Maharashtra,Maharashtra City 1,Prepaid,0,Network Issues,No Complaint,24.4,4.25,52
AIR103755,2025-05-15,Tamil Nadu,Tamil Nadu City 3,Enterprise,0,Slow Internet,No Complaint,26.8,3.75,21
AIR103756,2025-06-15,Tamil Nadu,Tamil Nadu City 3,Postpaid,0,Others,No Complaint,38.8,3.53,9
AIR103757,2025-07-15,Telangana,Telangana City 3,Prepaid,1,Slow Internet,Resolved,4.7,4.31,66
AIR103758,2025-08-15,Tamil Nadu,Tamil Nadu City 1,Postpaid,0,Slow Internet,No Complaint,6.4,3.66,12
AIR103759,2025-09-15,Tamil Nadu,Tamil Nadu City 2,Prepaid,0,Network Issues,No Complaint,8.9,4.06,53
AIR103760,2025-10-15,Maharashtra,Maharashtra City 1,Prepaid,0,Network Issues,No Complaint,2.9,3.87,44
AIR103761,2025-11-15,Uttar Pradesh,Uttar Pradesh City 3,Prepaid,0,Call Drops,No Complaint,24.7,4.47,57
AIR103762,2025-12-15,Delhi,Delhi City 1,Postpaid,0,Network Issues,No Complaint,7.9,3.86,12
AIR103763,2025-02-15,Delhi,Delhi City 1,Broadband,0,Network Issues,No Complaint,1.7,3.02,1
AIR103764,2025-03-15,Karnataka,Karnataka City 3,Prepaid,0,Network Issues,No Complaint,8.2,2.78,-18
AIR103765,2025-04-15,Tamil Nadu,Tamil Nadu City 3,Prepaid,0,Network Issues,No Complaint,8.3,3.22,11
AIR103766,2025-05-15,Maharashtra,Maharashtra City 1,Postpaid,1,Slow Internet,Resolved,15.9,3.34,3
AIR103767,2025-06-15,Delhi,Delhi City 1,Postpaid,0,Network Issues,No Complaint,19.7,3.2,19
AIR103768,2025-07-15,Maharashtra,Maharashtra City 1,Postpaid,0,Network Issues,No Complaint,23.9,4.65,64
AIR103769,2025-08-15,West Bengal,West Bengal City 1,Prepaid,1,Call Drops,Resolved,14.9,4.05,40
AIR103770,2025-09-15,Uttar Pradesh,Uttar Pradesh City 2,Postpaid,1,Slow Internet,In Progress,7.4,3.48,20
AIR103771,2025-10-15,Tamil Nadu,Tamil Nadu City 1,Prepaid,0,Billing Issues,No Complaint,16.8,3.17,-4
AIR103772,2025-11-15,Karnataka,Karnataka City 2,Postpaid,0,Slow Internet,No Complaint,4.5,3.27,16
AIR103773,2025-12-15,Telangana,Telangana City 3,Prepaid,1,Network Issues,Resolved,15.3,4.36,48
AIR103774,2025-02-15,Delhi,Delhi City 2,Prepaid,1,Network Issues,Resolved,29.8,3.94,38
AIR103775,2025-03-15,West Bengal,West Bengal City 3,Prepaid,0,Others,No Complaint,32.8,4.01,34
AIR103776,2025-04-15,Maharashtra,Maharashtra City 2,Broadband,0,Slow Internet,No Complaint,9.4,3.74,21
AIR103777,2025-05-15,Gujarat,Gujarat City 3,Postpaid,0,Network Issues,No Complaint,7.1,3.6,21
AIR103778,2025-06-15,Rajasthan,Rajasthan City 1,Enterprise,0,Slow Internet,No Complaint,20.9,4.19,30
AIR103779,2025-07-15,Tamil Nadu,Tamil Nadu City 2,Prepaid,0,Others,No Complaint,10.6,3.58,25
AIR103780,2025-08-15,Tamil Nadu,Tamil Nadu City 2,Postpaid,0,Call Drops,No Complaint,4.8,3.56,28
AIR103781,2025-09-15,West Bengal,West Bengal City 3,Prepaid,1,Call Drops,Resolved,26.8,3.63,34
AIR103782,2025-10-15,Maharashtra,Maharashtra City 3,Postpaid,0,Slow Internet,No Complaint,61,4.08,54
AIR103783,2025-11-15,Kerala,Kerala City 2,Broadband,0,Slow Internet,No Complaint,19.6,3.52,5
AIR103784,2025-12-15,Tamil Nadu,Tamil Nadu City 3,Broadband,1,Network Issues,Resolved,5.7,3.84,31
AIR103785,2025-02-15,Kerala,Kerala City 1,Postpaid,1,Billing Issues,Resolved,10,3.7,17
AIR103786,2025-03-15,Gujarat,Gujarat City 2,Postpaid,1,Network Issues,Resolved,34.1,2.89,-8
AIR103787,2025-04-15,West Bengal,West Bengal City 1,Broadband,1,Network Issues,Resolved,10,3.26,28
AIR103788,2025-05-15,Maharashtra,Maharashtra City 2,Prepaid,1,Network Issues,In Progress,13.9,3.77,38
AIR103789,2025-06-15,Maharashtra,Maharashtra City 1,Broadband,0,Network Issues,No Complaint,19.6,3.03,2
AIR103790,2025-07-15,Uttar Pradesh,Uttar Pradesh City 2,Broadband,0,Network Issues,No Complaint,9,3.85,27
AIR103791,2025-08-15,Rajasthan,Rajasthan City 3,Postpaid,0,Slow Internet,No Complaint,9.6,3.96,39
AIR103792,2025-09-15,Delhi,Delhi City 2,Postpaid,0,Slow Internet,No Complaint,25.5,3.57,34
AIR103793,2025-10-15,Delhi,Delhi City 1,Prepaid,0,Others,No Complaint,45.8,3.24,32
AIR103794,2025-11-15,Telangana,Telangana City 2,Prepaid,0,Network Issues,No Complaint,17.6,3.06,-18
AIR103795,2025-12-15,Karnataka,Karnataka City 1,Postpaid,0,Call Drops,No Complaint,8.6,3.52,24
AIR103796,2025-02-15,West Bengal,West Bengal City 1,Prepaid,0,Network Issues,No Complaint,20.6,3.72,25
AIR103797,2025-03-15,Gujarat,Gujarat City 1,Postpaid,1,Billing Issues,Resolved,53.7,4.52,59
AIR103798,2025-04-15,Maharashtra,Maharashtra City 3,Broadband,0,Billing Issues,No Complaint,32.8,4.15,45
AIR103799,2025-05-15,Rajasthan,Rajasthan City 2,Prepaid,1,Slow Internet,Resolved,20,3.06,-10
AIR103800,2025-06-15,Kerala,Kerala City 1,Prepaid,0,Slow Internet,No Complaint,15.9,2.88,-8
AIR103801,2025-07-15,West Bengal,West Bengal City 3,Postpaid,1,Call Drops,Resolved,1,2.96,5
AIR103802,2025-08-15,Telangana,Telangana City 1,Prepaid,1,Slow Internet,Resolved,8.2,3.17,19
AIR103803,2025-09-15,West Bengal,West Bengal City 2,Prepaid,0,Slow Internet,No Complaint,10.4,3.22,6
AIR103804,2025-10-15,Telangana,Telangana City 3,Prepaid,0,Network Issues,No Complaint,12.1,3.94,29
AIR103805,2025-11-15,Maharashtra,Maharashtra City 1,Prepaid,0,Call Drops,No Complaint,4.8,2.93,-10
AIR103806,2025-12-15,Karnataka,Karnataka City 1,Prepaid,1,Network Issues,In Progress,23.3,4.06,38
AIR103807,2025-02-15,Telangana,Telangana City 1,Broadband,0,Slow Internet,No Complaint,11.2,2.76,-1
AIR103808,2025-03-15,Maharashtra,Maharashtra City 2,Prepaid,0,Slow Internet,No Complaint,17,4.05,37
AIR103809,2025-04-15,Maharashtra,Maharashtra City 3,Prepaid,0,Network Issues,No Complaint,9.9,3.71,25
AIR103810,2025-05-15,Karnataka,Karnataka City 3,Enterprise,1,Network Issues,Resolved,25.5,3.74,17
AIR103811,2025-06-15,Delhi,Delhi City 3,Broadband,1,Billing Issues,Resolved,17.7,3.44,16
AIR103812,2025-07-15,West Bengal,West Bengal City 1,Prepaid,0,Network Issues,No Complaint,13.3,4.02,49
AIR103813,2025-08-15,Tamil Nadu,Tamil Nadu City 3,Postpaid,0,Slow Internet,No Complaint,19.6,3.58,26
AIR103814,2025-09-15,Tamil Nadu,Tamil Nadu City 1,Postpaid,1,Network Issues,Resolved,14.8,3.35,30
AIR103815,2025-10-15,Kerala,Kerala City 2,Postpaid,0,Call Drops,No Complaint,26.7,3.33,22
AIR103816,2025-11-15,Kerala,Kerala City 3,Postpaid,0,Network Issues,No Complaint,33.3,3.27,24
AIR103817,2025-12-15,Tamil Nadu,Tamil Nadu City 1,Postpaid,0,Network Issues,No Complaint,15.6,4.81,78
AIR103818,2025-02-15,Gujarat,Gujarat City 3,Prepaid,0,Slow Internet,No Complaint,6,3.59,19
AIR103819,2025-03-15,Tamil Nadu,Tamil Nadu City 3,Postpaid,1,Network Issues,Resolved,16.8,3.48,7
AIR103820,2025-04-15,Kerala,Kerala City 2,Postpaid,0,Network Issues,No Complaint,48.3,4.51,58
AIR103821,2025-05-15,Rajasthan,Rajasthan City 3,Postpaid,1,Slow Internet,Resolved,39.5,3.76,24
AIR103822,2025-06-15,Kerala,Kerala City 2,Prepaid,0,Slow Internet,No Complaint,46.4,3.58,7
AIR103823,2025-07-15,Gujarat,Gujarat City 3,Prepaid,0,Slow Internet,No Complaint,25.2,3.29,8
AIR103824,2025-08-15,West Bengal,West Bengal City 3,Enterprise,1,Network Issues,Pending,3.2,3.63,25
AIR103825,2025-09-15,Tamil Nadu,Tamil Nadu City 3,Prepaid,0,Network Issues,No Complaint,1.8,4.14,57
AIR103826,2025-10-15,Karnataka,Karnataka City 3,Prepaid,0,Network Issues,No Complaint,34.3,2.95,9
AIR103827,2025-11-15,Rajasthan,Rajasthan City 3,Postpaid,0,Network Issues,No Complaint,24.5,4.35,57
AIR103828,2025-12-15,Maharashtra,Maharashtra City 3,Prepaid,0,Others,No Complaint,17.6,4.08,34
AIR103829,2025-02-15,Gujarat,Gujarat City 2,Prepaid,1,Network Issues,Resolved,38.6,3.98,34
AIR103830,2025-03-15,Kerala,Kerala City 2,Postpaid,0,Slow Internet,No Complaint,35.1,2.32,-21
AIR103831,2025-04-15,Karnataka,Karnataka City 1,Postpaid,0,Billing Issues,No Complaint,16.6,4.06,46
AIR103832,2025-05-15,Telangana,Telangana City 3,Postpaid,1,Network Issues,Resolved,11,3.35,17
AIR103833,2025-06-15,Delhi,Delhi City 2,Broadband,1,Call Drops,Resolved,6.3,4.31,57
AIR103834,2025-07-15,Tamil Nadu,Tamil Nadu City 3,Prepaid,0,Network Issues,No Complaint,37.1,3.54,18
AIR103835,2025-08-15,Delhi,Delhi City 3,Postpaid,1,Network Issues,Resolved,17.3,3.43,37
AIR103836,2025-09-15,Gujarat,Gujarat City 2,Prepaid,0,Others,No Complaint,6.6,3.43,29
AIR103837,2025-10-15,Telangana,Telangana City 3,Prepaid,1,Billing Issues,Resolved,15.8,3.5,23
AIR103838,2025-11-15,Telangana,Telangana City 2,Postpaid,0,Network Issues,No Complaint,3.3,3.26,7
AIR103839,2025-12-15,Telangana,Telangana City 2,Prepaid,0,Call Drops,No Complaint,14.6,3.82,42
AIR103840,2025-02-15,Maharashtra,Maharashtra City 1,Postpaid,0,Network Issues,No Complaint,10.9,3.79,28
AIR103841,2025-03-15,Gujarat,Gujarat City 1,Prepaid,0,Network Issues,No Complaint,15.3,3.51,15
AIR103842,2025-04-15,West Bengal,West Bengal City 1,Prepaid,0,Network Issues,No Complaint,18.3,3.74,38
AIR103843,2025-05-15,Delhi,Delhi City 1,Postpaid,0,Network Issues,No Complaint,7.8,4.31,46
AIR103844,2025-06-15,West Bengal,West Bengal City 3,Postpaid,0,Slow Internet,No Complaint,21.6,3.34,19
AIR103845,2025-07-15,Karnataka,Karnataka City 3,Prepaid,0,Call Drops,No Complaint,12.8,4.13,33
AIR103846,2025-08-15,Uttar Pradesh,Uttar Pradesh City 1,Broadband,0,Call Drops,No Complaint,12.6,3.61,29
AIR103847,2025-09-15,Rajasthan,Rajasthan City 2,Prepaid,1,Slow Internet,Resolved,41.8,3.25,18
AIR103848,2025-10-15,Rajasthan,Rajasthan City 2,Prepaid,0,Call Drops,No Complaint,8.9,3.16,-13
AIR103849,2025-11-15,West Bengal,West Bengal City 2,Prepaid,0,Call Drops,No Complaint,12.7,3.09,22
AIR103850,2025-12-15,Uttar Pradesh,Uttar Pradesh City 2,Prepaid,1,Network Issues,In Progress,20.1,3.03,-7
AIR103851,2025-02-15,Uttar Pradesh,Uttar Pradesh City 3,Prepaid,0,Network Issues,No Complaint,9,3.44,11
AIR103852,2025-03-15,Tamil Nadu,Tamil Nadu City 2,Postpaid,1,Network Issues,In Progress,1.3,3.69,29
AIR103853,2025-04-15,Karnataka,Karnataka City 2,Postpaid,0,Slow Internet,No Complaint,25.5,3.62,14
AIR103854,2025-05-15,Gujarat,Gujarat City 1,Prepaid,0,Network Issues,No Complaint,4.5,3.29,14
AIR103855,2025-06-15,Uttar Pradesh,Uttar Pradesh City 2,Enterprise,0,Network Issues,No Complaint,4.7,4.42,45
AIR103856,2025-07-15,Kerala,Kerala City 3,Prepaid,0,Network Issues,No Complaint,31.6,3.96,34
AIR103857,2025-08-15,Rajasthan,Rajasthan City 2,Prepaid,1,Network Issues,Resolved,25.7,4.39,57
AIR103858,2025-09-15,Kerala,Kerala City 2,Prepaid,0,Network Issues,No Complaint,3.9,3.43,18
AIR103859,2025-10-15,Karnataka,Karnataka City 3,Prepaid,0,Slow Internet,No Complaint,10.1,3.91,47
AIR103860,2025-11-15,Uttar Pradesh,Uttar Pradesh City 1,Postpaid,0,Slow Internet,No Complaint,8.1,3.36,1
AIR103861,2025-12-15,Delhi,Delhi City 3,Prepaid,0,Network Issues,No Complaint,24.3,3.13,-9
AIR103862,2025-02-15,Rajasthan,Rajasthan City 1,Postpaid,0,Network Issues,No Complaint,20.8,3.64,12
AIR103863,2025-03-15,Tamil Nadu,Tamil Nadu City 2,Postpaid,0,Network Issues,No Complaint,14.5,3.63,30
AIR103864,2025-04-15,Tamil Nadu,Tamil Nadu City 1,Postpaid,0,Network Issues,No Complaint,24.2,3.96,38
AIR103865,2025-05-15,Telangana,Telangana City 1,Postpaid,0,Billing Issues,No Complaint,7.6,3.32,23
AIR103866,2025-06-15,Maharashtra,Maharashtra City 1,Prepaid,1,Network Issues,Resolved,23.7,3.86,23
AIR103867,2025-07-15,Uttar Pradesh,Uttar Pradesh City 2,Prepaid,0,Network Issues,No Complaint,23.6,3.85,22
AIR103868,2025-08-15,Karnataka,Karnataka City 1,Postpaid,0,Slow Internet,No Complaint,7.5,4.51,50
AIR103869,2025-09-15,Rajasthan,Rajasthan City 1,Prepaid,0,Network Issues,No Complaint,35.9,3.61,41
AIR103870,2025-10-15,Maharashtra,Maharashtra City 2,Prepaid,1,Slow Internet,Pending,5.7,3.91,35
AIR103871,2025-11-15,Karnataka,Karnataka City 3,Postpaid,0,Network Issues,No Complaint,20.6,3.37,11
AIR103872,2025-12-15,West Bengal,West Bengal City 3,Prepaid,0,Slow Internet,No Complaint,17,3.59,30
AIR103873,2025-02-15,Uttar Pradesh,Uttar Pradesh City 3,Postpaid,0,Network Issues,No Complaint,11.6,3.63,16
AIR103874,2025-03-15,Gujarat,Gujarat City 2,Prepaid,0,Network Issues,No Complaint,21.8,3.75,19
AIR103875,2025-04-15,Gujarat,Gujarat City 2,Enterprise,0,Billing Issues,No Complaint,14.2,3.02,5
AIR103876,2025-05-15,Uttar Pradesh,Uttar Pradesh City 3,Postpaid,1,Network Issues,Pending,13.6,4.28,44
AIR103877,2025-06-15,Telangana,Telangana City 1,Prepaid,0,Billing Issues,No Complaint,3.9,3.65,27
AIR103878,2025-07-15,Telangana,Telangana City 3,Postpaid,0,Network Issues,No Complaint,25.6,3.79,35
AIR103879,2025-08-15,Gujarat,Gujarat City 2,Postpaid,0,Slow Internet,No Complaint,14.7,3.19,22
AIR103880,2025-09-15,Delhi,Delhi City 1,Postpaid,0,Network Issues,No Complaint,12.3,4.42,56
AIR103881,2025-10-15,Rajasthan,Rajasthan City 1,Postpaid,0,Slow Internet,No Complaint,18.7,3.32,14
AIR103882,2025-11-15,Gujarat,Gujarat City 2,Postpaid,1,Network Issues,Resolved,16.8,3.69,9
AIR103883,2025-12-15,Delhi,Delhi City 1,Prepaid,0,Network Issues,No Complaint,20,4.13,39
AIR103884,2025-02-15,Maharashtra,Maharashtra City 3,Prepaid,1,Network Issues,Resolved,21.1,3.4,26
AIR103885,2025-03-15,Delhi,Delhi City 2,Broadband,0,Call Drops,No Complaint,11.1,3.48,2
AIR103886,2025-04-15,Maharashtra,Maharashtra City 2,Prepaid,1,Network Issues,Pending,24.9,4.08,26
AIR103887,2025-05-15,Karnataka,Karnataka City 2,Prepaid,1,Call Drops,Resolved,8.8,3.79,45
AIR103888,2025-06-15,Kerala,Kerala City 2,Prepaid,0,Network Issues,No Complaint,12.5,2.78,-1
AIR103889,2025-07-15,Karnataka,Karnataka City 1,Broadband,0,Network Issues,No Complaint,21,4.01,38
AIR103890,2025-08-15,Gujarat,Gujarat City 2,Postpaid,0,Billing Issues,No Complaint,20.4,3.42,10
AIR103891,2025-09-15,Maharashtra,Maharashtra City 2,Postpaid,0,Network Issues,No Complaint,11.1,3.99,18
AIR103892,2025-10-15,Gujarat,Gujarat City 1,Broadband,0,Network Issues,No Complaint,8.9,3.59,13
AIR103893,2025-11-15,Uttar Pradesh,Uttar Pradesh City 2,Broadband,0,Billing Issues,No Complaint,20.6,2.93,-2
AIR103894,2025-12-15,Rajasthan,Rajasthan City 1,Postpaid,0,Call Drops,No Complaint,10.7,4.14,50
AIR103895,2025-02-15,Tamil Nadu,Tamil Nadu City 1,Prepaid,0,Slow Internet,No Complaint,3.1,3.93,20
AIR103896,2025-03-15,Gujarat,Gujarat City 2,Prepaid,0,Network Issues,No Complaint,33.9,3.7,12
AIR103897,2025-04-15,Rajasthan,Rajasthan City 3,Postpaid,0,Network Issues,No Complaint,43,3.89,17
AIR103898,2025-05-15,Delhi,Delhi City 2,Prepaid,0,Slow Internet,No Complaint,3.1,3.85,23
AIR103899,2025-06-15,Karnataka,Karnataka City 3,Postpaid,0,Others,No Complaint,29.9,4.3,32
AIR103900,2025-07-15,Delhi,Delhi City 1,Postpaid,0,Network Issues,No Complaint,22.3,3.91,33
AIR103901,2025-08-15,Tamil Nadu,Tamil Nadu City 3,Postpaid,0,Network Issues,No Complaint,14.7,3.88,37
AIR103902,2025-09-15,Maharashtra,Maharashtra City 2,Prepaid,0,Call Drops,No Complaint,33.6,4.4,49
AIR103903,2025-10-15,Uttar Pradesh,Uttar Pradesh City 2,Prepaid,0,Others,No Complaint,39.7,3.71,26
AIR103904,2025-11-15,Rajasthan,Rajasthan City 3,Postpaid,1,Slow Internet,In Progress,16,3.1,1
AIR103905,2025-12-15,Uttar Pradesh,Uttar Pradesh City 2,Prepaid,0,Call Drops,No Complaint,11.5,3.3,10
AIR103906,2025-02-15,Kerala,Kerala City 3,Postpaid,0,Call Drops,No Complaint,26.8,3.79,33
AIR103907,2025-03-15,Gujarat,Gujarat City 1,Postpaid,0,Network Issues,No Complaint,14.2,3.72,35
AIR103908,2025-04-15,Maharashtra,Maharashtra City 3,Enterprise,0,Billing Issues,No Complaint,14.4,4.41,69
AIR103909,2025-05-15,Kerala,Kerala City 3,Broadband,0,Call Drops,No Complaint,12.4,4.02,32
AIR103910,2025-06-15,West Bengal,West Bengal City 3,Prepaid,0,Network Issues,No Complaint,8.7,3.83,24
AIR103911,2025-07-15,Gujarat,Gujarat City 3,Postpaid,0,Call Drops,No Complaint,20.3,2.87,3
AIR103912,2025-08-15,Delhi,Delhi City 1,Prepaid,1,Network Issues,Resolved,22.3,2.75,-3
AIR103913,2025-09-15,Karnataka,Karnataka City 1,Prepaid,0,Network Issues,No Complaint,19.4,4.09,15
AIR103914,2025-10-15,Rajasthan,Rajasthan City 1,Postpaid,0,Network Issues,No Complaint,11.9,3.28,3
AIR103915,2025-11-15,Tamil Nadu,Tamil Nadu City 3,Postpaid,1,Billing Issues,Resolved,18.1,3.51,28
AIR103916,2025-12-15,Tamil Nadu,Tamil Nadu City 1,Postpaid,0,Network Issues,No Complaint,15.9,4.02,40
AIR103917,2025-02-15,Delhi,Delhi City 2,Prepaid,0,Billing Issues,No Complaint,36.5,3.9,17
AIR103918,2025-03-15,Telangana,Telangana City 1,Broadband,0,Network Issues,No Complaint,35.8,3.71,33
AIR103919,2025-04-15,Tamil Nadu,Tamil Nadu City 3,Prepaid,0,Slow Internet,No Complaint,15.6,4.05,25
AIR103920,2025-05-15,Rajasthan,Rajasthan City 2,Broadband,1,Slow Internet,Resolved,10.9,3.86,37
AIR103921,2025-06-15,Delhi,Delhi City 3,Postpaid,0,Call Drops,No Complaint,9.5,3.68,15
AIR103922,2025-07-15,Maharashtra,Maharashtra City 2,Prepaid,0,Network Issues,No Complaint,18,3.63,7
AIR103923,2025-08-15,Tamil Nadu,Tamil Nadu City 3,Prepaid,1,Slow Internet,Resolved,15.6,3.26,-7
AIR103924,2025-09-15,Uttar Pradesh,Uttar Pradesh City 3,Prepaid,0,Network Issues,No Complaint,10.6,3.91,13
AIR103925,2025-10-15,Delhi,Delhi City 2,Broadband,1,Slow Internet,Pending,24.4,3.62,27
AIR103926,2025-11-15,Rajasthan,Rajasthan City 1,Broadband,0,Slow Internet,No Complaint,28.1,3.72,21
AIR103927,2025-12-15,Uttar Pradesh,Uttar Pradesh City 2,Postpaid,1,Slow Internet,Resolved,15.8,4.32,42
AIR103928,2025-02-15,Gujarat,Gujarat City 2,Postpaid,0,Billing Issues,No Complaint,14.1,2.88,-9
AIR103929,2025-03-15,Gujarat,Gujarat City 2,Postpaid,0,Network Issues,No Complaint,14.4,3.79,22
AIR103930,2025-04-15,Tamil Nadu,Tamil Nadu City 2,Postpaid,0,Billing Issues,No Complaint,11.9,2.96,-7
AIR103931,2025-05-15,Uttar Pradesh,Uttar Pradesh City 2,Postpaid,0,Slow Internet,No Complaint,17.2,4.27,47
AIR103932,2025-06-15,Karnataka,Karnataka City 3,Prepaid,0,Others,No Complaint,3.4,3.53,32
AIR103933,2025-07-15,Gujarat,Gujarat City 3,Broadband,1,Network Issues,Resolved,25,3.84,30
AIR103934,2025-08-15,Karnataka,Karnataka City 1,Postpaid,1,Slow Internet,In Progress,10.9,3.34,27
AIR103935,2025-09-15,Maharashtra,Maharashtra City 1,Prepaid,0,Network Issues,No Complaint,41.2,3.4,-2
AIR103936,2025-10-15,Delhi,Delhi City 2,Broadband,0,Network Issues,No Complaint,22.8,3.59,28
AIR103937,2025-11-15,Kerala,Kerala City 1,Postpaid,0,Billing Issues,No Complaint,5.2,3.63,4
AIR103938,2025-12-15,Rajasthan,Rajasthan City 1,Prepaid,1,Call Drops,Resolved,9.6,4.25,50
AIR103939,2025-02-15,Delhi,Delhi City 2,Prepaid,0,Network Issues,No Complaint,16.9,3.5,12
AIR103940,2025-03-15,Rajasthan,Rajasthan City 3,Postpaid,0,Network Issues,No Complaint,13.8,3.45,21
AIR103941,2025-04-15,Uttar Pradesh,Uttar Pradesh City 3,Broadband,1,Network Issues,Resolved,18.9,3.27,23
AIR103942,2025-05-15,Maharashtra,Maharashtra City 1,Broadband,0,Call Drops,No Complaint,21.5,3.38,18
AIR103943,2025-06-15,West Bengal,West Bengal City 3,Postpaid,1,Slow Internet,Resolved,25.1,4.11,45
AIR103944,2025-07-15,Tamil Nadu,Tamil Nadu City 3,Prepaid,1,Slow Internet,Pending,18.1,3.74,25
AIR103945,2025-08-15,Rajasthan,Rajasthan City 1,Prepaid,0,Slow Internet,No Complaint,9.5,2.95,-12
AIR103946,2025-09-15,Rajasthan,Rajasthan City 2,Prepaid,0,Network Issues,No Complaint,26.9,3.62,9
AIR103947,2025-10-15,Uttar Pradesh,Uttar Pradesh City 1,Broadband,1,Others,Resolved,56.9,3.53,24
AIR103948,2025-11-15,Karnataka,Karnataka City 1,Enterprise,1,Network Issues,Pending,19.2,3.15,0
AIR103949,2025-12-15,Delhi,Delhi City 1,Prepaid,0,Slow Internet,No Complaint,8.9,3.5,4
AIR103950,2025-02-15,West Bengal,West Bengal City 2,Postpaid,1,Network Issues,In Progress,10.4,3.67,31
AIR103951,2025-03-15,Telangana,Telangana City 2,Postpaid,0,Network Issues,No Complaint,5.6,3.93,31
AIR103952,2025-04-15,Tamil Nadu,Tamil Nadu City 2,Prepaid,0,Call Drops,No Complaint,30.4,3.78,22
AIR103953,2025-05-15,Kerala,Kerala City 2,Postpaid,1,Network Issues,In Progress,9.1,3.75,31
AIR103954,2025-06-15,Telangana,Telangana City 1,Broadband,0,Network Issues,No Complaint,4.7,3.63,22
AIR103955,2025-07-15,Delhi,Delhi City 3,Prepaid,0,Billing Issues,No Complaint,18.5,3.33,35
AIR103956,2025-08-15,Tamil Nadu,Tamil Nadu City 1,Broadband,0,Call Drops,No Complaint,16,3.52,20
AIR103957,2025-09-15,Rajasthan,Rajasthan City 2,Prepaid,1,Network Issues,Resolved,27.4,3.34,25
AIR103958,2025-10-15,Kerala,Kerala City 3,Prepaid,0,Network Issues,No Complaint,51.4,3.68,10
AIR103959,2025-11-15,Karnataka,Karnataka City 1,Prepaid,0,Slow Internet,No Complaint,18.4,4.11,50
AIR103960,2025-12-15,West Bengal,West Bengal City 3,Broadband,1,Call Drops,Resolved,18.5,3.36,2
AIR103961,2025-02-15,Karnataka,Karnataka City 2,Prepaid,1,Billing Issues,Pending,14.1,4.17,18
AIR103962,2025-03-15,Maharashtra,Maharashtra City 3,Postpaid,0,Call Drops,No Complaint,14.8,2.7,-16
AIR103963,2025-04-15,Uttar Pradesh,Uttar Pradesh City 3,Postpaid,0,Slow Internet,No Complaint,7.2,3.91,48
AIR103964,2025-05-15,Tamil Nadu,Tamil Nadu City 2,Postpaid,0,Call Drops,No Complaint,30.3,3.02,5
AIR103965,2025-06-15,Karnataka,Karnataka City 3,Broadband,1,Network Issues,Pending,23.9,3.66,22
AIR103966,2025-07-15,Telangana,Telangana City 1,Prepaid,0,Slow Internet,No Complaint,22.8,3.24,-9
AIR103967,2025-08-15,Uttar Pradesh,Uttar Pradesh City 3,Broadband,0,Others,No Complaint,27.2,3.78,24
AIR103968,2025-09-15,Karnataka,Karnataka City 1,Prepaid,0,Network Issues,No Complaint,10.4,3.75,26
AIR103969,2025-10-15,Gujarat,Gujarat City 3,Postpaid,0,Slow Internet,No Complaint,7.8,2.71,-14
AIR103970,2025-11-15,Maharashtra,Maharashtra City 3,Postpaid,0,Slow Internet,No Complaint,22.9,3.75,12
AIR103971,2025-12-15,Delhi,Delhi City 2,Broadband,0,Network Issues,No Complaint,14.7,4.07,51
AIR103972,2025-02-15,West Bengal,West Bengal City 2,Prepaid,0,Slow Internet,No Complaint,10.8,3.64,33
AIR103973,2025-03-15,Maharashtra,Maharashtra City 1,Postpaid,0,Slow Internet,No Complaint,12.4,3.4,25
AIR103974,2025-04-15,Uttar Pradesh,Uttar Pradesh City 2,Prepaid,0,Call Drops,No Complaint,16,2.6,-26
AIR103975,2025-05-15,Gujarat,Gujarat City 2,Prepaid,0,Call Drops,No Complaint,6.5,3.49,16
AIR103976,2025-06-15,Tamil Nadu,Tamil Nadu City 2,Prepaid,1,Call Drops,Resolved,11.7,3.9,21
AIR103977,2025-07-15,Telangana,Telangana City 2,Prepaid,0,Call Drops,No Complaint,49.9,3.48,17
AIR103978,2025-08-15,West Bengal,West Bengal City 2,Broadband,1,Network Issues,In Progress,8.2,3.88,24
AIR103979,2025-09-15,West Bengal,West Bengal City 1,Postpaid,1,Others,In Progress,4.9,3.24,-2
AIR103980,2025-10-15,Maharashtra,Maharashtra City 1,Prepaid,0,Slow Internet,No Complaint,18.6,4.24,53
AIR103981,2025-11-15,Uttar Pradesh,Uttar Pradesh City 2,Broadband,1,Slow Internet,Resolved,14.5,3.65,18
AIR103982,2025-12-15,Tamil Nadu,Tamil Nadu City 2,Prepaid,0,Slow Internet,No Complaint,3.5,4.51,44
AIR103983,2025-02-15,Rajasthan,Rajasthan City 1,Postpaid,0,Network Issues,No Complaint,16.7,4.22,43
AIR103984,2025-03-15,Gujarat,Gujarat City 3,Broadband,0,Slow Internet,No Complaint,4.3,4.25,53
AIR103985,2025-04-15,Rajasthan,Rajasthan City 1,Broadband,1,Network Issues,Resolved,28.4,2.93,2
AIR103986,2025-05-15,Telangana,Telangana City 3,Prepaid,0,Network Issues,No Complaint,15,3.01,5
AIR103987,2025-06-15,Tamil Nadu,Tamil Nadu City 2,Postpaid,1,Slow Internet,Resolved,1.9,3.67,20
AIR103988,2025-07-15,Tamil Nadu,Tamil Nadu City 2,Prepaid,0,Billing Issues,No Complaint,27.4,2.35,-28
AIR103989,2025-08-15,Gujarat,Gujarat City 1,Broadband,0,Slow Internet,No Complaint,5.7,2.88,-10
AIR103990,2025-09-15,Kerala,Kerala City 2,Postpaid,0,Network Issues,No Complaint,8.5,2.85,-13
AIR103991,2025-10-15,Rajasthan,Rajasthan City 3,Postpaid,0,Slow Internet,No Complaint,5.1,3.52,4
AIR103992,2025-11-15,Karnataka,Karnataka City 3,Prepaid,0,Slow Internet,No Complaint,13.5,4.15,35
AIR103993,2025-12-15,West Bengal,West Bengal City 1,Postpaid,1,Network Issues,In Progress,11.6,3.88,35
AIR103994,2025-02-15,Kerala,Kerala City 3,Postpaid,0,Slow Internet,No Complaint,10.4,3.64,35
AIR103995,2025-03-15,Karnataka,Karnataka City 1,Postpaid,0,Network Issues,No Complaint,18.8,3.56,16
AIR103996,2025-04-15,Uttar Pradesh,Uttar Pradesh City 1,Postpaid,0,Slow Internet,No Complaint,6.2,3.56,27
AIR103997,2025-05-15,Gujarat,Gujarat City 3,Broadband,1,Billing Issues,Resolved,7.7,3.87,29
AIR103998,2025-06-15,Uttar Pradesh,Uttar Pradesh City 3,Postpaid,1,Slow Internet,Resolved,24,2.9,-7
AIR103999,2025-07-15,West Bengal,West Bengal City 3,Prepaid,0,Billing Issues,No Complaint,26.9,3.47,18
AIR104000,2025-08-15,Delhi,Delhi City 3,Broadband,1,Slow Internet,Resolved,8.8,4.25,36
AIR104001,2025-09-15,Karnataka,Karnataka City 3,Prepaid,1,Call Drops,In Progress,5.2,2.51,-32
AIR104002,2025-10-15,Kerala,Kerala City 3,Postpaid,0,Network Issues,No Complaint,9.2,3.24,3
AIR104003,2025-11-15,Karnataka,Karnataka City 3,Broadband,1,Billing Issues,Resolved,10.6,3.79,33
AIR104004,2025-12-15,Karnataka,Karnataka City 2,Prepaid,0,Network Issues,No Complaint,3.9,4.43,53
AIR104005,2025-02-15,Gujarat,Gujarat City 1,Broadband,1,Slow Internet,Resolved,7.6,4.01,26
AIR104006,2025-03-15,Uttar Pradesh,Uttar Pradesh City 1,Postpaid,0,Slow Internet,No Complaint,3.5,4.01,46
AIR104007,2025-04-15,Rajasthan,Rajasthan City 3,Postpaid,0,Call Drops,No Complaint,16.7,4.12,39
AIR104008,2025-05-15,Delhi,Delhi City 1,Prepaid,0,Call Drops,No Complaint,19.9,3.45,28
AIR104009,2025-06-15,Gujarat,Gujarat City 3,Prepaid,1,Slow Internet,Resolved,11.3,3.29,13
AIR104010,2025-07-15,Telangana,Telangana City 2,Enterprise,1,Slow Internet,Resolved,5.6,4.11,43
AIR104011,2025-08-15,Gujarat,Gujarat City 1,Prepaid,1,Slow Internet,Resolved,29.5,4.25,45
AIR104012,2025-09-15,West Bengal,West Bengal City 1,Postpaid,0,Network Issues,No Complaint,31.4,3.06,5
AIR104013,2025-10-15,Delhi,Delhi City 2,Prepaid,0,Network Issues,No Complaint,5.3,3.41,11
AIR104014,2025-11-15,Tamil Nadu,Tamil Nadu City 2,Prepaid,0,Network Issues,No Complaint,7.3,3.68,20
AIR104015,2025-12-15,Telangana,Telangana City 2,Postpaid,0,Call Drops,No Complaint,20,4.14,47
AIR104016,2025-02-15,Maharashtra,Maharashtra City 1,Prepaid,0,Network Issues,No Complaint,13.6,3.79,31
AIR104017,2025-03-15,Gujarat,Gujarat City 1,Enterprise,0,Billing Issues,No Complaint,55,2.77,-23
AIR104018,2025-04-15,Karnataka,Karnataka City 2,Postpaid,0,Billing Issues,No Complaint,23.6,3.32,23
AIR104019,2025-05-15,Rajasthan,Rajasthan City 2,Postpaid,1,Slow Internet,Resolved,7.5,3.53,28
AIR104020,2025-06-15,Tamil Nadu,Tamil Nadu City 2,Prepaid,0,Billing Issues,No Complaint,11.4,3.77,36
AIR104021,2025-07-15,Gujarat,Gujarat City 2,Enterprise,0,Network Issues,No Complaint,9,4.3,37
AIR104022,2025-08-15,Gujarat,Gujarat City 2,Prepaid,0,Network Issues,No Complaint,6.8,4.48,47
AIR104023,2025-09-15,Kerala,Kerala City 3,Postpaid,0,Slow Internet,No Complaint,4.6,3.8,21
AIR104024,2025-10-15,Kerala,Kerala City 2,Prepaid,0,Network Issues,No Complaint,5.6,3.79,34
AIR104025,2025-11-15,Tamil Nadu,Tamil Nadu City 3,Prepaid,0,Call Drops,No Complaint,12.9,3.58,20
AIR104026,2025-12-15,Uttar Pradesh,Uttar Pradesh City 1,Postpaid,1,Network Issues,Resolved,11.3,3.63,25
AIR104027,2025-02-15,Kerala,Kerala City 1,Postpaid,0,Billing Issues,No Complaint,8.1,3.77,25
AIR104028,2025-03-15,Karnataka,Karnataka City 3,Prepaid,0,Network Issues,No Complaint,25.2,4.28,30
AIR104029,2025-04-15,Telangana,Telangana City 2,Postpaid,1,Slow Internet,In Progress,18.1,4.55,57
AIR104030,2025-05-15,Maharashtra,Maharashtra City 1,Postpaid,0,Network Issues,No Complaint,16.6,3.56,23
AIR104031,2025-06-15,Delhi,Delhi City 2,Prepaid,0,Call Drops,No Complaint,34.3,4.16,50
AIR104032,2025-07-15,Maharashtra,Maharashtra City 2,Prepaid,0,Network Issues,No Complaint,4,3.05,17
AIR104033,2025-08-15,Maharashtra,Maharashtra City 3,Prepaid,0,Call Drops,No Complaint,10.9,3.65,14
AIR104034,2025-09-15,Delhi,Delhi City 1,Prepaid,0,Network Issues,No Complaint,16.1,4.33,56
AIR104035,2025-10-15,Kerala,Kerala City 1,Prepaid,0,Network Issues,No Complaint,22.9,4.65,40
AIR104036,2025-11-15,Tamil Nadu,Tamil Nadu City 3,Prepaid,0,Call Drops,No Complaint,11,3.75,36
AIR104037,2025-12-15,Delhi,Delhi City 2,Postpaid,1,Network Issues,Resolved,1.6,2.75,1
AIR104038,2025-02-15,West Bengal,West Bengal City 2,Prepaid,0,Network Issues,No Complaint,12.2,3.99,29
AIR104039,2025-03-15,Uttar Pradesh,Uttar Pradesh City 1,Postpaid,0,Slow Internet,No Complaint,5.6,3.29,8
AIR104040,2025-04-15,Telangana,Telangana City 3,Enterprise,0,Network Issues,No Complaint,5.7,3.74,36
AIR104041,2025-05-15,Rajasthan,Rajasthan City 3,Enterprise,0,Call Drops,No Complaint,12.1,3.89,43
AIR104042,2025-06-15,Kerala,Kerala City 2,Broadband,0,Slow Internet,No Complaint,8,3.95,34
AIR104043,2025-07-15,Uttar Pradesh,Uttar Pradesh City 2,Prepaid,0,Others,No Complaint,10.1,3.34,24
AIR104044,2025-08-15,Delhi,Delhi City 3,Prepaid,0,Call Drops,No Complaint,12.4,3.66,-2
AIR104045,2025-09-15,West Bengal,West Bengal City 1,Broadband,0,Call Drops,No Complaint,13.3,2.97,2
AIR104046,2025-10-15,Rajasthan,Rajasthan City 2,Prepaid,1,Billing Issues,Resolved,17.4,4.11,31
AIR104047,2025-11-15,Telangana,Telangana City 3,Prepaid,0,Slow Internet,No Complaint,22.4,3.95,30
AIR104048,2025-12-15,Telangana,Telangana City 3,Postpaid,0,Billing Issues,No Complaint,15.1,3.84,30
AIR104049,2025-02-15,Kerala,Kerala City 3,Prepaid,0,Slow Internet,No Complaint,23.1,3.2,4
AIR104050,2025-03-15,Delhi,Delhi City 1,Broadband,0,Slow Internet,No Complaint,2.7,4.01,22
AIR104051,2025-04-15,Uttar Pradesh,Uttar Pradesh City 2,Postpaid,0,Slow Internet,No Complaint,21.9,3.85,22
AIR104052,2025-05-15,Tamil Nadu,Tamil Nadu City 2,Postpaid,0,Billing Issues,No Complaint,10.4,3.42,11
AIR104053,2025-06-15,Uttar Pradesh,Uttar Pradesh City 2,Broadband,0,Call Drops,No Complaint,14.2,3.95,57
AIR104054,2025-07-15,Uttar Pradesh,Uttar Pradesh City 1,Prepaid,1,Network Issues,In Progress,6.7,4.32,61
AIR104055,2025-08-15,Telangana,Telangana City 2,Postpaid,0,Slow Internet,No Complaint,22.1,4.16,50
AIR104056,2025-09-15,Tamil Nadu,Tamil Nadu City 2,Prepaid,0,Network Issues,No Complaint,3.9,3.72,33
AIR104057,2025-10-15,Tamil Nadu,Tamil Nadu City 2,Postpaid,1,Slow Internet,Resolved,20.6,3.44,5
AIR104058,2025-11-15,Kerala,Kerala City 2,Prepaid,1,Billing Issues,Resolved,44.6,3.97,24
AIR104059,2025-12-15,Rajasthan,Rajasthan City 1,Postpaid,0,Call Drops,No Complaint,14,4.25,50
AIR104060,2025-02-15,Gujarat,Gujarat City 3,Enterprise,1,Slow Internet,In Progress,11.9,3.73,9
AIR104061,2025-03-15,Maharashtra,Maharashtra City 3,Prepaid,0,Slow Internet,No Complaint,29.7,2.68,-14
AIR104062,2025-04-15,Maharashtra,Maharashtra City 2,Prepaid,0,Call Drops,No Complaint,21.7,4.25,38
AIR104063,2025-05-15,Telangana,Telangana City 2,Prepaid,0,Slow Internet,No Complaint,17.1,4.39,55
AIR104064,2025-06-15,Gujarat,Gujarat City 2,Prepaid,1,Network Issues,In Progress,3.5,3.58,8
AIR104065,2025-07-15,Rajasthan,Rajasthan City 1,Prepaid,1,Slow Internet,Resolved,12.1,3.56,21
AIR104066,2025-08-15,Gujarat,Gujarat City 2,Broadband,0,Network Issues,No Complaint,5.6,3.81,24
AIR104067,2025-09-15,Kerala,Kerala City 1,Postpaid,0,Slow Internet,No Complaint,2.1,4.12,34
AIR104068,2025-10-15,Uttar Pradesh,Uttar Pradesh City 2,Postpaid,0,Slow Internet,No Complaint,21.2,3.22,11
AIR104069,2025-11-15,Telangana,Telangana City 2,Postpaid,1,Network Issues,Resolved,5.8,3.56,42
AIR104070,2025-12-15,Tamil Nadu,Tamil Nadu City 3,Prepaid,1,Network Issues,Resolved,12.4,3.6,17
AIR104071,2025-02-15,Telangana,Telangana City 2,Prepaid,1,Network Issues,Resolved,18.3,2.49,-31
AIR104072,2025-03-15,Maharashtra,Maharashtra City 1,Postpaid,1,Slow Internet,Resolved,6.9,3.7,16
AIR104073,2025-04-15,Rajasthan,Rajasthan City 3,Postpaid,0,Slow Internet,No Complaint,21.5,4.09,19
AIR104074,2025-05-15,Gujarat,Gujarat City 1,Prepaid,0,Billing Issues,No Complaint,7.1,4.35,50
AIR104075,2025-06-15,Rajasthan,Rajasthan City 3,Prepaid,0,Slow Internet,No Complaint,38.1,3.23,-5
AIR104076,2025-07-15,Kerala,Kerala City 1,Prepaid,0,Network Issues,No Complaint,5.3,3.89,32
AIR104077,2025-08-15,Telangana,Telangana City 3,Prepaid,0,Slow Internet,No Complaint,33.4,3.44,11
AIR104078,2025-09-15,Delhi,Delhi City 1,Prepaid,0,Call Drops,No Complaint,25.8,3.73,22
AIR104079,2025-10-15,Telangana,Telangana City 1,Postpaid,0,Others,No Complaint,2.4,3.61,7
AIR104080,2025-11-15,Tamil Nadu,Tamil Nadu City 2,Broadband,1,Call Drops,In Progress,23.2,3.87,33
AIR104081,2025-12-15,Telangana,Telangana City 3,Prepaid,1,Network Issues,Resolved,51.2,4.01,24
AIR104082,2025-02-15,West Bengal,West Bengal City 3,Postpaid,0,Call Drops,No Complaint,8.2,4.09,38
AIR104083,2025-03-15,Kerala,Kerala City 2,Prepaid,0,Slow Internet,No Complaint,28.7,4.06,43
AIR104084,2025-04-15,Karnataka,Karnataka City 1,Postpaid,1,Slow Internet,Resolved,4.1,3.35,19
AIR104085,2025-05-15,Kerala,Kerala City 1,Postpaid,0,Call Drops,No Complaint,14.6,3.5,30
AIR104086,2025-06-15,Gujarat,Gujarat City 3,Broadband,0,Slow Internet,No Complaint,21.8,3.82,15
AIR104087,2025-07-15,Karnataka,Karnataka City 1,Prepaid,1,Slow Internet,In Progress,4.3,3.85,19
AIR104088,2025-08-15,Gujarat,Gujarat City 3,Prepaid,1,Network Issues,Resolved,55.9,4.37,33
AIR104089,2025-09-15,Gujarat,Gujarat City 3,Postpaid,0,Network Issues,No Complaint,12.8,3.68,34
AIR104090,2025-10-15,Tamil Nadu,Tamil Nadu City 1,Prepaid,1,Network Issues,Resolved,33.9,3.43,-5
AIR104091,2025-11-15,Tamil Nadu,Tamil Nadu City 1,Prepaid,1,Slow Internet,Resolved,11.7,3.02,16
AIR104092,2025-12-15,Uttar Pradesh,Uttar Pradesh City 1,Prepaid,0,Network Issues,No Complaint,37.2,4.37,33
AIR104093,2025-02-15,Maharashtra,Maharashtra City 2,Postpaid,1,Slow Internet,Pending,5.6,3.16,16
AIR104094,2025-03-15,Uttar Pradesh,Uttar Pradesh City 3,Prepaid,0,Network Issues,No Complaint,11,3.43,15
AIR104095,2025-04-15,Uttar Pradesh,Uttar Pradesh City 1,Enterprise,0,Network Issues,No Complaint,18.9,3.18,18
AIR104096,2025-05-15,Maharashtra,Maharashtra City 2,Prepaid,1,Call Drops,Resolved,4.9,2.79,-8
AIR104097,2025-06-15,Delhi,Delhi City 1,Prepaid,1,Call Drops,In Progress,20.9,3.84,29
AIR104098,2025-07-15,Karnataka,Karnataka City 3,Postpaid,0,Slow Internet,No Complaint,35,3.62,16
AIR104099,2025-08-15,Rajasthan,Rajasthan City 2,Prepaid,0,Slow Internet,No Complaint,26.1,2.93,-11
AIR104100,2025-09-15,Uttar Pradesh,Uttar Pradesh City 3,Postpaid,0,Billing Issues,No Complaint,18.6,3.68,26
AIR104101,2025-10-15,Telangana,Telangana City 1,Postpaid,0,Slow Internet,No Complaint,42.1,3.18,-5
AIR104102,2025-11-15,Telangana,Telangana City 1,Postpaid,0,Slow Internet,No Complaint,30.8,2.86,-13
AIR104103,2025-12-15,Gujarat,Gujarat City 1,Postpaid,0,Network Issues,No Complaint,8.1,3.2,2
AIR104104,2025-02-15,Maharashtra,Maharashtra City 2,Prepaid,1,Slow Internet,Resolved,19,2.89,-5
AIR104105,2025-03-15,Gujarat,Gujarat City 2,Broadband,1,Slow Internet,Resolved,19.8,3.33,12
AIR104106,2025-04-15,West Bengal,West Bengal City 2,Postpaid,0,Network Issues,No Complaint,7.5,3.62,7
AIR104107,2025-05-15,West Bengal,West Bengal City 2,Prepaid,1,Slow Internet,Resolved,7.4,4.24,45
AIR104108,2025-06-15,Rajasthan,Rajasthan City 1,Prepaid,0,Billing Issues,No Complaint,2.7,3.63,31
AIR104109,2025-07-15,Tamil Nadu,Tamil Nadu City 1,Prepaid,1,Network Issues,Resolved,3,3.95,39
AIR104110,2025-08-15,Tamil Nadu,Tamil Nadu City 1,Prepaid,0,Network Issues,No Complaint,15.8,3.36,28
AIR104111,2025-09-15,Maharashtra,Maharashtra City 2,Postpaid,0,Billing Issues,No Complaint,8.7,4.15,33
AIR104112,2025-10-15,Maharashtra,Maharashtra City 2,Prepaid,0,Call Drops,No Complaint,10.6,3.97,30
AIR104113,2025-11-15,Uttar Pradesh,Uttar Pradesh City 1,Broadband,0,Call Drops,No Complaint,36.7,3.38,17
AIR104114,2025-12-15,West Bengal,West Bengal City 1,Prepaid,0,Call Drops,No Complaint,17,4.23,51
AIR104115,2025-02-15,Uttar Pradesh,Uttar Pradesh City 2,Prepaid,0,Network Issues,No Complaint,12.6,3.94,26
AIR104116,2025-03-15,Tamil Nadu,Tamil Nadu City 3,Prepaid,0,Network Issues,No Complaint,53,2.87,9
AIR104117,2025-04-15,Karnataka,Karnataka City 1,Prepaid,1,Call Drops,In Progress,14.5,3.6,0
AIR104118,2025-05-15,Karnataka,Karnataka City 1,Broadband,0,Others,No Complaint,14.6,4.05,27
AIR104119,2025-06-15,Maharashtra,Maharashtra City 1,Postpaid,0,Billing Issues,No Complaint,19.8,3.84,53
AIR104120,2025-07-15,Gujarat,Gujarat City 2,Prepaid,0,Network Issues,No Complaint,9.9,3.44,24
AIR104121,2025-08-15,Tamil Nadu,Tamil Nadu City 1,Broadband,0,Slow Internet,No Complaint,17.1,4.28,21
AIR104122,2025-09-15,Karnataka,Karnataka City 1,Broadband,0,Slow Internet,No Complaint,8.4,3.52,24
AIR104123,2025-10-15,Tamil Nadu,Tamil Nadu City 1,Postpaid,1,Billing Issues,Resolved,14.5,3.36,16
AIR104124,2025-11-15,Kerala,Kerala City 1,Broadband,0,Slow Internet,No Complaint,12.1,2.09,-38
AIR104125,2025-12-15,Telangana,Telangana City 1,Postpaid,0,Network Issues,No Complaint,32.1,3.88,27
AIR104126,2025-02-15,West Bengal,West Bengal City 3,Postpaid,1,Slow Internet,Resolved,34.5,3.58,25
AIR104127,2025-03-15,Uttar Pradesh,Uttar Pradesh City 3,Prepaid,0,Slow Internet,No Complaint,2.9,4.18,46
AIR104128,2025-04-15,Tamil Nadu,Tamil Nadu City 1,Prepaid,0,Others,No Complaint,8.4,3.22,-2
AIR104129,2025-05-15,Telangana,Telangana City 1,Postpaid,0,Network Issues,No Complaint,15.2,3.25,2
AIR104130,2025-06-15,Kerala,Kerala City 1,Broadband,0,Network Issues,No Complaint,14.5,3.9,35
AIR104131,2025-07-15,Uttar Pradesh,Uttar Pradesh City 1,Postpaid,1,Slow Internet,Resolved,21.4,4,27
AIR104132,2025-08-15,Tamil Nadu,Tamil Nadu City 2,Broadband,0,Network Issues,No Complaint,14.9,3.82,14
AIR104133,2025-09-15,Maharashtra,Maharashtra City 2,Prepaid,1,Network Issues,Resolved,21.1,3.59,16
AIR104134,2025-10-15,Telangana,Telangana City 2,Postpaid,0,Call Drops,No Complaint,1.6,3.63,19
AIR104135,2025-11-15,Uttar Pradesh,Uttar Pradesh City 3,Postpaid,1,Slow Internet,In Progress,39.5,3.66,33
AIR104136,2025-12-15,Tamil Nadu,Tamil Nadu City 1,Postpaid,0,Network Issues,No Complaint,36.6,4.63,52
AIR104137,2025-02-15,Telangana,Telangana City 2,Postpaid,0,Slow Internet,No Complaint,18.3,3.25,-8
AIR104138,2025-03-15,Kerala,Kerala City 1,Prepaid,0,Network Issues,No Complaint,2.4,3.86,14
AIR104139,2025-04-15,Tamil Nadu,Tamil Nadu City 1,Prepaid,0,Billing Issues,No Complaint,4.3,4.03,25
AIR104140,2025-05-15,Tamil Nadu,Tamil Nadu City 3,Enterprise,0,Network Issues,No Complaint,13.7,3.95,45
AIR104141,2025-06-15,Tamil Nadu,Tamil Nadu City 3,Prepaid,1,Call Drops,Resolved,18.7,3.66,21
AIR104142,2025-07-15,Rajasthan,Rajasthan City 2,Postpaid,0,Network Issues,No Complaint,1,4,38
AIR104143,2025-08-15,Maharashtra,Maharashtra City 2,Prepaid,1,Network Issues,Resolved,4.6,3.38,20
AIR104144,2025-09-15,Kerala,Kerala City 3,Prepaid,1,Call Drops,Pending,8.7,4.21,48
AIR104145,2025-10-15,Uttar Pradesh,Uttar Pradesh City 3,Postpaid,0,Slow Internet,No Complaint,19.5,3.27,18
AIR104146,2025-11-15,Rajasthan,Rajasthan City 1,Postpaid,0,Network Issues,No Complaint,21.8,3.17,4
AIR104147,2025-12-15,Gujarat,Gujarat City 1,Broadband,0,Billing Issues,No Complaint,5,3.39,27
AIR104148,2025-02-15,Rajasthan,Rajasthan City 2,Prepaid,0,Network Issues,No Complaint,19.9,4.14,44
AIR104149,2025-03-15,West Bengal,West Bengal City 2,Postpaid,0,Call Drops,No Complaint,7.1,4.49,37
AIR104150,2025-04-15,West Bengal,West Bengal City 3,Broadband,0,Network Issues,No Complaint,22.6,3.76,28
AIR104151,2025-05-15,Tamil Nadu,Tamil Nadu City 2,Enterprise,1,Slow Internet,Resolved,12.8,3.49,12
AIR104152,2025-06-15,Rajasthan,Rajasthan City 1,Enterprise,0,Call Drops,No Complaint,3.8,3.91,46
AIR104153,2025-07-15,Gujarat,Gujarat City 3,Postpaid,0,Slow Internet,No Complaint,17.5,3.4,5
AIR104154,2025-08-15,Rajasthan,Rajasthan City 1,Prepaid,0,Slow Internet,No Complaint,28.3,3.07,1
AIR104155,2025-09-15,Maharashtra,Maharashtra City 3,Prepaid,1,Slow Internet,Resolved,29.5,2.98,2
AIR104156,2025-10-15,Maharashtra,Maharashtra City 3,Broadband,0,Network Issues,No Complaint,5.2,3.48,38
AIR104157,2025-11-15,Gujarat,Gujarat City 1,Broadband,0,Slow Internet,No Complaint,3.3,3.59,14
AIR104158,2025-12-15,Rajasthan,Rajasthan City 2,Postpaid,1,Network Issues,Resolved,5.3,3.77,21
AIR104159,2025-02-15,Telangana,Telangana City 2,Prepaid,1,Slow Internet,In Progress,11.5,4.07,40
AIR104160,2025-03-15,Maharashtra,Maharashtra City 2,Postpaid,1,Network Issues,Resolved,22.1,3.87,19
AIR104161,2025-04-15,Maharashtra,Maharashtra City 2,Prepaid,0,Network Issues,No Complaint,5.2,3.4,12
AIR104162,2025-05-15,Karnataka,Karnataka City 1,Postpaid,0,Network Issues,No Complaint,15.4,3.18,13
AIR104163,2025-06-15,Rajasthan,Rajasthan City 3,Prepaid,0,Network Issues,No Complaint,10.2,4,40
AIR104164,2025-07-15,Maharashtra,Maharashtra City 1,Broadband,0,Others,No Complaint,11.9,4.2,40
AIR104165,2025-08-15,Kerala,Kerala City 2,Prepaid,0,Slow Internet,No Complaint,27.4,3.31,22
AIR104166,2025-09-15,Rajasthan,Rajasthan City 2,Postpaid,0,Network Issues,No Complaint,10.5,3.82,22
AIR104167,2025-10-15,West Bengal,West Bengal City 1,Prepaid,1,Billing Issues,Resolved,6.8,2.2,-26
AIR104168,2025-11-15,Karnataka,Karnataka City 3,Postpaid,0,Others,No Complaint,33.1,3.81,9
AIR104169,2025-12-15,Maharashtra,Maharashtra City 1,Postpaid,0,Others,No Complaint,13.7,4.16,40
AIR104170,2025-02-15,Karnataka,Karnataka City 1,Broadband,1,Slow Internet,Resolved,16.8,3.56,20
AIR104171,2025-03-15,West Bengal,West Bengal City 1,Prepaid,0,Slow Internet,No Complaint,20.5,3.78,35
AIR104172,2025-04-15,Gujarat,Gujarat City 3,Prepaid,0,Billing Issues,No Complaint,7.1,3.59,19
AIR104173,2025-05-15,Gujarat,Gujarat City 1,Postpaid,0,Slow Internet,No Complaint,5.3,4.41,47
AIR104174,2025-06-15,Rajasthan,Rajasthan City 1,Prepaid,0,Call Drops,No Complaint,8,3.11,17
AIR104175,2025-07-15,West Bengal,West Bengal City 2,Prepaid,0,Billing Issues,No Complaint,11.7,3.33,23
AIR104176,2025-08-15,Delhi,Delhi City 1,Postpaid,0,Network Issues,No Complaint,35.2,4.05,36
AIR104177,2025-09-15,Delhi,Delhi City 2,Postpaid,0,Network Issues,No Complaint,13.6,3.15,-3
AIR104178,2025-10-15,Rajasthan,Rajasthan City 2,Prepaid,0,Call Drops,No Complaint,23.2,4.11,42
AIR104179,2025-11-15,Tamil Nadu,Tamil Nadu City 2,Prepaid,1,Network Issues,Pending,29.4,4.01,38
AIR104180,2025-12-15,Karnataka,Karnataka City 3,Broadband,0,Network Issues,No Complaint,7.4,4.39,52
AIR104181,2025-02-15,Karnataka,Karnataka City 2,Postpaid,1,Slow Internet,Resolved,5.6,4.06,31
AIR104182,2025-03-15,Gujarat,Gujarat City 1,Prepaid,0,Network Issues,No Complaint,7.8,3.6,26
AIR104183,2025-04-15,Delhi,Delhi City 1,Prepaid,1,Call Drops,In Progress,17.1,3.74,31
AIR104184,2025-05-15,Uttar Pradesh,Uttar Pradesh City 2,Postpaid,0,Call Drops,No Complaint,23.4,4.29,55
AIR104185,2025-06-15,Maharashtra,Maharashtra City 2,Prepaid,1,Network Issues,In Progress,13.2,4.04,41
AIR104186,2025-07-15,Maharashtra,Maharashtra City 1,Broadband,0,Call Drops,No Complaint,4.3,2.87,-2
AIR104187,2025-08-15,Maharashtra,Maharashtra City 2,Postpaid,0,Network Issues,No Complaint,39.4,3.35,17
AIR104188,2025-09-15,Gujarat,Gujarat City 3,Postpaid,0,Network Issues,No Complaint,2.5,3.93,44
AIR104189,2025-10-15,West Bengal,West Bengal City 2,Broadband,0,Network Issues,No Complaint,41.4,4.57,38
AIR104190,2025-11-15,Telangana,Telangana City 3,Prepaid,1,Call Drops,Resolved,1.2,3.42,-6
AIR104191,2025-12-15,Delhi,Delhi City 3,Prepaid,0,Slow Internet,No Complaint,14.2,4.16,48
AIR104192,2025-02-15,Delhi,Delhi City 3,Postpaid,0,Slow Internet,No Complaint,35.2,3.44,15
AIR104193,2025-03-15,Uttar Pradesh,Uttar Pradesh City 2,Postpaid,0,Network Issues,No Complaint,5.6,3.43,27
AIR104194,2025-04-15,Karnataka,Karnataka City 3,Prepaid,0,Network Issues,No Complaint,8.8,3.62,20
AIR104195,2025-05-15,Tamil Nadu,Tamil Nadu City 3,Prepaid,0,Network Issues,No Complaint,6.4,3.67,16
AIR104196,2025-06-15,Rajasthan,Rajasthan City 2,Prepaid,0,Others,No Complaint,11.8,4.04,41
AIR104197,2025-07-15,Karnataka,Karnataka City 3,Prepaid,1,Network Issues,Resolved,16,3.18,21
AIR104198,2025-08-15,West Bengal,West Bengal City 2,Postpaid,0,Network Issues,No Complaint,33.6,4.01,42
AIR104199,2025-09-15,Rajasthan,Rajasthan City 1,Postpaid,0,Network Issues,No Complaint,29.4,3.21,0
AIR104200,2025-10-15,Delhi,Delhi City 3,Prepaid,0,Slow Internet,No Complaint,16.1,3.84,33
AIR104201,2025-11-15,West Bengal,West Bengal City 2,Prepaid,0,Network Issues,No Complaint,3.7,3.56,27
AIR104202,2025-12-15,Rajasthan,Rajasthan City 1,Prepaid,0,Network Issues,No Complaint,18.7,3.56,21
AIR104203,2025-02-15,Uttar Pradesh,Uttar Pradesh City 3,Prepaid,0,Slow Internet,No Complaint,13.7,2.99,13
AIR104204,2025-03-15,Uttar Pradesh,Uttar Pradesh City 3,Prepaid,0,Slow Internet,No Complaint,11.1,2.76,-14
AIR104205,2025-04-15,Kerala,Kerala City 2,Prepaid,0,Network Issues,No Complaint,40,3.48,22
AIR104206,2025-05-15,Telangana,Telangana City 1,Prepaid,0,Slow Internet,No Complaint,33.7,3.42,22
AIR104207,2025-06-15,Uttar Pradesh,Uttar Pradesh City 2,Postpaid,0,Billing Issues,No Complaint,10.7,3.74,16
AIR104208,2025-07-15,Delhi,Delhi City 3,Postpaid,0,Call Drops,No Complaint,17.7,4.56,47
AIR104209,2025-08-15,Tamil Nadu,Tamil Nadu City 3,Prepaid,0,Slow Internet,No Complaint,10.5,3.14,6
AIR104210,2025-09-15,Maharashtra,Maharashtra City 3,Broadband,1,Slow Internet,Resolved,6,4.05,28
AIR104211,2025-10-15,Kerala,Kerala City 3,Broadband,1,Network Issues,Resolved,17,3.14,4
AIR104212,2025-11-15,Maharashtra,Maharashtra City 1,Enterprise,1,Network Issues,Resolved,30.7,3.56,-12
AIR104213,2025-12-15,Telangana,Telangana City 1,Broadband,0,Slow Internet,No Complaint,7.7,4.28,40
AIR104214,2025-02-15,Rajasthan,Rajasthan City 2,Postpaid,0,Network Issues,No Complaint,19.6,2.6,-7
AIR104215,2025-03-15,Gujarat,Gujarat City 2,Postpaid,0,Slow Internet,No Complaint,16.5,3.77,21
AIR104216,2025-04-15,Uttar Pradesh,Uttar Pradesh City 2,Prepaid,0,Network Issues,No Complaint,7.8,3.67,34
AIR104217,2025-05-15,Tamil Nadu,Tamil Nadu City 3,Postpaid,0,Slow Internet,No Complaint,10.9,3.92,27
AIR104218,2025-06-15,Telangana,Telangana City 2,Postpaid,1,Network Issues,In Progress,13.2,3.55,17
AIR104219,2025-07-15,Maharashtra,Maharashtra City 1,Postpaid,0,Slow Internet,No Complaint,13.3,3.29,17
AIR104220,2025-08-15,Kerala,Kerala City 2,Postpaid,0,Network Issues,No Complaint,27.6,3.79,39
AIR104221,2025-09-15,Uttar Pradesh,Uttar Pradesh City 2,Prepaid,0,Network Issues,No Complaint,19.1,3.44,15
AIR104222,2025-10-15,Delhi,Delhi City 1,Postpaid,0,Network Issues,No Complaint,13.8,3.58,32
AIR104223,2025-11-15,Uttar Pradesh,Uttar Pradesh City 1,Prepaid,0,Network Issues,No Complaint,7.9,3.47,13
AIR104224,2025-12-15,Kerala,Kerala City 3,Postpaid,0,Network Issues,No Complaint,22.7,3.66,23
AIR104225,2025-02-15,Kerala,Kerala City 1,Broadband,1,Network Issues,In Progress,36.3,4.05,23
AIR104226,2025-03-15,Gujarat,Gujarat City 1,Broadband,1,Slow Internet,Resolved,22.6,3.52,4
AIR104227,2025-04-15,Uttar Pradesh,Uttar Pradesh City 2,Postpaid,0,Network Issues,No Complaint,11.7,4.59,63
AIR104228,2025-05-15,Uttar Pradesh,Uttar Pradesh City 1,Prepaid,0,Network Issues,No Complaint,19.1,3.88,43
AIR104229,2025-06-15,Gujarat,Gujarat City 3,Broadband,1,Slow Internet,Resolved,8.3,3.43,11
AIR104230,2025-07-15,West Bengal,West Bengal City 2,Prepaid,0,Slow Internet,No Complaint,9.5,3.92,34
AIR104231,2025-08-15,West Bengal,West Bengal City 3,Broadband,0,Network Issues,No Complaint,13,4.46,59
AIR104232,2025-09-15,Rajasthan,Rajasthan City 1,Prepaid,0,Network Issues,No Complaint,23.1,3.69,0
AIR104233,2025-10-15,West Bengal,West Bengal City 3,Prepaid,0,Network Issues,No Complaint,11,2.66,-15
AIR104234,2025-11-15,Karnataka,Karnataka City 3,Postpaid,0,Network Issues,No Complaint,20,3.37,30
AIR104235,2025-12-15,Uttar Pradesh,Uttar Pradesh City 1,Postpaid,1,Slow Internet,Resolved,28.8,3.68,15
AIR104236,2025-02-15,Tamil Nadu,Tamil Nadu City 1,Prepaid,1,Network Issues,Resolved,12.7,4.02,46
AIR104237,2025-03-15,Uttar Pradesh,Uttar Pradesh City 2,Postpaid,0,Slow Internet,No Complaint,9.1,3.44,19
AIR104238,2025-04-15,Karnataka,Karnataka City 2,Postpaid,0,Slow Internet,No Complaint,14.6,3.51,23
AIR104239,2025-05-15,Karnataka,Karnataka City 2,Prepaid,0,Network Issues,No Complaint,26.1,3.56,2
AIR104240,2025-06-15,Maharashtra,Maharashtra City 1,Postpaid,0,Call Drops,No Complaint,46.9,4.11,38
AIR104241,2025-07-15,Uttar Pradesh,Uttar Pradesh City 3,Prepaid,1,Billing Issues,In Progress,4.5,3.14,22
AIR104242,2025-08-15,Telangana,Telangana City 3,Postpaid,0,Slow Internet,No Complaint,5.2,3.99,34
AIR104243,2025-09-15,Karnataka,Karnataka City 2,Prepaid,0,Network Issues,No Complaint,27.7,3.28,25
AIR104244,2025-10-15,Tamil Nadu,Tamil Nadu City 2,Postpaid,1,Call Drops,In Progress,15.5,3.27,25
AIR104245,2025-11-15,Gujarat,Gujarat City 1,Prepaid,1,Network Issues,Resolved,16.3,4.09,36
AIR104246,2025-12-15,Rajasthan,Rajasthan City 3,Prepaid,0,Billing Issues,No Complaint,23,3.27,7
AIR104247,2025-02-15,Maharashtra,Maharashtra City 2,Postpaid,0,Network Issues,No Complaint,32.3,3.9,44
AIR104248,2025-03-15,Gujarat,Gujarat City 1,Postpaid,0,Slow Internet,No Complaint,9.8,3.64,25
AIR104249,2025-04-15,Maharashtra,Maharashtra City 2,Enterprise,0,Network Issues,No Complaint,15.2,4,49
AIR104250,2025-05-15,Tamil Nadu,Tamil Nadu City 1,Broadband,0,Slow Internet,No Complaint,22.3,3.89,39
AIR104251,2025-06-15,Kerala,Kerala City 3,Postpaid,0,Call Drops,No Complaint,6.3,3.28,18
AIR104252,2025-07-15,Uttar Pradesh,Uttar Pradesh City 1,Postpaid,0,Call Drops,No Complaint,5.9,3.29,11
AIR104253,2025-08-15,Delhi,Delhi City 2,Prepaid,0,Slow Internet,No Complaint,6.9,2.77,-7
AIR104254,2025-09-15,Telangana,Telangana City 2,Prepaid,0,Slow Internet,No Complaint,7,4.01,30
AIR104255,2025-10-15,Gujarat,Gujarat City 3,Prepaid,1,Network Issues,In Progress,7.4,3.83,33
AIR104256,2025-11-15,Uttar Pradesh,Uttar Pradesh City 3,Broadband,0,Others,No Complaint,30.3,3.05,0
AIR104257,2025-12-15,Telangana,Telangana City 2,Prepaid,0,Network Issues,No Complaint,17,3.86,17
AIR104258,2025-02-15,Kerala,Kerala City 2,Postpaid,1,Network Issues,Pending,29.7,3.75,18
AIR104259,2025-03-15,Delhi,Delhi City 2,Prepaid,0,Network Issues,No Complaint,13.8,3.67,34
AIR104260,2025-04-15,Telangana,Telangana City 3,Prepaid,1,Network Issues,In Progress,59.8,4.3,49
AIR104261,2025-05-15,Telangana,Telangana City 2,Prepaid,1,Call Drops,Resolved,1,3.27,4
AIR104262,2025-06-15,Gujarat,Gujarat City 3,Postpaid,0,Slow Internet,No Complaint,18.7,4.65,61
AIR104263,2025-07-15,West Bengal,West Bengal City 2,Prepaid,0,Network Issues,No Complaint,32.5,3.38,29
AIR104264,2025-08-15,Delhi,Delhi City 1,Postpaid,0,Network Issues,No Complaint,20.5,2.28,-17
AIR104265,2025-09-15,Uttar Pradesh,Uttar Pradesh City 1,Postpaid,0,Slow Internet,No Complaint,14.8,4.1,30
AIR104266,2025-10-15,Kerala,Kerala City 2,Postpaid,0,Network Issues,No Complaint,8.3,2.8,-2
AIR104267,2025-11-15,Delhi,Delhi City 1,Postpaid,1,Network Issues,Resolved,32.1,3.78,27
AIR104268,2025-12-15,Tamil Nadu,Tamil Nadu City 3,Postpaid,0,Slow Internet,No Complaint,11.2,3.72,21
AIR104269,2025-02-15,West Bengal,West Bengal City 1,Postpaid,1,Call Drops,In Progress,2.4,4.49,37
AIR104270,2025-03-15,Tamil Nadu,Tamil Nadu City 1,Prepaid,0,Network Issues,No Complaint,2.4,3.21,13
AIR104271,2025-04-15,Kerala,Kerala City 3,Broadband,1,Network Issues,Resolved,10.7,3.84,36
AIR104272,2025-05-15,Gujarat,Gujarat City 1,Prepaid,1,Call Drops,In Progress,12.2,3.92,33
AIR104273,2025-06-15,Gujarat,Gujarat City 1,Prepaid,0,Call Drops,No Complaint,8,3.52,21
AIR104274,2025-07-15,Kerala,Kerala City 2,Prepaid,0,Slow Internet,No Complaint,18.7,3.22,17
AIR104275,2025-08-15,Maharashtra,Maharashtra City 3,Postpaid,0,Slow Internet,No Complaint,3.1,3.49,23
AIR104276,2025-09-15,Kerala,Kerala City 3,Prepaid,1,Slow Internet,Pending,21.8,3.65,-1
AIR104277,2025-10-15,West Bengal,West Bengal City 2,Postpaid,1,Slow Internet,Resolved,16.7,3.64,40
AIR104278,2025-11-15,Karnataka,Karnataka City 2,Postpaid,1,Network Issues,Resolved,47.5,4.27,45
AIR104279,2025-12-15,Gujarat,Gujarat City 1,Postpaid,1,Call Drops,Resolved,5.8,3.52,19
AIR104280,2025-02-15,Rajasthan,Rajasthan City 1,Prepaid,0,Network Issues,No Complaint,16.3,3.99,39
AIR104281,2025-03-15,West Bengal,West Bengal City 1,Postpaid,1,Slow Internet,Resolved,12,3.48,13
AIR104282,2025-04-15,West Bengal,West Bengal City 2,Prepaid,1,Slow Internet,Resolved,24.3,3.35,14
AIR104283,2025-05-15,West Bengal,West Bengal City 3,Prepaid,0,Network Issues,No Complaint,17.4,3.55,32
AIR104284,2025-06-15,Telangana,Telangana City 1,Prepaid,1,Network Issues,Resolved,17.7,3.45,17
AIR104285,2025-07-15,West Bengal,West Bengal City 2,Postpaid,0,Network Issues,No Complaint,36.7,2.36,-36
AIR104286,2025-08-15,Gujarat,Gujarat City 3,Postpaid,0,Billing Issues,No Complaint,10.1,3.91,27
AIR104287,2025-09-15,Karnataka,Karnataka City 2,Postpaid,0,Network Issues,No Complaint,31.7,3.23,1
AIR104288,2025-10-15,Karnataka,Karnataka City 1,Postpaid,1,Call Drops,Resolved,23,4.05,35
AIR104289,2025-11-15,West Bengal,West Bengal City 2,Postpaid,0,Network Issues,No Complaint,7.4,3.95,48
AIR104290,2025-12-15,Tamil Nadu,Tamil Nadu City 2,Prepaid,0,Network Issues,No Complaint,6.3,3.78,34
AIR104291,2025-02-15,Gujarat,Gujarat City 2,Prepaid,0,Network Issues,No Complaint,6.2,2.87,-9
AIR104292,2025-03-15,Gujarat,Gujarat City 2,Broadband,0,Network Issues,No Complaint,30,4.19,36
AIR104293,2025-04-15,Delhi,Delhi City 3,Postpaid,0,Slow Internet,No Complaint,3.5,4.2,26
AIR104294,2025-05-15,Uttar Pradesh,Uttar Pradesh City 1,Postpaid,0,Slow Internet,No Complaint,27.3,3.03,-5
AIR104295,2025-06-15,Maharashtra,Maharashtra City 3,Postpaid,0,Slow Internet,No Complaint,12.8,3.96,32
AIR104296,2025-07-15,Maharashtra,Maharashtra City 2,Postpaid,0,Network Issues,No Complaint,7.8,3.81,45
AIR104297,2025-08-15,Tamil Nadu,Tamil Nadu City 2,Postpaid,0,Network Issues,No Complaint,15,3.53,15
AIR104298,2025-09-15,Maharashtra,Maharashtra City 1,Prepaid,0,Slow Internet,No Complaint,5.5,3.96,26
AIR104299,2025-10-15,Delhi,Delhi City 1,Broadband,1,Network Issues,In Progress,23,3.69,8
AIR104300,2025-11-15,Kerala,Kerala City 3,Prepaid,0,Call Drops,No Complaint,19.3,4.27,40
AIR104301,2025-12-15,Maharashtra,Maharashtra City 3,Prepaid,0,Others,No Complaint,9,3.54,10
AIR104302,2025-02-15,Gujarat,Gujarat City 1,Prepaid,1,Call Drops,Pending,4.7,3.62,19
AIR104303,2025-03-15,Kerala,Kerala City 3,Postpaid,0,Network Issues,No Complaint,31.7,3.61,18
AIR104304,2025-04-15,Maharashtra,Maharashtra City 2,Postpaid,0,Network Issues,No Complaint,5.9,3.69,19
AIR104305,2025-05-15,Gujarat,Gujarat City 2,Postpaid,0,Network Issues,No Complaint,25,3.48,25
AIR104306,2025-06-15,Gujarat,Gujarat City 1,Broadband,0,Slow Internet,No Complaint,10.3,3.45,24
AIR104307,2025-07-15,West Bengal,West Bengal City 3,Prepaid,0,Network Issues,No Complaint,25.5,3.18,24
AIR104308,2025-08-15,Karnataka,Karnataka City 2,Postpaid,0,Network Issues,No Complaint,24.6,3.51,24
AIR104309,2025-09-15,Tamil Nadu,Tamil Nadu City 1,Postpaid,0,Slow Internet,No Complaint,18,3.76,23
AIR104310,2025-10-15,Delhi,Delhi City 3,Enterprise,0,Slow Internet,No Complaint,12.3,3.19,18
AIR104311,2025-11-15,Telangana,Telangana City 2,Prepaid,0,Network Issues,No Complaint,5.7,3.55,4
AIR104312,2025-12-15,Uttar Pradesh,Uttar Pradesh City 3,Enterprise,0,Slow Internet,No Complaint,4.5,3.51,41
AIR104313,2025-02-15,Maharashtra,Maharashtra City 3,Prepaid,1,Network Issues,In Progress,18.8,3.46,-3
AIR104314,2025-03-15,Maharashtra,Maharashtra City 3,Postpaid,0,Call Drops,No Complaint,8.8,3.41,2
AIR104315,2025-04-15,Kerala,Kerala City 1,Postpaid,1,Call Drops,Resolved,12.8,3.6,7
AIR104316,2025-05-15,Kerala,Kerala City 2,Broadband,0,Slow Internet,No Complaint,8.6,3.43,20
AIR104317,2025-06-15,Uttar Pradesh,Uttar Pradesh City 1,Prepaid,1,Slow Internet,Resolved,18.5,3.14,22
AIR104318,2025-07-15,Maharashtra,Maharashtra City 2,Prepaid,0,Billing Issues,No Complaint,11.7,4.55,73
AIR104319,2025-08-15,Rajasthan,Rajasthan City 2,Prepaid,0,Call Drops,No Complaint,24.9,3.27,11
AIR104320,2025-09-15,Delhi,Delhi City 1,Postpaid,0,Others,No Complaint,27.3,3.69,31
AIR104321,2025-10-15,Maharashtra,Maharashtra City 1,Postpaid,0,Slow Internet,No Complaint,26.4,3.18,13
AIR104322,2025-11-15,Karnataka,Karnataka City 2,Broadband,0,Call Drops,No Complaint,11.3,3.95,26
AIR104323,2025-12-15,Uttar Pradesh,Uttar Pradesh City 2,Postpaid,0,Network Issues,No Complaint,21.1,4.05,50
AIR104324,2025-02-15,Rajasthan,Rajasthan City 2,Prepaid,1,Billing Issues,Resolved,11.5,4.75,62
AIR104325,2025-03-15,Delhi,Delhi City 3,Prepaid,0,Billing Issues,No Complaint,15,3.91,18
AIR104326,2025-04-15,Maharashtra,Maharashtra City 2,Prepaid,1,Call Drops,Resolved,29.5,4,28
AIR104327,2025-05-15,Telangana,Telangana City 1,Postpaid,0,Others,No Complaint,6.8,3.79,36
AIR104328,2025-06-15,West Bengal,West Bengal City 1,Broadband,0,Billing Issues,No Complaint,43.8,2.95,5
AIR104329,2025-07-15,Karnataka,Karnataka City 1,Enterprise,1,Network Issues,Resolved,36.5,2.79,-7
AIR104330,2025-08-15,Telangana,Telangana City 2,Prepaid,1,Slow Internet,Resolved,19.3,2.77,-17
AIR104331,2025-09-15,Kerala,Kerala City 2,Prepaid,0,Slow Internet,No Complaint,5.9,3.56,18
AIR104332,2025-10-15,Kerala,Kerala City 3,Prepaid,0,Network Issues,No Complaint,6.5,3.4,6
AIR104333,2025-11-15,Maharashtra,Maharashtra City 3,Postpaid,0,Slow Internet,No Complaint,9.9,3.63,26
AIR104334,2025-12-15,Kerala,Kerala City 1,Enterprise,0,Slow Internet,No Complaint,19.3,3.66,31
AIR104335,2025-02-15,Karnataka,Karnataka City 3,Prepaid,0,Call Drops,No Complaint,20.4,3.76,22
AIR104336,2025-03-15,Delhi,Delhi City 3,Prepaid,0,Network Issues,No Complaint,14.8,3.42,0
AIR104337,2025-04-15,Gujarat,Gujarat City 1,Postpaid,1,Network Issues,Resolved,16,4,22
AIR104338,2025-05-15,Tamil Nadu,Tamil Nadu City 2,Postpaid,0,Network Issues,No Complaint,17.3,2.52,-9
AIR104339,2025-06-15,Uttar Pradesh,Uttar Pradesh City 3,Prepaid,0,Slow Internet,No Complaint,14.1,2.82,-15
AIR104340,2025-07-15,Delhi,Delhi City 2,Broadband,0,Call Drops,No Complaint,44.4,3.44,27
AIR104341,2025-08-15,Gujarat,Gujarat City 1,Prepaid,0,Network Issues,No Complaint,45.6,3.3,3
AIR104342,2025-09-15,Rajasthan,Rajasthan City 1,Broadband,0,Slow Internet,No Complaint,17.3,4.18,25
AIR104343,2025-10-15,Karnataka,Karnataka City 3,Prepaid,1,Slow Internet,Resolved,8.3,3.53,24
AIR104344,2025-11-15,Telangana,Telangana City 1,Prepaid,0,Network Issues,No Complaint,6.7,3.47,32
AIR104345,2025-12-15,Gujarat,Gujarat City 1,Prepaid,0,Billing Issues,No Complaint,64.8,2.75,-16
AIR104346,2025-02-15,Karnataka,Karnataka City 1,Prepaid,0,Network Issues,No Complaint,10.7,3.47,6
AIR104347,2025-03-15,West Bengal,West Bengal City 3,Postpaid,0,Call Drops,No Complaint,14.2,4.06,47
AIR104348,2025-04-15,Telangana,Telangana City 3,Postpaid,1,Slow Internet,Resolved,6.8,3.04,-9
AIR104349,2025-05-15,Kerala,Kerala City 3,Postpaid,1,Network Issues,In Progress,15.4,3.78,40
AIR104350,2025-06-15,Kerala,Kerala City 1,Postpaid,0,Network Issues,No Complaint,4.2,3.98,41
AIR104351,2025-07-15,Telangana,Telangana City 2,Prepaid,0,Network Issues,No Complaint,38.1,2.56,-22
AIR104352,2025-08-15,Rajasthan,Rajasthan City 1,Prepaid,1,Network Issues,Resolved,18.3,3.93,27
AIR104353,2025-09-15,Rajasthan,Rajasthan City 3,Enterprise,0,Slow Internet,No Complaint,16.3,4.06,24
AIR104354,2025-10-15,Rajasthan,Rajasthan City 2,Broadband,0,Network Issues,No Complaint,32,3.74,39
AIR104355,2025-11-15,Gujarat,Gujarat City 2,Prepaid,0,Network Issues,No Complaint,12.2,3.21,20
AIR104356,2025-12-15,Uttar Pradesh,Uttar Pradesh City 3,Prepaid,0,Network Issues,No Complaint,21.1,3.04,-5
AIR104357,2025-02-15,Gujarat,Gujarat City 2,Postpaid,0,Call Drops,No Complaint,19.2,3.49,27
AIR104358,2025-03-15,Maharashtra,Maharashtra City 2,Prepaid,1,Call Drops,Resolved,7.1,2.53,-19
AIR104359,2025-04-15,Tamil Nadu,Tamil Nadu City 3,Postpaid,0,Network Issues,No Complaint,16.3,3.26,-2
AIR104360,2025-05-15,Telangana,Telangana City 2,Postpaid,0,Slow Internet,No Complaint,19.3,3.4,14
AIR104361,2025-06-15,Delhi,Delhi City 2,Prepaid,0,Network Issues,No Complaint,10.8,3.23,14
AIR104362,2025-07-15,Tamil Nadu,Tamil Nadu City 3,Prepaid,0,Network Issues,No Complaint,15.2,3.81,29
AIR104363,2025-08-15,West Bengal,West Bengal City 2,Postpaid,0,Call Drops,No Complaint,24.2,2.95,-1
AIR104364,2025-09-15,Gujarat,Gujarat City 2,Prepaid,0,Network Issues,No Complaint,3,3.89,12
AIR104365,2025-10-15,Gujarat,Gujarat City 2,Prepaid,0,Call Drops,No Complaint,15.9,3.59,27
AIR104366,2025-11-15,Karnataka,Karnataka City 2,Postpaid,0,Network Issues,No Complaint,5.6,3.34,5
AIR104367,2025-12-15,Tamil Nadu,Tamil Nadu City 3,Postpaid,1,Call Drops,Resolved,14.6,3.68,9
AIR104368,2025-02-15,Karnataka,Karnataka City 1,Prepaid,0,Slow Internet,No Complaint,11.5,3.88,35
AIR104369,2025-03-15,Delhi,Delhi City 1,Broadband,0,Network Issues,No Complaint,14.4,3.64,23
AIR104370,2025-04-15,Karnataka,Karnataka City 2,Postpaid,1,Others,Resolved,31.8,3.7,17
AIR104371,2025-05-15,Tamil Nadu,Tamil Nadu City 3,Prepaid,1,Slow Internet,In Progress,14,3.47,14
AIR104372,2025-06-15,Telangana,Telangana City 3,Prepaid,0,Billing Issues,No Complaint,10,3.29,12
AIR104373,2025-07-15,West Bengal,West Bengal City 2,Postpaid,1,Slow Internet,Pending,20.2,3.58,16
AIR104374,2025-08-15,Gujarat,Gujarat City 1,Prepaid,0,Network Issues,No Complaint,3.5,3.14,-8
AIR104375,2025-09-15,Delhi,Delhi City 2,Postpaid,0,Call Drops,No Complaint,27.8,4,47
AIR104376,2025-10-15,Gujarat,Gujarat City 3,Postpaid,1,Billing Issues,Resolved,25.2,3.78,21
AIR104377,2025-11-15,Maharashtra,Maharashtra City 3,Postpaid,0,Network Issues,No Complaint,3.9,3.47,17
AIR104378,2025-12-15,West Bengal,West Bengal City 1,Postpaid,1,Network Issues,Resolved,13.3,3.29,20
AIR104379,2025-02-15,Uttar Pradesh,Uttar Pradesh City 3,Postpaid,1,Slow Internet,Resolved,14.4,4.04,39
AIR104380,2025-03-15,Karnataka,Karnataka City 3,Prepaid,0,Slow Internet,No Complaint,34.5,3.36,0
AIR104381,2025-04-15,Kerala,Kerala City 3,Prepaid,0,Call Drops,No Complaint,12.2,4.61,60
AIR104382,2025-05-15,Tamil Nadu,Tamil Nadu City 1,Postpaid,0,Network Issues,No Complaint,19.3,3.07,-13
AIR104383,2025-06-15,Gujarat,Gujarat City 3,Postpaid,0,Network Issues,No Complaint,17.9,4.2,53
AIR104384,2025-07-15,Karnataka,Karnataka City 2,Postpaid,0,Slow Internet,No Complaint,14.2,3.34,10
AIR104385,2025-08-15,Delhi,Delhi City 1,Prepaid,0,Call Drops,No Complaint,16.2,3.95,47
AIR104386,2025-09-15,Gujarat,Gujarat City 2,Enterprise,0,Slow Internet,No Complaint,13.4,3.78,40
AIR104387,2025-10-15,Uttar Pradesh,Uttar Pradesh City 2,Prepaid,0,Slow Internet,No Complaint,3.4,3.22,16
AIR104388,2025-11-15,West Bengal,West Bengal City 1,Prepaid,0,Network Issues,No Complaint,10.1,3.69,30
AIR104389,2025-12-15,West Bengal,West Bengal City 2,Prepaid,0,Network Issues,No Complaint,11.5,3.42,18
AIR104390,2025-02-15,Gujarat,Gujarat City 1,Prepaid,0,Call Drops,No Complaint,30.7,3.16,14
AIR104391,2025-03-15,Delhi,Delhi City 2,Postpaid,1,Network Issues,Pending,14.7,3.52,19
AIR104392,2025-04-15,West Bengal,West Bengal City 1,Prepaid,1,Network Issues,Resolved,25.7,3.39,20
AIR104393,2025-05-15,West Bengal,West Bengal City 3,Prepaid,1,Slow Internet,Resolved,14.4,4.03,57
AIR104394,2025-06-15,Uttar Pradesh,Uttar Pradesh City 3,Prepaid,0,Network Issues,No Complaint,47.8,3.12,-1
AIR104395,2025-07-15,Tamil Nadu,Tamil Nadu City 2,Postpaid,0,Slow Internet,No Complaint,10.7,4.12,30
AIR104396,2025-08-15,Delhi,Delhi City 3,Broadband,0,Network Issues,No Complaint,14,3.93,52
AIR104397,2025-09-15,Delhi,Delhi City 1,Postpaid,0,Network Issues,No Complaint,23.8,3.84,42
AIR104398,2025-10-15,Telangana,Telangana City 2,Prepaid,0,Billing Issues,No Complaint,21,3.24,7
AIR104399,2025-11-15,Telangana,Telangana City 3,Postpaid,0,Slow Internet,No Complaint,18.1,3.43,27
AIR104400,2025-12-15,West Bengal,West Bengal City 3,Prepaid,0,Billing Issues,No Complaint,20.1,3.92,33
AIR104401,2025-02-15,Kerala,Kerala City 2,Prepaid,0,Slow Internet,No Complaint,6.3,3.79,16
AIR104402,2025-03-15,Telangana,Telangana City 3,Broadband,0,Call Drops,No Complaint,9,4.34,45
AIR104403,2025-04-15,West Bengal,West Bengal City 3,Postpaid,0,Network Issues,No Complaint,9.7,3.47,7
AIR104404,2025-05-15,Rajasthan,Rajasthan City 2,Prepaid,0,Call Drops,No Complaint,16.6,4.15,24
AIR104405,2025-06-15,Maharashtra,Maharashtra City 3,Prepaid,1,Slow Internet,Resolved,22.6,4.2,41
AIR104406,2025-07-15,Maharashtra,Maharashtra City 3,Prepaid,0,Network Issues,No Complaint,14.9,3.36,13
AIR104407,2025-08-15,Delhi,Delhi City 3,Prepaid,0,Network Issues,No Complaint,24.1,3.1,1
AIR104408,2025-09-15,Kerala,Kerala City 3,Postpaid,0,Slow Internet,No Complaint,5.7,2.92,2
AIR104409,2025-10-15,Uttar Pradesh,Uttar Pradesh City 2,Prepaid,1,Network Issues,In Progress,10.8,3.37,13
AIR104410,2025-11-15,Tamil Nadu,Tamil Nadu City 1,Broadband,0,Network Issues,No Complaint,25.4,4.35,41
AIR104411,2025-12-15,Telangana,Telangana City 1,Postpaid,0,Slow Internet,No Complaint,16.3,3.15,-2
AIR104412,2025-02-15,Rajasthan,Rajasthan City 3,Broadband,0,Call Drops,No Complaint,22.5,3.18,-3
AIR104413,2025-03-15,West Bengal,West Bengal City 3,Postpaid,1,Call Drops,Resolved,34.3,3.52,16
AIR104414,2025-04-15,Kerala,Kerala City 1,Postpaid,1,Slow Internet,Resolved,11.8,3.74,20
AIR104415,2025-05-15,Delhi,Delhi City 3,Postpaid,0,Network Issues,No Complaint,36.5,3.51,20
AIR104416,2025-06-15,Telangana,Telangana City 1,Prepaid,0,Network Issues,No Complaint,7,3.74,21
AIR104417,2025-07-15,Kerala,Kerala City 2,Postpaid,1,Others,Pending,13.6,3.1,14
AIR104418,2025-08-15,Telangana,Telangana City 2,Prepaid,1,Slow Internet,Resolved,43.3,3.61,24
AIR104419,2025-09-15,Tamil Nadu,Tamil Nadu City 2,Prepaid,0,Network Issues,No Complaint,31.3,4.12,41
AIR104420,2025-10-15,Tamil Nadu,Tamil Nadu City 2,Prepaid,1,Slow Internet,Resolved,14.2,3.59,16
AIR104421,2025-11-15,Uttar Pradesh,Uttar Pradesh City 2,Postpaid,0,Network Issues,No Complaint,15.4,3.9,39
AIR104422,2025-12-15,Maharashtra,Maharashtra City 2,Enterprise,1,Slow Internet,Resolved,15.2,4.55,48
AIR104423,2025-02-15,Karnataka,Karnataka City 1,Prepaid,0,Slow Internet,No Complaint,15.6,3.14,-13
AIR104424,2025-03-15,Karnataka,Karnataka City 3,Postpaid,0,Call Drops,No Complaint,24.4,3.98,44
AIR104425,2025-04-15,Telangana,Telangana City 1,Broadband,1,Slow Internet,In Progress,23.6,3.59,2
AIR104426,2025-05-15,Uttar Pradesh,Uttar Pradesh City 2,Prepaid,0,Network Issues,No Complaint,16.8,3.66,24
AIR104427,2025-06-15,Karnataka,Karnataka City 3,Prepaid,0,Network Issues,No Complaint,12.8,3.75,31
AIR104428,2025-07-15,Delhi,Delhi City 3,Prepaid,0,Network Issues,No Complaint,6.7,2.84,-5
AIR104429,2025-08-15,Karnataka,Karnataka City 2,Broadband,0,Others,No Complaint,30.8,3.86,32
AIR104430,2025-09-15,Gujarat,Gujarat City 2,Prepaid,1,Slow Internet,In Progress,8,4.31,45
AIR104431,2025-10-15,West Bengal,West Bengal City 2,Prepaid,1,Network Issues,In Progress,8.4,3.74,26
AIR104432,2025-11-15,Uttar Pradesh,Uttar Pradesh City 2,Postpaid,0,Call Drops,No Complaint,36,4.12,48
AIR104433,2025-12-15,Delhi,Delhi City 2,Broadband,0,Network Issues,No Complaint,17.6,4.07,16
AIR104434,2025-02-15,Kerala,Kerala City 2,Broadband,1,Slow Internet,Resolved,12.5,3.92,25
AIR104435,2025-03-15,Delhi,Delhi City 3,Prepaid,0,Slow Internet,No Complaint,5.8,3.71,22
AIR104436,2025-04-15,Maharashtra,Maharashtra City 2,Broadband,0,Network Issues,No Complaint,10.3,3.9,34
AIR104437,2025-05-15,Kerala,Kerala City 2,Prepaid,1,Billing Issues,Pending,9,3.81,63
AIR104438,2025-06-15,Rajasthan,Rajasthan City 3,Prepaid,1,Slow Internet,Resolved,6.6,3.72,45
AIR104439,2025-07-15,West Bengal,West Bengal City 1,Broadband,0,Network Issues,No Complaint,1.4,3.92,60
AIR104440,2025-08-15,West Bengal,West Bengal City 2,Postpaid,0,Network Issues,No Complaint,1,3.06,14
AIR104441,2025-09-15,West Bengal,West Bengal City 3,Prepaid,1,Slow Internet,Resolved,44.5,3.1,8
AIR104442,2025-10-15,West Bengal,West Bengal City 3,Postpaid,0,Slow Internet,No Complaint,11.7,2.84,3
AIR104443,2025-11-15,Telangana,Telangana City 1,Postpaid,0,Call Drops,No Complaint,35.6,3.73,36
AIR104444,2025-12-15,West Bengal,West Bengal City 2,Broadband,0,Network Issues,No Complaint,14.5,3.01,7
AIR104445,2025-02-15,West Bengal,West Bengal City 2,Broadband,0,Slow Internet,No Complaint,12.1,3.85,40
AIR104446,2025-03-15,West Bengal,West Bengal City 2,Postpaid,0,Call Drops,No Complaint,4.1,3.07,7
AIR104447,2025-04-15,Uttar Pradesh,Uttar Pradesh City 3,Broadband,0,Slow Internet,No Complaint,13.9,3.45,18
AIR104448,2025-05-15,Telangana,Telangana City 2,Postpaid,1,Call Drops,Resolved,14.6,4.34,33
AIR104449,2025-06-15,Tamil Nadu,Tamil Nadu City 2,Postpaid,1,Slow Internet,Resolved,27.1,3.9,28
AIR104450,2025-07-15,Delhi,Delhi City 2,Postpaid,1,Slow Internet,Pending,4.5,3.94,21
AIR104451,2025-08-15,Delhi,Delhi City 2,Prepaid,0,Network Issues,No Complaint,25.5,3.76,20
AIR104452,2025-09-15,Kerala,Kerala City 1,Prepaid,0,Slow Internet,No Complaint,7.1,3.72,6
AIR104453,2025-10-15,Uttar Pradesh,Uttar Pradesh City 1,Prepaid,0,Slow Internet,No Complaint,21.9,3.7,21
AIR104454,2025-11-15,Gujarat,Gujarat City 1,Postpaid,1,Network Issues,Pending,8.5,3.9,35
AIR104455,2025-12-15,Delhi,Delhi City 2,Prepaid,0,Network Issues,No Complaint,31.2,3.28,-8
AIR104456,2025-02-15,Karnataka,Karnataka City 2,Prepaid,0,Others,No Complaint,4,3.33,8
AIR104457,2025-03-15,Gujarat,Gujarat City 3,Prepaid,0,Network Issues,No Complaint,10.9,3.86,30
AIR104458,2025-04-15,West Bengal,West Bengal City 3,Prepaid,0,Call Drops,No Complaint,15.4,4.05,42
AIR104459,2025-05-15,West Bengal,West Bengal City 3,Postpaid,0,Network Issues,No Complaint,14.8,3.77,26
AIR104460,2025-06-15,Telangana,Telangana City 2,Prepaid,0,Call Drops,No Complaint,11.5,2.89,-12
AIR104461,2025-07-15,Gujarat,Gujarat City 1,Prepaid,0,Network Issues,No Complaint,7.5,3.75,27
AIR104462,2025-08-15,Karnataka,Karnataka City 1,Postpaid,0,Others,No Complaint,6.9,3.95,61
AIR104463,2025-09-15,Telangana,Telangana City 1,Broadband,0,Others,No Complaint,26.4,3.59,35
AIR104464,2025-10-15,Kerala,Kerala City 2,Prepaid,0,Call Drops,No Complaint,20.1,3.39,16
AIR104465,2025-11-15,Gujarat,Gujarat City 1,Prepaid,1,Billing Issues,Resolved,30.1,3.52,8
AIR104466,2025-12-15,Uttar Pradesh,Uttar Pradesh City 3,Broadband,0,Slow Internet,No Complaint,20.2,4.12,56
AIR104467,2025-02-15,West Bengal,West Bengal City 3,Prepaid,0,Network Issues,No Complaint,19.8,3.94,20
AIR104468,2025-03-15,West Bengal,West Bengal City 1,Broadband,0,Network Issues,No Complaint,78.3,2.81,1
AIR104469,2025-04-15,Maharashtra,Maharashtra City 3,Prepaid,0,Network Issues,No Complaint,1.6,3.26,18
AIR104470,2025-05-15,Telangana,Telangana City 1,Prepaid,1,Slow Internet,Pending,10,3.02,1
AIR104471,2025-06-15,Tamil Nadu,Tamil Nadu City 1,Prepaid,1,Network Issues,Resolved,22.2,4.25,47
AIR104472,2025-07-15,Tamil Nadu,Tamil Nadu City 3,Prepaid,0,Network Issues,No Complaint,28,2.66,-15
AIR104473,2025-08-15,Telangana,Telangana City 3,Broadband,0,Call Drops,No Complaint,9.1,3.44,17
AIR104474,2025-09-15,Uttar Pradesh,Uttar Pradesh City 3,Enterprise,0,Network Issues,No Complaint,15.9,3.52,9
AIR104475,2025-10-15,Rajasthan,Rajasthan City 3,Enterprise,1,Slow Internet,In Progress,15,4.16,58
AIR104476,2025-11-15,Telangana,Telangana City 1,Broadband,0,Others,No Complaint,10.4,3.87,20
AIR104477,2025-12-15,Uttar Pradesh,Uttar Pradesh City 3,Broadband,0,Billing Issues,No Complaint,42.6,2.49,-22
AIR104478,2025-02-15,Kerala,Kerala City 3,Postpaid,0,Call Drops,No Complaint,7.4,3.32,23
AIR104479,2025-03-15,West Bengal,West Bengal City 2,Broadband,0,Network Issues,No Complaint,14.2,3.21,13
AIR104480,2025-04-15,Karnataka,Karnataka City 3,Prepaid,1,Network Issues,Resolved,8.9,3.23,24
AIR104481,2025-05-15,Rajasthan,Rajasthan City 3,Prepaid,0,Slow Internet,No Complaint,1.6,4.2,50
AIR104482,2025-06-15,Gujarat,Gujarat City 1,Postpaid,1,Slow Internet,Resolved,21.4,3.67,17
AIR104483,2025-07-15,Rajasthan,Rajasthan City 1,Broadband,0,Others,No Complaint,44.1,4.16,31
AIR104484,2025-08-15,Karnataka,Karnataka City 2,Postpaid,0,Network Issues,No Complaint,16.1,3.69,27
AIR104485,2025-09-15,Maharashtra,Maharashtra City 3,Broadband,1,Network Issues,Resolved,18.5,4,35
AIR104486,2025-10-15,West Bengal,West Bengal City 3,Postpaid,0,Others,No Complaint,11.8,2.49,-15
AIR104487,2025-11-15,Tamil Nadu,Tamil Nadu City 3,Postpaid,0,Network Issues,No Complaint,24.6,2.95,7
AIR104488,2025-12-15,Uttar Pradesh,Uttar Pradesh City 3,Enterprise,0,Slow Internet,No Complaint,43.8,3.94,28
AIR104489,2025-02-15,Telangana,Telangana City 3,Prepaid,1,Slow Internet,Resolved,6.7,3.42,27
AIR104490,2025-03-15,Telangana,Telangana City 3,Broadband,0,Slow Internet,No Complaint,11.7,3.66,32
AIR104491,2025-04-15,Tamil Nadu,Tamil Nadu City 2,Postpaid,0,Network Issues,No Complaint,7.9,3.74,19
AIR104492,2025-05-15,Rajasthan,Rajasthan City 3,Postpaid,0,Slow Internet,No Complaint,11.6,3.48,35
AIR104493,2025-06-15,West Bengal,West Bengal City 3,Broadband,0,Billing Issues,No Complaint,13.3,3.3,-3
AIR104494,2025-07-15,Delhi,Delhi City 3,Prepaid,0,Call Drops,No Complaint,4,4.18,32
AIR104495,2025-08-15,Uttar Pradesh,Uttar Pradesh City 2,Prepaid,0,Billing Issues,No Complaint,10.3,3.09,9
AIR104496,2025-09-15,Kerala,Kerala City 3,Postpaid,1,Network Issues,Resolved,2.2,3.49,30
AIR104497,2025-10-15,Karnataka,Karnataka City 2,Prepaid,0,Slow Internet,No Complaint,27.2,4.48,31
AIR104498,2025-11-15,Rajasthan,Rajasthan City 1,Postpaid,0,Call Drops,No Complaint,37.2,4.16,39
AIR104499,2025-12-15,Gujarat,Gujarat City 3,Prepaid,0,Network Issues,No Complaint,4.6,2.92,7
AIR104500,2025-02-15,Maharashtra,Maharashtra City 2,Broadband,0,Call Drops,No Complaint,32.2,4.36,58
AIR104501,2025-03-15,Telangana,Telangana City 1,Prepaid,1,Slow Internet,Pending,39.2,3.69,32
AIR104502,2025-04-15,Rajasthan,Rajasthan City 2,Postpaid,0,Others,No Complaint,5.4,3.87,26
AIR104503,2025-05-15,Maharashtra,Maharashtra City 2,Broadband,0,Slow Internet,No Complaint,7.5,3.19,11
AIR104504,2025-06-15,Karnataka,Karnataka City 1,Broadband,0,Slow Internet,No Complaint,15.8,3.29,1
AIR104505,2025-07-15,Telangana,Telangana City 3,Postpaid,0,Slow Internet,No Complaint,25.9,3.91,32
AIR104506,2025-08-15,Telangana,Telangana City 3,Postpaid,1,Network Issues,Resolved,27.2,3.29,2
AIR104507,2025-09-15,Delhi,Delhi City 2,Prepaid,0,Slow Internet,No Complaint,23.7,4.15,29
AIR104508,2025-10-15,Rajasthan,Rajasthan City 1,Prepaid,0,Slow Internet,No Complaint,29.1,4.07,29
AIR104509,2025-11-15,West Bengal,West Bengal City 3,Prepaid,0,Network Issues,No Complaint,34.1,3.45,28
AIR104510,2025-12-15,Tamil Nadu,Tamil Nadu City 2,Postpaid,1,Network Issues,Resolved,33.2,3.33,18
AIR104511,2025-02-15,Tamil Nadu,Tamil Nadu City 1,Prepaid,0,Slow Internet,No Complaint,6,3.56,24
AIR104512,2025-03-15,Kerala,Kerala City 2,Postpaid,1,Slow Internet,In Progress,8.2,3.99,35
AIR104513,2025-04-15,Gujarat,Gujarat City 1,Prepaid,0,Slow Internet,No Complaint,13.4,3.44,17
AIR104514,2025-05-15,Maharashtra,Maharashtra City 3,Postpaid,0,Billing Issues,No Complaint,10.7,3.1,17
AIR104515,2025-06-15,Rajasthan,Rajasthan City 3,Postpaid,0,Network Issues,No Complaint,16.1,2.84,9
AIR104516,2025-07-15,Uttar Pradesh,Uttar Pradesh City 2,Broadband,0,Network Issues,No Complaint,12.2,3.5,29
AIR104517,2025-08-15,Gujarat,Gujarat City 3,Prepaid,0,Slow Internet,No Complaint,22.1,2.86,-11
AIR104518,2025-09-15,Delhi,Delhi City 3,Prepaid,0,Network Issues,No Complaint,3.2,3.51,4
AIR104519,2025-10-15,Telangana,Telangana City 1,Prepaid,0,Call Drops,No Complaint,21.6,3.46,21
AIR104520,2025-11-15,West Bengal,West Bengal City 3,Prepaid,0,Call Drops,No Complaint,5.4,3.17,7
AIR104521,2025-12-15,Rajasthan,Rajasthan City 1,Postpaid,0,Slow Internet,No Complaint,25.9,3.62,22
AIR104522,2025-02-15,Gujarat,Gujarat City 1,Prepaid,0,Network Issues,No Complaint,4.8,3.01,-1
AIR104523,2025-03-15,Gujarat,Gujarat City 2,Prepaid,1,Slow Internet,Resolved,15.6,3.59,20
AIR104524,2025-04-15,West Bengal,West Bengal City 1,Broadband,0,Network Issues,No Complaint,29.9,3.46,3
AIR104525,2025-05-15,Kerala,Kerala City 3,Postpaid,1,Slow Internet,Resolved,14.7,4.19,48
AIR104526,2025-06-15,Maharashtra,Maharashtra City 1,Prepaid,0,Network Issues,No Complaint,8.4,3.96,27
AIR104527,2025-07-15,Maharashtra,Maharashtra City 1,Prepaid,0,Network Issues,No Complaint,20.6,4.19,44
AIR104528,2025-08-15,Gujarat,Gujarat City 2,Prepaid,0,Slow Internet,No Complaint,30.5,4.35,55
AIR104529,2025-09-15,Karnataka,Karnataka City 3,Postpaid,1,Network Issues,Resolved,41,3.85,26
AIR104530,2025-10-15,Gujarat,Gujarat City 3,Postpaid,0,Slow Internet,No Complaint,5.8,3.35,6
AIR104531,2025-11-15,Gujarat,Gujarat City 3,Postpaid,0,Slow Internet,No Complaint,23.5,3.81,23
AIR104532,2025-12-15,West Bengal,West Bengal City 1,Prepaid,0,Slow Internet,No Complaint,9,3.93,44
AIR104533,2025-02-15,Telangana,Telangana City 3,Postpaid,1,Call Drops,Resolved,2.5,3.53,12
AIR104534,2025-03-15,West Bengal,West Bengal City 3,Prepaid,0,Slow Internet,No Complaint,61,3.93,27
AIR104535,2025-04-15,Rajasthan,Rajasthan City 1,Postpaid,0,Network Issues,No Complaint,16.1,3.56,31
AIR104536,2025-05-15,Gujarat,Gujarat City 2,Broadband,0,Call Drops,No Complaint,35.4,3.58,8
AIR104537,2025-06-15,Maharashtra,Maharashtra City 2,Prepaid,0,Network Issues,No Complaint,24.3,4.05,31
AIR104538,2025-07-15,Uttar Pradesh,Uttar Pradesh City 1,Prepaid,0,Call Drops,No Complaint,6.2,4.35,56
AIR104539,2025-08-15,Maharashtra,Maharashtra City 2,Broadband,1,Slow Internet,In Progress,16.7,3.97,31
AIR104540,2025-09-15,Tamil Nadu,Tamil Nadu City 2,Prepaid,0,Network Issues,No Complaint,18.4,3.49,25
AIR104541,2025-10-15,Kerala,Kerala City 2,Prepaid,1,Slow Internet,In Progress,12.4,4.03,36
AIR104542,2025-11-15,Delhi,Delhi City 3,Postpaid,0,Network Issues,No Complaint,30.2,2.82,3
AIR104543,2025-12-15,Rajasthan,Rajasthan City 2,Postpaid,0,Slow Internet,No Complaint,8.7,3.72,37
AIR104544,2025-02-15,Rajasthan,Rajasthan City 3,Broadband,0,Call Drops,No Complaint,33.8,3.78,24
AIR104545,2025-03-15,Kerala,Kerala City 2,Prepaid,1,Call Drops,Resolved,13.6,3.47,13
AIR104546,2025-04-15,Uttar Pradesh,Uttar Pradesh City 3,Prepaid,0,Slow Internet,No Complaint,43.1,3.39,3
AIR104547,2025-05-15,Delhi,Delhi City 1,Prepaid,0,Network Issues,No Complaint,10.8,3.39,33
AIR104548,2025-06-15,Telangana,Telangana City 1,Postpaid,0,Network Issues,No Complaint,27.6,3.98,45
AIR104549,2025-07-15,Gujarat,Gujarat City 2,Prepaid,1,Slow Internet,Pending,14.5,4.53,57
AIR104550,2025-08-15,Delhi,Delhi City 3,Postpaid,1,Network Issues,Resolved,2.8,3.3,10
AIR104551,2025-09-15,Uttar Pradesh,Uttar Pradesh City 1,Prepaid,0,Slow Internet,No Complaint,23.4,3.77,34
AIR104552,2025-10-15,Karnataka,Karnataka City 1,Prepaid,0,Network Issues,No Complaint,13.5,4.16,46
AIR104553,2025-11-15,Tamil Nadu,Tamil Nadu City 1,Prepaid,0,Slow Internet,No Complaint,10.8,3.64,20
AIR104554,2025-12-15,Delhi,Delhi City 1,Enterprise,0,Others,No Complaint,1,3.48,16
AIR104555,2025-02-15,Delhi,Delhi City 2,Broadband,0,Network Issues,No Complaint,15.3,3.39,31
AIR104556,2025-03-15,Tamil Nadu,Tamil Nadu City 3,Enterprise,0,Network Issues,No Complaint,7.6,3.09,12
AIR104557,2025-04-15,Gujarat,Gujarat City 1,Prepaid,0,Call Drops,No Complaint,9.7,3.19,8
AIR104558,2025-05-15,Delhi,Delhi City 2,Prepaid,0,Slow Internet,No Complaint,15.6,3.96,37
AIR104559,2025-06-15,Tamil Nadu,Tamil Nadu City 1,Prepaid,1,Call Drops,Resolved,7.9,3.72,17
AIR104560,2025-07-15,Tamil Nadu,Tamil Nadu City 1,Postpaid,0,Network Issues,No Complaint,35.2,3.86,29
AIR104561,2025-08-15,Tamil Nadu,Tamil Nadu City 1,Prepaid,0,Call Drops,No Complaint,38.8,3.68,36
AIR104562,2025-09-15,West Bengal,West Bengal City 1,Prepaid,0,Slow Internet,No Complaint,2.6,3.94,34
AIR104563,2025-10-15,Uttar Pradesh,Uttar Pradesh City 2,Prepaid,0,Billing Issues,No Complaint,16.6,3.66,37
AIR104564,2025-11-15,West Bengal,West Bengal City 3,Postpaid,0,Call Drops,No Complaint,33.5,3.45,0
AIR104565,2025-12-15,Karnataka,Karnataka City 2,Prepaid,0,Call Drops,No Complaint,39.2,3.83,27
AIR104566,2025-02-15,Telangana,Telangana City 2,Prepaid,0,Slow Internet,No Complaint,24.2,4.38,48
AIR104567,2025-03-15,West Bengal,West Bengal City 2,Prepaid,0,Slow Internet,No Complaint,54.1,3.8,20
AIR104568,2025-04-15,West Bengal,West Bengal City 1,Prepaid,1,Network Issues,Resolved,14.6,3.44,-4
AIR104569,2025-05-15,Uttar Pradesh,Uttar Pradesh City 3,Postpaid,0,Network Issues,No Complaint,10.8,3.37,8
AIR104570,2025-06-15,Telangana,Telangana City 1,Postpaid,0,Network Issues,No Complaint,25,3.7,51
AIR104571,2025-07-15,Kerala,Kerala City 2,Prepaid,0,Slow Internet,No Complaint,2.3,4.58,69
AIR104572,2025-08-15,Tamil Nadu,Tamil Nadu City 1,Postpaid,0,Network Issues,No Complaint,31.5,3.62,37
AIR104573,2025-09-15,Rajasthan,Rajasthan City 3,Prepaid,0,Network Issues,No Complaint,8.5,3.85,16
AIR104574,2025-10-15,Telangana,Telangana City 3,Prepaid,1,Slow Internet,In Progress,11.3,3.18,-7
AIR104575,2025-11-15,Karnataka,Karnataka City 1,Postpaid,0,Slow Internet,No Complaint,4.3,3.75,33
AIR104576,2025-12-15,Gujarat,Gujarat City 2,Enterprise,0,Network Issues,No Complaint,11.4,3.78,14
AIR104577,2025-02-15,Karnataka,Karnataka City 1,Postpaid,0,Slow Internet,No Complaint,44.2,3.51,18
AIR104578,2025-03-15,Tamil Nadu,Tamil Nadu City 2,Prepaid,0,Network Issues,No Complaint,5.5,3.8,20
AIR104579,2025-04-15,Telangana,Telangana City 3,Postpaid,1,Slow Internet,Resolved,24.6,3.27,7
AIR104580,2025-05-15,Karnataka,Karnataka City 1,Prepaid,1,Network Issues,Resolved,11.9,3.35,9
AIR104581,2025-06-15,Karnataka,Karnataka City 3,Postpaid,0,Call Drops,No Complaint,12.4,4.05,44
AIR104582,2025-07-15,Kerala,Kerala City 2,Prepaid,0,Network Issues,No Complaint,9.7,4.51,65
AIR104583,2025-08-15,Kerala,Kerala City 2,Postpaid,1,Call Drops,Pending,22.2,3.83,30
AIR104584,2025-09-15,Telangana,Telangana City 1,Prepaid,1,Call Drops,Resolved,6.9,3.58,25
AIR104585,2025-10-15,Tamil Nadu,Tamil Nadu City 1,Postpaid,1,Slow Internet,Resolved,8.4,4.18,36
AIR104586,2025-11-15,West Bengal,West Bengal City 1,Postpaid,1,Network Issues,Resolved,29.6,2.93,3
AIR104587,2025-12-15,Maharashtra,Maharashtra City 3,Prepaid,1,Network Issues,Resolved,26.9,3.48,22
AIR104588,2025-02-15,Delhi,Delhi City 2,Broadband,1,Slow Internet,Resolved,13.8,3.93,29
AIR104589,2025-03-15,Rajasthan,Rajasthan City 2,Postpaid,0,Network Issues,No Complaint,10.6,4.42,49
AIR104590,2025-04-15,Delhi,Delhi City 3,Prepaid,0,Network Issues,No Complaint,6.5,3.59,16
AIR104591,2025-05-15,Uttar Pradesh,Uttar Pradesh City 1,Prepaid,0,Network Issues,No Complaint,8.8,3.89,48
AIR104592,2025-06-15,Kerala,Kerala City 1,Postpaid,0,Network Issues,No Complaint,10.8,3.63,11
AIR104593,2025-07-15,Telangana,Telangana City 3,Prepaid,1,Slow Internet,Resolved,9.3,4.5,47
AIR104594,2025-08-15,Delhi,Delhi City 2,Broadband,1,Slow Internet,Pending,18.8,4.11,53
AIR104595,2025-09-15,Tamil Nadu,Tamil Nadu City 2,Prepaid,0,Slow Internet,No Complaint,7.4,3.14,14
AIR104596,2025-10-15,Rajasthan,Rajasthan City 2,Prepaid,1,Billing Issues,Resolved,11.9,2.98,19
AIR104597,2025-11-15,Delhi,Delhi City 2,Broadband,0,Slow Internet,No Complaint,9.1,3.44,20
AIR104598,2025-12-15,Rajasthan,Rajasthan City 3,Enterprise,1,Call Drops,Pending,4.7,3.48,1
AIR104599,2025-02-15,Gujarat,Gujarat City 2,Prepaid,0,Slow Internet,No Complaint,5.4,4.25,35
AIR104600,2025-03-15,Tamil Nadu,Tamil Nadu City 3,Postpaid,0,Network Issues,No Complaint,10.3,3.07,7
AIR104601,2025-04-15,Maharashtra,Maharashtra City 1,Prepaid,0,Call Drops,No Complaint,8.7,2.73,-3
AIR104602,2025-05-15,Karnataka,Karnataka City 3,Postpaid,1,Network Issues,Resolved,21.2,2.63,-13
AIR104603,2025-06-15,Rajasthan,Rajasthan City 2,Broadband,0,Network Issues,No Complaint,3.4,3.78,17
AIR104604,2025-07-15,Tamil Nadu,Tamil Nadu City 1,Prepaid,0,Network Issues,No Complaint,23.9,3.98,40
AIR104605,2025-08-15,Rajasthan,Rajasthan City 3,Prepaid,0,Others,No Complaint,10,3.15,15
AIR104606,2025-09-15,Rajasthan,Rajasthan City 3,Prepaid,0,Call Drops,No Complaint,3.7,2.34,-55
AIR104607,2025-10-15,West Bengal,West Bengal City 3,Prepaid,0,Billing Issues,No Complaint,3,3.52,6
AIR104608,2025-11-15,West Bengal,West Bengal City 1,Prepaid,0,Slow Internet,No Complaint,21.8,3.61,25
AIR104609,2025-12-15,Tamil Nadu,Tamil Nadu City 3,Broadband,1,Billing Issues,Resolved,20.7,3.94,18
AIR104610,2025-02-15,West Bengal,West Bengal City 2,Prepaid,0,Billing Issues,No Complaint,50.1,3.96,39
AIR104611,2025-03-15,Uttar Pradesh,Uttar Pradesh City 1,Postpaid,1,Slow Internet,In Progress,13.2,3.34,5
AIR104612,2025-04-15,Maharashtra,Maharashtra City 1,Postpaid,1,Network Issues,Resolved,14.4,3.48,7
AIR104613,2025-05-15,Telangana,Telangana City 3,Postpaid,0,Network Issues,No Complaint,60.2,3.08,-15
AIR104614,2025-06-15,Tamil Nadu,Tamil Nadu City 2,Prepaid,0,Network Issues,No Complaint,6.8,4.05,23
AIR104615,2025-07-15,Tamil Nadu,Tamil Nadu City 1,Prepaid,0,Network Issues,No Complaint,9.3,3.48,23
AIR104616,2025-08-15,Uttar Pradesh,Uttar Pradesh City 3,Postpaid,1,Slow Internet,Resolved,17.8,3.51,17
AIR104617,2025-09-15,Kerala,Kerala City 2,Prepaid,0,Network Issues,No Complaint,9.9,3.83,18
AIR104618,2025-10-15,Kerala,Kerala City 3,Postpaid,1,Call Drops,Resolved,5.7,3.64,30
AIR104619,2025-11-15,West Bengal,West Bengal City 3,Prepaid,0,Slow Internet,No Complaint,6.5,4.38,50
AIR104620,2025-12-15,Telangana,Telangana City 1,Postpaid,1,Call Drops,Resolved,24.9,3.67,28
AIR104621,2025-02-15,West Bengal,West Bengal City 1,Postpaid,1,Network Issues,In Progress,9,4.78,73
AIR104622,2025-03-15,Gujarat,Gujarat City 3,Postpaid,0,Network Issues,No Complaint,14.1,3.25,13
AIR104623,2025-04-15,Gujarat,Gujarat City 1,Prepaid,0,Call Drops,No Complaint,15.7,4.16,31
AIR104624,2025-05-15,Karnataka,Karnataka City 1,Prepaid,0,Call Drops,No Complaint,32.2,3.73,14
AIR104625,2025-06-15,Gujarat,Gujarat City 2,Broadband,0,Billing Issues,No Complaint,24.4,3.89,17
AIR104626,2025-07-15,Kerala,Kerala City 2,Prepaid,0,Call Drops,No Complaint,18.2,3.47,37
AIR104627,2025-08-15,Maharashtra,Maharashtra City 3,Prepaid,0,Network Issues,No Complaint,14.8,3.96,30
AIR104628,2025-09-15,Gujarat,Gujarat City 3,Postpaid,0,Call Drops,No Complaint,6.8,3.53,28
AIR104629,2025-10-15,West Bengal,West Bengal City 3,Broadband,1,Slow Internet,In Progress,46.5,3.51,16
AIR104630,2025-11-15,Rajasthan,Rajasthan City 3,Prepaid,1,Network Issues,In Progress,25.6,3.49,16
AIR104631,2025-12-15,Tamil Nadu,Tamil Nadu City 2,Postpaid,0,Network Issues,No Complaint,6.6,3.58,11
AIR104632,2025-02-15,Maharashtra,Maharashtra City 1,Postpaid,0,Slow Internet,No Complaint,5.3,4.37,48
AIR104633,2025-03-15,Maharashtra,Maharashtra City 2,Prepaid,0,Network Issues,No Complaint,11.4,4.32,66
AIR104634,2025-04-15,West Bengal,West Bengal City 3,Postpaid,0,Network Issues,No Complaint,19.1,4.52,70
AIR104635,2025-05-15,Tamil Nadu,Tamil Nadu City 3,Broadband,0,Slow Internet,No Complaint,15.4,3.42,7
AIR104636,2025-06-15,Kerala,Kerala City 2,Enterprise,0,Network Issues,No Complaint,14.5,3.86,14
AIR104637,2025-07-15,Maharashtra,Maharashtra City 2,Prepaid,0,Network Issues,No Complaint,21.4,3.96,32
AIR104638,2025-08-15,Karnataka,Karnataka City 3,Postpaid,0,Billing Issues,No Complaint,8.6,3.02,-15
AIR104639,2025-09-15,West Bengal,West Bengal City 1,Prepaid,0,Slow Internet,No Complaint,12.7,3.64,33
AIR104640,2025-10-15,Maharashtra,Maharashtra City 3,Prepaid,0,Network Issues,No Complaint,4.7,3.82,19
AIR104641,2025-11-15,Telangana,Telangana City 2,Postpaid,0,Billing Issues,No Complaint,13.5,3.61,21
AIR104642,2025-12-15,Tamil Nadu,Tamil Nadu City 3,Prepaid,0,Call Drops,No Complaint,10.1,3.3,12
AIR104643,2025-02-15,Gujarat,Gujarat City 3,Prepaid,0,Slow Internet,No Complaint,68.5,3.8,16
AIR104644,2025-03-15,Maharashtra,Maharashtra City 1,Prepaid,1,Network Issues,In Progress,13.9,3.74,29
AIR104645,2025-04-15,West Bengal,West Bengal City 3,Prepaid,0,Slow Internet,No Complaint,12.2,3.04,-3
AIR104646,2025-05-15,Gujarat,Gujarat City 3,Postpaid,1,Call Drops,In Progress,3.2,4.65,64
AIR104647,2025-06-15,Karnataka,Karnataka City 3,Prepaid,1,Call Drops,Resolved,27.4,3.48,18
AIR104648,2025-07-15,Gujarat,Gujarat City 2,Postpaid,0,Network Issues,No Complaint,8.9,3.9,39
AIR104649,2025-08-15,Telangana,Telangana City 2,Prepaid,0,Network Issues,No Complaint,26.2,3.73,25
AIR104650,2025-09-15,Kerala,Kerala City 1,Postpaid,0,Network Issues,No Complaint,25.1,3.49,13
AIR104651,2025-10-15,Maharashtra,Maharashtra City 3,Broadband,0,Network Issues,No Complaint,25.3,3.92,34
AIR104652,2025-11-15,Delhi,Delhi City 2,Prepaid,0,Slow Internet,No Complaint,24.8,2.88,-4
AIR104653,2025-12-15,Delhi,Delhi City 1,Postpaid,0,Network Issues,No Complaint,78.7,4.25,43
AIR104654,2025-02-15,Gujarat,Gujarat City 3,Postpaid,0,Slow Internet,No Complaint,59.7,3.81,27
AIR104655,2025-03-15,Uttar Pradesh,Uttar Pradesh City 1,Postpaid,0,Network Issues,No Complaint,3,3.82,30
AIR104656,2025-04-15,Tamil Nadu,Tamil Nadu City 1,Prepaid,0,Network Issues,No Complaint,2.5,3.78,12
AIR104657,2025-05-15,Delhi,Delhi City 1,Postpaid,0,Slow Internet,No Complaint,36,3.53,19
AIR104658,2025-06-15,Uttar Pradesh,Uttar Pradesh City 1,Prepaid,0,Call Drops,No Complaint,13.8,3.93,50
AIR104659,2025-07-15,Delhi,Delhi City 1,Prepaid,0,Slow Internet,No Complaint,7.6,3.86,35
AIR104660,2025-08-15,Uttar Pradesh,Uttar Pradesh City 1,Postpaid,0,Slow Internet,No Complaint,13.6,4.32,37
AIR104661,2025-09-15,Tamil Nadu,Tamil Nadu City 1,Prepaid,0,Call Drops,No Complaint,15.7,3.74,15
AIR104662,2025-10-15,Rajasthan,Rajasthan City 3,Postpaid,0,Billing Issues,No Complaint,23.5,3.77,49
AIR104663,2025-11-15,Delhi,Delhi City 3,Postpaid,0,Call Drops,No Complaint,53,2.66,1
AIR104664,2025-12-15,Telangana,Telangana City 1,Postpaid,0,Network Issues,No Complaint,4.8,3.41,24
AIR104665,2025-02-15,Maharashtra,Maharashtra City 3,Prepaid,1,Slow Internet,Resolved,9,2.68,-20
AIR104666,2025-03-15,Uttar Pradesh,Uttar Pradesh City 1,Enterprise,0,Network Issues,No Complaint,6.1,2.8,-15
AIR104667,2025-04-15,Maharashtra,Maharashtra City 3,Postpaid,1,Slow Internet,Resolved,12.9,3.54,14
AIR104668,2025-05-15,West Bengal,West Bengal City 2,Prepaid,1,Slow Internet,Resolved,38.3,3.83,47
AIR104669,2025-06-15,West Bengal,West Bengal City 1,Prepaid,0,Network Issues,No Complaint,25.8,3.55,7
AIR104670,2025-07-15,Tamil Nadu,Tamil Nadu City 2,Postpaid,0,Network Issues,No Complaint,8.1,3.96,55
AIR104671,2025-08-15,Uttar Pradesh,Uttar Pradesh City 1,Broadband,0,Others,No Complaint,31.8,3.78,16
AIR104672,2025-09-15,Karnataka,Karnataka City 1,Postpaid,0,Call Drops,No Complaint,19.6,3.63,18
AIR104673,2025-10-15,West Bengal,West Bengal City 2,Postpaid,0,Slow Internet,No Complaint,18.3,3.27,15
AIR104674,2025-11-15,Tamil Nadu,Tamil Nadu City 2,Prepaid,0,Billing Issues,No Complaint,84,3.48,27
AIR104675,2025-12-15,West Bengal,West Bengal City 2,Prepaid,1,Slow Internet,Resolved,11.6,4.04,27
AIR104676,2025-02-15,West Bengal,West Bengal City 1,Prepaid,0,Network Issues,No Complaint,16.7,3.49,7
AIR104677,2025-03-15,Karnataka,Karnataka City 2,Postpaid,0,Network Issues,No Complaint,9.6,3.53,7
AIR104678,2025-04-15,Delhi,Delhi City 2,Prepaid,0,Others,No Complaint,7.6,4.22,23
AIR104679,2025-05-15,Gujarat,Gujarat City 3,Prepaid,1,Network Issues,Resolved,24.3,3.37,20
AIR104680,2025-06-15,Rajasthan,Rajasthan City 3,Prepaid,0,Network Issues,No Complaint,1.5,3.14,4
AIR104681,2025-07-15,West Bengal,West Bengal City 2,Broadband,0,Network Issues,No Complaint,2.9,3.82,18
AIR104682,2025-08-15,West Bengal,West Bengal City 2,Postpaid,0,Slow Internet,No Complaint,26.1,3.91,17
AIR104683,2025-09-15,Telangana,Telangana City 2,Prepaid,1,Slow Internet,Resolved,5,3.72,28
AIR104684,2025-10-15,Rajasthan,Rajasthan City 2,Broadband,0,Call Drops,No Complaint,12.8,3.76,22
AIR104685,2025-11-15,Karnataka,Karnataka City 3,Prepaid,0,Network Issues,No Complaint,2.7,3.57,43
AIR104686,2025-12-15,Maharashtra,Maharashtra City 1,Prepaid,0,Slow Internet,No Complaint,17,3.82,50
AIR104687,2025-02-15,Uttar Pradesh,Uttar Pradesh City 2,Prepaid,1,Network Issues,In Progress,28.6,4.21,38
AIR104688,2025-03-15,West Bengal,West Bengal City 2,Prepaid,0,Call Drops,No Complaint,16.9,3.89,30
AIR104689,2025-04-15,Gujarat,Gujarat City 3,Prepaid,0,Network Issues,No Complaint,10.3,3.7,24
AIR104690,2025-05-15,Uttar Pradesh,Uttar Pradesh City 2,Postpaid,0,Network Issues,No Complaint,22.9,3.94,27
AIR104691,2025-06-15,Rajasthan,Rajasthan City 2,Postpaid,0,Network Issues,No Complaint,12.2,3.8,22
AIR104692,2025-07-15,Uttar Pradesh,Uttar Pradesh City 3,Postpaid,1,Others,Resolved,11.3,4.27,43
AIR104693,2025-08-15,Delhi,Delhi City 2,Postpaid,1,Call Drops,Resolved,17.1,3.78,28
AIR104694,2025-09-15,West Bengal,West Bengal City 2,Postpaid,0,Slow Internet,No Complaint,5.4,3.95,44
AIR104695,2025-10-15,Uttar Pradesh,Uttar Pradesh City 3,Prepaid,1,Network Issues,In Progress,24.3,3.29,15
AIR104696,2025-11-15,Maharashtra,Maharashtra City 1,Postpaid,0,Billing Issues,No Complaint,15.5,3.06,-3
AIR104697,2025-12-15,Maharashtra,Maharashtra City 2,Postpaid,0,Slow Internet,No Complaint,12.2,3.2,12
AIR104698,2025-02-15,West Bengal,West Bengal City 2,Broadband,0,Network Issues,No Complaint,12.7,3.43,24
AIR104699,2025-03-15,Kerala,Kerala City 1,Prepaid,0,Slow Internet,No Complaint,12.5,3.86,23
AIR104700,2025-04-15,Maharashtra,Maharashtra City 3,Prepaid,0,Call Drops,No Complaint,15.1,3.52,21
AIR104701,2025-05-15,Uttar Pradesh,Uttar Pradesh City 1,Postpaid,0,Network Issues,No Complaint,7.2,3.44,18
AIR104702,2025-06-15,Tamil Nadu,Tamil Nadu City 2,Postpaid,0,Slow Internet,No Complaint,18,3.82,60
AIR104703,2025-07-15,Maharashtra,Maharashtra City 1,Prepaid,1,Slow Internet,Resolved,26.2,3.7,13
AIR104704,2025-08-15,Rajasthan,Rajasthan City 3,Postpaid,0,Network Issues,No Complaint,15.8,3.83,29
AIR104705,2025-09-15,Kerala,Kerala City 2,Prepaid,1,Slow Internet,Resolved,21.8,4.01,38
AIR104706,2025-10-15,Uttar Pradesh,Uttar Pradesh City 3,Enterprise,0,Network Issues,No Complaint,3.1,3.63,9
AIR104707,2025-11-15,Karnataka,Karnataka City 3,Prepaid,0,Network Issues,No Complaint,17.7,3.35,24
AIR104708,2025-12-15,Telangana,Telangana City 1,Prepaid,0,Slow Internet,No Complaint,18.8,3.42,21
AIR104709,2025-02-15,Karnataka,Karnataka City 1,Prepaid,0,Network Issues,No Complaint,16.2,3.76,24
AIR104710,2025-03-15,Delhi,Delhi City 3,Prepaid,1,Network Issues,Resolved,20.4,3.17,-7
AIR104711,2025-04-15,Telangana,Telangana City 3,Prepaid,0,Slow Internet,No Complaint,26.3,3.92,39
AIR104712,2025-05-15,Delhi,Delhi City 2,Postpaid,0,Call Drops,No Complaint,22.5,3.19,24
AIR104713,2025-06-15,Telangana,Telangana City 3,Broadband,0,Slow Internet,No Complaint,8.8,3.71,17
AIR104714,2025-07-15,Telangana,Telangana City 3,Prepaid,0,Slow Internet,No Complaint,8.8,3.69,30
AIR104715,2025-08-15,Tamil Nadu,Tamil Nadu City 1,Postpaid,0,Slow Internet,No Complaint,8.5,3.94,41
AIR104716,2025-09-15,Gujarat,Gujarat City 3,Prepaid,0,Others,No Complaint,17.6,4.16,43
AIR104717,2025-10-15,Rajasthan,Rajasthan City 3,Prepaid,0,Slow Internet,No Complaint,13.2,3.65,7
AIR104718,2025-11-15,Karnataka,Karnataka City 1,Prepaid,1,Call Drops,Resolved,20.6,3.26,-4
AIR104719,2025-12-15,Maharashtra,Maharashtra City 2,Prepaid,0,Slow Internet,No Complaint,20.1,4.01,24
AIR104720,2025-02-15,Uttar Pradesh,Uttar Pradesh City 1,Postpaid,0,Slow Internet,No Complaint,13,3.52,30
AIR104721,2025-03-15,Kerala,Kerala City 1,Prepaid,0,Others,No Complaint,17.5,3.65,24
AIR104722,2025-04-15,Rajasthan,Rajasthan City 3,Broadband,1,Call Drops,Resolved,9.2,4.68,75
AIR104723,2025-05-15,Delhi,Delhi City 3,Postpaid,0,Others,No Complaint,9.4,3.59,11
AIR104724,2025-06-15,Tamil Nadu,Tamil Nadu City 2,Postpaid,0,Network Issues,No Complaint,24.5,3.09,-2
AIR104725,2025-07-15,Delhi,Delhi City 3,Broadband,0,Network Issues,No Complaint,7.5,4.14,41
AIR104726,2025-08-15,Gujarat,Gujarat City 2,Broadband,1,Call Drops,Resolved,12.7,3.44,9
AIR104727,2025-09-15,Kerala,Kerala City 2,Postpaid,0,Slow Internet,No Complaint,7.7,3.4,4
AIR104728,2025-10-15,Tamil Nadu,Tamil Nadu City 2,Postpaid,1,Network Issues,Resolved,15,3.69,25
AIR104729,2025-11-15,Delhi,Delhi City 2,Prepaid,1,Network Issues,Pending,18.3,3.74,32
AIR104730,2025-12-15,Gujarat,Gujarat City 3,Postpaid,0,Others,No Complaint,8.4,4.27,40
AIR104731,2025-02-15,Uttar Pradesh,Uttar Pradesh City 1,Postpaid,1,Call Drops,Resolved,19.6,3.71,42
AIR104732,2025-03-15,Uttar Pradesh,Uttar Pradesh City 1,Broadband,0,Slow Internet,No Complaint,28.6,2.85,-5
AIR104733,2025-04-15,Delhi,Delhi City 3,Prepaid,0,Network Issues,No Complaint,26.5,3.76,27
AIR104734,2025-05-15,Rajasthan,Rajasthan City 3,Prepaid,0,Call Drops,No Complaint,18.2,3.87,37
AIR104735,2025-06-15,Kerala,Kerala City 2,Prepaid,0,Network Issues,No Complaint,8.9,2.63,-21
AIR104736,2025-07-15,West Bengal,West Bengal City 3,Broadband,0,Others,No Complaint,24,2.6,-5
AIR104737,2025-08-15,Rajasthan,Rajasthan City 1,Prepaid,0,Network Issues,No Complaint,2.5,3.52,7
AIR104738,2025-09-15,Uttar Pradesh,Uttar Pradesh City 3,Postpaid,0,Slow Internet,No Complaint,38.2,3.74,46
AIR104739,2025-10-15,Kerala,Kerala City 3,Prepaid,1,Network Issues,Resolved,7.7,4.27,53
AIR104740,2025-11-15,Gujarat,Gujarat City 2,Prepaid,0,Slow Internet,No Complaint,10.3,3.53,6
AIR104741,2025-12-15,Tamil Nadu,Tamil Nadu City 2,Prepaid,1,Network Issues,Resolved,29.6,3.33,-10
AIR104742,2025-02-15,Telangana,Telangana City 2,Postpaid,0,Network Issues,No Complaint,37.1,2.99,-2
AIR104743,2025-03-15,Delhi,Delhi City 2,Prepaid,0,Slow Internet,No Complaint,15.5,4,23
AIR104744,2025-04-15,Karnataka,Karnataka City 1,Postpaid,0,Slow Internet,No Complaint,10,3.52,19
AIR104745,2025-05-15,Kerala,Kerala City 3,Enterprise,0,Call Drops,No Complaint,12,3.15,14
AIR104746,2025-06-15,Maharashtra,Maharashtra City 3,Enterprise,1,Call Drops,Resolved,12.5,4.06,37
AIR104747,2025-07-15,Gujarat,Gujarat City 2,Postpaid,0,Network Issues,No Complaint,12.7,3.71,17
AIR104748,2025-08-15,West Bengal,West Bengal City 1,Postpaid,0,Slow Internet,No Complaint,14.3,2.95,-5
AIR104749,2025-09-15,Telangana,Telangana City 1,Prepaid,0,Network Issues,No Complaint,30,3.23,2
AIR104750,2025-10-15,Maharashtra,Maharashtra City 3,Enterprise,0,Call Drops,No Complaint,15.4,4.33,36
AIR104751,2025-11-15,West Bengal,West Bengal City 2,Prepaid,0,Slow Internet,No Complaint,11.1,3.22,6
AIR104752,2025-12-15,Karnataka,Karnataka City 3,Postpaid,1,Call Drops,Resolved,4.7,2.71,3
AIR104753,2025-02-15,Uttar Pradesh,Uttar Pradesh City 3,Prepaid,0,Network Issues,No Complaint,12.8,3.95,37
AIR104754,2025-03-15,Rajasthan,Rajasthan City 1,Prepaid,0,Call Drops,No Complaint,15.2,3.21,25
AIR104755,2025-04-15,Delhi,Delhi City 1,Prepaid,0,Network Issues,No Complaint,50.7,3.67,12
AIR104756,2025-05-15,Tamil Nadu,Tamil Nadu City 3,Postpaid,0,Others,No Complaint,14.7,3.03,-13
AIR104757,2025-06-15,West Bengal,West Bengal City 2,Postpaid,0,Slow Internet,No Complaint,25.7,3.67,45
AIR104758,2025-07-15,Telangana,Telangana City 2,Postpaid,1,Slow Internet,Resolved,18.4,3.93,30
AIR104759,2025-08-15,Kerala,Kerala City 3,Prepaid,0,Slow Internet,No Complaint,9.4,3.51,7
AIR104760,2025-09-15,Uttar Pradesh,Uttar Pradesh City 3,Broadband,0,Network Issues,No Complaint,9.1,3.78,27
AIR104761,2025-10-15,Kerala,Kerala City 2,Prepaid,0,Others,No Complaint,11.3,3.49,11
AIR104762,2025-11-15,Telangana,Telangana City 2,Prepaid,0,Slow Internet,No Complaint,2.9,3.71,6
AIR104763,2025-12-15,Kerala,Kerala City 2,Postpaid,0,Network Issues,No Complaint,4.3,4.26,50
AIR104764,2025-02-15,West Bengal,West Bengal City 3,Broadband,0,Network Issues,No Complaint,10.3,2.6,-34
AIR104765,2025-03-15,Gujarat,Gujarat City 1,Prepaid,1,Slow Internet,In Progress,32.2,3.85,20
AIR104766,2025-04-15,Kerala,Kerala City 2,Postpaid,0,Slow Internet,No Complaint,17.1,3.47,14
AIR104767,2025-05-15,Rajasthan,Rajasthan City 2,Postpaid,1,Others,Resolved,15.6,3.19,21
AIR104768,2025-06-15,Karnataka,Karnataka City 2,Broadband,0,Network Issues,No Complaint,2.8,3.61,25
AIR104769,2025-07-15,Tamil Nadu,Tamil Nadu City 3,Prepaid,1,Slow Internet,Pending,18.5,3.99,40
AIR104770,2025-08-15,West Bengal,West Bengal City 1,Prepaid,1,Network Issues,In Progress,4.8,3.82,28
AIR104771,2025-09-15,Maharashtra,Maharashtra City 1,Prepaid,0,Network Issues,No Complaint,22.9,3.48,22
AIR104772,2025-10-15,Telangana,Telangana City 2,Prepaid,0,Network Issues,No Complaint,12.2,3.75,35
AIR104773,2025-11-15,Uttar Pradesh,Uttar Pradesh City 3,Prepaid,0,Network Issues,No Complaint,7,3.89,12
AIR104774,2025-12-15,West Bengal,West Bengal City 1,Enterprise,0,Network Issues,No Complaint,2.9,3.87,16
AIR104775,2025-02-15,Gujarat,Gujarat City 3,Prepaid,1,Network Issues,Pending,11.4,3.81,33
AIR104776,2025-03-15,Uttar Pradesh,Uttar Pradesh City 1,Broadband,0,Others,No Complaint,12.1,3.61,29
AIR104777,2025-04-15,Rajasthan,Rajasthan City 2,Prepaid,0,Network Issues,No Complaint,4.4,3.76,22
AIR104778,2025-05-15,Telangana,Telangana City 3,Broadband,0,Network Issues,No Complaint,12,3,2
AIR104779,2025-06-15,Uttar Pradesh,Uttar Pradesh City 2,Postpaid,1,Call Drops,In Progress,30,3.23,7
AIR104780,2025-07-15,Kerala,Kerala City 1,Prepaid,0,Call Drops,No Complaint,41.8,3.53,19
AIR104781,2025-08-15,West Bengal,West Bengal City 1,Postpaid,1,Slow Internet,Resolved,8.8,3.75,27
AIR104782,2025-09-15,Karnataka,Karnataka City 2,Prepaid,0,Billing Issues,No Complaint,26.4,4.54,61
AIR104783,2025-10-15,Telangana,Telangana City 1,Prepaid,0,Slow Internet,No Complaint,12.2,3.06,9
AIR104784,2025-11-15,Delhi,Delhi City 2,Prepaid,0,Slow Internet,No Complaint,4.5,2.66,-8
AIR104785,2025-12-15,Rajasthan,Rajasthan City 2,Prepaid,0,Network Issues,No Complaint,17.9,3.17,16
AIR104786,2025-02-15,Tamil Nadu,Tamil Nadu City 2,Postpaid,0,Network Issues,No Complaint,10.3,3.12,4
AIR104787,2025-03-15,Telangana,Telangana City 1,Postpaid,0,Network Issues,No Complaint,46.1,3.98,40
AIR104788,2025-04-15,Gujarat,Gujarat City 3,Prepaid,0,Slow Internet,No Complaint,2,3.59,8
AIR104789,2025-05-15,West Bengal,West Bengal City 2,Broadband,0,Slow Internet,No Complaint,12.9,3.86,17
AIR104790,2025-06-15,Kerala,Kerala City 3,Broadband,0,Call Drops,No Complaint,12.4,3.25,16
AIR104791,2025-07-15,Tamil Nadu,Tamil Nadu City 1,Prepaid,1,Call Drops,Resolved,3.8,4.09,38
AIR104792,2025-08-15,Tamil Nadu,Tamil Nadu City 1,Prepaid,0,Network Issues,No Complaint,22.5,3.49,27
AIR104793,2025-09-15,Rajasthan,Rajasthan City 3,Prepaid,1,Slow Internet,Resolved,14.7,2.65,-20
AIR104794,2025-10-15,Uttar Pradesh,Uttar Pradesh City 2,Postpaid,0,Network Issues,No Complaint,25.6,3.26,10
AIR104795,2025-11-15,Gujarat,Gujarat City 1,Prepaid,1,Network Issues,In Progress,16.2,3.29,-15
AIR104796,2025-12-15,Uttar Pradesh,Uttar Pradesh City 2,Prepaid,0,Network Issues,No Complaint,23.1,2.79,-7
AIR104797,2025-02-15,Kerala,Kerala City 2,Postpaid,0,Slow Internet,No Complaint,6.3,3.88,41
AIR104798,2025-03-15,Tamil Nadu,Tamil Nadu City 3,Postpaid,0,Network Issues,No Complaint,42.8,3.5,14
AIR104799,2025-04-15,Gujarat,Gujarat City 1,Prepaid,0,Network Issues,No Complaint,54.4,3.65,25
AIR104800,2025-05-15,Gujarat,Gujarat City 3,Broadband,1,Network Issues,In Progress,15,3.57,12
AIR104801,2025-06-15,Maharashtra,Maharashtra City 1,Postpaid,0,Network Issues,No Complaint,31.7,3.17,9
AIR104802,2025-07-15,West Bengal,West Bengal City 3,Prepaid,0,Network Issues,No Complaint,15.3,2.93,4
AIR104803,2025-08-15,Tamil Nadu,Tamil Nadu City 1,Postpaid,1,Network Issues,Resolved,39.8,3.14,-12
AIR104804,2025-09-15,Tamil Nadu,Tamil Nadu City 1,Prepaid,1,Slow Internet,Resolved,33.4,3.82,27
AIR104805,2025-10-15,Gujarat,Gujarat City 1,Postpaid,0,Slow Internet,No Complaint,21,4.02,40
AIR104806,2025-11-15,Uttar Pradesh,Uttar Pradesh City 2,Prepaid,0,Call Drops,No Complaint,4.3,3.11,17
AIR104807,2025-12-15,Tamil Nadu,Tamil Nadu City 2,Prepaid,0,Network Issues,No Complaint,13.1,3.82,52
AIR104808,2025-02-15,Gujarat,Gujarat City 3,Prepaid,1,Network Issues,In Progress,8.1,3.23,18
AIR104809,2025-03-15,Tamil Nadu,Tamil Nadu City 3,Prepaid,0,Call Drops,No Complaint,19.2,3.96,22
AIR104810,2025-04-15,Gujarat,Gujarat City 1,Postpaid,0,Call Drops,No Complaint,13.4,3.48,21
AIR104811,2025-05-15,Maharashtra,Maharashtra City 1,Postpaid,0,Network Issues,No Complaint,15.5,3.83,26
AIR104812,2025-06-15,West Bengal,West Bengal City 2,Prepaid,0,Billing Issues,No Complaint,11,3.73,39
AIR104813,2025-07-15,Gujarat,Gujarat City 2,Prepaid,0,Network Issues,No Complaint,2.8,3.34,32
AIR104814,2025-08-15,Tamil Nadu,Tamil Nadu City 2,Postpaid,0,Network Issues,No Complaint,6.8,3.89,23
AIR104815,2025-09-15,Kerala,Kerala City 3,Prepaid,0,Call Drops,No Complaint,7,3.07,11
AIR104816,2025-10-15,West Bengal,West Bengal City 2,Prepaid,0,Network Issues,No Complaint,9.7,3.58,28
AIR104817,2025-11-15,Maharashtra,Maharashtra City 3,Postpaid,0,Network Issues,No Complaint,26.4,3.36,22
AIR104818,2025-12-15,Gujarat,Gujarat City 2,Broadband,1,Network Issues,Resolved,3.6,3.79,31
AIR104819,2025-02-15,Kerala,Kerala City 2,Broadband,0,Slow Internet,No Complaint,10.3,3.6,9
AIR104820,2025-03-15,Gujarat,Gujarat City 1,Postpaid,1,Slow Internet,Resolved,13.3,3.5,17
AIR104821,2025-04-15,Uttar Pradesh,Uttar Pradesh City 3,Prepaid,0,Slow Internet,No Complaint,21.5,2.62,-16
AIR104822,2025-05-15,Tamil Nadu,Tamil Nadu City 2,Postpaid,0,Network Issues,No Complaint,10.1,3.94,42
AIR104823,2025-06-15,Telangana,Telangana City 1,Prepaid,0,Network Issues,No Complaint,18.2,3.34,16
AIR104824,2025-07-15,Rajasthan,Rajasthan City 3,Prepaid,0,Slow Internet,No Complaint,9.8,3.17,12
AIR104825,2025-08-15,Karnataka,Karnataka City 3,Postpaid,0,Network Issues,No Complaint,18.2,3.47,21
AIR104826,2025-09-15,Uttar Pradesh,Uttar Pradesh City 2,Postpaid,0,Slow Internet,No Complaint,26.8,4.47,37
AIR104827,2025-10-15,Kerala,Kerala City 3,Prepaid,1,Network Issues,Resolved,21.5,3.27,19
AIR104828,2025-11-15,Uttar Pradesh,Uttar Pradesh City 1,Prepaid,0,Call Drops,No Complaint,34,3.52,14
AIR104829,2025-12-15,Delhi,Delhi City 1,Postpaid,0,Call Drops,No Complaint,41.2,3.56,17
AIR104830,2025-02-15,Gujarat,Gujarat City 3,Broadband,0,Slow Internet,No Complaint,2.9,3.35,24
AIR104831,2025-03-15,Gujarat,Gujarat City 1,Postpaid,0,Call Drops,No Complaint,7.3,4.63,46
AIR104832,2025-04-15,Karnataka,Karnataka City 3,Prepaid,0,Call Drops,No Complaint,35.3,3.89,12
AIR104833,2025-05-15,Karnataka,Karnataka City 1,Broadband,1,Billing Issues,Resolved,12.2,4.19,28
AIR104834,2025-06-15,Delhi,Delhi City 3,Postpaid,1,Network Issues,Resolved,30.8,4.21,45
AIR104835,2025-07-15,Tamil Nadu,Tamil Nadu City 3,Postpaid,1,Others,Resolved,6.2,3.7,1
AIR104836,2025-08-15,Rajasthan,Rajasthan City 3,Prepaid,0,Network Issues,No Complaint,6.4,3.01,-14
AIR104837,2025-09-15,Telangana,Telangana City 1,Prepaid,0,Network Issues,No Complaint,6.4,3.26,1
AIR104838,2025-10-15,Telangana,Telangana City 3,Prepaid,0,Network Issues,No Complaint,26.4,3.56,12
AIR104839,2025-11-15,Maharashtra,Maharashtra City 3,Prepaid,1,Call Drops,Resolved,33.7,4.21,32
AIR104840,2025-12-15,Maharashtra,Maharashtra City 2,Prepaid,1,Call Drops,Resolved,31.9,3.82,26
AIR104841,2025-02-15,Tamil Nadu,Tamil Nadu City 2,Postpaid,0,Network Issues,No Complaint,9.9,3.2,12
AIR104842,2025-03-15,Maharashtra,Maharashtra City 3,Prepaid,0,Slow Internet,No Complaint,7.9,4.01,27
AIR104843,2025-04-15,Maharashtra,Maharashtra City 2,Broadband,0,Network Issues,No Complaint,25,4.31,38
AIR104844,2025-05-15,Delhi,Delhi City 3,Prepaid,1,Network Issues,Resolved,31.7,3.24,5
AIR104845,2025-06-15,Delhi,Delhi City 2,Postpaid,0,Slow Internet,No Complaint,27.8,3.84,37
AIR104846,2025-07-15,Maharashtra,Maharashtra City 1,Postpaid,0,Network Issues,No Complaint,17.9,2.94,-8
AIR104847,2025-08-15,Uttar Pradesh,Uttar Pradesh City 1,Postpaid,1,Slow Internet,In Progress,63.7,2.95,3
AIR104848,2025-09-15,West Bengal,West Bengal City 3,Prepaid,0,Call Drops,No Complaint,9.3,3.44,14
AIR104849,2025-10-15,West Bengal,West Bengal City 3,Postpaid,0,Call Drops,No Complaint,16,4.33,52
AIR104850,2025-11-15,Tamil Nadu,Tamil Nadu City 1,Broadband,0,Network Issues,No Complaint,29.7,3.61,19
AIR104851,2025-12-15,Telangana,Telangana City 1,Enterprise,0,Network Issues,No Complaint,2.8,3.47,12
AIR104852,2025-02-15,Karnataka,Karnataka City 2,Postpaid,0,Network Issues,No Complaint,8.8,4.66,72
AIR104853,2025-03-15,Tamil Nadu,Tamil Nadu City 3,Postpaid,0,Slow Internet,No Complaint,30.6,3.51,19
AIR104854,2025-04-15,Maharashtra,Maharashtra City 1,Prepaid,0,Network Issues,No Complaint,35.9,3.36,9
AIR104855,2025-05-15,Delhi,Delhi City 1,Broadband,0,Network Issues,No Complaint,17.1,3.27,-1
AIR104856,2025-06-15,Gujarat,Gujarat City 3,Enterprise,0,Others,No Complaint,17.8,3.6,12
AIR104857,2025-07-15,Uttar Pradesh,Uttar Pradesh City 2,Postpaid,0,Slow Internet,No Complaint,17.2,4.08,38
AIR104858,2025-08-15,Kerala,Kerala City 2,Postpaid,1,Slow Internet,In Progress,20.4,3.95,51
AIR104859,2025-09-15,Delhi,Delhi City 2,Postpaid,0,Call Drops,No Complaint,22,3.72,43
AIR104860,2025-10-15,West Bengal,West Bengal City 2,Prepaid,1,Billing Issues,Resolved,6.9,3.76,24
AIR104861,2025-11-15,Delhi,Delhi City 1,Broadband,0,Slow Internet,No Complaint,23.6,3.73,38
AIR104862,2025-12-15,Uttar Pradesh,Uttar Pradesh City 3,Postpaid,1,Network Issues,Resolved,26.2,3.78,34
AIR104863,2025-02-15,Karnataka,Karnataka City 3,Postpaid,1,Network Issues,Resolved,15.6,3.91,17
AIR104864,2025-03-15,Maharashtra,Maharashtra City 1,Postpaid,0,Slow Internet,No Complaint,16,4.47,51
AIR104865,2025-04-15,Gujarat,Gujarat City 1,Broadband,0,Slow Internet,No Complaint,29.6,3.57,20
AIR104866,2025-05-15,West Bengal,West Bengal City 1,Postpaid,1,Network Issues,In Progress,21.4,3.71,29
AIR104867,2025-06-15,West Bengal,West Bengal City 3,Prepaid,0,Call Drops,No Complaint,4.8,3.56,35
AIR104868,2025-07-15,Rajasthan,Rajasthan City 3,Postpaid,1,Slow Internet,Resolved,3.4,3.86,27
AIR104869,2025-08-15,Telangana,Telangana City 3,Enterprise,0,Others,No Complaint,4.6,4.23,45
AIR104870,2025-09-15,Karnataka,Karnataka City 2,Postpaid,1,Network Issues,Resolved,8.1,3.18,-4
AIR104871,2025-10-15,West Bengal,West Bengal City 1,Broadband,0,Network Issues,No Complaint,7.2,3.88,49
AIR104872,2025-11-15,Telangana,Telangana City 1,Broadband,0,Billing Issues,No Complaint,17.1,3.69,38
AIR104873,2025-12-15,West Bengal,West Bengal City 1,Postpaid,1,Network Issues,Resolved,13.2,4.21,41
AIR104874,2025-02-15,Maharashtra,Maharashtra City 3,Prepaid,0,Network Issues,No Complaint,5.1,2.59,-10
AIR104875,2025-03-15,Telangana,Telangana City 1,Prepaid,0,Network Issues,No Complaint,10.5,3.13,12
AIR104876,2025-04-15,Uttar Pradesh,Uttar Pradesh City 1,Postpaid,1,Call Drops,Resolved,6.5,4.31,41
AIR104877,2025-05-15,Rajasthan,Rajasthan City 2,Prepaid,1,Network Issues,Resolved,26.4,3.48,6
AIR104878,2025-06-15,Maharashtra,Maharashtra City 3,Postpaid,0,Network Issues,No Complaint,11.5,3.48,17
AIR104879,2025-07-15,Uttar Pradesh,Uttar Pradesh City 1,Postpaid,0,Billing Issues,No Complaint,20.9,3.39,18
AIR104880,2025-08-15,Gujarat,Gujarat City 3,Prepaid,1,Call Drops,Resolved,24.4,3.15,19
AIR104881,2025-09-15,Karnataka,Karnataka City 3,Postpaid,1,Network Issues,Resolved,40.4,2.7,-3
AIR104882,2025-10-15,Karnataka,Karnataka City 3,Postpaid,0,Network Issues,No Complaint,45,3.75,15
AIR104883,2025-11-15,Kerala,Kerala City 2,Prepaid,0,Slow Internet,No Complaint,19.3,4.07,26
AIR104884,2025-12-15,Kerala,Kerala City 3,Prepaid,0,Slow Internet,No Complaint,11.2,3.02,-9
AIR104885,2025-02-15,Telangana,Telangana City 3,Broadband,1,Network Issues,Resolved,62.1,2.95,-5
AIR104886,2025-03-15,Karnataka,Karnataka City 3,Prepaid,0,Billing Issues,No Complaint,32.3,3.59,27
AIR104887,2025-04-15,Telangana,Telangana City 1,Prepaid,1,Network Issues,Resolved,3.7,4,45
AIR104888,2025-05-15,Kerala,Kerala City 2,Prepaid,0,Billing Issues,No Complaint,6.8,3.15,8
AIR104889,2025-06-15,Gujarat,Gujarat City 1,Prepaid,0,Slow Internet,No Complaint,22.5,3.04,21
AIR104890,2025-07-15,West Bengal,West Bengal City 2,Postpaid,0,Call Drops,No Complaint,29,3.01,18
AIR104891,2025-08-15,Uttar Pradesh,Uttar Pradesh City 2,Prepaid,0,Network Issues,No Complaint,21.6,3.99,33
AIR104892,2025-09-15,Delhi,Delhi City 3,Broadband,0,Call Drops,No Complaint,10.9,3.41,-14
AIR104893,2025-10-15,Telangana,Telangana City 3,Prepaid,1,Network Issues,Resolved,47.9,3.96,36
AIR104894,2025-11-15,Gujarat,Gujarat City 1,Postpaid,0,Network Issues,No Complaint,7.2,3.31,11
AIR104895,2025-12-15,Uttar Pradesh,Uttar Pradesh City 2,Prepaid,1,Slow Internet,Resolved,34.5,3.78,26
AIR104896,2025-02-15,Karnataka,Karnataka City 3,Enterprise,0,Slow Internet,No Complaint,3.2,3.92,21
AIR104897,2025-03-15,West Bengal,West Bengal City 3,Postpaid,0,Slow Internet,No Complaint,33,4.03,25
AIR104898,2025-04-15,Uttar Pradesh,Uttar Pradesh City 3,Broadband,0,Others,No Complaint,28.8,2.98,2
AIR104899,2025-05-15,Rajasthan,Rajasthan City 3,Postpaid,1,Network Issues,Pending,9.5,4.36,31
AIR104900,2025-06-15,Kerala,Kerala City 1,Postpaid,1,Network Issues,Resolved,7.4,3.31,8
AIR104901,2025-07-15,Uttar Pradesh,Uttar Pradesh City 1,Broadband,1,Network Issues,Resolved,2.9,3.86,42
AIR104902,2025-08-15,Delhi,Delhi City 3,Prepaid,1,Slow Internet,In Progress,5.3,3.05,28
AIR104903,2025-09-15,Gujarat,Gujarat City 3,Postpaid,0,Network Issues,No Complaint,15.7,3.49,29
AIR104904,2025-10-15,West Bengal,West Bengal City 3,Prepaid,0,Others,No Complaint,8.3,4.05,31
AIR104905,2025-11-15,Maharashtra,Maharashtra City 3,Postpaid,0,Slow Internet,No Complaint,3.7,3.2,-7
AIR104906,2025-12-15,Uttar Pradesh,Uttar Pradesh City 3,Enterprise,0,Slow Internet,No Complaint,45.7,3.13,15
AIR104907,2025-02-15,Tamil Nadu,Tamil Nadu City 2,Broadband,0,Network Issues,No Complaint,25.6,3.88,46
AIR104908,2025-03-15,Delhi,Delhi City 2,Prepaid,0,Slow Internet,No Complaint,45.9,3.98,20
AIR104909,2025-04-15,Delhi,Delhi City 2,Prepaid,0,Network Issues,No Complaint,28.3,3.15,6
AIR104910,2025-05-15,Tamil Nadu,Tamil Nadu City 2,Prepaid,0,Network Issues,No Complaint,71.2,4.06,39
AIR104911,2025-06-15,Rajasthan,Rajasthan City 3,Prepaid,1,Others,In Progress,40,3.87,32
AIR104912,2025-07-15,Maharashtra,Maharashtra City 2,Prepaid,1,Network Issues,Resolved,10.2,3.51,19
AIR104913,2025-08-15,Kerala,Kerala City 2,Prepaid,0,Slow Internet,No Complaint,16.4,4.31,42
AIR104914,2025-09-15,Gujarat,Gujarat City 1,Enterprise,0,Network Issues,No Complaint,49.2,3.09,14
AIR104915,2025-10-15,West Bengal,West Bengal City 2,Postpaid,0,Slow Internet,No Complaint,20.5,3.38,9
AIR104916,2025-11-15,Gujarat,Gujarat City 2,Postpaid,0,Network Issues,No Complaint,26.4,3.4,12
AIR104917,2025-12-15,Maharashtra,Maharashtra City 3,Postpaid,0,Network Issues,No Complaint,11.2,3.94,40
AIR104918,2025-02-15,Gujarat,Gujarat City 2,Postpaid,0,Billing Issues,No Complaint,10.9,3.65,19
AIR104919,2025-03-15,Tamil Nadu,Tamil Nadu City 2,Enterprise,1,Billing Issues,Pending,7.9,3.37,21
AIR104920,2025-04-15,Delhi,Delhi City 3,Postpaid,0,Network Issues,No Complaint,6,3.77,27
AIR104921,2025-05-15,Gujarat,Gujarat City 2,Prepaid,0,Slow Internet,No Complaint,4.6,3.25,5
AIR104922,2025-06-15,Telangana,Telangana City 3,Postpaid,0,Slow Internet,No Complaint,23.4,3.12,-9
AIR104923,2025-07-15,Uttar Pradesh,Uttar Pradesh City 2,Enterprise,0,Network Issues,No Complaint,5.3,4.49,73
AIR104924,2025-08-15,Maharashtra,Maharashtra City 1,Prepaid,0,Network Issues,No Complaint,24.7,4.12,32
AIR104925,2025-09-15,Rajasthan,Rajasthan City 1,Postpaid,0,Network Issues,No Complaint,36.9,3.57,14
AIR104926,2025-10-15,Telangana,Telangana City 2,Prepaid,0,Others,No Complaint,32.6,3.38,22
AIR104927,2025-11-15,Tamil Nadu,Tamil Nadu City 1,Prepaid,0,Slow Internet,No Complaint,8.4,3.03,-7
AIR104928,2025-12-15,Karnataka,Karnataka City 3,Broadband,0,Call Drops,No Complaint,18,3.55,19
AIR104929,2025-02-15,Tamil Nadu,Tamil Nadu City 2,Prepaid,1,Network Issues,In Progress,1,3.64,8
AIR104930,2025-03-15,Rajasthan,Rajasthan City 3,Prepaid,1,Call Drops,Resolved,10,2.92,0
AIR104931,2025-04-15,Rajasthan,Rajasthan City 1,Prepaid,0,Network Issues,No Complaint,26,3.3,-7
AIR104932,2025-05-15,Telangana,Telangana City 3,Enterprise,1,Call Drops,Resolved,2.6,3.44,19
AIR104933,2025-06-15,Uttar Pradesh,Uttar Pradesh City 1,Prepaid,0,Call Drops,No Complaint,3.8,3.8,42
AIR104934,2025-07-15,Maharashtra,Maharashtra City 1,Broadband,1,Network Issues,Resolved,25.7,2.92,3
AIR104935,2025-08-15,Kerala,Kerala City 1,Prepaid,1,Call Drops,Pending,4.6,3.49,29
AIR104936,2025-09-15,Delhi,Delhi City 3,Broadband,0,Network Issues,No Complaint,7,2.77,-15
AIR104937,2025-10-15,Telangana,Telangana City 1,Enterprise,1,Billing Issues,Pending,20.3,2.95,-17
AIR104938,2025-11-15,Rajasthan,Rajasthan City 2,Prepaid,1,Network Issues,In Progress,16,3.53,4
AIR104939,2025-12-15,Karnataka,Karnataka City 1,Prepaid,1,Network Issues,Resolved,43.4,3.4,15
AIR104940,2025-02-15,West Bengal,West Bengal City 2,Prepaid,0,Network Issues,No Complaint,12.3,3.46,11
AIR104941,2025-03-15,Rajasthan,Rajasthan City 2,Postpaid,0,Slow Internet,No Complaint,20.2,3.83,40
AIR104942,2025-04-15,Uttar Pradesh,Uttar Pradesh City 2,Prepaid,1,Billing Issues,In Progress,6.2,4.61,66
AIR104943,2025-05-15,Uttar Pradesh,Uttar Pradesh City 2,Prepaid,1,Others,Resolved,19.5,3.19,14
AIR104944,2025-06-15,Rajasthan,Rajasthan City 3,Prepaid,1,Slow Internet,Pending,3.8,3.65,13
AIR104945,2025-07-15,Uttar Pradesh,Uttar Pradesh City 2,Prepaid,1,Slow Internet,Resolved,20.5,3.62,17
AIR104946,2025-08-15,Telangana,Telangana City 1,Prepaid,0,Network Issues,No Complaint,20.2,3.38,10
AIR104947,2025-09-15,Rajasthan,Rajasthan City 2,Broadband,0,Network Issues,No Complaint,8.4,4.13,62
AIR104948,2025-10-15,Rajasthan,Rajasthan City 1,Broadband,0,Slow Internet,No Complaint,24,3.48,21
AIR104949,2025-11-15,Maharashtra,Maharashtra City 3,Prepaid,0,Billing Issues,No Complaint,8.6,3.5,36
AIR104950,2025-12-15,Delhi,Delhi City 2,Postpaid,0,Slow Internet,No Complaint,26.7,3.75,15
AIR104951,2025-02-15,Karnataka,Karnataka City 1,Postpaid,0,Others,No Complaint,7.1,3.8,34
AIR104952,2025-03-15,Uttar Pradesh,Uttar Pradesh City 3,Postpaid,0,Network Issues,No Complaint,18.1,2.73,-18
AIR104953,2025-04-15,Maharashtra,Maharashtra City 3,Postpaid,0,Network Issues,No Complaint,10.5,3.4,18
AIR104954,2025-05-15,Kerala,Kerala City 1,Postpaid,0,Billing Issues,No Complaint,11.1,3.81,32
AIR104955,2025-06-15,Kerala,Kerala City 2,Postpaid,0,Slow Internet,No Complaint,18.3,3.92,47
AIR104956,2025-07-15,Gujarat,Gujarat City 3,Postpaid,0,Slow Internet,No Complaint,39,3.34,-4
AIR104957,2025-08-15,Telangana,Telangana City 1,Prepaid,0,Slow Internet,No Complaint,9.8,4.32,46
AIR104958,2025-09-15,Telangana,Telangana City 2,Prepaid,0,Slow Internet,No Complaint,17.9,3.49,29
AIR104959,2025-10-15,Tamil Nadu,Tamil Nadu City 3,Prepaid,0,Call Drops,No Complaint,20.8,3.67,13
AIR104960,2025-11-15,Karnataka,Karnataka City 1,Postpaid,0,Network Issues,No Complaint,19.8,3.07,20
AIR104961,2025-12-15,Rajasthan,Rajasthan City 3,Prepaid,1,Call Drops,Resolved,35.6,3.52,2
AIR104962,2025-02-15,Uttar Pradesh,Uttar Pradesh City 3,Postpaid,0,Slow Internet,No Complaint,11.1,3.8,33
AIR104963,2025-03-15,Karnataka,Karnataka City 1,Prepaid,0,Call Drops,No Complaint,23.3,3.69,15
AIR104964,2025-04-15,Gujarat,Gujarat City 3,Broadband,0,Others,No Complaint,18,3.67,12
AIR104965,2025-05-15,Tamil Nadu,Tamil Nadu City 1,Prepaid,1,Call Drops,Resolved,24.5,3.19,29
AIR104966,2025-06-15,Maharashtra,Maharashtra City 2,Postpaid,1,Network Issues,In Progress,27.9,4.2,42
AIR104967,2025-07-15,Karnataka,Karnataka City 1,Postpaid,0,Network Issues,No Complaint,13.4,3.42,10
AIR104968,2025-08-15,Maharashtra,Maharashtra City 2,Prepaid,0,Slow Internet,No Complaint,14.7,3.38,23
AIR104969,2025-09-15,Kerala,Kerala City 3,Prepaid,0,Slow Internet,No Complaint,15.1,3.67,27
AIR104970,2025-10-15,Uttar Pradesh,Uttar Pradesh City 1,Broadband,0,Slow Internet,No Complaint,17.5,3.79,36
AIR104971,2025-11-15,Gujarat,Gujarat City 1,Prepaid,1,Billing Issues,In Progress,24.5,3.48,31
AIR104972,2025-12-15,Rajasthan,Rajasthan City 1,Broadband,0,Slow Internet,No Complaint,6,3.69,24
AIR104973,2025-02-15,Uttar Pradesh,Uttar Pradesh City 1,Broadband,0,Slow Internet,No Complaint,9.2,3.09,11
AIR104974,2025-03-15,Delhi,Delhi City 2,Postpaid,1,Slow Internet,Resolved,17.6,3.77,28
AIR104975,2025-04-15,Telangana,Telangana City 2,Postpaid,0,Network Issues,No Complaint,23.3,3.59,49
AIR104976,2025-05-15,Gujarat,Gujarat City 3,Postpaid,0,Slow Internet,No Complaint,26,3.13,1
AIR104977,2025-06-15,Karnataka,Karnataka City 3,Postpaid,0,Call Drops,No Complaint,23.8,3.27,9
AIR104978,2025-07-15,Uttar Pradesh,Uttar Pradesh City 3,Enterprise,0,Billing Issues,No Complaint,18.8,3.81,47
AIR104979,2025-08-15,West Bengal,West Bengal City 3,Prepaid,1,Call Drops,Resolved,20.6,3.51,19
AIR104980,2025-09-15,Telangana,Telangana City 1,Prepaid,0,Others,No Complaint,9.1,2.87,7
AIR104981,2025-10-15,Telangana,Telangana City 2,Prepaid,0,Call Drops,No Complaint,32.6,3.67,18
AIR104982,2025-11-15,West Bengal,West Bengal City 2,Postpaid,0,Call Drops,No Complaint,9.3,3.76,37
AIR104983,2025-12-15,Tamil Nadu,Tamil Nadu City 2,Prepaid,1,Network Issues,Resolved,1.5,3.39,14
AIR104984,2025-02-15,Tamil Nadu,Tamil Nadu City 2,Broadband,0,Call Drops,No Complaint,14.6,3.97,41
AIR104985,2025-03-15,West Bengal,West Bengal City 3,Prepaid,0,Network Issues,No Complaint,21.7,3.94,38
AIR104986,2025-04-15,Delhi,Delhi City 1,Broadband,0,Slow Internet,No Complaint,13.2,3.89,37
AIR104987,2025-05-15,Kerala,Kerala City 2,Prepaid,1,Slow Internet,Pending,14.7,4.32,53
AIR104988,2025-06-15,West Bengal,West Bengal City 1,Prepaid,0,Slow Internet,No Complaint,39.7,3.94,28
AIR104989,2025-07-15,Kerala,Kerala City 1,Prepaid,0,Network Issues,No Complaint,5,3.32,7
AIR104990,2025-08-15,Uttar Pradesh,Uttar Pradesh City 1,Prepaid,0,Slow Internet,No Complaint,7.4,3.31,24
AIR104991,2025-09-15,Delhi,Delhi City 1,Postpaid,0,Network Issues,No Complaint,22.1,2.79,-15
AIR104992,2025-10-15,Gujarat,Gujarat City 2,Broadband,1,Network Issues,Resolved,16.5,2.89,0
AIR104993,2025-11-15,Kerala,Kerala City 2,Prepaid,1,Billing Issues,Resolved,19.3,3.67,28
AIR104994,2025-12-15,Telangana,Telangana City 2,Postpaid,0,Call Drops,No Complaint,6.3,3.75,14
AIR104995,2025-02-15,Uttar Pradesh,Uttar Pradesh City 3,Prepaid,1,Others,Resolved,41.2,4.14,39
AIR104996,2025-03-15,Telangana,Telangana City 2,Prepaid,0,Network Issues,No Complaint,8.2,3.53,19
AIR104997,2025-04-15,Delhi,Delhi City 3,Postpaid,0,Slow Internet,No Complaint,16.2,3.19,13
AIR104998,2025-05-15,Kerala,Kerala City 3,Prepaid,0,Network Issues,No Complaint,7.6,3.78,35
AIR104999,2025-06-15,Maharashtra,Maharashtra City 3,Broadband,0,Call Drops,No Complaint,17.9,3.45,14
AIR105000,2025-07-15,Delhi,Delhi City 2,Postpaid,1,Network Issues,Resolved,1.6,3.23,3
AIR105001,2025-08-15,Delhi,Delhi City 2,Prepaid,1,Network Issues,Resolved,16,4.41,40
AIR105002,2025-09-15,Maharashtra,Maharashtra City 2,Postpaid,0,Network Issues,No Complaint,26.6,3.02,-19
AIR105003,2025-10-15,Uttar Pradesh,Uttar Pradesh City 3,Prepaid,0,Network Issues,No Complaint,13,3.38,5
AIR105004,2025-11-15,Kerala,Kerala City 3,Postpaid,0,Network Issues,No Complaint,11,3.47,27
AIR105005,2025-12-15,Kerala,Kerala City 1,Broadband,1,Slow Internet,Resolved,24.5,3.89,23
AIR105006,2025-02-15,Telangana,Telangana City 3,Broadband,0,Network Issues,No Complaint,20.5,3.29,7
AIR105007,2025-03-15,Delhi,Delhi City 3,Prepaid,0,Slow Internet,No Complaint,27.8,3.06,-14
AIR105008,2025-04-15,Delhi,Delhi City 2,Prepaid,0,Billing Issues,No Complaint,6.2,3.52,14
AIR105009,2025-05-15,Rajasthan,Rajasthan City 1,Postpaid,0,Network Issues,No Complaint,31.5,3.58,41
AIR105010,2025-06-15,Gujarat,Gujarat City 1,Enterprise,0,Network Issues,No Complaint,14.4,3.32,-6
AIR105011,2025-07-15,Delhi,Delhi City 1,Broadband,0,Slow Internet,No Complaint,11.2,3.4,2
AIR105012,2025-08-15,Karnataka,Karnataka City 2,Prepaid,0,Network Issues,No Complaint,13.8,4.4,54
AIR105013,2025-09-15,Gujarat,Gujarat City 1,Postpaid,0,Billing Issues,No Complaint,22.8,4.44,57
AIR105014,2025-10-15,Karnataka,Karnataka City 1,Broadband,0,Network Issues,No Complaint,16.2,3.87,42
AIR105015,2025-11-15,Kerala,Kerala City 2,Prepaid,0,Slow Internet,No Complaint,47,2.83,-10
AIR105016,2025-12-15,Gujarat,Gujarat City 1,Broadband,0,Billing Issues,No Complaint,3.9,3.89,32
AIR105017,2025-02-15,Delhi,Delhi City 3,Prepaid,0,Slow Internet,No Complaint,14,3.74,12
AIR105018,2025-03-15,Maharashtra,Maharashtra City 3,Prepaid,0,Network Issues,No Complaint,17.2,3.1,11
AIR105019,2025-04-15,Telangana,Telangana City 3,Prepaid,0,Slow Internet,No Complaint,43,3.85,35
AIR105020,2025-05-15,Karnataka,Karnataka City 3,Postpaid,1,Call Drops,Resolved,24.2,3.1,-3
AIR105021,2025-06-15,Gujarat,Gujarat City 3,Broadband,1,Billing Issues,Pending,15.6,3.3,3
AIR105022,2025-07-15,Delhi,Delhi City 3,Postpaid,0,Network Issues,No Complaint,9.8,3.86,38
AIR105023,2025-08-15,Gujarat,Gujarat City 3,Prepaid,0,Network Issues,No Complaint,14.1,3.57,31
AIR105024,2025-09-15,Delhi,Delhi City 3,Prepaid,1,Others,Resolved,4.2,2.67,-12
AIR105025,2025-10-15,Delhi,Delhi City 3,Postpaid,0,Network Issues,No Complaint,16.1,3.94,30
AIR105026,2025-11-15,Delhi,Delhi City 2,Postpaid,0,Slow Internet,No Complaint,22.9,4.05,31
AIR105027,2025-12-15,Rajasthan,Rajasthan City 2,Postpaid,1,Slow Internet,In Progress,29.3,3.55,19
AIR105028,2025-02-15,Telangana,Telangana City 3,Prepaid,1,Call Drops,Resolved,15.8,3.51,40
AIR105029,2025-03-15,Maharashtra,Maharashtra City 2,Postpaid,0,Billing Issues,No Complaint,21.5,3.1,-2
AIR105030,2025-04-15,Maharashtra,Maharashtra City 2,Broadband,0,Network Issues,No Complaint,12.5,4.15,33
AIR105031,2025-05-15,Gujarat,Gujarat City 3,Postpaid,0,Network Issues,No Complaint,16.8,3.84,27
AIR105032,2025-06-15,Gujarat,Gujarat City 3,Postpaid,1,Billing Issues,Resolved,14.6,3.44,25
AIR105033,2025-07-15,Delhi,Delhi City 2,Broadband,0,Network Issues,No Complaint,10.6,3.56,8
AIR105034,2025-08-15,Rajasthan,Rajasthan City 3,Postpaid,0,Slow Internet,No Complaint,28.6,3.17,-8
AIR105035,2025-09-15,Delhi,Delhi City 3,Postpaid,0,Network Issues,No Complaint,7.7,3.46,37
AIR105036,2025-10-15,Rajasthan,Rajasthan City 3,Postpaid,0,Slow Internet,No Complaint,15,3.39,22
AIR105037,2025-11-15,Delhi,Delhi City 3,Prepaid,0,Slow Internet,No Complaint,7.3,3.65,33
AIR105038,2025-12-15,Karnataka,Karnataka City 2,Postpaid,1,Network Issues,Resolved,10.5,3.91,46
AIR105039,2025-02-15,Karnataka,Karnataka City 1,Broadband,0,Network Issues,No Complaint,4.6,3.67,28
AIR105040,2025-03-15,Kerala,Kerala City 2,Prepaid,1,Network Issues,Resolved,27.7,4.07,35
AIR105041,2025-04-15,Delhi,Delhi City 1,Broadband,0,Slow Internet,No Complaint,11.8,3.55,-17
AIR105042,2025-05-15,Telangana,Telangana City 1,Postpaid,1,Call Drops,Resolved,6.6,3.9,57
AIR105043,2025-06-15,Kerala,Kerala City 1,Prepaid,0,Slow Internet,No Complaint,22.3,3.48,4
AIR105044,2025-07-15,Gujarat,Gujarat City 2,Postpaid,1,Call Drops,Resolved,11.7,4.14,40
AIR105045,2025-08-15,Uttar Pradesh,Uttar Pradesh City 2,Prepaid,0,Call Drops,No Complaint,26.5,3.48,-1
AIR105046,2025-09-15,Delhi,Delhi City 2,Broadband,0,Network Issues,No Complaint,29.6,3.38,5
AIR105047,2025-10-15,Karnataka,Karnataka City 2,Postpaid,1,Network Issues,Pending,17.9,3.77,33
AIR105048,2025-11-15,Uttar Pradesh,Uttar Pradesh City 2,Broadband,0,Network Issues,No Complaint,18.9,3.64,29
AIR105049,2025-12-15,Rajasthan,Rajasthan City 1,Postpaid,0,Call Drops,No Complaint,32.9,3.4,18
AIR105050,2025-02-15,Uttar Pradesh,Uttar Pradesh City 2,Postpaid,0,Slow Internet,No Complaint,15.5,3.01,-9
AIR105051,2025-03-15,Telangana,Telangana City 1,Enterprise,0,Network Issues,No Complaint,6.7,3.57,23
AIR105052,2025-04-15,Delhi,Delhi City 2,Prepaid,0,Call Drops,No Complaint,18.4,2.94,6
AIR105053,2025-05-15,Maharashtra,Maharashtra City 2,Postpaid,0,Slow Internet,No Complaint,28.7,3.45,3
AIR105054,2025-06-15,Uttar Pradesh,Uttar Pradesh City 3,Prepaid,1,Network Issues,Resolved,7.5,2.61,-12
AIR105055,2025-07-15,Maharashtra,Maharashtra City 1,Broadband,1,Network Issues,Resolved,9.2,3.27,17
AIR105056,2025-08-15,Rajasthan,Rajasthan City 2,Postpaid,1,Slow Internet,Pending,1.9,3.45,15
AIR105057,2025-09-15,Kerala,Kerala City 2,Broadband,1,Slow Internet,Resolved,5.7,3.55,15
AIR105058,2025-10-15,Maharashtra,Maharashtra City 2,Broadband,1,Slow Internet,Resolved,10.4,3.22,-19
AIR105059,2025-11-15,Kerala,Kerala City 3,Prepaid,0,Slow Internet,No Complaint,31.8,3.47,32
AIR105060,2025-12-15,Karnataka,Karnataka City 1,Prepaid,0,Slow Internet,No Complaint,7.4,3.81,21
AIR105061,2025-02-15,Delhi,Delhi City 2,Postpaid,0,Network Issues,No Complaint,25.3,4.15,46
AIR105062,2025-03-15,Uttar Pradesh,Uttar Pradesh City 2,Postpaid,1,Slow Internet,Pending,22.7,3.14,32
AIR105063,2025-04-15,Karnataka,Karnataka City 2,Prepaid,1,Call Drops,Resolved,30.6,3.95,52
AIR105064,2025-05-15,Karnataka,Karnataka City 3,Prepaid,0,Slow Internet,No Complaint,55.2,3.7,25
AIR105065,2025-06-15,West Bengal,West Bengal City 2,Postpaid,1,Network Issues,Resolved,32.6,2.87,-12
AIR105066,2025-07-15,Tamil Nadu,Tamil Nadu City 1,Prepaid,0,Network Issues,No Complaint,38.1,3.94,51
AIR105067,2025-08-15,Telangana,Telangana City 1,Broadband,0,Billing Issues,No Complaint,13.3,3.72,39
AIR105068,2025-09-15,Kerala,Kerala City 1,Broadband,0,Network Issues,No Complaint,8.6,4.33,46
AIR105069,2025-10-15,West Bengal,West Bengal City 1,Postpaid,0,Slow Internet,No Complaint,26,3.24,1
AIR105070,2025-11-15,Tamil Nadu,Tamil Nadu City 2,Prepaid,1,Billing Issues,Resolved,10.4,2.81,11
AIR105071,2025-12-15,Telangana,Telangana City 3,Prepaid,0,Slow Internet,No Complaint,24.7,3.23,30
AIR105072,2025-02-15,Kerala,Kerala City 3,Postpaid,0,Slow Internet,No Complaint,23.6,3.23,27
AIR105073,2025-03-15,Delhi,Delhi City 3,Enterprise,0,Network Issues,No Complaint,13.6,3.53,29
AIR105074,2025-04-15,Telangana,Telangana City 2,Prepaid,0,Call Drops,No Complaint,29.8,4.3,40
AIR105075,2025-05-15,Uttar Pradesh,Uttar Pradesh City 3,Prepaid,1,Billing Issues,Resolved,11.4,2.87,6
AIR105076,2025-06-15,Karnataka,Karnataka City 1,Prepaid,1,Call Drops,Resolved,22.6,3.6,30
AIR105077,2025-07-15,Tamil Nadu,Tamil Nadu City 2,Postpaid,0,Call Drops,No Complaint,11.4,3.4,19
AIR105078,2025-08-15,Tamil Nadu,Tamil Nadu City 3,Postpaid,0,Network Issues,No Complaint,12.8,3.6,7
AIR105079,2025-09-15,Tamil Nadu,Tamil Nadu City 1,Prepaid,0,Network Issues,No Complaint,6.2,2.61,-13
AIR105080,2025-10-15,Kerala,Kerala City 1,Postpaid,0,Call Drops,No Complaint,13.8,3.8,33
AIR105081,2025-11-15,Uttar Pradesh,Uttar Pradesh City 2,Postpaid,0,Call Drops,No Complaint,20,4.28,53
AIR105082,2025-12-15,Telangana,Telangana City 2,Postpaid,0,Network Issues,No Complaint,14.4,3.55,21
AIR105083,2025-02-15,Karnataka,Karnataka City 3,Postpaid,0,Slow Internet,No Complaint,16.7,3.41,21
AIR105084,2025-03-15,Uttar Pradesh,Uttar Pradesh City 3,Broadband,1,Call Drops,Resolved,26.1,3.55,11
AIR105085,2025-04-15,West Bengal,West Bengal City 3,Postpaid,0,Network Issues,No Complaint,10.7,3.24,28
AIR105086,2025-05-15,Delhi,Delhi City 2,Postpaid,0,Network Issues,No Complaint,21.3,3.31,5
AIR105087,2025-06-15,Maharashtra,Maharashtra City 3,Broadband,0,Slow Internet,No Complaint,39.1,3.87,22
AIR105088,2025-07-15,Uttar Pradesh,Uttar Pradesh City 3,Broadband,0,Call Drops,No Complaint,26.4,4.09,58
AIR105089,2025-08-15,West Bengal,West Bengal City 1,Prepaid,1,Call Drops,Resolved,15.9,4.5,66
AIR105090,2025-09-15,Karnataka,Karnataka City 1,Prepaid,1,Network Issues,Pending,15.8,4.05,54
AIR105091,2025-10-15,Maharashtra,Maharashtra City 1,Broadband,0,Network Issues,No Complaint,3.5,3.91,28
AIR105092,2025-11-15,Maharashtra,Maharashtra City 3,Prepaid,0,Others,No Complaint,7.5,2.87,-19
AIR105093,2025-12-15,Uttar Pradesh,Uttar Pradesh City 2,Broadband,0,Call Drops,No Complaint,46.3,3.68,33
AIR105094,2025-02-15,Tamil Nadu,Tamil Nadu City 1,Prepaid,0,Network Issues,No Complaint,5.3,3.36,1
AIR105095,2025-03-15,Gujarat,Gujarat City 2,Broadband,0,Slow Internet,No Complaint,12.3,4,51
AIR105096,2025-04-15,Karnataka,Karnataka City 3,Postpaid,0,Call Drops,No Complaint,11.1,4.36,46
AIR105097,2025-05-15,Tamil Nadu,Tamil Nadu City 3,Postpaid,0,Slow Internet,No Complaint,4.6,4.01,48
AIR105098,2025-06-15,Karnataka,Karnataka City 1,Prepaid,0,Network Issues,No Complaint,23.5,3.88,32
AIR105099,2025-07-15,Gujarat,Gujarat City 2,Enterprise,0,Slow Internet,No Complaint,69.8,3.16,16
AIR105100,2025-08-15,Delhi,Delhi City 1,Prepaid,0,Call Drops,No Complaint,5.3,3.43,7
AIR105101,2025-09-15,Gujarat,Gujarat City 3,Prepaid,1,Slow Internet,Resolved,30.3,3.69,36
AIR105102,2025-10-15,Rajasthan,Rajasthan City 2,Prepaid,0,Slow Internet,No Complaint,18.9,3.64,23
AIR105103,2025-11-15,Uttar Pradesh,Uttar Pradesh City 1,Broadband,1,Call Drops,Resolved,28.4,3.66,18
AIR105104,2025-12-15,Uttar Pradesh,Uttar Pradesh City 3,Postpaid,1,Slow Internet,Pending,13.9,3.75,22
AIR105105,2025-02-15,West Bengal,West Bengal City 1,Postpaid,1,Call Drops,Resolved,5.8,3.69,52
AIR105106,2025-03-15,Tamil Nadu,Tamil Nadu City 2,Postpaid,1,Network Issues,Resolved,1.6,3.49,19
AIR105107,2025-04-15,West Bengal,West Bengal City 2,Broadband,1,Call Drops,In Progress,6.6,2.98,7
AIR105108,2025-05-15,Rajasthan,Rajasthan City 2,Postpaid,0,Network Issues,No Complaint,15.6,3.31,12
AIR105109,2025-06-15,Gujarat,Gujarat City 2,Postpaid,1,Network Issues,In Progress,17.4,3.87,22
AIR105110,2025-07-15,Uttar Pradesh,Uttar Pradesh City 2,Postpaid,0,Billing Issues,No Complaint,1.9,3.33,8
AIR105111,2025-08-15,Kerala,Kerala City 1,Postpaid,0,Slow Internet,No Complaint,12.8,3.51,3
AIR105112,2025-09-15,Gujarat,Gujarat City 1,Prepaid,0,Slow Internet,No Complaint,12.3,4.36,64
AIR105113,2025-10-15,Gujarat,Gujarat City 1,Prepaid,1,Network Issues,Resolved,25.4,3.88,42
AIR105114,2025-11-15,Rajasthan,Rajasthan City 1,Prepaid,1,Network Issues,Resolved,52.8,4.11,39
AIR105115,2025-12-15,Delhi,Delhi City 3,Prepaid,0,Network Issues,No Complaint,9.5,3.64,34
AIR105116,2025-02-15,Karnataka,Karnataka City 3,Postpaid,0,Network Issues,No Complaint,5.5,3.37,6
AIR105117,2025-03-15,Rajasthan,Rajasthan City 1,Postpaid,0,Network Issues,No Complaint,19.6,4.01,28
AIR105118,2025-04-15,Karnataka,Karnataka City 3,Enterprise,0,Network Issues,No Complaint,31,2.92,-7
AIR105119,2025-05-15,Uttar Pradesh,Uttar Pradesh City 3,Prepaid,0,Others,No Complaint,22.1,3.4,13
AIR105120,2025-06-15,Rajasthan,Rajasthan City 2,Postpaid,0,Call Drops,No Complaint,11.2,2.93,-27
AIR105121,2025-07-15,Karnataka,Karnataka City 1,Postpaid,0,Call Drops,No Complaint,7.2,4.07,41
AIR105122,2025-08-15,West Bengal,West Bengal City 3,Prepaid,1,Network Issues,Resolved,27.4,4.01,35
AIR105123,2025-09-15,Rajasthan,Rajasthan City 3,Postpaid,0,Others,No Complaint,9.5,3.68,43
AIR105124,2025-10-15,Uttar Pradesh,Uttar Pradesh City 1,Enterprise,1,Call Drops,Resolved,7.5,3.32,8
AIR105125,2025-11-15,Rajasthan,Rajasthan City 2,Prepaid,0,Network Issues,No Complaint,37.1,3.89,25
AIR105126,2025-12-15,Uttar Pradesh,Uttar Pradesh City 1,Postpaid,0,Network Issues,No Complaint,47.6,3.6,35
AIR105127,2025-02-15,Rajasthan,Rajasthan City 2,Prepaid,0,Network Issues,No Complaint,46.5,3.93,35
AIR105128,2025-03-15,Karnataka,Karnataka City 3,Prepaid,1,Slow Internet,In Progress,4,3.38,8
AIR105129,2025-04-15,Delhi,Delhi City 2,Postpaid,0,Slow Internet,No Complaint,11.2,3.99,32
AIR105130,2025-05-15,Telangana,Telangana City 2,Broadband,0,Call Drops,No Complaint,21.1,4.02,47
AIR105131,2025-06-15,Karnataka,Karnataka City 1,Postpaid,0,Network Issues,No Complaint,2.5,3.14,-6
AIR105132,2025-07-15,Tamil Nadu,Tamil Nadu City 3,Postpaid,1,Network Issues,Pending,27,3.55,35
AIR105133,2025-08-15,Maharashtra,Maharashtra City 1,Broadband,0,Network Issues,No Complaint,13.1,3.66,31
AIR105134,2025-09-15,Delhi,Delhi City 1,Prepaid,1,Network Issues,Resolved,7.8,4.04,47
AIR105135,2025-10-15,West Bengal,West Bengal City 3,Postpaid,0,Call Drops,No Complaint,34.8,4.03,38
AIR105136,2025-11-15,Gujarat,Gujarat City 1,Postpaid,1,Network Issues,In Progress,25.2,3.06,7
AIR105137,2025-12-15,Karnataka,Karnataka City 1,Broadband,1,Network Issues,Resolved,22.4,3.61,25
AIR105138,2025-02-15,Rajasthan,Rajasthan City 2,Postpaid,0,Network Issues,No Complaint,17.9,3.69,10
AIR105139,2025-03-15,Karnataka,Karnataka City 1,Broadband,0,Network Issues,No Complaint,9.3,3.68,27
AIR105140,2025-04-15,Kerala,Kerala City 3,Prepaid,0,Network Issues,No Complaint,6.4,3.72,11
AIR105141,2025-05-15,Delhi,Delhi City 1,Postpaid,1,Call Drops,In Progress,27.8,3.54,20
AIR105142,2025-06-15,Telangana,Telangana City 2,Postpaid,0,Billing Issues,No Complaint,9.3,3.96,24
AIR105143,2025-07-15,West Bengal,West Bengal City 1,Postpaid,0,Billing Issues,No Complaint,15.1,4.19,35
AIR105144,2025-08-15,Kerala,Kerala City 1,Postpaid,0,Billing Issues,No Complaint,20.5,3.2,7
AIR105145,2025-09-15,Uttar Pradesh,Uttar Pradesh City 1,Prepaid,0,Network Issues,No Complaint,35.8,3.9,37
AIR105146,2025-10-15,Kerala,Kerala City 2,Prepaid,0,Call Drops,No Complaint,16.8,3.8,1
AIR105147,2025-11-15,Karnataka,Karnataka City 3,Prepaid,0,Network Issues,No Complaint,16,3.8,12
AIR105148,2025-12-15,West Bengal,West Bengal City 3,Broadband,1,Network Issues,Resolved,15,3.4,7
AIR105149,2025-02-15,Karnataka,Karnataka City 2,Broadband,0,Call Drops,No Complaint,4.2,3.13,9
AIR105150,2025-03-15,Uttar Pradesh,Uttar Pradesh City 2,Prepaid,0,Call Drops,No Complaint,33.8,3.65,39
AIR105151,2025-04-15,Gujarat,Gujarat City 1,Broadband,1,Billing Issues,Resolved,8.2,3.71,10
AIR105152,2025-05-15,West Bengal,West Bengal City 3,Prepaid,0,Slow Internet,No Complaint,20.7,3.11,-1
AIR105153,2025-06-15,Gujarat,Gujarat City 2,Prepaid,1,Slow Internet,Resolved,9.2,3.11,10
AIR105154,2025-07-15,Delhi,Delhi City 3,Prepaid,1,Network Issues,Resolved,27.8,4.87,60
AIR105155,2025-08-15,Delhi,Delhi City 1,Broadband,0,Network Issues,No Complaint,7.5,3.1,22
AIR105156,2025-09-15,Gujarat,Gujarat City 2,Postpaid,1,Slow Internet,Resolved,10.5,3.55,26
AIR105157,2025-10-15,Delhi,Delhi City 3,Prepaid,1,Slow Internet,Resolved,7.8,3.44,4
AIR105158,2025-11-15,West Bengal,West Bengal City 3,Postpaid,0,Call Drops,No Complaint,38.3,4.21,53
AIR105159,2025-12-15,Rajasthan,Rajasthan City 1,Prepaid,0,Slow Internet,No Complaint,15.1,3.51,15
AIR105160,2025-02-15,Tamil Nadu,Tamil Nadu City 2,Prepaid,1,Billing Issues,Resolved,42.9,3.65,14
AIR105161,2025-03-15,Delhi,Delhi City 3,Prepaid,0,Network Issues,No Complaint,18,3.86,36
AIR105162,2025-04-15,Delhi,Delhi City 1,Prepaid,1,Call Drops,Resolved,44.6,3.8,29
AIR105163,2025-05-15,Karnataka,Karnataka City 3,Broadband,1,Network Issues,Resolved,10.8,3.42,12
AIR105164,2025-06-15,Gujarat,Gujarat City 1,Postpaid,0,Slow Internet,No Complaint,18.9,3.39,47
AIR105165,2025-07-15,Maharashtra,Maharashtra City 3,Prepaid,0,Slow Internet,No Complaint,6.4,4.15,49
AIR105166,2025-08-15,Telangana,Telangana City 3,Prepaid,0,Network Issues,No Complaint,35.2,3.67,28
AIR105167,2025-09-15,Kerala,Kerala City 1,Prepaid,1,Network Issues,Pending,18.8,3.49,25
AIR105168,2025-10-15,Delhi,Delhi City 2,Prepaid,0,Billing Issues,No Complaint,13.8,3.64,30
AIR105169,2025-11-15,Kerala,Kerala City 1,Postpaid,0,Others,No Complaint,11.7,3.81,27
AIR105170,2025-12-15,West Bengal,West Bengal City 2,Prepaid,0,Slow Internet,No Complaint,3.4,3.67,28
AIR105171,2025-02-15,Maharashtra,Maharashtra City 3,Postpaid,0,Network Issues,No Complaint,9.5,4.04,57
AIR105172,2025-03-15,Telangana,Telangana City 3,Prepaid,1,Call Drops,Resolved,61.9,3.36,13
AIR105173,2025-04-15,Gujarat,Gujarat City 1,Prepaid,1,Slow Internet,Resolved,6.6,4.11,40
AIR105174,2025-05-15,Tamil Nadu,Tamil Nadu City 1,Broadband,0,Billing Issues,No Complaint,13.6,2.71,-17
AIR105175,2025-06-15,Telangana,Telangana City 2,Prepaid,0,Network Issues,No Complaint,9.6,3.3,2
AIR105176,2025-07-15,Telangana,Telangana City 2,Prepaid,0,Network Issues,No Complaint,9.9,3.31,8
AIR105177,2025-08-15,Tamil Nadu,Tamil Nadu City 2,Prepaid,1,Slow Internet,In Progress,13.5,3.05,2
AIR105178,2025-09-15,Rajasthan,Rajasthan City 1,Prepaid,1,Slow Internet,Pending,21.7,3.55,20
AIR105179,2025-10-15,Gujarat,Gujarat City 3,Prepaid,0,Slow Internet,No Complaint,30.9,3.15,9
AIR105180,2025-11-15,Karnataka,Karnataka City 1,Prepaid,1,Call Drops,Pending,10.4,3.03,-8
AIR105181,2025-12-15,Kerala,Kerala City 3,Broadband,0,Network Issues,No Complaint,14.1,3.93,24
AIR105182,2025-02-15,Delhi,Delhi City 1,Postpaid,0,Slow Internet,No Complaint,53.5,4.13,29
AIR105183,2025-03-15,Telangana,Telangana City 1,Postpaid,0,Network Issues,No Complaint,8.6,3.65,24
AIR105184,2025-04-15,West Bengal,West Bengal City 2,Postpaid,1,Billing Issues,Resolved,36.7,3.34,14
AIR105185,2025-05-15,Tamil Nadu,Tamil Nadu City 3,Postpaid,0,Network Issues,No Complaint,17.9,4.32,54
AIR105186,2025-06-15,Kerala,Kerala City 1,Prepaid,0,Slow Internet,No Complaint,9.8,3.56,11
AIR105187,2025-07-15,Maharashtra,Maharashtra City 1,Prepaid,0,Call Drops,No Complaint,15.4,4.18,41
AIR105188,2025-08-15,Tamil Nadu,Tamil Nadu City 3,Prepaid,0,Slow Internet,No Complaint,9,3.59,0
AIR105189,2025-09-15,Maharashtra,Maharashtra City 1,Postpaid,0,Network Issues,No Complaint,20.2,2.95,-15
AIR105190,2025-10-15,Gujarat,Gujarat City 3,Prepaid,0,Network Issues,No Complaint,7.9,3.01,-7
AIR105191,2025-11-15,Telangana,Telangana City 2,Prepaid,0,Billing Issues,No Complaint,25.2,3.69,33
AIR105192,2025-12-15,West Bengal,West Bengal City 2,Prepaid,0,Call Drops,No Complaint,26.5,3.36,16
AIR105193,2025-02-15,Delhi,Delhi City 3,Prepaid,0,Slow Internet,No Complaint,21.4,3.38,20
AIR105194,2025-03-15,Maharashtra,Maharashtra City 2,Prepaid,0,Call Drops,No Complaint,42.3,4.02,32
AIR105195,2025-04-15,Kerala,Kerala City 3,Prepaid,1,Network Issues,Pending,7.7,3.94,17
AIR105196,2025-05-15,Rajasthan,Rajasthan City 1,Prepaid,0,Slow Internet,No Complaint,49.4,3.28,0
AIR105197,2025-06-15,Gujarat,Gujarat City 1,Prepaid,0,Network Issues,No Complaint,34.5,3.76,49
AIR105198,2025-07-15,Rajasthan,Rajasthan City 3,Prepaid,0,Call Drops,No Complaint,28.8,4.17,50
AIR105199,2025-08-15,Gujarat,Gujarat City 1,Prepaid,0,Call Drops,No Complaint,13.5,3.31,-20
AIR105200,2025-09-15,Karnataka,Karnataka City 2,Prepaid,1,Billing Issues,Resolved,69.1,3.89,32
AIR105201,2025-10-15,Kerala,Kerala City 1,Postpaid,0,Call Drops,No Complaint,19.7,3.8,33
AIR105202,2025-11-15,Rajasthan,Rajasthan City 1,Prepaid,0,Billing Issues,No Complaint,18.8,4.07,47
AIR105203,2025-12-15,West Bengal,West Bengal City 3,Prepaid,0,Network Issues,No Complaint,7.5,3.28,6
AIR105204,2025-02-15,Telangana,Telangana City 2,Prepaid,0,Network Issues,No Complaint,19.8,4.48,62
AIR105205,2025-03-15,Tamil Nadu,Tamil Nadu City 1,Prepaid,1,Slow Internet,Resolved,9.8,4.14,45
AIR105206,2025-04-15,Delhi,Delhi City 1,Prepaid,0,Network Issues,No Complaint,18.8,4.3,54
AIR105207,2025-05-15,Telangana,Telangana City 3,Enterprise,0,Slow Internet,No Complaint,38.5,3.2,2
AIR105208,2025-06-15,Telangana,Telangana City 3,Broadband,0,Others,No Complaint,21.3,3.79,15
AIR105209,2025-07-15,Gujarat,Gujarat City 2,Prepaid,0,Network Issues,No Complaint,12.8,3.56,18
AIR105210,2025-08-15,West Bengal,West Bengal City 1,Postpaid,1,Call Drops,Resolved,9.6,3.85,25
AIR105211,2025-09-15,Gujarat,Gujarat City 3,Prepaid,1,Network Issues,Resolved,19.5,3.35,11
AIR105212,2025-10-15,Uttar Pradesh,Uttar Pradesh City 3,Prepaid,0,Slow Internet,No Complaint,19,3.16,4
AIR105213,2025-11-15,Maharashtra,Maharashtra City 3,Postpaid,1,Network Issues,Pending,14.6,4.04,30
AIR105214,2025-12-15,Delhi,Delhi City 2,Prepaid,0,Network Issues,No Complaint,24.4,3.57,12
AIR105215,2025-02-15,Maharashtra,Maharashtra City 3,Prepaid,0,Billing Issues,No Complaint,12.6,3.28,13
AIR105216,2025-03-15,Tamil Nadu,Tamil Nadu City 2,Postpaid,0,Network Issues,No Complaint,20.7,3.39,30
AIR105217,2025-04-15,Uttar Pradesh,Uttar Pradesh City 2,Postpaid,0,Slow Internet,No Complaint,28.9,3.29,14
AIR105218,2025-05-15,Kerala,Kerala City 1,Enterprise,0,Slow Internet,No Complaint,50,2.95,4
AIR105219,2025-06-15,Tamil Nadu,Tamil Nadu City 1,Postpaid,0,Slow Internet,No Complaint,17,3.72,25
AIR105220,2025-07-15,Tamil Nadu,Tamil Nadu City 2,Postpaid,1,Slow Internet,Pending,10.3,2.68,-12
AIR105221,2025-08-15,Karnataka,Karnataka City 1,Prepaid,1,Call Drops,In Progress,5.3,3.44,17
AIR105222,2025-09-15,Delhi,Delhi City 1,Prepaid,1,Slow Internet,In Progress,13.9,3.98,43
AIR105223,2025-10-15,Gujarat,Gujarat City 3,Postpaid,0,Network Issues,No Complaint,6.3,4.53,43
AIR105224,2025-11-15,West Bengal,West Bengal City 1,Enterprise,1,Network Issues,Resolved,12.7,4.52,58
AIR105225,2025-12-15,Maharashtra,Maharashtra City 2,Prepaid,0,Network Issues,No Complaint,7.8,4.56,48
AIR105226,2025-02-15,Tamil Nadu,Tamil Nadu City 1,Enterprise,0,Slow Internet,No Complaint,34.8,3.17,24
AIR105227,2025-03-15,Maharashtra,Maharashtra City 3,Prepaid,1,Network Issues,Resolved,27.5,3.87,27
AIR105228,2025-04-15,Maharashtra,Maharashtra City 2,Prepaid,0,Billing Issues,No Complaint,25.6,3.11,-7
AIR105229,2025-05-15,Kerala,Kerala City 1,Prepaid,0,Network Issues,No Complaint,23.1,3.69,23
AIR105230,2025-06-15,Delhi,Delhi City 2,Postpaid,0,Network Issues,No Complaint,30.8,3.39,13
AIR105231,2025-07-15,Delhi,Delhi City 1,Postpaid,1,Network Issues,Resolved,8.1,3.22,-13
AIR105232,2025-08-15,Rajasthan,Rajasthan City 3,Prepaid,0,Network Issues,No Complaint,16.9,3.38,22
AIR105233,2025-09-15,Telangana,Telangana City 1,Broadband,0,Slow Internet,No Complaint,23,3.01,11
AIR105234,2025-10-15,Delhi,Delhi City 2,Postpaid,0,Network Issues,No Complaint,10.8,3.29,1
AIR105235,2025-11-15,Maharashtra,Maharashtra City 2,Postpaid,1,Call Drops,Pending,17.5,3.59,18
AIR105236,2025-12-15,Gujarat,Gujarat City 2,Postpaid,0,Slow Internet,No Complaint,3.9,3.23,6
AIR105237,2025-02-15,Maharashtra,Maharashtra City 1,Prepaid,0,Others,No Complaint,23.8,3.69,14
AIR105238,2025-03-15,Gujarat,Gujarat City 1,Postpaid,1,Call Drops,Resolved,12.6,3.79,26
AIR105239,2025-04-15,Rajasthan,Rajasthan City 1,Prepaid,0,Slow Internet,No Complaint,17.4,3.68,21
AIR105240,2025-05-15,Gujarat,Gujarat City 3,Prepaid,0,Billing Issues,No Complaint,27.9,3.14,-1
AIR105241,2025-06-15,Delhi,Delhi City 3,Postpaid,0,Others,No Complaint,28.6,3.56,23
AIR105242,2025-07-15,Kerala,Kerala City 3,Broadband,1,Slow Internet,Resolved,27.4,3.5,31
AIR105243,2025-08-15,Gujarat,Gujarat City 2,Postpaid,1,Slow Internet,Resolved,13.9,3.76,22
AIR105244,2025-09-15,Maharashtra,Maharashtra City 2,Postpaid,1,Network Issues,Pending,10.2,2.84,-5
AIR105245,2025-10-15,West Bengal,West Bengal City 2,Postpaid,0,Call Drops,No Complaint,4.7,3.68,19
AIR105246,2025-11-15,Delhi,Delhi City 2,Prepaid,0,Billing Issues,No Complaint,17.9,3.2,20
AIR105247,2025-12-15,West Bengal,West Bengal City 2,Broadband,0,Network Issues,No Complaint,4.8,3.24,-10
AIR105248,2025-02-15,Uttar Pradesh,Uttar Pradesh City 1,Prepaid,0,Network Issues,No Complaint,19.2,2.4,-26
AIR105249,2025-03-15,Uttar Pradesh,Uttar Pradesh City 2,Prepaid,0,Billing Issues,No Complaint,20,3.35,16
AIR105250,2025-04-15,Maharashtra,Maharashtra City 1,Prepaid,0,Network Issues,No Complaint,3.6,4.58,55
AIR105251,2025-05-15,Uttar Pradesh,Uttar Pradesh City 3,Prepaid,0,Network Issues,No Complaint,35.5,3.93,45
AIR105252,2025-06-15,Telangana,Telangana City 3,Prepaid,1,Billing Issues,Resolved,16.5,3.43,34
AIR105253,2025-07-15,Rajasthan,Rajasthan City 3,Prepaid,1,Slow Internet,Pending,3.2,3.6,25
AIR105254,2025-08-15,Delhi,Delhi City 3,Prepaid,0,Slow Internet,No Complaint,6,3.62,32
AIR105255,2025-09-15,West Bengal,West Bengal City 3,Postpaid,0,Others,No Complaint,6.3,3.6,36
AIR105256,2025-10-15,Maharashtra,Maharashtra City 2,Postpaid,1,Network Issues,In Progress,22.4,3.33,13
AIR105257,2025-11-15,Telangana,Telangana City 2,Postpaid,1,Call Drops,Resolved,11.1,3.86,44
AIR105258,2025-12-15,Maharashtra,Maharashtra City 2,Prepaid,0,Slow Internet,No Complaint,21,4.19,34
AIR105259,2025-02-15,Telangana,Telangana City 3,Postpaid,0,Slow Internet,No Complaint,23.1,2.99,-9
AIR105260,2025-03-15,Uttar Pradesh,Uttar Pradesh City 3,Prepaid,0,Network Issues,No Complaint,34.2,3.52,12
AIR105261,2025-04-15,Uttar Pradesh,Uttar Pradesh City 1,Postpaid,0,Slow Internet,No Complaint,3.6,3.93,29
AIR105262,2025-05-15,Gujarat,Gujarat City 2,Prepaid,0,Call Drops,No Complaint,11,4.35,49
AIR105263,2025-06-15,Karnataka,Karnataka City 3,Postpaid,0,Others,No Complaint,26,3.81,22
AIR105264,2025-07-15,Maharashtra,Maharashtra City 3,Prepaid,0,Network Issues,No Complaint,9.6,3.32,6
AIR105265,2025-08-15,Gujarat,Gujarat City 3,Postpaid,0,Others,No Complaint,27.3,3.16,13
AIR105266,2025-09-15,Delhi,Delhi City 1,Broadband,0,Network Issues,No Complaint,23.7,3.94,25
AIR105267,2025-10-15,Gujarat,Gujarat City 3,Postpaid,1,Call Drops,Resolved,14.9,3.58,6
AIR105268,2025-11-15,Tamil Nadu,Tamil Nadu City 1,Prepaid,0,Slow Internet,No Complaint,16.7,4,45
AIR105269,2025-12-15,Uttar Pradesh,Uttar Pradesh City 1,Prepaid,0,Network Issues,No Complaint,17.9,4.23,38
AIR105270,2025-02-15,Tamil Nadu,Tamil Nadu City 2,Broadband,0,Slow Internet,No Complaint,19.2,2.83,-6
AIR105271,2025-03-15,Maharashtra,Maharashtra City 3,Prepaid,0,Slow Internet,No Complaint,27.2,3.91,36
AIR105272,2025-04-15,West Bengal,West Bengal City 1,Broadband,0,Slow Internet,No Complaint,7.3,4.53,53
AIR105273,2025-05-15,West Bengal,West Bengal City 3,Prepaid,1,Network Issues,Resolved,13.7,2.83,11
AIR105274,2025-06-15,Delhi,Delhi City 2,Enterprise,0,Billing Issues,No Complaint,4.7,3.26,10
AIR105275,2025-07-15,Gujarat,Gujarat City 2,Broadband,1,Network Issues,Pending,26.5,3.19,-5
AIR105276,2025-08-15,West Bengal,West Bengal City 1,Postpaid,0,Call Drops,No Complaint,5.9,3.63,42
AIR105277,2025-09-15,Telangana,Telangana City 2,Prepaid,1,Network Issues,Resolved,29.5,4.05,42
AIR105278,2025-10-15,Telangana,Telangana City 2,Prepaid,0,Network Issues,No Complaint,19.6,3.17,7
AIR105279,2025-11-15,Delhi,Delhi City 2,Broadband,0,Call Drops,No Complaint,10.2,3.7,42
AIR105280,2025-12-15,Rajasthan,Rajasthan City 3,Broadband,0,Billing Issues,No Complaint,16.6,3.3,21
AIR105281,2025-02-15,Uttar Pradesh,Uttar Pradesh City 3,Prepaid,0,Slow Internet,No Complaint,8.9,3.66,26
AIR105282,2025-03-15,Gujarat,Gujarat City 1,Prepaid,0,Call Drops,No Complaint,27.9,3.35,20
AIR105283,2025-04-15,Maharashtra,Maharashtra City 1,Broadband,0,Call Drops,No Complaint,59.6,3.77,18
AIR105284,2025-05-15,Kerala,Kerala City 2,Postpaid,0,Slow Internet,No Complaint,8.4,3.28,26
AIR105285,2025-06-15,Kerala,Kerala City 2,Broadband,0,Network Issues,No Complaint,16.6,3.93,27
AIR105286,2025-07-15,Kerala,Kerala City 1,Broadband,0,Call Drops,No Complaint,31,4.14,42
AIR105287,2025-08-15,West Bengal,West Bengal City 2,Broadband,0,Others,No Complaint,5,2.92,-14
AIR105288,2025-09-15,Rajasthan,Rajasthan City 1,Prepaid,0,Network Issues,No Complaint,27.5,3.16,-3
AIR105289,2025-10-15,Rajasthan,Rajasthan City 3,Prepaid,0,Slow Internet,No Complaint,8.6,3.62,14
AIR105290,2025-11-15,Gujarat,Gujarat City 2,Prepaid,0,Call Drops,No Complaint,15.1,3.35,4
AIR105291,2025-12-15,Gujarat,Gujarat City 2,Broadband,0,Network Issues,No Complaint,19.2,4.48,56
AIR105292,2025-02-15,Rajasthan,Rajasthan City 2,Postpaid,0,Network Issues,No Complaint,13,2.93,5
AIR105293,2025-03-15,Delhi,Delhi City 3,Prepaid,0,Slow Internet,No Complaint,18.7,3.24,23
AIR105294,2025-04-15,Gujarat,Gujarat City 3,Prepaid,0,Slow Internet,No Complaint,17.9,4.07,51
AIR105295,2025-05-15,Delhi,Delhi City 2,Prepaid,0,Call Drops,No Complaint,4.3,3.18,5
AIR105296,2025-06-15,Tamil Nadu,Tamil Nadu City 1,Broadband,0,Slow Internet,No Complaint,14.9,3.3,15
AIR105297,2025-07-15,Telangana,Telangana City 3,Postpaid,0,Network Issues,No Complaint,6.8,3.22,2
AIR105298,2025-08-15,Uttar Pradesh,Uttar Pradesh City 2,Postpaid,0,Others,No Complaint,7.6,4.02,30
AIR105299,2025-09-15,Gujarat,Gujarat City 2,Prepaid,1,Call Drops,In Progress,27,3.93,28
AIR105300,2025-10-15,Rajasthan,Rajasthan City 3,Broadband,0,Call Drops,No Complaint,66.6,4.26,38
AIR105301,2025-11-15,Telangana,Telangana City 1,Prepaid,0,Network Issues,No Complaint,23.6,3.62,4
AIR105302,2025-12-15,Telangana,Telangana City 2,Postpaid,0,Slow Internet,No Complaint,25.1,3.2,13
AIR105303,2025-02-15,Karnataka,Karnataka City 1,Prepaid,0,Slow Internet,No Complaint,11,3.78,35
AIR105304,2025-03-15,Rajasthan,Rajasthan City 1,Prepaid,1,Billing Issues,Resolved,12.2,3.8,35
AIR105305,2025-04-15,Uttar Pradesh,Uttar Pradesh City 3,Prepaid,0,Network Issues,No Complaint,19.8,2.99,-8
AIR105306,2025-05-15,Rajasthan,Rajasthan City 2,Postpaid,1,Slow Internet,Resolved,21.3,3.97,43
AIR105307,2025-06-15,Gujarat,Gujarat City 2,Postpaid,0,Call Drops,No Complaint,2.9,3.63,6
AIR105308,2025-07-15,Maharashtra,Maharashtra City 1,Prepaid,0,Slow Internet,No Complaint,13.4,4.06,29
AIR105309,2025-08-15,Tamil Nadu,Tamil Nadu City 3,Prepaid,0,Slow Internet,No Complaint,11.7,3,2
AIR105310,2025-09-15,Delhi,Delhi City 3,Broadband,0,Slow Internet,No Complaint,5.2,3.17,21
AIR105311,2025-10-15,Maharashtra,Maharashtra City 3,Prepaid,0,Network Issues,No Complaint,16.6,3.73,19
AIR105312,2025-11-15,Tamil Nadu,Tamil Nadu City 1,Prepaid,0,Slow Internet,No Complaint,6,4.37,52
AIR105313,2025-12-15,Maharashtra,Maharashtra City 1,Prepaid,0,Call Drops,No Complaint,40.9,3.04,7
AIR105314,2025-02-15,Delhi,Delhi City 2,Broadband,0,Others,No Complaint,4.6,3.69,24
AIR105315,2025-03-15,West Bengal,West Bengal City 3,Prepaid,0,Call Drops,No Complaint,20.6,3.52,26
AIR105316,2025-04-15,Rajasthan,Rajasthan City 1,Enterprise,1,Slow Internet,Resolved,6.3,3.84,9
AIR105317,2025-05-15,Maharashtra,Maharashtra City 3,Prepaid,1,Network Issues,Resolved,26.7,4.14,20
AIR105318,2025-06-15,Gujarat,Gujarat City 1,Prepaid,1,Network Issues,Resolved,11.5,2.99,22
AIR105319,2025-07-15,Uttar Pradesh,Uttar Pradesh City 2,Prepaid,1,Call Drops,Resolved,4.8,2.74,-3
AIR105320,2025-08-15,Kerala,Kerala City 3,Postpaid,1,Call Drops,Resolved,12,3.16,7
AIR105321,2025-09-15,Gujarat,Gujarat City 1,Prepaid,0,Slow Internet,No Complaint,20.7,3.36,19
AIR105322,2025-10-15,Delhi,Delhi City 3,Postpaid,0,Call Drops,No Complaint,16.1,3.11,-10
AIR105323,2025-11-15,Uttar Pradesh,Uttar Pradesh City 1,Prepaid,1,Billing Issues,In Progress,20.1,3.36,-4
AIR105324,2025-12-15,Gujarat,Gujarat City 1,Prepaid,0,Slow Internet,No Complaint,19.3,3.51,30
AIR105325,2025-02-15,Telangana,Telangana City 1,Broadband,0,Slow Internet,No Complaint,38.4,3.71,24
AIR105326,2025-03-15,Rajasthan,Rajasthan City 3,Postpaid,0,Network Issues,No Complaint,10.2,4.11,37
AIR105327,2025-04-15,Uttar Pradesh,Uttar Pradesh City 1,Prepaid,1,Slow Internet,Resolved,6.5,3.27,12
AIR105328,2025-05-15,Telangana,Telangana City 2,Postpaid,0,Network Issues,No Complaint,4.7,4.13,34
AIR105329,2025-06-15,Gujarat,Gujarat City 3,Postpaid,1,Network Issues,Resolved,9.4,3.02,-8
AIR105330,2025-07-15,Tamil Nadu,Tamil Nadu City 2,Prepaid,1,Network Issues,In Progress,7,3.85,15
AIR105331,2025-08-15,Karnataka,Karnataka City 2,Postpaid,1,Slow Internet,In Progress,11.6,3.14,8
AIR105332,2025-09-15,Tamil Nadu,Tamil Nadu City 3,Prepaid,1,Network Issues,Pending,25.2,4.24,33
AIR105333,2025-10-15,Rajasthan,Rajasthan City 1,Postpaid,0,Network Issues,No Complaint,1.1,2.9,15
AIR105334,2025-11-15,Uttar Pradesh,Uttar Pradesh City 2,Postpaid,0,Network Issues,No Complaint,29.8,4.65,56
AIR105335,2025-12-15,Uttar Pradesh,Uttar Pradesh City 3,Prepaid,1,Call Drops,Resolved,19.9,3.71,37
AIR105336,2025-02-15,Rajasthan,Rajasthan City 1,Prepaid,1,Network Issues,Resolved,45.1,3.19,1
AIR105337,2025-03-15,Telangana,Telangana City 3,Prepaid,0,Call Drops,No Complaint,53.1,3.51,18
AIR105338,2025-04-15,Karnataka,Karnataka City 3,Enterprise,1,Slow Internet,In Progress,19.6,4.23,40
AIR105339,2025-05-15,Gujarat,Gujarat City 3,Postpaid,1,Others,Resolved,4.3,3.73,-3
AIR105340,2025-06-15,Delhi,Delhi City 1,Prepaid,1,Others,Resolved,17.5,3.18,-2
AIR105341,2025-07-15,Tamil Nadu,Tamil Nadu City 2,Prepaid,1,Network Issues,In Progress,11.7,4.18,26
AIR105342,2025-08-15,Tamil Nadu,Tamil Nadu City 2,Prepaid,0,Others,No Complaint,16.9,3.44,27
AIR105343,2025-09-15,Kerala,Kerala City 3,Postpaid,0,Call Drops,No Complaint,7.2,3.81,31
AIR105344,2025-10-15,Karnataka,Karnataka City 3,Postpaid,0,Slow Internet,No Complaint,22.1,4.02,38
AIR105345,2025-11-15,Delhi,Delhi City 1,Enterprise,0,Network Issues,No Complaint,47.3,3.98,25
AIR105346,2025-12-15,Tamil Nadu,Tamil Nadu City 3,Prepaid,0,Others,No Complaint,16.9,3.42,20
AIR105347,2025-02-15,Delhi,Delhi City 3,Postpaid,0,Network Issues,No Complaint,4.6,3.66,26
AIR105348,2025-03-15,Gujarat,Gujarat City 3,Postpaid,0,Network Issues,No Complaint,7.8,3.94,47
AIR105349,2025-04-15,Uttar Pradesh,Uttar Pradesh City 2,Broadband,0,Network Issues,No Complaint,24.3,4.27,48
AIR105350,2025-05-15,Delhi,Delhi City 3,Prepaid,0,Network Issues,No Complaint,23.7,3.16,7
AIR105351,2025-06-15,Tamil Nadu,Tamil Nadu City 2,Postpaid,0,Call Drops,No Complaint,11.6,3.91,36
AIR105352,2025-07-15,Telangana,Telangana City 1,Prepaid,0,Billing Issues,No Complaint,26.9,3.83,6
AIR105353,2025-08-15,Karnataka,Karnataka City 1,Prepaid,0,Call Drops,No Complaint,13.3,3.49,41
AIR105354,2025-09-15,Rajasthan,Rajasthan City 2,Broadband,0,Slow Internet,No Complaint,14.3,3.15,9
AIR105355,2025-10-15,Maharashtra,Maharashtra City 2,Broadband,0,Network Issues,No Complaint,38.7,2.99,-8
AIR105356,2025-11-15,West Bengal,West Bengal City 2,Postpaid,0,Slow Internet,No Complaint,15.8,3.97,19
AIR105357,2025-12-15,West Bengal,West Bengal City 2,Prepaid,0,Slow Internet,No Complaint,11.8,2.67,-14
AIR105358,2025-02-15,Maharashtra,Maharashtra City 3,Broadband,1,Call Drops,Resolved,6,3.87,41
AIR105359,2025-03-15,Delhi,Delhi City 2,Prepaid,1,Network Issues,Resolved,7.9,3.75,52
AIR105360,2025-04-15,Karnataka,Karnataka City 2,Prepaid,0,Slow Internet,No Complaint,44.3,3.65,34
AIR105361,2025-05-15,Delhi,Delhi City 2,Postpaid,0,Slow Internet,No Complaint,6.7,3.84,39
AIR105362,2025-06-15,Rajasthan,Rajasthan City 3,Prepaid,0,Network Issues,No Complaint,17.5,4.11,45
AIR105363,2025-07-15,Karnataka,Karnataka City 3,Enterprise,0,Network Issues,No Complaint,6.3,3.38,-3
AIR105364,2025-08-15,Maharashtra,Maharashtra City 3,Prepaid,0,Slow Internet,No Complaint,6.1,2.74,-6
AIR105365,2025-09-15,Delhi,Delhi City 1,Prepaid,0,Slow Internet,No Complaint,15.1,3.51,19
AIR105366,2025-10-15,Kerala,Kerala City 3,Postpaid,0,Network Issues,No Complaint,36.2,3.09,17
AIR105367,2025-11-15,Tamil Nadu,Tamil Nadu City 2,Postpaid,0,Billing Issues,No Complaint,7.6,3.81,18
AIR105368,2025-12-15,Telangana,Telangana City 3,Postpaid,1,Slow Internet,Resolved,17.7,3.45,6
AIR105369,2025-02-15,Uttar Pradesh,Uttar Pradesh City 3,Prepaid,1,Slow Internet,Pending,6.5,3.09,3
AIR105370,2025-03-15,Telangana,Telangana City 2,Postpaid,0,Slow Internet,No Complaint,11.6,3.5,15
AIR105371,2025-04-15,Rajasthan,Rajasthan City 3,Prepaid,0,Network Issues,No Complaint,14.7,3.73,40
AIR105372,2025-05-15,Delhi,Delhi City 1,Prepaid,1,Slow Internet,Resolved,22.3,2.6,-7
AIR105373,2025-06-15,Gujarat,Gujarat City 3,Postpaid,1,Slow Internet,Resolved,31,3.68,32
AIR105374,2025-07-15,Karnataka,Karnataka City 1,Prepaid,0,Slow Internet,No Complaint,26.7,3.53,27
AIR105375,2025-08-15,Delhi,Delhi City 1,Enterprise,1,Slow Internet,Pending,21.5,3.31,-1
AIR105376,2025-09-15,Karnataka,Karnataka City 1,Postpaid,1,Network Issues,Resolved,17.1,3.59,16
AIR105377,2025-10-15,Uttar Pradesh,Uttar Pradesh City 2,Enterprise,1,Billing Issues,Pending,68.6,4.1,47
AIR105378,2025-11-15,Kerala,Kerala City 3,Prepaid,0,Slow Internet,No Complaint,28.3,3.36,11
AIR105379,2025-12-15,Telangana,Telangana City 1,Enterprise,0,Network Issues,No Complaint,14.9,3.52,12
AIR105380,2025-02-15,Tamil Nadu,Tamil Nadu City 1,Prepaid,0,Call Drops,No Complaint,8.4,3.45,43
AIR105381,2025-03-15,Uttar Pradesh,Uttar Pradesh City 3,Prepaid,1,Network Issues,In Progress,14.8,4.08,39
AIR105382,2025-04-15,Uttar Pradesh,Uttar Pradesh City 2,Prepaid,0,Billing Issues,No Complaint,26.4,3.6,22
AIR105383,2025-05-15,Telangana,Telangana City 2,Postpaid,0,Network Issues,No Complaint,32.5,3.26,16
AIR105384,2025-06-15,Uttar Pradesh,Uttar Pradesh City 1,Prepaid,0,Slow Internet,No Complaint,11.7,3.98,51
AIR105385,2025-07-15,Gujarat,Gujarat City 2,Postpaid,0,Billing Issues,No Complaint,10,3.89,29
AIR105386,2025-08-15,Gujarat,Gujarat City 3,Prepaid,0,Billing Issues,No Complaint,11.4,3.37,0
AIR105387,2025-09-15,West Bengal,West Bengal City 2,Prepaid,0,Slow Internet,No Complaint,5,3.79,15
AIR105388,2025-10-15,West Bengal,West Bengal City 3,Postpaid,0,Slow Internet,No Complaint,8.7,4.02,48
AIR105389,2025-11-15,Gujarat,Gujarat City 1,Prepaid,0,Network Issues,No Complaint,6.7,3.2,19
AIR105390,2025-12-15,Maharashtra,Maharashtra City 3,Postpaid,0,Slow Internet,No Complaint,3.5,3.33,13
AIR105391,2025-02-15,Kerala,Kerala City 1,Postpaid,0,Slow Internet,No Complaint,19.1,3.56,27
AIR105392,2025-03-15,Karnataka,Karnataka City 3,Broadband,1,Slow Internet,Resolved,35.4,4.34,49
AIR105393,2025-04-15,Kerala,Kerala City 3,Prepaid,0,Call Drops,No Complaint,6.7,3.74,29
AIR105394,2025-05-15,Rajasthan,Rajasthan City 2,Enterprise,0,Network Issues,No Complaint,60.9,3.89,22
AIR105395,2025-06-15,Uttar Pradesh,Uttar Pradesh City 3,Postpaid,0,Call Drops,No Complaint,8.5,3.77,17
AIR105396,2025-07-15,Tamil Nadu,Tamil Nadu City 1,Enterprise,1,Slow Internet,Pending,11.3,3.58,26
AIR105397,2025-08-15,Uttar Pradesh,Uttar Pradesh City 3,Prepaid,1,Network Issues,Resolved,20.7,4.35,47
AIR105398,2025-09-15,Kerala,Kerala City 1,Postpaid,0,Network Issues,No Complaint,12.6,3.87,28
AIR105399,2025-10-15,Gujarat,Gujarat City 1,Broadband,0,Slow Internet,No Complaint,5.2,3.45,-5
AIR105400,2025-11-15,Telangana,Telangana City 3,Prepaid,0,Slow Internet,No Complaint,10.9,3.87,34
AIR105401,2025-12-15,Rajasthan,Rajasthan City 2,Postpaid,1,Slow Internet,Pending,16.2,4.13,50
AIR105402,2025-02-15,Gujarat,Gujarat City 3,Broadband,1,Slow Internet,Resolved,30.9,3.67,13
AIR105403,2025-03-15,Kerala,Kerala City 3,Postpaid,1,Network Issues,Resolved,12.9,3.66,30
AIR105404,2025-04-15,Telangana,Telangana City 2,Prepaid,0,Network Issues,No Complaint,4.1,3,-8
AIR105405,2025-05-15,Tamil Nadu,Tamil Nadu City 1,Postpaid,0,Network Issues,No Complaint,14.8,3.52,10
AIR105406,2025-06-15,Kerala,Kerala City 3,Prepaid,0,Network Issues,No Complaint,7,4.9,43
AIR105407,2025-07-15,Karnataka,Karnataka City 2,Broadband,1,Billing Issues,Resolved,20.5,4.22,20
AIR105408,2025-08-15,Delhi,Delhi City 2,Prepaid,0,Billing Issues,No Complaint,13.1,3.5,1
AIR105409,2025-09-15,Telangana,Telangana City 1,Prepaid,1,Slow Internet,In Progress,8,3.73,25
AIR105410,2025-10-15,Kerala,Kerala City 2,Prepaid,0,Network Issues,No Complaint,14.7,3.14,7
AIR105411,2025-11-15,Gujarat,Gujarat City 1,Postpaid,0,Call Drops,No Complaint,33.8,3.96,46
AIR105412,2025-12-15,Karnataka,Karnataka City 3,Enterprise,0,Slow Internet,No Complaint,12.8,3.3,10
AIR105413,2025-02-15,Maharashtra,Maharashtra City 2,Prepaid,0,Slow Internet,No Complaint,3.9,3.31,-10
AIR105414,2025-03-15,Telangana,Telangana City 3,Prepaid,1,Network Issues,Resolved,12.4,2.97,-4
AIR105415,2025-04-15,Karnataka,Karnataka City 2,Prepaid,0,Slow Internet,No Complaint,40.6,3.57,13
AIR105416,2025-05-15,Gujarat,Gujarat City 2,Broadband,0,Network Issues,No Complaint,31.4,4.26,49
AIR105417,2025-06-15,Kerala,Kerala City 3,Postpaid,1,Network Issues,Resolved,13.7,3.97,20
AIR105418,2025-07-15,Uttar Pradesh,Uttar Pradesh City 2,Prepaid,0,Network Issues,No Complaint,22.4,2.85,-9
AIR105419,2025-08-15,Tamil Nadu,Tamil Nadu City 3,Postpaid,0,Network Issues,No Complaint,26.5,3.83,24
AIR105420,2025-09-15,Uttar Pradesh,Uttar Pradesh City 3,Prepaid,0,Network Issues,No Complaint,7.4,3.01,-14
AIR105421,2025-10-15,Delhi,Delhi City 1,Prepaid,0,Call Drops,No Complaint,6.2,4.05,34
AIR105422,2025-11-15,Karnataka,Karnataka City 3,Prepaid,0,Billing Issues,No Complaint,18,3.02,-1
AIR105423,2025-12-15,Delhi,Delhi City 1,Broadband,0,Network Issues,No Complaint,9.4,4.17,69
AIR105424,2025-02-15,Tamil Nadu,Tamil Nadu City 3,Broadband,0,Network Issues,No Complaint,36.7,3.55,12
AIR105425,2025-03-15,Karnataka,Karnataka City 2,Postpaid,1,Billing Issues,Resolved,16.5,2.92,15
AIR105426,2025-04-15,West Bengal,West Bengal City 3,Prepaid,1,Slow Internet,Resolved,14.5,3.31,-10
AIR105427,2025-05-15,Gujarat,Gujarat City 2,Postpaid,0,Slow Internet,No Complaint,26.1,4.05,19
AIR105428,2025-06-15,Karnataka,Karnataka City 1,Prepaid,1,Network Issues,In Progress,23.8,3.88,30
AIR105429,2025-07-15,Gujarat,Gujarat City 2,Postpaid,0,Call Drops,No Complaint,17,3.89,41
AIR105430,2025-08-15,Uttar Pradesh,Uttar Pradesh City 3,Postpaid,1,Network Issues,Pending,15.5,3.36,14
AIR105431,2025-09-15,Rajasthan,Rajasthan City 2,Broadband,0,Slow Internet,No Complaint,18.9,3.19,-16
AIR105432,2025-10-15,Telangana,Telangana City 1,Prepaid,1,Network Issues,Resolved,20,2.78,-6
AIR105433,2025-11-15,Rajasthan,Rajasthan City 2,Postpaid,1,Network Issues,Resolved,20.5,4.03,26
AIR105434,2025-12-15,Kerala,Kerala City 2,Postpaid,0,Billing Issues,No Complaint,12.7,3.51,20
AIR105435,2025-02-15,Telangana,Telangana City 3,Prepaid,1,Network Issues,In Progress,20.4,3.74,22
AIR105436,2025-03-15,Telangana,Telangana City 3,Postpaid,0,Call Drops,No Complaint,19.6,3.81,30
AIR105437,2025-04-15,Maharashtra,Maharashtra City 2,Broadband,0,Network Issues,No Complaint,3.8,3.4,17
AIR105438,2025-05-15,Telangana,Telangana City 1,Broadband,1,Call Drops,Resolved,6.2,3.14,1
AIR105439,2025-06-15,Tamil Nadu,Tamil Nadu City 2,Postpaid,0,Network Issues,No Complaint,19.2,3.75,26
AIR105440,2025-07-15,Rajasthan,Rajasthan City 1,Prepaid,1,Slow Internet,Resolved,82.2,3.28,3
AIR105441,2025-08-15,Uttar Pradesh,Uttar Pradesh City 1,Broadband,1,Call Drops,Pending,12.9,3.69,28
AIR105442,2025-09-15,Gujarat,Gujarat City 1,Postpaid,0,Network Issues,No Complaint,13.2,3.59,23
AIR105443,2025-10-15,Kerala,Kerala City 2,Prepaid,0,Slow Internet,No Complaint,24.9,3.43,15
AIR105444,2025-11-15,Telangana,Telangana City 1,Prepaid,1,Billing Issues,In Progress,5.7,4.26,57
AIR105445,2025-12-15,Kerala,Kerala City 2,Prepaid,0,Slow Internet,No Complaint,6,3.75,15
AIR105446,2025-02-15,Uttar Pradesh,Uttar Pradesh City 1,Prepaid,0,Network Issues,No Complaint,1,3.83,6
AIR105447,2025-03-15,Kerala,Kerala City 1,Postpaid,0,Slow Internet,No Complaint,1.9,4.28,45
AIR105448,2025-04-15,Uttar Pradesh,Uttar Pradesh City 2,Prepaid,0,Network Issues,No Complaint,5.1,3.01,-20
AIR105449,2025-05-15,Telangana,Telangana City 3,Prepaid,1,Network Issues,Resolved,6.6,3.25,25
AIR105450,2025-06-15,Uttar Pradesh,Uttar Pradesh City 3,Prepaid,0,Network Issues,No Complaint,10.9,3.57,4
AIR105451,2025-07-15,Telangana,Telangana City 2,Postpaid,0,Network Issues,No Complaint,16.9,2.96,9
AIR105452,2025-08-15,Maharashtra,Maharashtra City 2,Prepaid,0,Call Drops,No Complaint,27.4,3.63,20
AIR105453,2025-09-15,Maharashtra,Maharashtra City 3,Prepaid,1,Slow Internet,Resolved,13.4,4.31,52
AIR105454,2025-10-15,Uttar Pradesh,Uttar Pradesh City 3,Prepaid,0,Call Drops,No Complaint,4.5,3.65,13
AIR105455,2025-11-15,Maharashtra,Maharashtra City 3,Postpaid,0,Billing Issues,No Complaint,11.7,3.28,-3
AIR105456,2025-12-15,Gujarat,Gujarat City 2,Prepaid,1,Network Issues,Resolved,26.8,4.35,51
AIR105457,2025-02-15,Gujarat,Gujarat City 1,Postpaid,0,Call Drops,No Complaint,39.3,3.62,24
AIR105458,2025-03-15,Maharashtra,Maharashtra City 2,Prepaid,0,Others,No Complaint,14.9,3.42,-14
AIR105459,2025-04-15,Maharashtra,Maharashtra City 3,Prepaid,0,Slow Internet,No Complaint,28.7,3.11,-5
AIR105460,2025-05-15,West Bengal,West Bengal City 1,Prepaid,0,Call Drops,No Complaint,12.7,2.94,-4
AIR105461,2025-06-15,West Bengal,West Bengal City 2,Prepaid,0,Slow Internet,No Complaint,26.4,3,7
AIR105462,2025-07-15,Telangana,Telangana City 3,Prepaid,0,Slow Internet,No Complaint,14.9,3.48,16
AIR105463,2025-08-15,Uttar Pradesh,Uttar Pradesh City 2,Prepaid,0,Network Issues,No Complaint,42.6,3.55,13
AIR105464,2025-09-15,Delhi,Delhi City 1,Prepaid,0,Network Issues,No Complaint,17.6,3.97,27
AIR105465,2025-10-15,Delhi,Delhi City 3,Postpaid,1,Network Issues,Resolved,32.4,3.82,17
AIR105466,2025-11-15,Maharashtra,Maharashtra City 2,Prepaid,0,Others,No Complaint,50.4,3.39,29
AIR105467,2025-12-15,Kerala,Kerala City 1,Broadband,0,Slow Internet,No Complaint,23.2,4.09,39
AIR105468,2025-02-15,Maharashtra,Maharashtra City 1,Broadband,0,Slow Internet,No Complaint,28.6,3.57,18
AIR105469,2025-03-15,West Bengal,West Bengal City 2,Postpaid,0,Call Drops,No Complaint,25.8,3.76,13
AIR105470,2025-04-15,Telangana,Telangana City 1,Prepaid,0,Others,No Complaint,22.7,3.26,22
AIR105471,2025-05-15,Maharashtra,Maharashtra City 3,Broadband,0,Network Issues,No Complaint,23.8,4.24,63
AIR105472,2025-06-15,Rajasthan,Rajasthan City 1,Prepaid,0,Others,No Complaint,5.6,2.8,-15
AIR105473,2025-07-15,Kerala,Kerala City 2,Prepaid,1,Network Issues,Resolved,9.6,3.37,18
AIR105474,2025-08-15,Rajasthan,Rajasthan City 3,Prepaid,0,Network Issues,No Complaint,5,3.49,19
AIR105475,2025-09-15,Telangana,Telangana City 1,Broadband,0,Network Issues,No Complaint,10.3,3.91,31
AIR105476,2025-10-15,Telangana,Telangana City 1,Prepaid,0,Network Issues,No Complaint,75,4.22,44
AIR105477,2025-11-15,Gujarat,Gujarat City 3,Broadband,0,Network Issues,No Complaint,11.2,3.6,20
AIR105478,2025-12-15,Karnataka,Karnataka City 3,Prepaid,0,Network Issues,No Complaint,17.4,3.06,1
AIR105479,2025-02-15,Rajasthan,Rajasthan City 1,Broadband,1,Network Issues,In Progress,12.4,3.18,-14
AIR105480,2025-03-15,Gujarat,Gujarat City 3,Broadband,1,Others,Resolved,28.1,3.61,10
AIR105481,2025-04-15,West Bengal,West Bengal City 2,Broadband,0,Network Issues,No Complaint,23.8,3.93,27
AIR105482,2025-05-15,Tamil Nadu,Tamil Nadu City 1,Postpaid,0,Call Drops,No Complaint,29.6,3.47,21
AIR105483,2025-06-15,Kerala,Kerala City 2,Broadband,1,Slow Internet,Resolved,42.4,3.61,10
AIR105484,2025-07-15,Tamil Nadu,Tamil Nadu City 1,Enterprise,1,Network Issues,Resolved,8.1,2.48,-15
AIR105485,2025-08-15,Uttar Pradesh,Uttar Pradesh City 2,Prepaid,0,Billing Issues,No Complaint,2.8,3.5,21
AIR105486,2025-09-15,West Bengal,West Bengal City 2,Prepaid,0,Slow Internet,No Complaint,5.8,4.03,50
AIR105487,2025-10-15,West Bengal,West Bengal City 3,Postpaid,0,Billing Issues,No Complaint,8.9,3.03,-5
AIR105488,2025-11-15,Tamil Nadu,Tamil Nadu City 1,Prepaid,0,Billing Issues,No Complaint,11.3,3.1,6
AIR105489,2025-12-15,Rajasthan,Rajasthan City 3,Postpaid,0,Slow Internet,No Complaint,12.5,4.22,55
AIR105490,2025-02-15,Karnataka,Karnataka City 3,Prepaid,1,Billing Issues,Resolved,20.2,3.46,18
AIR105491,2025-03-15,Rajasthan,Rajasthan City 1,Postpaid,1,Slow Internet,Resolved,11.2,3.96,36
AIR105492,2025-04-15,Tamil Nadu,Tamil Nadu City 2,Prepaid,1,Network Issues,Resolved,3.1,3.16,17
AIR105493,2025-05-15,Uttar Pradesh,Uttar Pradesh City 1,Prepaid,0,Network Issues,No Complaint,9.9,3.72,11
AIR105494,2025-06-15,Rajasthan,Rajasthan City 1,Prepaid,0,Slow Internet,No Complaint,8.6,3.77,21
AIR105495,2025-07-15,Delhi,Delhi City 1,Broadband,0,Network Issues,No Complaint,11.1,3.77,26
AIR105496,2025-08-15,Rajasthan,Rajasthan City 3,Prepaid,1,Network Issues,In Progress,5.4,3.68,17
AIR105497,2025-09-15,Telangana,Telangana City 1,Broadband,1,Slow Internet,Resolved,19.2,3.34,2
AIR105498,2025-10-15,Gujarat,Gujarat City 1,Postpaid,0,Network Issues,No Complaint,8.8,3.66,15
AIR105499,2025-11-15,Kerala,Kerala City 1,Postpaid,0,Slow Internet,No Complaint,71.2,3,-4
AIR105500,2025-12-15,Rajasthan,Rajasthan City 2,Prepaid,0,Call Drops,No Complaint,19,3.49,17
AIR105501,2025-02-15,Karnataka,Karnataka City 2,Prepaid,1,Slow Internet,Pending,8.4,2.75,4
AIR105502,2025-03-15,Karnataka,Karnataka City 2,Postpaid,0,Slow Internet,No Complaint,8.3,3.83,41
AIR105503,2025-04-15,Rajasthan,Rajasthan City 2,Prepaid,1,Network Issues,Resolved,39.1,3.51,17
AIR105504,2025-05-15,Maharashtra,Maharashtra City 3,Postpaid,0,Slow Internet,No Complaint,12.7,4,31
AIR105505,2025-06-15,West Bengal,West Bengal City 3,Enterprise,0,Network Issues,No Complaint,14,4.05,46
AIR105506,2025-07-15,Rajasthan,Rajasthan City 1,Prepaid,1,Network Issues,Pending,9.3,3.91,28
AIR105507,2025-08-15,West Bengal,West Bengal City 3,Postpaid,1,Slow Internet,Resolved,9.3,3.51,19
AIR105508,2025-09-15,Delhi,Delhi City 2,Enterprise,0,Network Issues,No Complaint,32.6,3.31,8
AIR105509,2025-10-15,Tamil Nadu,Tamil Nadu City 1,Broadband,0,Network Issues,No Complaint,18.2,2.83,-21
AIR105510,2025-11-15,Delhi,Delhi City 1,Broadband,1,Call Drops,Resolved,6.8,3.86,35
AIR105511,2025-12-15,Rajasthan,Rajasthan City 2,Broadband,0,Call Drops,No Complaint,10.2,3.59,19
AIR105512,2025-02-15,Karnataka,Karnataka City 2,Prepaid,0,Network Issues,No Complaint,2,3.56,7
AIR105513,2025-03-15,Maharashtra,Maharashtra City 2,Broadband,0,Billing Issues,No Complaint,2.2,4.09,20
AIR105514,2025-04-15,Uttar Pradesh,Uttar Pradesh City 3,Broadband,0,Slow Internet,No Complaint,14.1,3.95,39
AIR105515,2025-05-15,West Bengal,West Bengal City 1,Postpaid,0,Network Issues,No Complaint,20.3,4.36,35
AIR105516,2025-06-15,Gujarat,Gujarat City 2,Prepaid,0,Slow Internet,No Complaint,19.2,3.51,11
AIR105517,2025-07-15,West Bengal,West Bengal City 1,Prepaid,0,Others,No Complaint,6.3,3.74,14
AIR105518,2025-08-15,Telangana,Telangana City 1,Prepaid,0,Slow Internet,No Complaint,10,3.74,40
AIR105519,2025-09-15,Kerala,Kerala City 3,Prepaid,1,Slow Internet,In Progress,39.6,4.27,37
AIR105520,2025-10-15,Rajasthan,Rajasthan City 1,Postpaid,1,Network Issues,In Progress,12.4,3.82,27
AIR105521,2025-11-15,Delhi,Delhi City 2,Postpaid,0,Slow Internet,No Complaint,50.3,3.69,42
AIR105522,2025-12-15,Gujarat,Gujarat City 2,Postpaid,0,Network Issues,No Complaint,24.1,3.74,34
AIR105523,2025-02-15,Karnataka,Karnataka City 1,Prepaid,0,Network Issues,No Complaint,11.5,4.28,34
AIR105524,2025-03-15,Karnataka,Karnataka City 1,Postpaid,0,Others,No Complaint,30.8,3.44,12
AIR105525,2025-04-15,Karnataka,Karnataka City 3,Prepaid,1,Call Drops,Resolved,15.9,4.08,42
AIR105526,2025-05-15,Uttar Pradesh,Uttar Pradesh City 2,Prepaid,0,Slow Internet,No Complaint,12.4,3.91,37
AIR105527,2025-06-15,Telangana,Telangana City 2,Postpaid,0,Network Issues,No Complaint,13.3,2.88,9
AIR105528,2025-07-15,Karnataka,Karnataka City 1,Prepaid,0,Network Issues,No Complaint,11.9,2.97,3
AIR105529,2025-08-15,Karnataka,Karnataka City 1,Prepaid,0,Network Issues,No Complaint,14.1,3.5,34
AIR105530,2025-09-15,Rajasthan,Rajasthan City 1,Prepaid,1,Slow Internet,In Progress,19.4,3.43,23
AIR105531,2025-10-15,Telangana,Telangana City 2,Postpaid,0,Slow Internet,No Complaint,21,3.73,32
AIR105532,2025-11-15,Maharashtra,Maharashtra City 1,Postpaid,0,Network Issues,No Complaint,8.4,2.85,7
AIR105533,2025-12-15,Maharashtra,Maharashtra City 3,Prepaid,0,Slow Internet,No Complaint,6.3,3.45,11
AIR105534,2025-02-15,Telangana,Telangana City 3,Prepaid,0,Call Drops,No Complaint,15.6,3.01,9
AIR105535,2025-03-15,Kerala,Kerala City 1,Postpaid,0,Network Issues,No Complaint,36.5,3.45,21
AIR105536,2025-04-15,Uttar Pradesh,Uttar Pradesh City 3,Broadband,0,Call Drops,No Complaint,8.2,3.35,6
AIR105537,2025-05-15,Gujarat,Gujarat City 3,Postpaid,0,Others,No Complaint,7.7,3.63,17
AIR105538,2025-06-15,West Bengal,West Bengal City 3,Broadband,0,Call Drops,No Complaint,3.3,3.78,18
AIR105539,2025-07-15,Rajasthan,Rajasthan City 3,Postpaid,1,Call Drops,Resolved,18.2,3.6,33
AIR105540,2025-08-15,Tamil Nadu,Tamil Nadu City 3,Postpaid,0,Network Issues,No Complaint,26.5,4.05,25
AIR105541,2025-09-15,Maharashtra,Maharashtra City 2,Broadband,0,Call Drops,No Complaint,14.2,3.95,43
AIR105542,2025-10-15,Telangana,Telangana City 1,Postpaid,0,Network Issues,No Complaint,11.4,4.15,38
AIR105543,2025-11-15,Gujarat,Gujarat City 3,Broadband,1,Slow Internet,Resolved,36.4,3.08,-1
AIR105544,2025-12-15,Telangana,Telangana City 1,Prepaid,0,Billing Issues,No Complaint,15.4,2.77,1
AIR105545,2025-02-15,West Bengal,West Bengal City 3,Broadband,0,Network Issues,No Complaint,15.8,3.69,26
AIR105546,2025-03-15,Gujarat,Gujarat City 2,Postpaid,1,Network Issues,Resolved,18.1,3.95,13
AIR105547,2025-04-15,Maharashtra,Maharashtra City 2,Broadband,1,Others,Resolved,2.5,4.2,47
AIR105548,2025-05-15,Karnataka,Karnataka City 3,Prepaid,0,Slow Internet,No Complaint,18.3,3.57,23
AIR105549,2025-06-15,Telangana,Telangana City 3,Postpaid,1,Network Issues,Resolved,22.1,3.63,10
AIR105550,2025-07-15,Tamil Nadu,Tamil Nadu City 3,Broadband,0,Slow Internet,No Complaint,75,3.23,-6
AIR105551,2025-08-15,Maharashtra,Maharashtra City 2,Prepaid,1,Network Issues,Resolved,22.5,2.35,-13
AIR105552,2025-09-15,Delhi,Delhi City 2,Postpaid,0,Network Issues,No Complaint,8.6,3.67,19
AIR105553,2025-10-15,Tamil Nadu,Tamil Nadu City 1,Broadband,0,Slow Internet,No Complaint,7.1,3.96,33
AIR105554,2025-11-15,Kerala,Kerala City 2,Prepaid,1,Call Drops,Resolved,20.3,4.12,31
AIR105555,2025-12-15,Uttar Pradesh,Uttar Pradesh City 3,Prepaid,0,Slow Internet,No Complaint,8.6,3.59,15
AIR105556,2025-02-15,Maharashtra,Maharashtra City 1,Postpaid,0,Network Issues,No Complaint,12.9,3.27,5
AIR105557,2025-03-15,Karnataka,Karnataka City 2,Postpaid,0,Network Issues,No Complaint,6.5,4.15,55
AIR105558,2025-04-15,Maharashtra,Maharashtra City 2,Prepaid,0,Billing Issues,No Complaint,20.2,3.81,35
AIR105559,2025-05-15,West Bengal,West Bengal City 3,Prepaid,1,Slow Internet,Resolved,15.9,3.45,0
AIR105560,2025-06-15,Gujarat,Gujarat City 1,Prepaid,0,Billing Issues,No Complaint,15.4,3.97,39
AIR105561,2025-07-15,Telangana,Telangana City 2,Prepaid,0,Network Issues,No Complaint,3.6,3.47,34
AIR105562,2025-08-15,Gujarat,Gujarat City 2,Prepaid,0,Network Issues,No Complaint,4.1,3.4,24
AIR105563,2025-09-15,Gujarat,Gujarat City 3,Postpaid,1,Network Issues,Resolved,6.9,3.65,11
AIR105564,2025-10-15,Maharashtra,Maharashtra City 1,Postpaid,1,Network Issues,Resolved,5.2,3.39,15
AIR105565,2025-11-15,West Bengal,West Bengal City 1,Postpaid,1,Billing Issues,Resolved,26.1,3.9,46
AIR105566,2025-12-15,Telangana,Telangana City 1,Prepaid,0,Billing Issues,No Complaint,16,4.11,46
AIR105567,2025-02-15,Telangana,Telangana City 1,Postpaid,1,Network Issues,Resolved,20.2,4.3,58
AIR105568,2025-03-15,Gujarat,Gujarat City 3,Prepaid,0,Call Drops,No Complaint,8.4,3.7,11
AIR105569,2025-04-15,Kerala,Kerala City 2,Broadband,1,Slow Internet,Pending,29.6,3.17,-1
AIR105570,2025-05-15,Uttar Pradesh,Uttar Pradesh City 2,Postpaid,0,Network Issues,No Complaint,5,3.75,17
AIR105571,2025-06-15,West Bengal,West Bengal City 1,Broadband,0,Call Drops,No Complaint,5.1,3.58,10
AIR105572,2025-07-15,Kerala,Kerala City 1,Prepaid,0,Slow Internet,No Complaint,3.3,4.56,71
AIR105573,2025-08-15,Rajasthan,Rajasthan City 1,Postpaid,1,Network Issues,Resolved,35.2,4.06,46
AIR105574,2025-09-15,Rajasthan,Rajasthan City 2,Postpaid,1,Slow Internet,Resolved,15.6,2.57,-8
AIR105575,2025-10-15,Tamil Nadu,Tamil Nadu City 2,Broadband,0,Network Issues,No Complaint,15.3,4.18,48
AIR105576,2025-11-15,Gujarat,Gujarat City 1,Postpaid,0,Network Issues,No Complaint,8.8,4.25,53
AIR105577,2025-12-15,Telangana,Telangana City 3,Postpaid,0,Slow Internet,No Complaint,14.4,3.26,-4
AIR105578,2025-02-15,Maharashtra,Maharashtra City 2,Prepaid,1,Network Issues,Resolved,21.9,3.34,-3
AIR105579,2025-03-15,Telangana,Telangana City 2,Postpaid,0,Network Issues,No Complaint,16.6,3.44,35
AIR105580,2025-04-15,Telangana,Telangana City 1,Prepaid,0,Network Issues,No Complaint,17.8,3.97,26
AIR105581,2025-05-15,Karnataka,Karnataka City 3,Prepaid,0,Network Issues,No Complaint,24.4,3.22,-1
AIR105582,2025-06-15,Telangana,Telangana City 1,Prepaid,0,Slow Internet,No Complaint,5.3,3.75,21
AIR105583,2025-07-15,Tamil Nadu,Tamil Nadu City 1,Enterprise,0,Call Drops,No Complaint,18.5,3.59,24
AIR105584,2025-08-15,Kerala,Kerala City 3,Prepaid,1,Slow Internet,Resolved,16.8,4.05,35
AIR105585,2025-09-15,Rajasthan,Rajasthan City 3,Broadband,0,Slow Internet,No Complaint,6.8,3.69,33
AIR105586,2025-10-15,Telangana,Telangana City 3,Enterprise,0,Billing Issues,No Complaint,17.6,4.37,51
AIR105587,2025-11-15,Telangana,Telangana City 2,Broadband,1,Network Issues,Resolved,15.8,3.44,3
AIR105588,2025-12-15,Karnataka,Karnataka City 1,Broadband,0,Slow Internet,No Complaint,16,3.94,30
AIR105589,2025-02-15,West Bengal,West Bengal City 2,Broadband,0,Slow Internet,No Complaint,9.2,3.78,16
AIR105590,2025-03-15,Maharashtra,Maharashtra City 3,Prepaid,0,Call Drops,No Complaint,22.5,3.51,10
AIR105591,2025-04-15,West Bengal,West Bengal City 2,Prepaid,0,Call Drops,No Complaint,25.1,3.87,33
AIR105592,2025-05-15,Maharashtra,Maharashtra City 3,Postpaid,0,Call Drops,No Complaint,4,3.57,7
AIR105593,2025-06-15,Uttar Pradesh,Uttar Pradesh City 3,Postpaid,0,Network Issues,No Complaint,28.1,2.9,13
AIR105594,2025-07-15,Telangana,Telangana City 1,Prepaid,1,Network Issues,Resolved,11.6,4,33
AIR105595,2025-08-15,Karnataka,Karnataka City 1,Postpaid,1,Call Drops,In Progress,24.1,3.92,36
AIR105596,2025-09-15,Delhi,Delhi City 1,Postpaid,0,Billing Issues,No Complaint,21.6,3.71,18
AIR105597,2025-10-15,Gujarat,Gujarat City 2,Broadband,1,Slow Internet,Resolved,8.5,3.75,29
AIR105598,2025-11-15,Rajasthan,Rajasthan City 1,Postpaid,0,Slow Internet,No Complaint,20.3,3.53,36
AIR105599,2025-12-15,Kerala,Kerala City 3,Postpaid,1,Network Issues,Resolved,19.4,3.6,26
AIR105600,2025-02-15,Rajasthan,Rajasthan City 1,Prepaid,1,Network Issues,Resolved,4.3,3.81,14
AIR105601,2025-03-15,Kerala,Kerala City 2,Postpaid,0,Billing Issues,No Complaint,25,3.88,26
AIR105602,2025-04-15,Uttar Pradesh,Uttar Pradesh City 1,Enterprise,0,Network Issues,No Complaint,45.4,3.03,-5
AIR105603,2025-05-15,West Bengal,West Bengal City 1,Prepaid,0,Network Issues,No Complaint,64.3,4,28
AIR105604,2025-06-15,Tamil Nadu,Tamil Nadu City 1,Prepaid,0,Network Issues,No Complaint,20.9,3.09,-2
AIR105605,2025-07-15,Telangana,Telangana City 2,Postpaid,1,Others,Resolved,39.7,3.28,9
AIR105606,2025-08-15,Delhi,Delhi City 3,Prepaid,0,Slow Internet,No Complaint,26.1,3.6,16
AIR105607,2025-09-15,Kerala,Kerala City 3,Prepaid,0,Slow Internet,No Complaint,27.4,3.35,-8
AIR105608,2025-10-15,Gujarat,Gujarat City 3,Prepaid,0,Network Issues,No Complaint,26.7,3.44,15
AIR105609,2025-11-15,Kerala,Kerala City 1,Prepaid,0,Network Issues,No Complaint,13.6,3.41,0
AIR105610,2025-12-15,Tamil Nadu,Tamil Nadu City 1,Prepaid,1,Network Issues,Resolved,19.6,3.65,19
AIR105611,2025-02-15,Rajasthan,Rajasthan City 2,Broadband,0,Call Drops,No Complaint,13.3,3.47,13
AIR105612,2025-03-15,Karnataka,Karnataka City 3,Postpaid,1,Network Issues,In Progress,3.2,3.13,-2
AIR105613,2025-04-15,Rajasthan,Rajasthan City 1,Prepaid,0,Network Issues,No Complaint,8.6,3.49,11
AIR105614,2025-05-15,Uttar Pradesh,Uttar Pradesh City 1,Prepaid,0,Others,No Complaint,18.4,3.38,21
AIR105615,2025-06-15,Karnataka,Karnataka City 1,Prepaid,0,Slow Internet,No Complaint,22.6,3.42,6
AIR105616,2025-07-15,Rajasthan,Rajasthan City 2,Broadband,0,Billing Issues,No Complaint,8.2,4.13,39
AIR105617,2025-08-15,Gujarat,Gujarat City 3,Prepaid,0,Slow Internet,No Complaint,15.7,4.21,34
AIR105618,2025-09-15,Rajasthan,Rajasthan City 2,Enterprise,1,Network Issues,Pending,24.9,2.72,3
AIR105619,2025-10-15,Gujarat,Gujarat City 3,Prepaid,0,Network Issues,No Complaint,17.8,3.92,24
AIR105620,2025-11-15,Gujarat,Gujarat City 3,Broadband,0,Call Drops,No Complaint,46.7,3.6,17
AIR105621,2025-12-15,Karnataka,Karnataka City 1,Prepaid,0,Others,No Complaint,23.6,3.64,16
AIR105622,2025-02-15,West Bengal,West Bengal City 1,Prepaid,0,Slow Internet,No Complaint,25.8,3.73,38
AIR105623,2025-03-15,Maharashtra,Maharashtra City 1,Prepaid,0,Network Issues,No Complaint,12.1,3.37,9
AIR105624,2025-04-15,Telangana,Telangana City 1,Postpaid,0,Network Issues,No Complaint,20.2,3.08,7
AIR105625,2025-05-15,Kerala,Kerala City 1,Prepaid,1,Slow Internet,Resolved,9.6,3.83,29
AIR105626,2025-06-15,Maharashtra,Maharashtra City 3,Prepaid,0,Billing Issues,No Complaint,11.4,3.95,54
AIR105627,2025-07-15,Tamil Nadu,Tamil Nadu City 1,Broadband,1,Network Issues,Resolved,16.9,3.38,12
AIR105628,2025-08-15,West Bengal,West Bengal City 1,Prepaid,1,Network Issues,Resolved,13.5,4.37,37
AIR105629,2025-09-15,Maharashtra,Maharashtra City 2,Prepaid,0,Call Drops,No Complaint,13.5,4.29,52
AIR105630,2025-10-15,Karnataka,Karnataka City 2,Broadband,0,Network Issues,No Complaint,13.4,3.2,3
AIR105631,2025-11-15,Tamil Nadu,Tamil Nadu City 3,Postpaid,0,Slow Internet,No Complaint,10.3,3.35,10
AIR105632,2025-12-15,Delhi,Delhi City 3,Broadband,0,Network Issues,No Complaint,9.7,3.65,30
AIR105633,2025-02-15,West Bengal,West Bengal City 2,Prepaid,0,Slow Internet,No Complaint,28.9,3.98,43
AIR105634,2025-03-15,Maharashtra,Maharashtra City 2,Prepaid,1,Slow Internet,Resolved,7.9,3.67,27
AIR105635,2025-04-15,Tamil Nadu,Tamil Nadu City 1,Prepaid,0,Network Issues,No Complaint,21.2,3.99,30
AIR105636,2025-05-15,Delhi,Delhi City 1,Broadband,1,Network Issues,In Progress,1.9,3.93,17
AIR105637,2025-06-15,Rajasthan,Rajasthan City 3,Broadband,1,Call Drops,Resolved,16.6,3.37,18
AIR105638,2025-07-15,Tamil Nadu,Tamil Nadu City 2,Enterprise,0,Network Issues,No Complaint,8.8,3.31,17
AIR105639,2025-08-15,Karnataka,Karnataka City 3,Prepaid,0,Network Issues,No Complaint,29.6,4.62,54
AIR105640,2025-09-15,Rajasthan,Rajasthan City 1,Broadband,0,Call Drops,No Complaint,6.4,3.17,-1
AIR105641,2025-10-15,Karnataka,Karnataka City 3,Prepaid,0,Slow Internet,No Complaint,17.5,3.74,31
AIR105642,2025-11-15,Maharashtra,Maharashtra City 3,Postpaid,0,Slow Internet,No Complaint,2,3.53,17
AIR105643,2025-12-15,Telangana,Telangana City 3,Broadband,1,Billing Issues,Resolved,14.2,4.43,50
AIR105644,2025-02-15,Maharashtra,Maharashtra City 1,Prepaid,0,Network Issues,No Complaint,5.2,3.74,17
AIR105645,2025-03-15,Rajasthan,Rajasthan City 3,Prepaid,0,Slow Internet,No Complaint,28,3.54,20
AIR105646,2025-04-15,Gujarat,Gujarat City 1,Prepaid,0,Call Drops,No Complaint,13.6,3.33,-3
AIR105647,2025-05-15,Maharashtra,Maharashtra City 2,Postpaid,0,Slow Internet,No Complaint,5.7,3.44,12
AIR105648,2025-06-15,Rajasthan,Rajasthan City 3,Prepaid,1,Billing Issues,In Progress,14.8,3.76,28
AIR105649,2025-07-15,Tamil Nadu,Tamil Nadu City 3,Prepaid,1,Call Drops,Resolved,25.2,3.56,16
AIR105650,2025-08-15,Uttar Pradesh,Uttar Pradesh City 1,Enterprise,0,Network Issues,No Complaint,8.6,4.19,38
AIR105651,2025-09-15,Maharashtra,Maharashtra City 3,Prepaid,0,Slow Internet,No Complaint,17.4,3.45,11
AIR105652,2025-10-15,Tamil Nadu,Tamil Nadu City 1,Prepaid,1,Network Issues,Resolved,11.6,3.51,39
AIR105653,2025-11-15,Karnataka,Karnataka City 3,Postpaid,0,Slow Internet,No Complaint,26.5,3.2,18
AIR105654,2025-12-15,West Bengal,West Bengal City 2,Broadband,1,Network Issues,In Progress,1.4,4.21,45
AIR105655,2025-02-15,Telangana,Telangana City 2,Prepaid,0,Billing Issues,No Complaint,27.7,3.23,17
AIR105656,2025-03-15,Karnataka,Karnataka City 2,Postpaid,0,Call Drops,No Complaint,35.8,4.1,46
AIR105657,2025-04-15,Karnataka,Karnataka City 3,Prepaid,0,Call Drops,No Complaint,8.9,3.67,13
AIR105658,2025-05-15,Rajasthan,Rajasthan City 3,Postpaid,1,Call Drops,In Progress,6.3,3.86,25
AIR105659,2025-06-15,Gujarat,Gujarat City 2,Prepaid,1,Network Issues,Resolved,51.7,3.46,30
AIR105660,2025-07-15,Kerala,Kerala City 2,Prepaid,1,Network Issues,Resolved,31.2,4.46,50
AIR105661,2025-08-15,Uttar Pradesh,Uttar Pradesh City 1,Postpaid,0,Call Drops,No Complaint,33.5,3.89,31
AIR105662,2025-09-15,Gujarat,Gujarat City 1,Broadband,0,Billing Issues,No Complaint,13.5,3.95,39
AIR105663,2025-10-15,Rajasthan,Rajasthan City 2,Postpaid,1,Slow Internet,Resolved,13.5,4.05,27
AIR105664,2025-11-15,Telangana,Telangana City 2,Broadband,0,Network Issues,No Complaint,20.1,3.78,30
AIR105665,2025-12-15,Uttar Pradesh,Uttar Pradesh City 3,Postpaid,1,Network Issues,Resolved,10.4,3.82,20
AIR105666,2025-02-15,Uttar Pradesh,Uttar Pradesh City 2,Prepaid,0,Slow Internet,No Complaint,14.2,3.52,12
AIR105667,2025-03-15,Rajasthan,Rajasthan City 1,Prepaid,0,Network Issues,No Complaint,24.8,3.78,36
AIR105668,2025-04-15,Delhi,Delhi City 1,Broadband,0,Call Drops,No Complaint,8.8,3.07,1
AIR105669,2025-05-15,Karnataka,Karnataka City 1,Postpaid,1,Billing Issues,Resolved,11.3,3.37,21
AIR105670,2025-06-15,West Bengal,West Bengal City 1,Enterprise,0,Network Issues,No Complaint,14.6,3.86,39
AIR105671,2025-07-15,Delhi,Delhi City 1,Prepaid,0,Slow Internet,No Complaint,10.4,4.09,26
AIR105672,2025-08-15,Rajasthan,Rajasthan City 1,Prepaid,0,Slow Internet,No Complaint,10.6,3.37,26
AIR105673,2025-09-15,Delhi,Delhi City 2,Prepaid,0,Network Issues,No Complaint,31.6,3.5,21
AIR105674,2025-10-15,West Bengal,West Bengal City 1,Prepaid,1,Call Drops,Pending,2.7,3.49,5
AIR105675,2025-11-15,Rajasthan,Rajasthan City 1,Prepaid,0,Network Issues,No Complaint,5.4,3.96,47
AIR105676,2025-12-15,Rajasthan,Rajasthan City 1,Prepaid,0,Call Drops,No Complaint,21.5,3.14,8
AIR105677,2025-02-15,Uttar Pradesh,Uttar Pradesh City 1,Postpaid,1,Network Issues,Pending,4.9,4.05,34
AIR105678,2025-03-15,Delhi,Delhi City 2,Prepaid,0,Network Issues,No Complaint,12.1,2.58,-23
AIR105679,2025-04-15,Tamil Nadu,Tamil Nadu City 3,Prepaid,0,Network Issues,No Complaint,9.7,3.43,44
AIR105680,2025-05-15,Maharashtra,Maharashtra City 3,Postpaid,0,Network Issues,No Complaint,27.7,3.06,-21
AIR105681,2025-06-15,Rajasthan,Rajasthan City 3,Postpaid,0,Slow Internet,No Complaint,17,3.34,4
AIR105682,2025-07-15,Delhi,Delhi City 3,Postpaid,0,Network Issues,No Complaint,6,4.12,28
AIR105683,2025-08-15,Kerala,Kerala City 1,Postpaid,1,Billing Issues,Resolved,19.5,4.02,19
AIR105684,2025-09-15,Telangana,Telangana City 3,Broadband,0,Call Drops,No Complaint,21.1,3.44,20
AIR105685,2025-10-15,Kerala,Kerala City 3,Postpaid,0,Network Issues,No Complaint,17.6,3.39,29
AIR105686,2025-11-15,Delhi,Delhi City 2,Broadband,0,Network Issues,No Complaint,27.1,3.78,9
AIR105687,2025-12-15,Karnataka,Karnataka City 2,Postpaid,1,Network Issues,Resolved,2.5,3.81,32
AIR105688,2025-02-15,Karnataka,Karnataka City 2,Prepaid,0,Network Issues,No Complaint,15.5,2.58,-19
AIR105689,2025-03-15,Delhi,Delhi City 1,Prepaid,0,Slow Internet,No Complaint,6.2,3.05,-4
AIR105690,2025-04-15,Uttar Pradesh,Uttar Pradesh City 1,Postpaid,0,Network Issues,No Complaint,23.8,3.81,26
AIR105691,2025-05-15,Uttar Pradesh,Uttar Pradesh City 1,Postpaid,1,Network Issues,Resolved,13.4,4.29,42
AIR105692,2025-06-15,Rajasthan,Rajasthan City 2,Postpaid,0,Billing Issues,No Complaint,10.1,3.36,-1
AIR105693,2025-07-15,West Bengal,West Bengal City 3,Prepaid,0,Network Issues,No Complaint,2.7,3.43,19
AIR105694,2025-08-15,Maharashtra,Maharashtra City 2,Postpaid,0,Network Issues,No Complaint,13.6,3.69,12
AIR105695,2025-09-15,Rajasthan,Rajasthan City 1,Postpaid,0,Slow Internet,No Complaint,21.9,2.71,19
AIR105696,2025-10-15,Kerala,Kerala City 2,Postpaid,1,Billing Issues,Resolved,72.6,3.37,-1
AIR105697,2025-11-15,Maharashtra,Maharashtra City 3,Postpaid,1,Billing Issues,In Progress,17.9,4,20
AIR105698,2025-12-15,Kerala,Kerala City 1,Enterprise,0,Slow Internet,No Complaint,21.6,3.75,14
AIR105699,2025-02-15,Uttar Pradesh,Uttar Pradesh City 3,Prepaid,0,Network Issues,No Complaint,10.5,2.93,-2
AIR105700,2025-03-15,Delhi,Delhi City 3,Prepaid,0,Slow Internet,No Complaint,11,4.05,48
AIR105701,2025-04-15,West Bengal,West Bengal City 1,Broadband,1,Slow Internet,Resolved,4.8,4.11,38
AIR105702,2025-05-15,Kerala,Kerala City 3,Prepaid,0,Others,No Complaint,10.5,3.43,28
AIR105703,2025-06-15,Uttar Pradesh,Uttar Pradesh City 2,Postpaid,0,Call Drops,No Complaint,18.4,4.47,62
AIR105704,2025-07-15,West Bengal,West Bengal City 3,Prepaid,0,Slow Internet,No Complaint,13.2,3.1,0
AIR105705,2025-08-15,Rajasthan,Rajasthan City 3,Prepaid,1,Network Issues,Resolved,11.6,3.57,15
AIR105706,2025-09-15,Delhi,Delhi City 3,Prepaid,1,Network Issues,Resolved,22,4.26,43
AIR105707,2025-10-15,Telangana,Telangana City 2,Prepaid,1,Network Issues,Resolved,23.1,3.85,22
AIR105708,2025-11-15,Karnataka,Karnataka City 3,Prepaid,0,Network Issues,No Complaint,25,4.39,68
AIR105709,2025-12-15,Gujarat,Gujarat City 3,Prepaid,0,Network Issues,No Complaint,5.2,3.67,30
AIR105710,2025-02-15,West Bengal,West Bengal City 2,Postpaid,0,Call Drops,No Complaint,16.8,4.04,38
AIR105711,2025-03-15,Telangana,Telangana City 1,Postpaid,0,Call Drops,No Complaint,11.8,2.45,-5
AIR105712,2025-04-15,Telangana,Telangana City 1,Broadband,1,Call Drops,Resolved,39.9,3.28,0
AIR105713,2025-05-15,West Bengal,West Bengal City 1,Broadband,1,Network Issues,In Progress,16.7,2.81,-11
AIR105714,2025-06-15,Telangana,Telangana City 3,Prepaid,1,Slow Internet,Resolved,7,3.45,13
AIR105715,2025-07-15,Kerala,Kerala City 1,Broadband,1,Network Issues,Resolved,29.2,3.27,23
AIR105716,2025-08-15,Telangana,Telangana City 2,Postpaid,0,Network Issues,No Complaint,26.7,2.95,10
AIR105717,2025-09-15,Uttar Pradesh,Uttar Pradesh City 3,Postpaid,1,Slow Internet,Resolved,30.1,3.76,34
AIR105718,2025-10-15,Maharashtra,Maharashtra City 3,Postpaid,0,Network Issues,No Complaint,15.5,3.54,25
AIR105719,2025-11-15,Kerala,Kerala City 3,Prepaid,0,Network Issues,No Complaint,16.2,3.42,16
AIR105720,2025-12-15,Telangana,Telangana City 1,Postpaid,1,Billing Issues,Resolved,45.9,4.36,45
AIR105721,2025-02-15,Rajasthan,Rajasthan City 1,Prepaid,0,Others,No Complaint,44.2,4.1,35
AIR105722,2025-03-15,Karnataka,Karnataka City 1,Prepaid,0,Network Issues,No Complaint,8.8,4.23,25
AIR105723,2025-04-15,Delhi,Delhi City 3,Prepaid,0,Network Issues,No Complaint,12.2,3.71,48
AIR105724,2025-05-15,Telangana,Telangana City 2,Prepaid,0,Network Issues,No Complaint,7,3.8,48
AIR105725,2025-06-15,Tamil Nadu,Tamil Nadu City 3,Broadband,0,Network Issues,No Complaint,23.6,3.72,20
AIR105726,2025-07-15,Karnataka,Karnataka City 2,Enterprise,1,Call Drops,Resolved,33.7,3.17,19
AIR105727,2025-08-15,Rajasthan,Rajasthan City 3,Prepaid,0,Network Issues,No Complaint,31.3,3.72,33
AIR105728,2025-09-15,Uttar Pradesh,Uttar Pradesh City 2,Prepaid,0,Slow Internet,No Complaint,10.8,3.25,7
AIR105729,2025-10-15,Telangana,Telangana City 3,Prepaid,0,Network Issues,No Complaint,28.2,3.83,11
AIR105730,2025-11-15,Uttar Pradesh,Uttar Pradesh City 3,Broadband,1,Network Issues,Resolved,36.2,3.87,36
AIR105731,2025-12-15,Telangana,Telangana City 2,Prepaid,0,Slow Internet,No Complaint,20.1,3.21,7
AIR105732,2025-02-15,Gujarat,Gujarat City 2,Broadband,0,Call Drops,No Complaint,18.3,2.57,-17
AIR105733,2025-03-15,Maharashtra,Maharashtra City 2,Postpaid,0,Call Drops,No Complaint,12.9,3.25,1
AIR105734,2025-04-15,Uttar Pradesh,Uttar Pradesh City 2,Broadband,1,Slow Internet,Resolved,27.7,2.69,-30
AIR105735,2025-05-15,Maharashtra,Maharashtra City 2,Postpaid,0,Call Drops,No Complaint,14.3,3.74,22
AIR105736,2025-06-15,Karnataka,Karnataka City 2,Postpaid,0,Call Drops,No Complaint,14.5,4.3,41
AIR105737,2025-07-15,Gujarat,Gujarat City 2,Postpaid,0,Network Issues,No Complaint,9.3,4.23,51
AIR105738,2025-08-15,Delhi,Delhi City 2,Broadband,0,Billing Issues,No Complaint,17.6,3.17,23
AIR105739,2025-09-15,Kerala,Kerala City 3,Broadband,0,Network Issues,No Complaint,11.1,3.97,60
AIR105740,2025-10-15,Maharashtra,Maharashtra City 2,Postpaid,0,Network Issues,No Complaint,13.6,3.61,17
AIR105741,2025-11-15,Gujarat,Gujarat City 2,Postpaid,0,Network Issues,No Complaint,10.9,4.1,31
AIR105742,2025-12-15,Maharashtra,Maharashtra City 3,Broadband,1,Network Issues,Resolved,13.5,3.11,20
AIR105743,2025-02-15,West Bengal,West Bengal City 3,Broadband,0,Call Drops,No Complaint,19.1,3.8,47
AIR105744,2025-03-15,Rajasthan,Rajasthan City 1,Postpaid,0,Slow Internet,No Complaint,8.8,3.65,22
AIR105745,2025-04-15,Delhi,Delhi City 1,Prepaid,1,Call Drops,Resolved,17.1,3.71,21
AIR105746,2025-05-15,Rajasthan,Rajasthan City 2,Prepaid,1,Call Drops,In Progress,8.9,3.61,28
AIR105747,2025-06-15,Telangana,Telangana City 2,Broadband,1,Slow Internet,Resolved,38.3,3.21,9
AIR105748,2025-07-15,Maharashtra,Maharashtra City 1,Prepaid,0,Network Issues,No Complaint,12.7,3.59,20
AIR105749,2025-08-15,Telangana,Telangana City 1,Prepaid,0,Slow Internet,No Complaint,4.2,5,66
AIR105750,2025-09-15,Tamil Nadu,Tamil Nadu City 2,Prepaid,0,Slow Internet,No Complaint,18.3,3.49,9
AIR105751,2025-10-15,Maharashtra,Maharashtra City 1,Postpaid,0,Network Issues,No Complaint,18,3.7,22
AIR105752,2025-11-15,Gujarat,Gujarat City 2,Postpaid,0,Network Issues,No Complaint,4.9,3.36,8
AIR105753,2025-12-15,Delhi,Delhi City 3,Prepaid,1,Network Issues,Resolved,10.9,3.52,23
AIR105754,2025-02-15,Telangana,Telangana City 3,Prepaid,0,Network Issues,No Complaint,6.7,4.24,45
AIR105755,2025-03-15,Maharashtra,Maharashtra City 1,Postpaid,0,Others,No Complaint,3.6,3.36,22
AIR105756,2025-04-15,Tamil Nadu,Tamil Nadu City 3,Broadband,0,Network Issues,No Complaint,21.9,3.51,14
AIR105757,2025-05-15,Rajasthan,Rajasthan City 3,Prepaid,0,Call Drops,No Complaint,19.9,2.5,-17
AIR105758,2025-06-15,Gujarat,Gujarat City 3,Prepaid,0,Slow Internet,No Complaint,15.5,3.92,41
AIR105759,2025-07-15,West Bengal,West Bengal City 3,Postpaid,0,Slow Internet,No Complaint,10.8,3.9,35
AIR105760,2025-08-15,Maharashtra,Maharashtra City 2,Broadband,1,Slow Internet,Resolved,1,3.2,17
AIR105761,2025-09-15,West Bengal,West Bengal City 2,Postpaid,0,Billing Issues,No Complaint,22.1,4.21,51
AIR105762,2025-10-15,Karnataka,Karnataka City 1,Postpaid,0,Slow Internet,No Complaint,7.9,4.24,23
AIR105763,2025-11-15,Delhi,Delhi City 3,Broadband,0,Network Issues,No Complaint,26.3,3.68,20
AIR105764,2025-12-15,Maharashtra,Maharashtra City 3,Prepaid,1,Network Issues,Resolved,11.8,3.22,-4
AIR105765,2025-02-15,Uttar Pradesh,Uttar Pradesh City 3,Prepaid,0,Network Issues,No Complaint,7.6,3.27,19
AIR105766,2025-03-15,Tamil Nadu,Tamil Nadu City 1,Postpaid,1,Network Issues,In Progress,33,3.5,11
AIR105767,2025-04-15,Telangana,Telangana City 2,Broadband,1,Slow Internet,Resolved,12.2,4.54,56
AIR105768,2025-05-15,Uttar Pradesh,Uttar Pradesh City 3,Postpaid,0,Others,No Complaint,6,3.22,-10
AIR105769,2025-06-15,Karnataka,Karnataka City 2,Enterprise,0,Network Issues,No Complaint,45.6,3.14,26
AIR105770,2025-07-15,Delhi,Delhi City 1,Postpaid,1,Call Drops,Resolved,12.8,3.79,27
AIR105771,2025-08-15,Rajasthan,Rajasthan City 2,Postpaid,0,Network Issues,No Complaint,73.1,3.52,34
AIR105772,2025-09-15,Gujarat,Gujarat City 3,Prepaid,0,Network Issues,No Complaint,8.9,3.36,16
AIR105773,2025-10-15,West Bengal,West Bengal City 2,Prepaid,0,Slow Internet,No Complaint,24.6,4.4,49
AIR105774,2025-11-15,Karnataka,Karnataka City 2,Postpaid,0,Billing Issues,No Complaint,37.9,3.16,0
AIR105775,2025-12-15,Telangana,Telangana City 1,Prepaid,0,Network Issues,No Complaint,7.7,3.38,-6
AIR105776,2025-02-15,Gujarat,Gujarat City 1,Prepaid,0,Network Issues,No Complaint,27,4.59,60
AIR105777,2025-03-15,Rajasthan,Rajasthan City 1,Broadband,0,Call Drops,No Complaint,31.9,3.36,19
AIR105778,2025-04-15,Telangana,Telangana City 1,Broadband,1,Call Drops,Resolved,18.5,3.93,29
AIR105779,2025-05-15,Tamil Nadu,Tamil Nadu City 2,Prepaid,0,Network Issues,No Complaint,17,2.93,-3
AIR105780,2025-06-15,West Bengal,West Bengal City 2,Postpaid,0,Billing Issues,No Complaint,16.8,4.22,40
AIR105781,2025-07-15,Uttar Pradesh,Uttar Pradesh City 1,Prepaid,0,Others,No Complaint,26.6,3.21,12
AIR105782,2025-08-15,Maharashtra,Maharashtra City 1,Prepaid,0,Network Issues,No Complaint,8,3.54,5
AIR105783,2025-09-15,Karnataka,Karnataka City 3,Postpaid,0,Network Issues,No Complaint,14,3.96,36
AIR105784,2025-10-15,Maharashtra,Maharashtra City 3,Postpaid,1,Others,Resolved,29.7,3.16,2
AIR105785,2025-11-15,Gujarat,Gujarat City 1,Prepaid,0,Call Drops,No Complaint,47.4,3.04,5
AIR105786,2025-12-15,Maharashtra,Maharashtra City 2,Prepaid,0,Call Drops,No Complaint,4.7,3.87,15
AIR105787,2025-02-15,Uttar Pradesh,Uttar Pradesh City 1,Prepaid,0,Network Issues,No Complaint,9.1,3.58,14
AIR105788,2025-03-15,Kerala,Kerala City 2,Enterprise,0,Slow Internet,No Complaint,15.2,2.91,-9
AIR105789,2025-04-15,Gujarat,Gujarat City 2,Postpaid,0,Slow Internet,No Complaint,47.8,3.21,27
AIR105790,2025-05-15,West Bengal,West Bengal City 3,Prepaid,0,Others,No Complaint,17.5,3.18,1
AIR105791,2025-06-15,Telangana,Telangana City 1,Prepaid,0,Others,No Complaint,5.8,3.36,11
AIR105792,2025-07-15,West Bengal,West Bengal City 1,Postpaid,0,Network Issues,No Complaint,14.8,4.11,43
AIR105793,2025-08-15,Maharashtra,Maharashtra City 2,Postpaid,1,Billing Issues,Resolved,16.5,3.37,11
AIR105794,2025-09-15,Delhi,Delhi City 1,Broadband,0,Network Issues,No Complaint,5.1,3.91,27
AIR105795,2025-10-15,Gujarat,Gujarat City 3,Prepaid,0,Network Issues,No Complaint,9.4,2.81,1
AIR105796,2025-11-15,Telangana,Telangana City 3,Enterprise,0,Call Drops,No Complaint,8,2.96,19
AIR105797,2025-12-15,Rajasthan,Rajasthan City 1,Prepaid,0,Call Drops,No Complaint,3.2,2.81,-7
AIR105798,2025-02-15,Tamil Nadu,Tamil Nadu City 1,Prepaid,0,Slow Internet,No Complaint,21.4,3.93,32
AIR105799,2025-03-15,West Bengal,West Bengal City 3,Prepaid,0,Network Issues,No Complaint,15,3.49,10
AIR105800,2025-04-15,West Bengal,West Bengal City 1,Postpaid,0,Network Issues,No Complaint,35.8,3.43,3
AIR105801,2025-05-15,Gujarat,Gujarat City 2,Broadband,1,Billing Issues,Resolved,4.5,3.75,33
AIR105802,2025-06-15,Delhi,Delhi City 1,Postpaid,1,Network Issues,Resolved,42.6,3.06,-5
AIR105803,2025-07-15,Maharashtra,Maharashtra City 2,Postpaid,1,Network Issues,In Progress,6.8,3.88,32
AIR105804,2025-08-15,Maharashtra,Maharashtra City 1,Prepaid,0,Slow Internet,No Complaint,6.8,3.41,12
AIR105805,2025-09-15,Gujarat,Gujarat City 1,Prepaid,1,Billing Issues,Resolved,10.5,3.62,30
AIR105806,2025-10-15,West Bengal,West Bengal City 3,Postpaid,0,Others,No Complaint,28.6,3.24,14
AIR105807,2025-11-15,Telangana,Telangana City 2,Postpaid,0,Slow Internet,No Complaint,16.5,3.83,14
AIR105808,2025-12-15,Tamil Nadu,Tamil Nadu City 3,Postpaid,0,Others,No Complaint,14,3.31,19
AIR105809,2025-02-15,Gujarat,Gujarat City 1,Prepaid,1,Network Issues,Resolved,5.6,3.25,26
AIR105810,2025-03-15,Telangana,Telangana City 3,Prepaid,0,Network Issues,No Complaint,12.2,3.48,12
AIR105811,2025-04-15,Telangana,Telangana City 1,Prepaid,0,Network Issues,No Complaint,3.4,2.92,-4
AIR105812,2025-05-15,Rajasthan,Rajasthan City 1,Broadband,0,Others,No Complaint,31.8,3.64,4
AIR105813,2025-06-15,Uttar Pradesh,Uttar Pradesh City 1,Postpaid,0,Others,No Complaint,29.3,3.96,37
AIR105814,2025-07-15,Kerala,Kerala City 2,Prepaid,0,Network Issues,No Complaint,28.3,3.7,16
AIR105815,2025-08-15,Tamil Nadu,Tamil Nadu City 2,Prepaid,1,Slow Internet,Resolved,18.9,3.45,13
AIR105816,2025-09-15,Karnataka,Karnataka City 2,Prepaid,1,Slow Internet,In Progress,14.3,3.66,19
AIR105817,2025-10-15,Delhi,Delhi City 3,Postpaid,0,Billing Issues,No Complaint,14.2,3.36,10
AIR105818,2025-11-15,Kerala,Kerala City 1,Postpaid,0,Network Issues,No Complaint,14.3,3.34,3
AIR105819,2025-12-15,Rajasthan,Rajasthan City 3,Enterprise,0,Call Drops,No Complaint,13,3.53,17
AIR105820,2025-02-15,Tamil Nadu,Tamil Nadu City 3,Postpaid,1,Network Issues,Resolved,35,3.15,4
AIR105821,2025-03-15,Maharashtra,Maharashtra City 1,Prepaid,0,Others,No Complaint,22.5,2.9,2
AIR105822,2025-04-15,Kerala,Kerala City 3,Postpaid,1,Slow Internet,Resolved,12,3.63,26
AIR105823,2025-05-15,Maharashtra,Maharashtra City 1,Postpaid,0,Slow Internet,No Complaint,4.4,4.02,35
AIR105824,2025-06-15,Delhi,Delhi City 1,Prepaid,1,Slow Internet,Resolved,12.4,3.57,17
AIR105825,2025-07-15,Maharashtra,Maharashtra City 1,Broadband,1,Network Issues,Resolved,37.4,3.55,19
AIR105826,2025-08-15,Delhi,Delhi City 1,Broadband,0,Network Issues,No Complaint,4.6,3.46,31
AIR105827,2025-09-15,Tamil Nadu,Tamil Nadu City 3,Postpaid,0,Slow Internet,No Complaint,18.6,3.91,30
AIR105828,2025-10-15,West Bengal,West Bengal City 3,Postpaid,1,Slow Internet,Resolved,14.6,2.67,-7
AIR105829,2025-11-15,Delhi,Delhi City 3,Postpaid,0,Slow Internet,No Complaint,22.4,2.96,-13
AIR105830,2025-12-15,Telangana,Telangana City 2,Postpaid,1,Call Drops,Resolved,16.9,3.94,43
AIR105831,2025-02-15,Karnataka,Karnataka City 3,Prepaid,0,Billing Issues,No Complaint,9.3,3.8,24
AIR105832,2025-03-15,Karnataka,Karnataka City 3,Prepaid,0,Billing Issues,No Complaint,36.1,3.04,-12
AIR105833,2025-04-15,Gujarat,Gujarat City 2,Prepaid,0,Call Drops,No Complaint,20.8,3.43,20
AIR105834,2025-05-15,Karnataka,Karnataka City 1,Postpaid,0,Slow Internet,No Complaint,38.1,3.63,31
AIR105835,2025-06-15,Gujarat,Gujarat City 1,Prepaid,0,Network Issues,No Complaint,47.4,3.33,4
AIR105836,2025-07-15,Karnataka,Karnataka City 1,Postpaid,0,Network Issues,No Complaint,18.2,3.58,21
AIR105837,2025-08-15,Delhi,Delhi City 2,Postpaid,0,Network Issues,No Complaint,11.5,3.44,4
AIR105838,2025-09-15,Telangana,Telangana City 3,Prepaid,0,Network Issues,No Complaint,11.3,3.06,18
AIR105839,2025-10-15,West Bengal,West Bengal City 3,Postpaid,0,Slow Internet,No Complaint,10.9,3.47,7
AIR105840,2025-11-15,Maharashtra,Maharashtra City 3,Prepaid,0,Call Drops,No Complaint,17,2.9,-3
AIR105841,2025-12-15,Rajasthan,Rajasthan City 3,Prepaid,1,Network Issues,Resolved,7.3,3.76,12
AIR105842,2025-02-15,Karnataka,Karnataka City 2,Prepaid,0,Call Drops,No Complaint,12.6,3.33,7
AIR105843,2025-03-15,West Bengal,West Bengal City 3,Enterprise,0,Billing Issues,No Complaint,15.7,3.51,11
AIR105844,2025-04-15,West Bengal,West Bengal City 1,Postpaid,0,Slow Internet,No Complaint,6.7,3.34,6
AIR105845,2025-05-15,Delhi,Delhi City 2,Prepaid,1,Others,Resolved,6.2,3.44,25
AIR105846,2025-06-15,Tamil Nadu,Tamil Nadu City 2,Enterprise,0,Network Issues,No Complaint,26.8,3,3
AIR105847,2025-07-15,Tamil Nadu,Tamil Nadu City 1,Postpaid,0,Network Issues,No Complaint,18.8,3.36,4
AIR105848,2025-08-15,Karnataka,Karnataka City 1,Prepaid,0,Slow Internet,No Complaint,3.1,3.49,21
AIR105849,2025-09-15,Rajasthan,Rajasthan City 3,Prepaid,1,Slow Internet,Resolved,7.3,2.57,-7
AIR105850,2025-10-15,Karnataka,Karnataka City 1,Prepaid,0,Slow Internet,No Complaint,23.3,3.59,20
AIR105851,2025-11-15,Karnataka,Karnataka City 2,Postpaid,0,Network Issues,No Complaint,3.7,3.36,-3
AIR105852,2025-12-15,Gujarat,Gujarat City 2,Postpaid,0,Billing Issues,No Complaint,34.5,4.17,37
AIR105853,2025-02-15,Telangana,Telangana City 2,Prepaid,0,Slow Internet,No Complaint,8.9,3.12,-1
AIR105854,2025-03-15,Telangana,Telangana City 3,Prepaid,1,Call Drops,Resolved,4.6,3.79,23
AIR105855,2025-04-15,Rajasthan,Rajasthan City 3,Prepaid,1,Call Drops,Resolved,13,3.13,-8
AIR105856,2025-05-15,Gujarat,Gujarat City 1,Prepaid,1,Network Issues,Resolved,6.5,3.81,28
AIR105857,2025-06-15,West Bengal,West Bengal City 3,Postpaid,0,Call Drops,No Complaint,15.3,4.03,37
AIR105858,2025-07-15,Gujarat,Gujarat City 3,Prepaid,0,Network Issues,No Complaint,8.7,3.66,12
AIR105859,2025-08-15,Karnataka,Karnataka City 2,Postpaid,0,Billing Issues,No Complaint,27.4,3.31,27
AIR105860,2025-09-15,Tamil Nadu,Tamil Nadu City 2,Broadband,0,Others,No Complaint,5.9,4.76,59
AIR105861,2025-10-15,Kerala,Kerala City 1,Prepaid,0,Slow Internet,No Complaint,9.9,3.58,9
AIR105862,2025-11-15,Rajasthan,Rajasthan City 2,Prepaid,0,Slow Internet,No Complaint,11.9,3.49,22
AIR105863,2025-12-15,West Bengal,West Bengal City 3,Prepaid,0,Others,No Complaint,6.1,3.4,17
AIR105864,2025-02-15,Delhi,Delhi City 1,Postpaid,0,Network Issues,No Complaint,11.8,4.8,81
AIR105865,2025-03-15,Kerala,Kerala City 1,Postpaid,1,Slow Internet,Resolved,12.2,3.25,31
AIR105866,2025-04-15,Kerala,Kerala City 2,Postpaid,0,Network Issues,No Complaint,48.9,4.17,50
AIR105867,2025-05-15,Gujarat,Gujarat City 2,Postpaid,0,Others,No Complaint,32.7,4.21,43
AIR105868,2025-06-15,Maharashtra,Maharashtra City 2,Prepaid,0,Call Drops,No Complaint,5.1,3.33,13
AIR105869,2025-07-15,Kerala,Kerala City 1,Prepaid,0,Call Drops,No Complaint,10.1,3.8,4
AIR105870,2025-08-15,Karnataka,Karnataka City 2,Prepaid,0,Call Drops,No Complaint,4.8,3.11,1
AIR105871,2025-09-15,Uttar Pradesh,Uttar Pradesh City 3,Postpaid,0,Billing Issues,No Complaint,17.4,3.48,21
AIR105872,2025-10-15,Tamil Nadu,Tamil Nadu City 1,Prepaid,0,Billing Issues,No Complaint,11.4,3.09,21
AIR105873,2025-11-15,Tamil Nadu,Tamil Nadu City 2,Postpaid,1,Slow Internet,Resolved,24.6,2.82,21
AIR105874,2025-12-15,Uttar Pradesh,Uttar Pradesh City 3,Postpaid,0,Network Issues,No Complaint,26.1,3.06,-11
AIR105875,2025-02-15,Telangana,Telangana City 3,Prepaid,1,Slow Internet,Pending,26,3.33,-12
AIR105876,2025-03-15,Karnataka,Karnataka City 2,Postpaid,0,Slow Internet,No Complaint,33.9,3.63,11
AIR105877,2025-04-15,Delhi,Delhi City 3,Enterprise,1,Network Issues,In Progress,10.2,3.78,15
AIR105878,2025-05-15,Kerala,Kerala City 1,Prepaid,0,Call Drops,No Complaint,11.7,3.57,11
AIR105879,2025-06-15,Telangana,Telangana City 1,Prepaid,0,Slow Internet,No Complaint,48,3.91,33
AIR105880,2025-07-15,Karnataka,Karnataka City 3,Prepaid,0,Network Issues,No Complaint,16.3,3.98,54
AIR105881,2025-08-15,Gujarat,Gujarat City 1,Postpaid,0,Call Drops,No Complaint,4,3.39,0
AIR105882,2025-09-15,Tamil Nadu,Tamil Nadu City 2,Prepaid,1,Slow Internet,Resolved,11.4,3.77,15
AIR105883,2025-10-15,Telangana,Telangana City 3,Broadband,0,Call Drops,No Complaint,36.4,3.02,9
AIR105884,2025-11-15,Rajasthan,Rajasthan City 1,Postpaid,0,Network Issues,No Complaint,2.5,3.88,23
AIR105885,2025-12-15,Kerala,Kerala City 2,Broadband,1,Call Drops,Resolved,8.2,3.92,39
AIR105886,2025-02-15,Kerala,Kerala City 2,Prepaid,1,Call Drops,Resolved,6.2,3.99,49
AIR105887,2025-03-15,Delhi,Delhi City 1,Broadband,0,Call Drops,No Complaint,24.6,3.49,20
AIR105888,2025-04-15,Maharashtra,Maharashtra City 3,Prepaid,0,Network Issues,No Complaint,27.2,4.69,41
AIR105889,2025-05-15,Rajasthan,Rajasthan City 2,Prepaid,1,Slow Internet,In Progress,9.3,4.01,26
AIR105890,2025-06-15,Kerala,Kerala City 2,Broadband,0,Network Issues,No Complaint,9.3,3.5,25
AIR105891,2025-07-15,West Bengal,West Bengal City 2,Prepaid,0,Slow Internet,No Complaint,5.1,4.08,13
AIR105892,2025-08-15,Rajasthan,Rajasthan City 2,Broadband,0,Network Issues,No Complaint,36.6,3.33,15
AIR105893,2025-09-15,Kerala,Kerala City 3,Postpaid,0,Network Issues,No Complaint,23.9,3.16,-9
AIR105894,2025-10-15,Uttar Pradesh,Uttar Pradesh City 1,Enterprise,0,Slow Internet,No Complaint,42.7,3.37,30
AIR105895,2025-11-15,Rajasthan,Rajasthan City 1,Postpaid,0,Network Issues,No Complaint,31.3,3.48,26
AIR105896,2025-12-15,Karnataka,Karnataka City 1,Postpaid,1,Network Issues,Resolved,2.9,3.39,9
AIR105897,2025-02-15,Rajasthan,Rajasthan City 2,Prepaid,1,Call Drops,Resolved,3,3.41,14
AIR105898,2025-03-15,Delhi,Delhi City 3,Postpaid,0,Slow Internet,No Complaint,8.9,4.07,35
AIR105899,2025-04-15,Gujarat,Gujarat City 1,Postpaid,0,Network Issues,No Complaint,11.5,3.24,12
AIR105900,2025-05-15,Gujarat,Gujarat City 3,Postpaid,0,Network Issues,No Complaint,18.8,3.43,21
AIR105901,2025-06-15,Gujarat,Gujarat City 1,Prepaid,0,Slow Internet,No Complaint,13.3,3.79,47
AIR105902,2025-07-15,Karnataka,Karnataka City 2,Prepaid,0,Billing Issues,No Complaint,10,3.16,-6
AIR105903,2025-08-15,Telangana,Telangana City 1,Prepaid,0,Call Drops,No Complaint,2.8,3.25,15
AIR105904,2025-09-15,Gujarat,Gujarat City 2,Prepaid,0,Call Drops,No Complaint,11.6,3.14,6
AIR105905,2025-10-15,Tamil Nadu,Tamil Nadu City 2,Prepaid,0,Network Issues,No Complaint,39.5,3.28,-28
AIR105906,2025-11-15,Karnataka,Karnataka City 1,Broadband,0,Network Issues,No Complaint,7,4.13,44
AIR105907,2025-12-15,Telangana,Telangana City 3,Prepaid,0,Slow Internet,No Complaint,11.1,4,40
AIR105908,2025-02-15,Tamil Nadu,Tamil Nadu City 2,Prepaid,0,Network Issues,No Complaint,2.9,3.59,9
AIR105909,2025-03-15,Tamil Nadu,Tamil Nadu City 3,Enterprise,0,Network Issues,No Complaint,57.9,4.02,46
AIR105910,2025-04-15,Tamil Nadu,Tamil Nadu City 1,Prepaid,0,Call Drops,No Complaint,41.4,4.14,31
AIR105911,2025-05-15,West Bengal,West Bengal City 2,Postpaid,0,Network Issues,No Complaint,42.3,3.51,14
AIR105912,2025-06-15,Delhi,Delhi City 3,Postpaid,1,Slow Internet,Resolved,11.9,3.14,-8
AIR105913,2025-07-15,Delhi,Delhi City 2,Postpaid,1,Slow Internet,Pending,6.3,4.43,48
AIR105914,2025-08-15,Karnataka,Karnataka City 1,Postpaid,0,Slow Internet,No Complaint,17.7,3.73,31
AIR105915,2025-09-15,Tamil Nadu,Tamil Nadu City 2,Postpaid,1,Network Issues,In Progress,14.6,3.27,22
AIR105916,2025-10-15,Uttar Pradesh,Uttar Pradesh City 1,Prepaid,0,Call Drops,No Complaint,17.8,3.77,26
AIR105917,2025-11-15,Rajasthan,Rajasthan City 3,Postpaid,0,Network Issues,No Complaint,14.9,3.83,37
AIR105918,2025-12-15,Telangana,Telangana City 2,Postpaid,0,Network Issues,No Complaint,9.1,3.18,7
AIR105919,2025-02-15,Delhi,Delhi City 3,Prepaid,0,Slow Internet,No Complaint,19.2,3.93,24
AIR105920,2025-03-15,Gujarat,Gujarat City 1,Prepaid,0,Slow Internet,No Complaint,13.5,3.29,11
AIR105921,2025-04-15,Karnataka,Karnataka City 1,Broadband,0,Network Issues,No Complaint,13,2.93,2
AIR105922,2025-05-15,Telangana,Telangana City 3,Postpaid,0,Slow Internet,No Complaint,15.3,4.69,43
AIR105923,2025-06-15,Karnataka,Karnataka City 3,Prepaid,1,Network Issues,Pending,14.8,4.24,48
AIR105924,2025-07-15,Uttar Pradesh,Uttar Pradesh City 1,Broadband,0,Billing Issues,No Complaint,9.1,3.96,38
AIR105925,2025-08-15,West Bengal,West Bengal City 3,Postpaid,0,Slow Internet,No Complaint,30.5,3.82,17
AIR105926,2025-09-15,West Bengal,West Bengal City 1,Enterprise,0,Call Drops,No Complaint,9.2,3.59,19
AIR105927,2025-10-15,Tamil Nadu,Tamil Nadu City 3,Broadband,0,Call Drops,No Complaint,1.7,3.72,20
AIR105928,2025-11-15,West Bengal,West Bengal City 1,Postpaid,1,Slow Internet,Resolved,3.6,3.62,10
AIR105929,2025-12-15,Karnataka,Karnataka City 1,Postpaid,0,Slow Internet,No Complaint,6,3.43,36
AIR105930,2025-02-15,Gujarat,Gujarat City 2,Postpaid,0,Network Issues,No Complaint,4.4,2.84,9
AIR105931,2025-03-15,Tamil Nadu,Tamil Nadu City 1,Broadband,0,Network Issues,No Complaint,8.9,3.93,31
AIR105932,2025-04-15,Kerala,Kerala City 1,Postpaid,0,Network Issues,No Complaint,3.1,3.93,25
AIR105933,2025-05-15,Telangana,Telangana City 2,Prepaid,1,Slow Internet,Resolved,14.4,3.39,-4
AIR105934,2025-06-15,Uttar Pradesh,Uttar Pradesh City 2,Prepaid,1,Network Issues,Resolved,24.8,4.23,37
AIR105935,2025-07-15,Tamil Nadu,Tamil Nadu City 3,Prepaid,1,Slow Internet,Resolved,12.2,3.34,8
AIR105936,2025-08-15,Karnataka,Karnataka City 3,Broadband,0,Call Drops,No Complaint,16,3.79,20
AIR105937,2025-09-15,Telangana,Telangana City 1,Broadband,1,Billing Issues,In Progress,13.1,3.88,33
AIR105938,2025-10-15,Gujarat,Gujarat City 3,Postpaid,0,Network Issues,No Complaint,5.2,3.33,17
AIR105939,2025-11-15,Maharashtra,Maharashtra City 3,Postpaid,0,Slow Internet,No Complaint,31.6,2.91,5
AIR105940,2025-12-15,Uttar Pradesh,Uttar Pradesh City 1,Broadband,0,Slow Internet,No Complaint,4.6,2.98,-1
AIR105941,2025-02-15,Karnataka,Karnataka City 2,Prepaid,1,Billing Issues,Resolved,18.5,3.25,5
AIR105942,2025-03-15,Uttar Pradesh,Uttar Pradesh City 2,Prepaid,1,Slow Internet,Resolved,17.4,3.98,40
AIR105943,2025-04-15,Delhi,Delhi City 1,Postpaid,0,Slow Internet,No Complaint,25.3,4.02,18
AIR105944,2025-05-15,Maharashtra,Maharashtra City 1,Broadband,1,Network Issues,Resolved,18.9,3.19,2
AIR105945,2025-06-15,Telangana,Telangana City 1,Postpaid,0,Others,No Complaint,14.1,3.65,36
AIR105946,2025-07-15,West Bengal,West Bengal City 1,Prepaid,1,Network Issues,Resolved,13.4,3.61,26
AIR105947,2025-08-15,Karnataka,Karnataka City 1,Prepaid,0,Network Issues,No Complaint,25.4,3.34,8
AIR105948,2025-09-15,Uttar Pradesh,Uttar Pradesh City 1,Postpaid,0,Network Issues,No Complaint,2.2,3.82,34
AIR105949,2025-10-15,Telangana,Telangana City 3,Broadband,0,Network Issues,No Complaint,1.1,3.29,14
AIR105950,2025-11-15,West Bengal,West Bengal City 3,Postpaid,0,Network Issues,No Complaint,61.3,3.65,41
AIR105951,2025-12-15,Gujarat,Gujarat City 3,Prepaid,0,Call Drops,No Complaint,12.3,3.19,25
AIR105952,2025-02-15,Gujarat,Gujarat City 2,Prepaid,1,Slow Internet,Resolved,13.6,2.9,-2
AIR105953,2025-03-15,Uttar Pradesh,Uttar Pradesh City 1,Broadband,1,Call Drops,Resolved,4.6,3.71,31
AIR105954,2025-04-15,Tamil Nadu,Tamil Nadu City 1,Prepaid,0,Network Issues,No Complaint,14.5,3.31,11
AIR105955,2025-05-15,Delhi,Delhi City 3,Prepaid,0,Slow Internet,No Complaint,11.9,3.64,15
AIR105956,2025-06-15,Tamil Nadu,Tamil Nadu City 2,Broadband,0,Slow Internet,No Complaint,27.8,3.22,8
AIR105957,2025-07-15,Delhi,Delhi City 3,Enterprise,0,Network Issues,No Complaint,8.5,3.09,0
AIR105958,2025-08-15,Karnataka,Karnataka City 1,Postpaid,0,Call Drops,No Complaint,9.1,3.26,16
AIR105959,2025-09-15,Kerala,Kerala City 1,Postpaid,0,Slow Internet,No Complaint,4.7,3.74,16
AIR105960,2025-10-15,Uttar Pradesh,Uttar Pradesh City 3,Prepaid,0,Network Issues,No Complaint,22.3,3.62,15
AIR105961,2025-11-15,Rajasthan,Rajasthan City 3,Prepaid,0,Slow Internet,No Complaint,5.4,3.99,36
AIR105962,2025-12-15,Uttar Pradesh,Uttar Pradesh City 1,Prepaid,1,Network Issues,Resolved,27.2,4.12,35
AIR105963,2025-02-15,Maharashtra,Maharashtra City 3,Postpaid,1,Slow Internet,Resolved,18.5,3.72,15
AIR105964,2025-03-15,West Bengal,West Bengal City 1,Prepaid,0,Slow Internet,No Complaint,1,4.49,69
AIR105965,2025-04-15,Maharashtra,Maharashtra City 3,Broadband,1,Network Issues,Resolved,15.1,4.02,52
AIR105966,2025-05-15,Gujarat,Gujarat City 2,Prepaid,0,Network Issues,No Complaint,16.6,3.76,33
AIR105967,2025-06-15,Delhi,Delhi City 1,Postpaid,1,Call Drops,Resolved,25.9,3.61,10
AIR105968,2025-07-15,West Bengal,West Bengal City 2,Postpaid,1,Call Drops,Resolved,13.6,4.32,64
AIR105969,2025-08-15,Gujarat,Gujarat City 3,Postpaid,0,Network Issues,No Complaint,12.5,3.65,27
AIR105970,2025-09-15,West Bengal,West Bengal City 2,Prepaid,1,Others,Resolved,20.7,3.61,12
AIR105971,2025-10-15,Tamil Nadu,Tamil Nadu City 3,Broadband,0,Billing Issues,No Complaint,16,3.91,38
AIR105972,2025-11-15,Gujarat,Gujarat City 2,Prepaid,1,Slow Internet,In Progress,23.9,4.06,51
AIR105973,2025-12-15,Tamil Nadu,Tamil Nadu City 2,Postpaid,1,Slow Internet,Resolved,28.9,3.9,34
AIR105974,2025-02-15,Tamil Nadu,Tamil Nadu City 2,Postpaid,0,Slow Internet,No Complaint,5.1,3.97,23
AIR105975,2025-03-15,West Bengal,West Bengal City 1,Prepaid,0,Slow Internet,No Complaint,27.6,3.13,18
AIR105976,2025-04-15,Telangana,Telangana City 2,Postpaid,1,Network Issues,Resolved,14.7,3.54,16
AIR105977,2025-05-15,Maharashtra,Maharashtra City 3,Postpaid,1,Network Issues,In Progress,6.2,3.28,7
AIR105978,2025-06-15,Gujarat,Gujarat City 3,Broadband,0,Network Issues,No Complaint,8.1,3.11,11
AIR105979,2025-07-15,Rajasthan,Rajasthan City 1,Broadband,0,Network Issues,No Complaint,16,4.38,72
AIR105980,2025-08-15,Telangana,Telangana City 1,Prepaid,0,Slow Internet,No Complaint,23.3,3.87,26
AIR105981,2025-09-15,Maharashtra,Maharashtra City 3,Prepaid,1,Slow Internet,Resolved,27.6,3.67,42
AIR105982,2025-10-15,Gujarat,Gujarat City 2,Prepaid,0,Network Issues,No Complaint,8.9,3.09,8
AIR105983,2025-11-15,Delhi,Delhi City 3,Enterprise,1,Network Issues,Resolved,43.9,3.86,26
AIR105984,2025-12-15,Maharashtra,Maharashtra City 1,Prepaid,1,Billing Issues,Pending,13.8,3.93,31
AIR105985,2025-02-15,Rajasthan,Rajasthan City 1,Postpaid,1,Slow Internet,Pending,6.9,3.94,38
AIR105986,2025-03-15,Uttar Pradesh,Uttar Pradesh City 3,Postpaid,1,Slow Internet,In Progress,60.3,4.1,48
AIR105987,2025-04-15,Karnataka,Karnataka City 2,Postpaid,0,Call Drops,No Complaint,8.1,2.93,8
AIR105988,2025-05-15,Tamil Nadu,Tamil Nadu City 2,Prepaid,0,Call Drops,No Complaint,38.9,3.38,17
AIR105989,2025-06-15,Karnataka,Karnataka City 1,Prepaid,0,Network Issues,No Complaint,27.8,4.53,54
AIR105990,2025-07-15,Telangana,Telangana City 3,Prepaid,1,Slow Internet,Pending,35,3.28,5
AIR105991,2025-08-15,Uttar Pradesh,Uttar Pradesh City 3,Prepaid,1,Network Issues,Resolved,43.5,3.5,26
AIR105992,2025-09-15,Tamil Nadu,Tamil Nadu City 1,Prepaid,1,Slow Internet,Resolved,3.8,4.54,57
AIR105993,2025-10-15,Gujarat,Gujarat City 3,Prepaid,0,Network Issues,No Complaint,11.1,3.44,29
AIR105994,2025-11-15,Telangana,Telangana City 1,Postpaid,1,Call Drops,Resolved,16.6,3.46,-6
AIR105995,2025-12-15,Rajasthan,Rajasthan City 2,Prepaid,0,Slow Internet,No Complaint,16,3.62,3
AIR105996,2025-02-15,West Bengal,West Bengal City 2,Prepaid,0,Slow Internet,No Complaint,13.1,4.06,30
AIR105997,2025-03-15,Gujarat,Gujarat City 3,Prepaid,0,Others,No Complaint,17.3,3.84,31
AIR105998,2025-04-15,Maharashtra,Maharashtra City 2,Prepaid,0,Call Drops,No Complaint,25,4.19,55
AIR105999,2025-05-15,West Bengal,West Bengal City 2,Prepaid,1,Slow Internet,Resolved,22.7,3.62,10
AIR106000,2025-06-15,Telangana,Telangana City 1,Prepaid,0,Network Issues,No Complaint,8.6,3.35,3
AIR106001,2025-07-15,Maharashtra,Maharashtra City 1,Postpaid,1,Slow Internet,In Progress,12,3.32,-11
AIR106002,2025-08-15,Rajasthan,Rajasthan City 3,Prepaid,0,Network Issues,No Complaint,6.7,3.4,24
AIR106003,2025-09-15,Karnataka,Karnataka City 1,Broadband,0,Network Issues,No Complaint,41.8,4.08,26
AIR106004,2025-10-15,Maharashtra,Maharashtra City 3,Prepaid,1,Slow Internet,In Progress,8,4.11,46
AIR106005,2025-11-15,Karnataka,Karnataka City 3,Broadband,0,Billing Issues,No Complaint,31.3,3.71,35
AIR106006,2025-12-15,Tamil Nadu,Tamil Nadu City 1,Broadband,0,Billing Issues,No Complaint,29.8,2.82,-6
AIR106007,2025-02-15,Delhi,Delhi City 2,Postpaid,0,Network Issues,No Complaint,12.1,4.05,40
AIR106008,2025-03-15,Kerala,Kerala City 2,Broadband,0,Call Drops,No Complaint,9.6,3.95,49
AIR106009,2025-04-15,Gujarat,Gujarat City 2,Prepaid,1,Call Drops,Pending,23,3.65,3
AIR106010,2025-05-15,Kerala,Kerala City 2,Prepaid,1,Network Issues,Resolved,11.4,3.52,12
AIR106011,2025-06-15,Tamil Nadu,Tamil Nadu City 3,Prepaid,0,Billing Issues,No Complaint,2.5,3.3,15
AIR106012,2025-07-15,Maharashtra,Maharashtra City 2,Prepaid,0,Network Issues,No Complaint,7,3.36,22
AIR106013,2025-08-15,Tamil Nadu,Tamil Nadu City 3,Prepaid,0,Call Drops,No Complaint,18,3.04,10
AIR106014,2025-09-15,Kerala,Kerala City 1,Postpaid,0,Slow Internet,No Complaint,21.7,3.34,12
AIR106015,2025-10-15,Kerala,Kerala City 1,Prepaid,0,Slow Internet,No Complaint,10.3,3.08,-9
AIR106016,2025-11-15,Gujarat,Gujarat City 3,Prepaid,1,Network Issues,In Progress,6.5,4.04,39
AIR106017,2025-12-15,West Bengal,West Bengal City 2,Prepaid,0,Slow Internet,No Complaint,21.2,4.37,42
AIR106018,2025-02-15,Uttar Pradesh,Uttar Pradesh City 3,Postpaid,0,Slow Internet,No Complaint,42.4,3.4,9
AIR106019,2025-03-15,Tamil Nadu,Tamil Nadu City 2,Enterprise,0,Network Issues,No Complaint,21.2,3.21,-7
AIR106020,2025-04-15,Delhi,Delhi City 2,Postpaid,0,Network Issues,No Complaint,20.7,3.24,5
AIR106021,2025-05-15,Uttar Pradesh,Uttar Pradesh City 3,Prepaid,1,Slow Internet,In Progress,33.8,3.2,-2
AIR106022,2025-06-15,Tamil Nadu,Tamil Nadu City 3,Prepaid,0,Slow Internet,No Complaint,16.4,4.03,33
AIR106023,2025-07-15,Rajasthan,Rajasthan City 2,Postpaid,0,Billing Issues,No Complaint,16,3.47,10
AIR106024,2025-08-15,Telangana,Telangana City 3,Prepaid,1,Network Issues,Resolved,16.3,3.19,8
AIR106025,2025-09-15,Telangana,Telangana City 2,Enterprise,0,Slow Internet,No Complaint,11.3,3.41,26
AIR106026,2025-10-15,Kerala,Kerala City 3,Prepaid,1,Network Issues,Resolved,49.3,3.3,12
AIR106027,2025-11-15,Telangana,Telangana City 1,Prepaid,0,Slow Internet,No Complaint,16.9,3.06,1
AIR106028,2025-12-15,Karnataka,Karnataka City 2,Enterprise,0,Call Drops,No Complaint,7.4,3.5,14
AIR106029,2025-02-15,Delhi,Delhi City 1,Broadband,1,Network Issues,Resolved,31.8,3.27,15
AIR106030,2025-03-15,Telangana,Telangana City 3,Postpaid,0,Network Issues,No Complaint,36.2,4.01,37
AIR106031,2025-04-15,Maharashtra,Maharashtra City 1,Prepaid,1,Billing Issues,Resolved,31.3,4.75,59
AIR106032,2025-05-15,Karnataka,Karnataka City 3,Postpaid,1,Billing Issues,Pending,7.4,3.44,25
AIR106033,2025-06-15,Uttar Pradesh,Uttar Pradesh City 2,Prepaid,1,Network Issues,Resolved,13.1,3.45,24
AIR106034,2025-07-15,Karnataka,Karnataka City 3,Prepaid,1,Network Issues,Resolved,19.2,3.97,22
AIR106035,2025-08-15,Tamil Nadu,Tamil Nadu City 3,Prepaid,0,Slow Internet,No Complaint,23.6,4.14,45
AIR106036,2025-09-15,Kerala,Kerala City 2,Postpaid,0,Network Issues,No Complaint,14.8,3.76,31
AIR106037,2025-10-15,Gujarat,Gujarat City 3,Postpaid,0,Call Drops,No Complaint,2.3,3.85,33
AIR106038,2025-11-15,Gujarat,Gujarat City 2,Prepaid,0,Network Issues,No Complaint,10.2,3.1,4
AIR106039,2025-12-15,Rajasthan,Rajasthan City 3,Broadband,0,Slow Internet,No Complaint,1,3.11,1
AIR106040,2025-02-15,Delhi,Delhi City 2,Prepaid,1,Slow Internet,Resolved,38.6,3.88,15
AIR106041,2025-03-15,Tamil Nadu,Tamil Nadu City 1,Prepaid,0,Slow Internet,No Complaint,25.1,4.77,58
AIR106042,2025-04-15,Gujarat,Gujarat City 3,Postpaid,0,Network Issues,No Complaint,2.7,3.3,20
AIR106043,2025-05-15,Kerala,Kerala City 3,Broadband,1,Call Drops,In Progress,7.5,4.06,33
AIR106044,2025-06-15,Uttar Pradesh,Uttar Pradesh City 3,Enterprise,0,Network Issues,No Complaint,11.5,3.27,11
AIR106045,2025-07-15,Gujarat,Gujarat City 2,Postpaid,1,Billing Issues,Resolved,8,3.25,0
AIR106046,2025-08-15,Maharashtra,Maharashtra City 3,Prepaid,0,Call Drops,No Complaint,2.8,4.37,72
AIR106047,2025-09-15,Karnataka,Karnataka City 2,Enterprise,0,Network Issues,No Complaint,18.4,4.5,69
AIR106048,2025-10-15,Gujarat,Gujarat City 3,Broadband,0,Network Issues,No Complaint,7.6,2.84,-14
AIR106049,2025-11-15,Tamil Nadu,Tamil Nadu City 1,Prepaid,0,Slow Internet,No Complaint,39.9,3.85,21
AIR106050,2025-12-15,Telangana,Telangana City 3,Postpaid,0,Network Issues,No Complaint,25.1,3.47,23
AIR106051,2025-02-15,Telangana,Telangana City 1,Postpaid,0,Slow Internet,No Complaint,13.8,3.04,2
AIR106052,2025-03-15,Uttar Pradesh,Uttar Pradesh City 2,Prepaid,0,Call Drops,No Complaint,5.9,3.29,7
AIR106053,2025-04-15,Telangana,Telangana City 1,Enterprise,0,Slow Internet,No Complaint,5,3.25,10
AIR106054,2025-05-15,Uttar Pradesh,Uttar Pradesh City 3,Prepaid,1,Slow Internet,Resolved,14,3.52,28
AIR106055,2025-06-15,Tamil Nadu,Tamil Nadu City 3,Postpaid,1,Slow Internet,In Progress,46.8,3.68,36
AIR106056,2025-07-15,Delhi,Delhi City 2,Prepaid,1,Others,In Progress,9.7,4.29,41
AIR106057,2025-08-15,Telangana,Telangana City 3,Postpaid,1,Call Drops,Resolved,45.8,3.52,29
AIR106058,2025-09-15,Rajasthan,Rajasthan City 3,Postpaid,1,Network Issues,Resolved,20.3,3.75,38
AIR106059,2025-10-15,Kerala,Kerala City 2,Prepaid,0,Billing Issues,No Complaint,14.1,3.52,39
AIR106060,2025-11-15,Karnataka,Karnataka City 2,Prepaid,1,Call Drops,Resolved,14.8,3.95,37
AIR106061,2025-12-15,Telangana,Telangana City 1,Enterprise,0,Network Issues,No Complaint,18.3,3.33,10
AIR106062,2025-02-15,Uttar Pradesh,Uttar Pradesh City 2,Postpaid,1,Network Issues,Pending,23.1,3.66,32
AIR106063,2025-03-15,Tamil Nadu,Tamil Nadu City 3,Postpaid,0,Slow Internet,No Complaint,21.5,4.17,49
AIR106064,2025-04-15,Telangana,Telangana City 2,Prepaid,0,Slow Internet,No Complaint,8.4,3.02,0
AIR106065,2025-05-15,Gujarat,Gujarat City 3,Prepaid,0,Call Drops,No Complaint,12.1,3.57,21
AIR106066,2025-06-15,Telangana,Telangana City 1,Postpaid,1,Network Issues,Pending,14.3,4.67,71
AIR106067,2025-07-15,Uttar Pradesh,Uttar Pradesh City 2,Broadband,0,Network Issues,No Complaint,4.8,3.82,12
AIR106068,2025-08-15,Maharashtra,Maharashtra City 3,Prepaid,0,Call Drops,No Complaint,13.2,3.85,40
AIR106069,2025-09-15,Maharashtra,Maharashtra City 2,Postpaid,1,Call Drops,Resolved,4.4,4.23,34
AIR106070,2025-10-15,Telangana,Telangana City 2,Prepaid,0,Slow Internet,No Complaint,8.4,2.97,-4
AIR106071,2025-11-15,Karnataka,Karnataka City 2,Prepaid,1,Slow Internet,Resolved,9.8,4.64,57
AIR106072,2025-12-15,Tamil Nadu,Tamil Nadu City 2,Postpaid,0,Slow Internet,No Complaint,8.5,3.25,11
AIR106073,2025-02-15,Rajasthan,Rajasthan City 1,Prepaid,0,Billing Issues,No Complaint,10.4,4.31,56
AIR106074,2025-03-15,Rajasthan,Rajasthan City 3,Prepaid,0,Slow Internet,No Complaint,21.1,3.31,22
AIR106075,2025-04-15,Telangana,Telangana City 2,Postpaid,0,Network Issues,No Complaint,1.3,2.78,-2
AIR106076,2025-05-15,Telangana,Telangana City 3,Postpaid,0,Billing Issues,No Complaint,13.7,3.51,5
AIR106077,2025-06-15,Maharashtra,Maharashtra City 1,Postpaid,0,Slow Internet,No Complaint,20.1,3.17,11
AIR106078,2025-07-15,Uttar Pradesh,Uttar Pradesh City 3,Postpaid,1,Others,Resolved,3.3,3.47,16
AIR106079,2025-08-15,Karnataka,Karnataka City 3,Postpaid,0,Slow Internet,No Complaint,19.2,3.82,27
AIR106080,2025-09-15,Telangana,Telangana City 1,Prepaid,0,Slow Internet,No Complaint,20,3.67,12
AIR106081,2025-10-15,Rajasthan,Rajasthan City 2,Prepaid,1,Call Drops,Resolved,14,3,1
AIR106082,2025-11-15,Tamil Nadu,Tamil Nadu City 3,Postpaid,0,Call Drops,No Complaint,3.6,3.53,-1
AIR106083,2025-12-15,Delhi,Delhi City 3,Prepaid,0,Network Issues,No Complaint,6,4.35,33
AIR106084,2025-02-15,Gujarat,Gujarat City 2,Broadband,1,Network Issues,Pending,4.7,2.88,-11
AIR106085,2025-03-15,Telangana,Telangana City 2,Postpaid,0,Slow Internet,No Complaint,18.4,3.56,30
AIR106086,2025-04-15,Uttar Pradesh,Uttar Pradesh City 3,Prepaid,0,Network Issues,No Complaint,29.1,3.75,30
AIR106087,2025-05-15,Telangana,Telangana City 1,Postpaid,0,Network Issues,No Complaint,5.1,3.22,5
AIR106088,2025-06-15,Uttar Pradesh,Uttar Pradesh City 2,Broadband,0,Billing Issues,No Complaint,12.2,3.37,16
AIR106089,2025-07-15,Karnataka,Karnataka City 2,Prepaid,0,Network Issues,No Complaint,3.7,2.78,-8
AIR106090,2025-08-15,Delhi,Delhi City 1,Prepaid,0,Call Drops,No Complaint,9.8,3.47,21
AIR106091,2025-09-15,Kerala,Kerala City 3,Broadband,1,Call Drops,In Progress,30.5,3.81,21
AIR106092,2025-10-15,Tamil Nadu,Tamil Nadu City 2,Prepaid,0,Network Issues,No Complaint,3.9,3.58,30
AIR106093,2025-11-15,Tamil Nadu,Tamil Nadu City 3,Prepaid,0,Network Issues,No Complaint,16.7,3.16,-3
AIR106094,2025-12-15,Uttar Pradesh,Uttar Pradesh City 3,Prepaid,0,Call Drops,No Complaint,18.8,3.7,29
AIR106095,2025-02-15,Maharashtra,Maharashtra City 3,Postpaid,0,Call Drops,No Complaint,5.5,3.73,24
AIR106096,2025-03-15,Uttar Pradesh,Uttar Pradesh City 1,Postpaid,1,Network Issues,Resolved,20.4,4.16,32
AIR106097,2025-04-15,Maharashtra,Maharashtra City 3,Postpaid,0,Billing Issues,No Complaint,11.9,3.15,-5
AIR106098,2025-05-15,West Bengal,West Bengal City 3,Broadband,1,Network Issues,In Progress,31.4,3.86,34
AIR106099,2025-06-15,Rajasthan,Rajasthan City 2,Postpaid,1,Network Issues,Resolved,12,3.49,14
AIR106100,2025-07-15,Tamil Nadu,Tamil Nadu City 2,Enterprise,0,Billing Issues,No Complaint,22.4,3.72,31
AIR106101,2025-08-15,Karnataka,Karnataka City 1,Postpaid,1,Slow Internet,Resolved,18.6,3.75,21
AIR106102,2025-09-15,Uttar Pradesh,Uttar Pradesh City 1,Prepaid,0,Network Issues,No Complaint,4.1,3.53,19
AIR106103,2025-10-15,Karnataka,Karnataka City 2,Enterprise,0,Billing Issues,No Complaint,7.4,3.13,6
AIR106104,2025-11-15,Delhi,Delhi City 2,Prepaid,0,Call Drops,No Complaint,29,3.48,22
AIR106105,2025-12-15,Karnataka,Karnataka City 1,Postpaid,1,Network Issues,Resolved,46.3,3.56,12
AIR106106,2025-02-15,Telangana,Telangana City 3,Prepaid,0,Network Issues,No Complaint,18.8,4.06,16
AIR106107,2025-03-15,Rajasthan,Rajasthan City 1,Postpaid,1,Network Issues,Pending,13.2,3.53,39
AIR106108,2025-04-15,Telangana,Telangana City 3,Broadband,0,Call Drops,No Complaint,12.4,2.98,3
AIR106109,2025-05-15,Gujarat,Gujarat City 2,Prepaid,0,Network Issues,No Complaint,33.4,4.2,39
AIR106110,2025-06-15,Uttar Pradesh,Uttar Pradesh City 2,Prepaid,1,Network Issues,In Progress,18,3.44,7
AIR106111,2025-07-15,Tamil Nadu,Tamil Nadu City 2,Prepaid,0,Network Issues,No Complaint,5.7,2.94,5
AIR106112,2025-08-15,Uttar Pradesh,Uttar Pradesh City 3,Postpaid,0,Network Issues,No Complaint,6,3.65,-3
AIR106113,2025-09-15,Rajasthan,Rajasthan City 1,Prepaid,0,Call Drops,No Complaint,31.9,3.9,31
AIR106114,2025-10-15,Kerala,Kerala City 3,Postpaid,0,Slow Internet,No Complaint,5.5,3.48,4
AIR106115,2025-11-15,Kerala,Kerala City 1,Prepaid,0,Call Drops,No Complaint,11.8,3.33,13
AIR106116,2025-12-15,Gujarat,Gujarat City 1,Prepaid,0,Call Drops,No Complaint,19.9,4.12,24
AIR106117,2025-02-15,Rajasthan,Rajasthan City 1,Postpaid,1,Network Issues,Resolved,19,4.38,40
AIR106118,2025-03-15,West Bengal,West Bengal City 2,Postpaid,0,Network Issues,No Complaint,10.4,3.88,36
AIR106119,2025-04-15,West Bengal,West Bengal City 1,Prepaid,0,Billing Issues,No Complaint,8.9,4.55,51
AIR106120,2025-05-15,West Bengal,West Bengal City 2,Postpaid,0,Slow Internet,No Complaint,18.4,3.32,16
AIR106121,2025-06-15,Tamil Nadu,Tamil Nadu City 1,Broadband,0,Call Drops,No Complaint,5.8,4.6,42
AIR106122,2025-07-15,Tamil Nadu,Tamil Nadu City 1,Prepaid,0,Call Drops,No Complaint,29.3,4.03,38
AIR106123,2025-08-15,West Bengal,West Bengal City 2,Prepaid,0,Call Drops,No Complaint,14.3,4.07,43
AIR106124,2025-09-15,Kerala,Kerala City 2,Postpaid,0,Network Issues,No Complaint,21.8,3.7,18
AIR106125,2025-10-15,Rajasthan,Rajasthan City 3,Prepaid,1,Billing Issues,In Progress,11.5,3.29,24
AIR106126,2025-11-15,Karnataka,Karnataka City 1,Prepaid,0,Slow Internet,No Complaint,11.9,3.95,24
AIR106127,2025-12-15,Rajasthan,Rajasthan City 2,Postpaid,0,Billing Issues,No Complaint,21.9,3.58,7
AIR106128,2025-02-15,West Bengal,West Bengal City 3,Prepaid,0,Slow Internet,No Complaint,7.9,3.44,-4
AIR106129,2025-03-15,Rajasthan,Rajasthan City 3,Prepaid,0,Network Issues,No Complaint,31,3.67,30
AIR106130,2025-04-15,Delhi,Delhi City 2,Enterprise,0,Billing Issues,No Complaint,5.1,4.38,63
AIR106131,2025-05-15,Tamil Nadu,Tamil Nadu City 1,Prepaid,1,Others,Resolved,10,3.83,42
AIR106132,2025-06-15,Tamil Nadu,Tamil Nadu City 3,Broadband,0,Network Issues,No Complaint,17.3,3.97,21
AIR106133,2025-07-15,Kerala,Kerala City 1,Prepaid,0,Call Drops,No Complaint,23.2,3.8,31
AIR106134,2025-08-15,Karnataka,Karnataka City 1,Broadband,0,Slow Internet,No Complaint,6.2,3.74,22
AIR106135,2025-09-15,West Bengal,West Bengal City 3,Postpaid,0,Call Drops,No Complaint,7,3.76,28
AIR106136,2025-10-15,Uttar Pradesh,Uttar Pradesh City 2,Prepaid,0,Billing Issues,No Complaint,14.9,2.93,6
AIR106137,2025-11-15,Kerala,Kerala City 1,Postpaid,0,Slow Internet,No Complaint,19.9,3.5,3
AIR106138,2025-12-15,Kerala,Kerala City 2,Broadband,0,Billing Issues,No Complaint,17.6,3.14,11
AIR106139,2025-02-15,Karnataka,Karnataka City 3,Prepaid,0,Billing Issues,No Complaint,7.3,4.15,43
AIR106140,2025-03-15,Telangana,Telangana City 1,Postpaid,0,Call Drops,No Complaint,12,3.2,6
AIR106141,2025-04-15,West Bengal,West Bengal City 2,Prepaid,1,Network Issues,In Progress,14.2,4.66,64
AIR106142,2025-05-15,Uttar Pradesh,Uttar Pradesh City 2,Postpaid,0,Network Issues,No Complaint,19.1,3.73,40
AIR106143,2025-06-15,Tamil Nadu,Tamil Nadu City 1,Postpaid,0,Network Issues,No Complaint,18.1,3.73,29
AIR106144,2025-07-15,Karnataka,Karnataka City 2,Prepaid,0,Network Issues,No Complaint,11.6,3.14,0
AIR106145,2025-08-15,Uttar Pradesh,Uttar Pradesh City 2,Prepaid,0,Network Issues,No Complaint,7.5,3.44,18
AIR106146,2025-09-15,Delhi,Delhi City 3,Postpaid,1,Billing Issues,Resolved,9.2,3.82,21
AIR106147,2025-10-15,Kerala,Kerala City 3,Broadband,1,Call Drops,In Progress,7.4,3.79,29
AIR106148,2025-11-15,Karnataka,Karnataka City 2,Prepaid,0,Slow Internet,No Complaint,3.9,3.36,24
AIR106149,2025-12-15,Tamil Nadu,Tamil Nadu City 2,Postpaid,0,Slow Internet,No Complaint,4.2,3.59,28
AIR106150,2025-02-15,Rajasthan,Rajasthan City 1,Prepaid,0,Billing Issues,No Complaint,2.3,3.67,15
AIR106151,2025-03-15,Tamil Nadu,Tamil Nadu City 3,Postpaid,1,Slow Internet,Resolved,6.9,3.32,18
AIR106152,2025-04-15,Delhi,Delhi City 1,Postpaid,1,Network Issues,Pending,2.6,4.68,61
AIR106153,2025-05-15,Karnataka,Karnataka City 2,Postpaid,0,Network Issues,No Complaint,26.3,4.21,50
AIR106154,2025-06-15,Delhi,Delhi City 1,Broadband,0,Slow Internet,No Complaint,13.1,3.98,40
AIR106155,2025-07-15,West Bengal,West Bengal City 2,Prepaid,1,Slow Internet,Resolved,1,2.74,-4
AIR106156,2025-08-15,West Bengal,West Bengal City 3,Prepaid,0,Others,No Complaint,40,3.45,17
AIR106157,2025-09-15,Rajasthan,Rajasthan City 3,Enterprise,0,Call Drops,No Complaint,8.6,2.91,-6
AIR106158,2025-10-15,Kerala,Kerala City 2,Prepaid,0,Call Drops,No Complaint,25.8,4.63,54
AIR106159,2025-11-15,Telangana,Telangana City 3,Postpaid,0,Billing Issues,No Complaint,12.1,3.66,16
AIR106160,2025-12-15,Maharashtra,Maharashtra City 2,Postpaid,0,Call Drops,No Complaint,23.5,3.84,30
AIR106161,2025-02-15,Uttar Pradesh,Uttar Pradesh City 1,Postpaid,0,Call Drops,No Complaint,20.9,3.39,18
AIR106162,2025-03-15,Delhi,Delhi City 2,Prepaid,0,Network Issues,No Complaint,7.7,3.41,19
AIR106163,2025-04-15,Uttar Pradesh,Uttar Pradesh City 1,Prepaid,0,Call Drops,No Complaint,3.6,3.6,16
AIR106164,2025-05-15,Rajasthan,Rajasthan City 2,Postpaid,0,Others,No Complaint,19.7,3.49,22
AIR106165,2025-06-15,Uttar Pradesh,Uttar Pradesh City 3,Prepaid,1,Network Issues,Resolved,8.7,3.86,34
AIR106166,2025-07-15,Uttar Pradesh,Uttar Pradesh City 2,Postpaid,0,Network Issues,No Complaint,9.4,3.86,35
AIR106167,2025-08-15,Tamil Nadu,Tamil Nadu City 2,Postpaid,0,Network Issues,No Complaint,17.1,3.31,17
AIR106168,2025-09-15,Karnataka,Karnataka City 2,Prepaid,1,Call Drops,Resolved,25.5,4.01,33
AIR106169,2025-10-15,Kerala,Kerala City 3,Prepaid,0,Slow Internet,No Complaint,5.2,3.94,37
AIR106170,2025-11-15,Maharashtra,Maharashtra City 2,Broadband,0,Others,No Complaint,20.9,3.32,5
AIR106171,2025-12-15,Karnataka,Karnataka City 3,Postpaid,1,Others,Resolved,9.4,3.28,-8
AIR106172,2025-02-15,Tamil Nadu,Tamil Nadu City 2,Postpaid,1,Slow Internet,In Progress,56.2,3.96,18
AIR106173,2025-03-15,Uttar Pradesh,Uttar Pradesh City 1,Broadband,0,Call Drops,No Complaint,25.6,3.62,18
AIR106174,2025-04-15,Maharashtra,Maharashtra City 2,Postpaid,1,Network Issues,Resolved,29.6,4.2,18
AIR106175,2025-05-15,Tamil Nadu,Tamil Nadu City 1,Enterprise,1,Slow Internet,Resolved,10.2,4.32,41
AIR106176,2025-06-15,Tamil Nadu,Tamil Nadu City 3,Prepaid,0,Call Drops,No Complaint,12.4,3.56,20
AIR106177,2025-07-15,Tamil Nadu,Tamil Nadu City 3,Broadband,0,Network Issues,No Complaint,5.4,3.29,12
AIR106178,2025-08-15,West Bengal,West Bengal City 2,Prepaid,0,Network Issues,No Complaint,10.1,3.93,50
AIR106179,2025-09-15,Maharashtra,Maharashtra City 3,Broadband,1,Slow Internet,Pending,15.2,3.38,25
AIR106180,2025-10-15,Tamil Nadu,Tamil Nadu City 2,Broadband,0,Network Issues,No Complaint,16.2,2.95,-8
AIR106181,2025-11-15,Telangana,Telangana City 3,Prepaid,0,Others,No Complaint,2.9,4.1,50
AIR106182,2025-12-15,Uttar Pradesh,Uttar Pradesh City 1,Prepaid,0,Network Issues,No Complaint,16.5,3.78,19
AIR106183,2025-02-15,Maharashtra,Maharashtra City 3,Postpaid,0,Call Drops,No Complaint,14.1,3.35,21
AIR106184,2025-03-15,West Bengal,West Bengal City 1,Prepaid,0,Call Drops,No Complaint,62.6,3.78,20
AIR106185,2025-04-15,Delhi,Delhi City 2,Postpaid,0,Call Drops,No Complaint,43.3,3.38,24
AIR106186,2025-05-15,Delhi,Delhi City 2,Prepaid,1,Call Drops,In Progress,8.3,3.95,33
AIR106187,2025-06-15,Kerala,Kerala City 2,Broadband,0,Slow Internet,No Complaint,15.8,4.15,34
AIR106188,2025-07-15,Gujarat,Gujarat City 1,Prepaid,0,Call Drops,No Complaint,19.4,3.82,27
AIR106189,2025-08-15,Telangana,Telangana City 2,Postpaid,0,Slow Internet,No Complaint,17.5,4.01,36
AIR106190,2025-09-15,Delhi,Delhi City 2,Prepaid,1,Call Drops,Resolved,8.6,4.28,47
AIR106191,2025-10-15,West Bengal,West Bengal City 1,Prepaid,0,Network Issues,No Complaint,10.6,3.94,34
AIR106192,2025-11-15,Gujarat,Gujarat City 3,Prepaid,1,Call Drops,Resolved,23.7,3.6,5
AIR106193,2025-12-15,Tamil Nadu,Tamil Nadu City 2,Postpaid,0,Network Issues,No Complaint,4.5,3.08,16
AIR106194,2025-02-15,Tamil Nadu,Tamil Nadu City 3,Prepaid,0,Billing Issues,No Complaint,17.2,4.24,34
AIR106195,2025-03-15,Rajasthan,Rajasthan City 3,Broadband,0,Network Issues,No Complaint,19.9,3.31,19
AIR106196,2025-04-15,Uttar Pradesh,Uttar Pradesh City 2,Prepaid,1,Network Issues,Resolved,11,3.76,21
AIR106197,2025-05-15,Gujarat,Gujarat City 2,Postpaid,0,Others,No Complaint,15.8,3.69,29
AIR106198,2025-06-15,Uttar Pradesh,Uttar Pradesh City 1,Postpaid,0,Network Issues,No Complaint,35.9,4.03,33
AIR106199,2025-07-15,West Bengal,West Bengal City 1,Postpaid,0,Slow Internet,No Complaint,34.2,3.78,26
AIR106200,2025-08-15,Telangana,Telangana City 2,Prepaid,0,Call Drops,No Complaint,15.9,3.57,31
AIR106201,2025-09-15,Gujarat,Gujarat City 3,Postpaid,0,Network Issues,No Complaint,5.7,4.61,49
AIR106202,2025-10-15,Delhi,Delhi City 1,Postpaid,0,Billing Issues,No Complaint,1.2,4.27,51
AIR106203,2025-11-15,Telangana,Telangana City 1,Prepaid,1,Call Drops,Resolved,10.6,4.19,46
AIR106204,2025-12-15,Rajasthan,Rajasthan City 2,Prepaid,0,Slow Internet,No Complaint,13.6,3.9,32
AIR106205,2025-02-15,Uttar Pradesh,Uttar Pradesh City 2,Prepaid,0,Slow Internet,No Complaint,9,3.1,8
AIR106206,2025-03-15,Uttar Pradesh,Uttar Pradesh City 2,Prepaid,0,Network Issues,No Complaint,28.3,4.22,60
AIR106207,2025-04-15,Telangana,Telangana City 2,Prepaid,1,Others,Resolved,2.8,3.58,2
AIR106208,2025-05-15,Tamil Nadu,Tamil Nadu City 1,Prepaid,1,Slow Internet,In Progress,23.9,3.62,16
AIR106209,2025-06-15,Uttar Pradesh,Uttar Pradesh City 1,Postpaid,0,Network Issues,No Complaint,19.3,4.25,43
AIR106210,2025-07-15,Rajasthan,Rajasthan City 1,Prepaid,1,Call Drops,In Progress,10.2,3.98,33
AIR106211,2025-08-15,Delhi,Delhi City 3,Prepaid,0,Network Issues,No Complaint,11,3.71,20
AIR106212,2025-09-15,Maharashtra,Maharashtra City 1,Prepaid,0,Slow Internet,No Complaint,29,3.16,12
AIR106213,2025-10-15,Delhi,Delhi City 1,Postpaid,1,Billing Issues,In Progress,22.2,3.82,14
AIR106214,2025-11-15,Delhi,Delhi City 2,Prepaid,0,Network Issues,No Complaint,8.4,3.05,14
AIR106215,2025-12-15,Uttar Pradesh,Uttar Pradesh City 1,Postpaid,0,Slow Internet,No Complaint,19.7,4.07,48
AIR106216,2025-02-15,Karnataka,Karnataka City 1,Postpaid,0,Network Issues,No Complaint,52.2,3.38,21
AIR106217,2025-03-15,Tamil Nadu,Tamil Nadu City 1,Postpaid,0,Slow Internet,No Complaint,14.3,3.65,23
AIR106218,2025-04-15,Uttar Pradesh,Uttar Pradesh City 2,Prepaid,0,Network Issues,No Complaint,8,3.5,29
AIR106219,2025-05-15,Tamil Nadu,Tamil Nadu City 1,Postpaid,1,Slow Internet,Resolved,10.3,4.09,39
AIR106220,2025-06-15,West Bengal,West Bengal City 1,Prepaid,0,Slow Internet,No Complaint,10.8,3.26,13
AIR106221,2025-07-15,Karnataka,Karnataka City 3,Broadband,0,Network Issues,No Complaint,66.5,4.07,49
AIR106222,2025-08-15,Uttar Pradesh,Uttar Pradesh City 3,Postpaid,0,Slow Internet,No Complaint,8,3.66,24
AIR106223,2025-09-15,Kerala,Kerala City 3,Postpaid,0,Network Issues,No Complaint,12.6,3.82,43
AIR106224,2025-10-15,Delhi,Delhi City 3,Enterprise,0,Network Issues,No Complaint,16.3,3.2,15
AIR106225,2025-11-15,West Bengal,West Bengal City 2,Postpaid,0,Billing Issues,No Complaint,13.3,3.5,22
AIR106226,2025-12-15,Karnataka,Karnataka City 3,Prepaid,0,Call Drops,No Complaint,7.3,3.25,5
AIR106227,2025-02-15,Uttar Pradesh,Uttar Pradesh City 1,Prepaid,0,Slow Internet,No Complaint,20.3,3.55,24
AIR106228,2025-03-15,Rajasthan,Rajasthan City 3,Postpaid,0,Network Issues,No Complaint,7,2.87,-4
AIR106229,2025-04-15,Telangana,Telangana City 2,Broadband,0,Network Issues,No Complaint,18.8,3.96,43
AIR106230,2025-05-15,Telangana,Telangana City 3,Broadband,0,Network Issues,No Complaint,24.3,3.75,21
AIR106231,2025-06-15,Tamil Nadu,Tamil Nadu City 3,Postpaid,0,Call Drops,No Complaint,17.2,3.75,38
AIR106232,2025-07-15,Karnataka,Karnataka City 2,Prepaid,1,Network Issues,In Progress,4,2.72,-4
AIR106233,2025-08-15,Delhi,Delhi City 2,Postpaid,0,Network Issues,No Complaint,15,3.98,44
AIR106234,2025-09-15,Delhi,Delhi City 2,Postpaid,0,Call Drops,No Complaint,2,2.74,-17
AIR106235,2025-10-15,Maharashtra,Maharashtra City 2,Prepaid,0,Network Issues,No Complaint,13.7,3.42,8
AIR106236,2025-11-15,Telangana,Telangana City 2,Postpaid,0,Slow Internet,No Complaint,14.1,3.63,12
AIR106237,2025-12-15,West Bengal,West Bengal City 2,Postpaid,0,Network Issues,No Complaint,15.6,3.04,17
AIR106238,2025-02-15,Karnataka,Karnataka City 1,Broadband,1,Network Issues,Resolved,10.2,3.76,29
AIR106239,2025-03-15,Delhi,Delhi City 3,Postpaid,0,Network Issues,No Complaint,6.3,3.72,36
AIR106240,2025-04-15,Maharashtra,Maharashtra City 3,Prepaid,0,Network Issues,No Complaint,26.6,3.31,0
AIR106241,2025-05-15,Karnataka,Karnataka City 2,Prepaid,0,Network Issues,No Complaint,31.1,3.57,24
AIR106242,2025-06-15,Gujarat,Gujarat City 2,Broadband,0,Call Drops,No Complaint,13.1,3.42,6
AIR106243,2025-07-15,Delhi,Delhi City 1,Broadband,1,Network Issues,In Progress,13.4,3.94,28
AIR106244,2025-08-15,Gujarat,Gujarat City 1,Prepaid,0,Network Issues,No Complaint,2.6,3.86,29
AIR106245,2025-09-15,Karnataka,Karnataka City 2,Postpaid,1,Call Drops,Resolved,14,3.97,32
AIR106246,2025-10-15,Delhi,Delhi City 1,Broadband,0,Network Issues,No Complaint,12.4,4.03,42
AIR106247,2025-11-15,Gujarat,Gujarat City 1,Broadband,0,Network Issues,No Complaint,32.2,3.91,28
AIR106248,2025-12-15,Kerala,Kerala City 2,Postpaid,0,Slow Internet,No Complaint,11.7,4.28,49
AIR106249,2025-02-15,Maharashtra,Maharashtra City 2,Prepaid,0,Network Issues,No Complaint,12.3,4.54,59
AIR106250,2025-03-15,West Bengal,West Bengal City 2,Postpaid,0,Slow Internet,No Complaint,3.2,3.71,23
AIR106251,2025-04-15,Telangana,Telangana City 2,Prepaid,0,Billing Issues,No Complaint,27.7,3.91,46
AIR106252,2025-05-15,Maharashtra,Maharashtra City 3,Broadband,0,Network Issues,No Complaint,19.3,3.49,7
AIR106253,2025-06-15,Gujarat,Gujarat City 3,Prepaid,0,Network Issues,No Complaint,28,3.24,25
AIR106254,2025-07-15,Delhi,Delhi City 2,Postpaid,1,Call Drops,Resolved,17.6,3.48,8
AIR106255,2025-08-15,Kerala,Kerala City 1,Postpaid,1,Billing Issues,Pending,9.5,4.48,45
AIR106256,2025-09-15,Kerala,Kerala City 2,Postpaid,1,Others,Resolved,17.8,3.46,19
AIR106257,2025-10-15,Telangana,Telangana City 3,Postpaid,1,Network Issues,Resolved,28.5,3.51,26
AIR106258,2025-11-15,Kerala,Kerala City 1,Prepaid,1,Network Issues,In Progress,8.3,3.84,26
AIR106259,2025-12-15,Maharashtra,Maharashtra City 3,Postpaid,1,Network Issues,Resolved,14.6,4.19,45
AIR106260,2025-02-15,Uttar Pradesh,Uttar Pradesh City 2,Prepaid,1,Slow Internet,Resolved,13.7,3.54,7
AIR106261,2025-03-15,Kerala,Kerala City 3,Prepaid,1,Billing Issues,Resolved,11.1,2.86,3
AIR106262,2025-04-15,Telangana,Telangana City 3,Enterprise,0,Slow Internet,No Complaint,2.4,3.75,57
AIR106263,2025-05-15,Kerala,Kerala City 3,Postpaid,0,Slow Internet,No Complaint,15.3,4.21,38
AIR106264,2025-06-15,Kerala,Kerala City 1,Postpaid,0,Slow Internet,No Complaint,21.5,4.15,38
AIR106265,2025-07-15,Rajasthan,Rajasthan City 3,Postpaid,0,Slow Internet,No Complaint,33.5,3.36,10
AIR106266,2025-08-15,Maharashtra,Maharashtra City 1,Postpaid,0,Billing Issues,No Complaint,26.1,2.88,5
AIR106267,2025-09-15,Gujarat,Gujarat City 2,Postpaid,0,Call Drops,No Complaint,5.7,3.35,-23
AIR106268,2025-10-15,Tamil Nadu,Tamil Nadu City 2,Postpaid,0,Network Issues,No Complaint,33.5,3.73,35
AIR106269,2025-11-15,Uttar Pradesh,Uttar Pradesh City 3,Enterprise,0,Call Drops,No Complaint,9.8,3.55,16
AIR106270,2025-12-15,Kerala,Kerala City 1,Postpaid,0,Slow Internet,No Complaint,21,3.41,26
AIR106271,2025-02-15,West Bengal,West Bengal City 2,Postpaid,1,Network Issues,In Progress,5,2.97,8
AIR106272,2025-03-15,Kerala,Kerala City 1,Postpaid,0,Call Drops,No Complaint,14.4,3.52,25
AIR106273,2025-04-15,Rajasthan,Rajasthan City 1,Prepaid,1,Network Issues,Resolved,27.7,3.13,16
AIR106274,2025-05-15,Gujarat,Gujarat City 3,Postpaid,1,Network Issues,Resolved,19.5,3.75,31
AIR106275,2025-06-15,West Bengal,West Bengal City 3,Enterprise,0,Call Drops,No Complaint,50.3,2.93,-9
AIR106276,2025-07-15,Uttar Pradesh,Uttar Pradesh City 1,Prepaid,1,Network Issues,Resolved,9.2,3.14,6
AIR106277,2025-08-15,West Bengal,West Bengal City 1,Prepaid,0,Billing Issues,No Complaint,26.8,4.53,39
AIR106278,2025-09-15,Maharashtra,Maharashtra City 3,Postpaid,1,Network Issues,Pending,6.3,3.64,22
AIR106279,2025-10-15,Telangana,Telangana City 1,Prepaid,0,Network Issues,No Complaint,31.4,2.87,0
AIR106280,2025-11-15,Telangana,Telangana City 3,Broadband,0,Billing Issues,No Complaint,16.4,3.37,38
AIR106281,2025-12-15,Uttar Pradesh,Uttar Pradesh City 1,Prepaid,1,Network Issues,Resolved,7.8,3.43,15
AIR106282,2025-02-15,Gujarat,Gujarat City 3,Prepaid,1,Network Issues,In Progress,18.2,3.41,11
AIR106283,2025-03-15,Telangana,Telangana City 1,Broadband,0,Call Drops,No Complaint,13.4,3.22,0
AIR106284,2025-04-15,Karnataka,Karnataka City 3,Prepaid,0,Slow Internet,No Complaint,6.1,3.3,10
AIR106285,2025-05-15,Rajasthan,Rajasthan City 1,Postpaid,0,Network Issues,No Complaint,14.8,3.62,24
AIR106286,2025-06-15,Uttar Pradesh,Uttar Pradesh City 2,Broadband,1,Call Drops,Resolved,9.5,2.89,3
AIR106287,2025-07-15,Uttar Pradesh,Uttar Pradesh City 2,Postpaid,1,Slow Internet,Resolved,17.9,4.13,18
AIR106288,2025-08-15,Tamil Nadu,Tamil Nadu City 1,Postpaid,1,Call Drops,Resolved,20.8,3.46,2
AIR106289,2025-09-15,Tamil Nadu,Tamil Nadu City 2,Prepaid,0,Others,No Complaint,67.9,3.51,18
AIR106290,2025-10-15,Maharashtra,Maharashtra City 1,Prepaid,0,Network Issues,No Complaint,4.1,2.61,-16
AIR106291,2025-11-15,Maharashtra,Maharashtra City 1,Prepaid,1,Network Issues,Resolved,5.1,2.74,-23
AIR106292,2025-12-15,Tamil Nadu,Tamil Nadu City 2,Prepaid,0,Slow Internet,No Complaint,9.8,3.12,8
AIR106293,2025-02-15,Telangana,Telangana City 1,Postpaid,0,Network Issues,No Complaint,20.2,3.6,12
AIR106294,2025-03-15,Delhi,Delhi City 3,Prepaid,1,Slow Internet,Resolved,19.6,4.38,63
AIR106295,2025-04-15,Uttar Pradesh,Uttar Pradesh City 1,Postpaid,0,Slow Internet,No Complaint,6.5,3.71,19
AIR106296,2025-05-15,Karnataka,Karnataka City 1,Prepaid,0,Billing Issues,No Complaint,6.6,3.76,20
AIR106297,2025-06-15,Uttar Pradesh,Uttar Pradesh City 2,Postpaid,1,Slow Internet,Resolved,37.2,3.42,16
AIR106298,2025-07-15,Kerala,Kerala City 3,Prepaid,0,Slow Internet,No Complaint,30.8,3.6,33
AIR106299,2025-08-15,Gujarat,Gujarat City 1,Prepaid,0,Slow Internet,No Complaint,14.4,3.6,11
AIR106300,2025-09-15,Rajasthan,Rajasthan City 1,Postpaid,1,Others,Resolved,10.5,3.95,30
AIR106301,2025-10-15,Delhi,Delhi City 1,Postpaid,0,Network Issues,No Complaint,15.1,2.92,-5
AIR106302,2025-11-15,Karnataka,Karnataka City 1,Broadband,0,Network Issues,No Complaint,4.9,3.75,43
AIR106303,2025-12-15,Kerala,Kerala City 1,Broadband,0,Network Issues,No Complaint,24.6,4.12,45
AIR106304,2025-02-15,Maharashtra,Maharashtra City 1,Postpaid,0,Network Issues,No Complaint,34.4,3.46,7
AIR106305,2025-03-15,Karnataka,Karnataka City 3,Postpaid,0,Network Issues,No Complaint,14.6,3.7,10
AIR106306,2025-04-15,Tamil Nadu,Tamil Nadu City 3,Prepaid,0,Call Drops,No Complaint,6.3,2.65,-26
AIR106307,2025-05-15,Uttar Pradesh,Uttar Pradesh City 1,Prepaid,1,Network Issues,Resolved,13.6,3.92,47
AIR106308,2025-06-15,Karnataka,Karnataka City 1,Broadband,0,Billing Issues,No Complaint,7.4,2.82,-15
AIR106309,2025-07-15,Gujarat,Gujarat City 2,Prepaid,0,Slow Internet,No Complaint,40.5,3.71,31
AIR106310,2025-08-15,West Bengal,West Bengal City 3,Prepaid,0,Billing Issues,No Complaint,44.1,3.45,16
AIR106311,2025-09-15,Maharashtra,Maharashtra City 3,Prepaid,0,Slow Internet,No Complaint,21.9,3.29,3
AIR106312,2025-10-15,Rajasthan,Rajasthan City 1,Prepaid,0,Call Drops,No Complaint,32,3.97,43
AIR106313,2025-11-15,Rajasthan,Rajasthan City 3,Postpaid,1,Network Issues,Resolved,16,4.28,48
AIR106314,2025-12-15,Karnataka,Karnataka City 3,Prepaid,0,Call Drops,No Complaint,47.4,3.56,24
AIR106315,2025-02-15,West Bengal,West Bengal City 2,Prepaid,1,Network Issues,Resolved,8.4,3.97,36
AIR106316,2025-03-15,Uttar Pradesh,Uttar Pradesh City 2,Prepaid,0,Network Issues,No Complaint,12.7,3.76,25
AIR106317,2025-04-15,Kerala,Kerala City 3,Postpaid,0,Call Drops,No Complaint,30,3,-1
AIR106318,2025-05-15,Delhi,Delhi City 3,Postpaid,0,Network Issues,No Complaint,5,3.27,18
AIR106319,2025-06-15,Uttar Pradesh,Uttar Pradesh City 3,Prepaid,0,Call Drops,No Complaint,6.8,4,29
AIR106320,2025-07-15,Kerala,Kerala City 1,Postpaid,0,Others,No Complaint,1.3,3.89,43
AIR106321,2025-08-15,Delhi,Delhi City 2,Prepaid,0,Slow Internet,No Complaint,12,3.49,0
AIR106322,2025-09-15,West Bengal,West Bengal City 1,Postpaid,1,Call Drops,Pending,6.9,2.79,4
AIR106323,2025-10-15,Delhi,Delhi City 2,Postpaid,0,Network Issues,No Complaint,17.7,3.67,31
AIR106324,2025-11-15,Uttar Pradesh,Uttar Pradesh City 2,Enterprise,0,Network Issues,No Complaint,9.5,3.83,27
AIR106325,2025-12-15,Gujarat,Gujarat City 2,Prepaid,1,Network Issues,Resolved,4,3.55,-4
AIR106326,2025-02-15,Karnataka,Karnataka City 3,Prepaid,1,Network Issues,Resolved,5.5,4.73,61
AIR106327,2025-03-15,Kerala,Kerala City 2,Prepaid,0,Network Issues,No Complaint,24.4,3.92,28
AIR106328,2025-04-15,Gujarat,Gujarat City 1,Prepaid,0,Network Issues,No Complaint,25.7,3.63,36
AIR106329,2025-05-15,Kerala,Kerala City 2,Prepaid,0,Slow Internet,No Complaint,10.7,4.15,33
AIR106330,2025-06-15,Karnataka,Karnataka City 1,Prepaid,0,Slow Internet,No Complaint,10.4,2.33,-20
AIR106331,2025-07-15,Telangana,Telangana City 2,Prepaid,0,Slow Internet,No Complaint,26.1,3.41,24
AIR106332,2025-08-15,Delhi,Delhi City 2,Broadband,0,Call Drops,No Complaint,30.9,4.09,44
AIR106333,2025-09-15,West Bengal,West Bengal City 3,Prepaid,0,Slow Internet,No Complaint,9.5,3.8,39
AIR106334,2025-10-15,Telangana,Telangana City 1,Enterprise,0,Others,No Complaint,15.4,3.71,14
AIR106335,2025-11-15,Telangana,Telangana City 2,Broadband,0,Network Issues,No Complaint,14.7,3.34,21
AIR106336,2025-12-15,Rajasthan,Rajasthan City 2,Broadband,0,Call Drops,No Complaint,13.1,4.24,37
AIR106337,2025-02-15,Tamil Nadu,Tamil Nadu City 1,Broadband,0,Call Drops,No Complaint,25.8,3.57,28
AIR106338,2025-03-15,Uttar Pradesh,Uttar Pradesh City 2,Postpaid,0,Network Issues,No Complaint,13.1,3.33,26
AIR106339,2025-04-15,Gujarat,Gujarat City 3,Postpaid,0,Slow Internet,No Complaint,11.9,4.3,47
AIR106340,2025-05-15,Gujarat,Gujarat City 1,Prepaid,0,Network Issues,No Complaint,5.7,3.75,26
AIR106341,2025-06-15,Gujarat,Gujarat City 3,Postpaid,0,Network Issues,No Complaint,4.5,3.9,39
AIR106342,2025-07-15,Gujarat,Gujarat City 1,Broadband,0,Slow Internet,No Complaint,12.3,2.22,-22
AIR106343,2025-08-15,Uttar Pradesh,Uttar Pradesh City 1,Prepaid,0,Network Issues,No Complaint,19.8,3.84,37
AIR106344,2025-09-15,Telangana,Telangana City 1,Prepaid,0,Slow Internet,No Complaint,15.3,3.34,11
AIR106345,2025-10-15,Uttar Pradesh,Uttar Pradesh City 2,Postpaid,0,Slow Internet,No Complaint,35.7,3.97,4
AIR106346,2025-11-15,Gujarat,Gujarat City 1,Postpaid,1,Network Issues,Pending,10.7,3.79,32
AIR106347,2025-12-15,Tamil Nadu,Tamil Nadu City 1,Broadband,0,Network Issues,No Complaint,23,3.26,21
AIR106348,2025-02-15,Maharashtra,Maharashtra City 1,Prepaid,0,Slow Internet,No Complaint,16.8,3.23,10
AIR106349,2025-03-15,Karnataka,Karnataka City 3,Postpaid,1,Network Issues,Resolved,37.1,4.16,53
AIR106350,2025-04-15,Gujarat,Gujarat City 1,Prepaid,0,Network Issues,No Complaint,18.8,3.41,19
AIR106351,2025-05-15,West Bengal,West Bengal City 2,Broadband,1,Network Issues,In Progress,23.6,3.88,41
AIR106352,2025-06-15,Maharashtra,Maharashtra City 1,Prepaid,0,Others,No Complaint,1.2,3.29,11
AIR106353,2025-07-15,Uttar Pradesh,Uttar Pradesh City 1,Broadband,0,Network Issues,No Complaint,12.4,3.05,17
AIR106354,2025-08-15,West Bengal,West Bengal City 3,Prepaid,0,Slow Internet,No Complaint,5.9,4.15,34
AIR106355,2025-09-15,West Bengal,West Bengal City 2,Prepaid,0,Slow Internet,No Complaint,31.6,3.83,34
AIR106356,2025-10-15,Kerala,Kerala City 2,Prepaid,0,Slow Internet,No Complaint,37.7,2.84,-6
AIR106357,2025-11-15,West Bengal,West Bengal City 2,Prepaid,0,Network Issues,No Complaint,32.4,3.16,7
AIR106358,2025-12-15,Gujarat,Gujarat City 1,Postpaid,0,Call Drops,No Complaint,18.5,2.84,-8
AIR106359,2025-02-15,Kerala,Kerala City 1,Prepaid,1,Call Drops,Resolved,28.1,3.33,16
AIR106360,2025-03-15,Rajasthan,Rajasthan City 2,Prepaid,0,Slow Internet,No Complaint,13.6,3.69,24
AIR106361,2025-04-15,Telangana,Telangana City 2,Prepaid,0,Billing Issues,No Complaint,25.3,3.84,23
AIR106362,2025-05-15,West Bengal,West Bengal City 3,Broadband,0,Network Issues,No Complaint,54.4,3.91,31
AIR106363,2025-06-15,Tamil Nadu,Tamil Nadu City 2,Prepaid,0,Slow Internet,No Complaint,5.9,2.81,-15
AIR106364,2025-07-15,Karnataka,Karnataka City 1,Prepaid,0,Billing Issues,No Complaint,21.8,3.19,13
AIR106365,2025-08-15,West Bengal,West Bengal City 1,Postpaid,0,Slow Internet,No Complaint,16.1,4.01,28
AIR106366,2025-09-15,Rajasthan,Rajasthan City 1,Broadband,0,Network Issues,No Complaint,40.2,3.22,-7
AIR106367,2025-10-15,Delhi,Delhi City 3,Broadband,0,Network Issues,No Complaint,18.4,4.46,53
AIR106368,2025-11-15,Uttar Pradesh,Uttar Pradesh City 2,Broadband,0,Slow Internet,No Complaint,16.9,4.1,26
AIR106369,2025-12-15,Uttar Pradesh,Uttar Pradesh City 1,Prepaid,0,Network Issues,No Complaint,7.9,4.13,65
AIR106370,2025-02-15,Rajasthan,Rajasthan City 3,Broadband,1,Billing Issues,Resolved,10.8,3.51,12
AIR106371,2025-03-15,Delhi,Delhi City 3,Postpaid,0,Slow Internet,No Complaint,15.1,4.33,40
AIR106372,2025-04-15,Uttar Pradesh,Uttar Pradesh City 1,Broadband,0,Network Issues,No Complaint,7.5,3.68,27
AIR106373,2025-05-15,Uttar Pradesh,Uttar Pradesh City 3,Prepaid,1,Network Issues,Resolved,19,3.39,-4
AIR106374,2025-06-15,Uttar Pradesh,Uttar Pradesh City 3,Broadband,1,Network Issues,Resolved,18.7,3.64,27
AIR106375,2025-07-15,Rajasthan,Rajasthan City 1,Prepaid,0,Network Issues,No Complaint,34,3.59,32
AIR106376,2025-08-15,Telangana,Telangana City 3,Postpaid,0,Slow Internet,No Complaint,17.1,3.34,12
AIR106377,2025-09-15,Karnataka,Karnataka City 1,Prepaid,1,Slow Internet,Resolved,6.6,3.47,35
AIR106378,2025-10-15,Rajasthan,Rajasthan City 1,Prepaid,0,Billing Issues,No Complaint,9.6,3.91,29
AIR106379,2025-11-15,Delhi,Delhi City 3,Postpaid,0,Billing Issues,No Complaint,15.1,3.73,21
AIR106380,2025-12-15,West Bengal,West Bengal City 1,Prepaid,0,Network Issues,No Complaint,19.3,3.36,-2
AIR106381,2025-02-15,Telangana,Telangana City 1,Postpaid,0,Slow Internet,No Complaint,33.7,4.78,67
AIR106382,2025-03-15,Telangana,Telangana City 2,Postpaid,1,Network Issues,Resolved,27.2,3.32,12
AIR106383,2025-04-15,West Bengal,West Bengal City 1,Postpaid,1,Network Issues,Pending,14.3,4.39,56
AIR106384,2025-05-15,Tamil Nadu,Tamil Nadu City 2,Prepaid,0,Call Drops,No Complaint,15.5,3.94,29
AIR106385,2025-06-15,Kerala,Kerala City 2,Enterprise,0,Slow Internet,No Complaint,14.1,4.09,43
AIR106386,2025-07-15,Karnataka,Karnataka City 2,Postpaid,0,Billing Issues,No Complaint,36.3,4.21,39
AIR106387,2025-08-15,Karnataka,Karnataka City 2,Prepaid,0,Call Drops,No Complaint,21.2,3.73,32
AIR106388,2025-09-15,Tamil Nadu,Tamil Nadu City 3,Postpaid,0,Network Issues,No Complaint,26.5,3.29,3
AIR106389,2025-10-15,Kerala,Kerala City 3,Prepaid,1,Network Issues,In Progress,10.8,3.41,13
AIR106390,2025-11-15,Karnataka,Karnataka City 1,Prepaid,0,Network Issues,No Complaint,2.9,3.19,2
AIR106391,2025-12-15,Delhi,Delhi City 1,Postpaid,0,Call Drops,No Complaint,14.1,3.75,36
AIR106392,2025-02-15,Maharashtra,Maharashtra City 1,Postpaid,0,Call Drops,No Complaint,7.7,2.86,-5
AIR106393,2025-03-15,Maharashtra,Maharashtra City 3,Prepaid,0,Network Issues,No Complaint,9.6,3.75,26
AIR106394,2025-04-15,Karnataka,Karnataka City 2,Prepaid,0,Slow Internet,No Complaint,7.7,3.32,-10
AIR106395,2025-05-15,Gujarat,Gujarat City 3,Broadband,0,Slow Internet,No Complaint,16.1,3.91,37
AIR106396,2025-06-15,Karnataka,Karnataka City 3,Prepaid,0,Slow Internet,No Complaint,36.4,4.15,39
AIR106397,2025-07-15,West Bengal,West Bengal City 1,Prepaid,0,Network Issues,No Complaint,6.6,3.58,27
AIR106398,2025-08-15,West Bengal,West Bengal City 1,Enterprise,0,Network Issues,No Complaint,20.7,4.11,43
AIR106399,2025-09-15,Kerala,Kerala City 1,Prepaid,0,Network Issues,No Complaint,22.3,4.11,23
AIR106400,2025-10-15,Uttar Pradesh,Uttar Pradesh City 2,Postpaid,0,Network Issues,No Complaint,10.2,4.02,25
AIR106401,2025-11-15,Telangana,Telangana City 2,Prepaid,1,Network Issues,In Progress,17.5,4.13,26
AIR106402,2025-12-15,Delhi,Delhi City 3,Postpaid,0,Network Issues,No Complaint,19.4,3.71,32
AIR106403,2025-02-15,Tamil Nadu,Tamil Nadu City 2,Prepaid,0,Billing Issues,No Complaint,10.8,2.67,-15
AIR106404,2025-03-15,Karnataka,Karnataka City 1,Enterprise,1,Network Issues,Pending,31.4,3.51,22
AIR106405,2025-04-15,Uttar Pradesh,Uttar Pradesh City 2,Prepaid,1,Call Drops,In Progress,4,3.63,4
AIR106406,2025-05-15,Uttar Pradesh,Uttar Pradesh City 2,Postpaid,0,Call Drops,No Complaint,10.5,3.38,21
AIR106407,2025-06-15,Delhi,Delhi City 2,Broadband,0,Network Issues,No Complaint,11.6,3.29,9
AIR106408,2025-07-15,Tamil Nadu,Tamil Nadu City 2,Enterprise,1,Slow Internet,Resolved,12.6,2.59,-11
AIR106409,2025-08-15,West Bengal,West Bengal City 1,Prepaid,1,Slow Internet,Resolved,17.8,3.2,21
AIR106410,2025-09-15,Rajasthan,Rajasthan City 1,Broadband,0,Network Issues,No Complaint,19.1,4.17,52
AIR106411,2025-10-15,Delhi,Delhi City 3,Prepaid,0,Slow Internet,No Complaint,11.3,3.47,15
AIR106412,2025-11-15,Uttar Pradesh,Uttar Pradesh City 3,Postpaid,0,Slow Internet,No Complaint,16.1,2.94,4
AIR106413,2025-12-15,Maharashtra,Maharashtra City 3,Prepaid,0,Network Issues,No Complaint,12.3,3.34,9
AIR106414,2025-02-15,Karnataka,Karnataka City 2,Prepaid,0,Network Issues,No Complaint,51.6,3.26,11
AIR106415,2025-03-15,Kerala,Kerala City 2,Prepaid,0,Call Drops,No Complaint,40.9,3.6,20
AIR106416,2025-04-15,Maharashtra,Maharashtra City 1,Postpaid,1,Network Issues,Resolved,18.8,3.24,24
AIR106417,2025-05-15,Uttar Pradesh,Uttar Pradesh City 3,Postpaid,0,Slow Internet,No Complaint,18.3,2.47,-26
AIR106418,2025-06-15,Telangana,Telangana City 1,Prepaid,1,Slow Internet,Resolved,17.7,3.78,35
AIR106419,2025-07-15,Gujarat,Gujarat City 3,Postpaid,0,Network Issues,No Complaint,27.5,4.18,29
AIR106420,2025-08-15,Tamil Nadu,Tamil Nadu City 3,Enterprise,0,Others,No Complaint,9.8,2.99,-1
AIR106421,2025-09-15,West Bengal,West Bengal City 3,Postpaid,1,Slow Internet,Pending,28.3,3.53,19
AIR106422,2025-10-15,Karnataka,Karnataka City 2,Postpaid,0,Others,No Complaint,13.3,4.47,41
AIR106423,2025-11-15,Kerala,Kerala City 3,Broadband,0,Slow Internet,No Complaint,4.4,3.93,24
AIR106424,2025-12-15,Rajasthan,Rajasthan City 3,Postpaid,0,Billing Issues,No Complaint,47,3.88,18
AIR106425,2025-02-15,West Bengal,West Bengal City 2,Prepaid,0,Billing Issues,No Complaint,4.9,3.21,7
AIR106426,2025-03-15,Karnataka,Karnataka City 3,Postpaid,1,Network Issues,Resolved,25.2,4.4,43
AIR106427,2025-04-15,Rajasthan,Rajasthan City 2,Prepaid,1,Slow Internet,Pending,25.8,3.58,9
AIR106428,2025-05-15,Kerala,Kerala City 2,Postpaid,0,Slow Internet,No Complaint,10.4,3.31,24
AIR106429,2025-06-15,Uttar Pradesh,Uttar Pradesh City 1,Enterprise,1,Network Issues,Resolved,8.6,4.41,56
AIR106430,2025-07-15,Gujarat,Gujarat City 2,Prepaid,0,Billing Issues,No Complaint,17.8,4.04,58
AIR106431,2025-08-15,Maharashtra,Maharashtra City 2,Prepaid,0,Billing Issues,No Complaint,17.6,3.75,32
AIR106432,2025-09-15,Maharashtra,Maharashtra City 2,Prepaid,0,Call Drops,No Complaint,9.2,2.92,-1
AIR106433,2025-10-15,Uttar Pradesh,Uttar Pradesh City 3,Prepaid,0,Network Issues,No Complaint,9.7,2.89,-14
AIR106434,2025-11-15,West Bengal,West Bengal City 1,Postpaid,0,Call Drops,No Complaint,24.9,3.72,32
AIR106435,2025-12-15,Uttar Pradesh,Uttar Pradesh City 3,Postpaid,0,Call Drops,No Complaint,24.3,3.2,9
AIR106436,2025-02-15,Uttar Pradesh,Uttar Pradesh City 2,Prepaid,0,Network Issues,No Complaint,17.7,4.14,47
AIR106437,2025-03-15,Karnataka,Karnataka City 2,Broadband,0,Network Issues,No Complaint,24.8,4.39,53
AIR106438,2025-04-15,Karnataka,Karnataka City 1,Prepaid,0,Call Drops,No Complaint,6.8,3.02,9
AIR106439,2025-05-15,Kerala,Kerala City 1,Enterprise,0,Network Issues,No Complaint,13.4,2.79,-23
AIR106440,2025-06-15,Gujarat,Gujarat City 2,Prepaid,1,Network Issues,In Progress,9.5,3.02,-6
AIR106441,2025-07-15,Karnataka,Karnataka City 2,Postpaid,0,Slow Internet,No Complaint,7.4,3.97,27
AIR106442,2025-08-15,Kerala,Kerala City 3,Prepaid,0,Network Issues,No Complaint,32.4,3.19,4
AIR106443,2025-09-15,Telangana,Telangana City 2,Prepaid,0,Slow Internet,No Complaint,17.8,3.27,1
AIR106444,2025-10-15,Uttar Pradesh,Uttar Pradesh City 3,Broadband,0,Network Issues,No Complaint,12,3.53,21
AIR106445,2025-11-15,Uttar Pradesh,Uttar Pradesh City 1,Postpaid,1,Slow Internet,Resolved,12.6,3.94,38
AIR106446,2025-12-15,West Bengal,West Bengal City 3,Broadband,1,Network Issues,Resolved,15,3.13,6
AIR106447,2025-02-15,Telangana,Telangana City 2,Postpaid,0,Network Issues,No Complaint,28.9,3.85,23
AIR106448,2025-03-15,West Bengal,West Bengal City 3,Broadband,0,Call Drops,No Complaint,7.1,3.76,43
AIR106449,2025-04-15,Rajasthan,Rajasthan City 3,Enterprise,0,Slow Internet,No Complaint,7.3,3.17,-7
AIR106450,2025-05-15,Kerala,Kerala City 1,Postpaid,0,Network Issues,No Complaint,52.1,3.24,14
AIR106451,2025-06-15,Kerala,Kerala City 3,Postpaid,0,Network Issues,No Complaint,1,3.93,43
AIR106452,2025-07-15,Uttar Pradesh,Uttar Pradesh City 2,Broadband,1,Network Issues,Resolved,44.5,2.88,10
AIR106453,2025-08-15,Delhi,Delhi City 3,Prepaid,0,Slow Internet,No Complaint,11.2,3.8,32
AIR106454,2025-09-15,Rajasthan,Rajasthan City 3,Broadband,1,Network Issues,Resolved,20.2,2.79,-17
AIR106455,2025-10-15,Kerala,Kerala City 3,Postpaid,0,Slow Internet,No Complaint,6.8,3.36,0
AIR106456,2025-11-15,Karnataka,Karnataka City 2,Postpaid,1,Network Issues,Resolved,17.2,2.32,-20
AIR106457,2025-12-15,Uttar Pradesh,Uttar Pradesh City 3,Prepaid,0,Slow Internet,No Complaint,11.4,3.29,2
AIR106458,2025-02-15,West Bengal,West Bengal City 2,Postpaid,0,Slow Internet,No Complaint,7.2,2.92,8
AIR106459,2025-03-15,Telangana,Telangana City 3,Prepaid,1,Others,Pending,20,3.31,10
AIR106460,2025-04-15,West Bengal,West Bengal City 1,Broadband,0,Network Issues,No Complaint,27.5,4.49,49
AIR106461,2025-05-15,Maharashtra,Maharashtra City 1,Postpaid,0,Network Issues,No Complaint,26.8,3.44,11
AIR106462,2025-06-15,Delhi,Delhi City 1,Prepaid,0,Network Issues,No Complaint,5.4,2.7,-9
AIR106463,2025-07-15,Kerala,Kerala City 2,Enterprise,1,Network Issues,Resolved,22.5,3.92,43
AIR106464,2025-08-15,Gujarat,Gujarat City 2,Postpaid,0,Call Drops,No Complaint,23.7,4.19,45
AIR106465,2025-09-15,Tamil Nadu,Tamil Nadu City 2,Enterprise,1,Others,Resolved,22.9,3.21,7
AIR106466,2025-10-15,Delhi,Delhi City 3,Prepaid,1,Network Issues,Resolved,29.2,3.25,8
AIR106467,2025-11-15,Uttar Pradesh,Uttar Pradesh City 2,Postpaid,0,Billing Issues,No Complaint,6.4,3.5,1
AIR106468,2025-12-15,Kerala,Kerala City 2,Postpaid,0,Call Drops,No Complaint,29.2,3.22,2
AIR106469,2025-02-15,Telangana,Telangana City 2,Postpaid,0,Slow Internet,No Complaint,31.7,3.35,8
AIR106470,2025-03-15,Kerala,Kerala City 2,Prepaid,0,Slow Internet,No Complaint,35.9,3.73,25
AIR106471,2025-04-15,Tamil Nadu,Tamil Nadu City 1,Prepaid,1,Slow Internet,Resolved,9,2.78,-7
AIR106472,2025-05-15,Telangana,Telangana City 3,Broadband,1,Slow Internet,Resolved,24.6,3.44,12
AIR106473,2025-06-15,West Bengal,West Bengal City 1,Prepaid,0,Slow Internet,No Complaint,49.4,4,33
AIR106474,2025-07-15,Telangana,Telangana City 3,Enterprise,1,Network Issues,Resolved,4.4,2.99,-4
AIR106475,2025-08-15,Delhi,Delhi City 3,Prepaid,0,Slow Internet,No Complaint,19.5,3.79,23
AIR106476,2025-09-15,West Bengal,West Bengal City 1,Enterprise,1,Network Issues,Resolved,7.9,3.3,17
AIR106477,2025-10-15,Kerala,Kerala City 2,Postpaid,0,Others,No Complaint,6.7,4.1,33
AIR106478,2025-11-15,Uttar Pradesh,Uttar Pradesh City 1,Postpaid,0,Slow Internet,No Complaint,6.4,3.64,14
AIR106479,2025-12-15,Rajasthan,Rajasthan City 3,Prepaid,0,Slow Internet,No Complaint,31.9,3.61,21
AIR106480,2025-02-15,Uttar Pradesh,Uttar Pradesh City 3,Broadband,0,Slow Internet,No Complaint,31.8,3.29,13
AIR106481,2025-03-15,Kerala,Kerala City 2,Postpaid,0,Slow Internet,No Complaint,5.3,3.03,14
AIR106482,2025-04-15,Tamil Nadu,Tamil Nadu City 1,Postpaid,0,Network Issues,No Complaint,58,2.74,-16
AIR106483,2025-05-15,Rajasthan,Rajasthan City 3,Prepaid,0,Billing Issues,No Complaint,11.4,3.87,49
AIR106484,2025-06-15,Kerala,Kerala City 1,Postpaid,0,Slow Internet,No Complaint,23.7,3.83,26
AIR106485,2025-07-15,Gujarat,Gujarat City 2,Broadband,1,Call Drops,Pending,23,3.88,37
AIR106486,2025-08-15,Delhi,Delhi City 2,Prepaid,0,Call Drops,No Complaint,16,3.89,12
AIR106487,2025-09-15,Gujarat,Gujarat City 3,Postpaid,1,Network Issues,Resolved,26.8,3.26,18
AIR106488,2025-10-15,West Bengal,West Bengal City 2,Prepaid,1,Network Issues,Resolved,2.6,3.75,32
AIR106489,2025-11-15,Maharashtra,Maharashtra City 3,Broadband,0,Network Issues,No Complaint,35,3.44,31
AIR106490,2025-12-15,Kerala,Kerala City 3,Enterprise,1,Network Issues,Resolved,7.4,3.92,37
AIR106491,2025-02-15,Karnataka,Karnataka City 2,Prepaid,0,Network Issues,No Complaint,9.7,3.6,23
AIR106492,2025-03-15,Karnataka,Karnataka City 2,Prepaid,1,Network Issues,Resolved,11.1,4.22,46
AIR106493,2025-04-15,Telangana,Telangana City 1,Postpaid,0,Network Issues,No Complaint,8.8,4.22,36
AIR106494,2025-05-15,Uttar Pradesh,Uttar Pradesh City 1,Prepaid,0,Network Issues,No Complaint,18.5,3.65,21
AIR106495,2025-06-15,Uttar Pradesh,Uttar Pradesh City 3,Postpaid,0,Slow Internet,No Complaint,18.2,4.4,61
AIR106496,2025-07-15,Uttar Pradesh,Uttar Pradesh City 1,Prepaid,1,Call Drops,In Progress,18.1,3.42,26
AIR106497,2025-08-15,Gujarat,Gujarat City 3,Postpaid,0,Network Issues,No Complaint,7.1,3.38,12
AIR106498,2025-09-15,Delhi,Delhi City 2,Prepaid,1,Network Issues,In Progress,14.3,3.49,24
AIR106499,2025-10-15,Kerala,Kerala City 2,Prepaid,0,Slow Internet,No Complaint,6.6,3.88,37
AIR106500,2025-11-15,Tamil Nadu,Tamil Nadu City 1,Prepaid,1,Slow Internet,Pending,11.6,3.85,24
AIR106501,2025-12-15,Telangana,Telangana City 3,Postpaid,1,Network Issues,In Progress,32.4,3.56,24
AIR106502,2025-02-15,West Bengal,West Bengal City 3,Postpaid,0,Network Issues,No Complaint,18.4,2.8,-6
AIR106503,2025-03-15,Rajasthan,Rajasthan City 1,Prepaid,0,Network Issues,No Complaint,13.6,3.49,8
AIR106504,2025-04-15,West Bengal,West Bengal City 3,Postpaid,1,Slow Internet,Resolved,8.9,3.94,40
AIR106505,2025-05-15,Kerala,Kerala City 3,Broadband,0,Network Issues,No Complaint,12.8,3.85,29
AIR106506,2025-06-15,Maharashtra,Maharashtra City 2,Prepaid,1,Slow Internet,Pending,47.5,3.12,13
AIR106507,2025-07-15,Uttar Pradesh,Uttar Pradesh City 3,Broadband,1,Network Issues,Resolved,5.4,3.75,19
AIR106508,2025-08-15,Rajasthan,Rajasthan City 3,Postpaid,1,Network Issues,In Progress,22.4,3.52,11
AIR106509,2025-09-15,Gujarat,Gujarat City 3,Prepaid,0,Network Issues,No Complaint,14.6,4.08,42
AIR106510,2025-10-15,Kerala,Kerala City 1,Prepaid,1,Slow Internet,Resolved,33.9,3.61,25
AIR106511,2025-11-15,Maharashtra,Maharashtra City 1,Postpaid,0,Network Issues,No Complaint,2,3.95,29
AIR106512,2025-12-15,Gujarat,Gujarat City 1,Postpaid,0,Slow Internet,No Complaint,17.2,3.84,21
AIR106513,2025-02-15,Maharashtra,Maharashtra City 3,Prepaid,0,Slow Internet,No Complaint,9.5,3.37,4
AIR106514,2025-03-15,Uttar Pradesh,Uttar Pradesh City 3,Enterprise,0,Network Issues,No Complaint,34.4,3.66,30
AIR106515,2025-04-15,Gujarat,Gujarat City 1,Postpaid,0,Slow Internet,No Complaint,29.3,3.76,12
AIR106516,2025-05-15,Delhi,Delhi City 1,Prepaid,0,Network Issues,No Complaint,16.1,2.71,-3
AIR106517,2025-06-15,Karnataka,Karnataka City 3,Prepaid,0,Network Issues,No Complaint,20.8,3.83,30
AIR106518,2025-07-15,West Bengal,West Bengal City 3,Prepaid,1,Network Issues,Resolved,18.2,3.92,30
AIR106519,2025-08-15,Delhi,Delhi City 2,Postpaid,1,Billing Issues,Resolved,3,3.86,24
AIR106520,2025-09-15,Rajasthan,Rajasthan City 1,Postpaid,0,Billing Issues,No Complaint,9.7,3.07,-8
AIR106521,2025-10-15,Telangana,Telangana City 3,Postpaid,0,Network Issues,No Complaint,37.4,3.5,31
AIR106522,2025-11-15,Karnataka,Karnataka City 1,Postpaid,0,Network Issues,No Complaint,37.5,3.02,13
AIR106523,2025-12-15,Delhi,Delhi City 1,Prepaid,1,Billing Issues,Resolved,23.3,3.5,21
AIR106524,2025-02-15,Kerala,Kerala City 1,Postpaid,0,Call Drops,No Complaint,24.3,4.23,31
AIR106525,2025-03-15,Maharashtra,Maharashtra City 2,Prepaid,0,Billing Issues,No Complaint,13.7,3.42,32
AIR106526,2025-04-15,Rajasthan,Rajasthan City 3,Prepaid,1,Network Issues,Pending,11.5,3.17,16
AIR106527,2025-05-15,Kerala,Kerala City 3,Postpaid,0,Call Drops,No Complaint,11,4.1,56
AIR106528,2025-06-15,Karnataka,Karnataka City 1,Prepaid,1,Call Drops,Pending,4.6,2.97,12
AIR106529,2025-07-15,Maharashtra,Maharashtra City 3,Broadband,1,Slow Internet,Resolved,18.9,2.09,-32
AIR106530,2025-08-15,Rajasthan,Rajasthan City 2,Enterprise,0,Network Issues,No Complaint,9.8,3.51,18
AIR106531,2025-09-15,Telangana,Telangana City 1,Postpaid,1,Billing Issues,Resolved,12,3.2,-18
AIR106532,2025-10-15,Karnataka,Karnataka City 2,Prepaid,1,Billing Issues,In Progress,20.2,4.06,49
AIR106533,2025-11-15,Rajasthan,Rajasthan City 2,Prepaid,1,Network Issues,Pending,24.4,3.72,18
AIR106534,2025-12-15,Delhi,Delhi City 3,Prepaid,1,Billing Issues,Resolved,14.5,3.15,0
AIR106535,2025-02-15,Rajasthan,Rajasthan City 3,Postpaid,0,Slow Internet,No Complaint,7.9,3.32,20
AIR106536,2025-03-15,Karnataka,Karnataka City 2,Broadband,0,Call Drops,No Complaint,16.8,2.84,4
AIR106537,2025-04-15,Uttar Pradesh,Uttar Pradesh City 3,Postpaid,0,Call Drops,No Complaint,22.4,3.87,53
AIR106538,2025-05-15,Delhi,Delhi City 2,Postpaid,0,Network Issues,No Complaint,19.1,4.06,32
AIR106539,2025-06-15,Kerala,Kerala City 2,Postpaid,0,Call Drops,No Complaint,12.1,4.49,52
AIR106540,2025-07-15,Karnataka,Karnataka City 1,Broadband,1,Network Issues,Resolved,13.9,3.84,34
AIR106541,2025-08-15,Uttar Pradesh,Uttar Pradesh City 2,Prepaid,0,Slow Internet,No Complaint,10.7,3.9,60
AIR106542,2025-09-15,Tamil Nadu,Tamil Nadu City 2,Broadband,0,Slow Internet,No Complaint,3.7,4.03,29
AIR106543,2025-10-15,Telangana,Telangana City 3,Postpaid,0,Network Issues,No Complaint,10.2,3.25,-2
AIR106544,2025-11-15,Uttar Pradesh,Uttar Pradesh City 1,Prepaid,1,Others,Resolved,10.3,3.17,9
AIR106545,2025-12-15,Tamil Nadu,Tamil Nadu City 3,Enterprise,0,Network Issues,No Complaint,3.1,3.99,33
AIR106546,2025-02-15,West Bengal,West Bengal City 1,Enterprise,0,Billing Issues,No Complaint,33.9,3.72,38
AIR106547,2025-03-15,Maharashtra,Maharashtra City 3,Postpaid,0,Call Drops,No Complaint,4.2,3.58,24
AIR106548,2025-04-15,Uttar Pradesh,Uttar Pradesh City 2,Broadband,0,Network Issues,No Complaint,7.9,3.42,14
AIR106549,2025-05-15,Gujarat,Gujarat City 1,Prepaid,0,Slow Internet,No Complaint,7.8,3.53,15
AIR106550,2025-06-15,Telangana,Telangana City 1,Prepaid,1,Slow Internet,Resolved,14.8,3.96,38
AIR106551,2025-07-15,Uttar Pradesh,Uttar Pradesh City 1,Prepaid,0,Call Drops,No Complaint,12,3.91,30
AIR106552,2025-08-15,Tamil Nadu,Tamil Nadu City 1,Postpaid,0,Network Issues,No Complaint,18.8,3.56,19
AIR106553,2025-09-15,Gujarat,Gujarat City 3,Postpaid,1,Network Issues,Pending,22.8,3.16,-6
AIR106554,2025-10-15,Telangana,Telangana City 3,Prepaid,0,Network Issues,No Complaint,14.8,3.82,28
AIR106555,2025-11-15,Gujarat,Gujarat City 1,Postpaid,0,Call Drops,No Complaint,29.1,3.73,31
AIR106556,2025-12-15,Delhi,Delhi City 1,Prepaid,0,Network Issues,No Complaint,10.3,4.34,34
AIR106557,2025-02-15,Tamil Nadu,Tamil Nadu City 1,Prepaid,0,Others,No Complaint,11.8,3.05,5
AIR106558,2025-03-15,Rajasthan,Rajasthan City 3,Prepaid,0,Network Issues,No Complaint,4.9,2.72,-9
AIR106559,2025-04-15,Delhi,Delhi City 1,Prepaid,0,Call Drops,No Complaint,15.7,3.79,16
AIR106560,2025-05-15,Telangana,Telangana City 1,Prepaid,0,Network Issues,No Complaint,17.1,4.93,77
AIR106561,2025-06-15,Telangana,Telangana City 1,Prepaid,0,Network Issues,No Complaint,7.8,3.82,5
AIR106562,2025-07-15,Karnataka,Karnataka City 3,Prepaid,0,Others,No Complaint,16.5,4.13,34
AIR106563,2025-08-15,Tamil Nadu,Tamil Nadu City 2,Prepaid,0,Network Issues,No Complaint,17.7,3.32,5
AIR106564,2025-09-15,West Bengal,West Bengal City 2,Prepaid,1,Billing Issues,Resolved,16.2,3.77,28
AIR106565,2025-10-15,West Bengal,West Bengal City 3,Broadband,0,Slow Internet,No Complaint,38.6,3.72,19
AIR106566,2025-11-15,Telangana,Telangana City 2,Prepaid,1,Slow Internet,Resolved,9.8,3.75,30
AIR106567,2025-12-15,West Bengal,West Bengal City 1,Postpaid,0,Network Issues,No Complaint,18.2,3.72,30
AIR106568,2025-02-15,Maharashtra,Maharashtra City 1,Prepaid,0,Billing Issues,No Complaint,13.3,3.86,48
AIR106569,2025-03-15,Karnataka,Karnataka City 3,Prepaid,0,Call Drops,No Complaint,30.2,4.21,36
AIR106570,2025-04-15,Telangana,Telangana City 3,Prepaid,0,Slow Internet,No Complaint,11.4,3.86,28
AIR106571,2025-05-15,West Bengal,West Bengal City 2,Broadband,0,Network Issues,No Complaint,9.1,3.68,18
AIR106572,2025-06-15,Tamil Nadu,Tamil Nadu City 2,Prepaid,0,Network Issues,No Complaint,8.2,3.62,19
AIR106573,2025-07-15,Uttar Pradesh,Uttar Pradesh City 1,Postpaid,1,Network Issues,Resolved,19,4.01,35
AIR106574,2025-08-15,Rajasthan,Rajasthan City 3,Postpaid,0,Network Issues,No Complaint,10.2,3.23,7
AIR106575,2025-09-15,Delhi,Delhi City 2,Prepaid,0,Network Issues,No Complaint,6.2,3.74,13
AIR106576,2025-10-15,Delhi,Delhi City 2,Broadband,1,Network Issues,Resolved,16,3.92,28
AIR106577,2025-11-15,Maharashtra,Maharashtra City 1,Prepaid,0,Others,No Complaint,30.3,4.09,17
AIR106578,2025-12-15,Gujarat,Gujarat City 1,Prepaid,0,Call Drops,No Complaint,22.7,3.5,20
AIR106579,2025-02-15,Tamil Nadu,Tamil Nadu City 1,Prepaid,0,Slow Internet,No Complaint,11.4,3.99,43
AIR106580,2025-03-15,Gujarat,Gujarat City 1,Prepaid,0,Network Issues,No Complaint,7.7,3.36,16
AIR106581,2025-04-15,Karnataka,Karnataka City 2,Prepaid,0,Network Issues,No Complaint,10.5,3.81,35
AIR106582,2025-05-15,Rajasthan,Rajasthan City 3,Postpaid,0,Network Issues,No Complaint,36.8,3.48,16
AIR106583,2025-06-15,Karnataka,Karnataka City 3,Prepaid,0,Slow Internet,No Complaint,14.3,4.22,47
AIR106584,2025-07-15,Telangana,Telangana City 1,Postpaid,0,Network Issues,No Complaint,28.2,3.07,7
AIR106585,2025-08-15,Tamil Nadu,Tamil Nadu City 1,Prepaid,0,Slow Internet,No Complaint,6.4,4.08,46
AIR106586,2025-09-15,Telangana,Telangana City 2,Enterprise,1,Billing Issues,Resolved,17.3,4.01,18
AIR106587,2025-10-15,Kerala,Kerala City 1,Prepaid,0,Slow Internet,No Complaint,19.1,3.3,13
AIR106588,2025-11-15,West Bengal,West Bengal City 3,Postpaid,1,Slow Internet,Resolved,16.3,3.44,22
AIR106589,2025-12-15,Delhi,Delhi City 1,Postpaid,0,Network Issues,No Complaint,11.6,3.22,10
AIR106590,2025-02-15,Uttar Pradesh,Uttar Pradesh City 3,Prepaid,0,Slow Internet,No Complaint,9.3,3.39,1
AIR106591,2025-03-15,Telangana,Telangana City 1,Prepaid,0,Billing Issues,No Complaint,5.8,3.9,34
AIR106592,2025-04-15,Gujarat,Gujarat City 1,Prepaid,1,Call Drops,In Progress,22.2,3.11,2
AIR106593,2025-05-15,Kerala,Kerala City 3,Prepaid,0,Slow Internet,No Complaint,13.7,4.53,37
AIR106594,2025-06-15,Delhi,Delhi City 2,Prepaid,1,Others,Pending,5,3.24,8
AIR106595,2025-07-15,Telangana,Telangana City 2,Postpaid,0,Slow Internet,No Complaint,6.5,3.79,9
AIR106596,2025-08-15,Kerala,Kerala City 1,Prepaid,0,Call Drops,No Complaint,26,3.41,22
AIR106597,2025-09-15,Kerala,Kerala City 1,Postpaid,0,Call Drops,No Complaint,4.4,3.75,29
AIR106598,2025-10-15,Tamil Nadu,Tamil Nadu City 3,Prepaid,1,Slow Internet,In Progress,51.7,3.05,-12
AIR106599,2025-11-15,Karnataka,Karnataka City 3,Broadband,0,Network Issues,No Complaint,37.9,3.64,25
AIR106600,2025-12-15,Kerala,Kerala City 1,Prepaid,0,Slow Internet,No Complaint,21.5,3.5,28
AIR106601,2025-02-15,Maharashtra,Maharashtra City 3,Prepaid,0,Network Issues,No Complaint,11.8,3.21,-8
AIR106602,2025-03-15,Karnataka,Karnataka City 2,Prepaid,1,Network Issues,In Progress,6.3,4.16,36
AIR106603,2025-04-15,Delhi,Delhi City 2,Prepaid,0,Network Issues,No Complaint,23,3.64,14
AIR106604,2025-05-15,Delhi,Delhi City 3,Postpaid,0,Network Issues,No Complaint,8.2,3.92,47
AIR106605,2025-06-15,Delhi,Delhi City 3,Postpaid,0,Call Drops,No Complaint,39.4,3.45,-5
AIR106606,2025-07-15,Delhi,Delhi City 3,Postpaid,1,Slow Internet,Resolved,22.3,3.14,-6
AIR106607,2025-08-15,Maharashtra,Maharashtra City 2,Postpaid,0,Call Drops,No Complaint,21.6,3.6,23
AIR106608,2025-09-15,Telangana,Telangana City 1,Enterprise,0,Call Drops,No Complaint,21.7,3.83,27
AIR106609,2025-10-15,Rajasthan,Rajasthan City 3,Postpaid,0,Call Drops,No Complaint,6.2,4.08,40
AIR106610,2025-11-15,Kerala,Kerala City 3,Prepaid,0,Billing Issues,No Complaint,22.7,3.35,3
AIR106611,2025-12-15,Delhi,Delhi City 3,Prepaid,1,Others,Resolved,13.7,4.03,53
AIR106612,2025-02-15,Karnataka,Karnataka City 1,Prepaid,1,Call Drops,Resolved,29.1,3.47,24
AIR106613,2025-03-15,Karnataka,Karnataka City 3,Postpaid,0,Network Issues,No Complaint,14.4,2.97,20
AIR106614,2025-04-15,Kerala,Kerala City 3,Prepaid,0,Slow Internet,No Complaint,42.7,3.22,9
AIR106615,2025-05-15,Telangana,Telangana City 2,Postpaid,0,Call Drops,No Complaint,5.6,3.77,41
AIR106616,2025-06-15,Uttar Pradesh,Uttar Pradesh City 3,Prepaid,0,Slow Internet,No Complaint,14.5,3.26,6
AIR106617,2025-07-15,Uttar Pradesh,Uttar Pradesh City 2,Broadband,0,Slow Internet,No Complaint,18.4,3.24,21
AIR106618,2025-08-15,Rajasthan,Rajasthan City 1,Enterprise,1,Network Issues,Resolved,14,3.55,33
AIR106619,2025-09-15,Telangana,Telangana City 3,Prepaid,1,Network Issues,Resolved,24.4,3.49,26
AIR106620,2025-10-15,Kerala,Kerala City 3,Broadband,0,Network Issues,No Complaint,12.5,3.43,30
AIR106621,2025-11-15,Uttar Pradesh,Uttar Pradesh City 2,Broadband,0,Slow Internet,No Complaint,25.1,3.78,17
AIR106622,2025-12-15,Uttar Pradesh,Uttar Pradesh City 1,Enterprise,1,Network Issues,Resolved,62,2.61,-36
AIR106623,2025-02-15,Uttar Pradesh,Uttar Pradesh City 1,Prepaid,1,Network Issues,Pending,16.3,3.43,0
AIR106624,2025-03-15,Gujarat,Gujarat City 2,Postpaid,0,Slow Internet,No Complaint,14.8,4.05,16
AIR106625,2025-04-15,Maharashtra,Maharashtra City 1,Prepaid,1,Network Issues,Resolved,29.7,3.01,-9
AIR106626,2025-05-15,Kerala,Kerala City 1,Postpaid,0,Network Issues,No Complaint,18.7,4.41,48
AIR106627,2025-06-15,West Bengal,West Bengal City 1,Postpaid,0,Slow Internet,No Complaint,8.7,3.46,6
AIR106628,2025-07-15,Tamil Nadu,Tamil Nadu City 1,Postpaid,0,Network Issues,No Complaint,20.5,4.23,29
AIR106629,2025-08-15,Tamil Nadu,Tamil Nadu City 1,Prepaid,1,Slow Internet,Resolved,17.3,3.07,21
AIR106630,2025-09-15,Telangana,Telangana City 1,Broadband,0,Network Issues,No Complaint,52.4,3.35,11
AIR106631,2025-10-15,Kerala,Kerala City 1,Prepaid,0,Call Drops,No Complaint,8.9,4.02,53
AIR106632,2025-11-15,Kerala,Kerala City 1,Prepaid,0,Network Issues,No Complaint,26.8,2.99,7
AIR106633,2025-12-15,Tamil Nadu,Tamil Nadu City 3,Postpaid,1,Network Issues,Resolved,14.1,3.78,7
AIR106634,2025-02-15,Rajasthan,Rajasthan City 2,Broadband,0,Call Drops,No Complaint,17.5,3.52,26
AIR106635,2025-03-15,Tamil Nadu,Tamil Nadu City 1,Enterprise,1,Network Issues,Resolved,11.1,2.97,9
AIR106636,2025-04-15,Kerala,Kerala City 2,Postpaid,0,Network Issues,No Complaint,5.1,3.64,18
AIR106637,2025-05-15,Uttar Pradesh,Uttar Pradesh City 1,Prepaid,0,Slow Internet,No Complaint,22.3,4.07,46
AIR106638,2025-06-15,Rajasthan,Rajasthan City 1,Prepaid,0,Others,No Complaint,10.8,2.74,-3
AIR106639,2025-07-15,Delhi,Delhi City 3,Prepaid,0,Network Issues,No Complaint,49.4,3.18,-1
AIR106640,2025-08-15,West Bengal,West Bengal City 2,Prepaid,1,Network Issues,Resolved,17.6,3.64,24
AIR106641,2025-09-15,Gujarat,Gujarat City 2,Prepaid,0,Slow Internet,No Complaint,12.4,3.27,-3
AIR106642,2025-10-15,Maharashtra,Maharashtra City 3,Prepaid,0,Slow Internet,No Complaint,5.3,3.33,16
AIR106643,2025-11-15,Delhi,Delhi City 3,Prepaid,0,Call Drops,No Complaint,11.8,3.68,37
AIR106644,2025-12-15,Karnataka,Karnataka City 2,Broadband,0,Network Issues,No Complaint,17.7,4.03,24
AIR106645,2025-02-15,Tamil Nadu,Tamil Nadu City 1,Postpaid,0,Billing Issues,No Complaint,3.3,3.41,12
AIR106646,2025-03-15,West Bengal,West Bengal City 1,Postpaid,1,Network Issues,Resolved,39.4,3.95,42
AIR106647,2025-04-15,Tamil Nadu,Tamil Nadu City 2,Prepaid,1,Network Issues,Pending,2.6,2.81,-10
AIR106648,2025-05-15,Tamil Nadu,Tamil Nadu City 1,Prepaid,0,Network Issues,No Complaint,16.9,4.24,58
AIR106649,2025-06-15,Delhi,Delhi City 3,Prepaid,0,Network Issues,No Complaint,48.2,3.05,9
AIR106650,2025-07-15,Uttar Pradesh,Uttar Pradesh City 3,Prepaid,0,Network Issues,No Complaint,16,3.77,8
AIR106651,2025-08-15,Uttar Pradesh,Uttar Pradesh City 3,Postpaid,1,Slow Internet,Resolved,20.7,3.59,21
AIR106652,2025-09-15,Gujarat,Gujarat City 2,Postpaid,1,Others,Resolved,24,4.32,41
AIR106653,2025-10-15,Rajasthan,Rajasthan City 2,Broadband,0,Billing Issues,No Complaint,27,3.18,0
AIR106654,2025-11-15,Tamil Nadu,Tamil Nadu City 2,Broadband,1,Network Issues,Resolved,39.7,3.71,16
AIR106655,2025-12-15,Telangana,Telangana City 1,Postpaid,0,Slow Internet,No Complaint,5.9,3.7,14
AIR106656,2025-02-15,Uttar Pradesh,Uttar Pradesh City 2,Prepaid,0,Slow Internet,No Complaint,21.6,4,46
AIR106657,2025-03-15,Kerala,Kerala City 2,Broadband,0,Slow Internet,No Complaint,3.6,3.7,27
AIR106658,2025-04-15,West Bengal,West Bengal City 3,Postpaid,0,Slow Internet,No Complaint,22.6,3.67,7
AIR106659,2025-05-15,Telangana,Telangana City 1,Postpaid,0,Network Issues,No Complaint,25.3,3.17,-2
AIR106660,2025-06-15,Delhi,Delhi City 1,Postpaid,0,Call Drops,No Complaint,56.9,3.2,-6
AIR106661,2025-07-15,Delhi,Delhi City 3,Prepaid,0,Slow Internet,No Complaint,54.2,3.61,12
AIR106662,2025-08-15,Gujarat,Gujarat City 1,Prepaid,1,Network Issues,Resolved,13.5,3.64,28
AIR106663,2025-09-15,Gujarat,Gujarat City 2,Prepaid,1,Slow Internet,Resolved,9.1,4.06,33
AIR106664,2025-10-15,Rajasthan,Rajasthan City 1,Prepaid,1,Slow Internet,Resolved,2.2,3.34,27
AIR106665,2025-11-15,Kerala,Kerala City 3,Prepaid,1,Billing Issues,Resolved,13.7,2.99,12
AIR106666,2025-12-15,West Bengal,West Bengal City 1,Prepaid,0,Slow Internet,No Complaint,5.7,4.29,56
AIR106667,2025-02-15,Kerala,Kerala City 3,Broadband,0,Network Issues,No Complaint,7.3,4.04,50
AIR106668,2025-03-15,Karnataka,Karnataka City 2,Postpaid,1,Network Issues,In Progress,20.5,4.02,44
AIR106669,2025-04-15,Gujarat,Gujarat City 2,Prepaid,1,Network Issues,Resolved,20.2,3.84,32
AIR106670,2025-05-15,Rajasthan,Rajasthan City 3,Prepaid,0,Others,No Complaint,19.8,4.28,42
AIR106671,2025-06-15,Maharashtra,Maharashtra City 2,Postpaid,0,Call Drops,No Complaint,26.4,3.57,24
AIR106672,2025-07-15,Tamil Nadu,Tamil Nadu City 2,Prepaid,1,Billing Issues,In Progress,15.8,4.1,40
AIR106673,2025-08-15,Tamil Nadu,Tamil Nadu City 1,Postpaid,0,Network Issues,No Complaint,26.3,3.38,1
AIR106674,2025-09-15,Maharashtra,Maharashtra City 2,Broadband,0,Slow Internet,No Complaint,42.9,3.45,11
AIR106675,2025-10-15,Uttar Pradesh,Uttar Pradesh City 3,Postpaid,1,Network Issues,Resolved,27.2,3.79,37
AIR106676,2025-11-15,Kerala,Kerala City 2,Prepaid,1,Billing Issues,Pending,16.3,3.53,36
AIR106677,2025-12-15,Maharashtra,Maharashtra City 1,Postpaid,1,Billing Issues,Resolved,13.2,3.35,2
AIR106678,2025-02-15,Rajasthan,Rajasthan City 3,Prepaid,0,Network Issues,No Complaint,12.3,3.51,40
AIR106679,2025-03-15,West Bengal,West Bengal City 2,Prepaid,0,Billing Issues,No Complaint,23.2,3.7,50
AIR106680,2025-04-15,Maharashtra,Maharashtra City 2,Postpaid,1,Slow Internet,Resolved,14.6,3.77,18
AIR106681,2025-05-15,Rajasthan,Rajasthan City 2,Broadband,0,Network Issues,No Complaint,2.1,3.29,11
AIR106682,2025-06-15,Gujarat,Gujarat City 3,Prepaid,1,Call Drops,Resolved,12,3.17,18
AIR106683,2025-07-15,Telangana,Telangana City 1,Broadband,1,Call Drops,Pending,27.7,3.15,-2
AIR106684,2025-08-15,Delhi,Delhi City 3,Prepaid,0,Network Issues,No Complaint,14.8,2.88,-10
AIR106685,2025-09-15,Delhi,Delhi City 3,Prepaid,1,Slow Internet,Resolved,25.5,3.92,48
AIR106686,2025-10-15,Karnataka,Karnataka City 1,Postpaid,1,Call Drops,Pending,6.3,3.06,0
AIR106687,2025-11-15,Kerala,Kerala City 3,Prepaid,0,Slow Internet,No Complaint,13.1,3.83,34
AIR106688,2025-12-15,West Bengal,West Bengal City 3,Prepaid,1,Call Drops,Resolved,47.6,3.25,-11
AIR106689,2025-02-15,Telangana,Telangana City 2,Prepaid,0,Slow Internet,No Complaint,3.6,3.88,22
AIR106690,2025-03-15,Telangana,Telangana City 3,Prepaid,0,Call Drops,No Complaint,4.9,4.26,43
AIR106691,2025-04-15,Gujarat,Gujarat City 2,Prepaid,0,Slow Internet,No Complaint,18.8,3.89,30
AIR106692,2025-05-15,Maharashtra,Maharashtra City 3,Postpaid,1,Network Issues,Resolved,22.8,3.71,24
AIR106693,2025-06-15,Kerala,Kerala City 2,Postpaid,0,Network Issues,No Complaint,5.3,3.39,12
AIR106694,2025-07-15,Tamil Nadu,Tamil Nadu City 2,Enterprise,0,Network Issues,No Complaint,7.2,3.46,20
AIR106695,2025-08-15,Telangana,Telangana City 2,Postpaid,0,Slow Internet,No Complaint,20.1,3.42,24
AIR106696,2025-09-15,Rajasthan,Rajasthan City 1,Postpaid,1,Slow Internet,Resolved,2.5,2.98,14
AIR106697,2025-10-15,Tamil Nadu,Tamil Nadu City 3,Postpaid,0,Network Issues,No Complaint,20.8,3.46,11
AIR106698,2025-11-15,Karnataka,Karnataka City 3,Broadband,0,Slow Internet,No Complaint,16,3.11,25
AIR106699,2025-12-15,Maharashtra,Maharashtra City 3,Prepaid,0,Network Issues,No Complaint,8.4,4,17
AIR106700,2025-02-15,Maharashtra,Maharashtra City 1,Prepaid,0,Network Issues,No Complaint,14.8,3.63,11
AIR106701,2025-03-15,West Bengal,West Bengal City 2,Postpaid,1,Network Issues,Resolved,15.5,3.46,28
AIR106702,2025-04-15,Telangana,Telangana City 3,Prepaid,0,Network Issues,No Complaint,14.7,3.54,13
AIR106703,2025-05-15,Gujarat,Gujarat City 1,Broadband,0,Network Issues,No Complaint,2.5,3.18,-1
AIR106704,2025-06-15,Uttar Pradesh,Uttar Pradesh City 1,Postpaid,1,Slow Internet,In Progress,28.2,2.69,-14
AIR106705,2025-07-15,Uttar Pradesh,Uttar Pradesh City 3,Prepaid,0,Call Drops,No Complaint,21.7,3.37,10
AIR106706,2025-08-15,Delhi,Delhi City 2,Postpaid,1,Call Drops,Resolved,7.6,3.61,14
AIR106707,2025-09-15,Rajasthan,Rajasthan City 1,Prepaid,0,Call Drops,No Complaint,10.2,3.09,0
AIR106708,2025-10-15,Tamil Nadu,Tamil Nadu City 3,Enterprise,0,Slow Internet,No Complaint,16.2,4.03,29
AIR106709,2025-11-15,Karnataka,Karnataka City 2,Enterprise,0,Network Issues,No Complaint,33,3.62,14
AIR106710,2025-12-15,Delhi,Delhi City 1,Postpaid,1,Network Issues,Pending,24.7,4.2,53
AIR106711,2025-02-15,Maharashtra,Maharashtra City 1,Prepaid,0,Call Drops,No Complaint,12.6,3.74,27
AIR106712,2025-03-15,Tamil Nadu,Tamil Nadu City 3,Prepaid,0,Slow Internet,No Complaint,1,4,45
AIR106713,2025-04-15,Kerala,Kerala City 3,Postpaid,0,Slow Internet,No Complaint,5,3.26,-4
AIR106714,2025-05-15,Telangana,Telangana City 2,Broadband,0,Slow Internet,No Complaint,7.2,4.18,41
AIR106715,2025-06-15,Karnataka,Karnataka City 3,Prepaid,1,Billing Issues,Resolved,36.3,3.61,28
AIR106716,2025-07-15,Kerala,Kerala City 3,Prepaid,0,Network Issues,No Complaint,9.4,3.4,9
AIR106717,2025-08-15,Gujarat,Gujarat City 2,Prepaid,1,Slow Internet,Resolved,17.6,3.93,46
AIR106718,2025-09-15,Telangana,Telangana City 3,Postpaid,0,Slow Internet,No Complaint,9.2,3.76,36
AIR106719,2025-10-15,Tamil Nadu,Tamil Nadu City 2,Broadband,1,Call Drops,In Progress,32.5,3.77,25
AIR106720,2025-11-15,Telangana,Telangana City 2,Prepaid,1,Network Issues,Resolved,8.8,3.58,7
AIR106721,2025-12-15,Delhi,Delhi City 2,Prepaid,0,Call Drops,No Complaint,19.3,2.83,10
AIR106722,2025-02-15,West Bengal,West Bengal City 3,Postpaid,0,Slow Internet,No Complaint,10.6,3.89,30
AIR106723,2025-03-15,Delhi,Delhi City 2,Broadband,0,Slow Internet,No Complaint,28,3.93,43
AIR106724,2025-04-15,Gujarat,Gujarat City 3,Broadband,0,Network Issues,No Complaint,19.7,3.88,28
AIR106725,2025-05-15,Rajasthan,Rajasthan City 2,Postpaid,0,Slow Internet,No Complaint,9.7,2.95,-11
AIR106726,2025-06-15,Kerala,Kerala City 3,Prepaid,1,Billing Issues,Resolved,37.8,3.49,18
AIR106727,2025-07-15,Delhi,Delhi City 2,Prepaid,0,Others,No Complaint,13.1,3.22,10
AIR106728,2025-08-15,West Bengal,West Bengal City 1,Enterprise,0,Billing Issues,No Complaint,22.4,3.8,33
AIR106729,2025-09-15,Rajasthan,Rajasthan City 1,Enterprise,0,Call Drops,No Complaint,18.1,3.85,26
AIR106730,2025-10-15,Delhi,Delhi City 1,Postpaid,1,Network Issues,Resolved,20.5,3.21,3
AIR106731,2025-11-15,Maharashtra,Maharashtra City 2,Postpaid,0,Slow Internet,No Complaint,20.5,3.59,20
AIR106732,2025-12-15,West Bengal,West Bengal City 3,Enterprise,0,Network Issues,No Complaint,19.2,2.98,25
AIR106733,2025-02-15,Kerala,Kerala City 2,Prepaid,0,Network Issues,No Complaint,6.8,3.55,26
AIR106734,2025-03-15,Karnataka,Karnataka City 2,Prepaid,0,Network Issues,No Complaint,7.5,3.43,10
AIR106735,2025-04-15,Uttar Pradesh,Uttar Pradesh City 2,Postpaid,0,Others,No Complaint,26.1,4.14,30
AIR106736,2025-05-15,Rajasthan,Rajasthan City 2,Enterprise,0,Slow Internet,No Complaint,22,3.69,23
AIR106737,2025-06-15,Maharashtra,Maharashtra City 3,Postpaid,1,Billing Issues,Resolved,21.6,4.65,63
AIR106738,2025-07-15,Karnataka,Karnataka City 2,Broadband,0,Network Issues,No Complaint,7.2,3.28,17
AIR106739,2025-08-15,Tamil Nadu,Tamil Nadu City 1,Prepaid,0,Network Issues,No Complaint,14.6,3.55,25
AIR106740,2025-09-15,West Bengal,West Bengal City 1,Prepaid,0,Network Issues,No Complaint,16.1,3.3,12
AIR106741,2025-10-15,Maharashtra,Maharashtra City 1,Prepaid,0,Slow Internet,No Complaint,6.4,3.36,9
AIR106742,2025-11-15,Telangana,Telangana City 2,Enterprise,0,Network Issues,No Complaint,6,4.45,53
AIR106743,2025-12-15,Tamil Nadu,Tamil Nadu City 3,Postpaid,1,Network Issues,Resolved,16.6,3.02,5
AIR106744,2025-02-15,Tamil Nadu,Tamil Nadu City 3,Prepaid,1,Slow Internet,Resolved,9,3.93,24
AIR106745,2025-03-15,Rajasthan,Rajasthan City 3,Enterprise,0,Network Issues,No Complaint,6,3.21,0
AIR106746,2025-04-15,West Bengal,West Bengal City 2,Postpaid,1,Network Issues,Pending,20.5,3.28,21
AIR106747,2025-05-15,Maharashtra,Maharashtra City 3,Broadband,1,Call Drops,In Progress,7.4,3.71,14
AIR106748,2025-06-15,Gujarat,Gujarat City 1,Postpaid,0,Network Issues,No Complaint,9.9,3.72,34
AIR106749,2025-07-15,Maharashtra,Maharashtra City 3,Prepaid,0,Others,No Complaint,10,3.52,18
AIR106750,2025-08-15,Delhi,Delhi City 2,Postpaid,0,Others,No Complaint,9.1,3.45,7
AIR106751,2025-09-15,Tamil Nadu,Tamil Nadu City 2,Enterprise,0,Network Issues,No Complaint,19.4,3.86,29
AIR106752,2025-10-15,Kerala,Kerala City 3,Prepaid,0,Others,No Complaint,25.2,2.96,9
AIR106753,2025-11-15,Tamil Nadu,Tamil Nadu City 2,Broadband,1,Others,Resolved,14.9,3.78,35
AIR106754,2025-12-15,Tamil Nadu,Tamil Nadu City 3,Prepaid,0,Slow Internet,No Complaint,18.2,2.98,0
AIR106755,2025-02-15,Uttar Pradesh,Uttar Pradesh City 3,Prepaid,0,Slow Internet,No Complaint,27.1,3.74,31
AIR106756,2025-03-15,Telangana,Telangana City 1,Prepaid,0,Slow Internet,No Complaint,1.8,3.42,14
AIR106757,2025-04-15,Gujarat,Gujarat City 2,Broadband,1,Network Issues,Resolved,6.6,3.33,36
AIR106758,2025-05-15,Karnataka,Karnataka City 1,Postpaid,0,Slow Internet,No Complaint,5,3.6,0
AIR106759,2025-06-15,Karnataka,Karnataka City 2,Prepaid,0,Slow Internet,No Complaint,23.1,3.77,33
AIR106760,2025-07-15,Telangana,Telangana City 3,Broadband,1,Slow Internet,In Progress,30.9,3.94,46
AIR106761,2025-08-15,Tamil Nadu,Tamil Nadu City 2,Prepaid,0,Call Drops,No Complaint,20.2,3.17,-3
AIR106762,2025-09-15,Karnataka,Karnataka City 3,Prepaid,0,Network Issues,No Complaint,11.1,3.2,28
AIR106763,2025-10-15,West Bengal,West Bengal City 2,Prepaid,0,Network Issues,No Complaint,9.8,4.63,82
AIR106764,2025-11-15,Gujarat,Gujarat City 1,Postpaid,0,Network Issues,No Complaint,31.3,3.6,21
AIR106765,2025-12-15,Karnataka,Karnataka City 1,Postpaid,0,Slow Internet,No Complaint,34.9,2.91,-13
AIR106766,2025-02-15,Telangana,Telangana City 3,Broadband,0,Others,No Complaint,9.1,3.11,-8
AIR106767,2025-03-15,Delhi,Delhi City 1,Postpaid,0,Slow Internet,No Complaint,28.7,3.77,27
AIR106768,2025-04-15,Karnataka,Karnataka City 3,Prepaid,0,Billing Issues,No Complaint,13.3,3.4,21
AIR106769,2025-05-15,Gujarat,Gujarat City 3,Broadband,1,Call Drops,Resolved,5.7,3.17,-15
AIR106770,2025-06-15,Rajasthan,Rajasthan City 3,Prepaid,1,Network Issues,In Progress,20.8,2.78,-15
AIR106771,2025-07-15,Rajasthan,Rajasthan City 2,Broadband,1,Network Issues,Resolved,12.3,3.35,14
AIR106772,2025-08-15,West Bengal,West Bengal City 3,Prepaid,0,Network Issues,No Complaint,5.9,4.04,41
AIR106773,2025-09-15,Maharashtra,Maharashtra City 1,Prepaid,1,Slow Internet,In Progress,17.4,3.6,19
AIR106774,2025-10-15,Maharashtra,Maharashtra City 2,Postpaid,0,Slow Internet,No Complaint,13.2,3.77,20
AIR106775,2025-11-15,Karnataka,Karnataka City 1,Prepaid,0,Network Issues,No Complaint,4.2,2.43,-12
AIR106776,2025-12-15,Kerala,Kerala City 3,Prepaid,0,Network Issues,No Complaint,15.4,3.81,7
AIR106777,2025-02-15,Delhi,Delhi City 3,Postpaid,0,Billing Issues,No Complaint,15.8,3.45,27
AIR106778,2025-03-15,Telangana,Telangana City 1,Prepaid,0,Network Issues,No Complaint,6.7,3.18,16
AIR106779,2025-04-15,Delhi,Delhi City 2,Prepaid,0,Billing Issues,No Complaint,22.7,3.42,11
AIR106780,2025-05-15,Rajasthan,Rajasthan City 1,Prepaid,1,Network Issues,Resolved,20.5,4.63,56
AIR106781,2025-06-15,Karnataka,Karnataka City 3,Postpaid,0,Slow Internet,No Complaint,11.6,3.56,9
AIR106782,2025-07-15,Gujarat,Gujarat City 2,Prepaid,1,Network Issues,Resolved,10.9,3.39,20
AIR106783,2025-08-15,Telangana,Telangana City 3,Prepaid,0,Slow Internet,No Complaint,6.7,4.04,34
AIR106784,2025-09-15,Delhi,Delhi City 3,Postpaid,1,Slow Internet,Resolved,13.5,3.66,31
AIR106785,2025-10-15,Gujarat,Gujarat City 1,Postpaid,1,Slow Internet,Resolved,4.9,3.31,16
AIR106786,2025-11-15,Telangana,Telangana City 3,Postpaid,0,Network Issues,No Complaint,18.6,4.01,37
AIR106787,2025-12-15,Delhi,Delhi City 1,Prepaid,1,Billing Issues,Resolved,11.2,4.29,31
AIR106788,2025-02-15,West Bengal,West Bengal City 2,Prepaid,0,Slow Internet,No Complaint,28.9,3.54,25
AIR106789,2025-03-15,Rajasthan,Rajasthan City 3,Postpaid,1,Slow Internet,Resolved,11.3,4.06,24
AIR106790,2025-04-15,Tamil Nadu,Tamil Nadu City 3,Broadband,0,Network Issues,No Complaint,9.9,3.49,29
AIR106791,2025-05-15,Telangana,Telangana City 2,Postpaid,1,Call Drops,Resolved,21.5,4.38,37
AIR106792,2025-06-15,Rajasthan,Rajasthan City 1,Prepaid,1,Billing Issues,Pending,24.2,3.85,27
AIR106793,2025-07-15,Uttar Pradesh,Uttar Pradesh City 3,Prepaid,1,Slow Internet,Resolved,21,3.74,17
AIR106794,2025-08-15,Kerala,Kerala City 2,Broadband,0,Network Issues,No Complaint,13.7,4.07,26
AIR106795,2025-09-15,Karnataka,Karnataka City 3,Postpaid,1,Slow Internet,Resolved,30.1,3.56,30
AIR106796,2025-10-15,Uttar Pradesh,Uttar Pradesh City 1,Prepaid,1,Network Issues,Pending,3.1,4.1,60
AIR106797,2025-11-15,Gujarat,Gujarat City 1,Prepaid,1,Billing Issues,In Progress,19.5,3.84,28
AIR106798,2025-12-15,Telangana,Telangana City 1,Broadband,0,Network Issues,No Complaint,3.5,3.63,31
AIR106799,2025-02-15,Karnataka,Karnataka City 1,Prepaid,0,Others,No Complaint,30.8,3.14,8
AIR106800,2025-03-15,Karnataka,Karnataka City 2,Postpaid,0,Network Issues,No Complaint,19.2,3.88,37
AIR106801,2025-04-15,Uttar Pradesh,Uttar Pradesh City 3,Postpaid,1,Network Issues,Resolved,10.9,3,16
AIR106802,2025-05-15,Uttar Pradesh,Uttar Pradesh City 2,Prepaid,1,Network Issues,Resolved,13.8,3.97,42
AIR106803,2025-06-15,Tamil Nadu,Tamil Nadu City 1,Prepaid,1,Call Drops,Resolved,9,3.73,36
AIR106804,2025-07-15,Delhi,Delhi City 1,Prepaid,0,Call Drops,No Complaint,11.6,2.96,-13
AIR106805,2025-08-15,Telangana,Telangana City 1,Broadband,0,Call Drops,No Complaint,22.2,3.1,7
AIR106806,2025-09-15,Rajasthan,Rajasthan City 1,Postpaid,0,Slow Internet,No Complaint,43.8,3.17,1
AIR106807,2025-10-15,Maharashtra,Maharashtra City 3,Broadband,1,Network Issues,In Progress,32.9,3.6,19
AIR106808,2025-11-15,Telangana,Telangana City 1,Postpaid,0,Billing Issues,No Complaint,14.3,4.64,59
AIR106809,2025-12-15,Telangana,Telangana City 3,Broadband,1,Call Drops,Resolved,2.7,3.81,42
AIR106810,2025-02-15,Telangana,Telangana City 1,Broadband,1,Network Issues,Resolved,21.4,4.1,36
AIR106811,2025-03-15,Karnataka,Karnataka City 3,Postpaid,0,Call Drops,No Complaint,13.2,3.72,32
AIR106812,2025-04-15,Gujarat,Gujarat City 3,Prepaid,0,Billing Issues,No Complaint,11.4,3.63,28
AIR106813,2025-05-15,Karnataka,Karnataka City 1,Postpaid,1,Slow Internet,Resolved,2.4,3.94,34
AIR106814,2025-06-15,Gujarat,Gujarat City 2,Postpaid,0,Network Issues,No Complaint,12.9,3.87,34
AIR106815,2025-07-15,Uttar Pradesh,Uttar Pradesh City 2,Postpaid,0,Network Issues,No Complaint,24.5,3.51,13
AIR106816,2025-08-15,Maharashtra,Maharashtra City 2,Broadband,1,Network Issues,Resolved,3.6,3.83,51
AIR106817,2025-09-15,Karnataka,Karnataka City 2,Prepaid,0,Network Issues,No Complaint,20.6,4.13,52
AIR106818,2025-10-15,Gujarat,Gujarat City 2,Prepaid,0,Call Drops,No Complaint,21.6,2.94,6
AIR106819,2025-11-15,Karnataka,Karnataka City 1,Postpaid,0,Billing Issues,No Complaint,11.8,3.59,15
AIR106820,2025-12-15,Kerala,Kerala City 1,Prepaid,0,Network Issues,No Complaint,28.5,3.25,9
AIR106821,2025-02-15,Karnataka,Karnataka City 1,Prepaid,0,Network Issues,No Complaint,24.7,3.03,-2
AIR106822,2025-03-15,Maharashtra,Maharashtra City 1,Enterprise,0,Call Drops,No Complaint,3.6,3.94,34
AIR106823,2025-04-15,Maharashtra,Maharashtra City 1,Postpaid,0,Slow Internet,No Complaint,8.9,3.39,2
AIR106824,2025-05-15,Gujarat,Gujarat City 1,Broadband,0,Call Drops,No Complaint,6.2,3.5,29
AIR106825,2025-06-15,Gujarat,Gujarat City 3,Postpaid,0,Call Drops,No Complaint,4,3.14,-7
AIR106826,2025-07-15,Uttar Pradesh,Uttar Pradesh City 3,Postpaid,0,Slow Internet,No Complaint,19.2,3.84,24
AIR106827,2025-08-15,Maharashtra,Maharashtra City 1,Postpaid,0,Slow Internet,No Complaint,16.6,4.41,48
AIR106828,2025-09-15,Maharashtra,Maharashtra City 1,Prepaid,1,Network Issues,In Progress,33.4,3.98,23
AIR106829,2025-10-15,Tamil Nadu,Tamil Nadu City 3,Postpaid,1,Billing Issues,Resolved,9.1,3.83,34
AIR106830,2025-11-15,Telangana,Telangana City 3,Prepaid,0,Slow Internet,No Complaint,8.4,4.62,58
AIR106831,2025-12-15,West Bengal,West Bengal City 1,Enterprise,1,Network Issues,Resolved,4,3.34,16
AIR106832,2025-02-15,Karnataka,Karnataka City 3,Prepaid,0,Network Issues,No Complaint,18,2.92,6
AIR106833,2025-03-15,Delhi,Delhi City 2,Prepaid,0,Slow Internet,No Complaint,47.4,3.16,-6
AIR106834,2025-04-15,Uttar Pradesh,Uttar Pradesh City 2,Postpaid,0,Network Issues,No Complaint,21.6,4.14,40
AIR106835,2025-05-15,Telangana,Telangana City 2,Postpaid,0,Network Issues,No Complaint,20.3,3.34,18
AIR106836,2025-06-15,West Bengal,West Bengal City 3,Prepaid,0,Network Issues,No Complaint,3.7,4.34,53
AIR106837,2025-07-15,Tamil Nadu,Tamil Nadu City 1,Prepaid,0,Network Issues,No Complaint,5.7,3.98,24
AIR106838,2025-08-15,Delhi,Delhi City 1,Broadband,0,Call Drops,No Complaint,5,4.24,47
AIR106839,2025-09-15,Gujarat,Gujarat City 1,Postpaid,1,Slow Internet,Pending,50.5,3.46,13
AIR106840,2025-10-15,Maharashtra,Maharashtra City 3,Prepaid,0,Network Issues,No Complaint,31.9,3.86,31
AIR106841,2025-11-15,Kerala,Kerala City 3,Postpaid,0,Slow Internet,No Complaint,23.3,3.55,8
AIR106842,2025-12-15,Uttar Pradesh,Uttar Pradesh City 2,Prepaid,1,Call Drops,Resolved,18,4.05,28
AIR106843,2025-02-15,Rajasthan,Rajasthan City 3,Prepaid,0,Network Issues,No Complaint,6.6,2.75,-12
AIR106844,2025-03-15,Maharashtra,Maharashtra City 2,Enterprise,0,Slow Internet,No Complaint,25.5,3.79,21
AIR106845,2025-04-15,Kerala,Kerala City 2,Prepaid,1,Network Issues,In Progress,10.7,3.59,21
AIR106846,2025-05-15,West Bengal,West Bengal City 1,Prepaid,0,Call Drops,No Complaint,8.3,3.68,25
AIR106847,2025-06-15,Gujarat,Gujarat City 3,Enterprise,0,Slow Internet,No Complaint,30.1,3.15,21
AIR106848,2025-07-15,Delhi,Delhi City 1,Postpaid,0,Slow Internet,No Complaint,24.5,3.85,39
AIR106849,2025-08-15,West Bengal,West Bengal City 1,Prepaid,0,Slow Internet,No Complaint,29.8,3.35,13
AIR106850,2025-09-15,Maharashtra,Maharashtra City 3,Prepaid,0,Network Issues,No Complaint,20.8,3.49,-1
AIR106851,2025-10-15,Maharashtra,Maharashtra City 3,Broadband,0,Network Issues,No Complaint,12.8,3.88,23
AIR106852,2025-11-15,Delhi,Delhi City 2,Prepaid,0,Slow Internet,No Complaint,3.7,3.07,5
AIR106853,2025-12-15,Rajasthan,Rajasthan City 2,Postpaid,0,Network Issues,No Complaint,10.9,3.66,18
AIR106854,2025-02-15,Kerala,Kerala City 2,Postpaid,0,Network Issues,No Complaint,36.2,3.58,17
AIR106855,2025-03-15,West Bengal,West Bengal City 2,Prepaid,0,Call Drops,No Complaint,3.9,3.3,14
AIR106856,2025-04-15,Gujarat,Gujarat City 1,Postpaid,0,Billing Issues,No Complaint,9.3,4.13,41
AIR106857,2025-05-15,Maharashtra,Maharashtra City 1,Postpaid,1,Network Issues,Pending,6.4,3.79,41
AIR106858,2025-06-15,West Bengal,West Bengal City 3,Prepaid,0,Slow Internet,No Complaint,18.1,3.73,29
AIR106859,2025-07-15,Rajasthan,Rajasthan City 2,Broadband,1,Call Drops,Resolved,10.8,3.19,5
AIR106860,2025-08-15,West Bengal,West Bengal City 2,Prepaid,0,Slow Internet,No Complaint,27.5,3.07,19
AIR106861,2025-09-15,Delhi,Delhi City 2,Postpaid,0,Call Drops,No Complaint,8.9,3.72,24
AIR106862,2025-10-15,Gujarat,Gujarat City 1,Postpaid,0,Call Drops,No Complaint,4.9,3.51,19
AIR106863,2025-11-15,Tamil Nadu,Tamil Nadu City 3,Postpaid,0,Network Issues,No Complaint,1,3.68,34
AIR106864,2025-12-15,Delhi,Delhi City 1,Prepaid,1,Call Drops,In Progress,12,3.98,44
AIR106865,2025-02-15,West Bengal,West Bengal City 3,Postpaid,0,Call Drops,No Complaint,25.1,3.09,15
AIR106866,2025-03-15,Tamil Nadu,Tamil Nadu City 3,Prepaid,1,Call Drops,Resolved,9.6,3.35,27
AIR106867,2025-04-15,Maharashtra,Maharashtra City 1,Postpaid,0,Slow Internet,No Complaint,4.3,3.94,50
AIR106868,2025-05-15,Tamil Nadu,Tamil Nadu City 1,Broadband,0,Call Drops,No Complaint,8.2,3.24,9
AIR106869,2025-06-15,Rajasthan,Rajasthan City 3,Broadband,0,Billing Issues,No Complaint,11.3,2.8,2
AIR106870,2025-07-15,Karnataka,Karnataka City 1,Postpaid,0,Slow Internet,No Complaint,5.9,4.06,38
AIR106871,2025-08-15,Rajasthan,Rajasthan City 1,Prepaid,1,Call Drops,Resolved,13.8,3.61,9
AIR106872,2025-09-15,Delhi,Delhi City 3,Prepaid,0,Call Drops,No Complaint,16.9,3.92,60
AIR106873,2025-10-15,Karnataka,Karnataka City 3,Prepaid,1,Network Issues,Resolved,10.6,2.91,9
AIR106874,2025-11-15,Delhi,Delhi City 2,Postpaid,1,Slow Internet,Pending,22.4,2.99,16
AIR106875,2025-12-15,Uttar Pradesh,Uttar Pradesh City 1,Prepaid,0,Network Issues,No Complaint,27.9,3.36,20
AIR106876,2025-02-15,Gujarat,Gujarat City 3,Enterprise,0,Billing Issues,No Complaint,8.5,3.39,9
AIR106877,2025-03-15,Telangana,Telangana City 1,Broadband,0,Call Drops,No Complaint,16.2,4.58,57
AIR106878,2025-04-15,Maharashtra,Maharashtra City 1,Prepaid,0,Network Issues,No Complaint,10.4,3.61,10
AIR106879,2025-05-15,Maharashtra,Maharashtra City 3,Postpaid,0,Network Issues,No Complaint,13.9,3.81,39
AIR106880,2025-06-15,Uttar Pradesh,Uttar Pradesh City 2,Postpaid,1,Slow Internet,Resolved,13.4,3.74,37
AIR106881,2025-07-15,West Bengal,West Bengal City 3,Prepaid,0,Call Drops,No Complaint,9.2,4.21,47
AIR106882,2025-08-15,Kerala,Kerala City 3,Postpaid,1,Network Issues,Resolved,6.1,4.01,56
AIR106883,2025-09-15,Delhi,Delhi City 1,Prepaid,1,Slow Internet,Resolved,11.9,4.43,64
AIR106884,2025-10-15,Telangana,Telangana City 2,Prepaid,0,Network Issues,No Complaint,21.1,2.6,-7
AIR106885,2025-11-15,Telangana,Telangana City 3,Postpaid,0,Network Issues,No Complaint,6.7,3.98,58
AIR106886,2025-12-15,Rajasthan,Rajasthan City 1,Enterprise,0,Billing Issues,No Complaint,16.5,3.2,7
AIR106887,2025-02-15,Rajasthan,Rajasthan City 3,Prepaid,0,Call Drops,No Complaint,11,4.42,50
AIR106888,2025-03-15,Kerala,Kerala City 1,Postpaid,1,Slow Internet,Resolved,8.4,3.74,33
AIR106889,2025-04-15,West Bengal,West Bengal City 3,Prepaid,0,Network Issues,No Complaint,8.8,4.03,43
AIR106890,2025-05-15,Uttar Pradesh,Uttar Pradesh City 2,Broadband,1,Network Issues,Resolved,10.7,4.15,50
AIR106891,2025-06-15,Tamil Nadu,Tamil Nadu City 3,Broadband,0,Slow Internet,No Complaint,12.8,3.11,-20
AIR106892,2025-07-15,Rajasthan,Rajasthan City 1,Prepaid,0,Network Issues,No Complaint,22.9,3.07,-14
AIR106893,2025-08-15,West Bengal,West Bengal City 3,Broadband,0,Network Issues,No Complaint,7.1,3.25,12
AIR106894,2025-09-15,Gujarat,Gujarat City 2,Prepaid,0,Slow Internet,No Complaint,5.8,3.7,20
AIR106895,2025-10-15,Maharashtra,Maharashtra City 2,Prepaid,0,Call Drops,No Complaint,8,3.14,17
AIR106896,2025-11-15,Maharashtra,Maharashtra City 2,Postpaid,0,Call Drops,No Complaint,4.4,3.82,15
AIR106897,2025-12-15,West Bengal,West Bengal City 2,Prepaid,0,Slow Internet,No Complaint,7.1,3.08,-4
AIR106898,2025-02-15,Kerala,Kerala City 1,Postpaid,0,Network Issues,No Complaint,3.8,3.09,15
AIR106899,2025-03-15,Uttar Pradesh,Uttar Pradesh City 3,Postpaid,0,Slow Internet,No Complaint,21.3,3.06,-2
AIR106900,2025-04-15,Telangana,Telangana City 2,Prepaid,0,Slow Internet,No Complaint,22.3,3.32,8
AIR106901,2025-05-15,Kerala,Kerala City 3,Prepaid,0,Call Drops,No Complaint,12.4,3.46,12
AIR106902,2025-06-15,West Bengal,West Bengal City 1,Postpaid,0,Network Issues,No Complaint,10.9,3.43,10
AIR106903,2025-07-15,Uttar Pradesh,Uttar Pradesh City 3,Prepaid,1,Call Drops,Resolved,39.6,3.74,38
AIR106904,2025-08-15,Uttar Pradesh,Uttar Pradesh City 3,Prepaid,1,Call Drops,In Progress,16.2,3.01,-4
AIR106905,2025-09-15,Delhi,Delhi City 2,Prepaid,0,Network Issues,No Complaint,17.6,3.99,43
AIR106906,2025-10-15,Karnataka,Karnataka City 2,Broadband,0,Others,No Complaint,8.4,3.96,22
AIR106907,2025-11-15,Maharashtra,Maharashtra City 1,Broadband,0,Network Issues,No Complaint,36.7,3.36,2
AIR106908,2025-12-15,West Bengal,West Bengal City 3,Prepaid,0,Network Issues,No Complaint,9.8,3.7,47
AIR106909,2025-02-15,Telangana,Telangana City 1,Prepaid,0,Billing Issues,No Complaint,11.1,3.83,31
AIR106910,2025-03-15,Karnataka,Karnataka City 1,Postpaid,0,Network Issues,No Complaint,13.9,3.79,23
AIR106911,2025-04-15,Gujarat,Gujarat City 1,Enterprise,1,Network Issues,Resolved,4,4.13,50
AIR106912,2025-05-15,Rajasthan,Rajasthan City 2,Prepaid,0,Network Issues,No Complaint,35.9,3.73,34
AIR106913,2025-06-15,Delhi,Delhi City 2,Broadband,0,Network Issues,No Complaint,11.4,3.25,5
AIR106914,2025-07-15,Rajasthan,Rajasthan City 3,Postpaid,0,Slow Internet,No Complaint,21.6,3.1,-3
AIR106915,2025-08-15,Karnataka,Karnataka City 3,Enterprise,1,Call Drops,Resolved,11.1,3.57,21
AIR106916,2025-09-15,Karnataka,Karnataka City 3,Prepaid,0,Network Issues,No Complaint,7.8,3.7,17
AIR106917,2025-10-15,Rajasthan,Rajasthan City 2,Enterprise,1,Network Issues,Resolved,16,4.36,45
AIR106918,2025-11-15,Telangana,Telangana City 2,Prepaid,0,Slow Internet,No Complaint,15.6,3.51,27
AIR106919,2025-12-15,Telangana,Telangana City 1,Enterprise,0,Slow Internet,No Complaint,32.4,3.63,2
AIR106920,2025-02-15,Tamil Nadu,Tamil Nadu City 2,Postpaid,0,Call Drops,No Complaint,27.2,3.25,14
AIR106921,2025-03-15,Gujarat,Gujarat City 1,Postpaid,0,Slow Internet,No Complaint,25.5,3.54,18
AIR106922,2025-04-15,Telangana,Telangana City 1,Broadband,0,Slow Internet,No Complaint,12.8,3.15,12
AIR106923,2025-05-15,Gujarat,Gujarat City 2,Postpaid,1,Network Issues,Resolved,31.2,3.73,30
AIR106924,2025-06-15,Gujarat,Gujarat City 1,Postpaid,0,Call Drops,No Complaint,4.4,3.47,3
AIR106925,2025-07-15,Karnataka,Karnataka City 1,Prepaid,0,Network Issues,No Complaint,6.1,3.42,12
AIR106926,2025-08-15,Gujarat,Gujarat City 3,Postpaid,0,Others,No Complaint,23.7,3.4,22
AIR106927,2025-09-15,Delhi,Delhi City 1,Broadband,0,Network Issues,No Complaint,1,3.68,36
AIR106928,2025-10-15,Rajasthan,Rajasthan City 2,Prepaid,0,Network Issues,No Complaint,8,3.35,-7
AIR106929,2025-11-15,Tamil Nadu,Tamil Nadu City 2,Postpaid,1,Network Issues,Resolved,23.5,3.59,13
AIR106930,2025-12-15,West Bengal,West Bengal City 1,Broadband,1,Network Issues,Pending,18.7,3.27,-2
AIR106931,2025-02-15,Kerala,Kerala City 3,Postpaid,0,Call Drops,No Complaint,12.9,3.42,11
AIR106932,2025-03-15,Tamil Nadu,Tamil Nadu City 2,Broadband,0,Network Issues,No Complaint,4.2,3.05,10
AIR106933,2025-04-15,Delhi,Delhi City 2,Broadband,0,Network Issues,No Complaint,9.7,4.17,48
AIR106934,2025-05-15,Tamil Nadu,Tamil Nadu City 3,Postpaid,0,Network Issues,No Complaint,55.5,3.83,39
AIR106935,2025-06-15,Gujarat,Gujarat City 1,Postpaid,0,Others,No Complaint,6.7,3,-8
AIR106936,2025-07-15,Karnataka,Karnataka City 2,Enterprise,0,Network Issues,No Complaint,26.3,3.27,-1
AIR106937,2025-08-15,Kerala,Kerala City 1,Broadband,1,Network Issues,In Progress,18.7,3.09,13
AIR106938,2025-09-15,Telangana,Telangana City 1,Broadband,0,Network Issues,No Complaint,20.6,3.9,35
AIR106939,2025-10-15,Karnataka,Karnataka City 1,Prepaid,0,Network Issues,No Complaint,1.9,4.3,38
AIR106940,2025-11-15,Gujarat,Gujarat City 1,Prepaid,0,Billing Issues,No Complaint,6.9,3.82,33
AIR106941,2025-12-15,Gujarat,Gujarat City 2,Postpaid,0,Billing Issues,No Complaint,1,3.74,24
AIR106942,2025-02-15,Kerala,Kerala City 3,Postpaid,1,Network Issues,Pending,7.7,3.77,13
AIR106943,2025-03-15,Kerala,Kerala City 2,Prepaid,0,Billing Issues,No Complaint,5.2,3.48,14
AIR106944,2025-04-15,Maharashtra,Maharashtra City 3,Prepaid,1,Network Issues,Resolved,30.3,3.59,16
AIR106945,2025-05-15,Uttar Pradesh,Uttar Pradesh City 1,Prepaid,0,Billing Issues,No Complaint,8.5,4.69,65
AIR106946,2025-06-15,Uttar Pradesh,Uttar Pradesh City 3,Postpaid,0,Network Issues,No Complaint,10.1,3.62,24
AIR106947,2025-07-15,Karnataka,Karnataka City 1,Broadband,0,Call Drops,No Complaint,4.7,3.43,8
AIR106948,2025-08-15,Telangana,Telangana City 2,Broadband,1,Billing Issues,Pending,19.2,4.47,52
AIR106949,2025-09-15,Tamil Nadu,Tamil Nadu City 2,Prepaid,0,Network Issues,No Complaint,10.7,3.63,13
AIR106950,2025-10-15,Gujarat,Gujarat City 3,Prepaid,0,Billing Issues,No Complaint,20.6,4.25,32
AIR106951,2025-11-15,Gujarat,Gujarat City 1,Prepaid,0,Network Issues,No Complaint,27.6,3.18,15
AIR106952,2025-12-15,Maharashtra,Maharashtra City 1,Prepaid,1,Others,Resolved,10.7,3.71,16
AIR106953,2025-02-15,Karnataka,Karnataka City 3,Postpaid,0,Call Drops,No Complaint,25.5,4.12,50
AIR106954,2025-03-15,Karnataka,Karnataka City 1,Prepaid,1,Network Issues,In Progress,1.4,4.3,48
AIR106955,2025-04-15,Rajasthan,Rajasthan City 1,Prepaid,1,Slow Internet,In Progress,22.3,3.33,11
AIR106956,2025-05-15,Kerala,Kerala City 1,Prepaid,1,Network Issues,Pending,45,3.15,2
AIR106957,2025-06-15,Telangana,Telangana City 2,Prepaid,0,Slow Internet,No Complaint,11.6,3.47,18
AIR106958,2025-07-15,Kerala,Kerala City 2,Prepaid,0,Network Issues,No Complaint,21.1,3.52,18
AIR106959,2025-08-15,Telangana,Telangana City 2,Postpaid,0,Network Issues,No Complaint,9.6,3.91,2
AIR106960,2025-09-15,Delhi,Delhi City 1,Prepaid,0,Slow Internet,No Complaint,28.6,3.17,14
AIR106961,2025-10-15,West Bengal,West Bengal City 2,Postpaid,0,Slow Internet,No Complaint,18.3,2.81,-19
AIR106962,2025-11-15,Uttar Pradesh,Uttar Pradesh City 1,Prepaid,0,Slow Internet,No Complaint,35.2,3.72,34
AIR106963,2025-12-15,Uttar Pradesh,Uttar Pradesh City 1,Postpaid,0,Slow Internet,No Complaint,22.6,4.11,32
AIR106964,2025-02-15,Telangana,Telangana City 3,Enterprise,0,Slow Internet,No Complaint,25.6,3.18,19
AIR106965,2025-03-15,Uttar Pradesh,Uttar Pradesh City 1,Postpaid,0,Slow Internet,No Complaint,12.3,4.29,37
AIR106966,2025-04-15,Kerala,Kerala City 2,Postpaid,0,Billing Issues,No Complaint,18,3.92,32
AIR106967,2025-05-15,Gujarat,Gujarat City 2,Broadband,0,Slow Internet,No Complaint,11.9,3.8,7
AIR106968,2025-06-15,Kerala,Kerala City 1,Prepaid,0,Network Issues,No Complaint,10.6,3.64,6
AIR106969,2025-07-15,Telangana,Telangana City 2,Prepaid,1,Billing Issues,Resolved,8.4,3.58,35
AIR106970,2025-08-15,Karnataka,Karnataka City 1,Prepaid,0,Network Issues,No Complaint,4.4,4.22,42
AIR106971,2025-09-15,Kerala,Kerala City 3,Prepaid,0,Network Issues,No Complaint,13.2,3.16,-3
AIR106972,2025-10-15,Uttar Pradesh,Uttar Pradesh City 1,Postpaid,1,Network Issues,Resolved,7.2,3.74,25
AIR106973,2025-11-15,Maharashtra,Maharashtra City 1,Prepaid,0,Call Drops,No Complaint,10.4,3.5,12
AIR106974,2025-12-15,Rajasthan,Rajasthan City 3,Broadband,1,Network Issues,Pending,3.4,3.75,24
AIR106975,2025-02-15,Gujarat,Gujarat City 2,Prepaid,0,Network Issues,No Complaint,4.7,3.76,25
AIR106976,2025-03-15,Uttar Pradesh,Uttar Pradesh City 3,Broadband,0,Slow Internet,No Complaint,15.7,4.01,42
AIR106977,2025-04-15,Maharashtra,Maharashtra City 3,Broadband,0,Slow Internet,No Complaint,1,3.52,16
AIR106978,2025-05-15,Telangana,Telangana City 1,Enterprise,0,Network Issues,No Complaint,16.2,3.23,13
AIR106979,2025-06-15,Delhi,Delhi City 1,Broadband,0,Call Drops,No Complaint,9.5,3.99,44
AIR106980,2025-07-15,Maharashtra,Maharashtra City 3,Prepaid,1,Network Issues,Resolved,3.2,2.83,-9
AIR106981,2025-08-15,West Bengal,West Bengal City 2,Postpaid,1,Network Issues,Resolved,15.1,4.37,52
AIR106982,2025-09-15,Delhi,Delhi City 3,Prepaid,1,Network Issues,Resolved,22.9,3.72,38
AIR106983,2025-10-15,Tamil Nadu,Tamil Nadu City 2,Broadband,1,Call Drops,Resolved,7.5,4.39,56
AIR106984,2025-11-15,Gujarat,Gujarat City 3,Prepaid,1,Slow Internet,Resolved,18,4.06,31
AIR106985,2025-12-15,Uttar Pradesh,Uttar Pradesh City 3,Prepaid,0,Call Drops,No Complaint,21.8,3.09,-19
AIR106986,2025-02-15,Tamil Nadu,Tamil Nadu City 2,Broadband,0,Network Issues,No Complaint,16.8,3.65,18
AIR106987,2025-03-15,Kerala,Kerala City 3,Prepaid,0,Network Issues,No Complaint,1,3.56,1
AIR106988,2025-04-15,Telangana,Telangana City 1,Prepaid,0,Call Drops,No Complaint,21.1,3.87,27
AIR106989,2025-05-15,Gujarat,Gujarat City 3,Prepaid,0,Call Drops,No Complaint,24.5,4.13,39
AIR106990,2025-06-15,Karnataka,Karnataka City 1,Postpaid,1,Call Drops,Resolved,39.4,3.42,22
AIR106991,2025-07-15,Delhi,Delhi City 2,Postpaid,0,Network Issues,No Complaint,15.3,3.75,12
AIR106992,2025-08-15,Karnataka,Karnataka City 2,Postpaid,0,Billing Issues,No Complaint,50.7,4.01,37
AIR106993,2025-09-15,Tamil Nadu,Tamil Nadu City 1,Broadband,0,Network Issues,No Complaint,3.6,3.26,-12
AIR106994,2025-10-15,Maharashtra,Maharashtra City 3,Prepaid,0,Network Issues,No Complaint,14.7,3.26,18
AIR106995,2025-11-15,Maharashtra,Maharashtra City 1,Postpaid,0,Network Issues,No Complaint,27.6,3.73,32
AIR106996,2025-12-15,Telangana,Telangana City 1,Postpaid,0,Network Issues,No Complaint,19.3,2.65,-7
AIR106997,2025-02-15,Tamil Nadu,Tamil Nadu City 2,Postpaid,0,Network Issues,No Complaint,10.3,3.86,22
AIR106998,2025-03-15,Rajasthan,Rajasthan City 1,Prepaid,0,Others,No Complaint,39.9,3.88,48
AIR106999,2025-04-15,Gujarat,Gujarat City 3,Prepaid,0,Network Issues,No Complaint,17.7,3.17,-12
AIR107000,2025-05-15,Delhi,Delhi City 1,Prepaid,0,Slow Internet,No Complaint,5.6,3.36,6
AIR107001,2025-06-15,Maharashtra,Maharashtra City 2,Prepaid,1,Network Issues,Resolved,7.3,3.86,7
AIR107002,2025-07-15,Maharashtra,Maharashtra City 3,Prepaid,0,Call Drops,No Complaint,14.8,4.57,53
AIR107003,2025-08-15,Karnataka,Karnataka City 2,Prepaid,0,Call Drops,No Complaint,5.7,3.13,-3
AIR107004,2025-09-15,Karnataka,Karnataka City 1,Prepaid,0,Network Issues,No Complaint,17,2.94,-6
AIR107005,2025-10-15,Uttar Pradesh,Uttar Pradesh City 1,Prepaid,0,Network Issues,No Complaint,18.2,3.96,38
AIR107006,2025-11-15,Kerala,Kerala City 2,Postpaid,0,Billing Issues,No Complaint,41.2,3.46,15
AIR107007,2025-12-15,Rajasthan,Rajasthan City 2,Broadband,0,Billing Issues,No Complaint,28,3.59,17
AIR107008,2025-02-15,Karnataka,Karnataka City 3,Prepaid,0,Slow Internet,No Complaint,44.3,4.2,54
AIR107009,2025-03-15,Karnataka,Karnataka City 2,Postpaid,1,Call Drops,In Progress,8.7,3.63,30
AIR107010,2025-04-15,Gujarat,Gujarat City 2,Enterprise,1,Call Drops,Resolved,23.4,3.97,36
AIR107011,2025-05-15,Uttar Pradesh,Uttar Pradesh City 1,Postpaid,0,Call Drops,No Complaint,19.1,3.26,10
AIR107012,2025-06-15,Karnataka,Karnataka City 1,Enterprise,1,Network Issues,In Progress,3,2.82,-14
AIR107013,2025-07-15,Delhi,Delhi City 2,Prepaid,0,Network Issues,No Complaint,4.3,3.44,20
AIR107014,2025-08-15,Gujarat,Gujarat City 2,Broadband,0,Slow Internet,No Complaint,20,3.96,11
AIR107015,2025-09-15,Kerala,Kerala City 1,Postpaid,1,Network Issues,Pending,4.2,3.09,-1
AIR107016,2025-10-15,Tamil Nadu,Tamil Nadu City 3,Prepaid,0,Others,No Complaint,15.5,4.32,43
AIR107017,2025-11-15,Gujarat,Gujarat City 3,Enterprise,0,Slow Internet,No Complaint,23.2,3.56,20
AIR107018,2025-12-15,Tamil Nadu,Tamil Nadu City 3,Enterprise,1,Slow Internet,Pending,5.3,3.88,28
AIR107019,2025-02-15,Maharashtra,Maharashtra City 3,Prepaid,0,Network Issues,No Complaint,26.8,3.89,28
AIR107020,2025-03-15,Uttar Pradesh,Uttar Pradesh City 1,Enterprise,0,Network Issues,No Complaint,14.3,3.83,28
AIR107021,2025-04-15,Kerala,Kerala City 2,Prepaid,0,Slow Internet,No Complaint,31.4,4.09,31
AIR107022,2025-05-15,Uttar Pradesh,Uttar Pradesh City 3,Postpaid,0,Network Issues,No Complaint,21.3,2.89,-6
AIR107023,2025-06-15,Kerala,Kerala City 1,Prepaid,0,Call Drops,No Complaint,12.7,3.51,11
AIR107024,2025-07-15,Uttar Pradesh,Uttar Pradesh City 2,Prepaid,0,Others,No Complaint,1.5,4.02,35
AIR107025,2025-08-15,Gujarat,Gujarat City 3,Postpaid,0,Network Issues,No Complaint,23.1,3.22,12
AIR107026,2025-09-15,Uttar Pradesh,Uttar Pradesh City 2,Prepaid,1,Network Issues,Resolved,5.4,3.77,45
AIR107027,2025-10-15,West Bengal,West Bengal City 3,Prepaid,0,Network Issues,No Complaint,16.4,3.81,20
AIR107028,2025-11-15,Kerala,Kerala City 2,Prepaid,0,Slow Internet,No Complaint,18.6,3.61,35
AIR107029,2025-12-15,Tamil Nadu,Tamil Nadu City 3,Prepaid,0,Slow Internet,No Complaint,14.3,3.47,31
AIR107030,2025-02-15,Kerala,Kerala City 3,Postpaid,0,Call Drops,No Complaint,12.3,3.84,17
AIR107031,2025-03-15,Maharashtra,Maharashtra City 2,Prepaid,0,Slow Internet,No Complaint,20.7,3.52,27
AIR107032,2025-04-15,Delhi,Delhi City 2,Broadband,0,Slow Internet,No Complaint,10.9,4.56,56
AIR107033,2025-05-15,West Bengal,West Bengal City 2,Prepaid,1,Network Issues,Resolved,11.6,4.33,55
AIR107034,2025-06-15,Telangana,Telangana City 1,Prepaid,0,Others,No Complaint,9,3.48,5
AIR107035,2025-07-15,Kerala,Kerala City 1,Prepaid,0,Network Issues,No Complaint,1.4,3.2,-21
AIR107036,2025-08-15,Karnataka,Karnataka City 2,Postpaid,1,Slow Internet,Resolved,13.8,3.72,41
AIR107037,2025-09-15,Gujarat,Gujarat City 1,Prepaid,0,Network Issues,No Complaint,38.5,3.4,15
AIR107038,2025-10-15,Gujarat,Gujarat City 3,Postpaid,0,Network Issues,No Complaint,14.7,3.78,32
AIR107039,2025-11-15,Uttar Pradesh,Uttar Pradesh City 2,Prepaid,0,Others,No Complaint,25.1,3.64,17
AIR107040,2025-12-15,Uttar Pradesh,Uttar Pradesh City 1,Broadband,0,Slow Internet,No Complaint,33.2,4.46,44
AIR107041,2025-02-15,Gujarat,Gujarat City 2,Prepaid,0,Call Drops,No Complaint,11.9,3.47,14
AIR107042,2025-03-15,Rajasthan,Rajasthan City 3,Broadband,1,Network Issues,Resolved,14.9,4.17,34
AIR107043,2025-04-15,West Bengal,West Bengal City 3,Prepaid,0,Network Issues,No Complaint,32.4,3.64,34
AIR107044,2025-05-15,West Bengal,West Bengal City 1,Prepaid,1,Network Issues,Pending,18.6,4.02,41
AIR107045,2025-06-15,Tamil Nadu,Tamil Nadu City 3,Prepaid,0,Network Issues,No Complaint,26.3,3.27,11
AIR107046,2025-07-15,Kerala,Kerala City 2,Prepaid,0,Network Issues,No Complaint,10.2,3.6,29
AIR107047,2025-08-15,Telangana,Telangana City 1,Postpaid,0,Slow Internet,No Complaint,8.6,4.29,36
AIR107048,2025-09-15,Gujarat,Gujarat City 2,Enterprise,1,Billing Issues,Resolved,6.7,3.73,28
AIR107049,2025-10-15,Kerala,Kerala City 2,Prepaid,1,Billing Issues,Resolved,14.2,4.48,56
AIR107050,2025-11-15,West Bengal,West Bengal City 2,Postpaid,0,Call Drops,No Complaint,34.7,3.31,-5
AIR107051,2025-12-15,Maharashtra,Maharashtra City 3,Prepaid,0,Slow Internet,No Complaint,58,3.46,14
AIR107052,2025-02-15,Gujarat,Gujarat City 2,Prepaid,0,Call Drops,No Complaint,35.1,4.49,35
AIR107053,2025-03-15,Kerala,Kerala City 3,Prepaid,0,Network Issues,No Complaint,33.4,3.94,25
AIR107054,2025-04-15,West Bengal,West Bengal City 2,Broadband,0,Others,No Complaint,9.8,3.42,3
AIR107055,2025-05-15,Delhi,Delhi City 3,Prepaid,0,Call Drops,No Complaint,4.8,3.11,-7
AIR107056,2025-06-15,West Bengal,West Bengal City 3,Postpaid,0,Slow Internet,No Complaint,16.4,2.77,-24
AIR107057,2025-07-15,Uttar Pradesh,Uttar Pradesh City 3,Prepaid,0,Call Drops,No Complaint,28.5,4.04,46
AIR107058,2025-08-15,Karnataka,Karnataka City 2,Prepaid,1,Network Issues,Resolved,20,3.16,2
AIR107059,2025-09-15,Rajasthan,Rajasthan City 2,Prepaid,0,Network Issues,No Complaint,13.9,3.14,-18
AIR107060,2025-10-15,Rajasthan,Rajasthan City 3,Prepaid,0,Slow Internet,No Complaint,6.8,3.9,46
AIR107061,2025-11-15,Uttar Pradesh,Uttar Pradesh City 2,Prepaid,0,Network Issues,No Complaint,37.4,4.09,54
AIR107062,2025-12-15,Uttar Pradesh,Uttar Pradesh City 3,Prepaid,0,Network Issues,No Complaint,16.8,3.14,1
AIR107063,2025-02-15,Gujarat,Gujarat City 2,Prepaid,0,Slow Internet,No Complaint,6.2,3.57,-2
AIR107064,2025-03-15,Delhi,Delhi City 3,Broadband,1,Others,Resolved,27.2,3.66,15
AIR107065,2025-04-15,Delhi,Delhi City 3,Prepaid,0,Call Drops,No Complaint,2.3,3.44,0
AIR107066,2025-05-15,Gujarat,Gujarat City 1,Postpaid,0,Slow Internet,No Complaint,7.7,4.2,43
AIR107067,2025-06-15,Kerala,Kerala City 2,Prepaid,0,Network Issues,No Complaint,29.1,3.61,8
AIR107068,2025-07-15,Gujarat,Gujarat City 2,Broadband,1,Network Issues,In Progress,28.7,3.34,12
AIR107069,2025-08-15,Telangana,Telangana City 1,Prepaid,0,Network Issues,No Complaint,23.4,3.66,22
AIR107070,2025-09-15,Telangana,Telangana City 3,Prepaid,0,Slow Internet,No Complaint,16,3.92,51
AIR107071,2025-10-15,Rajasthan,Rajasthan City 3,Enterprise,0,Network Issues,No Complaint,20.4,4.05,31
AIR107072,2025-11-15,West Bengal,West Bengal City 1,Prepaid,0,Network Issues,No Complaint,16.1,3.97,33
AIR107073,2025-12-15,Gujarat,Gujarat City 1,Postpaid,0,Network Issues,No Complaint,4.4,3.38,17
AIR107074,2025-02-15,Gujarat,Gujarat City 3,Postpaid,0,Network Issues,No Complaint,14,4.57,62
AIR107075,2025-03-15,Kerala,Kerala City 2,Prepaid,1,Slow Internet,Resolved,2.3,3.39,15
AIR107076,2025-04-15,Tamil Nadu,Tamil Nadu City 1,Enterprise,0,Slow Internet,No Complaint,7,4.57,52
AIR107077,2025-05-15,Rajasthan,Rajasthan City 1,Broadband,0,Network Issues,No Complaint,23,3.22,15
AIR107078,2025-06-15,Rajasthan,Rajasthan City 1,Broadband,0,Network Issues,No Complaint,5.8,3.66,18
AIR107079,2025-07-15,Rajasthan,Rajasthan City 1,Enterprise,0,Slow Internet,No Complaint,14,3.59,20
AIR107080,2025-08-15,West Bengal,West Bengal City 1,Postpaid,0,Slow Internet,No Complaint,28.8,4.28,43
AIR107081,2025-09-15,Uttar Pradesh,Uttar Pradesh City 1,Prepaid,1,Network Issues,Resolved,6.1,3.34,8
AIR107082,2025-10-15,Maharashtra,Maharashtra City 3,Postpaid,1,Call Drops,Resolved,29.5,2.98,2
AIR107083,2025-11-15,Tamil Nadu,Tamil Nadu City 3,Prepaid,1,Slow Internet,Resolved,29.2,2.74,-7
AIR107084,2025-12-15,West Bengal,West Bengal City 1,Prepaid,0,Slow Internet,No Complaint,15.7,3.89,34
AIR107085,2025-02-15,Telangana,Telangana City 3,Postpaid,0,Network Issues,No Complaint,21.6,3.68,14
AIR107086,2025-03-15,Kerala,Kerala City 2,Broadband,0,Slow Internet,No Complaint,21.1,3.95,29
AIR107087,2025-04-15,Uttar Pradesh,Uttar Pradesh City 2,Prepaid,0,Network Issues,No Complaint,21.6,3.01,-2
AIR107088,2025-05-15,Telangana,Telangana City 1,Broadband,1,Slow Internet,Pending,9.6,3.48,10
AIR107089,2025-06-15,Uttar Pradesh,Uttar Pradesh City 2,Prepaid,0,Slow Internet,No Complaint,7.2,3.68,13
AIR107090,2025-07-15,Delhi,Delhi City 2,Prepaid,0,Call Drops,No Complaint,17.4,4.03,36
AIR107091,2025-08-15,Rajasthan,Rajasthan City 3,Broadband,0,Slow Internet,No Complaint,4.4,3.09,7
AIR107092,2025-09-15,Uttar Pradesh,Uttar Pradesh City 3,Enterprise,0,Slow Internet,No Complaint,10.5,2.75,-6
AIR107093,2025-10-15,Karnataka,Karnataka City 3,Prepaid,0,Network Issues,No Complaint,37.2,3.09,13
AIR107094,2025-11-15,Rajasthan,Rajasthan City 3,Prepaid,0,Slow Internet,No Complaint,29.6,4.46,72
AIR107095,2025-12-15,Rajasthan,Rajasthan City 2,Prepaid,1,Slow Internet,Resolved,10.3,3.74,32
AIR107096,2025-02-15,Kerala,Kerala City 1,Broadband,0,Network Issues,No Complaint,23.9,3.75,13
AIR107097,2025-03-15,Tamil Nadu,Tamil Nadu City 3,Prepaid,1,Network Issues,Resolved,11.3,3.72,23
AIR107098,2025-04-15,Telangana,Telangana City 2,Prepaid,0,Network Issues,No Complaint,13.6,3.19,-11
AIR107099,2025-05-15,Uttar Pradesh,Uttar Pradesh City 3,Postpaid,0,Slow Internet,No Complaint,31,3.97,32
AIR107100,2025-06-15,Uttar Pradesh,Uttar Pradesh City 2,Prepaid,1,Slow Internet,In Progress,14.9,3.64,2
AIR107101,2025-07-15,Delhi,Delhi City 3,Prepaid,0,Network Issues,No Complaint,10.3,2.96,9
AIR107102,2025-08-15,Rajasthan,Rajasthan City 1,Broadband,0,Slow Internet,No Complaint,4.4,3.07,-5
AIR107103,2025-09-15,Gujarat,Gujarat City 3,Broadband,0,Call Drops,No Complaint,13.8,4.34,48
AIR107104,2025-10-15,Maharashtra,Maharashtra City 1,Broadband,1,Network Issues,Resolved,19.3,3.56,-1
AIR107105,2025-11-15,Gujarat,Gujarat City 3,Prepaid,0,Call Drops,No Complaint,28.5,3.09,-9
AIR107106,2025-12-15,Uttar Pradesh,Uttar Pradesh City 3,Broadband,0,Call Drops,No Complaint,15.6,3.66,18
AIR107107,2025-02-15,Gujarat,Gujarat City 3,Postpaid,0,Billing Issues,No Complaint,41.3,3.95,30
AIR107108,2025-03-15,Kerala,Kerala City 2,Prepaid,0,Billing Issues,No Complaint,10.9,3.65,20
AIR107109,2025-04-15,Karnataka,Karnataka City 2,Postpaid,0,Others,No Complaint,18.7,3.93,17
AIR107110,2025-05-15,Uttar Pradesh,Uttar Pradesh City 1,Prepaid,0,Network Issues,No Complaint,6.3,3.63,31
AIR107111,2025-06-15,Uttar Pradesh,Uttar Pradesh City 1,Postpaid,0,Slow Internet,No Complaint,34.8,3.33,11
AIR107112,2025-07-15,Karnataka,Karnataka City 2,Postpaid,0,Network Issues,No Complaint,15.6,3.44,10
AIR107113,2025-08-15,Telangana,Telangana City 1,Postpaid,0,Network Issues,No Complaint,18.1,3.32,18
AIR107114,2025-09-15,Karnataka,Karnataka City 1,Prepaid,0,Slow Internet,No Complaint,18.8,4.01,36
AIR107115,2025-10-15,Gujarat,Gujarat City 2,Postpaid,0,Network Issues,No Complaint,24.6,4.15,28
AIR107116,2025-11-15,Kerala,Kerala City 2,Prepaid,0,Network Issues,No Complaint,33.1,3.62,35
AIR107117,2025-12-15,Delhi,Delhi City 2,Broadband,0,Network Issues,No Complaint,19.1,3.63,32
AIR107118,2025-02-15,Telangana,Telangana City 2,Postpaid,1,Call Drops,Pending,34.6,3.2,-6
AIR107119,2025-03-15,West Bengal,West Bengal City 3,Prepaid,0,Network Issues,No Complaint,5.7,4.29,73
AIR107120,2025-04-15,Delhi,Delhi City 2,Prepaid,1,Call Drops,Resolved,1.4,4.06,54
AIR107121,2025-05-15,Tamil Nadu,Tamil Nadu City 1,Postpaid,0,Network Issues,No Complaint,16.7,3.88,26
AIR107122,2025-06-15,Tamil Nadu,Tamil Nadu City 3,Postpaid,1,Network Issues,Resolved,7.1,3.47,1
AIR107123,2025-07-15,Tamil Nadu,Tamil Nadu City 3,Postpaid,0,Slow Internet,No Complaint,17.5,4.32,33
AIR107124,2025-08-15,Tamil Nadu,Tamil Nadu City 1,Prepaid,0,Network Issues,No Complaint,8.1,3.38,19
AIR107125,2025-09-15,Kerala,Kerala City 3,Postpaid,0,Network Issues,No Complaint,14.8,3.85,36
AIR107126,2025-10-15,Delhi,Delhi City 1,Prepaid,0,Slow Internet,No Complaint,24.9,3.91,22
AIR107127,2025-11-15,Rajasthan,Rajasthan City 3,Postpaid,1,Call Drops,Resolved,5.1,3.38,10
AIR107128,2025-12-15,Maharashtra,Maharashtra City 3,Enterprise,0,Call Drops,No Complaint,10.9,3.41,16
AIR107129,2025-02-15,Telangana,Telangana City 1,Postpaid,0,Slow Internet,No Complaint,5.5,3.47,19
AIR107130,2025-03-15,West Bengal,West Bengal City 1,Prepaid,1,Slow Internet,Resolved,4.1,3.29,1
AIR107131,2025-04-15,Gujarat,Gujarat City 1,Enterprise,1,Call Drops,Resolved,40.9,4.11,38
AIR107132,2025-05-15,Uttar Pradesh,Uttar Pradesh City 1,Prepaid,0,Others,No Complaint,21.6,3.54,24
AIR107133,2025-06-15,Tamil Nadu,Tamil Nadu City 2,Postpaid,0,Others,No Complaint,5.8,3.55,23
AIR107134,2025-07-15,West Bengal,West Bengal City 2,Postpaid,0,Network Issues,No Complaint,14.8,4.61,64
AIR107135,2025-08-15,Uttar Pradesh,Uttar Pradesh City 1,Prepaid,0,Call Drops,No Complaint,17,3.71,34
AIR107136,2025-09-15,Maharashtra,Maharashtra City 2,Prepaid,0,Call Drops,No Complaint,14.9,3.98,29
AIR107137,2025-10-15,West Bengal,West Bengal City 1,Prepaid,0,Call Drops,No Complaint,37.1,4.28,32
AIR107138,2025-11-15,Delhi,Delhi City 1,Broadband,0,Call Drops,No Complaint,17.8,3.22,4
AIR107139,2025-12-15,West Bengal,West Bengal City 3,Broadband,0,Call Drops,No Complaint,17.8,3.33,4
AIR107140,2025-02-15,Tamil Nadu,Tamil Nadu City 1,Postpaid,0,Network Issues,No Complaint,39.7,3.72,26
AIR107141,2025-03-15,Maharashtra,Maharashtra City 1,Prepaid,0,Billing Issues,No Complaint,12.6,4.05,42
AIR107142,2025-04-15,Gujarat,Gujarat City 1,Broadband,0,Call Drops,No Complaint,12,3.5,27
AIR107143,2025-05-15,Rajasthan,Rajasthan City 1,Postpaid,1,Billing Issues,Resolved,9,2.8,-10
AIR107144,2025-06-15,Karnataka,Karnataka City 3,Prepaid,0,Slow Internet,No Complaint,57.3,4.11,43
AIR107145,2025-07-15,Tamil Nadu,Tamil Nadu City 1,Prepaid,1,Call Drops,Resolved,28,3.38,9
AIR107146,2025-08-15,Uttar Pradesh,Uttar Pradesh City 3,Prepaid,0,Slow Internet,No Complaint,27.2,3.66,38
AIR107147,2025-09-15,Maharashtra,Maharashtra City 1,Postpaid,1,Network Issues,Resolved,5.2,3.79,23
AIR107148,2025-10-15,Delhi,Delhi City 3,Postpaid,0,Network Issues,No Complaint,7.6,4.01,44
AIR107149,2025-11-15,Kerala,Kerala City 2,Postpaid,0,Call Drops,No Complaint,11.7,3.71,30
AIR107150,2025-12-15,Maharashtra,Maharashtra City 3,Broadband,0,Billing Issues,No Complaint,17.2,3.79,33
AIR107151,2025-02-15,Uttar Pradesh,Uttar Pradesh City 3,Prepaid,0,Call Drops,No Complaint,5.3,3.76,17
AIR107152,2025-03-15,Karnataka,Karnataka City 1,Postpaid,0,Slow Internet,No Complaint,6.2,3.21,14
AIR107153,2025-04-15,Karnataka,Karnataka City 3,Prepaid,0,Call Drops,No Complaint,27.9,3.57,12
AIR107154,2025-05-15,Telangana,Telangana City 3,Postpaid,0,Slow Internet,No Complaint,10.3,4.2,54
AIR107155,2025-06-15,Rajasthan,Rajasthan City 1,Prepaid,1,Slow Internet,Resolved,19,3.97,7
AIR107156,2025-07-15,Uttar Pradesh,Uttar Pradesh City 2,Prepaid,0,Slow Internet,No Complaint,3.1,3.29,-3
AIR107157,2025-08-15,Karnataka,Karnataka City 2,Broadband,0,Billing Issues,No Complaint,25.2,3.66,30
AIR107158,2025-09-15,Telangana,Telangana City 2,Prepaid,1,Slow Internet,Resolved,26.8,3.03,-4
AIR107159,2025-10-15,Telangana,Telangana City 3,Postpaid,0,Billing Issues,No Complaint,12.5,3.15,-3
AIR107160,2025-11-15,Telangana,Telangana City 1,Enterprise,0,Network Issues,No Complaint,22.4,3.78,19
AIR107161,2025-12-15,Maharashtra,Maharashtra City 2,Postpaid,1,Network Issues,In Progress,13.5,3.59,16
AIR107162,2025-02-15,Telangana,Telangana City 2,Prepaid,1,Network Issues,Resolved,43.3,3.26,11
AIR107163,2025-03-15,Tamil Nadu,Tamil Nadu City 2,Prepaid,0,Call Drops,No Complaint,8.3,3.41,26
AIR107164,2025-04-15,Uttar Pradesh,Uttar Pradesh City 2,Broadband,0,Slow Internet,No Complaint,32.9,3.64,28
AIR107165,2025-05-15,Tamil Nadu,Tamil Nadu City 1,Prepaid,0,Billing Issues,No Complaint,5.9,3.84,21
AIR107166,2025-06-15,Kerala,Kerala City 2,Postpaid,1,Network Issues,In Progress,10.4,3.77,28
AIR107167,2025-07-15,Karnataka,Karnataka City 3,Postpaid,0,Call Drops,No Complaint,19.8,2.98,-1
AIR107168,2025-08-15,Rajasthan,Rajasthan City 3,Postpaid,1,Network Issues,Resolved,9,3.41,19
AIR107169,2025-09-15,Telangana,Telangana City 1,Postpaid,0,Billing Issues,No Complaint,16.6,3.5,30
AIR107170,2025-10-15,Delhi,Delhi City 2,Prepaid,1,Slow Internet,Resolved,5.3,3.07,3
AIR107171,2025-11-15,Delhi,Delhi City 2,Postpaid,0,Network Issues,No Complaint,28.7,3.31,4
AIR107172,2025-12-15,Karnataka,Karnataka City 3,Postpaid,0,Call Drops,No Complaint,12.1,3.58,8
AIR107173,2025-02-15,Kerala,Kerala City 1,Prepaid,0,Slow Internet,No Complaint,5.8,3.43,19
AIR107174,2025-03-15,Delhi,Delhi City 3,Prepaid,1,Call Drops,Resolved,22.9,3.74,23
AIR107175,2025-04-15,Tamil Nadu,Tamil Nadu City 1,Postpaid,0,Slow Internet,No Complaint,2.8,4.4,59
AIR107176,2025-05-15,West Bengal,West Bengal City 1,Postpaid,0,Network Issues,No Complaint,13.6,3.99,27
AIR107177,2025-06-15,Maharashtra,Maharashtra City 1,Postpaid,0,Slow Internet,No Complaint,1,4.07,32
AIR107178,2025-07-15,Gujarat,Gujarat City 3,Postpaid,0,Slow Internet,No Complaint,7.1,4.11,29
AIR107179,2025-08-15,Delhi,Delhi City 1,Postpaid,0,Network Issues,No Complaint,9.3,3.61,26
AIR107180,2025-09-15,Rajasthan,Rajasthan City 3,Broadband,0,Network Issues,No Complaint,31,3.49,16
AIR107181,2025-10-15,Telangana,Telangana City 3,Postpaid,0,Slow Internet,No Complaint,1,3.14,7
AIR107182,2025-11-15,Rajasthan,Rajasthan City 2,Prepaid,0,Network Issues,No Complaint,12,3.77,49
AIR107183,2025-12-15,Uttar Pradesh,Uttar Pradesh City 3,Prepaid,1,Call Drops,Pending,49.5,3.7,42
AIR107184,2025-02-15,Maharashtra,Maharashtra City 3,Postpaid,0,Slow Internet,No Complaint,13.1,3.69,25
AIR107185,2025-03-15,Tamil Nadu,Tamil Nadu City 2,Broadband,1,Network Issues,Resolved,11.9,2.61,-13
AIR107186,2025-04-15,Kerala,Kerala City 2,Prepaid,1,Slow Internet,Resolved,23.4,3.04,-2
AIR107187,2025-05-15,Maharashtra,Maharashtra City 2,Postpaid,1,Others,Resolved,12.7,3.8,13
AIR107188,2025-06-15,Gujarat,Gujarat City 1,Prepaid,0,Network Issues,No Complaint,49.2,3.97,24
AIR107189,2025-07-15,West Bengal,West Bengal City 1,Prepaid,1,Network Issues,Resolved,15,3.02,1
AIR107190,2025-08-15,Delhi,Delhi City 2,Postpaid,0,Slow Internet,No Complaint,27.5,3.9,18
AIR107191,2025-09-15,Kerala,Kerala City 1,Prepaid,0,Call Drops,No Complaint,23.8,3.44,-2
AIR107192,2025-10-15,Kerala,Kerala City 2,Postpaid,0,Network Issues,No Complaint,10.1,3.17,23
AIR107193,2025-11-15,Delhi,Delhi City 1,Broadband,0,Network Issues,No Complaint,7.8,4.36,56
AIR107194,2025-12-15,Delhi,Delhi City 3,Enterprise,0,Slow Internet,No Complaint,18.6,4.26,35
AIR107195,2025-02-15,Delhi,Delhi City 1,Prepaid,0,Billing Issues,No Complaint,13.4,3.73,16
AIR107196,2025-03-15,Delhi,Delhi City 1,Postpaid,0,Billing Issues,No Complaint,16.6,3.26,-14
AIR107197,2025-04-15,Delhi,Delhi City 3,Broadband,0,Slow Internet,No Complaint,12,4.18,36
AIR107198,2025-05-15,Kerala,Kerala City 2,Prepaid,0,Network Issues,No Complaint,9.6,3.8,10
AIR107199,2025-06-15,Karnataka,Karnataka City 1,Prepaid,1,Slow Internet,Resolved,24.5,2.58,13
AIR107200,2025-07-15,Karnataka,Karnataka City 1,Broadband,0,Network Issues,No Complaint,31.2,4.41,52
AIR107201,2025-08-15,Rajasthan,Rajasthan City 3,Prepaid,1,Network Issues,Resolved,2.5,3.61,27
AIR107202,2025-09-15,Karnataka,Karnataka City 3,Broadband,0,Network Issues,No Complaint,2.7,3.23,-7
AIR107203,2025-10-15,Gujarat,Gujarat City 3,Postpaid,1,Call Drops,Resolved,16,3.32,22
AIR107204,2025-11-15,Karnataka,Karnataka City 3,Prepaid,0,Billing Issues,No Complaint,26.2,3.82,28
AIR107205,2025-12-15,Kerala,Kerala City 2,Prepaid,0,Slow Internet,No Complaint,6.9,3.6,36
AIR107206,2025-02-15,Delhi,Delhi City 1,Prepaid,0,Call Drops,No Complaint,13.2,4.57,45
AIR107207,2025-03-15,Telangana,Telangana City 1,Prepaid,1,Network Issues,Resolved,15,3.21,1
AIR107208,2025-04-15,Telangana,Telangana City 1,Postpaid,1,Network Issues,Resolved,13,3.95,33
AIR107209,2025-05-15,Gujarat,Gujarat City 1,Postpaid,0,Slow Internet,No Complaint,9,3.68,21
AIR107210,2025-06-15,Uttar Pradesh,Uttar Pradesh City 2,Postpaid,0,Slow Internet,No Complaint,5.7,3.65,12
AIR107211,2025-07-15,Kerala,Kerala City 1,Prepaid,1,Slow Internet,In Progress,23.9,3.1,0
AIR107212,2025-08-15,Tamil Nadu,Tamil Nadu City 2,Broadband,0,Network Issues,No Complaint,26.8,3.09,8
AIR107213,2025-09-15,Maharashtra,Maharashtra City 2,Postpaid,0,Call Drops,No Complaint,18.5,3.7,14
AIR107214,2025-10-15,Rajasthan,Rajasthan City 3,Broadband,0,Network Issues,No Complaint,21.2,3.81,34
AIR107215,2025-11-15,Tamil Nadu,Tamil Nadu City 3,Broadband,0,Call Drops,No Complaint,15.6,3.18,-1
AIR107216,2025-12-15,Kerala,Kerala City 1,Prepaid,0,Slow Internet,No Complaint,9.9,4.08,63
AIR107217,2025-02-15,Karnataka,Karnataka City 2,Prepaid,0,Slow Internet,No Complaint,22,3.73,35
AIR107218,2025-03-15,Delhi,Delhi City 3,Broadband,1,Network Issues,Resolved,11.6,2.54,-7
AIR107219,2025-04-15,Tamil Nadu,Tamil Nadu City 2,Postpaid,0,Slow Internet,No Complaint,17.3,3.91,27
AIR107220,2025-05-15,Maharashtra,Maharashtra City 3,Prepaid,0,Call Drops,No Complaint,7.2,4.26,46
AIR107221,2025-06-15,Uttar Pradesh,Uttar Pradesh City 2,Postpaid,0,Billing Issues,No Complaint,28.3,3.72,2
AIR107222,2025-07-15,Telangana,Telangana City 1,Prepaid,0,Slow Internet,No Complaint,30.9,3.92,50
AIR107223,2025-08-15,Uttar Pradesh,Uttar Pradesh City 1,Prepaid,0,Call Drops,No Complaint,11.1,3.48,22
AIR107224,2025-09-15,Maharashtra,Maharashtra City 2,Postpaid,1,Slow Internet,Resolved,5.7,3.19,1
AIR107225,2025-10-15,Delhi,Delhi City 3,Prepaid,0,Network Issues,No Complaint,7.9,4.61,43
AIR107226,2025-11-15,Karnataka,Karnataka City 3,Enterprise,0,Network Issues,No Complaint,16.8,3.24,-3
AIR107227,2025-12-15,Maharashtra,Maharashtra City 1,Broadband,0,Slow Internet,No Complaint,12.7,3.08,-6
AIR107228,2025-02-15,Rajasthan,Rajasthan City 1,Postpaid,0,Slow Internet,No Complaint,24.3,3.05,-5
AIR107229,2025-03-15,Maharashtra,Maharashtra City 1,Prepaid,1,Network Issues,Resolved,20.3,3.34,13
AIR107230,2025-04-15,Kerala,Kerala City 3,Prepaid,0,Network Issues,No Complaint,34.1,3.85,44
AIR107231,2025-05-15,Karnataka,Karnataka City 3,Prepaid,0,Slow Internet,No Complaint,13.8,3.49,36
AIR107232,2025-06-15,Delhi,Delhi City 1,Postpaid,0,Network Issues,No Complaint,6.8,3.43,29
AIR107233,2025-07-15,Telangana,Telangana City 2,Prepaid,0,Network Issues,No Complaint,1.9,3.82,32
AIR107234,2025-08-15,Telangana,Telangana City 3,Postpaid,0,Call Drops,No Complaint,13.7,3.29,17
AIR107235,2025-09-15,Maharashtra,Maharashtra City 1,Prepaid,0,Network Issues,No Complaint,26.8,3.61,11
AIR107236,2025-10-15,Kerala,Kerala City 2,Broadband,0,Network Issues,No Complaint,14,4.66,47
AIR107237,2025-11-15,Tamil Nadu,Tamil Nadu City 3,Broadband,1,Slow Internet,Resolved,28,3.23,15
AIR107238,2025-12-15,Uttar Pradesh,Uttar Pradesh City 2,Postpaid,1,Network Issues,Pending,16.3,3.06,0
AIR107239,2025-02-15,Uttar Pradesh,Uttar Pradesh City 2,Postpaid,0,Network Issues,No Complaint,12.9,2.7,-5
AIR107240,2025-03-15,Uttar Pradesh,Uttar Pradesh City 3,Prepaid,0,Network Issues,No Complaint,12,3.2,12
AIR107241,2025-04-15,Tamil Nadu,Tamil Nadu City 1,Prepaid,0,Call Drops,No Complaint,4.4,3.88,33
AIR107242,2025-05-15,Kerala,Kerala City 2,Broadband,0,Call Drops,No Complaint,13.5,3.14,7
AIR107243,2025-06-15,Uttar Pradesh,Uttar Pradesh City 1,Postpaid,0,Call Drops,No Complaint,4.8,3.28,-13
AIR107244,2025-07-15,Rajasthan,Rajasthan City 3,Prepaid,1,Slow Internet,Resolved,8.9,3.46,18
AIR107245,2025-08-15,Tamil Nadu,Tamil Nadu City 2,Postpaid,1,Slow Internet,Resolved,12.6,3.22,5
AIR107246,2025-09-15,Tamil Nadu,Tamil Nadu City 2,Broadband,1,Network Issues,Resolved,60.1,3.43,14
AIR107247,2025-10-15,Delhi,Delhi City 2,Prepaid,0,Network Issues,No Complaint,17.1,3.74,7
AIR107248,2025-11-15,Delhi,Delhi City 2,Prepaid,0,Slow Internet,No Complaint,7.7,3,-10
AIR107249,2025-12-15,Karnataka,Karnataka City 2,Broadband,1,Network Issues,Resolved,23.1,3.37,1
AIR107250,2025-02-15,Rajasthan,Rajasthan City 3,Postpaid,0,Slow Internet,No Complaint,39.6,3.25,28
AIR107251,2025-03-15,Rajasthan,Rajasthan City 2,Prepaid,1,Network Issues,Resolved,33.1,3.12,10
AIR107252,2025-04-15,Karnataka,Karnataka City 3,Prepaid,0,Network Issues,No Complaint,11.7,3.81,35
AIR107253,2025-05-15,Rajasthan,Rajasthan City 1,Broadband,1,Slow Internet,In Progress,22.8,2.92,3
AIR107254,2025-06-15,Gujarat,Gujarat City 3,Broadband,0,Others,No Complaint,41.2,3.13,17
AIR107255,2025-07-15,West Bengal,West Bengal City 2,Prepaid,1,Billing Issues,In Progress,6.3,3.83,37
AIR107256,2025-08-15,Uttar Pradesh,Uttar Pradesh City 1,Prepaid,0,Slow Internet,No Complaint,12,2.79,-20
AIR107257,2025-09-15,Delhi,Delhi City 3,Prepaid,1,Slow Internet,Resolved,19.6,3.88,33
AIR107258,2025-10-15,Karnataka,Karnataka City 3,Prepaid,1,Others,Pending,25.4,3.25,14
AIR107259,2025-11-15,Karnataka,Karnataka City 3,Prepaid,0,Slow Internet,No Complaint,1.5,4.44,35
AIR107260,2025-12-15,Rajasthan,Rajasthan City 2,Prepaid,0,Call Drops,No Complaint,6.9,3.44,34
AIR107261,2025-02-15,Tamil Nadu,Tamil Nadu City 2,Prepaid,0,Slow Internet,No Complaint,19,3.88,9
AIR107262,2025-03-15,Telangana,Telangana City 3,Enterprise,1,Slow Internet,Resolved,5,3.7,33
AIR107263,2025-04-15,Maharashtra,Maharashtra City 3,Prepaid,1,Slow Internet,In Progress,14.7,3.58,17
AIR107264,2025-05-15,Maharashtra,Maharashtra City 1,Prepaid,0,Slow Internet,No Complaint,10.6,2.65,-13
AIR107265,2025-06-15,Karnataka,Karnataka City 2,Prepaid,0,Network Issues,No Complaint,10.1,3.2,-3
AIR107266,2025-07-15,Uttar Pradesh,Uttar Pradesh City 2,Postpaid,1,Call Drops,Pending,11.9,3.2,10
AIR107267,2025-08-15,Gujarat,Gujarat City 1,Prepaid,0,Slow Internet,No Complaint,5.7,3.59,29
AIR107268,2025-09-15,Uttar Pradesh,Uttar Pradesh City 3,Postpaid,0,Slow Internet,No Complaint,13.5,3.52,8
AIR107269,2025-10-15,Karnataka,Karnataka City 3,Postpaid,0,Network Issues,No Complaint,37.1,3.79,24
AIR107270,2025-11-15,Uttar Pradesh,Uttar Pradesh City 1,Enterprise,0,Slow Internet,No Complaint,4.3,3.45,13
AIR107271,2025-12-15,Delhi,Delhi City 3,Postpaid,0,Slow Internet,No Complaint,16.9,3.65,24
AIR107272,2025-02-15,Uttar Pradesh,Uttar Pradesh City 3,Prepaid,0,Call Drops,No Complaint,2.7,3.2,-3
AIR107273,2025-03-15,Rajasthan,Rajasthan City 1,Prepaid,0,Slow Internet,No Complaint,2.4,3.84,23
AIR107274,2025-04-15,Rajasthan,Rajasthan City 1,Postpaid,0,Call Drops,No Complaint,7.6,3.74,27
AIR107275,2025-05-15,Gujarat,Gujarat City 1,Prepaid,0,Network Issues,No Complaint,4.2,3.15,-16
AIR107276,2025-06-15,Delhi,Delhi City 3,Prepaid,1,Billing Issues,Resolved,15.8,4.08,34
AIR107277,2025-07-15,Telangana,Telangana City 1,Enterprise,0,Network Issues,No Complaint,31.2,4.19,27
AIR107278,2025-08-15,Tamil Nadu,Tamil Nadu City 3,Broadband,1,Billing Issues,Pending,27.7,3.67,6
AIR107279,2025-09-15,Delhi,Delhi City 2,Broadband,1,Network Issues,Resolved,10.2,4.2,30
AIR107280,2025-10-15,Kerala,Kerala City 2,Broadband,0,Slow Internet,No Complaint,16,3.47,31
AIR107281,2025-11-15,West Bengal,West Bengal City 1,Postpaid,0,Network Issues,No Complaint,9.7,3.51,19
AIR107282,2025-12-15,Karnataka,Karnataka City 3,Postpaid,1,Network Issues,In Progress,12.2,3.93,24
AIR107283,2025-02-15,Kerala,Kerala City 3,Prepaid,0,Network Issues,No Complaint,7.1,4.3,53
AIR107284,2025-03-15,Gujarat,Gujarat City 3,Enterprise,1,Slow Internet,Resolved,21.1,3.6,16
AIR107285,2025-04-15,Kerala,Kerala City 1,Prepaid,1,Slow Internet,Resolved,13,3.69,12
AIR107286,2025-05-15,Rajasthan,Rajasthan City 3,Postpaid,1,Slow Internet,Resolved,9,3.48,29
AIR107287,2025-06-15,Uttar Pradesh,Uttar Pradesh City 3,Prepaid,0,Slow Internet,No Complaint,7.4,3.79,15
AIR107288,2025-07-15,Tamil Nadu,Tamil Nadu City 3,Prepaid,0,Network Issues,No Complaint,7.1,3.53,25
AIR107289,2025-08-15,Maharashtra,Maharashtra City 2,Postpaid,0,Network Issues,No Complaint,28.2,4.08,34
AIR107290,2025-09-15,Karnataka,Karnataka City 3,Prepaid,1,Slow Internet,Resolved,39.5,3.83,11
AIR107291,2025-10-15,Maharashtra,Maharashtra City 2,Postpaid,0,Network Issues,No Complaint,12.8,2.65,-3
AIR107292,2025-11-15,Uttar Pradesh,Uttar Pradesh City 3,Postpaid,0,Billing Issues,No Complaint,30.7,3.82,34
AIR107293,2025-12-15,Rajasthan,Rajasthan City 3,Postpaid,0,Billing Issues,No Complaint,7,4.32,35
AIR107294,2025-02-15,Rajasthan,Rajasthan City 3,Prepaid,0,Slow Internet,No Complaint,63.5,3.15,11
AIR107295,2025-03-15,Uttar Pradesh,Uttar Pradesh City 2,Prepaid,0,Others,No Complaint,4.3,3.05,-2
AIR107296,2025-04-15,Karnataka,Karnataka City 3,Broadband,0,Slow Internet,No Complaint,4.4,3.64,42
AIR107297,2025-05-15,Maharashtra,Maharashtra City 1,Prepaid,1,Network Issues,Resolved,63.6,3.72,23
AIR107298,2025-06-15,Delhi,Delhi City 3,Prepaid,0,Billing Issues,No Complaint,1.5,3.24,10
AIR107299,2025-07-15,Rajasthan,Rajasthan City 2,Postpaid,0,Network Issues,No Complaint,19,3.72,25
AIR107300,2025-08-15,Maharashtra,Maharashtra City 2,Broadband,0,Slow Internet,No Complaint,4.6,4.07,38
AIR107301,2025-09-15,Telangana,Telangana City 1,Postpaid,0,Slow Internet,No Complaint,34.9,3.73,28
AIR107302,2025-10-15,Maharashtra,Maharashtra City 1,Prepaid,0,Network Issues,No Complaint,39.2,3.91,36
AIR107303,2025-11-15,Telangana,Telangana City 1,Broadband,1,Slow Internet,Resolved,5.7,3.64,32
AIR107304,2025-12-15,Telangana,Telangana City 2,Broadband,0,Call Drops,No Complaint,25.9,2.76,-5
AIR107305,2025-02-15,Rajasthan,Rajasthan City 3,Postpaid,1,Network Issues,Pending,5.1,3.55,17
AIR107306,2025-03-15,Karnataka,Karnataka City 3,Postpaid,0,Slow Internet,No Complaint,27.6,3.02,-6
AIR107307,2025-04-15,Gujarat,Gujarat City 1,Postpaid,1,Network Issues,Resolved,11,4.23,30
AIR107308,2025-05-15,Rajasthan,Rajasthan City 1,Postpaid,0,Others,No Complaint,51.7,3.33,4
AIR107309,2025-06-15,Karnataka,Karnataka City 3,Postpaid,0,Call Drops,No Complaint,15.4,3.62,-3
AIR107310,2025-07-15,Karnataka,Karnataka City 1,Broadband,1,Slow Internet,Resolved,22.3,3.64,55
AIR107311,2025-08-15,Kerala,Kerala City 3,Broadband,1,Slow Internet,Resolved,49.3,4.31,35
AIR107312,2025-09-15,Uttar Pradesh,Uttar Pradesh City 3,Postpaid,1,Slow Internet,In Progress,18.5,3.35,15
AIR107313,2025-10-15,Uttar Pradesh,Uttar Pradesh City 3,Broadband,0,Call Drops,No Complaint,3.5,3.75,44
AIR107314,2025-11-15,Uttar Pradesh,Uttar Pradesh City 3,Prepaid,1,Others,Resolved,41.1,3.28,1
AIR107315,2025-12-15,West Bengal,West Bengal City 2,Prepaid,0,Network Issues,No Complaint,8.9,3.97,42
AIR107316,2025-02-15,Rajasthan,Rajasthan City 3,Postpaid,0,Network Issues,No Complaint,17.8,4.46,52
AIR107317,2025-03-15,Karnataka,Karnataka City 1,Postpaid,1,Billing Issues,Pending,7.4,3.16,3
AIR107318,2025-04-15,Kerala,Kerala City 1,Prepaid,0,Others,No Complaint,4.4,4.31,61
AIR107319,2025-05-15,Telangana,Telangana City 1,Postpaid,0,Call Drops,No Complaint,17.3,4.12,41
AIR107320,2025-06-15,Gujarat,Gujarat City 1,Prepaid,0,Network Issues,No Complaint,16.1,3.44,14
AIR107321,2025-07-15,Gujarat,Gujarat City 2,Postpaid,0,Call Drops,No Complaint,15,3.11,11
AIR107322,2025-08-15,Telangana,Telangana City 3,Broadband,0,Billing Issues,No Complaint,39.3,3.62,26
AIR107323,2025-09-15,Maharashtra,Maharashtra City 3,Postpaid,1,Network Issues,Resolved,19.1,3.14,0
AIR107324,2025-10-15,Maharashtra,Maharashtra City 1,Prepaid,0,Network Issues,No Complaint,18.2,3.07,-25
AIR107325,2025-11-15,Uttar Pradesh,Uttar Pradesh City 1,Enterprise,0,Network Issues,No Complaint,12.2,3.6,17
AIR107326,2025-12-15,Rajasthan,Rajasthan City 1,Postpaid,0,Network Issues,No Complaint,45.8,4.15,33
AIR107327,2025-02-15,West Bengal,West Bengal City 3,Broadband,0,Slow Internet,No Complaint,14.6,4.11,30
AIR107328,2025-03-15,Kerala,Kerala City 2,Postpaid,1,Billing Issues,Resolved,31.1,3.64,10
AIR107329,2025-04-15,Gujarat,Gujarat City 2,Enterprise,0,Network Issues,No Complaint,6.4,3.56,-1
AIR107330,2025-05-15,Uttar Pradesh,Uttar Pradesh City 2,Broadband,1,Network Issues,Resolved,13.9,4.13,30
AIR107331,2025-06-15,Tamil Nadu,Tamil Nadu City 2,Postpaid,0,Network Issues,No Complaint,6.1,2.79,-3
AIR107332,2025-07-15,Uttar Pradesh,Uttar Pradesh City 1,Prepaid,0,Billing Issues,No Complaint,14.7,3.53,15
AIR107333,2025-08-15,Tamil Nadu,Tamil Nadu City 3,Postpaid,0,Network Issues,No Complaint,10.4,3.63,29
AIR107334,2025-09-15,Delhi,Delhi City 1,Postpaid,0,Slow Internet,No Complaint,25.4,2.96,-7
AIR107335,2025-10-15,Karnataka,Karnataka City 2,Postpaid,0,Slow Internet,No Complaint,6.3,2.88,10
AIR107336,2025-11-15,Telangana,Telangana City 1,Prepaid,0,Slow Internet,No Complaint,7.1,2.78,-13
AIR107337,2025-12-15,Karnataka,Karnataka City 2,Prepaid,0,Slow Internet,No Complaint,44.4,3.04,-15
AIR107338,2025-02-15,Uttar Pradesh,Uttar Pradesh City 3,Postpaid,1,Network Issues,Resolved,4.2,3.58,23
AIR107339,2025-03-15,Karnataka,Karnataka City 2,Broadband,0,Slow Internet,No Complaint,20.9,4.46,54
AIR107340,2025-04-15,Kerala,Kerala City 1,Postpaid,1,Network Issues,Resolved,15.4,4.03,53
AIR107341,2025-05-15,Delhi,Delhi City 3,Prepaid,0,Slow Internet,No Complaint,3.1,4.08,40
AIR107342,2025-06-15,West Bengal,West Bengal City 2,Prepaid,0,Network Issues,No Complaint,3.3,3.37,18
AIR107343,2025-07-15,Delhi,Delhi City 2,Prepaid,0,Billing Issues,No Complaint,18.7,4.58,54
AIR107344,2025-08-15,Gujarat,Gujarat City 3,Prepaid,0,Slow Internet,No Complaint,20.9,3.78,21
AIR107345,2025-09-15,Kerala,Kerala City 1,Prepaid,1,Call Drops,Pending,21.6,3.7,16
AIR107346,2025-10-15,Karnataka,Karnataka City 3,Postpaid,1,Call Drops,In Progress,11.2,3.55,12
AIR107347,2025-11-15,West Bengal,West Bengal City 1,Broadband,1,Slow Internet,In Progress,19.9,3.11,3
AIR107348,2025-12-15,Karnataka,Karnataka City 2,Prepaid,0,Network Issues,No Complaint,37.8,3.28,17
AIR107349,2025-02-15,Rajasthan,Rajasthan City 2,Postpaid,1,Network Issues,Resolved,25.6,4.06,31
AIR107350,2025-03-15,Rajasthan,Rajasthan City 3,Postpaid,1,Slow Internet,Pending,43.6,3.43,1
AIR107351,2025-04-15,Maharashtra,Maharashtra City 2,Enterprise,0,Others,No Complaint,21.8,3.66,22
AIR107352,2025-05-15,Delhi,Delhi City 3,Broadband,0,Slow Internet,No Complaint,4.7,3.47,11
AIR107353,2025-06-15,West Bengal,West Bengal City 2,Prepaid,1,Call Drops,Resolved,23,3.85,27
AIR107354,2025-07-15,Rajasthan,Rajasthan City 2,Prepaid,0,Network Issues,No Complaint,21.4,3.74,24
AIR107355,2025-08-15,Maharashtra,Maharashtra City 1,Prepaid,0,Slow Internet,No Complaint,18.1,4.28,38
AIR107356,2025-09-15,Kerala,Kerala City 3,Postpaid,1,Slow Internet,In Progress,7.5,3.2,-2
AIR107357,2025-10-15,West Bengal,West Bengal City 3,Postpaid,1,Billing Issues,Resolved,13.4,3.32,0
AIR107358,2025-11-15,Maharashtra,Maharashtra City 2,Prepaid,1,Others,Pending,15.5,4.22,30
AIR107359,2025-12-15,Telangana,Telangana City 1,Broadband,0,Call Drops,No Complaint,12.4,4.38,46
AIR107360,2025-02-15,West Bengal,West Bengal City 1,Postpaid,0,Billing Issues,No Complaint,7.3,2.95,16
AIR107361,2025-03-15,Uttar Pradesh,Uttar Pradesh City 3,Enterprise,0,Network Issues,No Complaint,10.6,3.83,24
AIR107362,2025-04-15,Maharashtra,Maharashtra City 3,Prepaid,0,Slow Internet,No Complaint,31,3.63,23
AIR107363,2025-05-15,Karnataka,Karnataka City 2,Prepaid,0,Call Drops,No Complaint,37.2,4.18,51
AIR107364,2025-06-15,Uttar Pradesh,Uttar Pradesh City 3,Prepaid,0,Network Issues,No Complaint,1.6,3.67,37
AIR107365,2025-07-15,Telangana,Telangana City 2,Prepaid,0,Network Issues,No Complaint,38.6,3.91,48
AIR107366,2025-08-15,Rajasthan,Rajasthan City 1,Postpaid,0,Network Issues,No Complaint,32.8,3.62,21
AIR107367,2025-09-15,Tamil Nadu,Tamil Nadu City 3,Prepaid,0,Slow Internet,No Complaint,4.8,3.72,30
AIR107368,2025-10-15,Maharashtra,Maharashtra City 1,Postpaid,0,Billing Issues,No Complaint,24.6,3.57,32
AIR107369,2025-11-15,Kerala,Kerala City 1,Prepaid,0,Slow Internet,No Complaint,10.3,4.03,25
AIR107370,2025-12-15,Maharashtra,Maharashtra City 2,Prepaid,0,Slow Internet,No Complaint,15.5,2.92,-12
AIR107371,2025-02-15,Tamil Nadu,Tamil Nadu City 1,Broadband,0,Billing Issues,No Complaint,33.8,4.31,38
AIR107372,2025-03-15,Telangana,Telangana City 2,Enterprise,0,Network Issues,No Complaint,10,3.97,15
AIR107373,2025-04-15,Telangana,Telangana City 2,Prepaid,0,Network Issues,No Complaint,18.6,3.3,11
AIR107374,2025-05-15,Uttar Pradesh,Uttar Pradesh City 1,Enterprise,1,Call Drops,Resolved,33.1,3.81,18
AIR107375,2025-06-15,West Bengal,West Bengal City 1,Postpaid,0,Others,No Complaint,11.4,4.03,32
AIR107376,2025-07-15,Kerala,Kerala City 2,Prepaid,1,Slow Internet,In Progress,4.1,4.76,56
AIR107377,2025-08-15,Uttar Pradesh,Uttar Pradesh City 2,Broadband,0,Call Drops,No Complaint,7,3.71,31
AIR107378,2025-09-15,Kerala,Kerala City 1,Prepaid,0,Slow Internet,No Complaint,13,4.26,36
AIR107379,2025-10-15,Kerala,Kerala City 2,Prepaid,1,Slow Internet,Resolved,10.1,4.23,51
AIR107380,2025-11-15,Tamil Nadu,Tamil Nadu City 2,Postpaid,0,Call Drops,No Complaint,10,3.55,23
AIR107381,2025-12-15,Uttar Pradesh,Uttar Pradesh City 3,Prepaid,1,Call Drops,Resolved,5.2,4.02,28
AIR107382,2025-02-15,Kerala,Kerala City 3,Prepaid,0,Others,No Complaint,4.9,4.37,56
AIR107383,2025-03-15,Gujarat,Gujarat City 3,Prepaid,0,Slow Internet,No Complaint,17,4.09,47
AIR107384,2025-04-15,Tamil Nadu,Tamil Nadu City 3,Postpaid,0,Slow Internet,No Complaint,33.9,3.93,37
AIR107385,2025-05-15,Telangana,Telangana City 3,Postpaid,0,Network Issues,No Complaint,23.2,4.85,60
AIR107386,2025-06-15,Tamil Nadu,Tamil Nadu City 2,Prepaid,0,Network Issues,No Complaint,42.2,3.58,8
AIR107387,2025-07-15,Karnataka,Karnataka City 2,Broadband,0,Network Issues,No Complaint,17.4,4.65,49
AIR107388,2025-08-15,Karnataka,Karnataka City 3,Prepaid,0,Slow Internet,No Complaint,4.3,3.15,11
AIR107389,2025-09-15,Kerala,Kerala City 1,Postpaid,0,Network Issues,No Complaint,12.5,4.31,61
AIR107390,2025-10-15,Uttar Pradesh,Uttar Pradesh City 3,Broadband,1,Slow Internet,Resolved,16.1,3.2,-2
AIR107391,2025-11-15,Telangana,Telangana City 1,Broadband,0,Slow Internet,No Complaint,20,4.42,53
AIR107392,2025-12-15,Tamil Nadu,Tamil Nadu City 2,Postpaid,0,Call Drops,No Complaint,17.3,3.1,11
AIR107393,2025-02-15,Uttar Pradesh,Uttar Pradesh City 1,Postpaid,0,Slow Internet,No Complaint,30.8,3.52,6
AIR107394,2025-03-15,Tamil Nadu,Tamil Nadu City 2,Prepaid,1,Billing Issues,Pending,22.7,3.32,8
AIR107395,2025-04-15,Tamil Nadu,Tamil Nadu City 1,Postpaid,0,Network Issues,No Complaint,12.7,3.36,7
AIR107396,2025-05-15,Gujarat,Gujarat City 2,Prepaid,0,Network Issues,No Complaint,16.6,4.28,52
AIR107397,2025-06-15,Karnataka,Karnataka City 2,Prepaid,1,Slow Internet,Resolved,17.2,4.17,58
AIR107398,2025-07-15,Tamil Nadu,Tamil Nadu City 3,Prepaid,0,Network Issues,No Complaint,31.6,3.35,13
AIR107399,2025-08-15,Gujarat,Gujarat City 2,Prepaid,1,Network Issues,Resolved,8.9,3.42,22
AIR107400,2025-09-15,Karnataka,Karnataka City 3,Postpaid,0,Network Issues,No Complaint,19.3,3.61,10
AIR107401,2025-10-15,Gujarat,Gujarat City 3,Broadband,0,Slow Internet,No Complaint,11.8,3.37,6
AIR107402,2025-11-15,Uttar Pradesh,Uttar Pradesh City 3,Prepaid,0,Call Drops,No Complaint,8.1,4.4,71
AIR107403,2025-12-15,West Bengal,West Bengal City 1,Prepaid,0,Slow Internet,No Complaint,19.7,3.46,29
AIR107404,2025-02-15,Karnataka,Karnataka City 1,Postpaid,0,Others,No Complaint,11.3,2.96,-18
AIR107405,2025-03-15,Rajasthan,Rajasthan City 2,Postpaid,0,Network Issues,No Complaint,23.8,2.78,2
AIR107406,2025-04-15,West Bengal,West Bengal City 3,Prepaid,1,Billing Issues,Resolved,2.2,3.54,21
AIR107407,2025-05-15,Uttar Pradesh,Uttar Pradesh City 3,Prepaid,0,Network Issues,No Complaint,9.5,4.69,49
AIR107408,2025-06-15,Tamil Nadu,Tamil Nadu City 2,Postpaid,1,Slow Internet,Resolved,15.7,3.54,34
AIR107409,2025-07-15,Telangana,Telangana City 3,Broadband,0,Network Issues,No Complaint,27,4.05,24
AIR107410,2025-08-15,Uttar Pradesh,Uttar Pradesh City 2,Prepaid,0,Network Issues,No Complaint,19.5,3.56,39
AIR107411,2025-09-15,Gujarat,Gujarat City 3,Prepaid,0,Network Issues,No Complaint,12.4,4.03,35
AIR107412,2025-10-15,Gujarat,Gujarat City 1,Postpaid,0,Network Issues,No Complaint,23.7,3.33,4
AIR107413,2025-11-15,Gujarat,Gujarat City 2,Prepaid,0,Billing Issues,No Complaint,20.8,3.9,34
AIR107414,2025-12-15,Gujarat,Gujarat City 2,Prepaid,0,Network Issues,No Complaint,3.1,4.31,44
AIR107415,2025-02-15,Uttar Pradesh,Uttar Pradesh City 1,Postpaid,1,Others,Resolved,24.8,3.61,20
AIR107416,2025-03-15,Telangana,Telangana City 2,Enterprise,0,Others,No Complaint,5.8,3.05,-20
AIR107417,2025-04-15,Maharashtra,Maharashtra City 1,Prepaid,0,Others,No Complaint,18.2,4.34,57
AIR107418,2025-05-15,Gujarat,Gujarat City 3,Postpaid,0,Slow Internet,No Complaint,18.4,3.9,31
AIR107419,2025-06-15,Maharashtra,Maharashtra City 1,Prepaid,1,Slow Internet,In Progress,5.8,3.26,2
AIR107420,2025-07-15,Telangana,Telangana City 1,Broadband,1,Call Drops,Resolved,7.1,3.71,32
AIR107421,2025-08-15,Telangana,Telangana City 2,Prepaid,0,Slow Internet,No Complaint,2.3,3.84,23
AIR107422,2025-09-15,West Bengal,West Bengal City 3,Postpaid,1,Billing Issues,In Progress,11.1,3.87,33
AIR107423,2025-10-15,Karnataka,Karnataka City 1,Broadband,0,Network Issues,No Complaint,18.5,3.84,36
AIR107424,2025-11-15,Rajasthan,Rajasthan City 3,Enterprise,1,Call Drops,Resolved,61.5,3.66,30
AIR107425,2025-12-15,Kerala,Kerala City 1,Postpaid,1,Slow Internet,Resolved,23.6,3.22,4
AIR107426,2025-02-15,Rajasthan,Rajasthan City 2,Prepaid,0,Billing Issues,No Complaint,21.3,3.95,33
AIR107427,2025-03-15,Uttar Pradesh,Uttar Pradesh City 1,Prepaid,0,Network Issues,No Complaint,5.4,3.56,31
AIR107428,2025-04-15,Kerala,Kerala City 1,Prepaid,0,Network Issues,No Complaint,21.7,3.28,32
AIR107429,2025-05-15,Telangana,Telangana City 3,Postpaid,0,Slow Internet,No Complaint,26.8,3.79,22
AIR107430,2025-06-15,Rajasthan,Rajasthan City 1,Postpaid,0,Network Issues,No Complaint,3.2,3.96,32
AIR107431,2025-07-15,Delhi,Delhi City 2,Broadband,0,Network Issues,No Complaint,17,2.86,-11
AIR107432,2025-08-15,Karnataka,Karnataka City 2,Prepaid,0,Network Issues,No Complaint,6.5,2.76,-17
AIR107433,2025-09-15,Rajasthan,Rajasthan City 1,Postpaid,0,Network Issues,No Complaint,6.4,3.28,12
AIR107434,2025-10-15,Karnataka,Karnataka City 1,Broadband,0,Network Issues,No Complaint,9.4,3.61,14
AIR107435,2025-11-15,Maharashtra,Maharashtra City 3,Broadband,0,Slow Internet,No Complaint,40.9,3.93,34
AIR107436,2025-12-15,Uttar Pradesh,Uttar Pradesh City 3,Postpaid,0,Others,No Complaint,13.6,3.44,22
AIR107437,2025-02-15,Karnataka,Karnataka City 2,Postpaid,0,Network Issues,No Complaint,27.9,3.82,42
AIR107438,2025-03-15,Maharashtra,Maharashtra City 3,Postpaid,0,Network Issues,No Complaint,6,3.56,29
AIR107439,2025-04-15,Gujarat,Gujarat City 1,Prepaid,0,Slow Internet,No Complaint,10.9,2.7,14
AIR107440,2025-05-15,Maharashtra,Maharashtra City 2,Prepaid,0,Billing Issues,No Complaint,10.8,3.4,28
AIR107441,2025-06-15,Uttar Pradesh,Uttar Pradesh City 3,Postpaid,0,Others,No Complaint,5.9,3.52,26
AIR107442,2025-07-15,West Bengal,West Bengal City 2,Prepaid,0,Network Issues,No Complaint,11.9,3.71,18
AIR107443,2025-08-15,Gujarat,Gujarat City 1,Postpaid,1,Slow Internet,In Progress,2,3.75,29
AIR107444,2025-09-15,Telangana,Telangana City 3,Postpaid,0,Network Issues,No Complaint,11,3.34,22
AIR107445,2025-10-15,Tamil Nadu,Tamil Nadu City 1,Postpaid,0,Network Issues,No Complaint,10.4,3.54,21
AIR107446,2025-11-15,Maharashtra,Maharashtra City 1,Prepaid,0,Call Drops,No Complaint,32.1,3.65,6
AIR107447,2025-12-15,Maharashtra,Maharashtra City 2,Prepaid,1,Network Issues,Resolved,4.1,3.47,5
AIR107448,2025-02-15,Karnataka,Karnataka City 2,Prepaid,0,Billing Issues,No Complaint,15.8,3.6,7
AIR107449,2025-03-15,Telangana,Telangana City 2,Prepaid,0,Slow Internet,No Complaint,2,2.99,8
AIR107450,2025-04-15,Rajasthan,Rajasthan City 3,Enterprise,0,Slow Internet,No Complaint,10.5,3.19,18
AIR107451,2025-05-15,Delhi,Delhi City 3,Prepaid,0,Network Issues,No Complaint,22,3.26,7
AIR107452,2025-06-15,Kerala,Kerala City 2,Prepaid,0,Slow Internet,No Complaint,23.7,3.58,18
AIR107453,2025-07-15,Maharashtra,Maharashtra City 3,Prepaid,1,Slow Internet,Resolved,20.5,3.07,-3
AIR107454,2025-08-15,Rajasthan,Rajasthan City 3,Postpaid,0,Call Drops,No Complaint,15.7,3.4,5
AIR107455,2025-09-15,Delhi,Delhi City 2,Postpaid,1,Slow Internet,Resolved,15.7,3.48,11
AIR107456,2025-10-15,Kerala,Kerala City 1,Prepaid,0,Call Drops,No Complaint,21.1,4.18,36
AIR107457,2025-11-15,Tamil Nadu,Tamil Nadu City 3,Broadband,0,Call Drops,No Complaint,3.8,3.33,17
AIR107458,2025-12-15,Karnataka,Karnataka City 3,Broadband,0,Network Issues,No Complaint,24.3,4.13,43
AIR107459,2025-02-15,Rajasthan,Rajasthan City 1,Prepaid,1,Slow Internet,In Progress,16.2,3.89,26
AIR107460,2025-03-15,Karnataka,Karnataka City 1,Postpaid,1,Network Issues,Resolved,37.3,3.5,18
AIR107461,2025-04-15,Kerala,Kerala City 1,Postpaid,1,Slow Internet,Resolved,4,4.76,47
AIR107462,2025-05-15,West Bengal,West Bengal City 2,Prepaid,1,Slow Internet,Resolved,27.9,3.54,21
AIR107463,2025-06-15,Maharashtra,Maharashtra City 1,Broadband,0,Billing Issues,No Complaint,30.2,3.8,15
AIR107464,2025-07-15,Gujarat,Gujarat City 2,Prepaid,1,Network Issues,Resolved,16,3.32,-1
AIR107465,2025-08-15,Delhi,Delhi City 1,Prepaid,0,Call Drops,No Complaint,38.8,3.52,46
AIR107466,2025-09-15,Telangana,Telangana City 1,Prepaid,0,Slow Internet,No Complaint,3.6,4.59,54
AIR107467,2025-10-15,Uttar Pradesh,Uttar Pradesh City 2,Postpaid,0,Network Issues,No Complaint,33.2,4.37,61
AIR107468,2025-11-15,Maharashtra,Maharashtra City 2,Broadband,0,Slow Internet,No Complaint,15,3.35,11
AIR107469,2025-12-15,Gujarat,Gujarat City 1,Prepaid,0,Slow Internet,No Complaint,8,3.8,27
AIR107470,2025-02-15,Uttar Pradesh,Uttar Pradesh City 1,Prepaid,0,Network Issues,No Complaint,29.1,4.16,41
AIR107471,2025-03-15,Rajasthan,Rajasthan City 1,Postpaid,0,Billing Issues,No Complaint,10.4,2.84,-10
AIR107472,2025-04-15,Uttar Pradesh,Uttar Pradesh City 3,Prepaid,0,Network Issues,No Complaint,10.6,3.7,39
AIR107473,2025-05-15,Tamil Nadu,Tamil Nadu City 1,Prepaid,1,Network Issues,Resolved,24.8,3.77,27
AIR107474,2025-06-15,Maharashtra,Maharashtra City 2,Prepaid,0,Call Drops,No Complaint,36.8,3.67,32
AIR107475,2025-07-15,Karnataka,Karnataka City 3,Prepaid,0,Network Issues,No Complaint,12.6,3.43,-1
AIR107476,2025-08-15,West Bengal,West Bengal City 2,Prepaid,0,Billing Issues,No Complaint,15.9,3.91,35
AIR107477,2025-09-15,Telangana,Telangana City 3,Prepaid,1,Call Drops,Resolved,21.6,3.51,12
AIR107478,2025-10-15,Karnataka,Karnataka City 3,Prepaid,1,Network Issues,Pending,27.3,2.66,-13
AIR107479,2025-11-15,Gujarat,Gujarat City 2,Postpaid,1,Network Issues,Resolved,11.1,3.74,30
AIR107480,2025-12-15,Maharashtra,Maharashtra City 3,Prepaid,1,Network Issues,Pending,19.7,4.08,21
AIR107481,2025-02-15,West Bengal,West Bengal City 2,Enterprise,1,Slow Internet,Resolved,6.1,3.75,25
AIR107482,2025-03-15,Uttar Pradesh,Uttar Pradesh City 1,Prepaid,0,Network Issues,No Complaint,17.6,3.85,41
AIR107483,2025-04-15,Maharashtra,Maharashtra City 3,Postpaid,1,Slow Internet,Resolved,2.1,4.47,50
AIR107484,2025-05-15,Uttar Pradesh,Uttar Pradesh City 2,Broadband,1,Slow Internet,Resolved,8.4,2.98,-8
AIR107485,2025-06-15,Rajasthan,Rajasthan City 3,Prepaid,0,Slow Internet,No Complaint,12.4,3.6,11
AIR107486,2025-07-15,Tamil Nadu,Tamil Nadu City 2,Postpaid,0,Network Issues,No Complaint,18.7,3.74,21
AIR107487,2025-08-15,Kerala,Kerala City 1,Broadband,0,Slow Internet,No Complaint,9.7,3.46,2
AIR107488,2025-09-15,Maharashtra,Maharashtra City 1,Prepaid,0,Others,No Complaint,19.7,4.2,26
AIR107489,2025-10-15,Gujarat,Gujarat City 3,Enterprise,0,Network Issues,No Complaint,6.1,3.33,25
AIR107490,2025-11-15,Uttar Pradesh,Uttar Pradesh City 3,Prepaid,0,Billing Issues,No Complaint,6,3.78,37
AIR107491,2025-12-15,Karnataka,Karnataka City 2,Prepaid,0,Call Drops,No Complaint,10.5,4.96,43
AIR107492,2025-02-15,Rajasthan,Rajasthan City 2,Postpaid,0,Network Issues,No Complaint,17.2,4.1,34
AIR107493,2025-03-15,Gujarat,Gujarat City 3,Prepaid,1,Network Issues,In Progress,24.7,3.31,-4
AIR107494,2025-04-15,Telangana,Telangana City 2,Postpaid,0,Slow Internet,No Complaint,18.3,3.04,20
AIR107495,2025-05-15,Kerala,Kerala City 2,Broadband,1,Call Drops,Resolved,7.9,4.62,71
AIR107496,2025-06-15,Rajasthan,Rajasthan City 2,Enterprise,0,Slow Internet,No Complaint,37.8,3.11,15
AIR107497,2025-07-15,Tamil Nadu,Tamil Nadu City 3,Postpaid,0,Network Issues,No Complaint,7.3,4.16,33
AIR107498,2025-08-15,Kerala,Kerala City 1,Enterprise,0,Network Issues,No Complaint,5.8,3.15,-5
AIR107499,2025-09-15,Uttar Pradesh,Uttar Pradesh City 1,Prepaid,0,Network Issues,No Complaint,16.7,4.21,33
AIR107500,2025-10-15,Gujarat,Gujarat City 2,Prepaid,1,Network Issues,Resolved,37.5,4.01,53
AIR107501,2025-11-15,Telangana,Telangana City 3,Postpaid,0,Network Issues,No Complaint,13.6,3.56,13
AIR107502,2025-12-15,Delhi,Delhi City 2,Postpaid,0,Network Issues,No Complaint,53.6,3.68,33
AIR107503,2025-02-15,Tamil Nadu,Tamil Nadu City 1,Postpaid,1,Network Issues,Resolved,30.9,3.71,23
AIR107504,2025-03-15,West Bengal,West Bengal City 2,Postpaid,0,Slow Internet,No Complaint,53.2,3.48,36
AIR107505,2025-04-15,Uttar Pradesh,Uttar Pradesh City 1,Prepaid,1,Network Issues,Resolved,10.4,4.04,40
AIR107506,2025-05-15,Delhi,Delhi City 3,Postpaid,0,Slow Internet,No Complaint,9.9,2.95,-13
AIR107507,2025-06-15,Maharashtra,Maharashtra City 2,Enterprise,0,Network Issues,No Complaint,28.1,3.38,24
AIR107508,2025-07-15,Telangana,Telangana City 3,Postpaid,0,Billing Issues,No Complaint,19,3.57,8
AIR107509,2025-08-15,Karnataka,Karnataka City 2,Prepaid,0,Slow Internet,No Complaint,16.5,3.7,30
AIR107510,2025-09-15,West Bengal,West Bengal City 2,Postpaid,0,Slow Internet,No Complaint,20,3.1,-3
AIR107511,2025-10-15,Gujarat,Gujarat City 2,Prepaid,1,Billing Issues,Resolved,1,4.28,41
AIR107512,2025-11-15,Telangana,Telangana City 2,Broadband,1,Call Drops,Resolved,13.2,2.59,-8
AIR107513,2025-12-15,Kerala,Kerala City 2,Prepaid,0,Slow Internet,No Complaint,17.4,3.89,28
AIR107514,2025-02-15,Rajasthan,Rajasthan City 3,Prepaid,1,Others,In Progress,2.1,2.95,-4
AIR107515,2025-03-15,Kerala,Kerala City 3,Prepaid,0,Slow Internet,No Complaint,6.2,3.17,22
AIR107516,2025-04-15,Kerala,Kerala City 1,Prepaid,0,Network Issues,No Complaint,22.8,3.74,22
AIR107517,2025-05-15,Maharashtra,Maharashtra City 2,Postpaid,1,Call Drops,Resolved,10.5,4.33,66
AIR107518,2025-06-15,Tamil Nadu,Tamil Nadu City 1,Prepaid,0,Slow Internet,No Complaint,13,3.46,10
AIR107519,2025-07-15,Karnataka,Karnataka City 3,Broadband,0,Network Issues,No Complaint,15.8,2.8,-1
AIR107520,2025-08-15,West Bengal,West Bengal City 1,Postpaid,0,Network Issues,No Complaint,21.2,3.64,25
AIR107521,2025-09-15,Tamil Nadu,Tamil Nadu City 3,Prepaid,0,Network Issues,No Complaint,19.5,3.73,33
AIR107522,2025-10-15,Telangana,Telangana City 2,Postpaid,1,Others,In Progress,20.9,3.26,-2
AIR107523,2025-11-15,Kerala,Kerala City 1,Postpaid,0,Network Issues,No Complaint,8.1,4.41,56
AIR107524,2025-12-15,Maharashtra,Maharashtra City 1,Postpaid,0,Network Issues,No Complaint,10.9,3.5,24
AIR107525,2025-02-15,Telangana,Telangana City 1,Postpaid,0,Network Issues,No Complaint,18.5,3.4,25
AIR107526,2025-03-15,Rajasthan,Rajasthan City 1,Prepaid,0,Network Issues,No Complaint,12.2,3.67,27
AIR107527,2025-04-15,Karnataka,Karnataka City 2,Postpaid,1,Billing Issues,Resolved,3.5,3.87,51
AIR107528,2025-05-15,West Bengal,West Bengal City 3,Prepaid,1,Slow Internet,Resolved,17,4.14,36
AIR107529,2025-06-15,Rajasthan,Rajasthan City 3,Postpaid,1,Slow Internet,Resolved,12.7,3.73,15
AIR107530,2025-07-15,Maharashtra,Maharashtra City 2,Broadband,0,Network Issues,No Complaint,13.9,3.39,0
AIR107531,2025-08-15,Karnataka,Karnataka City 3,Prepaid,1,Network Issues,Resolved,9.6,4.09,45
AIR107532,2025-09-15,Telangana,Telangana City 1,Postpaid,1,Slow Internet,Resolved,9.8,2.95,-9
AIR107533,2025-10-15,Kerala,Kerala City 2,Prepaid,1,Call Drops,Resolved,4.3,3.57,33
AIR107534,2025-11-15,Kerala,Kerala City 3,Prepaid,0,Call Drops,No Complaint,21.6,3.36,15
AIR107535,2025-12-15,Uttar Pradesh,Uttar Pradesh City 2,Postpaid,0,Slow Internet,No Complaint,17,3.53,44
AIR107536,2025-02-15,Kerala,Kerala City 2,Postpaid,0,Others,No Complaint,30.3,3.53,18
AIR107537,2025-03-15,Delhi,Delhi City 3,Prepaid,0,Network Issues,No Complaint,24.4,3.74,5
AIR107538,2025-04-15,Kerala,Kerala City 3,Prepaid,0,Others,No Complaint,44.5,3.42,9
AIR107539,2025-05-15,Delhi,Delhi City 2,Broadband,0,Billing Issues,No Complaint,11.9,3.37,-6
AIR107540,2025-06-15,Gujarat,Gujarat City 2,Prepaid,1,Network Issues,In Progress,9.4,4.37,49
AIR107541,2025-07-15,Delhi,Delhi City 3,Prepaid,0,Slow Internet,No Complaint,7.2,3.56,24
AIR107542,2025-08-15,Karnataka,Karnataka City 2,Broadband,0,Call Drops,No Complaint,22.8,3.65,-1
AIR107543,2025-09-15,Rajasthan,Rajasthan City 3,Broadband,0,Slow Internet,No Complaint,20,3.74,49
AIR107544,2025-10-15,Karnataka,Karnataka City 2,Prepaid,0,Network Issues,No Complaint,35.9,3.92,21
AIR107545,2025-11-15,Rajasthan,Rajasthan City 2,Broadband,0,Slow Internet,No Complaint,20.7,3.6,27
AIR107546,2025-12-15,Uttar Pradesh,Uttar Pradesh City 2,Prepaid,0,Slow Internet,No Complaint,18.2,4.15,39
AIR107547,2025-02-15,Gujarat,Gujarat City 3,Prepaid,0,Call Drops,No Complaint,45.9,3.85,43
AIR107548,2025-03-15,Rajasthan,Rajasthan City 1,Broadband,1,Slow Internet,Resolved,11.6,3.86,32
AIR107549,2025-04-15,Rajasthan,Rajasthan City 3,Broadband,0,Slow Internet,No Complaint,19.3,3.91,26
AIR107550,2025-05-15,Maharashtra,Maharashtra City 2,Prepaid,0,Network Issues,No Complaint,15.2,3.56,9
AIR107551,2025-06-15,Tamil Nadu,Tamil Nadu City 1,Prepaid,0,Call Drops,No Complaint,43.4,3.53,-2
AIR107552,2025-07-15,Tamil Nadu,Tamil Nadu City 1,Prepaid,0,Network Issues,No Complaint,6.4,3.35,20
AIR107553,2025-08-15,Maharashtra,Maharashtra City 2,Prepaid,0,Slow Internet,No Complaint,21.4,3.94,22
AIR107554,2025-09-15,Kerala,Kerala City 3,Postpaid,0,Billing Issues,No Complaint,18.4,3.19,23
AIR107555,2025-10-15,Maharashtra,Maharashtra City 1,Postpaid,1,Billing Issues,Resolved,20.7,3.52,24
AIR107556,2025-11-15,Rajasthan,Rajasthan City 1,Postpaid,0,Call Drops,No Complaint,14.5,4.88,61
AIR107557,2025-12-15,Rajasthan,Rajasthan City 3,Postpaid,1,Network Issues,In Progress,19,3.77,44
AIR107558,2025-02-15,Maharashtra,Maharashtra City 3,Broadband,0,Slow Internet,No Complaint,15.5,3.64,22
AIR107559,2025-03-15,Maharashtra,Maharashtra City 1,Prepaid,0,Billing Issues,No Complaint,12.1,3.83,15
AIR107560,2025-04-15,Kerala,Kerala City 3,Postpaid,0,Network Issues,No Complaint,12,4.08,24
AIR107561,2025-05-15,Karnataka,Karnataka City 1,Broadband,1,Slow Internet,In Progress,7.4,3.99,28
AIR107562,2025-06-15,Gujarat,Gujarat City 2,Prepaid,0,Slow Internet,No Complaint,17.9,4.18,44
AIR107563,2025-07-15,Telangana,Telangana City 3,Broadband,0,Slow Internet,No Complaint,7.9,3.37,14
AIR107564,2025-08-15,Rajasthan,Rajasthan City 1,Postpaid,0,Network Issues,No Complaint,21.6,4.25,31
AIR107565,2025-09-15,Gujarat,Gujarat City 3,Prepaid,1,Billing Issues,Resolved,15.5,3.99,27
AIR107566,2025-10-15,Maharashtra,Maharashtra City 3,Prepaid,0,Slow Internet,No Complaint,16.6,3.06,-18
AIR107567,2025-11-15,Kerala,Kerala City 1,Postpaid,0,Call Drops,No Complaint,31.3,3.59,19
AIR107568,2025-12-15,Delhi,Delhi City 2,Postpaid,0,Network Issues,No Complaint,22.9,3.9,17
AIR107569,2025-02-15,Kerala,Kerala City 1,Postpaid,0,Network Issues,No Complaint,40.3,3.75,13
AIR107570,2025-03-15,West Bengal,West Bengal City 3,Prepaid,1,Slow Internet,Resolved,19.2,3.58,20
AIR107571,2025-04-15,West Bengal,West Bengal City 1,Postpaid,0,Network Issues,No Complaint,14.6,4.25,42
AIR107572,2025-05-15,Gujarat,Gujarat City 3,Prepaid,0,Network Issues,No Complaint,32,2.57,-17
AIR107573,2025-06-15,Tamil Nadu,Tamil Nadu City 1,Prepaid,0,Call Drops,No Complaint,6.3,3.72,29
AIR107574,2025-07-15,West Bengal,West Bengal City 2,Prepaid,1,Network Issues,Resolved,18.3,3.22,3
AIR107575,2025-08-15,West Bengal,West Bengal City 2,Postpaid,0,Slow Internet,No Complaint,27.6,3.17,10
AIR107576,2025-09-15,Karnataka,Karnataka City 2,Prepaid,0,Network Issues,No Complaint,22.7,3.89,32
AIR107577,2025-10-15,Delhi,Delhi City 2,Prepaid,0,Network Issues,No Complaint,4.9,3.63,29
AIR107578,2025-11-15,Karnataka,Karnataka City 1,Prepaid,0,Network Issues,No Complaint,7.7,2.66,-27
AIR107579,2025-12-15,Delhi,Delhi City 2,Prepaid,1,Call Drops,Resolved,54.5,3.12,12
AIR107580,2025-02-15,Uttar Pradesh,Uttar Pradesh City 1,Prepaid,0,Network Issues,No Complaint,31.1,4.06,54
AIR107581,2025-03-15,Telangana,Telangana City 3,Postpaid,1,Slow Internet,Resolved,25,3.79,14
AIR107582,2025-04-15,Rajasthan,Rajasthan City 3,Postpaid,0,Call Drops,No Complaint,50.3,3.86,31
AIR107583,2025-05-15,West Bengal,West Bengal City 3,Postpaid,0,Network Issues,No Complaint,7.1,4.13,44
AIR107584,2025-06-15,Rajasthan,Rajasthan City 2,Postpaid,0,Slow Internet,No Complaint,25.3,3.06,-5
AIR107585,2025-07-15,West Bengal,West Bengal City 2,Prepaid,0,Network Issues,No Complaint,12.3,4.38,49
AIR107586,2025-08-15,Karnataka,Karnataka City 2,Enterprise,0,Network Issues,No Complaint,41.7,4.1,38
AIR107587,2025-09-15,Telangana,Telangana City 3,Prepaid,0,Call Drops,No Complaint,18.4,4.18,41
AIR107588,2025-10-15,Karnataka,Karnataka City 3,Postpaid,0,Network Issues,No Complaint,13.4,3.59,12
AIR107589,2025-11-15,Karnataka,Karnataka City 3,Broadband,1,Slow Internet,In Progress,16.1,3.54,9
AIR107590,2025-12-15,Delhi,Delhi City 3,Postpaid,0,Slow Internet,No Complaint,12.5,3.33,2
AIR107591,2025-02-15,Tamil Nadu,Tamil Nadu City 1,Prepaid,0,Network Issues,No Complaint,13.3,4.12,55
AIR107592,2025-03-15,Kerala,Kerala City 1,Prepaid,0,Network Issues,No Complaint,28.7,3.63,26
AIR107593,2025-04-15,Gujarat,Gujarat City 2,Prepaid,0,Slow Internet,No Complaint,8.5,3.32,11
AIR107594,2025-05-15,Rajasthan,Rajasthan City 2,Postpaid,0,Slow Internet,No Complaint,40.3,3.45,13
AIR107595,2025-06-15,Uttar Pradesh,Uttar Pradesh City 3,Postpaid,0,Call Drops,No Complaint,15.1,2.92,4
AIR107596,2025-07-15,West Bengal,West Bengal City 1,Postpaid,0,Network Issues,No Complaint,11.6,3.74,35
AIR107597,2025-08-15,Karnataka,Karnataka City 1,Prepaid,1,Slow Internet,Resolved,25.2,3.72,41
AIR107598,2025-09-15,Tamil Nadu,Tamil Nadu City 2,Broadband,1,Call Drops,Pending,21.1,3,-22
AIR107599,2025-10-15,Karnataka,Karnataka City 1,Postpaid,1,Call Drops,Resolved,31.1,3.55,36
AIR107600,2025-11-15,Telangana,Telangana City 2,Prepaid,0,Slow Internet,No Complaint,11.3,2.9,-26
AIR107601,2025-12-15,Delhi,Delhi City 3,Prepaid,0,Slow Internet,No Complaint,2.8,3.51,17
AIR107602,2025-02-15,Uttar Pradesh,Uttar Pradesh City 3,Postpaid,0,Network Issues,No Complaint,10.3,3.83,34
AIR107603,2025-03-15,Kerala,Kerala City 2,Postpaid,0,Network Issues,No Complaint,12.7,4.25,40
AIR107604,2025-04-15,Telangana,Telangana City 3,Prepaid,0,Slow Internet,No Complaint,15.6,3.45,14
AIR107605,2025-05-15,Maharashtra,Maharashtra City 3,Prepaid,0,Slow Internet,No Complaint,25.3,4.05,41
AIR107606,2025-06-15,Uttar Pradesh,Uttar Pradesh City 1,Postpaid,1,Billing Issues,Resolved,30,4.22,44
AIR107607,2025-07-15,Karnataka,Karnataka City 1,Prepaid,1,Call Drops,Resolved,33.2,3.77,11
AIR107608,2025-08-15,Telangana,Telangana City 1,Prepaid,1,Slow Internet,Resolved,38.4,3.03,0
AIR107609,2025-09-15,Kerala,Kerala City 1,Broadband,0,Slow Internet,No Complaint,8.6,3.7,28
AIR107610,2025-10-15,Tamil Nadu,Tamil Nadu City 1,Postpaid,0,Network Issues,No Complaint,53.6,3.94,44
AIR107611,2025-11-15,Tamil Nadu,Tamil Nadu City 2,Postpaid,0,Call Drops,No Complaint,20.1,3.14,7
AIR107612,2025-12-15,Rajasthan,Rajasthan City 2,Postpaid,0,Slow Internet,No Complaint,37.8,3.27,15
AIR107613,2025-02-15,Kerala,Kerala City 1,Postpaid,1,Network Issues,Resolved,16,4.41,45
AIR107614,2025-03-15,Tamil Nadu,Tamil Nadu City 3,Postpaid,0,Billing Issues,No Complaint,2.1,3.7,29
AIR107615,2025-04-15,Telangana,Telangana City 3,Enterprise,0,Network Issues,No Complaint,4,3.96,27
AIR107616,2025-05-15,Rajasthan,Rajasthan City 2,Prepaid,0,Call Drops,No Complaint,11.8,3.18,7
AIR107617,2025-06-15,Tamil Nadu,Tamil Nadu City 2,Prepaid,0,Network Issues,No Complaint,38.4,4.07,49
AIR107618,2025-07-15,Uttar Pradesh,Uttar Pradesh City 2,Prepaid,0,Network Issues,No Complaint,12.3,3.09,-1
AIR107619,2025-08-15,Delhi,Delhi City 3,Postpaid,0,Slow Internet,No Complaint,7.1,4.16,29
AIR107620,2025-09-15,Maharashtra,Maharashtra City 2,Postpaid,0,Network Issues,No Complaint,37.8,4.73,57
AIR107621,2025-10-15,Kerala,Kerala City 3,Prepaid,1,Billing Issues,Resolved,45.5,3.66,25
AIR107622,2025-11-15,Telangana,Telangana City 2,Prepaid,0,Others,No Complaint,32.1,3.7,44
AIR107623,2025-12-15,West Bengal,West Bengal City 3,Prepaid,0,Call Drops,No Complaint,28.7,3.49,32
AIR107624,2025-02-15,Karnataka,Karnataka City 2,Prepaid,1,Call Drops,Resolved,18.2,3.11,9
AIR107625,2025-03-15,Telangana,Telangana City 2,Enterprise,0,Network Issues,No Complaint,5.8,4.1,36
AIR107626,2025-04-15,Tamil Nadu,Tamil Nadu City 3,Postpaid,0,Call Drops,No Complaint,12.7,2.66,-14
AIR107627,2025-05-15,Telangana,Telangana City 2,Prepaid,0,Network Issues,No Complaint,12.6,3.84,29
AIR107628,2025-06-15,West Bengal,West Bengal City 1,Prepaid,0,Network Issues,No Complaint,20.7,3.96,35
AIR107629,2025-07-15,Karnataka,Karnataka City 3,Prepaid,0,Network Issues,No Complaint,13.4,3.75,26
AIR107630,2025-08-15,Rajasthan,Rajasthan City 2,Postpaid,1,Network Issues,Resolved,8.9,3.71,43
AIR107631,2025-09-15,Tamil Nadu,Tamil Nadu City 3,Postpaid,0,Slow Internet,No Complaint,20.7,3.12,11
AIR107632,2025-10-15,Gujarat,Gujarat City 2,Enterprise,0,Slow Internet,No Complaint,9.3,3.72,10
AIR107633,2025-11-15,Tamil Nadu,Tamil Nadu City 1,Postpaid,0,Network Issues,No Complaint,12.2,3.27,9
AIR107634,2025-12-15,Maharashtra,Maharashtra City 2,Postpaid,1,Network Issues,Resolved,15.1,3.82,17
AIR107635,2025-02-15,Gujarat,Gujarat City 2,Broadband,0,Slow Internet,No Complaint,8.8,3.22,8
AIR107636,2025-03-15,Maharashtra,Maharashtra City 1,Postpaid,1,Others,Resolved,4.8,3.35,28
AIR107637,2025-04-15,West Bengal,West Bengal City 3,Prepaid,1,Network Issues,Resolved,30.4,2.96,6
AIR107638,2025-05-15,Kerala,Kerala City 2,Postpaid,0,Network Issues,No Complaint,12.2,4.04,26
AIR107639,2025-06-15,Karnataka,Karnataka City 2,Postpaid,0,Network Issues,No Complaint,10.3,3.81,26
AIR107640,2025-07-15,Delhi,Delhi City 1,Postpaid,0,Network Issues,No Complaint,24.5,4.32,59
AIR107641,2025-08-15,Rajasthan,Rajasthan City 3,Prepaid,0,Slow Internet,No Complaint,15.7,3.64,26
AIR107642,2025-09-15,Delhi,Delhi City 3,Prepaid,0,Others,No Complaint,19.9,4.61,47
AIR107643,2025-10-15,Uttar Pradesh,Uttar Pradesh City 1,Prepaid,0,Billing Issues,No Complaint,4.2,3.86,26
AIR107644,2025-11-15,Uttar Pradesh,Uttar Pradesh City 1,Prepaid,1,Network Issues,Pending,26.9,3.8,38
AIR107645,2025-12-15,West Bengal,West Bengal City 2,Broadband,0,Slow Internet,No Complaint,6.1,2.95,5
AIR107646,2025-02-15,Kerala,Kerala City 1,Postpaid,0,Slow Internet,No Complaint,20.8,4.03,20
AIR107647,2025-03-15,Uttar Pradesh,Uttar Pradesh City 1,Postpaid,0,Call Drops,No Complaint,6.6,3.31,14
AIR107648,2025-04-15,Tamil Nadu,Tamil Nadu City 1,Postpaid,1,Slow Internet,In Progress,5.7,2.93,3
AIR107649,2025-05-15,Telangana,Telangana City 3,Postpaid,1,Call Drops,Resolved,12.5,4.1,52
AIR107650,2025-06-15,Maharashtra,Maharashtra City 1,Enterprise,1,Slow Internet,Resolved,9.4,3.64,33
AIR107651,2025-07-15,Uttar Pradesh,Uttar Pradesh City 2,Prepaid,0,Network Issues,No Complaint,14.8,4.39,64
AIR107652,2025-08-15,West Bengal,West Bengal City 2,Postpaid,0,Network Issues,No Complaint,46.6,2.98,-16
AIR107653,2025-09-15,Maharashtra,Maharashtra City 2,Prepaid,0,Network Issues,No Complaint,11.6,3.67,32
AIR107654,2025-10-15,Tamil Nadu,Tamil Nadu City 1,Broadband,0,Network Issues,No Complaint,104.5,3.22,39
AIR107655,2025-11-15,Kerala,Kerala City 3,Broadband,0,Others,No Complaint,16.2,3.53,23
AIR107656,2025-12-15,Karnataka,Karnataka City 1,Broadband,0,Network Issues,No Complaint,11.1,3.62,23
AIR107657,2025-02-15,Delhi,Delhi City 1,Prepaid,0,Slow Internet,No Complaint,7.1,3.72,23
AIR107658,2025-03-15,Tamil Nadu,Tamil Nadu City 2,Prepaid,0,Network Issues,No Complaint,19,3.11,16
AIR107659,2025-04-15,Rajasthan,Rajasthan City 1,Prepaid,0,Slow Internet,No Complaint,16.8,3.4,20
AIR107660,2025-05-15,Gujarat,Gujarat City 3,Postpaid,0,Slow Internet,No Complaint,15,3.42,29
AIR107661,2025-06-15,West Bengal,West Bengal City 2,Postpaid,1,Slow Internet,Resolved,14.7,4.07,58
AIR107662,2025-07-15,Delhi,Delhi City 3,Prepaid,0,Slow Internet,No Complaint,11.1,3.58,22
AIR107663,2025-08-15,Rajasthan,Rajasthan City 3,Postpaid,0,Network Issues,No Complaint,8.2,3.44,20
AIR107664,2025-09-15,Karnataka,Karnataka City 3,Prepaid,0,Call Drops,No Complaint,11.3,3.84,28
AIR107665,2025-10-15,Rajasthan,Rajasthan City 1,Broadband,0,Network Issues,No Complaint,9.6,2.92,3
AIR107666,2025-11-15,Kerala,Kerala City 1,Prepaid,0,Network Issues,No Complaint,21.6,3.5,28
AIR107667,2025-12-15,Gujarat,Gujarat City 1,Prepaid,0,Slow Internet,No Complaint,4.8,2.79,-10
AIR107668,2025-02-15,Maharashtra,Maharashtra City 1,Postpaid,0,Network Issues,No Complaint,10.7,3.86,40
AIR107669,2025-03-15,Delhi,Delhi City 2,Postpaid,0,Billing Issues,No Complaint,13.4,2.98,-6
AIR107670,2025-04-15,Gujarat,Gujarat City 1,Prepaid,0,Others,No Complaint,4.8,2.82,-6
AIR107671,2025-05-15,Telangana,Telangana City 2,Broadband,0,Network Issues,No Complaint,15.9,3.51,18
AIR107672,2025-06-15,Tamil Nadu,Tamil Nadu City 3,Postpaid,0,Slow Internet,No Complaint,17.7,3.94,39
AIR107673,2025-07-15,Telangana,Telangana City 2,Broadband,1,Others,Resolved,25,3.69,27
AIR107674,2025-08-15,Tamil Nadu,Tamil Nadu City 1,Broadband,0,Billing Issues,No Complaint,2.3,2.27,-28
AIR107675,2025-09-15,Kerala,Kerala City 2,Postpaid,0,Billing Issues,No Complaint,20,3.35,5
AIR107676,2025-10-15,Gujarat,Gujarat City 1,Broadband,0,Network Issues,No Complaint,6.2,4.24,34
AIR107677,2025-11-15,Karnataka,Karnataka City 1,Broadband,0,Slow Internet,No Complaint,34,4.32,41
AIR107678,2025-12-15,Uttar Pradesh,Uttar Pradesh City 2,Enterprise,0,Slow Internet,No Complaint,8,3.44,18
AIR107679,2025-02-15,Rajasthan,Rajasthan City 2,Broadband,0,Call Drops,No Complaint,4,3.76,24
AIR107680,2025-03-15,Uttar Pradesh,Uttar Pradesh City 3,Broadband,0,Billing Issues,No Complaint,28.5,3.24,-3
AIR107681,2025-04-15,Gujarat,Gujarat City 3,Postpaid,1,Network Issues,Resolved,8.7,3.54,13
AIR107682,2025-05-15,Telangana,Telangana City 3,Prepaid,0,Network Issues,No Complaint,13.7,3.83,29
AIR107683,2025-06-15,Uttar Pradesh,Uttar Pradesh City 3,Broadband,0,Network Issues,No Complaint,35.6,3.06,-15
AIR107684,2025-07-15,West Bengal,West Bengal City 3,Postpaid,0,Slow Internet,No Complaint,8,3.78,22
AIR107685,2025-08-15,Uttar Pradesh,Uttar Pradesh City 2,Prepaid,0,Network Issues,No Complaint,15.1,4.2,50
AIR107686,2025-09-15,Tamil Nadu,Tamil Nadu City 3,Prepaid,0,Network Issues,No Complaint,9.2,3.21,5
AIR107687,2025-10-15,West Bengal,West Bengal City 2,Postpaid,1,Network Issues,Resolved,9.4,3.51,33
AIR107688,2025-11-15,Delhi,Delhi City 3,Postpaid,1,Billing Issues,Resolved,21.2,3.33,-2
AIR107689,2025-12-15,Uttar Pradesh,Uttar Pradesh City 1,Prepaid,0,Network Issues,No Complaint,18.6,4.2,51
AIR107690,2025-02-15,West Bengal,West Bengal City 3,Prepaid,0,Network Issues,No Complaint,2,3.91,40
AIR107691,2025-03-15,Gujarat,Gujarat City 1,Postpaid,1,Network Issues,Resolved,11.6,4.22,44
AIR107692,2025-04-15,Rajasthan,Rajasthan City 2,Prepaid,0,Call Drops,No Complaint,17.4,3.22,-6
AIR107693,2025-05-15,Delhi,Delhi City 3,Postpaid,0,Network Issues,No Complaint,3.1,3.75,23
AIR107694,2025-06-15,Karnataka,Karnataka City 2,Postpaid,1,Billing Issues,Resolved,17.8,3.6,12
AIR107695,2025-07-15,Karnataka,Karnataka City 3,Postpaid,0,Network Issues,No Complaint,15,3.17,11
AIR107696,2025-08-15,Kerala,Kerala City 2,Prepaid,1,Slow Internet,Resolved,14.2,3.5,17
AIR107697,2025-09-15,Uttar Pradesh,Uttar Pradesh City 3,Prepaid,0,Network Issues,No Complaint,8,3.91,32
AIR107698,2025-10-15,Rajasthan,Rajasthan City 3,Postpaid,0,Billing Issues,No Complaint,31.8,3.55,26
AIR107699,2025-11-15,Maharashtra,Maharashtra City 1,Postpaid,0,Call Drops,No Complaint,7,3.37,7
AIR107700,2025-12-15,West Bengal,West Bengal City 2,Prepaid,0,Call Drops,No Complaint,8.3,4.21,37
AIR107701,2025-02-15,Delhi,Delhi City 2,Prepaid,0,Call Drops,No Complaint,33.9,3.98,34
AIR107702,2025-03-15,Gujarat,Gujarat City 2,Broadband,0,Network Issues,No Complaint,13.8,3.63,23
AIR107703,2025-04-15,Uttar Pradesh,Uttar Pradesh City 2,Broadband,0,Slow Internet,No Complaint,6.4,2.92,-4
AIR107704,2025-05-15,Gujarat,Gujarat City 2,Postpaid,0,Call Drops,No Complaint,16.8,3.66,11
AIR107705,2025-06-15,Maharashtra,Maharashtra City 1,Prepaid,0,Network Issues,No Complaint,13.3,4.18,33
AIR107706,2025-07-15,Kerala,Kerala City 3,Prepaid,0,Network Issues,No Complaint,23.4,3.71,25
AIR107707,2025-08-15,Maharashtra,Maharashtra City 1,Prepaid,0,Network Issues,No Complaint,27.3,3.38,17
AIR107708,2025-09-15,Tamil Nadu,Tamil Nadu City 2,Prepaid,1,Network Issues,Resolved,15,3.98,36
AIR107709,2025-10-15,Telangana,Telangana City 2,Postpaid,0,Call Drops,No Complaint,6.8,3.76,26
AIR107710,2025-11-15,Delhi,Delhi City 3,Postpaid,0,Network Issues,No Complaint,16.3,3.57,7
AIR107711,2025-12-15,Telangana,Telangana City 1,Prepaid,0,Network Issues,No Complaint,5.8,3.67,28
AIR107712,2025-02-15,Maharashtra,Maharashtra City 3,Broadband,0,Network Issues,No Complaint,16.9,3.72,28
AIR107713,2025-03-15,Kerala,Kerala City 3,Postpaid,0,Others,No Complaint,15.7,3.35,-1
AIR107714,2025-04-15,Kerala,Kerala City 1,Postpaid,1,Slow Internet,Pending,19.4,4.04,40
AIR107715,2025-05-15,Karnataka,Karnataka City 3,Enterprise,0,Slow Internet,No Complaint,2,3.85,27
AIR107716,2025-06-15,Uttar Pradesh,Uttar Pradesh City 1,Postpaid,1,Call Drops,Resolved,2.8,3.89,15
AIR107717,2025-07-15,Karnataka,Karnataka City 1,Broadband,0,Network Issues,No Complaint,46.2,4.37,61
AIR107718,2025-08-15,Delhi,Delhi City 2,Prepaid,0,Call Drops,No Complaint,20.7,4.55,63
AIR107719,2025-09-15,Delhi,Delhi City 3,Prepaid,0,Network Issues,No Complaint,5.1,3.51,8
AIR107720,2025-10-15,Delhi,Delhi City 2,Postpaid,1,Network Issues,Resolved,2.9,3.88,39
AIR107721,2025-11-15,Gujarat,Gujarat City 3,Postpaid,0,Call Drops,No Complaint,3.1,3.48,29
AIR107722,2025-12-15,Karnataka,Karnataka City 3,Prepaid,0,Slow Internet,No Complaint,30.8,4,36
AIR107723,2025-02-15,Gujarat,Gujarat City 2,Postpaid,0,Billing Issues,No Complaint,13.5,4,34
AIR107724,2025-03-15,Telangana,Telangana City 2,Prepaid,0,Slow Internet,No Complaint,4.4,3.7,56
AIR107725,2025-04-15,Uttar Pradesh,Uttar Pradesh City 2,Postpaid,0,Network Issues,No Complaint,10.2,3.9,39
AIR107726,2025-05-15,Maharashtra,Maharashtra City 1,Postpaid,0,Call Drops,No Complaint,4.4,4,35
AIR107727,2025-06-15,West Bengal,West Bengal City 3,Postpaid,0,Call Drops,No Complaint,17.6,2.43,-18
AIR107728,2025-07-15,Karnataka,Karnataka City 1,Postpaid,0,Slow Internet,No Complaint,4.7,3.83,21
AIR107729,2025-08-15,West Bengal,West Bengal City 3,Enterprise,0,Billing Issues,No Complaint,12.4,3.3,8
AIR107730,2025-09-15,Kerala,Kerala City 3,Prepaid,0,Network Issues,No Complaint,15.8,3.69,12
AIR107731,2025-10-15,Karnataka,Karnataka City 1,Enterprise,1,Call Drops,Resolved,1.6,3.87,39
AIR107732,2025-11-15,Telangana,Telangana City 1,Prepaid,0,Network Issues,No Complaint,27,2.93,-4
AIR107733,2025-12-15,Karnataka,Karnataka City 3,Postpaid,0,Slow Internet,No Complaint,12.9,3.34,20
AIR107734,2025-02-15,Gujarat,Gujarat City 2,Postpaid,0,Network Issues,No Complaint,21.4,3.53,16
AIR107735,2025-03-15,Uttar Pradesh,Uttar Pradesh City 2,Broadband,1,Slow Internet,Pending,17.7,3.44,8
AIR107736,2025-04-15,Maharashtra,Maharashtra City 2,Postpaid,0,Billing Issues,No Complaint,2.8,3.27,16
AIR107737,2025-05-15,Rajasthan,Rajasthan City 2,Broadband,0,Slow Internet,No Complaint,4.6,4.08,16
AIR107738,2025-06-15,Maharashtra,Maharashtra City 3,Prepaid,0,Network Issues,No Complaint,6.7,3.94,21
AIR107739,2025-07-15,Maharashtra,Maharashtra City 2,Broadband,0,Network Issues,No Complaint,9.3,4,38
AIR107740,2025-08-15,Kerala,Kerala City 2,Prepaid,1,Network Issues,In Progress,15,3.65,-6
AIR107741,2025-09-15,Telangana,Telangana City 2,Prepaid,1,Billing Issues,Resolved,22.3,3.7,36
AIR107742,2025-10-15,West Bengal,West Bengal City 3,Prepaid,0,Slow Internet,No Complaint,19.8,3.37,24
AIR107743,2025-11-15,Telangana,Telangana City 1,Postpaid,1,Slow Internet,Resolved,4,3.8,31
AIR107744,2025-12-15,Rajasthan,Rajasthan City 2,Postpaid,0,Call Drops,No Complaint,2.3,2.97,-3
AIR107745,2025-02-15,Kerala,Kerala City 3,Prepaid,0,Network Issues,No Complaint,3.2,3.93,38
AIR107746,2025-03-15,Uttar Pradesh,Uttar Pradesh City 3,Prepaid,1,Slow Internet,Resolved,41.3,3.77,33
AIR107747,2025-04-15,Maharashtra,Maharashtra City 2,Postpaid,0,Call Drops,No Complaint,34.1,3.47,-1
AIR107748,2025-05-15,Gujarat,Gujarat City 1,Enterprise,0,Slow Internet,No Complaint,1,3.84,36
AIR107749,2025-06-15,Kerala,Kerala City 1,Postpaid,0,Network Issues,No Complaint,28.4,2.88,-12
AIR107750,2025-07-15,Delhi,Delhi City 1,Postpaid,0,Slow Internet,No Complaint,7.9,3.46,14
AIR107751,2025-08-15,Karnataka,Karnataka City 3,Postpaid,0,Network Issues,No Complaint,21.2,3.69,22
AIR107752,2025-09-15,Telangana,Telangana City 2,Postpaid,0,Billing Issues,No Complaint,3.9,3.5,34
AIR107753,2025-10-15,Kerala,Kerala City 2,Enterprise,0,Call Drops,No Complaint,37.5,3.79,26
AIR107754,2025-11-15,Delhi,Delhi City 3,Postpaid,1,Slow Internet,In Progress,31.2,3.73,26
AIR107755,2025-12-15,West Bengal,West Bengal City 2,Prepaid,0,Slow Internet,No Complaint,10.4,3.82,19
AIR107756,2025-02-15,Rajasthan,Rajasthan City 2,Broadband,1,Network Issues,Resolved,28.2,4.07,31
AIR107757,2025-03-15,Rajasthan,Rajasthan City 1,Enterprise,0,Call Drops,No Complaint,6.5,3.4,2
AIR107758,2025-04-15,Maharashtra,Maharashtra City 2,Prepaid,0,Network Issues,No Complaint,8.8,3.15,-4
AIR107759,2025-05-15,Maharashtra,Maharashtra City 2,Postpaid,0,Network Issues,No Complaint,42,3.56,3
AIR107760,2025-06-15,Kerala,Kerala City 3,Postpaid,0,Network Issues,No Complaint,14.6,3.81,30
AIR107761,2025-07-15,Kerala,Kerala City 3,Postpaid,0,Slow Internet,No Complaint,26.6,3.31,12
AIR107762,2025-08-15,Uttar Pradesh,Uttar Pradesh City 1,Prepaid,0,Network Issues,No Complaint,12.4,3.17,21
AIR107763,2025-09-15,Karnataka,Karnataka City 3,Postpaid,0,Network Issues,No Complaint,9.4,3.76,2
AIR107764,2025-10-15,Tamil Nadu,Tamil Nadu City 1,Prepaid,0,Call Drops,No Complaint,4,3.62,12
AIR107765,2025-11-15,West Bengal,West Bengal City 1,Prepaid,1,Slow Internet,Resolved,2.3,3.38,12
AIR107766,2025-12-15,Maharashtra,Maharashtra City 2,Enterprise,1,Others,In Progress,8.4,3.29,4
AIR107767,2025-02-15,Tamil Nadu,Tamil Nadu City 1,Postpaid,0,Billing Issues,No Complaint,16.8,3.92,29
AIR107768,2025-03-15,Tamil Nadu,Tamil Nadu City 2,Broadband,0,Network Issues,No Complaint,21.5,3.1,10
AIR107769,2025-04-15,Karnataka,Karnataka City 1,Broadband,0,Network Issues,No Complaint,30.5,3.2,12
AIR107770,2025-05-15,Gujarat,Gujarat City 3,Postpaid,1,Slow Internet,Resolved,12.7,3.54,10
AIR107771,2025-06-15,Gujarat,Gujarat City 3,Broadband,0,Slow Internet,No Complaint,18.7,3.05,10
AIR107772,2025-07-15,Maharashtra,Maharashtra City 3,Prepaid,0,Others,No Complaint,16.1,4.56,50
AIR107773,2025-08-15,Delhi,Delhi City 1,Postpaid,0,Network Issues,No Complaint,13.6,3.77,40
AIR107774,2025-09-15,Karnataka,Karnataka City 1,Postpaid,1,Slow Internet,Resolved,7.7,3.69,20
AIR107775,2025-10-15,Karnataka,Karnataka City 2,Postpaid,0,Network Issues,No Complaint,4.6,2.5,-9
AIR107776,2025-11-15,Telangana,Telangana City 2,Prepaid,0,Network Issues,No Complaint,5.8,3.62,42
AIR107777,2025-12-15,Tamil Nadu,Tamil Nadu City 2,Prepaid,0,Others,No Complaint,57.9,3.72,11
AIR107778,2025-02-15,Telangana,Telangana City 2,Prepaid,0,Network Issues,No Complaint,19.7,3.52,21
AIR107779,2025-03-15,Tamil Nadu,Tamil Nadu City 1,Postpaid,0,Slow Internet,No Complaint,20.5,3.7,27
AIR107780,2025-04-15,Gujarat,Gujarat City 1,Enterprise,0,Network Issues,No Complaint,37.8,3.73,29
AIR107781,2025-05-15,Maharashtra,Maharashtra City 2,Enterprise,1,Slow Internet,Resolved,19.4,3.36,13
AIR107782,2025-06-15,West Bengal,West Bengal City 1,Prepaid,0,Network Issues,No Complaint,14.6,3.72,36
AIR107783,2025-07-15,Gujarat,Gujarat City 1,Prepaid,1,Network Issues,Resolved,33.1,3.48,21
AIR107784,2025-08-15,Karnataka,Karnataka City 1,Prepaid,1,Billing Issues,Pending,8,3.14,9
AIR107785,2025-09-15,West Bengal,West Bengal City 1,Prepaid,0,Slow Internet,No Complaint,7.2,3.71,15
AIR107786,2025-10-15,Kerala,Kerala City 2,Broadband,1,Call Drops,Resolved,13.5,4.39,61
AIR107787,2025-11-15,West Bengal,West Bengal City 2,Broadband,0,Call Drops,No Complaint,9.7,3.88,35
AIR107788,2025-12-15,West Bengal,West Bengal City 1,Prepaid,0,Network Issues,No Complaint,26.9,3.51,16
AIR107789,2025-02-15,Gujarat,Gujarat City 3,Prepaid,0,Slow Internet,No Complaint,8.4,3.53,26
AIR107790,2025-03-15,Karnataka,Karnataka City 2,Prepaid,0,Slow Internet,No Complaint,8.3,3.92,49
AIR107791,2025-04-15,West Bengal,West Bengal City 2,Prepaid,0,Call Drops,No Complaint,15.9,3.82,36
AIR107792,2025-05-15,Gujarat,Gujarat City 3,Broadband,0,Network Issues,No Complaint,30,4.37,45
AIR107793,2025-06-15,Gujarat,Gujarat City 2,Postpaid,1,Network Issues,In Progress,19.5,3.46,6
AIR107794,2025-07-15,West Bengal,West Bengal City 3,Postpaid,0,Slow Internet,No Complaint,25.8,3.35,8
AIR107795,2025-08-15,Tamil Nadu,Tamil Nadu City 3,Postpaid,0,Network Issues,No Complaint,9.6,3.41,20
AIR107796,2025-09-15,Karnataka,Karnataka City 1,Prepaid,0,Billing Issues,No Complaint,20.5,4.15,31
AIR107797,2025-10-15,Rajasthan,Rajasthan City 2,Prepaid,0,Call Drops,No Complaint,26.4,3.99,38
AIR107798,2025-11-15,West Bengal,West Bengal City 3,Prepaid,1,Network Issues,Resolved,24.6,3.52,26
AIR107799,2025-12-15,Telangana,Telangana City 1,Postpaid,0,Call Drops,No Complaint,21.1,3.27,15
AIR107800,2025-02-15,Telangana,Telangana City 2,Broadband,0,Network Issues,No Complaint,28.6,3.83,27
AIR107801,2025-03-15,Kerala,Kerala City 1,Postpaid,0,Slow Internet,No Complaint,20.6,3.15,14
AIR107802,2025-04-15,Karnataka,Karnataka City 1,Prepaid,0,Network Issues,No Complaint,19.9,3.54,22
AIR107803,2025-05-15,Gujarat,Gujarat City 3,Postpaid,0,Network Issues,No Complaint,40.9,3.38,11
AIR107804,2025-06-15,Uttar Pradesh,Uttar Pradesh City 2,Prepaid,0,Call Drops,No Complaint,5.8,3.74,15
AIR107805,2025-07-15,Maharashtra,Maharashtra City 1,Prepaid,1,Billing Issues,Resolved,17.2,2.89,1
AIR107806,2025-08-15,Delhi,Delhi City 3,Prepaid,0,Network Issues,No Complaint,45,3.27,33
AIR107807,2025-09-15,Uttar Pradesh,Uttar Pradesh City 3,Postpaid,0,Network Issues,No Complaint,4.1,3.58,15
AIR107808,2025-10-15,Karnataka,Karnataka City 1,Broadband,0,Call Drops,No Complaint,13.1,4.85,56
AIR107809,2025-11-15,Karnataka,Karnataka City 1,Postpaid,0,Billing Issues,No Complaint,16,3.47,6
AIR107810,2025-12-15,West Bengal,West Bengal City 3,Prepaid,0,Slow Internet,No Complaint,18.6,3.99,25
AIR107811,2025-02-15,West Bengal,West Bengal City 1,Prepaid,0,Network Issues,No Complaint,10,4.72,67
AIR107812,2025-03-15,Uttar Pradesh,Uttar Pradesh City 1,Prepaid,0,Network Issues,No Complaint,18.4,3.68,19
AIR107813,2025-04-15,Gujarat,Gujarat City 2,Prepaid,0,Network Issues,No Complaint,36.4,3.58,5
AIR107814,2025-05-15,Kerala,Kerala City 3,Prepaid,0,Slow Internet,No Complaint,27.1,3.74,36
AIR107815,2025-06-15,West Bengal,West Bengal City 1,Postpaid,0,Slow Internet,No Complaint,11,4.42,47
AIR107816,2025-07-15,Delhi,Delhi City 3,Prepaid,0,Network Issues,No Complaint,31,4.5,43
AIR107817,2025-08-15,Delhi,Delhi City 2,Broadband,0,Slow Internet,No Complaint,13.6,4.43,43
AIR107818,2025-09-15,Kerala,Kerala City 3,Postpaid,1,Network Issues,Pending,28.9,3.79,24
AIR107819,2025-10-15,Tamil Nadu,Tamil Nadu City 3,Prepaid,1,Slow Internet,Resolved,14.7,3.98,38
AIR107820,2025-11-15,Tamil Nadu,Tamil Nadu City 3,Prepaid,1,Slow Internet,Resolved,11.2,3.72,35
AIR107821,2025-12-15,Karnataka,Karnataka City 2,Postpaid,0,Slow Internet,No Complaint,12.7,3.47,37
AIR107822,2025-02-15,West Bengal,West Bengal City 2,Postpaid,0,Call Drops,No Complaint,11.1,3.61,10
AIR107823,2025-03-15,Telangana,Telangana City 3,Prepaid,0,Network Issues,No Complaint,50.7,3.56,21
AIR107824,2025-04-15,Uttar Pradesh,Uttar Pradesh City 3,Broadband,1,Slow Internet,Resolved,19.2,4.15,27
AIR107825,2025-05-15,Rajasthan,Rajasthan City 2,Prepaid,0,Slow Internet,No Complaint,5.9,3.41,26
AIR107826,2025-06-15,Kerala,Kerala City 1,Broadband,0,Call Drops,No Complaint,17.6,2.84,-16
AIR107827,2025-07-15,Karnataka,Karnataka City 2,Prepaid,0,Call Drops,No Complaint,14.7,3.7,29
AIR107828,2025-08-15,Telangana,Telangana City 3,Postpaid,0,Slow Internet,No Complaint,12.5,3.47,7
AIR107829,2025-09-15,West Bengal,West Bengal City 1,Postpaid,0,Slow Internet,No Complaint,11.7,4.15,48
AIR107830,2025-10-15,Telangana,Telangana City 1,Postpaid,0,Network Issues,No Complaint,31,3.96,28
AIR107831,2025-11-15,Telangana,Telangana City 1,Prepaid,0,Call Drops,No Complaint,8.7,4.36,45
AIR107832,2025-12-15,Kerala,Kerala City 2,Prepaid,1,Slow Internet,Resolved,16.4,3.39,12
AIR107833,2025-02-15,Karnataka,Karnataka City 2,Postpaid,0,Billing Issues,No Complaint,15.8,3.35,7
AIR107834,2025-03-15,Gujarat,Gujarat City 2,Broadband,0,Call Drops,No Complaint,11.3,4.34,35
AIR107835,2025-04-15,Delhi,Delhi City 2,Postpaid,1,Network Issues,Resolved,16.4,4.19,41
AIR107836,2025-05-15,Uttar Pradesh,Uttar Pradesh City 3,Prepaid,0,Slow Internet,No Complaint,4.5,4.08,40
AIR107837,2025-06-15,Karnataka,Karnataka City 1,Prepaid,1,Network Issues,Resolved,56.5,3.44,29
AIR107838,2025-07-15,Rajasthan,Rajasthan City 3,Postpaid,0,Network Issues,No Complaint,44.6,3.84,35
AIR107839,2025-08-15,Telangana,Telangana City 2,Prepaid,1,Network Issues,Resolved,10.2,3.61,26
AIR107840,2025-09-15,Gujarat,Gujarat City 2,Prepaid,0,Network Issues,No Complaint,2.5,3.97,52
AIR107841,2025-10-15,Kerala,Kerala City 3,Postpaid,0,Slow Internet,No Complaint,12.9,3.6,27
AIR107842,2025-11-15,Maharashtra,Maharashtra City 1,Postpaid,0,Network Issues,No Complaint,16.6,3.78,17
AIR107843,2025-12-15,Uttar Pradesh,Uttar Pradesh City 1,Prepaid,0,Slow Internet,No Complaint,60.4,4.15,30
AIR107844,2025-02-15,Uttar Pradesh,Uttar Pradesh City 2,Prepaid,0,Billing Issues,No Complaint,15.3,3.1,8
AIR107845,2025-03-15,Delhi,Delhi City 2,Postpaid,0,Call Drops,No Complaint,12,2.9,2
AIR107846,2025-04-15,Maharashtra,Maharashtra City 2,Prepaid,0,Network Issues,No Complaint,66.5,4.1,58
AIR107847,2025-05-15,West Bengal,West Bengal City 2,Broadband,0,Network Issues,No Complaint,10.4,2.7,-11
AIR107848,2025-06-15,Maharashtra,Maharashtra City 1,Prepaid,1,Call Drops,Resolved,2.7,3.56,44
AIR107849,2025-07-15,Telangana,Telangana City 3,Prepaid,1,Billing Issues,Resolved,20.2,4.35,31
AIR107850,2025-08-15,Telangana,Telangana City 1,Postpaid,0,Call Drops,No Complaint,8,4.04,38
AIR107851,2025-09-15,Telangana,Telangana City 3,Postpaid,1,Network Issues,Resolved,20.8,3.29,6
AIR107852,2025-10-15,Telangana,Telangana City 2,Prepaid,0,Billing Issues,No Complaint,22.1,3.98,55
AIR107853,2025-11-15,Karnataka,Karnataka City 2,Prepaid,0,Network Issues,No Complaint,3.9,3.14,9
AIR107854,2025-12-15,Uttar Pradesh,Uttar Pradesh City 3,Prepaid,0,Billing Issues,No Complaint,32,3.78,30
AIR107855,2025-02-15,Maharashtra,Maharashtra City 2,Postpaid,1,Others,Resolved,8.3,3.92,56
AIR107856,2025-03-15,Uttar Pradesh,Uttar Pradesh City 1,Prepaid,0,Network Issues,No Complaint,23.1,3.2,10
AIR107857,2025-04-15,Rajasthan,Rajasthan City 2,Postpaid,1,Network Issues,Resolved,7.9,3.13,16
AIR107858,2025-05-15,Maharashtra,Maharashtra City 2,Postpaid,0,Slow Internet,No Complaint,15.6,3.89,35
AIR107859,2025-06-15,Karnataka,Karnataka City 2,Postpaid,0,Others,No Complaint,19.5,3.44,-1
AIR107860,2025-07-15,Rajasthan,Rajasthan City 2,Postpaid,0,Call Drops,No Complaint,15.7,4.06,47
AIR107861,2025-08-15,Uttar Pradesh,Uttar Pradesh City 1,Postpaid,0,Network Issues,No Complaint,19.6,3.45,24
AIR107862,2025-09-15,Rajasthan,Rajasthan City 3,Prepaid,0,Network Issues,No Complaint,20.5,3.73,0
AIR107863,2025-10-15,Delhi,Delhi City 2,Prepaid,0,Call Drops,No Complaint,34.3,3.37,-10
AIR107864,2025-11-15,Rajasthan,Rajasthan City 2,Prepaid,0,Network Issues,No Complaint,11.6,3.25,18
AIR107865,2025-12-15,Maharashtra,Maharashtra City 1,Postpaid,0,Slow Internet,No Complaint,16.2,3.18,5
AIR107866,2025-02-15,Telangana,Telangana City 1,Postpaid,1,Network Issues,Resolved,19.1,4.29,59
AIR107867,2025-03-15,Telangana,Telangana City 1,Prepaid,0,Network Issues,No Complaint,7,4.06,17
AIR107868,2025-04-15,West Bengal,West Bengal City 2,Broadband,0,Slow Internet,No Complaint,6.1,3.42,27
AIR107869,2025-05-15,Uttar Pradesh,Uttar Pradesh City 3,Postpaid,1,Network Issues,Resolved,6.7,2.97,2
AIR107870,2025-06-15,Delhi,Delhi City 1,Postpaid,1,Slow Internet,Pending,40.5,3.81,26
AIR107871,2025-07-15,Maharashtra,Maharashtra City 1,Prepaid,1,Slow Internet,Resolved,23.4,3.53,36
AIR107872,2025-08-15,Maharashtra,Maharashtra City 1,Prepaid,1,Slow Internet,Resolved,45.8,3.4,22
AIR107873,2025-09-15,Kerala,Kerala City 3,Postpaid,0,Slow Internet,No Complaint,9.1,3.03,-17
AIR107874,2025-10-15,Tamil Nadu,Tamil Nadu City 2,Prepaid,0,Call Drops,No Complaint,46.7,2.93,0
AIR107875,2025-11-15,Uttar Pradesh,Uttar Pradesh City 2,Postpaid,0,Network Issues,No Complaint,14.8,4,35
AIR107876,2025-12-15,Maharashtra,Maharashtra City 2,Enterprise,0,Call Drops,No Complaint,6.2,3.87,34
AIR107877,2025-02-15,Gujarat,Gujarat City 1,Postpaid,0,Call Drops,No Complaint,6.7,3.12,16
AIR107878,2025-03-15,Maharashtra,Maharashtra City 2,Postpaid,0,Network Issues,No Complaint,1.6,4.1,30
AIR107879,2025-04-15,Kerala,Kerala City 1,Postpaid,1,Others,In Progress,16.6,3.36,8
AIR107880,2025-05-15,Rajasthan,Rajasthan City 3,Prepaid,0,Network Issues,No Complaint,8.8,3.69,20
AIR107881,2025-06-15,Karnataka,Karnataka City 3,Enterprise,0,Network Issues,No Complaint,8.7,4.29,48
AIR107882,2025-07-15,Karnataka,Karnataka City 2,Broadband,0,Slow Internet,No Complaint,7.5,3.54,8
AIR107883,2025-08-15,Gujarat,Gujarat City 1,Postpaid,0,Network Issues,No Complaint,14.2,3.5,9
AIR107884,2025-09-15,Gujarat,Gujarat City 1,Prepaid,0,Network Issues,No Complaint,24.9,3.09,10
AIR107885,2025-10-15,West Bengal,West Bengal City 2,Prepaid,0,Network Issues,No Complaint,2.8,2.26,-18
AIR107886,2025-11-15,Karnataka,Karnataka City 3,Prepaid,0,Network Issues,No Complaint,18.4,3.42,-6
AIR107887,2025-12-15,Rajasthan,Rajasthan City 3,Postpaid,0,Network Issues,No Complaint,11.2,3.03,-11
AIR107888,2025-02-15,Karnataka,Karnataka City 3,Prepaid,0,Slow Internet,No Complaint,12.9,3.87,19
AIR107889,2025-03-15,Tamil Nadu,Tamil Nadu City 3,Postpaid,0,Network Issues,No Complaint,19.1,4.05,33
AIR107890,2025-04-15,Uttar Pradesh,Uttar Pradesh City 3,Postpaid,1,Network Issues,Pending,5.2,3.85,35
AIR107891,2025-05-15,Karnataka,Karnataka City 2,Prepaid,0,Call Drops,No Complaint,17.4,2.66,-1
AIR107892,2025-06-15,Telangana,Telangana City 2,Postpaid,1,Network Issues,Resolved,24.6,3.88,47
AIR107893,2025-07-15,West Bengal,West Bengal City 2,Prepaid,0,Call Drops,No Complaint,16.9,3.99,48
AIR107894,2025-08-15,Kerala,Kerala City 3,Broadband,0,Billing Issues,No Complaint,5.7,3.4,-8
AIR107895,2025-09-15,Gujarat,Gujarat City 3,Prepaid,0,Call Drops,No Complaint,57.8,4.04,26
AIR107896,2025-10-15,Tamil Nadu,Tamil Nadu City 2,Prepaid,0,Network Issues,No Complaint,19.6,3.06,30
AIR107897,2025-11-15,Gujarat,Gujarat City 2,Prepaid,0,Network Issues,No Complaint,7.6,3.37,1
AIR107898,2025-12-15,West Bengal,West Bengal City 3,Enterprise,0,Call Drops,No Complaint,2.1,2.95,3
AIR107899,2025-02-15,Maharashtra,Maharashtra City 1,Postpaid,1,Network Issues,Resolved,4.4,3.76,11
AIR107900,2025-03-15,Tamil Nadu,Tamil Nadu City 2,Prepaid,1,Network Issues,In Progress,5.3,3.9,32
AIR107901,2025-04-15,Delhi,Delhi City 3,Prepaid,0,Billing Issues,No Complaint,6.8,2.77,-17
AIR107902,2025-05-15,Tamil Nadu,Tamil Nadu City 3,Postpaid,0,Network Issues,No Complaint,34.4,3.86,12
AIR107903,2025-06-15,West Bengal,West Bengal City 2,Prepaid,0,Network Issues,No Complaint,13.2,3.45,24
AIR107904,2025-07-15,Kerala,Kerala City 1,Enterprise,1,Slow Internet,Resolved,23.5,3.26,-13
AIR107905,2025-08-15,Tamil Nadu,Tamil Nadu City 3,Enterprise,0,Billing Issues,No Complaint,2.5,4.24,42
AIR107906,2025-09-15,West Bengal,West Bengal City 2,Postpaid,0,Network Issues,No Complaint,17.4,3.42,5
AIR107907,2025-10-15,Rajasthan,Rajasthan City 3,Enterprise,0,Slow Internet,No Complaint,4.4,3.47,14
AIR107908,2025-11-15,Uttar Pradesh,Uttar Pradesh City 3,Prepaid,0,Slow Internet,No Complaint,20.1,3.75,13
AIR107909,2025-12-15,Karnataka,Karnataka City 3,Prepaid,1,Slow Internet,Pending,6.1,4.07,35
AIR107910,2025-02-15,Rajasthan,Rajasthan City 3,Prepaid,0,Others,No Complaint,2.6,3.49,20
AIR107911,2025-03-15,West Bengal,West Bengal City 1,Prepaid,0,Network Issues,No Complaint,19.5,3.95,30
AIR107912,2025-04-15,Telangana,Telangana City 2,Enterprise,0,Slow Internet,No Complaint,5.4,2.71,-1
AIR107913,2025-05-15,Maharashtra,Maharashtra City 2,Prepaid,1,Call Drops,Resolved,8.6,4.11,51
AIR107914,2025-06-15,Karnataka,Karnataka City 2,Broadband,0,Slow Internet,No Complaint,15.3,4.1,46
AIR107915,2025-07-15,Telangana,Telangana City 2,Postpaid,0,Network Issues,No Complaint,15,3.17,-2
AIR107916,2025-08-15,Kerala,Kerala City 2,Prepaid,0,Slow Internet,No Complaint,11.6,3.78,32
AIR107917,2025-09-15,Gujarat,Gujarat City 1,Prepaid,0,Slow Internet,No Complaint,7.3,4.36,40
AIR107918,2025-10-15,Delhi,Delhi City 3,Prepaid,0,Network Issues,No Complaint,11.1,2.61,-24
AIR107919,2025-11-15,Karnataka,Karnataka City 3,Prepaid,0,Slow Internet,No Complaint,17.4,2.8,-16
AIR107920,2025-12-15,Rajasthan,Rajasthan City 2,Postpaid,0,Slow Internet,No Complaint,10.1,3.4,16
AIR107921,2025-02-15,Maharashtra,Maharashtra City 3,Postpaid,0,Call Drops,No Complaint,22.6,3.17,25
AIR107922,2025-03-15,Telangana,Telangana City 3,Postpaid,0,Slow Internet,No Complaint,4.5,4.04,29
AIR107923,2025-04-15,West Bengal,West Bengal City 3,Postpaid,1,Call Drops,Resolved,26.3,3.97,16
AIR107924,2025-05-15,Karnataka,Karnataka City 2,Prepaid,0,Billing Issues,No Complaint,13.5,3.22,-4
AIR107925,2025-06-15,Gujarat,Gujarat City 2,Prepaid,0,Slow Internet,No Complaint,29,3.67,14
AIR107926,2025-07-15,West Bengal,West Bengal City 1,Broadband,0,Others,No Complaint,14.4,3.85,29
AIR107927,2025-08-15,Telangana,Telangana City 2,Prepaid,0,Network Issues,No Complaint,23.6,3.8,24
AIR107928,2025-09-15,Maharashtra,Maharashtra City 1,Prepaid,0,Network Issues,No Complaint,12.8,3.39,-8
AIR107929,2025-10-15,Tamil Nadu,Tamil Nadu City 2,Postpaid,0,Network Issues,No Complaint,11.5,3.5,21
AIR107930,2025-11-15,Gujarat,Gujarat City 3,Broadband,1,Call Drops,Resolved,6.4,2.94,3
AIR107931,2025-12-15,West Bengal,West Bengal City 1,Broadband,0,Network Issues,No Complaint,19.3,2.98,1
AIR107932,2025-02-15,Gujarat,Gujarat City 1,Prepaid,0,Network Issues,No Complaint,5.8,4,39
AIR107933,2025-03-15,Kerala,Kerala City 1,Postpaid,0,Call Drops,No Complaint,39.4,3.02,12
AIR107934,2025-04-15,West Bengal,West Bengal City 2,Prepaid,0,Slow Internet,No Complaint,32.4,4.53,54
AIR107935,2025-05-15,Karnataka,Karnataka City 1,Enterprise,0,Billing Issues,No Complaint,19.4,3.27,-3
AIR107936,2025-06-15,Tamil Nadu,Tamil Nadu City 2,Prepaid,1,Slow Internet,Resolved,53.7,3.59,2
AIR107937,2025-07-15,Tamil Nadu,Tamil Nadu City 1,Prepaid,1,Network Issues,Resolved,19.4,3.64,27
AIR107938,2025-08-15,Delhi,Delhi City 2,Broadband,0,Call Drops,No Complaint,18.7,3.81,30
AIR107939,2025-09-15,Gujarat,Gujarat City 1,Enterprise,0,Billing Issues,No Complaint,6.4,3.19,9
AIR107940,2025-10-15,Rajasthan,Rajasthan City 3,Postpaid,0,Network Issues,No Complaint,14.6,3.31,8
AIR107941,2025-11-15,Tamil Nadu,Tamil Nadu City 3,Prepaid,1,Billing Issues,Resolved,10.9,3.95,31
AIR107942,2025-12-15,Tamil Nadu,Tamil Nadu City 1,Postpaid,0,Call Drops,No Complaint,11.3,3.22,29
AIR107943,2025-02-15,Kerala,Kerala City 2,Broadband,0,Billing Issues,No Complaint,16.8,3.82,13
AIR107944,2025-03-15,Uttar Pradesh,Uttar Pradesh City 2,Postpaid,1,Slow Internet,In Progress,9.7,4.39,44
AIR107945,2025-04-15,Kerala,Kerala City 2,Prepaid,0,Slow Internet,No Complaint,10.1,3.29,-4
AIR107946,2025-05-15,Kerala,Kerala City 3,Prepaid,1,Slow Internet,In Progress,57.8,4.31,51
AIR107947,2025-06-15,Uttar Pradesh,Uttar Pradesh City 3,Broadband,0,Others,No Complaint,7.1,3.37,10
AIR107948,2025-07-15,Gujarat,Gujarat City 3,Postpaid,0,Billing Issues,No Complaint,17.8,3.17,6
AIR107949,2025-08-15,West Bengal,West Bengal City 2,Postpaid,0,Network Issues,No Complaint,5,3.7,33
AIR107950,2025-09-15,Maharashtra,Maharashtra City 2,Prepaid,1,Call Drops,In Progress,10.3,3.75,38
AIR107951,2025-10-15,Rajasthan,Rajasthan City 2,Postpaid,0,Network Issues,No Complaint,21.4,3.47,3
AIR107952,2025-11-15,Tamil Nadu,Tamil Nadu City 1,Enterprise,0,Network Issues,No Complaint,4.6,2.74,-25
AIR107953,2025-12-15,Delhi,Delhi City 1,Prepaid,0,Slow Internet,No Complaint,19.1,2.72,-15
AIR107954,2025-02-15,Rajasthan,Rajasthan City 1,Postpaid,0,Network Issues,No Complaint,7.5,3.63,24
AIR107955,2025-03-15,West Bengal,West Bengal City 3,Prepaid,0,Billing Issues,No Complaint,2.7,3.84,32
AIR107956,2025-04-15,Uttar Pradesh,Uttar Pradesh City 3,Prepaid,0,Slow Internet,No Complaint,5.6,3.8,28
AIR107957,2025-05-15,Rajasthan,Rajasthan City 2,Postpaid,1,Network Issues,Resolved,11,3.69,19
AIR107958,2025-06-15,Tamil Nadu,Tamil Nadu City 1,Broadband,0,Network Issues,No Complaint,17.6,3.25,-4
AIR107959,2025-07-15,Rajasthan,Rajasthan City 2,Postpaid,0,Network Issues,No Complaint,10,3.28,16
AIR107960,2025-08-15,Maharashtra,Maharashtra City 1,Prepaid,0,Network Issues,No Complaint,29.6,3.4,42
AIR107961,2025-09-15,Uttar Pradesh,Uttar Pradesh City 1,Prepaid,0,Call Drops,No Complaint,16.8,3.14,6
AIR107962,2025-10-15,Rajasthan,Rajasthan City 2,Broadband,1,Call Drops,Resolved,16.4,3.81,24
AIR107963,2025-11-15,Tamil Nadu,Tamil Nadu City 2,Prepaid,1,Network Issues,Resolved,13.4,3.36,11
AIR107964,2025-12-15,Tamil Nadu,Tamil Nadu City 1,Broadband,0,Network Issues,No Complaint,25.6,3.7,16
AIR107965,2025-02-15,Rajasthan,Rajasthan City 1,Prepaid,1,Call Drops,Resolved,56.7,3.57,36
AIR107966,2025-03-15,Gujarat,Gujarat City 3,Broadband,0,Others,No Complaint,20,2.94,14
AIR107967,2025-04-15,Delhi,Delhi City 2,Broadband,0,Slow Internet,No Complaint,6.9,3.57,27
AIR107968,2025-05-15,Telangana,Telangana City 2,Prepaid,1,Network Issues,Resolved,52.6,3.52,31
AIR107969,2025-06-15,Kerala,Kerala City 2,Postpaid,0,Call Drops,No Complaint,14.7,3.23,-7
AIR107970,2025-07-15,Uttar Pradesh,Uttar Pradesh City 2,Prepaid,0,Billing Issues,No Complaint,20.9,3.4,20
AIR107971,2025-08-15,Telangana,Telangana City 1,Prepaid,0,Slow Internet,No Complaint,3,4.17,43
AIR107972,2025-09-15,West Bengal,West Bengal City 3,Postpaid,0,Call Drops,No Complaint,17.5,3.54,18
AIR107973,2025-10-15,West Bengal,West Bengal City 2,Postpaid,0,Network Issues,No Complaint,10.8,3.72,28
AIR107974,2025-11-15,Tamil Nadu,Tamil Nadu City 1,Prepaid,0,Network Issues,No Complaint,12.9,4.17,64
AIR107975,2025-12-15,West Bengal,West Bengal City 1,Postpaid,0,Slow Internet,No Complaint,4.6,4.37,58
AIR107976,2025-02-15,Gujarat,Gujarat City 1,Prepaid,0,Call Drops,No Complaint,12.1,4.24,36
AIR107977,2025-03-15,Delhi,Delhi City 1,Prepaid,0,Call Drops,No Complaint,13.8,2.97,-4
AIR107978,2025-04-15,West Bengal,West Bengal City 1,Postpaid,0,Slow Internet,No Complaint,9.2,3.74,21
AIR107979,2025-05-15,Maharashtra,Maharashtra City 2,Postpaid,1,Slow Internet,Resolved,12.4,4.17,41
AIR107980,2025-06-15,Delhi,Delhi City 2,Postpaid,1,Others,Resolved,1.8,3.87,26
AIR107981,2025-07-15,Gujarat,Gujarat City 3,Postpaid,0,Network Issues,No Complaint,5.5,3.27,7
AIR107982,2025-08-15,Telangana,Telangana City 2,Broadband,0,Call Drops,No Complaint,34,4.19,40
AIR107983,2025-09-15,Delhi,Delhi City 1,Postpaid,0,Network Issues,No Complaint,46.3,3.66,23
AIR107984,2025-10-15,Delhi,Delhi City 3,Prepaid,0,Network Issues,No Complaint,17.7,3.02,-14
AIR107985,2025-11-15,Telangana,Telangana City 1,Postpaid,1,Call Drops,Resolved,3.5,4.03,29
AIR107986,2025-12-15,Gujarat,Gujarat City 1,Postpaid,0,Slow Internet,No Complaint,30.1,3.41,26
AIR107987,2025-02-15,West Bengal,West Bengal City 2,Postpaid,0,Billing Issues,No Complaint,19.9,3.81,32
AIR107988,2025-03-15,Tamil Nadu,Tamil Nadu City 1,Postpaid,0,Network Issues,No Complaint,18.5,3.26,13
AIR107989,2025-04-15,Uttar Pradesh,Uttar Pradesh City 2,Prepaid,0,Others,No Complaint,22.2,4.66,48
AIR107990,2025-05-15,Telangana,Telangana City 1,Prepaid,0,Slow Internet,No Complaint,12.6,3.86,42
AIR107991,2025-06-15,Telangana,Telangana City 3,Postpaid,0,Network Issues,No Complaint,16.7,3.67,40
AIR107992,2025-07-15,Telangana,Telangana City 1,Prepaid,0,Slow Internet,No Complaint,5.8,4.1,44
AIR107993,2025-08-15,Telangana,Telangana City 2,Postpaid,0,Billing Issues,No Complaint,4.8,4.2,39
AIR107994,2025-09-15,Uttar Pradesh,Uttar Pradesh City 1,Postpaid,0,Network Issues,No Complaint,30.2,4.1,46
AIR107995,2025-10-15,Uttar Pradesh,Uttar Pradesh City 2,Postpaid,0,Slow Internet,No Complaint,6.3,3.94,22
AIR107996,2025-11-15,West Bengal,West Bengal City 2,Postpaid,0,Slow Internet,No Complaint,10.6,3.84,37
AIR107997,2025-12-15,Rajasthan,Rajasthan City 3,Prepaid,1,Network Issues,In Progress,6.3,3.79,26
AIR107998,2025-02-15,Rajasthan,Rajasthan City 2,Enterprise,0,Slow Internet,No Complaint,11.5,3.52,15
AIR107999,2025-03-15,Karnataka,Karnataka City 3,Postpaid,0,Call Drops,No Complaint,1.4,3.53,23
AIR108000,2025-04-15,Telangana,Telangana City 3,Prepaid,0,Network Issues,No Complaint,55.6,3.67,14
AIR108001,2025-05-15,Telangana,Telangana City 1,Prepaid,0,Others,No Complaint,35.6,2.93,-4
AIR108002,2025-06-15,Delhi,Delhi City 3,Prepaid,1,Billing Issues,In Progress,40.6,4,27
AIR108003,2025-07-15,Rajasthan,Rajasthan City 2,Postpaid,1,Network Issues,Resolved,41.7,3.85,29
AIR108004,2025-08-15,West Bengal,West Bengal City 2,Prepaid,0,Network Issues,No Complaint,4.8,3.12,9
AIR108005,2025-09-15,Tamil Nadu,Tamil Nadu City 3,Prepaid,0,Network Issues,No Complaint,6.2,3.68,28
AIR108006,2025-10-15,Karnataka,Karnataka City 1,Prepaid,0,Slow Internet,No Complaint,9.1,4.35,55
AIR108007,2025-11-15,Karnataka,Karnataka City 3,Postpaid,0,Network Issues,No Complaint,31,4.05,50
AIR108008,2025-12-15,West Bengal,West Bengal City 3,Postpaid,0,Network Issues,No Complaint,12.6,3.35,-4
AIR108009,2025-02-15,Tamil Nadu,Tamil Nadu City 2,Postpaid,0,Network Issues,No Complaint,6.2,3.76,41
AIR108010,2025-03-15,Delhi,Delhi City 1,Broadband,0,Network Issues,No Complaint,19.7,3.37,16
AIR108011,2025-04-15,Uttar Pradesh,Uttar Pradesh City 1,Prepaid,1,Slow Internet,Resolved,6.7,3.56,22
AIR108012,2025-05-15,Kerala,Kerala City 1,Postpaid,0,Network Issues,No Complaint,16.2,4.32,51
AIR108013,2025-06-15,Rajasthan,Rajasthan City 1,Prepaid,0,Billing Issues,No Complaint,29.2,3.55,18
AIR108014,2025-07-15,Telangana,Telangana City 2,Postpaid,0,Slow Internet,No Complaint,28,3.63,28
AIR108015,2025-08-15,West Bengal,West Bengal City 1,Postpaid,0,Call Drops,No Complaint,36.2,3.28,7
AIR108016,2025-09-15,Rajasthan,Rajasthan City 1,Prepaid,0,Slow Internet,No Complaint,7.5,3.35,9
AIR108017,2025-10-15,Telangana,Telangana City 1,Prepaid,1,Slow Internet,In Progress,16.6,3.35,2
AIR108018,2025-11-15,Kerala,Kerala City 2,Broadband,0,Slow Internet,No Complaint,11.4,2.94,13
AIR108019,2025-12-15,Kerala,Kerala City 2,Prepaid,1,Call Drops,Resolved,8.1,4.06,38
AIR108020,2025-02-15,Uttar Pradesh,Uttar Pradesh City 1,Prepaid,0,Network Issues,No Complaint,20.1,3.1,7
AIR108021,2025-03-15,Gujarat,Gujarat City 2,Broadband,0,Slow Internet,No Complaint,13.4,3.67,39
AIR108022,2025-04-15,Kerala,Kerala City 3,Postpaid,1,Slow Internet,Resolved,21.8,2.99,-17
AIR108023,2025-05-15,Rajasthan,Rajasthan City 1,Postpaid,0,Slow Internet,No Complaint,9.9,3.4,25
AIR108024,2025-06-15,Maharashtra,Maharashtra City 2,Broadband,0,Slow Internet,No Complaint,5.1,3.11,7
AIR108025,2025-07-15,Maharashtra,Maharashtra City 1,Prepaid,0,Slow Internet,No Complaint,22.9,3.25,24
AIR108026,2025-08-15,Telangana,Telangana City 1,Prepaid,0,Call Drops,No Complaint,22.2,4.19,26
AIR108027,2025-09-15,Telangana,Telangana City 2,Postpaid,0,Network Issues,No Complaint,12.9,4.05,15
AIR108028,2025-10-15,Gujarat,Gujarat City 3,Postpaid,1,Network Issues,Resolved,22.7,3.48,20
AIR108029,2025-11-15,Maharashtra,Maharashtra City 1,Prepaid,0,Others,No Complaint,24.6,3.01,9
AIR108030,2025-12-15,Telangana,Telangana City 3,Prepaid,0,Slow Internet,No Complaint,34.7,3.37,2
AIR108031,2025-02-15,Kerala,Kerala City 2,Prepaid,1,Network Issues,Resolved,25.4,3.68,-6
AIR108032,2025-03-15,Telangana,Telangana City 1,Broadband,0,Call Drops,No Complaint,9.7,3.13,2
AIR108033,2025-04-15,Karnataka,Karnataka City 2,Prepaid,0,Slow Internet,No Complaint,18.8,3.97,36
AIR108034,2025-05-15,Gujarat,Gujarat City 2,Broadband,1,Network Issues,Resolved,21,3.76,25
AIR108035,2025-06-15,West Bengal,West Bengal City 2,Enterprise,0,Network Issues,No Complaint,17,4.05,45
AIR108036,2025-07-15,Tamil Nadu,Tamil Nadu City 2,Postpaid,1,Slow Internet,Pending,5.7,3.87,29
AIR108037,2025-08-15,Delhi,Delhi City 1,Postpaid,0,Others,No Complaint,16.9,3.55,31
AIR108038,2025-09-15,Tamil Nadu,Tamil Nadu City 3,Prepaid,0,Slow Internet,No Complaint,21.3,4,36
AIR108039,2025-10-15,Tamil Nadu,Tamil Nadu City 3,Prepaid,0,Slow Internet,No Complaint,8.4,2.83,1
AIR108040,2025-11-15,Uttar Pradesh,Uttar Pradesh City 1,Postpaid,0,Slow Internet,No Complaint,32.7,4.75,59
AIR108041,2025-12-15,West Bengal,West Bengal City 1,Prepaid,1,Billing Issues,Resolved,21.2,3.59,5
AIR108042,2025-02-15,Telangana,Telangana City 3,Prepaid,0,Network Issues,No Complaint,39.3,3.31,19
AIR108043,2025-03-15,Uttar Pradesh,Uttar Pradesh City 3,Postpaid,1,Network Issues,Resolved,5.2,4.2,39
AIR108044,2025-04-15,Tamil Nadu,Tamil Nadu City 1,Postpaid,0,Call Drops,No Complaint,28.3,4.25,55
AIR108045,2025-05-15,Karnataka,Karnataka City 2,Postpaid,1,Network Issues,Resolved,15.6,3.86,11
AIR108046,2025-06-15,Delhi,Delhi City 1,Prepaid,0,Network Issues,No Complaint,14.4,3.75,28
AIR108047,2025-07-15,Tamil Nadu,Tamil Nadu City 3,Prepaid,1,Network Issues,Resolved,2.1,3.76,17
AIR108048,2025-08-15,Maharashtra,Maharashtra City 2,Postpaid,0,Network Issues,No Complaint,21.1,3.86,20
AIR108049,2025-09-15,West Bengal,West Bengal City 3,Enterprise,0,Others,No Complaint,4.3,3.33,16
AIR108050,2025-10-15,West Bengal,West Bengal City 2,Broadband,0,Call Drops,No Complaint,11.3,3.14,6
AIR108051,2025-11-15,West Bengal,West Bengal City 3,Prepaid,1,Network Issues,Resolved,7.8,3.76,37
AIR108052,2025-12-15,Gujarat,Gujarat City 2,Prepaid,0,Slow Internet,No Complaint,2.5,3.1,15
AIR108053,2025-02-15,Gujarat,Gujarat City 1,Broadband,1,Network Issues,Resolved,12.9,3.59,9
AIR108054,2025-03-15,Kerala,Kerala City 1,Prepaid,1,Billing Issues,Resolved,32.6,2.64,-23
AIR108055,2025-04-15,Rajasthan,Rajasthan City 2,Prepaid,0,Network Issues,No Complaint,18.3,3.79,22
AIR108056,2025-05-15,Delhi,Delhi City 2,Prepaid,0,Call Drops,No Complaint,36.4,3.88,16
AIR108057,2025-06-15,Uttar Pradesh,Uttar Pradesh City 1,Postpaid,1,Billing Issues,Resolved,26.9,3.89,29
AIR108058,2025-07-15,Telangana,Telangana City 1,Prepaid,1,Slow Internet,Resolved,11,2.71,-12
AIR108059,2025-08-15,Tamil Nadu,Tamil Nadu City 2,Prepaid,0,Others,No Complaint,20.9,3.14,10
AIR108060,2025-09-15,Rajasthan,Rajasthan City 2,Postpaid,0,Network Issues,No Complaint,1.6,3.36,7
AIR108061,2025-10-15,Telangana,Telangana City 1,Prepaid,1,Billing Issues,Resolved,14.1,4.04,41
AIR108062,2025-11-15,Uttar Pradesh,Uttar Pradesh City 3,Postpaid,0,Network Issues,No Complaint,12.4,3.14,-5
AIR108063,2025-12-15,Rajasthan,Rajasthan City 1,Postpaid,0,Slow Internet,No Complaint,15.1,3.28,-20
AIR108064,2025-02-15,Telangana,Telangana City 2,Postpaid,0,Billing Issues,No Complaint,13.1,2.83,-14
AIR108065,2025-03-15,Karnataka,Karnataka City 2,Prepaid,0,Call Drops,No Complaint,7.8,3.27,4
AIR108066,2025-04-15,Gujarat,Gujarat City 3,Postpaid,0,Network Issues,No Complaint,13.6,2.97,1
AIR108067,2025-05-15,Uttar Pradesh,Uttar Pradesh City 1,Prepaid,0,Slow Internet,No Complaint,2.5,3.62,21
AIR108068,2025-06-15,Delhi,Delhi City 2,Prepaid,0,Call Drops,No Complaint,1.7,4.21,60
AIR108069,2025-07-15,Maharashtra,Maharashtra City 1,Postpaid,0,Network Issues,No Complaint,34.6,3.22,-11
AIR108070,2025-08-15,Karnataka,Karnataka City 2,Postpaid,1,Network Issues,Resolved,2.2,3.99,30
AIR108071,2025-09-15,Gujarat,Gujarat City 3,Prepaid,0,Network Issues,No Complaint,4.3,2.76,-2
AIR108072,2025-10-15,West Bengal,West Bengal City 1,Prepaid,0,Network Issues,No Complaint,8.9,3.8,28
AIR108073,2025-11-15,Gujarat,Gujarat City 1,Prepaid,1,Call Drops,Resolved,25,4.68,58
AIR108074,2025-12-15,Rajasthan,Rajasthan City 3,Postpaid,0,Billing Issues,No Complaint,17.7,3.63,29
AIR108075,2025-02-15,Kerala,Kerala City 2,Postpaid,1,Network Issues,Resolved,12.6,2.62,-23
AIR108076,2025-03-15,Karnataka,Karnataka City 2,Postpaid,1,Slow Internet,Pending,11.4,3.26,18
AIR108077,2025-04-15,West Bengal,West Bengal City 1,Postpaid,1,Slow Internet,Resolved,10.7,4.38,51
AIR108078,2025-05-15,Rajasthan,Rajasthan City 3,Broadband,1,Network Issues,Resolved,3.2,3.55,18
AIR108079,2025-06-15,Uttar Pradesh,Uttar Pradesh City 1,Prepaid,0,Call Drops,No Complaint,11.3,4.11,57
AIR108080,2025-07-15,Delhi,Delhi City 1,Prepaid,0,Network Issues,No Complaint,28.1,3.66,17
AIR108081,2025-08-15,Gujarat,Gujarat City 2,Broadband,1,Slow Internet,Resolved,11.7,3.31,-2
AIR108082,2025-09-15,Uttar Pradesh,Uttar Pradesh City 2,Prepaid,1,Network Issues,Resolved,3.7,4.37,48
AIR108083,2025-10-15,West Bengal,West Bengal City 2,Postpaid,0,Network Issues,No Complaint,16.2,3.25,27
AIR108084,2025-11-15,Rajasthan,Rajasthan City 2,Prepaid,0,Network Issues,No Complaint,5.9,3.44,9
AIR108085,2025-12-15,Kerala,Kerala City 2,Broadband,0,Call Drops,No Complaint,16.3,3.53,29
AIR108086,2025-02-15,Gujarat,Gujarat City 3,Prepaid,0,Slow Internet,No Complaint,12.6,3.53,19
AIR108087,2025-03-15,Delhi,Delhi City 1,Prepaid,0,Network Issues,No Complaint,31.8,3.81,13
AIR108088,2025-04-15,Kerala,Kerala City 3,Postpaid,0,Slow Internet,No Complaint,4.2,4.04,17
AIR108089,2025-05-15,Telangana,Telangana City 1,Prepaid,0,Slow Internet,No Complaint,30,3.83,23
AIR108090,2025-06-15,Rajasthan,Rajasthan City 2,Broadband,0,Call Drops,No Complaint,21.4,3.41,12
AIR108091,2025-07-15,Uttar Pradesh,Uttar Pradesh City 3,Prepaid,0,Network Issues,No Complaint,8.2,3.84,18
AIR108092,2025-08-15,Gujarat,Gujarat City 1,Postpaid,1,Slow Internet,In Progress,45.4,2.67,-4
AIR108093,2025-09-15,Gujarat,Gujarat City 2,Prepaid,0,Slow Internet,No Complaint,5,3.94,16
AIR108094,2025-10-15,West Bengal,West Bengal City 2,Broadband,0,Call Drops,No Complaint,5.7,3.22,3
AIR108095,2025-11-15,Delhi,Delhi City 3,Broadband,0,Call Drops,No Complaint,29.4,3.58,19
AIR108096,2025-12-15,Maharashtra,Maharashtra City 3,Postpaid,0,Network Issues,No Complaint,11.9,4.42,43
AIR108097,2025-02-15,Telangana,Telangana City 3,Broadband,0,Network Issues,No Complaint,6.7,4.21,58
AIR108098,2025-03-15,Kerala,Kerala City 2,Prepaid,0,Call Drops,No Complaint,26.8,3.22,-9
AIR108099,2025-04-15,Karnataka,Karnataka City 1,Broadband,0,Network Issues,No Complaint,41.8,4.15,44
AIR108100,2025-05-15,Karnataka,Karnataka City 1,Postpaid,0,Slow Internet,No Complaint,15.7,4.09,39
AIR108101,2025-06-15,Gujarat,Gujarat City 3,Broadband,0,Call Drops,No Complaint,18.5,3.18,2
AIR108102,2025-07-15,West Bengal,West Bengal City 1,Postpaid,1,Slow Internet,Resolved,4.4,3.19,-8
AIR108103,2025-08-15,Tamil Nadu,Tamil Nadu City 2,Prepaid,0,Network Issues,No Complaint,13.3,4.35,36
AIR108104,2025-09-15,Gujarat,Gujarat City 1,Postpaid,1,Slow Internet,In Progress,15.4,4.07,39
AIR108105,2025-10-15,Karnataka,Karnataka City 2,Prepaid,0,Slow Internet,No Complaint,6.9,4.25,51
AIR108106,2025-11-15,Karnataka,Karnataka City 3,Postpaid,1,Slow Internet,Resolved,11.1,3.61,16
AIR108107,2025-12-15,Telangana,Telangana City 1,Prepaid,1,Slow Internet,Resolved,12.5,4.33,48
AIR108108,2025-02-15,Uttar Pradesh,Uttar Pradesh City 2,Prepaid,0,Network Issues,No Complaint,9.8,3.72,28
AIR108109,2025-03-15,Tamil Nadu,Tamil Nadu City 3,Enterprise,0,Network Issues,No Complaint,14.1,2.91,8
AIR108110,2025-04-15,Gujarat,Gujarat City 3,Broadband,0,Slow Internet,No Complaint,10.8,3.3,15
AIR108111,2025-05-15,Telangana,Telangana City 3,Broadband,0,Call Drops,No Complaint,22.2,3.64,10
AIR108112,2025-06-15,West Bengal,West Bengal City 3,Postpaid,0,Network Issues,No Complaint,2.9,3.24,11
AIR108113,2025-07-15,Telangana,Telangana City 1,Postpaid,0,Call Drops,No Complaint,10.2,3.38,13
AIR108114,2025-08-15,Gujarat,Gujarat City 2,Postpaid,1,Network Issues,Resolved,13.5,3.43,16
AIR108115,2025-09-15,Rajasthan,Rajasthan City 1,Prepaid,0,Call Drops,No Complaint,15.1,3.48,21
AIR108116,2025-10-15,Maharashtra,Maharashtra City 2,Broadband,0,Network Issues,No Complaint,18.1,4.33,37
AIR108117,2025-11-15,Gujarat,Gujarat City 3,Broadband,1,Slow Internet,Resolved,2.7,3.66,35
AIR108118,2025-12-15,Delhi,Delhi City 1,Postpaid,0,Call Drops,No Complaint,36,4.17,44
AIR108119,2025-02-15,Karnataka,Karnataka City 3,Broadband,0,Call Drops,No Complaint,11,3.9,35
AIR108120,2025-03-15,Tamil Nadu,Tamil Nadu City 2,Postpaid,0,Others,No Complaint,16,3.64,22
AIR108121,2025-04-15,Tamil Nadu,Tamil Nadu City 3,Prepaid,0,Network Issues,No Complaint,4.2,3.57,21
AIR108122,2025-05-15,Uttar Pradesh,Uttar Pradesh City 1,Enterprise,1,Call Drops,In Progress,13.5,3.9,24
AIR108123,2025-06-15,Maharashtra,Maharashtra City 1,Postpaid,1,Network Issues,Resolved,7.6,3.27,-4
AIR108124,2025-07-15,Delhi,Delhi City 2,Postpaid,1,Others,In Progress,28.9,3.44,28
AIR108125,2025-08-15,Karnataka,Karnataka City 2,Prepaid,0,Network Issues,No Complaint,15.4,2.9,-9
AIR108126,2025-09-15,Tamil Nadu,Tamil Nadu City 1,Postpaid,1,Billing Issues,Resolved,3.8,3.6,18
AIR108127,2025-10-15,Delhi,Delhi City 1,Postpaid,1,Network Issues,Pending,10,3.5,18
AIR108128,2025-11-15,Telangana,Telangana City 1,Postpaid,0,Call Drops,No Complaint,25.2,3.76,34
AIR108129,2025-12-15,Uttar Pradesh,Uttar Pradesh City 1,Postpaid,1,Slow Internet,Resolved,25.4,3.6,8
AIR108130,2025-02-15,Gujarat,Gujarat City 2,Prepaid,1,Network Issues,Pending,30.2,3.98,24
AIR108131,2025-03-15,Gujarat,Gujarat City 1,Postpaid,0,Billing Issues,No Complaint,37.1,4.23,25
AIR108132,2025-04-15,Rajasthan,Rajasthan City 2,Broadband,0,Billing Issues,No Complaint,4.3,4.37,43
AIR108133,2025-05-15,Karnataka,Karnataka City 1,Prepaid,1,Billing Issues,Resolved,35.3,4.19,27
AIR108134,2025-06-15,Delhi,Delhi City 1,Prepaid,0,Others,No Complaint,24.6,3.77,13
AIR108135,2025-07-15,Kerala,Kerala City 3,Prepaid,0,Slow Internet,No Complaint,23.7,2.82,2
AIR108136,2025-08-15,Tamil Nadu,Tamil Nadu City 3,Broadband,0,Slow Internet,No Complaint,54.5,3.91,49
AIR108137,2025-09-15,West Bengal,West Bengal City 1,Postpaid,0,Slow Internet,No Complaint,4.1,3.78,30
AIR108138,2025-10-15,West Bengal,West Bengal City 2,Enterprise,0,Billing Issues,No Complaint,21.5,4.02,21
AIR108139,2025-11-15,Gujarat,Gujarat City 1,Postpaid,1,Call Drops,Resolved,21.3,3.73,33
AIR108140,2025-12-15,Kerala,Kerala City 3,Postpaid,1,Billing Issues,Resolved,12.8,3.6,31
AIR108141,2025-02-15,West Bengal,West Bengal City 1,Postpaid,1,Billing Issues,Resolved,8.7,4,34
AIR108142,2025-03-15,Maharashtra,Maharashtra City 3,Prepaid,0,Network Issues,No Complaint,8.3,2.83,-2
AIR108143,2025-04-15,Maharashtra,Maharashtra City 1,Prepaid,1,Network Issues,In Progress,29.1,3.64,26
AIR108144,2025-05-15,Karnataka,Karnataka City 1,Postpaid,0,Call Drops,No Complaint,19.4,3.95,33
AIR108145,2025-06-15,Kerala,Kerala City 2,Prepaid,0,Slow Internet,No Complaint,20.2,2.6,-4
AIR108146,2025-07-15,Maharashtra,Maharashtra City 3,Prepaid,0,Slow Internet,No Complaint,14,4.23,49
AIR108147,2025-08-15,Maharashtra,Maharashtra City 3,Prepaid,1,Network Issues,Resolved,6.5,3.33,11
AIR108148,2025-09-15,Gujarat,Gujarat City 3,Prepaid,1,Others,Resolved,10.8,3.07,-9
AIR108149,2025-10-15,West Bengal,West Bengal City 2,Prepaid,0,Network Issues,No Complaint,17.4,4.07,48
AIR108150,2025-11-15,Karnataka,Karnataka City 1,Postpaid,0,Call Drops,No Complaint,12,3.28,8
AIR108151,2025-12-15,Delhi,Delhi City 2,Prepaid,0,Network Issues,No Complaint,23.2,3,-1
AIR108152,2025-02-15,Telangana,Telangana City 1,Prepaid,0,Call Drops,No Complaint,12.6,4.27,40
AIR108153,2025-03-15,Tamil Nadu,Tamil Nadu City 2,Prepaid,0,Network Issues,No Complaint,10.5,3.5,29
AIR108154,2025-04-15,Tamil Nadu,Tamil Nadu City 2,Postpaid,1,Network Issues,Resolved,37,3.65,49
AIR108155,2025-05-15,Uttar Pradesh,Uttar Pradesh City 3,Postpaid,0,Network Issues,No Complaint,15.3,4.52,45
AIR108156,2025-06-15,Telangana,Telangana City 2,Broadband,0,Call Drops,No Complaint,16.1,3.81,17
AIR108157,2025-07-15,Telangana,Telangana City 1,Broadband,0,Network Issues,No Complaint,27.8,3.5,27
AIR108158,2025-08-15,Tamil Nadu,Tamil Nadu City 2,Prepaid,0,Billing Issues,No Complaint,15.7,3.88,31
AIR108159,2025-09-15,Tamil Nadu,Tamil Nadu City 2,Prepaid,0,Call Drops,No Complaint,14.3,3.39,2
AIR108160,2025-10-15,Delhi,Delhi City 1,Prepaid,0,Slow Internet,No Complaint,7.6,3.15,2
AIR108161,2025-11-15,Kerala,Kerala City 3,Enterprise,0,Slow Internet,No Complaint,8.5,3.83,37
AIR108162,2025-12-15,Kerala,Kerala City 1,Postpaid,0,Network Issues,No Complaint,5.3,3.28,24
AIR108163,2025-02-15,Delhi,Delhi City 1,Prepaid,0,Slow Internet,No Complaint,22.9,3.37,25
AIR108164,2025-03-15,West Bengal,West Bengal City 1,Prepaid,0,Billing Issues,No Complaint,14.2,3.39,12
AIR108165,2025-04-15,Telangana,Telangana City 2,Postpaid,0,Network Issues,No Complaint,43.1,3.83,36
AIR108166,2025-05-15,Rajasthan,Rajasthan City 2,Prepaid,0,Slow Internet,No Complaint,5.4,3.13,-1
AIR108167,2025-06-15,Telangana,Telangana City 1,Broadband,1,Slow Internet,Resolved,16.9,3.42,32
AIR108168,2025-07-15,Uttar Pradesh,Uttar Pradesh City 1,Postpaid,0,Network Issues,No Complaint,4.5,3.68,26
AIR108169,2025-08-15,Tamil Nadu,Tamil Nadu City 3,Postpaid,0,Slow Internet,No Complaint,73.5,2.71,-17
AIR108170,2025-09-15,Telangana,Telangana City 2,Postpaid,1,Slow Internet,Pending,26.2,4.25,53
AIR108171,2025-10-15,Tamil Nadu,Tamil Nadu City 2,Prepaid,0,Slow Internet,No Complaint,42.9,2.97,-11
AIR108172,2025-11-15,Telangana,Telangana City 2,Postpaid,0,Slow Internet,No Complaint,22.7,4.11,39
AIR108173,2025-12-15,Uttar Pradesh,Uttar Pradesh City 2,Postpaid,0,Slow Internet,No Complaint,22.4,3.67,15
AIR108174,2025-02-15,West Bengal,West Bengal City 1,Prepaid,1,Network Issues,Resolved,19.1,3.66,40
AIR108175,2025-03-15,Rajasthan,Rajasthan City 1,Postpaid,0,Billing Issues,No Complaint,46,3.99,18
AIR108176,2025-04-15,Maharashtra,Maharashtra City 3,Broadband,0,Network Issues,No Complaint,11.4,3.39,16
AIR108177,2025-05-15,Delhi,Delhi City 2,Prepaid,0,Network Issues,No Complaint,9.2,3.48,9
AIR108178,2025-06-15,Delhi,Delhi City 2,Postpaid,0,Billing Issues,No Complaint,22.3,4.09,40
AIR108179,2025-07-15,Rajasthan,Rajasthan City 1,Prepaid,0,Slow Internet,No Complaint,13.2,3.44,5
AIR108180,2025-08-15,Telangana,Telangana City 3,Postpaid,0,Network Issues,No Complaint,15.4,3.32,-2
AIR108181,2025-09-15,Maharashtra,Maharashtra City 1,Prepaid,1,Network Issues,Resolved,6.6,3.31,16
AIR108182,2025-10-15,Uttar Pradesh,Uttar Pradesh City 2,Postpaid,0,Slow Internet,No Complaint,3.4,3.14,-1
AIR108183,2025-11-15,Kerala,Kerala City 2,Prepaid,0,Network Issues,No Complaint,13.7,4.08,28
AIR108184,2025-12-15,Telangana,Telangana City 3,Prepaid,0,Network Issues,No Complaint,6.9,4.22,41
AIR108185,2025-02-15,West Bengal,West Bengal City 1,Postpaid,0,Network Issues,No Complaint,22.8,3.75,9
AIR108186,2025-03-15,Tamil Nadu,Tamil Nadu City 2,Postpaid,0,Slow Internet,No Complaint,30,3.45,1
AIR108187,2025-04-15,Karnataka,Karnataka City 2,Broadband,0,Billing Issues,No Complaint,6.3,3.88,34
AIR108188,2025-05-15,Telangana,Telangana City 3,Postpaid,1,Network Issues,Resolved,9.3,3.49,-9
AIR108189,2025-06-15,Karnataka,Karnataka City 2,Postpaid,0,Slow Internet,No Complaint,5.9,3.75,23
AIR108190,2025-07-15,Telangana,Telangana City 2,Postpaid,0,Others,No Complaint,12.1,3.1,10
AIR108191,2025-08-15,Rajasthan,Rajasthan City 1,Prepaid,0,Slow Internet,No Complaint,9.8,3.16,10
AIR108192,2025-09-15,Karnataka,Karnataka City 3,Prepaid,0,Network Issues,No Complaint,42.5,3.51,24
AIR108193,2025-10-15,Telangana,Telangana City 3,Prepaid,0,Network Issues,No Complaint,5,4.28,42
AIR108194,2025-11-15,Delhi,Delhi City 3,Prepaid,1,Network Issues,In Progress,19.1,3.67,13
AIR108195,2025-12-15,Karnataka,Karnataka City 1,Prepaid,0,Network Issues,No Complaint,25,3.24,6
AIR108196,2025-02-15,Telangana,Telangana City 3,Broadband,0,Network Issues,No Complaint,18.5,3.26,-10
AIR108197,2025-03-15,Kerala,Kerala City 2,Broadband,0,Slow Internet,No Complaint,22.5,3.11,13
AIR108198,2025-04-15,Tamil Nadu,Tamil Nadu City 3,Broadband,0,Slow Internet,No Complaint,11.9,3.74,28
AIR108199,2025-05-15,Kerala,Kerala City 2,Enterprise,0,Network Issues,No Complaint,13.9,3.42,23
AIR108200,2025-06-15,Maharashtra,Maharashtra City 3,Prepaid,0,Others,No Complaint,1,3.34,3
AIR108201,2025-07-15,Telangana,Telangana City 3,Prepaid,0,Call Drops,No Complaint,33,3.46,11
AIR108202,2025-08-15,Gujarat,Gujarat City 1,Postpaid,1,Call Drops,Resolved,8.4,3.02,13
AIR108203,2025-09-15,West Bengal,West Bengal City 3,Broadband,1,Network Issues,Pending,7.1,3.58,37
AIR108204,2025-10-15,Kerala,Kerala City 3,Postpaid,1,Network Issues,Resolved,15.6,3.32,-12
AIR108205,2025-11-15,Karnataka,Karnataka City 1,Postpaid,0,Others,No Complaint,4.2,4.13,36
AIR108206,2025-12-15,Rajasthan,Rajasthan City 2,Prepaid,0,Network Issues,No Complaint,15.7,3.19,1
AIR108207,2025-02-15,West Bengal,West Bengal City 3,Prepaid,1,Slow Internet,Resolved,34.4,3.37,18
AIR108208,2025-03-15,Gujarat,Gujarat City 3,Prepaid,0,Network Issues,No Complaint,18.8,3.36,22
AIR108209,2025-04-15,Uttar Pradesh,Uttar Pradesh City 2,Prepaid,0,Slow Internet,No Complaint,11.1,3.79,37
AIR108210,2025-05-15,Telangana,Telangana City 1,Broadband,0,Slow Internet,No Complaint,6.6,3.18,5
AIR108211,2025-06-15,Rajasthan,Rajasthan City 3,Prepaid,0,Call Drops,No Complaint,13.1,4.14,46
AIR108212,2025-07-15,Telangana,Telangana City 1,Enterprise,0,Network Issues,No Complaint,32.5,3.16,-1
AIR108213,2025-08-15,Maharashtra,Maharashtra City 2,Prepaid,0,Network Issues,No Complaint,10.4,2.89,6
AIR108214,2025-09-15,Gujarat,Gujarat City 2,Broadband,0,Slow Internet,No Complaint,2.8,3.45,12
AIR108215,2025-10-15,Telangana,Telangana City 1,Postpaid,0,Billing Issues,No Complaint,31.9,3.66,33
AIR108216,2025-11-15,Karnataka,Karnataka City 2,Postpaid,0,Slow Internet,No Complaint,9,3.62,13
AIR108217,2025-12-15,Maharashtra,Maharashtra City 2,Prepaid,0,Call Drops,No Complaint,3.9,3.86,24
AIR108218,2025-02-15,Delhi,Delhi City 3,Postpaid,0,Billing Issues,No Complaint,4.3,3.56,17
AIR108219,2025-03-15,Uttar Pradesh,Uttar Pradesh City 1,Broadband,1,Slow Internet,In Progress,17.5,4.21,42
AIR108220,2025-04-15,Gujarat,Gujarat City 3,Prepaid,0,Network Issues,No Complaint,64,3.64,26
AIR108221,2025-05-15,Tamil Nadu,Tamil Nadu City 1,Prepaid,0,Slow Internet,No Complaint,26.3,4.33,57
AIR108222,2025-06-15,Rajasthan,Rajasthan City 3,Prepaid,1,Network Issues,Resolved,3.8,3.94,36
AIR108223,2025-07-15,Kerala,Kerala City 2,Prepaid,0,Slow Internet,No Complaint,16,3.35,1
AIR108224,2025-08-15,Telangana,Telangana City 1,Prepaid,0,Network Issues,No Complaint,35.4,3.63,28
AIR108225,2025-09-15,Rajasthan,Rajasthan City 1,Postpaid,0,Network Issues,No Complaint,23.1,3.91,10
AIR108226,2025-10-15,Rajasthan,Rajasthan City 1,Prepaid,0,Network Issues,No Complaint,18,4,46
AIR108227,2025-11-15,Tamil Nadu,Tamil Nadu City 1,Postpaid,1,Network Issues,Resolved,14.9,3.83,17
AIR108228,2025-12-15,Tamil Nadu,Tamil Nadu City 2,Broadband,0,Network Issues,No Complaint,23.1,3.5,19
AIR108229,2025-02-15,Maharashtra,Maharashtra City 2,Postpaid,0,Network Issues,No Complaint,4,2.98,4
AIR108230,2025-03-15,Gujarat,Gujarat City 2,Prepaid,0,Network Issues,No Complaint,2.4,3.98,18
AIR108231,2025-04-15,Karnataka,Karnataka City 3,Postpaid,1,Network Issues,Resolved,14.1,3.89,32
AIR108232,2025-05-15,Uttar Pradesh,Uttar Pradesh City 2,Prepaid,1,Network Issues,Resolved,18.2,4.03,48
AIR108233,2025-06-15,Tamil Nadu,Tamil Nadu City 3,Prepaid,0,Network Issues,No Complaint,13.6,4.05,47
AIR108234,2025-07-15,Tamil Nadu,Tamil Nadu City 3,Prepaid,1,Billing Issues,Resolved,5.6,3.54,24
AIR108235,2025-08-15,Kerala,Kerala City 2,Broadband,0,Network Issues,No Complaint,3.5,3.54,33
AIR108236,2025-09-15,Delhi,Delhi City 2,Postpaid,0,Network Issues,No Complaint,16.1,2.45,-11
AIR108237,2025-10-15,Tamil Nadu,Tamil Nadu City 2,Prepaid,0,Network Issues,No Complaint,18.8,3.72,30
AIR108238,2025-11-15,Delhi,Delhi City 3,Postpaid,0,Call Drops,No Complaint,6.3,3.12,8
AIR108239,2025-12-15,Maharashtra,Maharashtra City 1,Prepaid,0,Network Issues,No Complaint,10.2,3.73,27
AIR108240,2025-02-15,Karnataka,Karnataka City 2,Enterprise,1,Call Drops,In Progress,16,3.51,34
AIR108241,2025-03-15,Rajasthan,Rajasthan City 3,Enterprise,0,Network Issues,No Complaint,18.9,3.79,25
AIR108242,2025-04-15,Tamil Nadu,Tamil Nadu City 3,Prepaid,1,Slow Internet,Resolved,45.6,3.1,-4
AIR108243,2025-05-15,Telangana,Telangana City 2,Prepaid,1,Network Issues,Resolved,3.4,2.96,-8
AIR108244,2025-06-15,Delhi,Delhi City 3,Postpaid,1,Network Issues,Resolved,9.6,4.02,27
AIR108245,2025-07-15,Kerala,Kerala City 2,Postpaid,0,Network Issues,No Complaint,25.6,3.19,4
AIR108246,2025-08-15,Uttar Pradesh,Uttar Pradesh City 3,Prepaid,0,Billing Issues,No Complaint,13.9,3.53,29
AIR108247,2025-09-15,Kerala,Kerala City 1,Postpaid,0,Network Issues,No Complaint,35.4,3.4,13
AIR108248,2025-10-15,Tamil Nadu,Tamil Nadu City 3,Prepaid,0,Billing Issues,No Complaint,7.6,3.66,20
AIR108249,2025-11-15,Gujarat,Gujarat City 2,Postpaid,1,Billing Issues,Resolved,7.3,3.85,27
AIR108250,2025-12-15,Rajasthan,Rajasthan City 1,Prepaid,1,Slow Internet,Resolved,7.4,3.73,21
AIR108251,2025-02-15,Karnataka,Karnataka City 2,Postpaid,0,Network Issues,No Complaint,28.8,3.49,-1
AIR108252,2025-03-15,Telangana,Telangana City 3,Postpaid,0,Call Drops,No Complaint,48.6,3.73,35
AIR108253,2025-04-15,Gujarat,Gujarat City 1,Postpaid,0,Network Issues,No Complaint,14.7,2.86,-16
AIR108254,2025-05-15,Kerala,Kerala City 1,Postpaid,0,Call Drops,No Complaint,13.8,3.4,22
AIR108255,2025-06-15,Delhi,Delhi City 3,Postpaid,1,Network Issues,Resolved,6.8,3.73,36
AIR108256,2025-07-15,Delhi,Delhi City 1,Prepaid,1,Network Issues,Resolved,41.4,3.41,12
AIR108257,2025-08-15,Gujarat,Gujarat City 1,Prepaid,0,Billing Issues,No Complaint,24.5,4.1,64
AIR108258,2025-09-15,Delhi,Delhi City 1,Prepaid,0,Network Issues,No Complaint,4.9,3.64,26
AIR108259,2025-10-15,Kerala,Kerala City 2,Prepaid,0,Slow Internet,No Complaint,13,3.4,15
AIR108260,2025-11-15,Gujarat,Gujarat City 2,Postpaid,0,Network Issues,No Complaint,20.3,4.03,38
AIR108261,2025-12-15,Kerala,Kerala City 1,Prepaid,0,Network Issues,No Complaint,17.2,3.54,15
AIR108262,2025-02-15,Telangana,Telangana City 3,Prepaid,0,Slow Internet,No Complaint,11.4,4.13,40
AIR108263,2025-03-15,Rajasthan,Rajasthan City 3,Broadband,0,Network Issues,No Complaint,14.3,4.04,13
AIR108264,2025-04-15,Uttar Pradesh,Uttar Pradesh City 2,Postpaid,0,Call Drops,No Complaint,8.2,3.5,30
AIR108265,2025-05-15,Telangana,Telangana City 3,Postpaid,1,Others,Resolved,23.3,3.64,15
AIR108266,2025-06-15,Telangana,Telangana City 1,Prepaid,0,Call Drops,No Complaint,9.3,3.27,-7
AIR108267,2025-07-15,Delhi,Delhi City 3,Prepaid,0,Call Drops,No Complaint,27,3.3,22
AIR108268,2025-08-15,Tamil Nadu,Tamil Nadu City 2,Postpaid,0,Slow Internet,No Complaint,10.2,3.61,21
AIR108269,2025-09-15,West Bengal,West Bengal City 2,Broadband,0,Slow Internet,No Complaint,18.7,3.13,10
AIR108270,2025-10-15,Delhi,Delhi City 1,Prepaid,0,Network Issues,No Complaint,17,3.76,39
AIR108271,2025-11-15,Tamil Nadu,Tamil Nadu City 2,Postpaid,1,Billing Issues,Resolved,16.7,3.61,30
AIR108272,2025-12-15,Kerala,Kerala City 2,Enterprise,1,Call Drops,Resolved,30.8,3.7,24
AIR108273,2025-02-15,West Bengal,West Bengal City 2,Postpaid,0,Network Issues,No Complaint,20.6,4.2,35
AIR108274,2025-03-15,Delhi,Delhi City 3,Prepaid,1,Network Issues,Resolved,8.5,3.54,22
AIR108275,2025-04-15,West Bengal,West Bengal City 2,Postpaid,0,Others,No Complaint,22.3,3.54,10
AIR108276,2025-05-15,West Bengal,West Bengal City 3,Broadband,0,Network Issues,No Complaint,9.6,3.87,31
AIR108277,2025-06-15,Maharashtra,Maharashtra City 2,Postpaid,0,Call Drops,No Complaint,8.7,3.35,16
AIR108278,2025-07-15,Rajasthan,Rajasthan City 2,Broadband,0,Network Issues,No Complaint,16.4,4.65,35
AIR108279,2025-08-15,Maharashtra,Maharashtra City 3,Postpaid,0,Call Drops,No Complaint,15.5,3.75,36
AIR108280,2025-09-15,Tamil Nadu,Tamil Nadu City 3,Broadband,1,Network Issues,In Progress,16.1,3.98,38
AIR108281,2025-10-15,Karnataka,Karnataka City 1,Enterprise,1,Slow Internet,Resolved,29.9,4.13,38
AIR108282,2025-11-15,Gujarat,Gujarat City 1,Postpaid,1,Others,Resolved,19.3,3.32,11
AIR108283,2025-12-15,Uttar Pradesh,Uttar Pradesh City 3,Postpaid,1,Slow Internet,Resolved,44.2,2.93,-4
AIR108284,2025-02-15,Karnataka,Karnataka City 2,Postpaid,0,Call Drops,No Complaint,7.4,2.77,-1
AIR108285,2025-03-15,Gujarat,Gujarat City 1,Postpaid,0,Call Drops,No Complaint,8.8,2.86,-4
AIR108286,2025-04-15,Tamil Nadu,Tamil Nadu City 3,Broadband,0,Call Drops,No Complaint,31.5,2.95,4
AIR108287,2025-05-15,Tamil Nadu,Tamil Nadu City 3,Prepaid,0,Call Drops,No Complaint,9.9,3.33,7
AIR108288,2025-06-15,Kerala,Kerala City 2,Postpaid,1,Call Drops,Resolved,2.8,3.66,17
AIR108289,2025-07-15,Uttar Pradesh,Uttar Pradesh City 3,Postpaid,0,Network Issues,No Complaint,11.9,4.46,56
AIR108290,2025-08-15,Rajasthan,Rajasthan City 1,Postpaid,0,Network Issues,No Complaint,27,4.18,39
AIR108291,2025-09-15,West Bengal,West Bengal City 2,Postpaid,0,Slow Internet,No Complaint,12,3.53,6
AIR108292,2025-10-15,Maharashtra,Maharashtra City 3,Prepaid,0,Network Issues,No Complaint,27.8,3.52,28
AIR108293,2025-11-15,Maharashtra,Maharashtra City 3,Prepaid,1,Network Issues,In Progress,45,3.7,4
AIR108294,2025-12-15,Tamil Nadu,Tamil Nadu City 2,Broadband,0,Slow Internet,No Complaint,28.4,4.26,40
AIR108295,2025-02-15,Maharashtra,Maharashtra City 2,Broadband,0,Network Issues,No Complaint,10.6,4.21,22
AIR108296,2025-03-15,Tamil Nadu,Tamil Nadu City 2,Prepaid,0,Slow Internet,No Complaint,7.7,3.55,32
AIR108297,2025-04-15,West Bengal,West Bengal City 1,Postpaid,0,Others,No Complaint,13,3.21,1
AIR108298,2025-05-15,Tamil Nadu,Tamil Nadu City 1,Broadband,0,Slow Internet,No Complaint,4.1,2.72,-19
AIR108299,2025-06-15,Kerala,Kerala City 3,Postpaid,0,Network Issues,No Complaint,8.3,3.63,20
AIR108300,2025-07-15,Rajasthan,Rajasthan City 3,Postpaid,0,Call Drops,No Complaint,14.4,3.84,40
AIR108301,2025-08-15,Telangana,Telangana City 2,Prepaid,0,Network Issues,No Complaint,8.1,4.23,36
AIR108302,2025-09-15,Delhi,Delhi City 3,Postpaid,0,Call Drops,No Complaint,1.7,3.26,6
AIR108303,2025-10-15,Rajasthan,Rajasthan City 3,Postpaid,0,Slow Internet,No Complaint,8.2,3.61,33
AIR108304,2025-11-15,Rajasthan,Rajasthan City 2,Postpaid,0,Network Issues,No Complaint,14.3,3.46,23
AIR108305,2025-12-15,Karnataka,Karnataka City 1,Postpaid,0,Network Issues,No Complaint,16.6,3.07,3
AIR108306,2025-02-15,Uttar Pradesh,Uttar Pradesh City 1,Prepaid,0,Network Issues,No Complaint,14.1,4.55,54
AIR108307,2025-03-15,Uttar Pradesh,Uttar Pradesh City 1,Enterprise,0,Network Issues,No Complaint,19.8,3.19,12
AIR108308,2025-04-15,Gujarat,Gujarat City 3,Postpaid,0,Slow Internet,No Complaint,33.4,2.83,-11
AIR108309,2025-05-15,Delhi,Delhi City 2,Postpaid,0,Slow Internet,No Complaint,14.2,4.79,78
AIR108310,2025-06-15,West Bengal,West Bengal City 1,Broadband,0,Call Drops,No Complaint,3.6,3.41,0
AIR108311,2025-07-15,Telangana,Telangana City 3,Broadband,1,Network Issues,Resolved,9.9,3.79,33
AIR108312,2025-08-15,Telangana,Telangana City 2,Broadband,0,Slow Internet,No Complaint,2.9,3.11,5
AIR108313,2025-09-15,Uttar Pradesh,Uttar Pradesh City 1,Postpaid,1,Slow Internet,Pending,13.3,3.16,25
AIR108314,2025-10-15,Rajasthan,Rajasthan City 1,Postpaid,0,Network Issues,No Complaint,3.7,3.94,39
AIR108315,2025-11-15,Kerala,Kerala City 2,Prepaid,0,Billing Issues,No Complaint,3.7,4.01,13
AIR108316,2025-12-15,Gujarat,Gujarat City 3,Prepaid,1,Network Issues,Resolved,28.1,3.93,44
AIR108317,2025-02-15,Tamil Nadu,Tamil Nadu City 3,Postpaid,0,Network Issues,No Complaint,8.3,4.07,25
AIR108318,2025-03-15,Gujarat,Gujarat City 1,Postpaid,0,Call Drops,No Complaint,11.6,3.62,38
AIR108319,2025-04-15,Karnataka,Karnataka City 2,Prepaid,0,Network Issues,No Complaint,41.3,3.42,-4
AIR108320,2025-05-15,Gujarat,Gujarat City 3,Broadband,0,Network Issues,No Complaint,25.3,4.22,39
AIR108321,2025-06-15,Rajasthan,Rajasthan City 2,Postpaid,1,Slow Internet,Resolved,17.1,4.21,43
AIR108322,2025-07-15,West Bengal,West Bengal City 2,Postpaid,0,Call Drops,No Complaint,9.6,4.22,23
AIR108323,2025-08-15,Rajasthan,Rajasthan City 1,Prepaid,0,Network Issues,No Complaint,3.7,4.33,37
AIR108324,2025-09-15,Uttar Pradesh,Uttar Pradesh City 2,Prepaid,1,Slow Internet,Resolved,7.2,2.85,-6
AIR108325,2025-10-15,West Bengal,West Bengal City 2,Broadband,0,Network Issues,No Complaint,15.7,4.07,44
AIR108326,2025-11-15,Maharashtra,Maharashtra City 2,Prepaid,0,Slow Internet,No Complaint,11.6,3.77,15
AIR108327,2025-12-15,West Bengal,West Bengal City 3,Postpaid,0,Billing Issues,No Complaint,6.7,3.42,11
AIR108328,2025-02-15,Gujarat,Gujarat City 1,Postpaid,1,Network Issues,Pending,20.4,3.23,7
AIR108329,2025-03-15,Gujarat,Gujarat City 1,Postpaid,0,Billing Issues,No Complaint,2.9,3.61,29
AIR108330,2025-04-15,Gujarat,Gujarat City 2,Postpaid,0,Call Drops,No Complaint,10.7,3.86,11
AIR108331,2025-05-15,Maharashtra,Maharashtra City 2,Prepaid,0,Call Drops,No Complaint,16.8,3.53,30
AIR108332,2025-06-15,Uttar Pradesh,Uttar Pradesh City 3,Prepaid,0,Call Drops,No Complaint,9.6,4.12,42
AIR108333,2025-07-15,Tamil Nadu,Tamil Nadu City 1,Postpaid,0,Call Drops,No Complaint,40.2,3.51,14
AIR108334,2025-08-15,Delhi,Delhi City 3,Postpaid,0,Network Issues,No Complaint,3,2.57,-29
AIR108335,2025-09-15,Uttar Pradesh,Uttar Pradesh City 1,Prepaid,0,Network Issues,No Complaint,23.6,4.46,41
AIR108336,2025-10-15,Gujarat,Gujarat City 3,Prepaid,1,Network Issues,Pending,13.3,2.79,-30
AIR108337,2025-11-15,Uttar Pradesh,Uttar Pradesh City 2,Prepaid,1,Slow Internet,Resolved,15.1,3.47,46
AIR108338,2025-12-15,Karnataka,Karnataka City 3,Postpaid,0,Slow Internet,No Complaint,21.6,3.34,19
AIR108339,2025-02-15,Telangana,Telangana City 2,Prepaid,0,Network Issues,No Complaint,7.4,3.54,10
AIR108340,2025-03-15,Telangana,Telangana City 1,Prepaid,1,Slow Internet,Resolved,20,3.98,39
AIR108341,2025-04-15,Delhi,Delhi City 1,Postpaid,0,Network Issues,No Complaint,25,4.17,35
AIR108342,2025-05-15,Delhi,Delhi City 2,Prepaid,0,Network Issues,No Complaint,29.6,3.12,1
AIR108343,2025-06-15,Tamil Nadu,Tamil Nadu City 1,Postpaid,0,Network Issues,No Complaint,19.4,3.55,30
AIR108344,2025-07-15,Karnataka,Karnataka City 3,Prepaid,1,Network Issues,In Progress,11.6,3.51,17
AIR108345,2025-08-15,Rajasthan,Rajasthan City 2,Broadband,0,Call Drops,No Complaint,21.4,3.67,-2
AIR108346,2025-09-15,Uttar Pradesh,Uttar Pradesh City 1,Prepaid,0,Call Drops,No Complaint,29.2,3.25,17
AIR108347,2025-10-15,West Bengal,West Bengal City 3,Prepaid,1,Network Issues,Resolved,20.3,3.32,8
AIR108348,2025-11-15,West Bengal,West Bengal City 3,Enterprise,0,Network Issues,No Complaint,1.8,3.47,18
AIR108349,2025-12-15,Rajasthan,Rajasthan City 1,Prepaid,0,Network Issues,No Complaint,19.7,3.26,9
AIR108350,2025-02-15,Telangana,Telangana City 1,Postpaid,0,Network Issues,No Complaint,13.7,4.18,57
AIR108351,2025-03-15,Rajasthan,Rajasthan City 3,Prepaid,0,Network Issues,No Complaint,24.2,2.74,-7
AIR108352,2025-04-15,Uttar Pradesh,Uttar Pradesh City 2,Prepaid,1,Slow Internet,Resolved,13.9,3.86,39
AIR108353,2025-05-15,Karnataka,Karnataka City 1,Postpaid,1,Billing Issues,In Progress,9.4,3.29,7
AIR108354,2025-06-15,Gujarat,Gujarat City 1,Broadband,1,Network Issues,In Progress,14.2,3.98,30
AIR108355,2025-07-15,Maharashtra,Maharashtra City 2,Postpaid,0,Billing Issues,No Complaint,13.7,3.54,22
AIR108356,2025-08-15,Gujarat,Gujarat City 2,Postpaid,1,Call Drops,Resolved,11.8,3.77,32
AIR108357,2025-09-15,Maharashtra,Maharashtra City 1,Postpaid,0,Network Issues,No Complaint,43.8,3.46,14
AIR108358,2025-10-15,West Bengal,West Bengal City 2,Prepaid,0,Call Drops,No Complaint,7,4.53,54
AIR108359,2025-11-15,Delhi,Delhi City 3,Postpaid,0,Slow Internet,No Complaint,2.5,4.47,49
AIR108360,2025-12-15,Uttar Pradesh,Uttar Pradesh City 3,Prepaid,0,Slow Internet,No Complaint,53.1,3.94,9
AIR108361,2025-02-15,Gujarat,Gujarat City 3,Prepaid,0,Network Issues,No Complaint,10.7,2.92,-15
AIR108362,2025-03-15,Rajasthan,Rajasthan City 1,Prepaid,1,Network Issues,Resolved,6.3,3.41,2
AIR108363,2025-04-15,Karnataka,Karnataka City 2,Broadband,0,Slow Internet,No Complaint,18.9,3.72,28
AIR108364,2025-05-15,Karnataka,Karnataka City 3,Prepaid,1,Slow Internet,Resolved,33.6,2.98,-5
AIR108365,2025-06-15,Telangana,Telangana City 2,Postpaid,0,Slow Internet,No Complaint,19.2,3.63,27
AIR108366,2025-07-15,Karnataka,Karnataka City 3,Prepaid,0,Network Issues,No Complaint,16.3,4.16,48
AIR108367,2025-08-15,Karnataka,Karnataka City 2,Prepaid,1,Call Drops,Resolved,1.4,3,-4
AIR108368,2025-09-15,Delhi,Delhi City 3,Postpaid,0,Slow Internet,No Complaint,19.7,3.76,29
AIR108369,2025-10-15,Rajasthan,Rajasthan City 3,Postpaid,0,Billing Issues,No Complaint,28.4,4.36,36
AIR108370,2025-11-15,West Bengal,West Bengal City 3,Postpaid,0,Billing Issues,No Complaint,13.1,3.04,-23
AIR108371,2025-12-15,Karnataka,Karnataka City 3,Prepaid,0,Slow Internet,No Complaint,9,4.01,54
AIR108372,2025-02-15,West Bengal,West Bengal City 3,Broadband,1,Network Issues,Resolved,3,4.08,26
AIR108373,2025-03-15,Delhi,Delhi City 3,Prepaid,0,Others,No Complaint,10.9,3,1
AIR108374,2025-04-15,Karnataka,Karnataka City 3,Postpaid,0,Network Issues,No Complaint,22.9,3.64,11
AIR108375,2025-05-15,Uttar Pradesh,Uttar Pradesh City 3,Postpaid,0,Network Issues,No Complaint,6.9,4.05,27
AIR108376,2025-06-15,Telangana,Telangana City 3,Postpaid,1,Slow Internet,Resolved,18,3.8,33
AIR108377,2025-07-15,Gujarat,Gujarat City 2,Broadband,0,Slow Internet,No Complaint,5.3,3.7,36
AIR108378,2025-08-15,Uttar Pradesh,Uttar Pradesh City 2,Postpaid,0,Network Issues,No Complaint,10.8,4.58,55
AIR108379,2025-09-15,Kerala,Kerala City 1,Prepaid,0,Slow Internet,No Complaint,12.7,3.96,33
AIR108380,2025-10-15,Tamil Nadu,Tamil Nadu City 3,Prepaid,0,Slow Internet,No Complaint,12.4,2.94,-14
AIR108381,2025-11-15,Karnataka,Karnataka City 2,Prepaid,0,Slow Internet,No Complaint,1,3.16,-7
AIR108382,2025-12-15,West Bengal,West Bengal City 2,Prepaid,0,Slow Internet,No Complaint,23.9,3.82,33
AIR108383,2025-02-15,Tamil Nadu,Tamil Nadu City 2,Broadband,1,Call Drops,Resolved,21.1,3.8,23
AIR108384,2025-03-15,Maharashtra,Maharashtra City 2,Prepaid,1,Slow Internet,Resolved,9.3,3.61,46
AIR108385,2025-04-15,Karnataka,Karnataka City 2,Postpaid,1,Slow Internet,In Progress,12.8,3.57,20
AIR108386,2025-05-15,Kerala,Kerala City 2,Postpaid,0,Network Issues,No Complaint,11.5,4.23,46
AIR108387,2025-06-15,Delhi,Delhi City 1,Broadband,0,Network Issues,No Complaint,19.3,3.4,4
AIR108388,2025-07-15,Telangana,Telangana City 2,Postpaid,0,Others,No Complaint,29.9,3.39,16
AIR108389,2025-08-15,Kerala,Kerala City 1,Postpaid,0,Call Drops,No Complaint,13.3,3.45,13
AIR108390,2025-09-15,West Bengal,West Bengal City 1,Prepaid,0,Call Drops,No Complaint,48.4,3.24,8
AIR108391,2025-10-15,Delhi,Delhi City 3,Postpaid,0,Slow Internet,No Complaint,46.7,3.23,6
AIR108392,2025-11-15,Gujarat,Gujarat City 3,Prepaid,0,Call Drops,No Complaint,32,3.81,34
AIR108393,2025-12-15,Delhi,Delhi City 3,Broadband,1,Billing Issues,Resolved,5,4.29,38
AIR108394,2025-02-15,Karnataka,Karnataka City 2,Prepaid,0,Call Drops,No Complaint,11.6,3.03,-8
AIR108395,2025-03-15,Tamil Nadu,Tamil Nadu City 3,Prepaid,0,Call Drops,No Complaint,21.9,3.27,15
AIR108396,2025-04-15,Tamil Nadu,Tamil Nadu City 2,Postpaid,0,Billing Issues,No Complaint,16.6,3.29,10
AIR108397,2025-05-15,West Bengal,West Bengal City 2,Postpaid,0,Slow Internet,No Complaint,11,3.41,0
AIR108398,2025-06-15,Delhi,Delhi City 3,Postpaid,0,Call Drops,No Complaint,30.6,3.04,3
AIR108399,2025-07-15,Kerala,Kerala City 3,Prepaid,0,Slow Internet,No Complaint,9.1,3.69,30
AIR108400,2025-08-15,West Bengal,West Bengal City 1,Prepaid,0,Call Drops,No Complaint,36.4,4.34,55
AIR108401,2025-09-15,Telangana,Telangana City 1,Prepaid,0,Slow Internet,No Complaint,9.3,3.44,15
AIR108402,2025-10-15,West Bengal,West Bengal City 2,Postpaid,0,Slow Internet,No Complaint,7.4,2.99,2
AIR108403,2025-11-15,West Bengal,West Bengal City 2,Postpaid,1,Call Drops,Resolved,21.7,3.69,45
AIR108404,2025-12-15,Gujarat,Gujarat City 3,Prepaid,0,Billing Issues,No Complaint,43.8,3.65,20
AIR108405,2025-02-15,Uttar Pradesh,Uttar Pradesh City 3,Postpaid,0,Slow Internet,No Complaint,25.6,3.29,17
AIR108406,2025-03-15,Karnataka,Karnataka City 1,Prepaid,0,Billing Issues,No Complaint,16,3.65,36
AIR108407,2025-04-15,Gujarat,Gujarat City 3,Broadband,0,Call Drops,No Complaint,10,3.27,14
AIR108408,2025-05-15,Tamil Nadu,Tamil Nadu City 2,Prepaid,1,Call Drops,Resolved,4.1,3.7,37
AIR108409,2025-06-15,Tamil Nadu,Tamil Nadu City 3,Postpaid,0,Slow Internet,No Complaint,11.4,3.55,18
AIR108410,2025-07-15,Maharashtra,Maharashtra City 1,Postpaid,0,Network Issues,No Complaint,7.2,3.86,23
AIR108411,2025-08-15,Maharashtra,Maharashtra City 2,Prepaid,0,Network Issues,No Complaint,27.7,3.93,31
AIR108412,2025-09-15,Kerala,Kerala City 1,Prepaid,0,Slow Internet,No Complaint,20.8,3.59,13
AIR108413,2025-10-15,Tamil Nadu,Tamil Nadu City 1,Prepaid,0,Call Drops,No Complaint,10.6,3.85,45
AIR108414,2025-11-15,Uttar Pradesh,Uttar Pradesh City 2,Prepaid,0,Call Drops,No Complaint,11.3,3.01,-4
AIR108415,2025-12-15,Gujarat,Gujarat City 1,Postpaid,0,Network Issues,No Complaint,10.9,3.38,29
AIR108416,2025-02-15,Telangana,Telangana City 3,Prepaid,0,Slow Internet,No Complaint,11.4,4.15,37
AIR108417,2025-03-15,Uttar Pradesh,Uttar Pradesh City 3,Prepaid,0,Call Drops,No Complaint,16.7,3.44,-5
AIR108418,2025-04-15,Maharashtra,Maharashtra City 1,Prepaid,0,Network Issues,No Complaint,22.2,3.36,-3
AIR108419,2025-05-15,Delhi,Delhi City 3,Prepaid,1,Call Drops,Resolved,12.9,3.7,25
AIR108420,2025-06-15,Uttar Pradesh,Uttar Pradesh City 1,Prepaid,1,Network Issues,In Progress,6.9,3.44,17
AIR108421,2025-07-15,Uttar Pradesh,Uttar Pradesh City 3,Prepaid,1,Others,Resolved,7.9,3.42,25
AIR108422,2025-08-15,Uttar Pradesh,Uttar Pradesh City 1,Postpaid,1,Network Issues,Resolved,12.1,2.89,-7
AIR108423,2025-09-15,Uttar Pradesh,Uttar Pradesh City 3,Postpaid,1,Slow Internet,Resolved,7.6,3.3,15
AIR108424,2025-10-15,Uttar Pradesh,Uttar Pradesh City 2,Broadband,1,Network Issues,Resolved,4.4,3.2,-17
AIR108425,2025-11-15,Maharashtra,Maharashtra City 2,Prepaid,0,Network Issues,No Complaint,20.8,4.01,46
AIR108426,2025-12-15,Tamil Nadu,Tamil Nadu City 3,Prepaid,1,Billing Issues,In Progress,24.8,3.83,13
AIR108427,2025-02-15,West Bengal,West Bengal City 1,Prepaid,0,Call Drops,No Complaint,20.8,3.4,1
AIR108428,2025-03-15,Uttar Pradesh,Uttar Pradesh City 3,Postpaid,0,Network Issues,No Complaint,8.3,4.03,26
AIR108429,2025-04-15,Uttar Pradesh,Uttar Pradesh City 1,Postpaid,1,Network Issues,Resolved,17.6,3.08,1
AIR108430,2025-05-15,Karnataka,Karnataka City 3,Prepaid,1,Slow Internet,Resolved,6,3.32,-4
AIR108431,2025-06-15,Tamil Nadu,Tamil Nadu City 3,Postpaid,1,Slow Internet,In Progress,16.1,2.85,-9
AIR108432,2025-07-15,West Bengal,West Bengal City 2,Postpaid,0,Slow Internet,No Complaint,1.4,2.66,-17
AIR108433,2025-08-15,Telangana,Telangana City 1,Enterprise,0,Slow Internet,No Complaint,10.6,3.86,26
AIR108434,2025-09-15,Telangana,Telangana City 1,Prepaid,0,Slow Internet,No Complaint,8.1,3.97,32
AIR108435,2025-10-15,Delhi,Delhi City 1,Prepaid,0,Billing Issues,No Complaint,8.3,3.13,9
AIR108436,2025-11-15,Rajasthan,Rajasthan City 1,Prepaid,0,Slow Internet,No Complaint,27.1,4.61,47
AIR108437,2025-12-15,Gujarat,Gujarat City 1,Prepaid,0,Slow Internet,No Complaint,10.7,3.45,12
AIR108438,2025-02-15,Karnataka,Karnataka City 2,Broadband,0,Network Issues,No Complaint,23.3,3.7,19
AIR108439,2025-03-15,Tamil Nadu,Tamil Nadu City 3,Prepaid,1,Call Drops,Resolved,21.7,3.42,18
AIR108440,2025-04-15,Tamil Nadu,Tamil Nadu City 1,Postpaid,1,Call Drops,Pending,25.2,4.26,58
AIR108441,2025-05-15,Rajasthan,Rajasthan City 1,Prepaid,0,Network Issues,No Complaint,21.4,3.2,10
AIR108442,2025-06-15,Delhi,Delhi City 3,Prepaid,0,Network Issues,No Complaint,1.9,3.92,35
AIR108443,2025-07-15,Kerala,Kerala City 2,Prepaid,1,Network Issues,In Progress,24.1,3.56,26
AIR108444,2025-08-15,Maharashtra,Maharashtra City 2,Prepaid,0,Billing Issues,No Complaint,15.8,2.79,-18
AIR108445,2025-09-15,Delhi,Delhi City 2,Postpaid,0,Network Issues,No Complaint,20.2,3.53,6
AIR108446,2025-10-15,West Bengal,West Bengal City 3,Enterprise,0,Billing Issues,No Complaint,14.6,3.83,30
AIR108447,2025-11-15,Delhi,Delhi City 3,Postpaid,0,Slow Internet,No Complaint,21.5,3.5,12
AIR108448,2025-12-15,Rajasthan,Rajasthan City 2,Postpaid,0,Slow Internet,No Complaint,10.7,3.37,17
AIR108449,2025-02-15,Rajasthan,Rajasthan City 2,Prepaid,1,Network Issues,Resolved,33.2,4.37,63
AIR108450,2025-03-15,Gujarat,Gujarat City 3,Broadband,0,Network Issues,No Complaint,19.7,3.47,10
AIR108451,2025-04-15,Karnataka,Karnataka City 2,Prepaid,0,Call Drops,No Complaint,10.2,4.27,36
AIR108452,2025-05-15,Uttar Pradesh,Uttar Pradesh City 1,Broadband,0,Network Issues,No Complaint,7.9,3.55,22
AIR108453,2025-06-15,Telangana,Telangana City 3,Postpaid,0,Network Issues,No Complaint,3.1,3.08,17
AIR108454,2025-07-15,Rajasthan,Rajasthan City 2,Prepaid,0,Network Issues,No Complaint,16.6,3.58,8
AIR108455,2025-08-15,Gujarat,Gujarat City 1,Postpaid,1,Network Issues,In Progress,15.8,3.48,11
AIR108456,2025-09-15,Maharashtra,Maharashtra City 3,Enterprise,1,Network Issues,Resolved,11.6,4.49,62
AIR108457,2025-10-15,Telangana,Telangana City 3,Prepaid,0,Slow Internet,No Complaint,24.7,3.21,22
AIR108458,2025-11-15,Kerala,Kerala City 1,Prepaid,0,Slow Internet,No Complaint,20.6,2.97,-19
AIR108459,2025-12-15,Tamil Nadu,Tamil Nadu City 3,Prepaid,0,Network Issues,No Complaint,9.9,3.78,27
AIR108460,2025-02-15,Maharashtra,Maharashtra City 2,Postpaid,0,Slow Internet,No Complaint,8.9,3.2,7
AIR108461,2025-03-15,Kerala,Kerala City 3,Prepaid,1,Slow Internet,Resolved,23.8,2.83,-7
AIR108462,2025-04-15,Telangana,Telangana City 2,Postpaid,0,Call Drops,No Complaint,11.4,4.1,20
AIR108463,2025-05-15,Maharashtra,Maharashtra City 1,Broadband,1,Slow Internet,Resolved,9.9,3.77,27
AIR108464,2025-06-15,Gujarat,Gujarat City 1,Broadband,0,Slow Internet,No Complaint,36.2,3.5,39
AIR108465,2025-07-15,Kerala,Kerala City 3,Prepaid,0,Billing Issues,No Complaint,28.9,3.14,11
AIR108466,2025-08-15,Tamil Nadu,Tamil Nadu City 1,Postpaid,0,Network Issues,No Complaint,23.5,2.96,-3
AIR108467,2025-09-15,Uttar Pradesh,Uttar Pradesh City 1,Prepaid,1,Slow Internet,Resolved,20.5,3.15,22
AIR108468,2025-10-15,Gujarat,Gujarat City 3,Postpaid,0,Slow Internet,No Complaint,22,3.85,37
AIR108469,2025-11-15,West Bengal,West Bengal City 2,Broadband,1,Network Issues,Resolved,21.6,3.26,2
AIR108470,2025-12-15,Tamil Nadu,Tamil Nadu City 3,Postpaid,1,Billing Issues,Resolved,8.5,3.2,0
AIR108471,2025-02-15,Karnataka,Karnataka City 3,Broadband,0,Billing Issues,No Complaint,12,4.2,48
AIR108472,2025-03-15,Delhi,Delhi City 2,Broadband,0,Billing Issues,No Complaint,13.1,4.21,39
AIR108473,2025-04-15,Karnataka,Karnataka City 2,Prepaid,0,Network Issues,No Complaint,39,4.1,27
AIR108474,2025-05-15,Rajasthan,Rajasthan City 2,Postpaid,0,Network Issues,No Complaint,7.2,3.74,21
AIR108475,2025-06-15,Uttar Pradesh,Uttar Pradesh City 3,Prepaid,0,Slow Internet,No Complaint,6.8,3.12,24
AIR108476,2025-07-15,West Bengal,West Bengal City 2,Prepaid,0,Call Drops,No Complaint,11.5,3.4,15
AIR108477,2025-08-15,West Bengal,West Bengal City 1,Prepaid,0,Slow Internet,No Complaint,14.9,4.28,35
AIR108478,2025-09-15,Delhi,Delhi City 2,Broadband,1,Billing Issues,Resolved,13.2,3.34,23
AIR108479,2025-10-15,Kerala,Kerala City 1,Prepaid,0,Network Issues,No Complaint,8.3,3.41,15
AIR108480,2025-11-15,Delhi,Delhi City 2,Postpaid,1,Network Issues,Resolved,10.9,3.91,19
AIR108481,2025-12-15,Rajasthan,Rajasthan City 1,Postpaid,0,Slow Internet,No Complaint,10.1,3.33,18
AIR108482,2025-02-15,Karnataka,Karnataka City 1,Postpaid,0,Slow Internet,No Complaint,15.1,3.3,8
AIR108483,2025-03-15,West Bengal,West Bengal City 1,Postpaid,0,Network Issues,No Complaint,1,2.9,-29
AIR108484,2025-04-15,Karnataka,Karnataka City 1,Prepaid,0,Network Issues,No Complaint,14.2,2.97,9
AIR108485,2025-05-15,Tamil Nadu,Tamil Nadu City 1,Postpaid,0,Slow Internet,No Complaint,19.7,3.32,21
AIR108486,2025-06-15,Uttar Pradesh,Uttar Pradesh City 2,Postpaid,0,Network Issues,No Complaint,9.2,3.86,43
AIR108487,2025-07-15,Maharashtra,Maharashtra City 3,Postpaid,1,Network Issues,Resolved,15.3,3.62,14
AIR108488,2025-08-15,Rajasthan,Rajasthan City 3,Prepaid,0,Call Drops,No Complaint,4.8,3.03,5
AIR108489,2025-09-15,Maharashtra,Maharashtra City 3,Prepaid,1,Network Issues,Resolved,17.7,3.18,19
AIR108490,2025-10-15,Rajasthan,Rajasthan City 3,Broadband,1,Slow Internet,Resolved,18.2,4.16,29
AIR108491,2025-11-15,Telangana,Telangana City 3,Prepaid,0,Call Drops,No Complaint,14.5,4.1,48
AIR108492,2025-12-15,Uttar Pradesh,Uttar Pradesh City 1,Prepaid,1,Network Issues,Pending,41.5,3.14,9
AIR108493,2025-02-15,Tamil Nadu,Tamil Nadu City 2,Prepaid,1,Slow Internet,Resolved,23.6,4.21,31
AIR108494,2025-03-15,Uttar Pradesh,Uttar Pradesh City 1,Prepaid,0,Slow Internet,No Complaint,13,2.77,-14
AIR108495,2025-04-15,Kerala,Kerala City 2,Prepaid,0,Network Issues,No Complaint,9,3.31,7
AIR108496,2025-05-15,Rajasthan,Rajasthan City 2,Postpaid,0,Network Issues,No Complaint,16.3,3.12,1
AIR108497,2025-06-15,Maharashtra,Maharashtra City 2,Broadband,0,Network Issues,No Complaint,4.4,4.07,25
AIR108498,2025-07-15,Rajasthan,Rajasthan City 2,Prepaid,0,Network Issues,No Complaint,13.1,3.95,40
AIR108499,2025-08-15,Kerala,Kerala City 3,Prepaid,0,Billing Issues,No Complaint,8.4,2.84,-7
AIR108500,2025-09-15,Rajasthan,Rajasthan City 2,Postpaid,0,Network Issues,No Complaint,11.9,3.82,47
AIR108501,2025-10-15,Uttar Pradesh,Uttar Pradesh City 2,Prepaid,0,Call Drops,No Complaint,27.4,3.22,10
AIR108502,2025-11-15,Gujarat,Gujarat City 3,Broadband,0,Call Drops,No Complaint,12.8,3.63,5
AIR108503,2025-12-15,Rajasthan,Rajasthan City 1,Prepaid,0,Network Issues,No Complaint,15.6,4.5,31
AIR108504,2025-02-15,Telangana,Telangana City 1,Postpaid,1,Network Issues,Resolved,23.4,4.2,41
AIR108505,2025-03-15,Telangana,Telangana City 1,Postpaid,1,Slow Internet,Resolved,25.7,4.22,40
AIR108506,2025-04-15,West Bengal,West Bengal City 1,Postpaid,0,Network Issues,No Complaint,5.2,3.69,25
AIR108507,2025-05-15,Telangana,Telangana City 2,Postpaid,1,Network Issues,Resolved,9,4,29
AIR108508,2025-06-15,Rajasthan,Rajasthan City 3,Prepaid,0,Billing Issues,No Complaint,9.9,3.87,37
AIR108509,2025-07-15,Rajasthan,Rajasthan City 3,Prepaid,0,Network Issues,No Complaint,3.7,3.6,27
AIR108510,2025-08-15,Gujarat,Gujarat City 1,Broadband,0,Slow Internet,No Complaint,17.8,3.62,22
AIR108511,2025-09-15,Telangana,Telangana City 3,Broadband,1,Network Issues,Resolved,12.8,3.29,-8
AIR108512,2025-10-15,Karnataka,Karnataka City 2,Prepaid,1,Slow Internet,In Progress,30.9,3.17,19
AIR108513,2025-11-15,Rajasthan,Rajasthan City 1,Broadband,1,Call Drops,Resolved,39.1,3.71,15
AIR108514,2025-12-15,Tamil Nadu,Tamil Nadu City 2,Postpaid,0,Slow Internet,No Complaint,34.2,3.12,7
AIR108515,2025-02-15,Tamil Nadu,Tamil Nadu City 2,Postpaid,1,Call Drops,Resolved,12.4,3.81,37
AIR108516,2025-03-15,Maharashtra,Maharashtra City 2,Prepaid,0,Call Drops,No Complaint,15.4,3.35,19
AIR108517,2025-04-15,Gujarat,Gujarat City 2,Postpaid,0,Call Drops,No Complaint,12.7,4.01,44
AIR108518,2025-05-15,Kerala,Kerala City 2,Prepaid,0,Slow Internet,No Complaint,18.2,3.44,8
AIR108519,2025-06-15,Karnataka,Karnataka City 1,Postpaid,1,Slow Internet,Resolved,21.7,3.76,23
AIR108520,2025-07-15,Rajasthan,Rajasthan City 2,Prepaid,0,Call Drops,No Complaint,36.7,3.88,32
AIR108521,2025-08-15,Uttar Pradesh,Uttar Pradesh City 1,Postpaid,1,Billing Issues,Resolved,10.1,3.9,35
AIR108522,2025-09-15,Delhi,Delhi City 3,Prepaid,0,Slow Internet,No Complaint,15.2,3.12,19
AIR108523,2025-10-15,Delhi,Delhi City 2,Prepaid,0,Call Drops,No Complaint,14.5,3.61,27
AIR108524,2025-11-15,Kerala,Kerala City 2,Prepaid,0,Call Drops,No Complaint,73.4,3.54,13
AIR108525,2025-12-15,West Bengal,West Bengal City 3,Prepaid,1,Network Issues,Resolved,7.5,3.3,21
AIR108526,2025-02-15,Uttar Pradesh,Uttar Pradesh City 1,Postpaid,1,Slow Internet,In Progress,9.5,3.66,44
AIR108527,2025-03-15,Delhi,Delhi City 2,Prepaid,1,Slow Internet,Resolved,45,3.67,17
AIR108528,2025-04-15,Kerala,Kerala City 3,Enterprise,0,Call Drops,No Complaint,14.7,2.93,-9
AIR108529,2025-05-15,Delhi,Delhi City 3,Postpaid,1,Billing Issues,Resolved,21.2,3.69,39
AIR108530,2025-06-15,Gujarat,Gujarat City 2,Postpaid,0,Network Issues,No Complaint,4.6,3.18,7
AIR108531,2025-07-15,Maharashtra,Maharashtra City 1,Prepaid,1,Slow Internet,Resolved,17.4,3.14,-2
AIR108532,2025-08-15,West Bengal,West Bengal City 1,Prepaid,0,Billing Issues,No Complaint,14,2.91,5
AIR108533,2025-09-15,Gujarat,Gujarat City 2,Prepaid,0,Slow Internet,No Complaint,18.1,3.99,38
AIR108534,2025-10-15,Uttar Pradesh,Uttar Pradesh City 3,Postpaid,1,Slow Internet,Resolved,13.2,2.73,-2
AIR108535,2025-11-15,Kerala,Kerala City 2,Prepaid,1,Slow Internet,Resolved,15.1,2.93,5
AIR108536,2025-12-15,Karnataka,Karnataka City 1,Postpaid,0,Others,No Complaint,26.7,3.05,4
AIR108537,2025-02-15,Uttar Pradesh,Uttar Pradesh City 3,Prepaid,0,Network Issues,No Complaint,10.4,3.48,18
AIR108538,2025-03-15,Uttar Pradesh,Uttar Pradesh City 2,Enterprise,0,Network Issues,No Complaint,19.9,3.04,3
AIR108539,2025-04-15,Telangana,Telangana City 3,Prepaid,1,Network Issues,Resolved,7.7,4.01,58
AIR108540,2025-05-15,Karnataka,Karnataka City 1,Prepaid,0,Slow Internet,No Complaint,24.5,3.44,16
AIR108541,2025-06-15,Tamil Nadu,Tamil Nadu City 1,Postpaid,0,Network Issues,No Complaint,4.4,3.35,-11
AIR108542,2025-07-15,Telangana,Telangana City 1,Enterprise,0,Call Drops,No Complaint,31.7,3.45,15
AIR108543,2025-08-15,Kerala,Kerala City 2,Postpaid,0,Others,No Complaint,16.1,3.53,11
AIR108544,2025-09-15,Tamil Nadu,Tamil Nadu City 3,Prepaid,0,Slow Internet,No Complaint,11,3.25,5
AIR108545,2025-10-15,Delhi,Delhi City 2,Postpaid,0,Others,No Complaint,4.7,4.46,63
AIR108546,2025-11-15,Delhi,Delhi City 2,Broadband,0,Network Issues,No Complaint,45.4,3.01,4
AIR108547,2025-12-15,Uttar Pradesh,Uttar Pradesh City 2,Prepaid,0,Slow Internet,No Complaint,14.9,4.17,43
AIR108548,2025-02-15,Telangana,Telangana City 2,Prepaid,0,Call Drops,No Complaint,7.8,3.45,3
AIR108549,2025-03-15,Rajasthan,Rajasthan City 3,Broadband,0,Call Drops,No Complaint,18.2,2.59,-21
AIR108550,2025-04-15,Karnataka,Karnataka City 3,Broadband,1,Slow Internet,Resolved,6.1,3.79,26
AIR108551,2025-05-15,Tamil Nadu,Tamil Nadu City 2,Postpaid,0,Network Issues,No Complaint,15.6,3.68,16
AIR108552,2025-06-15,Karnataka,Karnataka City 2,Enterprise,0,Network Issues,No Complaint,56.1,3.55,17
AIR108553,2025-07-15,Telangana,Telangana City 1,Prepaid,0,Network Issues,No Complaint,14.7,3.22,10
AIR108554,2025-08-15,Uttar Pradesh,Uttar Pradesh City 1,Postpaid,1,Slow Internet,Resolved,13.2,4,28
AIR108555,2025-09-15,Gujarat,Gujarat City 3,Postpaid,0,Network Issues,No Complaint,18.6,3.19,21
AIR108556,2025-10-15,Delhi,Delhi City 1,Postpaid,1,Network Issues,Resolved,3.4,3.11,14
AIR108557,2025-11-15,Tamil Nadu,Tamil Nadu City 3,Postpaid,1,Network Issues,Pending,43.3,3.6,22
AIR108558,2025-12-15,Tamil Nadu,Tamil Nadu City 3,Broadband,0,Network Issues,No Complaint,7.9,3.16,18
AIR108559,2025-02-15,Kerala,Kerala City 3,Prepaid,0,Billing Issues,No Complaint,13.5,3.98,23
AIR108560,2025-03-15,Tamil Nadu,Tamil Nadu City 1,Prepaid,0,Slow Internet,No Complaint,5.4,3.32,21
AIR108561,2025-04-15,Telangana,Telangana City 1,Prepaid,0,Call Drops,No Complaint,3.3,2.97,2
AIR108562,2025-05-15,Tamil Nadu,Tamil Nadu City 3,Postpaid,0,Slow Internet,No Complaint,3.7,3.88,32
AIR108563,2025-06-15,Tamil Nadu,Tamil Nadu City 3,Prepaid,0,Billing Issues,No Complaint,10.2,2.88,-8
AIR108564,2025-07-15,Karnataka,Karnataka City 2,Broadband,1,Network Issues,Resolved,19.6,3.29,1
AIR108565,2025-08-15,Uttar Pradesh,Uttar Pradesh City 3,Prepaid,0,Billing Issues,No Complaint,8,3.87,26
AIR108566,2025-09-15,Maharashtra,Maharashtra City 3,Prepaid,0,Network Issues,No Complaint,8.8,2.97,0
AIR108567,2025-10-15,Tamil Nadu,Tamil Nadu City 2,Postpaid,1,Call Drops,Pending,8.5,3.08,6
AIR108568,2025-11-15,Rajasthan,Rajasthan City 3,Postpaid,1,Network Issues,Pending,14,3.98,31
AIR108569,2025-12-15,Uttar Pradesh,Uttar Pradesh City 3,Prepaid,0,Billing Issues,No Complaint,8.3,3.42,13
AIR108570,2025-02-15,West Bengal,West Bengal City 3,Postpaid,0,Network Issues,No Complaint,25.5,2.84,-3
AIR108571,2025-03-15,Kerala,Kerala City 2,Prepaid,0,Slow Internet,No Complaint,28.6,3.46,22
AIR108572,2025-04-15,Karnataka,Karnataka City 1,Prepaid,0,Slow Internet,No Complaint,7.8,3.74,9
AIR108573,2025-05-15,Kerala,Kerala City 3,Prepaid,1,Call Drops,In Progress,11,3.39,27
AIR108574,2025-06-15,Gujarat,Gujarat City 2,Postpaid,0,Network Issues,No Complaint,34.8,3.13,6
AIR108575,2025-07-15,Tamil Nadu,Tamil Nadu City 3,Prepaid,0,Call Drops,No Complaint,9.4,3.43,4
AIR108576,2025-08-15,Delhi,Delhi City 2,Broadband,0,Slow Internet,No Complaint,69.5,4.3,42
AIR108577,2025-09-15,Rajasthan,Rajasthan City 3,Postpaid,0,Network Issues,No Complaint,10.6,4.38,39
AIR108578,2025-10-15,Karnataka,Karnataka City 2,Prepaid,1,Billing Issues,Resolved,14.6,3.59,40
AIR108579,2025-11-15,Kerala,Kerala City 1,Prepaid,0,Call Drops,No Complaint,7.3,3.83,17
AIR108580,2025-12-15,Tamil Nadu,Tamil Nadu City 1,Prepaid,0,Network Issues,No Complaint,36.8,3.79,29
AIR108581,2025-02-15,Delhi,Delhi City 1,Postpaid,0,Slow Internet,No Complaint,29,3.77,19
AIR108582,2025-03-15,Delhi,Delhi City 3,Postpaid,1,Slow Internet,Resolved,7.2,3.46,17
AIR108583,2025-04-15,Gujarat,Gujarat City 2,Postpaid,1,Network Issues,Pending,10.7,3.42,10
AIR108584,2025-05-15,Uttar Pradesh,Uttar Pradesh City 3,Prepaid,1,Network Issues,Resolved,44.1,3.36,15
AIR108585,2025-06-15,Rajasthan,Rajasthan City 3,Prepaid,0,Network Issues,No Complaint,12.5,3.02,23
AIR108586,2025-07-15,Maharashtra,Maharashtra City 2,Prepaid,0,Network Issues,No Complaint,1,3.88,31
AIR108587,2025-08-15,Rajasthan,Rajasthan City 3,Prepaid,1,Billing Issues,Resolved,12.7,3.12,5
AIR108588,2025-09-15,Gujarat,Gujarat City 2,Prepaid,1,Billing Issues,Resolved,1,4.1,40
AIR108589,2025-10-15,Telangana,Telangana City 2,Enterprise,0,Network Issues,No Complaint,11.1,3,14
AIR108590,2025-11-15,Uttar Pradesh,Uttar Pradesh City 1,Postpaid,1,Call Drops,Resolved,15.5,3.45,14
AIR108591,2025-12-15,Karnataka,Karnataka City 1,Postpaid,1,Billing Issues,In Progress,3.3,3.55,15
AIR108592,2025-02-15,Uttar Pradesh,Uttar Pradesh City 1,Prepaid,1,Slow Internet,In Progress,18,3.53,23
AIR108593,2025-03-15,Gujarat,Gujarat City 2,Prepaid,1,Network Issues,Resolved,25.5,3.68,15
AIR108594,2025-04-15,Gujarat,Gujarat City 1,Prepaid,1,Billing Issues,Resolved,13.8,3.76,22
AIR108595,2025-05-15,Karnataka,Karnataka City 2,Prepaid,0,Slow Internet,No Complaint,32.2,3.83,43
AIR108596,2025-06-15,Karnataka,Karnataka City 3,Postpaid,0,Network Issues,No Complaint,7.7,2.89,-8
AIR108597,2025-07-15,Karnataka,Karnataka City 1,Prepaid,0,Call Drops,No Complaint,53.3,4.25,64
AIR108598,2025-08-15,Uttar Pradesh,Uttar Pradesh City 2,Broadband,0,Slow Internet,No Complaint,52.1,4.09,45
AIR108599,2025-09-15,Tamil Nadu,Tamil Nadu City 2,Enterprise,0,Slow Internet,No Complaint,7.9,3.88,20
AIR108600,2025-10-15,Kerala,Kerala City 2,Prepaid,1,Network Issues,Resolved,20,3.44,27
AIR108601,2025-11-15,West Bengal,West Bengal City 2,Postpaid,0,Slow Internet,No Complaint,19.1,3.99,31
AIR108602,2025-12-15,Karnataka,Karnataka City 1,Postpaid,0,Network Issues,No Complaint,12.9,3.45,27
AIR108603,2025-02-15,Kerala,Kerala City 1,Prepaid,0,Call Drops,No Complaint,17.5,4.81,65
AIR108604,2025-03-15,West Bengal,West Bengal City 1,Broadband,0,Slow Internet,No Complaint,25.1,3.07,0
AIR108605,2025-04-15,Uttar Pradesh,Uttar Pradesh City 2,Prepaid,1,Network Issues,Resolved,13.2,4.24,39
AIR108606,2025-05-15,Kerala,Kerala City 3,Postpaid,0,Network Issues,No Complaint,8.8,3.55,9
AIR108607,2025-06-15,Karnataka,Karnataka City 2,Prepaid,1,Slow Internet,Resolved,30.5,3.77,20
AIR108608,2025-07-15,Maharashtra,Maharashtra City 3,Prepaid,1,Network Issues,In Progress,1.8,2.97,-16
AIR108609,2025-08-15,Gujarat,Gujarat City 1,Postpaid,0,Slow Internet,No Complaint,9.1,3.17,-5
AIR108610,2025-09-15,Kerala,Kerala City 2,Broadband,0,Billing Issues,No Complaint,9,3.27,26
AIR108611,2025-10-15,Delhi,Delhi City 2,Prepaid,0,Billing Issues,No Complaint,21.7,3.63,31
AIR108612,2025-11-15,Delhi,Delhi City 1,Prepaid,0,Network Issues,No Complaint,11,3.64,23
AIR108613,2025-12-15,Kerala,Kerala City 2,Prepaid,1,Network Issues,Resolved,29.7,3.55,28
AIR108614,2025-02-15,Karnataka,Karnataka City 3,Prepaid,0,Call Drops,No Complaint,5.3,3.71,12
AIR108615,2025-03-15,Rajasthan,Rajasthan City 3,Postpaid,0,Call Drops,No Complaint,10.1,3.86,20
AIR108616,2025-04-15,Karnataka,Karnataka City 3,Postpaid,0,Slow Internet,No Complaint,9.5,3.13,7
AIR108617,2025-05-15,Uttar Pradesh,Uttar Pradesh City 2,Broadband,1,Slow Internet,Resolved,11.2,3.09,3
AIR108618,2025-06-15,Karnataka,Karnataka City 2,Postpaid,0,Slow Internet,No Complaint,7.2,3.82,28
AIR108619,2025-07-15,Uttar Pradesh,Uttar Pradesh City 3,Broadband,0,Network Issues,No Complaint,10.9,3.05,2
AIR108620,2025-08-15,Rajasthan,Rajasthan City 2,Postpaid,0,Call Drops,No Complaint,4.5,4.39,50
AIR108621,2025-09-15,Maharashtra,Maharashtra City 3,Broadband,1,Slow Internet,Resolved,53.9,2.8,-8
AIR108622,2025-10-15,Uttar Pradesh,Uttar Pradesh City 1,Prepaid,0,Network Issues,No Complaint,11.8,3.21,11
AIR108623,2025-11-15,Telangana,Telangana City 3,Postpaid,0,Call Drops,No Complaint,9.3,3.59,33
AIR108624,2025-12-15,Delhi,Delhi City 1,Enterprise,0,Call Drops,No Complaint,13.9,3.06,4
AIR108625,2025-02-15,Gujarat,Gujarat City 1,Postpaid,0,Network Issues,No Complaint,16.8,3.52,15
AIR108626,2025-03-15,Delhi,Delhi City 1,Broadband,0,Slow Internet,No Complaint,5.6,3.21,15
AIR108627,2025-04-15,Uttar Pradesh,Uttar Pradesh City 3,Prepaid,0,Network Issues,No Complaint,21.5,4.16,58
AIR108628,2025-05-15,Telangana,Telangana City 3,Broadband,0,Call Drops,No Complaint,36.6,2.76,-15
AIR108629,2025-06-15,Tamil Nadu,Tamil Nadu City 2,Postpaid,1,Network Issues,Pending,23,3.82,19
AIR108630,2025-07-15,Maharashtra,Maharashtra City 2,Prepaid,1,Call Drops,In Progress,57.9,3.62,23
AIR108631,2025-08-15,Maharashtra,Maharashtra City 1,Prepaid,0,Slow Internet,No Complaint,59.4,4.28,42
AIR108632,2025-09-15,Tamil Nadu,Tamil Nadu City 3,Prepaid,0,Others,No Complaint,9.3,3.19,17
AIR108633,2025-10-15,Gujarat,Gujarat City 2,Broadband,0,Slow Internet,No Complaint,1.5,3.84,21
AIR108634,2025-11-15,Rajasthan,Rajasthan City 2,Postpaid,0,Network Issues,No Complaint,23,3.23,-9
AIR108635,2025-12-15,West Bengal,West Bengal City 2,Broadband,1,Slow Internet,Pending,33.4,3.38,17
AIR108636,2025-02-15,Telangana,Telangana City 3,Prepaid,0,Slow Internet,No Complaint,17.9,3.97,47
AIR108637,2025-03-15,Uttar Pradesh,Uttar Pradesh City 2,Broadband,0,Call Drops,No Complaint,39.9,4.07,31
AIR108638,2025-04-15,West Bengal,West Bengal City 1,Postpaid,1,Slow Internet,Resolved,9.2,4.02,45
AIR108639,2025-05-15,Gujarat,Gujarat City 3,Prepaid,0,Network Issues,No Complaint,51.2,3.08,0
AIR108640,2025-06-15,Rajasthan,Rajasthan City 2,Prepaid,0,Slow Internet,No Complaint,4,3.44,11
AIR108641,2025-07-15,Maharashtra,Maharashtra City 2,Enterprise,0,Others,No Complaint,23.7,3.52,29
AIR108642,2025-08-15,Uttar Pradesh,Uttar Pradesh City 3,Prepaid,0,Network Issues,No Complaint,8.3,3.28,8
AIR108643,2025-09-15,Uttar Pradesh,Uttar Pradesh City 2,Prepaid,0,Network Issues,No Complaint,26.1,3.48,-5
AIR108644,2025-10-15,Rajasthan,Rajasthan City 2,Prepaid,0,Network Issues,No Complaint,19.3,4.14,44
AIR108645,2025-11-15,Delhi,Delhi City 1,Prepaid,0,Call Drops,No Complaint,22.4,3.86,23
AIR108646,2025-12-15,Telangana,Telangana City 3,Broadband,0,Billing Issues,No Complaint,19.7,3.79,26
AIR108647,2025-02-15,Rajasthan,Rajasthan City 2,Postpaid,0,Slow Internet,No Complaint,22.6,4.12,47
AIR108648,2025-03-15,Karnataka,Karnataka City 3,Postpaid,0,Call Drops,No Complaint,11,4.01,37
AIR108649,2025-04-15,Karnataka,Karnataka City 3,Broadband,1,Slow Internet,Resolved,8.5,4.17,38
AIR108650,2025-05-15,Rajasthan,Rajasthan City 1,Postpaid,0,Slow Internet,No Complaint,7.6,3.12,-8
AIR108651,2025-06-15,Maharashtra,Maharashtra City 1,Broadband,0,Call Drops,No Complaint,19.6,3.92,26
AIR108652,2025-07-15,Rajasthan,Rajasthan City 3,Prepaid,0,Slow Internet,No Complaint,10,3.9,23
AIR108653,2025-08-15,Kerala,Kerala City 1,Enterprise,1,Network Issues,Resolved,37.3,3.25,19
AIR108654,2025-09-15,Gujarat,Gujarat City 1,Prepaid,0,Network Issues,No Complaint,24.4,3.35,18
AIR108655,2025-10-15,Karnataka,Karnataka City 2,Postpaid,0,Network Issues,No Complaint,11.8,3.04,7
AIR108656,2025-11-15,West Bengal,West Bengal City 1,Postpaid,1,Network Issues,Resolved,30.5,4,41
AIR108657,2025-12-15,Rajasthan,Rajasthan City 1,Prepaid,1,Network Issues,Resolved,12.8,4.06,62
AIR108658,2025-02-15,Karnataka,Karnataka City 2,Prepaid,1,Network Issues,Resolved,21.1,3.8,8
AIR108659,2025-03-15,Gujarat,Gujarat City 2,Prepaid,1,Call Drops,In Progress,18.2,3.36,22
AIR108660,2025-04-15,Gujarat,Gujarat City 3,Prepaid,0,Slow Internet,No Complaint,26.6,2.87,5
AIR108661,2025-05-15,West Bengal,West Bengal City 1,Postpaid,0,Others,No Complaint,21.7,3.46,12
AIR108662,2025-06-15,Uttar Pradesh,Uttar Pradesh City 2,Enterprise,0,Network Issues,No Complaint,11.6,3.11,15
AIR108663,2025-07-15,Kerala,Kerala City 1,Postpaid,0,Network Issues,No Complaint,27.9,3.25,15
AIR108664,2025-08-15,Rajasthan,Rajasthan City 3,Postpaid,1,Slow Internet,Resolved,34.3,2.7,-1
AIR108665,2025-09-15,Tamil Nadu,Tamil Nadu City 1,Prepaid,1,Billing Issues,Resolved,20.2,3.61,19
AIR108666,2025-10-15,Rajasthan,Rajasthan City 1,Prepaid,1,Call Drops,Resolved,3.2,3.75,35
AIR108667,2025-11-15,Uttar Pradesh,Uttar Pradesh City 1,Postpaid,0,Billing Issues,No Complaint,24.4,3.35,2
AIR108668,2025-12-15,Telangana,Telangana City 2,Enterprise,0,Call Drops,No Complaint,39.2,3.65,22
AIR108669,2025-02-15,Delhi,Delhi City 2,Broadband,0,Network Issues,No Complaint,11.3,3.53,26
AIR108670,2025-03-15,Maharashtra,Maharashtra City 3,Prepaid,1,Slow Internet,In Progress,6.4,3.54,16
AIR108671,2025-04-15,Uttar Pradesh,Uttar Pradesh City 1,Postpaid,1,Network Issues,Resolved,23.1,2.88,9
AIR108672,2025-05-15,Gujarat,Gujarat City 3,Postpaid,0,Billing Issues,No Complaint,41.2,3.13,5
AIR108673,2025-06-15,Tamil Nadu,Tamil Nadu City 3,Postpaid,0,Network Issues,No Complaint,6.5,2.93,6
AIR108674,2025-07-15,Maharashtra,Maharashtra City 2,Postpaid,1,Slow Internet,Resolved,16.2,3.94,29
AIR108675,2025-08-15,Karnataka,Karnataka City 1,Postpaid,0,Network Issues,No Complaint,12.6,3.94,38
AIR108676,2025-09-15,Rajasthan,Rajasthan City 1,Prepaid,0,Call Drops,No Complaint,22.5,4.01,18
AIR108677,2025-10-15,Maharashtra,Maharashtra City 3,Broadband,1,Network Issues,In Progress,21.5,4.03,24
AIR108678,2025-11-15,Karnataka,Karnataka City 1,Prepaid,1,Slow Internet,Pending,7.8,3.98,27
AIR108679,2025-12-15,Delhi,Delhi City 2,Postpaid,0,Network Issues,No Complaint,4.7,3.3,18
AIR108680,2025-02-15,Karnataka,Karnataka City 3,Broadband,0,Network Issues,No Complaint,3.7,4.5,43
AIR108681,2025-03-15,Tamil Nadu,Tamil Nadu City 3,Postpaid,1,Call Drops,Resolved,10,3.13,0
AIR108682,2025-04-15,Gujarat,Gujarat City 2,Prepaid,0,Slow Internet,No Complaint,14.2,2.87,3
AIR108683,2025-05-15,Uttar Pradesh,Uttar Pradesh City 2,Prepaid,0,Network Issues,No Complaint,22.7,2.69,-7
AIR108684,2025-06-15,West Bengal,West Bengal City 2,Postpaid,0,Others,No Complaint,21.9,3.18,14
AIR108685,2025-07-15,Uttar Pradesh,Uttar Pradesh City 2,Prepaid,0,Billing Issues,No Complaint,36.2,3.45,13
AIR108686,2025-08-15,Uttar Pradesh,Uttar Pradesh City 2,Prepaid,0,Network Issues,No Complaint,14.9,3.66,7
AIR108687,2025-09-15,Karnataka,Karnataka City 2,Prepaid,0,Slow Internet,No Complaint,12.1,4.31,62
AIR108688,2025-10-15,Rajasthan,Rajasthan City 3,Broadband,0,Network Issues,No Complaint,32.7,4.09,35
AIR108689,2025-11-15,Maharashtra,Maharashtra City 1,Prepaid,1,Network Issues,Resolved,8.9,3.13,3
AIR108690,2025-12-15,West Bengal,West Bengal City 1,Postpaid,1,Network Issues,Pending,21.7,3.94,33
AIR108691,2025-02-15,West Bengal,West Bengal City 3,Prepaid,0,Network Issues,No Complaint,25.6,3.74,28
AIR108692,2025-03-15,Maharashtra,Maharashtra City 1,Postpaid,0,Network Issues,No Complaint,12.4,3.71,10
AIR108693,2025-04-15,Maharashtra,Maharashtra City 1,Prepaid,0,Billing Issues,No Complaint,16.2,2.89,-1
AIR108694,2025-05-15,Gujarat,Gujarat City 3,Postpaid,1,Network Issues,Resolved,33.2,3.6,21
AIR108695,2025-06-15,Tamil Nadu,Tamil Nadu City 1,Postpaid,1,Slow Internet,Pending,17.8,3.64,33
AIR108696,2025-07-15,Delhi,Delhi City 1,Prepaid,1,Network Issues,Resolved,17.2,4.23,41
AIR108697,2025-08-15,Tamil Nadu,Tamil Nadu City 3,Broadband,0,Slow Internet,No Complaint,9.2,3.53,11
AIR108698,2025-09-15,Maharashtra,Maharashtra City 1,Broadband,0,Network Issues,No Complaint,12.4,4.23,31
AIR108699,2025-10-15,Rajasthan,Rajasthan City 2,Prepaid,0,Network Issues,No Complaint,12.3,3.25,-8
AIR108700,2025-11-15,Kerala,Kerala City 3,Postpaid,1,Network Issues,Pending,26.2,2.85,-19
AIR108701,2025-12-15,Kerala,Kerala City 1,Postpaid,0,Slow Internet,No Complaint,20.4,3.77,21
AIR108702,2025-02-15,Delhi,Delhi City 1,Prepaid,0,Slow Internet,No Complaint,23.9,3.93,25
AIR108703,2025-03-15,Maharashtra,Maharashtra City 2,Prepaid,0,Network Issues,No Complaint,11,3.81,31
AIR108704,2025-04-15,Kerala,Kerala City 3,Enterprise,1,Network Issues,Resolved,20.3,3.18,0
AIR108705,2025-05-15,Delhi,Delhi City 3,Postpaid,1,Network Issues,In Progress,10.8,3.62,32
AIR108706,2025-06-15,West Bengal,West Bengal City 1,Broadband,0,Network Issues,No Complaint,15.5,3.99,33
AIR108707,2025-07-15,Delhi,Delhi City 2,Postpaid,0,Slow Internet,No Complaint,15.4,4.06,20
AIR108708,2025-08-15,West Bengal,West Bengal City 2,Prepaid,0,Network Issues,No Complaint,25,3.75,26
AIR108709,2025-09-15,Gujarat,Gujarat City 2,Prepaid,1,Network Issues,In Progress,6.3,3.68,17
AIR108710,2025-10-15,Kerala,Kerala City 2,Postpaid,0,Network Issues,No Complaint,12.4,3.51,19
AIR108711,2025-11-15,Delhi,Delhi City 2,Postpaid,1,Slow Internet,Resolved,31,2.58,-11
AIR108712,2025-12-15,Delhi,Delhi City 2,Prepaid,0,Slow Internet,No Complaint,21.6,2.76,-19
AIR108713,2025-02-15,Delhi,Delhi City 3,Postpaid,0,Network Issues,No Complaint,7.9,2.65,-13
AIR108714,2025-03-15,Rajasthan,Rajasthan City 1,Broadband,0,Billing Issues,No Complaint,20.2,4.17,34
AIR108715,2025-04-15,Delhi,Delhi City 1,Postpaid,1,Call Drops,In Progress,11.7,2.85,4
AIR108716,2025-05-15,Rajasthan,Rajasthan City 2,Prepaid,1,Network Issues,Resolved,38.3,3.68,44
AIR108717,2025-06-15,Uttar Pradesh,Uttar Pradesh City 3,Prepaid,1,Others,Resolved,19.4,3.69,17
AIR108718,2025-07-15,Gujarat,Gujarat City 3,Enterprise,0,Slow Internet,No Complaint,16.3,3.67,22
AIR108719,2025-08-15,Uttar Pradesh,Uttar Pradesh City 2,Broadband,1,Slow Internet,Resolved,13.1,4.2,46
AIR108720,2025-09-15,Telangana,Telangana City 1,Prepaid,0,Network Issues,No Complaint,19.2,3.93,45
AIR108721,2025-10-15,Uttar Pradesh,Uttar Pradesh City 2,Broadband,0,Slow Internet,No Complaint,10.3,3.56,10
AIR108722,2025-11-15,Maharashtra,Maharashtra City 3,Prepaid,0,Call Drops,No Complaint,28.8,3.57,26
AIR108723,2025-12-15,West Bengal,West Bengal City 2,Prepaid,1,Call Drops,Pending,10.2,3.93,56
AIR108724,2025-02-15,Maharashtra,Maharashtra City 1,Prepaid,0,Call Drops,No Complaint,5.2,3.33,24
AIR108725,2025-03-15,Tamil Nadu,Tamil Nadu City 1,Prepaid,0,Billing Issues,No Complaint,7,3.46,-4
AIR108726,2025-04-15,Uttar Pradesh,Uttar Pradesh City 3,Broadband,0,Slow Internet,No Complaint,23.9,4.22,52
AIR108727,2025-05-15,Kerala,Kerala City 2,Postpaid,0,Call Drops,No Complaint,15.2,4.03,37
AIR108728,2025-06-15,Karnataka,Karnataka City 2,Prepaid,0,Slow Internet,No Complaint,7.3,3.93,37
AIR108729,2025-07-15,Uttar Pradesh,Uttar Pradesh City 3,Broadband,1,Network Issues,Resolved,31.9,4.26,43
AIR108730,2025-08-15,Gujarat,Gujarat City 2,Broadband,1,Network Issues,Resolved,15.3,3.92,31
AIR108731,2025-09-15,Uttar Pradesh,Uttar Pradesh City 3,Prepaid,1,Billing Issues,Resolved,17.4,2.96,17
AIR108732,2025-10-15,Rajasthan,Rajasthan City 2,Postpaid,0,Network Issues,No Complaint,18.3,3.23,16
AIR108733,2025-11-15,Tamil Nadu,Tamil Nadu City 1,Postpaid,1,Network Issues,Resolved,45,3.57,26
AIR108734,2025-12-15,Delhi,Delhi City 3,Postpaid,1,Network Issues,Resolved,14.9,4.04,17
AIR108735,2025-02-15,Tamil Nadu,Tamil Nadu City 2,Postpaid,0,Network Issues,No Complaint,15.9,4.21,46
AIR108736,2025-03-15,Tamil Nadu,Tamil Nadu City 2,Prepaid,0,Slow Internet,No Complaint,2.9,4.03,24
AIR108737,2025-04-15,West Bengal,West Bengal City 2,Prepaid,0,Network Issues,No Complaint,23.9,4.56,56
AIR108738,2025-05-15,Karnataka,Karnataka City 3,Broadband,0,Slow Internet,No Complaint,12.3,3.36,12
AIR108739,2025-06-15,Tamil Nadu,Tamil Nadu City 1,Broadband,0,Call Drops,No Complaint,33.5,2.91,1
AIR108740,2025-07-15,West Bengal,West Bengal City 2,Prepaid,0,Slow Internet,No Complaint,14.3,2.83,-27
AIR108741,2025-08-15,Delhi,Delhi City 3,Prepaid,0,Slow Internet,No Complaint,4.9,3.25,9
AIR108742,2025-09-15,Maharashtra,Maharashtra City 2,Broadband,0,Network Issues,No Complaint,20.5,3.75,12
AIR108743,2025-10-15,Delhi,Delhi City 1,Prepaid,0,Network Issues,No Complaint,19.5,3.6,16
AIR108744,2025-11-15,Kerala,Kerala City 1,Prepaid,1,Billing Issues,Pending,26.8,3.32,10
AIR108745,2025-12-15,Tamil Nadu,Tamil Nadu City 1,Prepaid,1,Slow Internet,Resolved,11.3,2.83,-6
AIR108746,2025-02-15,Tamil Nadu,Tamil Nadu City 3,Prepaid,0,Slow Internet,No Complaint,5.4,3.9,24
AIR108747,2025-03-15,Maharashtra,Maharashtra City 2,Prepaid,1,Slow Internet,Resolved,18.7,3.84,20
AIR108748,2025-04-15,Gujarat,Gujarat City 3,Postpaid,0,Slow Internet,No Complaint,29,3.24,5
AIR108749,2025-05-15,Tamil Nadu,Tamil Nadu City 2,Prepaid,0,Network Issues,No Complaint,14.9,3.39,7
AIR108750,2025-06-15,Karnataka,Karnataka City 3,Enterprise,0,Network Issues,No Complaint,22.6,3.98,25
AIR108751,2025-07-15,Telangana,Telangana City 2,Broadband,0,Slow Internet,No Complaint,18.8,3.49,27
AIR108752,2025-08-15,Tamil Nadu,Tamil Nadu City 3,Broadband,1,Network Issues,In Progress,13.1,3.4,24
AIR108753,2025-09-15,Telangana,Telangana City 2,Broadband,1,Network Issues,Resolved,23.2,3.13,23
AIR108754,2025-10-15,Delhi,Delhi City 3,Postpaid,1,Slow Internet,Resolved,10.1,2.4,-21
AIR108755,2025-11-15,Uttar Pradesh,Uttar Pradesh City 1,Prepaid,1,Slow Internet,In Progress,8.1,4.54,51
AIR108756,2025-12-15,Gujarat,Gujarat City 3,Prepaid,0,Call Drops,No Complaint,8.4,4.34,24
AIR108757,2025-02-15,West Bengal,West Bengal City 1,Prepaid,0,Network Issues,No Complaint,30.3,3.28,21
AIR108758,2025-03-15,Rajasthan,Rajasthan City 1,Prepaid,0,Slow Internet,No Complaint,22.9,3.99,31
AIR108759,2025-04-15,Gujarat,Gujarat City 2,Postpaid,0,Network Issues,No Complaint,6.5,3.78,16
AIR108760,2025-05-15,Rajasthan,Rajasthan City 1,Enterprise,0,Network Issues,No Complaint,10.4,3.83,40
AIR108761,2025-06-15,Delhi,Delhi City 1,Prepaid,1,Call Drops,In Progress,1,4.11,42
AIR108762,2025-07-15,Gujarat,Gujarat City 2,Postpaid,1,Network Issues,Pending,28.7,4.28,44
AIR108763,2025-08-15,West Bengal,West Bengal City 3,Postpaid,1,Network Issues,Resolved,24.6,3.62,17
AIR108764,2025-09-15,Rajasthan,Rajasthan City 3,Prepaid,0,Network Issues,No Complaint,36.4,3.41,1
AIR108765,2025-10-15,Maharashtra,Maharashtra City 1,Broadband,0,Call Drops,No Complaint,13.9,2.62,-23
AIR108766,2025-11-15,Karnataka,Karnataka City 3,Postpaid,1,Billing Issues,Pending,13.1,4.38,51
AIR108767,2025-12-15,Gujarat,Gujarat City 1,Prepaid,0,Slow Internet,No Complaint,31.1,4.54,70
AIR108768,2025-02-15,Delhi,Delhi City 3,Broadband,0,Billing Issues,No Complaint,41.7,4.08,54
AIR108769,2025-03-15,Tamil Nadu,Tamil Nadu City 3,Postpaid,1,Slow Internet,Resolved,9.3,3.34,16
AIR108770,2025-04-15,West Bengal,West Bengal City 3,Postpaid,1,Slow Internet,Resolved,3.6,3.23,-13
AIR108771,2025-05-15,Rajasthan,Rajasthan City 1,Postpaid,0,Network Issues,No Complaint,6.6,2.74,5
AIR108772,2025-06-15,Rajasthan,Rajasthan City 2,Postpaid,0,Network Issues,No Complaint,14.2,3.27,6
AIR108773,2025-07-15,Karnataka,Karnataka City 3,Prepaid,1,Slow Internet,Resolved,3.8,3.48,23
AIR108774,2025-08-15,Rajasthan,Rajasthan City 3,Broadband,0,Network Issues,No Complaint,21.8,3.26,-2
AIR108775,2025-09-15,Telangana,Telangana City 3,Enterprise,0,Billing Issues,No Complaint,23.5,3.88,48
AIR108776,2025-10-15,Kerala,Kerala City 1,Postpaid,1,Call Drops,Resolved,10.9,4.11,32
AIR108777,2025-11-15,Telangana,Telangana City 2,Postpaid,0,Network Issues,No Complaint,11.3,3.09,0
AIR108778,2025-12-15,Rajasthan,Rajasthan City 1,Broadband,1,Billing Issues,Pending,21,3.89,34
AIR108779,2025-02-15,West Bengal,West Bengal City 3,Prepaid,0,Others,No Complaint,22.6,3.3,-8
AIR108780,2025-03-15,Gujarat,Gujarat City 1,Enterprise,1,Slow Internet,Resolved,21.8,3.24,12
AIR108781,2025-04-15,Delhi,Delhi City 3,Postpaid,0,Network Issues,No Complaint,34.5,3.2,7
AIR108782,2025-05-15,Tamil Nadu,Tamil Nadu City 3,Prepaid,0,Network Issues,No Complaint,1.3,3.24,13
AIR108783,2025-06-15,Gujarat,Gujarat City 1,Postpaid,0,Slow Internet,No Complaint,4.3,3.99,42
AIR108784,2025-07-15,Maharashtra,Maharashtra City 3,Postpaid,0,Others,No Complaint,17.4,4.46,69
AIR108785,2025-08-15,Gujarat,Gujarat City 3,Prepaid,0,Slow Internet,No Complaint,19.9,3.68,6
AIR108786,2025-09-15,Gujarat,Gujarat City 2,Postpaid,0,Network Issues,No Complaint,4.5,4.48,53
AIR108787,2025-10-15,Delhi,Delhi City 1,Postpaid,0,Network Issues,No Complaint,13.1,4.05,27
AIR108788,2025-11-15,Karnataka,Karnataka City 1,Postpaid,0,Network Issues,No Complaint,23.2,3.98,37
AIR108789,2025-12-15,Rajasthan,Rajasthan City 3,Prepaid,0,Slow Internet,No Complaint,5.8,3.42,37
AIR108790,2025-02-15,Karnataka,Karnataka City 3,Postpaid,0,Network Issues,No Complaint,12.6,3.56,20
AIR108791,2025-03-15,Maharashtra,Maharashtra City 1,Postpaid,1,Others,Resolved,14.1,3.24,9
AIR108792,2025-04-15,Uttar Pradesh,Uttar Pradesh City 1,Enterprise,1,Network Issues,Resolved,10.1,3.7,44
AIR108793,2025-05-15,Tamil Nadu,Tamil Nadu City 1,Broadband,0,Network Issues,No Complaint,41.9,2.63,-2
AIR108794,2025-06-15,Telangana,Telangana City 3,Broadband,0,Network Issues,No Complaint,17.7,4.6,56
AIR108795,2025-07-15,Tamil Nadu,Tamil Nadu City 2,Prepaid,1,Call Drops,Resolved,8.6,3.58,14
AIR108796,2025-08-15,Rajasthan,Rajasthan City 2,Broadband,1,Network Issues,In Progress,16.3,3.86,30
AIR108797,2025-09-15,Tamil Nadu,Tamil Nadu City 3,Prepaid,0,Network Issues,No Complaint,10.3,3.93,25
AIR108798,2025-10-15,Kerala,Kerala City 3,Prepaid,0,Call Drops,No Complaint,41.6,3.69,35
AIR108799,2025-11-15,Telangana,Telangana City 3,Prepaid,0,Others,No Complaint,10.8,3.25,14
AIR108800,2025-12-15,Maharashtra,Maharashtra City 1,Broadband,0,Network Issues,No Complaint,30.9,3.73,25
AIR108801,2025-02-15,Rajasthan,Rajasthan City 3,Prepaid,0,Billing Issues,No Complaint,12.9,3.38,23
AIR108802,2025-03-15,West Bengal,West Bengal City 1,Prepaid,0,Network Issues,No Complaint,7.9,3.78,46
AIR108803,2025-04-15,Maharashtra,Maharashtra City 2,Prepaid,0,Network Issues,No Complaint,23.7,3.69,35
AIR108804,2025-05-15,Kerala,Kerala City 3,Postpaid,0,Call Drops,No Complaint,31.5,3.26,10
AIR108805,2025-06-15,Telangana,Telangana City 3,Broadband,0,Call Drops,No Complaint,16.1,3.44,22
AIR108806,2025-07-15,Delhi,Delhi City 1,Prepaid,0,Network Issues,No Complaint,10.9,3.51,25
AIR108807,2025-08-15,Kerala,Kerala City 1,Postpaid,0,Network Issues,No Complaint,8.3,3.87,46
AIR108808,2025-09-15,Maharashtra,Maharashtra City 1,Prepaid,0,Call Drops,No Complaint,11.9,3.58,10
AIR108809,2025-10-15,Rajasthan,Rajasthan City 2,Prepaid,1,Slow Internet,Resolved,13.2,3.52,19
AIR108810,2025-11-15,Uttar Pradesh,Uttar Pradesh City 2,Prepaid,0,Network Issues,No Complaint,14.7,4.13,37
AIR108811,2025-12-15,Rajasthan,Rajasthan City 3,Prepaid,0,Billing Issues,No Complaint,39,3.49,19
AIR108812,2025-02-15,Telangana,Telangana City 3,Postpaid,0,Call Drops,No Complaint,12.1,3.84,29
AIR108813,2025-03-15,Uttar Pradesh,Uttar Pradesh City 1,Prepaid,0,Slow Internet,No Complaint,27.5,2.61,-12
AIR108814,2025-04-15,Karnataka,Karnataka City 2,Broadband,0,Network Issues,No Complaint,12.7,3.4,17
AIR108815,2025-05-15,Telangana,Telangana City 3,Enterprise,1,Network Issues,Pending,21.3,4.2,11
AIR108816,2025-06-15,Telangana,Telangana City 1,Prepaid,1,Call Drops,Resolved,10.1,3.49,2
AIR108817,2025-07-15,Kerala,Kerala City 1,Prepaid,1,Slow Internet,Resolved,26.6,3.45,41
AIR108818,2025-08-15,Rajasthan,Rajasthan City 2,Postpaid,0,Network Issues,No Complaint,12.7,3.93,31
AIR108819,2025-09-15,Maharashtra,Maharashtra City 2,Prepaid,0,Network Issues,No Complaint,3.5,3.61,20
AIR108820,2025-10-15,Delhi,Delhi City 3,Prepaid,0,Call Drops,No Complaint,2.6,3.79,24
AIR108821,2025-11-15,Tamil Nadu,Tamil Nadu City 3,Prepaid,0,Others,No Complaint,12.2,3.7,22
AIR108822,2025-12-15,Gujarat,Gujarat City 1,Broadband,1,Slow Internet,Resolved,15.6,4.26,59
AIR108823,2025-02-15,Delhi,Delhi City 1,Postpaid,0,Call Drops,No Complaint,56.8,3.36,11
AIR108824,2025-03-15,Tamil Nadu,Tamil Nadu City 1,Prepaid,0,Slow Internet,No Complaint,8.3,3.51,23
AIR108825,2025-04-15,Karnataka,Karnataka City 3,Prepaid,0,Slow Internet,No Complaint,9.3,3.77,19
AIR108826,2025-05-15,Maharashtra,Maharashtra City 2,Prepaid,0,Network Issues,No Complaint,17.2,3.77,47
AIR108827,2025-06-15,Rajasthan,Rajasthan City 3,Prepaid,1,Network Issues,In Progress,6,3.56,19
AIR108828,2025-07-15,West Bengal,West Bengal City 2,Postpaid,0,Network Issues,No Complaint,17.1,3.73,33
AIR108829,2025-08-15,Telangana,Telangana City 3,Broadband,1,Billing Issues,Resolved,20.6,3.99,54
AIR108830,2025-09-15,Delhi,Delhi City 3,Prepaid,0,Slow Internet,No Complaint,38.8,3.47,24
AIR108831,2025-10-15,Tamil Nadu,Tamil Nadu City 2,Prepaid,0,Network Issues,No Complaint,43.4,4.15,51
AIR108832,2025-11-15,West Bengal,West Bengal City 3,Prepaid,0,Slow Internet,No Complaint,18.7,3.27,19
AIR108833,2025-12-15,Delhi,Delhi City 3,Prepaid,0,Slow Internet,No Complaint,5,4.04,43
AIR108834,2025-02-15,Maharashtra,Maharashtra City 1,Enterprise,0,Slow Internet,No Complaint,26.5,3.44,20
AIR108835,2025-03-15,Rajasthan,Rajasthan City 2,Prepaid,1,Network Issues,Resolved,11.8,4.08,35
AIR108836,2025-04-15,Uttar Pradesh,Uttar Pradesh City 2,Prepaid,1,Network Issues,Resolved,16.2,3.6,15
AIR108837,2025-05-15,Delhi,Delhi City 1,Prepaid,0,Slow Internet,No Complaint,1.9,4.25,40
AIR108838,2025-06-15,Delhi,Delhi City 2,Postpaid,0,Network Issues,No Complaint,11.9,3.74,27
AIR108839,2025-07-15,Rajasthan,Rajasthan City 1,Broadband,0,Network Issues,No Complaint,24.7,3.92,32
AIR108840,2025-08-15,Karnataka,Karnataka City 2,Prepaid,0,Network Issues,No Complaint,21.1,2.67,-15
AIR108841,2025-09-15,Kerala,Kerala City 2,Prepaid,0,Call Drops,No Complaint,13.4,4.18,40
AIR108842,2025-10-15,Delhi,Delhi City 2,Prepaid,0,Call Drops,No Complaint,3.8,2.78,1
AIR108843,2025-11-15,Rajasthan,Rajasthan City 2,Postpaid,0,Billing Issues,No Complaint,27.3,3.66,29
AIR108844,2025-12-15,Kerala,Kerala City 1,Postpaid,1,Slow Internet,Pending,23.1,3.55,17
AIR108845,2025-02-15,Rajasthan,Rajasthan City 1,Postpaid,0,Network Issues,No Complaint,18,4.36,41
AIR108846,2025-03-15,Rajasthan,Rajasthan City 2,Postpaid,1,Slow Internet,In Progress,73,4.52,62
AIR108847,2025-04-15,Karnataka,Karnataka City 3,Broadband,0,Call Drops,No Complaint,4.9,3.09,15
AIR108848,2025-05-15,Rajasthan,Rajasthan City 1,Prepaid,0,Billing Issues,No Complaint,5.3,3.17,1
AIR108849,2025-06-15,Maharashtra,Maharashtra City 2,Postpaid,0,Slow Internet,No Complaint,22.8,3.63,15
AIR108850,2025-07-15,Delhi,Delhi City 1,Postpaid,0,Call Drops,No Complaint,7.6,3.77,38
AIR108851,2025-08-15,Tamil Nadu,Tamil Nadu City 3,Postpaid,0,Billing Issues,No Complaint,2.8,3.02,33
AIR108852,2025-09-15,Tamil Nadu,Tamil Nadu City 3,Prepaid,0,Network Issues,No Complaint,1.2,3.34,21
AIR108853,2025-10-15,Tamil Nadu,Tamil Nadu City 3,Prepaid,0,Network Issues,No Complaint,21.1,3.7,24
AIR108854,2025-11-15,Rajasthan,Rajasthan City 2,Prepaid,1,Call Drops,Resolved,6.1,4.26,38
AIR108855,2025-12-15,West Bengal,West Bengal City 2,Prepaid,0,Network Issues,No Complaint,17.1,4.39,45
AIR108856,2025-02-15,Kerala,Kerala City 3,Postpaid,1,Slow Internet,Resolved,8.8,3.53,14
AIR108857,2025-03-15,Kerala,Kerala City 1,Prepaid,0,Call Drops,No Complaint,13.1,3.64,29
AIR108858,2025-04-15,Rajasthan,Rajasthan City 1,Postpaid,1,Network Issues,Resolved,32.6,3.61,22
AIR108859,2025-05-15,Maharashtra,Maharashtra City 3,Broadband,1,Call Drops,In Progress,21.1,3.3,3
AIR108860,2025-06-15,Maharashtra,Maharashtra City 2,Prepaid,0,Network Issues,No Complaint,14.2,3.82,42
AIR108861,2025-07-15,Telangana,Telangana City 1,Prepaid,0,Network Issues,No Complaint,26.7,3.63,34
AIR108862,2025-08-15,Rajasthan,Rajasthan City 1,Broadband,0,Slow Internet,No Complaint,4.2,3.96,19
AIR108863,2025-09-15,Gujarat,Gujarat City 1,Postpaid,1,Network Issues,Resolved,9,3.31,8
AIR108864,2025-10-15,Karnataka,Karnataka City 2,Prepaid,0,Call Drops,No Complaint,21.5,4.28,32
AIR108865,2025-11-15,Tamil Nadu,Tamil Nadu City 3,Prepaid,0,Others,No Complaint,18.1,3.87,27
AIR108866,2025-12-15,Karnataka,Karnataka City 2,Postpaid,0,Slow Internet,No Complaint,2.6,3.75,28
AIR108867,2025-02-15,Tamil Nadu,Tamil Nadu City 1,Postpaid,0,Call Drops,No Complaint,32.3,3.07,15
AIR108868,2025-03-15,Uttar Pradesh,Uttar Pradesh City 3,Postpaid,0,Network Issues,No Complaint,13.1,3.54,22
AIR108869,2025-04-15,Uttar Pradesh,Uttar Pradesh City 2,Postpaid,1,Network Issues,Resolved,6.3,3.14,0
AIR108870,2025-05-15,Rajasthan,Rajasthan City 3,Postpaid,0,Slow Internet,No Complaint,34,3.11,2
AIR108871,2025-06-15,Uttar Pradesh,Uttar Pradesh City 1,Prepaid,0,Slow Internet,No Complaint,22.9,4.17,34
AIR108872,2025-07-15,West Bengal,West Bengal City 2,Postpaid,0,Slow Internet,No Complaint,22.5,3.02,5
AIR108873,2025-08-15,Telangana,Telangana City 3,Enterprise,0,Slow Internet,No Complaint,24.7,4.4,52
AIR108874,2025-09-15,Maharashtra,Maharashtra City 2,Prepaid,1,Slow Internet,Resolved,49.1,3.81,47
AIR108875,2025-10-15,West Bengal,West Bengal City 1,Postpaid,0,Network Issues,No Complaint,34.3,3.61,24
AIR108876,2025-11-15,Karnataka,Karnataka City 3,Prepaid,1,Network Issues,Resolved,15,4.16,34
AIR108877,2025-12-15,Karnataka,Karnataka City 1,Prepaid,0,Call Drops,No Complaint,5.3,3.15,17
AIR108878,2025-02-15,Uttar Pradesh,Uttar Pradesh City 3,Broadband,0,Network Issues,No Complaint,11.7,3.68,33
AIR108879,2025-03-15,Maharashtra,Maharashtra City 1,Prepaid,0,Network Issues,No Complaint,14.1,3.12,21
AIR108880,2025-04-15,Telangana,Telangana City 1,Prepaid,1,Call Drops,Resolved,4.1,3.41,29
AIR108881,2025-05-15,Tamil Nadu,Tamil Nadu City 2,Postpaid,0,Slow Internet,No Complaint,77.3,3.24,25
AIR108882,2025-06-15,West Bengal,West Bengal City 1,Prepaid,0,Network Issues,No Complaint,9.3,3.92,40
AIR108883,2025-07-15,Telangana,Telangana City 2,Postpaid,0,Slow Internet,No Complaint,8.7,3.51,28
AIR108884,2025-08-15,Delhi,Delhi City 1,Prepaid,1,Network Issues,Resolved,13.5,3.8,13
AIR108885,2025-09-15,Kerala,Kerala City 1,Prepaid,0,Billing Issues,No Complaint,8.6,3.24,-3
AIR108886,2025-10-15,Uttar Pradesh,Uttar Pradesh City 1,Prepaid,0,Billing Issues,No Complaint,9.2,2.78,-4
AIR108887,2025-11-15,Tamil Nadu,Tamil Nadu City 3,Postpaid,0,Call Drops,No Complaint,18.8,4.17,38
AIR108888,2025-12-15,Delhi,Delhi City 2,Postpaid,1,Network Issues,Resolved,3.9,3.15,13
AIR108889,2025-02-15,Tamil Nadu,Tamil Nadu City 3,Postpaid,1,Slow Internet,Resolved,38.8,2.98,0
AIR108890,2025-03-15,Tamil Nadu,Tamil Nadu City 2,Postpaid,0,Network Issues,No Complaint,20,3.31,12
AIR108891,2025-04-15,Uttar Pradesh,Uttar Pradesh City 1,Prepaid,1,Slow Internet,Resolved,10.7,4.18,47
AIR108892,2025-05-15,Tamil Nadu,Tamil Nadu City 3,Postpaid,0,Billing Issues,No Complaint,80.9,3.78,15
AIR108893,2025-06-15,Telangana,Telangana City 2,Prepaid,0,Network Issues,No Complaint,16.5,3.53,20
AIR108894,2025-07-15,Telangana,Telangana City 1,Prepaid,1,Call Drops,Resolved,25.4,3.53,25
AIR108895,2025-08-15,Delhi,Delhi City 2,Postpaid,0,Call Drops,No Complaint,6.9,3.01,-2
AIR108896,2025-09-15,Karnataka,Karnataka City 2,Prepaid,0,Network Issues,No Complaint,14.5,3.63,35
AIR108897,2025-10-15,Maharashtra,Maharashtra City 1,Postpaid,0,Call Drops,No Complaint,6.9,3.14,21
AIR108898,2025-11-15,West Bengal,West Bengal City 3,Prepaid,0,Call Drops,No Complaint,7.4,3.55,13
AIR108899,2025-12-15,West Bengal,West Bengal City 1,Postpaid,0,Network Issues,No Complaint,26.9,3.75,35
AIR108900,2025-02-15,Gujarat,Gujarat City 3,Prepaid,0,Call Drops,No Complaint,8.3,3.54,21
AIR108901,2025-03-15,Uttar Pradesh,Uttar Pradesh City 2,Enterprise,0,Network Issues,No Complaint,21.8,3.05,-27
AIR108902,2025-04-15,Rajasthan,Rajasthan City 2,Prepaid,1,Network Issues,Resolved,32,3.56,15
AIR108903,2025-05-15,Rajasthan,Rajasthan City 2,Postpaid,0,Network Issues,No Complaint,12.2,4.22,35
AIR108904,2025-06-15,Delhi,Delhi City 3,Broadband,0,Call Drops,No Complaint,9.1,3.44,21
AIR108905,2025-07-15,Tamil Nadu,Tamil Nadu City 1,Postpaid,0,Call Drops,No Complaint,9.5,3.56,29
AIR108906,2025-08-15,Tamil Nadu,Tamil Nadu City 3,Postpaid,0,Slow Internet,No Complaint,8.1,3.93,33
AIR108907,2025-09-15,Uttar Pradesh,Uttar Pradesh City 2,Postpaid,1,Network Issues,Resolved,35,3.83,23
AIR108908,2025-10-15,Kerala,Kerala City 2,Postpaid,0,Call Drops,No Complaint,14.1,3.37,17
AIR108909,2025-11-15,Karnataka,Karnataka City 1,Broadband,1,Slow Internet,Resolved,13.3,3.8,14
AIR108910,2025-12-15,Gujarat,Gujarat City 3,Prepaid,0,Slow Internet,No Complaint,16.8,3.31,0
AIR108911,2025-02-15,Telangana,Telangana City 2,Broadband,0,Billing Issues,No Complaint,8.2,3.65,20
AIR108912,2025-03-15,Tamil Nadu,Tamil Nadu City 3,Postpaid,0,Slow Internet,No Complaint,9,2.73,-24
AIR108913,2025-04-15,Gujarat,Gujarat City 3,Broadband,1,Network Issues,In Progress,10.6,3.22,14
AIR108914,2025-05-15,West Bengal,West Bengal City 1,Prepaid,0,Others,No Complaint,25.2,3.59,28
AIR108915,2025-06-15,Kerala,Kerala City 1,Broadband,1,Call Drops,Resolved,21.6,4.28,35
AIR108916,2025-07-15,Telangana,Telangana City 2,Prepaid,0,Network Issues,No Complaint,41.3,3.85,8
AIR108917,2025-08-15,Uttar Pradesh,Uttar Pradesh City 1,Postpaid,0,Call Drops,No Complaint,27,4.32,39
AIR108918,2025-09-15,Gujarat,Gujarat City 3,Prepaid,0,Slow Internet,No Complaint,19.7,3.99,37
AIR108919,2025-10-15,Delhi,Delhi City 1,Postpaid,0,Network Issues,No Complaint,19.5,3.38,14
AIR108920,2025-11-15,Telangana,Telangana City 3,Postpaid,0,Network Issues,No Complaint,13.8,3.51,10
AIR108921,2025-12-15,Uttar Pradesh,Uttar Pradesh City 2,Prepaid,0,Slow Internet,No Complaint,4.9,3.09,-1
AIR108922,2025-02-15,Rajasthan,Rajasthan City 3,Postpaid,0,Network Issues,No Complaint,26.6,3.74,8
AIR108923,2025-03-15,Uttar Pradesh,Uttar Pradesh City 1,Prepaid,0,Network Issues,No Complaint,7.8,2.99,1
AIR108924,2025-04-15,Uttar Pradesh,Uttar Pradesh City 1,Postpaid,0,Call Drops,No Complaint,33,3.47,14
AIR108925,2025-05-15,Telangana,Telangana City 2,Postpaid,1,Network Issues,Resolved,20.3,3.51,9
AIR108926,2025-06-15,Kerala,Kerala City 1,Prepaid,1,Slow Internet,Resolved,6.5,3.74,34
AIR108927,2025-07-15,Telangana,Telangana City 2,Postpaid,0,Network Issues,No Complaint,11.8,3.97,6
AIR108928,2025-08-15,Maharashtra,Maharashtra City 2,Postpaid,1,Network Issues,Resolved,26,2.81,-19
AIR108929,2025-09-15,Karnataka,Karnataka City 1,Prepaid,0,Billing Issues,No Complaint,12.2,3.91,20
AIR108930,2025-10-15,Kerala,Kerala City 3,Enterprise,1,Network Issues,Resolved,10.8,3.47,24
AIR108931,2025-11-15,Delhi,Delhi City 2,Postpaid,0,Network Issues,No Complaint,12.6,3.75,20
AIR108932,2025-12-15,Kerala,Kerala City 3,Prepaid,0,Network Issues,No Complaint,24.2,2.77,7
AIR108933,2025-02-15,West Bengal,West Bengal City 1,Prepaid,0,Network Issues,No Complaint,19.6,4.1,56
AIR108934,2025-03-15,Delhi,Delhi City 3,Postpaid,0,Slow Internet,No Complaint,27.1,3.84,42
AIR108935,2025-04-15,Rajasthan,Rajasthan City 3,Prepaid,0,Network Issues,No Complaint,19.2,3.17,-10
AIR108936,2025-05-15,Telangana,Telangana City 3,Prepaid,1,Slow Internet,Resolved,8.9,3.51,24
AIR108937,2025-06-15,Uttar Pradesh,Uttar Pradesh City 3,Prepaid,1,Network Issues,Resolved,15.9,3.32,-9
AIR108938,2025-07-15,Telangana,Telangana City 1,Postpaid,1,Slow Internet,Resolved,19.1,3.35,7
AIR108939,2025-08-15,West Bengal,West Bengal City 1,Postpaid,0,Network Issues,No Complaint,4.7,3.2,22
AIR108940,2025-09-15,Gujarat,Gujarat City 3,Prepaid,0,Network Issues,No Complaint,22.1,3.27,21
AIR108941,2025-10-15,West Bengal,West Bengal City 1,Postpaid,0,Slow Internet,No Complaint,14,3.12,-7
AIR108942,2025-11-15,Maharashtra,Maharashtra City 1,Enterprise,0,Network Issues,No Complaint,33.6,3.63,23
AIR108943,2025-12-15,Uttar Pradesh,Uttar Pradesh City 2,Enterprise,1,Slow Internet,Pending,17,4.15,51
AIR108944,2025-02-15,Uttar Pradesh,Uttar Pradesh City 1,Broadband,0,Billing Issues,No Complaint,24.6,3.06,21
AIR108945,2025-03-15,Tamil Nadu,Tamil Nadu City 3,Broadband,1,Network Issues,Resolved,15.9,3.29,10
AIR108946,2025-04-15,Gujarat,Gujarat City 1,Prepaid,1,Network Issues,In Progress,18.9,4.23,41
AIR108947,2025-05-15,Tamil Nadu,Tamil Nadu City 1,Prepaid,0,Call Drops,No Complaint,12.4,3.15,-10
AIR108948,2025-06-15,Rajasthan,Rajasthan City 1,Prepaid,0,Slow Internet,No Complaint,20.2,3.68,39
AIR108949,2025-07-15,Karnataka,Karnataka City 1,Postpaid,0,Call Drops,No Complaint,13.7,3.91,44
AIR108950,2025-08-15,Karnataka,Karnataka City 2,Broadband,1,Network Issues,Resolved,23.5,3.63,40
AIR108951,2025-09-15,Telangana,Telangana City 3,Prepaid,0,Slow Internet,No Complaint,24.8,4.01,31
AIR108952,2025-10-15,Karnataka,Karnataka City 3,Postpaid,0,Slow Internet,No Complaint,14.9,3.32,2
AIR108953,2025-11-15,Uttar Pradesh,Uttar Pradesh City 1,Postpaid,0,Slow Internet,No Complaint,8.7,3.72,12
AIR108954,2025-12-15,West Bengal,West Bengal City 1,Prepaid,1,Network Issues,Resolved,20.8,3.94,32
AIR108955,2025-02-15,Gujarat,Gujarat City 2,Postpaid,0,Call Drops,No Complaint,3.3,3.8,48
AIR108956,2025-03-15,Telangana,Telangana City 1,Prepaid,0,Slow Internet,No Complaint,5.8,4.47,73
AIR108957,2025-04-15,Telangana,Telangana City 2,Enterprise,0,Network Issues,No Complaint,11.6,3,-18
AIR108958,2025-05-15,Gujarat,Gujarat City 3,Postpaid,0,Network Issues,No Complaint,16.2,3.72,22
AIR108959,2025-06-15,Uttar Pradesh,Uttar Pradesh City 3,Postpaid,0,Network Issues,No Complaint,14.7,2.94,16
AIR108960,2025-07-15,Rajasthan,Rajasthan City 2,Prepaid,1,Slow Internet,Resolved,14.8,3.56,29
AIR108961,2025-08-15,Rajasthan,Rajasthan City 3,Postpaid,0,Call Drops,No Complaint,7.7,3.9,18
AIR108962,2025-09-15,Telangana,Telangana City 1,Prepaid,0,Network Issues,No Complaint,19.1,3.82,29
AIR108963,2025-10-15,Rajasthan,Rajasthan City 1,Prepaid,0,Call Drops,No Complaint,20.3,4.1,33
AIR108964,2025-11-15,Uttar Pradesh,Uttar Pradesh City 2,Prepaid,0,Call Drops,No Complaint,30.5,3.87,31
AIR108965,2025-12-15,Maharashtra,Maharashtra City 3,Prepaid,1,Network Issues,Pending,15.4,3.52,11
AIR108966,2025-02-15,Maharashtra,Maharashtra City 3,Postpaid,1,Others,Resolved,54.6,3.13,9
AIR108967,2025-03-15,Tamil Nadu,Tamil Nadu City 2,Prepaid,0,Call Drops,No Complaint,11.6,2.81,-10
AIR108968,2025-04-15,Kerala,Kerala City 2,Broadband,1,Network Issues,In Progress,9.7,4.25,55
AIR108969,2025-05-15,Delhi,Delhi City 3,Prepaid,1,Network Issues,Pending,4.9,4.21,32
AIR108970,2025-06-15,Karnataka,Karnataka City 2,Prepaid,0,Billing Issues,No Complaint,11.4,4.33,39
AIR108971,2025-07-15,Rajasthan,Rajasthan City 1,Broadband,0,Network Issues,No Complaint,28.1,4.03,30
AIR108972,2025-08-15,Maharashtra,Maharashtra City 3,Prepaid,0,Slow Internet,No Complaint,15,4.03,59
AIR108973,2025-09-15,West Bengal,West Bengal City 2,Prepaid,1,Slow Internet,Resolved,22.3,3.56,40
AIR108974,2025-10-15,Gujarat,Gujarat City 2,Prepaid,0,Network Issues,No Complaint,29.5,2.85,-6
AIR108975,2025-11-15,Kerala,Kerala City 2,Broadband,0,Billing Issues,No Complaint,4.7,4.73,66
AIR108976,2025-12-15,Tamil Nadu,Tamil Nadu City 3,Broadband,1,Call Drops,Resolved,26.6,3.26,12
AIR108977,2025-02-15,Delhi,Delhi City 1,Prepaid,1,Network Issues,Resolved,4.2,4.27,37
AIR108978,2025-03-15,Maharashtra,Maharashtra City 1,Postpaid,0,Slow Internet,No Complaint,11.5,3.3,13
AIR108979,2025-04-15,Tamil Nadu,Tamil Nadu City 3,Postpaid,1,Billing Issues,In Progress,20.7,3.55,8
AIR108980,2025-05-15,Kerala,Kerala City 2,Broadband,1,Call Drops,Resolved,26.3,3.34,11
AIR108981,2025-06-15,Gujarat,Gujarat City 3,Prepaid,1,Network Issues,In Progress,12,2.56,-17
AIR108982,2025-07-15,Karnataka,Karnataka City 3,Broadband,0,Call Drops,No Complaint,11.4,3.09,-1
AIR108983,2025-08-15,Maharashtra,Maharashtra City 2,Prepaid,1,Billing Issues,In Progress,13.3,3.15,-1
AIR108984,2025-09-15,Gujarat,Gujarat City 3,Prepaid,0,Call Drops,No Complaint,13.1,3.43,16
AIR108985,2025-10-15,Delhi,Delhi City 1,Prepaid,1,Billing Issues,Pending,17.3,3.5,-11
AIR108986,2025-11-15,Rajasthan,Rajasthan City 3,Postpaid,0,Network Issues,No Complaint,30.9,4.23,44
AIR108987,2025-12-15,Kerala,Kerala City 2,Postpaid,0,Network Issues,No Complaint,18.8,4.23,61
AIR108988,2025-02-15,Delhi,Delhi City 3,Postpaid,1,Call Drops,Pending,6.6,3.92,30
AIR108989,2025-03-15,Karnataka,Karnataka City 1,Postpaid,1,Slow Internet,Resolved,11,4.15,30
AIR108990,2025-04-15,Gujarat,Gujarat City 3,Postpaid,0,Others,No Complaint,25,3.55,12
AIR108991,2025-05-15,Uttar Pradesh,Uttar Pradesh City 3,Postpaid,0,Slow Internet,No Complaint,3.8,3.78,26
AIR108992,2025-06-15,Karnataka,Karnataka City 3,Prepaid,0,Network Issues,No Complaint,6.4,3.5,31
AIR108993,2025-07-15,Telangana,Telangana City 3,Prepaid,0,Billing Issues,No Complaint,4.9,3.79,40
AIR108994,2025-08-15,Maharashtra,Maharashtra City 2,Prepaid,1,Slow Internet,Pending,34.9,3.19,26
AIR108995,2025-09-15,Rajasthan,Rajasthan City 1,Prepaid,1,Slow Internet,Resolved,7.5,4.3,49
AIR108996,2025-10-15,Kerala,Kerala City 1,Postpaid,0,Call Drops,No Complaint,14.3,3.39,25
AIR108997,2025-11-15,West Bengal,West Bengal City 1,Postpaid,1,Slow Internet,In Progress,19.3,3.57,29
AIR108998,2025-12-15,Gujarat,Gujarat City 3,Postpaid,0,Slow Internet,No Complaint,32.5,4.4,53
AIR108999,2025-02-15,Uttar Pradesh,Uttar Pradesh City 1,Prepaid,0,Others,No Complaint,2.9,4.06,30
AIR109000,2025-03-15,West Bengal,West Bengal City 2,Postpaid,0,Call Drops,No Complaint,9.4,2.85,-17
AIR109001,2025-04-15,Maharashtra,Maharashtra City 3,Prepaid,0,Billing Issues,No Complaint,52,4.15,49
AIR109002,2025-05-15,Maharashtra,Maharashtra City 3,Broadband,1,Network Issues,Pending,22,3.03,2
AIR109003,2025-06-15,Kerala,Kerala City 1,Prepaid,1,Network Issues,Resolved,13.1,3.59,4
AIR109004,2025-07-15,Uttar Pradesh,Uttar Pradesh City 3,Postpaid,0,Slow Internet,No Complaint,16.3,3.12,6
AIR109005,2025-08-15,Maharashtra,Maharashtra City 3,Postpaid,1,Network Issues,Resolved,11.9,4.3,34
AIR109006,2025-09-15,West Bengal,West Bengal City 1,Broadband,0,Call Drops,No Complaint,13.7,3.42,-8
AIR109007,2025-10-15,Uttar Pradesh,Uttar Pradesh City 2,Prepaid,0,Slow Internet,No Complaint,7.7,3.68,26
AIR109008,2025-11-15,West Bengal,West Bengal City 2,Prepaid,1,Call Drops,In Progress,8.8,3.23,1
AIR109009,2025-12-15,Karnataka,Karnataka City 1,Prepaid,0,Billing Issues,No Complaint,16.9,4.24,39
AIR109010,2025-02-15,Delhi,Delhi City 2,Prepaid,0,Network Issues,No Complaint,9.1,2.5,-13
AIR109011,2025-03-15,Uttar Pradesh,Uttar Pradesh City 2,Postpaid,1,Slow Internet,Resolved,28.7,3.75,34
AIR109012,2025-04-15,Tamil Nadu,Tamil Nadu City 2,Broadband,0,Network Issues,No Complaint,9.5,3.33,18
AIR109013,2025-05-15,Delhi,Delhi City 3,Prepaid,1,Slow Internet,Resolved,12.9,3.78,16
AIR109014,2025-06-15,Delhi,Delhi City 3,Postpaid,0,Slow Internet,No Complaint,23.9,4.12,26
AIR109015,2025-07-15,Uttar Pradesh,Uttar Pradesh City 3,Broadband,0,Slow Internet,No Complaint,16.9,3.67,25
AIR109016,2025-08-15,Rajasthan,Rajasthan City 2,Prepaid,0,Slow Internet,No Complaint,30.7,3.74,18
AIR109017,2025-09-15,Maharashtra,Maharashtra City 3,Postpaid,1,Billing Issues,Resolved,44.9,3.59,25
AIR109018,2025-10-15,Karnataka,Karnataka City 2,Broadband,0,Call Drops,No Complaint,33.6,3,0
AIR109019,2025-11-15,Rajasthan,Rajasthan City 1,Broadband,1,Call Drops,In Progress,17.3,3.27,1
AIR109020,2025-12-15,Rajasthan,Rajasthan City 2,Postpaid,1,Call Drops,Resolved,11.5,3.73,25
AIR109021,2025-02-15,Tamil Nadu,Tamil Nadu City 3,Prepaid,0,Network Issues,No Complaint,5.7,4.23,48
AIR109022,2025-03-15,Gujarat,Gujarat City 2,Prepaid,0,Others,No Complaint,1,3.45,11
AIR109023,2025-04-15,Uttar Pradesh,Uttar Pradesh City 3,Postpaid,0,Slow Internet,No Complaint,27.7,3.98,47
AIR109024,2025-05-15,West Bengal,West Bengal City 3,Prepaid,0,Network Issues,No Complaint,30.1,3.8,43
AIR109025,2025-06-15,Maharashtra,Maharashtra City 1,Prepaid,0,Slow Internet,No Complaint,9.4,2.89,-12
AIR109026,2025-07-15,Rajasthan,Rajasthan City 1,Postpaid,0,Network Issues,No Complaint,17.8,3.09,-11
AIR109027,2025-08-15,Karnataka,Karnataka City 3,Postpaid,1,Call Drops,Resolved,9.4,3.86,30
AIR109028,2025-09-15,Gujarat,Gujarat City 2,Broadband,0,Network Issues,No Complaint,16.7,4.35,49
AIR109029,2025-10-15,Tamil Nadu,Tamil Nadu City 1,Prepaid,0,Billing Issues,No Complaint,1.7,3.55,11
AIR109030,2025-11-15,Telangana,Telangana City 1,Prepaid,0,Network Issues,No Complaint,14,3.63,15
AIR109031,2025-12-15,Maharashtra,Maharashtra City 3,Broadband,0,Network Issues,No Complaint,21.3,4,54
AIR109032,2025-02-15,Telangana,Telangana City 2,Postpaid,0,Network Issues,No Complaint,16,3.48,12
AIR109033,2025-03-15,Delhi,Delhi City 1,Broadband,0,Slow Internet,No Complaint,16.5,3,-13
AIR109034,2025-04-15,Rajasthan,Rajasthan City 1,Enterprise,0,Call Drops,No Complaint,14.1,3.75,19
AIR109035,2025-05-15,Kerala,Kerala City 2,Broadband,0,Network Issues,No Complaint,11.8,2.86,-12
AIR109036,2025-06-15,Maharashtra,Maharashtra City 1,Postpaid,1,Network Issues,Resolved,8.9,4.08,30
AIR109037,2025-07-15,West Bengal,West Bengal City 2,Prepaid,1,Slow Internet,Resolved,21.5,3.5,19
AIR109038,2025-08-15,Gujarat,Gujarat City 3,Postpaid,0,Network Issues,No Complaint,9.7,3.9,26
AIR109039,2025-09-15,Karnataka,Karnataka City 1,Postpaid,0,Network Issues,No Complaint,7.4,4,21
AIR109040,2025-10-15,Maharashtra,Maharashtra City 3,Prepaid,1,Billing Issues,Resolved,29.8,4.12,40
AIR109041,2025-11-15,West Bengal,West Bengal City 2,Postpaid,1,Network Issues,Resolved,12.7,3.66,26
AIR109042,2025-12-15,Uttar Pradesh,Uttar Pradesh City 3,Prepaid,1,Call Drops,Resolved,35.9,3.06,-19
AIR109043,2025-02-15,Telangana,Telangana City 3,Postpaid,1,Call Drops,Resolved,24.4,4.02,44
AIR109044,2025-03-15,Uttar Pradesh,Uttar Pradesh City 3,Prepaid,0,Call Drops,No Complaint,42.3,3.66,24
AIR109045,2025-04-15,Gujarat,Gujarat City 2,Postpaid,1,Slow Internet,Resolved,33,3.69,26
AIR109046,2025-05-15,Tamil Nadu,Tamil Nadu City 2,Broadband,0,Network Issues,No Complaint,12.8,2.92,-7
AIR109047,2025-06-15,Rajasthan,Rajasthan City 2,Prepaid,1,Network Issues,Resolved,11,4.05,58
AIR109048,2025-07-15,Maharashtra,Maharashtra City 2,Postpaid,0,Call Drops,No Complaint,27,3.65,28
AIR109049,2025-08-15,Kerala,Kerala City 2,Prepaid,1,Network Issues,Resolved,7.6,3.42,12
AIR109050,2025-09-15,Telangana,Telangana City 1,Broadband,0,Slow Internet,No Complaint,16.1,4.08,49
AIR109051,2025-10-15,Telangana,Telangana City 1,Broadband,1,Slow Internet,Resolved,7.1,3.29,9
AIR109052,2025-11-15,Maharashtra,Maharashtra City 1,Broadband,1,Network Issues,Resolved,1,3.52,7
AIR109053,2025-12-15,Delhi,Delhi City 3,Broadband,0,Call Drops,No Complaint,5.7,3.7,29
AIR109054,2025-02-15,Uttar Pradesh,Uttar Pradesh City 3,Postpaid,0,Network Issues,No Complaint,4.6,3.89,39
AIR109055,2025-03-15,Telangana,Telangana City 2,Prepaid,1,Billing Issues,Resolved,22,3.78,25
AIR109056,2025-04-15,West Bengal,West Bengal City 2,Prepaid,0,Slow Internet,No Complaint,12,3.11,-2
AIR109057,2025-05-15,Karnataka,Karnataka City 1,Postpaid,0,Network Issues,No Complaint,10.7,4.14,56
AIR109058,2025-06-15,Rajasthan,Rajasthan City 2,Postpaid,1,Call Drops,Resolved,3.1,3.61,14
AIR109059,2025-07-15,Telangana,Telangana City 3,Postpaid,0,Others,No Complaint,25.4,4.44,59
AIR109060,2025-08-15,West Bengal,West Bengal City 2,Prepaid,0,Call Drops,No Complaint,6.3,2.64,-16
AIR109061,2025-09-15,Gujarat,Gujarat City 1,Prepaid,0,Network Issues,No Complaint,33.2,3.07,5
AIR109062,2025-10-15,Gujarat,Gujarat City 2,Postpaid,0,Call Drops,No Complaint,19.5,3.2,19
AIR109063,2025-11-15,Rajasthan,Rajasthan City 3,Prepaid,0,Others,No Complaint,67.6,3.77,12
AIR109064,2025-12-15,Delhi,Delhi City 1,Postpaid,1,Others,Pending,45.5,4.32,51
AIR109065,2025-02-15,Kerala,Kerala City 2,Postpaid,0,Slow Internet,No Complaint,13.6,3.29,28
AIR109066,2025-03-15,Rajasthan,Rajasthan City 3,Postpaid,0,Slow Internet,No Complaint,13.9,4.39,52
AIR109067,2025-04-15,Tamil Nadu,Tamil Nadu City 1,Prepaid,0,Network Issues,No Complaint,1,2.78,-21
AIR109068,2025-05-15,Delhi,Delhi City 1,Enterprise,1,Call Drops,Resolved,36,2.89,-8
AIR109069,2025-06-15,Telangana,Telangana City 3,Prepaid,0,Call Drops,No Complaint,20.2,3.05,1
AIR109070,2025-07-15,Rajasthan,Rajasthan City 2,Prepaid,0,Slow Internet,No Complaint,45.4,3.76,17
AIR109071,2025-08-15,Uttar Pradesh,Uttar Pradesh City 2,Postpaid,1,Network Issues,Resolved,26.4,3.52,1
AIR109072,2025-09-15,Gujarat,Gujarat City 2,Prepaid,0,Network Issues,No Complaint,5.1,3.61,26
AIR109073,2025-10-15,West Bengal,West Bengal City 1,Prepaid,0,Network Issues,No Complaint,5.4,4.32,44
AIR109074,2025-11-15,Rajasthan,Rajasthan City 1,Prepaid,0,Slow Internet,No Complaint,21.1,4.23,39
AIR109075,2025-12-15,Uttar Pradesh,Uttar Pradesh City 2,Postpaid,0,Call Drops,No Complaint,14.7,2.87,-19
AIR109076,2025-02-15,Delhi,Delhi City 1,Broadband,0,Network Issues,No Complaint,17,3.8,21
AIR109077,2025-03-15,Tamil Nadu,Tamil Nadu City 1,Postpaid,0,Network Issues,No Complaint,8.4,3.67,12
AIR109078,2025-04-15,West Bengal,West Bengal City 3,Postpaid,0,Call Drops,No Complaint,13.5,3.49,-4
AIR109079,2025-05-15,Karnataka,Karnataka City 2,Prepaid,0,Slow Internet,No Complaint,13.2,4.24,45
AIR109080,2025-06-15,Tamil Nadu,Tamil Nadu City 2,Prepaid,0,Network Issues,No Complaint,5.5,3.66,27
AIR109081,2025-07-15,Telangana,Telangana City 2,Prepaid,0,Network Issues,No Complaint,8.3,3.7,15
AIR109082,2025-08-15,Uttar Pradesh,Uttar Pradesh City 1,Broadband,0,Slow Internet,No Complaint,30.9,4.21,52
AIR109083,2025-09-15,Rajasthan,Rajasthan City 1,Prepaid,0,Call Drops,No Complaint,19.4,3.22,12
AIR109084,2025-10-15,Rajasthan,Rajasthan City 1,Enterprise,0,Network Issues,No Complaint,6.8,3.2,-5
AIR109085,2025-11-15,Maharashtra,Maharashtra City 2,Prepaid,0,Slow Internet,No Complaint,1.7,3.01,1
AIR109086,2025-12-15,Gujarat,Gujarat City 1,Postpaid,0,Billing Issues,No Complaint,31.1,2.91,7
AIR109087,2025-02-15,Telangana,Telangana City 2,Broadband,0,Network Issues,No Complaint,26.2,3.85,29
AIR109088,2025-03-15,Uttar Pradesh,Uttar Pradesh City 1,Prepaid,0,Slow Internet,No Complaint,12.2,3.4,17
AIR109089,2025-04-15,Rajasthan,Rajasthan City 2,Postpaid,0,Network Issues,No Complaint,38.8,4.1,36
AIR109090,2025-05-15,Karnataka,Karnataka City 3,Prepaid,0,Call Drops,No Complaint,15.7,3.94,24
AIR109091,2025-06-15,West Bengal,West Bengal City 1,Prepaid,1,Call Drops,Pending,49.3,3.95,44
AIR109092,2025-07-15,Telangana,Telangana City 2,Prepaid,1,Billing Issues,Resolved,11.2,3.08,15
AIR109093,2025-08-15,Delhi,Delhi City 3,Broadband,0,Network Issues,No Complaint,13.3,4.23,44
AIR109094,2025-09-15,Karnataka,Karnataka City 3,Prepaid,0,Billing Issues,No Complaint,16.9,4.04,21
AIR109095,2025-10-15,West Bengal,West Bengal City 1,Prepaid,0,Network Issues,No Complaint,13,3.84,36
AIR109096,2025-11-15,Kerala,Kerala City 2,Enterprise,0,Network Issues,No Complaint,20.3,3.3,22
AIR109097,2025-12-15,Gujarat,Gujarat City 1,Prepaid,0,Network Issues,No Complaint,5.4,4.11,35
AIR109098,2025-02-15,Telangana,Telangana City 3,Prepaid,0,Network Issues,No Complaint,4.7,3.14,-4
AIR109099,2025-03-15,Uttar Pradesh,Uttar Pradesh City 1,Enterprise,0,Network Issues,No Complaint,9.1,3.14,8
AIR109100,2025-04-15,Tamil Nadu,Tamil Nadu City 2,Prepaid,0,Network Issues,No Complaint,15.1,3.45,12
AIR109101,2025-05-15,West Bengal,West Bengal City 3,Prepaid,0,Network Issues,No Complaint,18.2,3.21,9
AIR109102,2025-06-15,Delhi,Delhi City 1,Broadband,0,Slow Internet,No Complaint,6.8,3.59,11
AIR109103,2025-07-15,Rajasthan,Rajasthan City 1,Prepaid,0,Slow Internet,No Complaint,62.9,3.2,14
AIR109104,2025-08-15,Tamil Nadu,Tamil Nadu City 1,Prepaid,0,Slow Internet,No Complaint,7.2,3.72,12
AIR109105,2025-09-15,Karnataka,Karnataka City 1,Prepaid,0,Network Issues,No Complaint,9.5,3.42,7
AIR109106,2025-10-15,Gujarat,Gujarat City 1,Postpaid,0,Call Drops,No Complaint,24.2,3.67,42
AIR109107,2025-11-15,Uttar Pradesh,Uttar Pradesh City 3,Prepaid,0,Network Issues,No Complaint,27.1,3.04,8
AIR109108,2025-12-15,Tamil Nadu,Tamil Nadu City 3,Prepaid,1,Network Issues,Resolved,5.8,4.76,58
AIR109109,2025-02-15,Delhi,Delhi City 2,Prepaid,1,Slow Internet,In Progress,14.3,3.82,27
AIR109110,2025-03-15,West Bengal,West Bengal City 1,Prepaid,0,Slow Internet,No Complaint,2.9,3.62,30
AIR109111,2025-04-15,Uttar Pradesh,Uttar Pradesh City 2,Postpaid,0,Network Issues,No Complaint,39.9,4.15,45
AIR109112,2025-05-15,Kerala,Kerala City 3,Prepaid,0,Slow Internet,No Complaint,4.9,2.18,-22
AIR109113,2025-06-15,Rajasthan,Rajasthan City 1,Postpaid,0,Network Issues,No Complaint,4.1,4.31,54
AIR109114,2025-07-15,Gujarat,Gujarat City 2,Postpaid,0,Network Issues,No Complaint,7.1,3.12,-18
AIR109115,2025-08-15,Tamil Nadu,Tamil Nadu City 1,Prepaid,1,Network Issues,In Progress,12.6,4.02,32
AIR109116,2025-09-15,Gujarat,Gujarat City 1,Prepaid,0,Slow Internet,No Complaint,6.9,3.25,17
AIR109117,2025-10-15,Gujarat,Gujarat City 2,Prepaid,0,Slow Internet,No Complaint,42.7,3.17,11
AIR109118,2025-11-15,Gujarat,Gujarat City 3,Prepaid,0,Call Drops,No Complaint,19.2,3.63,31
AIR109119,2025-12-15,West Bengal,West Bengal City 2,Postpaid,0,Call Drops,No Complaint,15.3,3.95,39
AIR109120,2025-02-15,Gujarat,Gujarat City 2,Postpaid,0,Slow Internet,No Complaint,6.6,3.6,28
AIR109121,2025-03-15,Kerala,Kerala City 2,Prepaid,0,Network Issues,No Complaint,17.6,3.42,21
AIR109122,2025-04-15,Karnataka,Karnataka City 1,Postpaid,0,Call Drops,No Complaint,12.6,3.37,13
AIR109123,2025-05-15,Delhi,Delhi City 3,Enterprise,0,Network Issues,No Complaint,7.4,3.9,42
AIR109124,2025-06-15,Uttar Pradesh,Uttar Pradesh City 3,Prepaid,0,Network Issues,No Complaint,1.2,3.73,6
AIR109125,2025-07-15,Kerala,Kerala City 1,Postpaid,1,Slow Internet,Resolved,18,4.18,42
AIR109126,2025-08-15,Uttar Pradesh,Uttar Pradesh City 3,Postpaid,0,Network Issues,No Complaint,12.1,4.42,56
AIR109127,2025-09-15,Delhi,Delhi City 2,Prepaid,1,Slow Internet,Pending,37.4,3.07,8
AIR109128,2025-10-15,Karnataka,Karnataka City 3,Postpaid,0,Network Issues,No Complaint,17.4,3.55,13
AIR109129,2025-11-15,Telangana,Telangana City 1,Enterprise,0,Network Issues,No Complaint,9.7,3.05,-19
AIR109130,2025-12-15,Uttar Pradesh,Uttar Pradesh City 3,Prepaid,0,Call Drops,No Complaint,19.7,3.01,9
AIR109131,2025-02-15,Uttar Pradesh,Uttar Pradesh City 1,Broadband,0,Slow Internet,No Complaint,11,4.16,28
AIR109132,2025-03-15,Karnataka,Karnataka City 2,Prepaid,0,Slow Internet,No Complaint,37.5,3.6,25
AIR109133,2025-04-15,Tamil Nadu,Tamil Nadu City 1,Prepaid,0,Network Issues,No Complaint,14.2,3.75,16
AIR109134,2025-05-15,Kerala,Kerala City 3,Postpaid,0,Network Issues,No Complaint,3.6,2.7,-15
AIR109135,2025-06-15,Tamil Nadu,Tamil Nadu City 2,Prepaid,0,Network Issues,No Complaint,5.4,3.2,17
AIR109136,2025-07-15,Tamil Nadu,Tamil Nadu City 3,Postpaid,1,Slow Internet,Resolved,6.2,4.01,28
AIR109137,2025-08-15,Tamil Nadu,Tamil Nadu City 1,Prepaid,0,Network Issues,No Complaint,27.6,3.19,-4
AIR109138,2025-09-15,Gujarat,Gujarat City 2,Postpaid,0,Network Issues,No Complaint,14.4,4.29,59
AIR109139,2025-10-15,Rajasthan,Rajasthan City 1,Postpaid,0,Call Drops,No Complaint,19.8,3.38,19
AIR109140,2025-11-15,Uttar Pradesh,Uttar Pradesh City 3,Postpaid,1,Call Drops,Resolved,22.6,3.19,4
AIR109141,2025-12-15,Tamil Nadu,Tamil Nadu City 1,Prepaid,1,Network Issues,Resolved,10.7,4.26,43
AIR109142,2025-02-15,Kerala,Kerala City 3,Prepaid,1,Slow Internet,Resolved,10.8,2.89,-5
AIR109143,2025-03-15,Rajasthan,Rajasthan City 3,Prepaid,0,Others,No Complaint,6.2,3.31,15
AIR109144,2025-04-15,Rajasthan,Rajasthan City 2,Postpaid,0,Network Issues,No Complaint,50.9,3.29,-3
AIR109145,2025-05-15,Tamil Nadu,Tamil Nadu City 2,Prepaid,0,Slow Internet,No Complaint,16.1,3.69,37
AIR109146,2025-06-15,West Bengal,West Bengal City 1,Postpaid,0,Network Issues,No Complaint,10.1,3.53,14
AIR109147,2025-07-15,Tamil Nadu,Tamil Nadu City 3,Prepaid,0,Network Issues,No Complaint,16.5,3.68,23
AIR109148,2025-08-15,West Bengal,West Bengal City 3,Postpaid,0,Slow Internet,No Complaint,16.2,3.72,17
AIR109149,2025-09-15,Tamil Nadu,Tamil Nadu City 2,Postpaid,0,Slow Internet,No Complaint,16.9,3.59,28
AIR109150,2025-10-15,Kerala,Kerala City 2,Prepaid,1,Network Issues,Pending,25.1,3.67,22
AIR109151,2025-11-15,West Bengal,West Bengal City 2,Postpaid,0,Billing Issues,No Complaint,12.2,3.07,19
AIR109152,2025-12-15,Gujarat,Gujarat City 2,Prepaid,0,Slow Internet,No Complaint,6.8,3.82,31
AIR109153,2025-02-15,Rajasthan,Rajasthan City 1,Broadband,0,Billing Issues,No Complaint,8.8,3.35,19
AIR109154,2025-03-15,Tamil Nadu,Tamil Nadu City 1,Postpaid,0,Network Issues,No Complaint,37.4,3.43,19
AIR109155,2025-04-15,Rajasthan,Rajasthan City 1,Postpaid,0,Others,No Complaint,45.1,3.23,33
AIR109156,2025-05-15,Tamil Nadu,Tamil Nadu City 1,Broadband,0,Others,No Complaint,14.5,3.72,21
AIR109157,2025-06-15,Uttar Pradesh,Uttar Pradesh City 2,Broadband,1,Slow Internet,Resolved,9.3,3.25,10
AIR109158,2025-07-15,Uttar Pradesh,Uttar Pradesh City 1,Postpaid,0,Slow Internet,No Complaint,35.8,3.59,22
AIR109159,2025-08-15,Maharashtra,Maharashtra City 1,Prepaid,0,Call Drops,No Complaint,11.9,3.35,22
AIR109160,2025-09-15,Tamil Nadu,Tamil Nadu City 1,Postpaid,0,Slow Internet,No Complaint,14.7,3,5
AIR109161,2025-10-15,Maharashtra,Maharashtra City 2,Prepaid,0,Network Issues,No Complaint,10.1,3.21,11
AIR109162,2025-11-15,Karnataka,Karnataka City 3,Postpaid,0,Network Issues,No Complaint,28.4,3.48,16
AIR109163,2025-12-15,Karnataka,Karnataka City 2,Postpaid,0,Call Drops,No Complaint,9.7,3.1,25
AIR109164,2025-02-15,Rajasthan,Rajasthan City 3,Postpaid,0,Slow Internet,No Complaint,6.6,4.26,46
AIR109165,2025-03-15,West Bengal,West Bengal City 3,Postpaid,1,Network Issues,Resolved,37.5,4.22,38
AIR109166,2025-04-15,Tamil Nadu,Tamil Nadu City 1,Postpaid,0,Network Issues,No Complaint,5.7,4.12,34
AIR109167,2025-05-15,Delhi,Delhi City 1,Prepaid,0,Slow Internet,No Complaint,22.3,3.23,3
AIR109168,2025-06-15,Tamil Nadu,Tamil Nadu City 1,Prepaid,0,Slow Internet,No Complaint,30.7,4.05,28
AIR109169,2025-07-15,Tamil Nadu,Tamil Nadu City 2,Postpaid,1,Network Issues,Resolved,15.9,3.56,12
AIR109170,2025-08-15,Delhi,Delhi City 2,Prepaid,0,Call Drops,No Complaint,11.3,3.64,18
AIR109171,2025-09-15,Karnataka,Karnataka City 1,Postpaid,1,Network Issues,Resolved,12.3,3.81,20
AIR109172,2025-10-15,Maharashtra,Maharashtra City 2,Prepaid,1,Network Issues,Resolved,17.7,3.57,19
AIR109173,2025-11-15,Rajasthan,Rajasthan City 2,Prepaid,1,Network Issues,In Progress,16.6,3.37,21
AIR109174,2025-12-15,Karnataka,Karnataka City 3,Postpaid,1,Network Issues,Pending,8.6,3.46,20
AIR109175,2025-02-15,Delhi,Delhi City 2,Postpaid,0,Network Issues,No Complaint,13.5,3.86,34
AIR109176,2025-03-15,Tamil Nadu,Tamil Nadu City 3,Prepaid,0,Network Issues,No Complaint,23.1,3.49,13
AIR109177,2025-04-15,Karnataka,Karnataka City 1,Prepaid,0,Slow Internet,No Complaint,41.3,3.96,28
AIR109178,2025-05-15,Kerala,Kerala City 2,Prepaid,0,Slow Internet,No Complaint,4.9,2.77,-16
AIR109179,2025-06-15,Uttar Pradesh,Uttar Pradesh City 3,Prepaid,1,Network Issues,Resolved,9.4,2.95,-4
AIR109180,2025-07-15,Tamil Nadu,Tamil Nadu City 2,Prepaid,0,Network Issues,No Complaint,18.2,4.13,38
AIR109181,2025-08-15,Telangana,Telangana City 3,Postpaid,1,Others,Resolved,33.5,4.09,29
AIR109182,2025-09-15,Delhi,Delhi City 3,Broadband,0,Network Issues,No Complaint,13.9,3.36,1
AIR109183,2025-10-15,Gujarat,Gujarat City 2,Prepaid,0,Slow Internet,No Complaint,22.5,3.92,19
AIR109184,2025-11-15,West Bengal,West Bengal City 1,Prepaid,0,Network Issues,No Complaint,10.7,3.56,30
AIR109185,2025-12-15,Gujarat,Gujarat City 3,Postpaid,0,Call Drops,No Complaint,19.4,3.96,36
AIR109186,2025-02-15,Karnataka,Karnataka City 1,Broadband,0,Network Issues,No Complaint,27,3.84,23
AIR109187,2025-03-15,Tamil Nadu,Tamil Nadu City 2,Prepaid,0,Slow Internet,No Complaint,6.7,4.24,44
AIR109188,2025-04-15,West Bengal,West Bengal City 2,Prepaid,0,Network Issues,No Complaint,5.4,3.37,8
AIR109189,2025-05-15,West Bengal,West Bengal City 1,Prepaid,0,Network Issues,No Complaint,34.4,2.77,-4
AIR109190,2025-06-15,Rajasthan,Rajasthan City 2,Prepaid,0,Call Drops,No Complaint,18.9,3.87,27
AIR109191,2025-07-15,Gujarat,Gujarat City 3,Postpaid,0,Slow Internet,No Complaint,29.7,3.75,20
AIR109192,2025-08-15,Tamil Nadu,Tamil Nadu City 1,Enterprise,0,Network Issues,No Complaint,31.7,2.64,-13
AIR109193,2025-09-15,Rajasthan,Rajasthan City 2,Postpaid,0,Network Issues,No Complaint,11.9,3.12,-7
AIR109194,2025-10-15,Maharashtra,Maharashtra City 2,Enterprise,1,Network Issues,Resolved,13.1,4.28,55
AIR109195,2025-11-15,Gujarat,Gujarat City 1,Prepaid,0,Network Issues,No Complaint,7.3,3.17,-9
AIR109196,2025-12-15,Uttar Pradesh,Uttar Pradesh City 3,Broadband,1,Call Drops,Resolved,40.6,4.23,52
AIR109197,2025-02-15,Uttar Pradesh,Uttar Pradesh City 1,Prepaid,0,Slow Internet,No Complaint,25.5,3.69,17
AIR109198,2025-03-15,Rajasthan,Rajasthan City 2,Prepaid,0,Slow Internet,No Complaint,15.5,3.93,43
AIR109199,2025-04-15,Maharashtra,Maharashtra City 2,Postpaid,1,Network Issues,Resolved,26.5,4.32,40
AIR109200,2025-05-15,Kerala,Kerala City 1,Prepaid,0,Slow Internet,No Complaint,9.9,3.83,12
AIR109201,2025-06-15,Kerala,Kerala City 3,Prepaid,0,Network Issues,No Complaint,31.5,3.18,6
AIR109202,2025-07-15,Uttar Pradesh,Uttar Pradesh City 3,Postpaid,0,Call Drops,No Complaint,2.7,3.12,27
AIR109203,2025-08-15,Telangana,Telangana City 3,Prepaid,0,Slow Internet,No Complaint,32.7,3.66,37
AIR109204,2025-09-15,Delhi,Delhi City 1,Postpaid,0,Network Issues,No Complaint,16.6,3.38,27
AIR109205,2025-10-15,Delhi,Delhi City 3,Prepaid,1,Billing Issues,Resolved,13.4,4.03,47
AIR109206,2025-11-15,Telangana,Telangana City 3,Postpaid,0,Slow Internet,No Complaint,29.7,4.06,21
AIR109207,2025-12-15,Rajasthan,Rajasthan City 3,Prepaid,1,Slow Internet,Resolved,13.4,3.76,23
AIR109208,2025-02-15,Delhi,Delhi City 3,Postpaid,1,Network Issues,Resolved,20.2,3.4,18
AIR109209,2025-03-15,Delhi,Delhi City 2,Prepaid,1,Call Drops,Resolved,25.8,2.89,-14
AIR109210,2025-04-15,Gujarat,Gujarat City 1,Postpaid,0,Billing Issues,No Complaint,22.1,3.61,31
AIR109211,2025-05-15,Gujarat,Gujarat City 1,Postpaid,0,Network Issues,No Complaint,23.9,4.66,58
AIR109212,2025-06-15,Telangana,Telangana City 3,Prepaid,0,Network Issues,No Complaint,44.3,3.65,29
AIR109213,2025-07-15,Tamil Nadu,Tamil Nadu City 1,Prepaid,0,Network Issues,No Complaint,15.7,3.45,28
AIR109214,2025-08-15,Maharashtra,Maharashtra City 1,Prepaid,0,Call Drops,No Complaint,51.8,4.05,41
AIR109215,2025-09-15,Rajasthan,Rajasthan City 2,Postpaid,1,Call Drops,Pending,34.5,4.1,27
AIR109216,2025-10-15,Gujarat,Gujarat City 1,Postpaid,0,Slow Internet,No Complaint,8.3,3.93,18
AIR109217,2025-11-15,Gujarat,Gujarat City 2,Prepaid,0,Network Issues,No Complaint,23,3.85,20
AIR109218,2025-12-15,Kerala,Kerala City 1,Postpaid,1,Call Drops,Resolved,13.6,3.57,9
AIR109219,2025-02-15,Maharashtra,Maharashtra City 2,Broadband,1,Slow Internet,Resolved,23.4,3.45,15
AIR109220,2025-03-15,Kerala,Kerala City 2,Prepaid,0,Network Issues,No Complaint,42.4,4.57,44
AIR109221,2025-04-15,Tamil Nadu,Tamil Nadu City 1,Prepaid,0,Network Issues,No Complaint,14.9,3.73,13
AIR109222,2025-05-15,Maharashtra,Maharashtra City 2,Postpaid,0,Call Drops,No Complaint,12.4,2.84,4
AIR109223,2025-06-15,Delhi,Delhi City 2,Postpaid,0,Network Issues,No Complaint,15.8,3.36,2
AIR109224,2025-07-15,Kerala,Kerala City 1,Prepaid,0,Network Issues,No Complaint,6.2,4.8,58
AIR109225,2025-08-15,Uttar Pradesh,Uttar Pradesh City 2,Prepaid,1,Slow Internet,Resolved,26.3,3.32,10
AIR109226,2025-09-15,Rajasthan,Rajasthan City 2,Prepaid,0,Network Issues,No Complaint,20,4.16,41
AIR109227,2025-10-15,Delhi,Delhi City 2,Postpaid,0,Call Drops,No Complaint,62.9,3.56,24
AIR109228,2025-11-15,Maharashtra,Maharashtra City 2,Postpaid,0,Call Drops,No Complaint,16.3,3.08,-4
AIR109229,2025-12-15,Uttar Pradesh,Uttar Pradesh City 2,Prepaid,1,Slow Internet,Resolved,4.5,2.7,-31
AIR109230,2025-02-15,Tamil Nadu,Tamil Nadu City 3,Prepaid,0,Call Drops,No Complaint,16.7,3.96,32
AIR109231,2025-03-15,Uttar Pradesh,Uttar Pradesh City 2,Prepaid,0,Network Issues,No Complaint,32.4,3.21,-1
AIR109232,2025-04-15,Gujarat,Gujarat City 2,Broadband,0,Call Drops,No Complaint,5.6,3.18,23
AIR109233,2025-05-15,Telangana,Telangana City 2,Prepaid,0,Network Issues,No Complaint,46.5,3.76,56
AIR109234,2025-06-15,Uttar Pradesh,Uttar Pradesh City 2,Postpaid,0,Network Issues,No Complaint,5,3.79,15
AIR109235,2025-07-15,West Bengal,West Bengal City 1,Postpaid,0,Slow Internet,No Complaint,20.5,3.78,27
AIR109236,2025-08-15,Tamil Nadu,Tamil Nadu City 3,Broadband,0,Slow Internet,No Complaint,13.5,4.01,30
AIR109237,2025-09-15,Delhi,Delhi City 1,Postpaid,0,Slow Internet,No Complaint,24,3.34,4
AIR109238,2025-10-15,Kerala,Kerala City 3,Prepaid,0,Billing Issues,No Complaint,36,3.43,21
AIR109239,2025-11-15,Karnataka,Karnataka City 2,Broadband,1,Slow Internet,Resolved,16.3,3.54,28
AIR109240,2025-12-15,Tamil Nadu,Tamil Nadu City 2,Postpaid,0,Slow Internet,No Complaint,15.6,3.89,39
AIR109241,2025-02-15,West Bengal,West Bengal City 3,Postpaid,1,Network Issues,Pending,12.5,4.21,52
AIR109242,2025-03-15,Gujarat,Gujarat City 3,Prepaid,0,Others,No Complaint,26.6,3.93,34
AIR109243,2025-04-15,Kerala,Kerala City 1,Prepaid,0,Network Issues,No Complaint,10.4,3.94,22
AIR109244,2025-05-15,Rajasthan,Rajasthan City 3,Postpaid,1,Slow Internet,Pending,12.8,3.95,42
AIR109245,2025-06-15,Karnataka,Karnataka City 2,Broadband,0,Call Drops,No Complaint,31.3,3.36,10
AIR109246,2025-07-15,Uttar Pradesh,Uttar Pradesh City 1,Postpaid,1,Call Drops,Resolved,6.7,4,35
AIR109247,2025-08-15,West Bengal,West Bengal City 3,Broadband,0,Network Issues,No Complaint,6.8,3.68,35
AIR109248,2025-09-15,Uttar Pradesh,Uttar Pradesh City 3,Postpaid,0,Call Drops,No Complaint,28.7,3.09,-10
AIR109249,2025-10-15,Rajasthan,Rajasthan City 1,Prepaid,0,Call Drops,No Complaint,14.1,3.7,34
AIR109250,2025-11-15,Tamil Nadu,Tamil Nadu City 3,Postpaid,1,Call Drops,In Progress,18.2,3.15,1
AIR109251,2025-12-15,Telangana,Telangana City 2,Postpaid,1,Slow Internet,Resolved,8.2,3.92,48
AIR109252,2025-02-15,West Bengal,West Bengal City 1,Postpaid,0,Slow Internet,No Complaint,9.7,3.69,27
AIR109253,2025-03-15,Maharashtra,Maharashtra City 3,Broadband,1,Network Issues,Resolved,14.3,3.86,36
AIR109254,2025-04-15,Delhi,Delhi City 2,Prepaid,0,Slow Internet,No Complaint,13.1,4.05,30
AIR109255,2025-05-15,Maharashtra,Maharashtra City 3,Prepaid,0,Network Issues,No Complaint,18.3,3.54,9
AIR109256,2025-06-15,Telangana,Telangana City 1,Broadband,0,Billing Issues,No Complaint,7,3.56,47
AIR109257,2025-07-15,Rajasthan,Rajasthan City 3,Prepaid,0,Call Drops,No Complaint,8.3,3.01,-20
AIR109258,2025-08-15,Maharashtra,Maharashtra City 3,Postpaid,0,Slow Internet,No Complaint,28.9,3.31,2
AIR109259,2025-09-15,Gujarat,Gujarat City 3,Broadband,1,Network Issues,Resolved,3.1,3.35,11
AIR109260,2025-10-15,West Bengal,West Bengal City 2,Prepaid,0,Network Issues,No Complaint,3.4,3.48,24
AIR109261,2025-11-15,Gujarat,Gujarat City 2,Broadband,0,Network Issues,No Complaint,29.2,4.02,33
AIR109262,2025-12-15,Karnataka,Karnataka City 3,Prepaid,0,Slow Internet,No Complaint,13.1,3.88,23
AIR109263,2025-02-15,Telangana,Telangana City 3,Postpaid,0,Network Issues,No Complaint,20.7,3.73,22
AIR109264,2025-03-15,Karnataka,Karnataka City 1,Prepaid,0,Slow Internet,No Complaint,4.1,3.31,15
AIR109265,2025-04-15,Karnataka,Karnataka City 3,Postpaid,0,Slow Internet,No Complaint,18.1,3.49,40
AIR109266,2025-05-15,Karnataka,Karnataka City 1,Postpaid,0,Billing Issues,No Complaint,7.4,3.63,23
AIR109267,2025-06-15,Tamil Nadu,Tamil Nadu City 2,Postpaid,0,Slow Internet,No Complaint,39.1,3.43,30
AIR109268,2025-07-15,Tamil Nadu,Tamil Nadu City 3,Postpaid,0,Network Issues,No Complaint,19.6,3.16,-6
AIR109269,2025-08-15,Telangana,Telangana City 1,Broadband,1,Network Issues,Resolved,6.8,3.31,14
AIR109270,2025-09-15,Kerala,Kerala City 2,Postpaid,1,Slow Internet,Resolved,24.2,3.16,12
AIR109271,2025-10-15,Maharashtra,Maharashtra City 1,Enterprise,0,Slow Internet,No Complaint,32.7,4.19,46
AIR109272,2025-11-15,Tamil Nadu,Tamil Nadu City 2,Prepaid,0,Network Issues,No Complaint,10.8,4.64,56
AIR109273,2025-12-15,Uttar Pradesh,Uttar Pradesh City 3,Postpaid,0,Others,No Complaint,12,4.19,53
AIR109274,2025-02-15,Gujarat,Gujarat City 1,Prepaid,0,Slow Internet,No Complaint,17.9,2.88,-3
AIR109275,2025-03-15,Tamil Nadu,Tamil Nadu City 3,Enterprise,1,Network Issues,Resolved,35.6,3.6,15
AIR109276,2025-04-15,Rajasthan,Rajasthan City 1,Prepaid,0,Call Drops,No Complaint,3.7,3.74,11
AIR109277,2025-05-15,Karnataka,Karnataka City 2,Prepaid,0,Others,No Complaint,23.3,3.87,38
AIR109278,2025-06-15,Tamil Nadu,Tamil Nadu City 1,Prepaid,0,Slow Internet,No Complaint,23.3,4.32,41
AIR109279,2025-07-15,Telangana,Telangana City 1,Prepaid,0,Others,No Complaint,14.7,3.3,8
AIR109280,2025-08-15,Gujarat,Gujarat City 3,Broadband,0,Billing Issues,No Complaint,35.1,3.64,11
AIR109281,2025-09-15,Gujarat,Gujarat City 3,Prepaid,0,Network Issues,No Complaint,34.9,3.56,31
AIR109282,2025-10-15,Kerala,Kerala City 3,Broadband,1,Call Drops,Resolved,9.4,2.42,-16
AIR109283,2025-11-15,Delhi,Delhi City 2,Prepaid,1,Slow Internet,Resolved,5.6,4.2,36
AIR109284,2025-12-15,Delhi,Delhi City 3,Broadband,1,Billing Issues,In Progress,16.4,3.91,33
AIR109285,2025-02-15,Maharashtra,Maharashtra City 1,Postpaid,1,Call Drops,Pending,18.5,3.54,19
AIR109286,2025-03-15,Uttar Pradesh,Uttar Pradesh City 2,Prepaid,0,Slow Internet,No Complaint,8.9,3.95,42
AIR109287,2025-04-15,West Bengal,West Bengal City 3,Prepaid,1,Network Issues,Pending,8.1,3.63,18
AIR109288,2025-05-15,Telangana,Telangana City 1,Prepaid,1,Slow Internet,Resolved,4.5,3.68,15
AIR109289,2025-06-15,Rajasthan,Rajasthan City 1,Prepaid,0,Network Issues,No Complaint,7.8,3.14,7
AIR109290,2025-07-15,Tamil Nadu,Tamil Nadu City 2,Prepaid,0,Slow Internet,No Complaint,42.5,4.22,40
AIR109291,2025-08-15,Telangana,Telangana City 1,Prepaid,0,Network Issues,No Complaint,8,3.22,4
AIR109292,2025-09-15,Uttar Pradesh,Uttar Pradesh City 3,Prepaid,0,Slow Internet,No Complaint,7.7,4.01,35
AIR109293,2025-10-15,Delhi,Delhi City 1,Postpaid,0,Call Drops,No Complaint,16.6,3.93,34
AIR109294,2025-11-15,Telangana,Telangana City 3,Prepaid,0,Others,No Complaint,14.5,3.88,27
AIR109295,2025-12-15,Tamil Nadu,Tamil Nadu City 3,Postpaid,0,Network Issues,No Complaint,12.1,3.36,-5
AIR109296,2025-02-15,Kerala,Kerala City 2,Enterprise,0,Network Issues,No Complaint,10,3.51,19
AIR109297,2025-03-15,Maharashtra,Maharashtra City 1,Prepaid,1,Slow Internet,In Progress,19.8,3.86,43
AIR109298,2025-04-15,Kerala,Kerala City 2,Postpaid,0,Others,No Complaint,12.8,3.04,11
AIR109299,2025-05-15,Delhi,Delhi City 2,Prepaid,0,Network Issues,No Complaint,13.4,3.41,15
AIR109300,2025-06-15,Karnataka,Karnataka City 2,Prepaid,0,Slow Internet,No Complaint,32.7,2.42,-25
AIR109301,2025-07-15,Delhi,Delhi City 3,Postpaid,0,Call Drops,No Complaint,28.5,4.42,44
AIR109302,2025-08-15,Maharashtra,Maharashtra City 3,Prepaid,0,Network Issues,No Complaint,7.5,3.03,4
AIR109303,2025-09-15,Tamil Nadu,Tamil Nadu City 3,Prepaid,0,Network Issues,No Complaint,12.1,4.29,52
AIR109304,2025-10-15,Uttar Pradesh,Uttar Pradesh City 3,Prepaid,0,Slow Internet,No Complaint,31.1,3.07,-5
AIR109305,2025-11-15,West Bengal,West Bengal City 1,Broadband,0,Network Issues,No Complaint,18.4,2.49,-12
AIR109306,2025-12-15,Kerala,Kerala City 1,Postpaid,0,Network Issues,No Complaint,25.4,4.01,47
AIR109307,2025-02-15,Delhi,Delhi City 3,Enterprise,1,Slow Internet,In Progress,37.6,4.29,55
AIR109308,2025-03-15,Uttar Pradesh,Uttar Pradesh City 3,Broadband,0,Network Issues,No Complaint,11.5,3.12,5
AIR109309,2025-04-15,Kerala,Kerala City 1,Prepaid,0,Billing Issues,No Complaint,7.5,3.35,-2
AIR109310,2025-05-15,Delhi,Delhi City 2,Prepaid,0,Network Issues,No Complaint,17.5,2.93,-7
AIR109311,2025-06-15,Maharashtra,Maharashtra City 2,Prepaid,1,Slow Internet,Resolved,16.8,3.51,4
AIR109312,2025-07-15,Kerala,Kerala City 3,Postpaid,0,Call Drops,No Complaint,16.6,3.59,18
AIR109313,2025-08-15,Delhi,Delhi City 2,Postpaid,0,Slow Internet,No Complaint,25,4.7,46
AIR109314,2025-09-15,Tamil Nadu,Tamil Nadu City 3,Prepaid,0,Call Drops,No Complaint,4.9,4.15,40
AIR109315,2025-10-15,Maharashtra,Maharashtra City 3,Prepaid,0,Slow Internet,No Complaint,8.3,3.77,11
AIR109316,2025-11-15,Uttar Pradesh,Uttar Pradesh City 3,Prepaid,0,Slow Internet,No Complaint,4.4,3.53,20
AIR109317,2025-12-15,Uttar Pradesh,Uttar Pradesh City 1,Broadband,1,Billing Issues,Pending,22,3.05,1
AIR109318,2025-02-15,West Bengal,West Bengal City 2,Broadband,0,Network Issues,No Complaint,35.8,4.45,65
AIR109319,2025-03-15,Telangana,Telangana City 1,Prepaid,0,Call Drops,No Complaint,15.7,3.67,19
AIR109320,2025-04-15,Karnataka,Karnataka City 2,Prepaid,0,Network Issues,No Complaint,18,3.33,-8
AIR109321,2025-05-15,Tamil Nadu,Tamil Nadu City 1,Prepaid,1,Call Drops,Resolved,9,3.86,33
AIR109322,2025-06-15,Maharashtra,Maharashtra City 1,Broadband,0,Call Drops,No Complaint,9.2,3.37,11
AIR109323,2025-07-15,Kerala,Kerala City 3,Enterprise,1,Network Issues,Resolved,7,2.91,3
AIR109324,2025-08-15,Uttar Pradesh,Uttar Pradesh City 3,Prepaid,1,Billing Issues,Resolved,10.8,3.78,15
AIR109325,2025-09-15,Tamil Nadu,Tamil Nadu City 1,Prepaid,0,Call Drops,No Complaint,14.2,3.5,20
AIR109326,2025-10-15,Maharashtra,Maharashtra City 2,Prepaid,0,Network Issues,No Complaint,4,4.17,40
AIR109327,2025-11-15,Maharashtra,Maharashtra City 2,Postpaid,0,Network Issues,No Complaint,8.6,3.35,12
AIR109328,2025-12-15,Kerala,Kerala City 3,Postpaid,1,Network Issues,Resolved,5.7,3.77,32
AIR109329,2025-02-15,Maharashtra,Maharashtra City 3,Postpaid,1,Others,Pending,35.9,3.24,33
AIR109330,2025-03-15,Rajasthan,Rajasthan City 2,Enterprise,0,Network Issues,No Complaint,25,3.84,35
AIR109331,2025-04-15,Tamil Nadu,Tamil Nadu City 2,Prepaid,0,Slow Internet,No Complaint,7.7,3.72,33
AIR109332,2025-05-15,Delhi,Delhi City 2,Postpaid,0,Slow Internet,No Complaint,39.3,3.56,17
AIR109333,2025-06-15,Uttar Pradesh,Uttar Pradesh City 3,Prepaid,0,Call Drops,No Complaint,15.3,3.49,31
AIR109334,2025-07-15,Uttar Pradesh,Uttar Pradesh City 2,Prepaid,0,Slow Internet,No Complaint,27.2,3.55,3
AIR109335,2025-08-15,Delhi,Delhi City 3,Postpaid,0,Slow Internet,No Complaint,28.7,3.18,-6
AIR109336,2025-09-15,Tamil Nadu,Tamil Nadu City 1,Broadband,1,Network Issues,Pending,10.7,4.21,28
AIR109337,2025-10-15,Karnataka,Karnataka City 1,Postpaid,1,Slow Internet,Resolved,23,4.19,43
AIR109338,2025-11-15,Tamil Nadu,Tamil Nadu City 1,Postpaid,1,Slow Internet,Pending,8.8,3.57,36
AIR109339,2025-12-15,Gujarat,Gujarat City 2,Postpaid,1,Network Issues,Resolved,12.3,3.56,24
AIR109340,2025-02-15,Maharashtra,Maharashtra City 3,Prepaid,1,Slow Internet,Resolved,37.4,3.96,37
AIR109341,2025-03-15,Telangana,Telangana City 2,Postpaid,0,Call Drops,No Complaint,19.4,2.87,5
AIR109342,2025-04-15,Kerala,Kerala City 3,Postpaid,0,Network Issues,No Complaint,25.7,3.8,23
AIR109343,2025-05-15,Rajasthan,Rajasthan City 2,Postpaid,1,Network Issues,Resolved,3.4,3.67,16
AIR109344,2025-06-15,Telangana,Telangana City 1,Postpaid,0,Slow Internet,No Complaint,28,4.42,56
AIR109345,2025-07-15,Delhi,Delhi City 3,Postpaid,1,Call Drops,Resolved,9.7,2.43,14
AIR109346,2025-08-15,Kerala,Kerala City 2,Broadband,0,Slow Internet,No Complaint,14.9,3.9,28
AIR109347,2025-09-15,Kerala,Kerala City 3,Prepaid,1,Network Issues,Resolved,22.4,4.44,50
AIR109348,2025-10-15,Kerala,Kerala City 3,Broadband,0,Billing Issues,No Complaint,7.5,3.76,20
AIR109349,2025-11-15,Uttar Pradesh,Uttar Pradesh City 2,Broadband,0,Call Drops,No Complaint,7.4,4.03,55
AIR109350,2025-12-15,Rajasthan,Rajasthan City 2,Prepaid,0,Call Drops,No Complaint,24.8,3.2,11
AIR109351,2025-02-15,Uttar Pradesh,Uttar Pradesh City 3,Postpaid,1,Slow Internet,Resolved,8.2,4,23
AIR109352,2025-03-15,Maharashtra,Maharashtra City 3,Prepaid,0,Billing Issues,No Complaint,2.9,3.57,12
AIR109353,2025-04-15,Gujarat,Gujarat City 1,Prepaid,0,Network Issues,No Complaint,8.5,3.95,27
AIR109354,2025-05-15,West Bengal,West Bengal City 3,Postpaid,0,Call Drops,No Complaint,6.9,3.73,17
AIR109355,2025-06-15,Rajasthan,Rajasthan City 1,Broadband,0,Slow Internet,No Complaint,10.1,3.42,30
AIR109356,2025-07-15,Telangana,Telangana City 1,Prepaid,0,Slow Internet,No Complaint,22,3.71,41
AIR109357,2025-08-15,Maharashtra,Maharashtra City 1,Broadband,0,Network Issues,No Complaint,28.7,3.4,7
AIR109358,2025-09-15,Tamil Nadu,Tamil Nadu City 3,Postpaid,0,Network Issues,No Complaint,19.5,2.88,-8
AIR109359,2025-10-15,Delhi,Delhi City 1,Broadband,1,Network Issues,Pending,39.4,3.79,32
AIR109360,2025-11-15,Gujarat,Gujarat City 3,Broadband,0,Slow Internet,No Complaint,45.4,3.78,51
AIR109361,2025-12-15,Maharashtra,Maharashtra City 3,Broadband,1,Slow Internet,Resolved,32.5,3.9,31
AIR109362,2025-02-15,Tamil Nadu,Tamil Nadu City 2,Postpaid,0,Network Issues,No Complaint,19.4,4.14,38
AIR109363,2025-03-15,Gujarat,Gujarat City 3,Broadband,0,Slow Internet,No Complaint,7.8,3.39,29
AIR109364,2025-04-15,Tamil Nadu,Tamil Nadu City 3,Prepaid,0,Slow Internet,No Complaint,5.3,3.58,12
AIR109365,2025-05-15,Rajasthan,Rajasthan City 1,Prepaid,1,Billing Issues,Resolved,15.3,3.46,25
AIR109366,2025-06-15,Tamil Nadu,Tamil Nadu City 3,Prepaid,1,Billing Issues,In Progress,11.1,2.77,-15
AIR109367,2025-07-15,Gujarat,Gujarat City 3,Postpaid,0,Network Issues,No Complaint,23.2,3.58,27
AIR109368,2025-08-15,Tamil Nadu,Tamil Nadu City 2,Prepaid,0,Slow Internet,No Complaint,38.7,3.03,12
AIR109369,2025-09-15,Telangana,Telangana City 2,Prepaid,0,Others,No Complaint,3.8,4.23,31
AIR109370,2025-10-15,Maharashtra,Maharashtra City 1,Broadband,0,Network Issues,No Complaint,15.5,3.45,19
AIR109371,2025-11-15,Gujarat,Gujarat City 1,Postpaid,0,Slow Internet,No Complaint,24.7,4.31,43
AIR109372,2025-12-15,Telangana,Telangana City 2,Broadband,1,Slow Internet,Resolved,16.4,3.87,44
AIR109373,2025-02-15,Tamil Nadu,Tamil Nadu City 2,Prepaid,1,Slow Internet,Resolved,25.4,3.77,14
AIR109374,2025-03-15,Tamil Nadu,Tamil Nadu City 3,Prepaid,1,Slow Internet,Pending,33.9,3.48,3
AIR109375,2025-04-15,Kerala,Kerala City 1,Prepaid,0,Network Issues,No Complaint,9.9,3.36,17
AIR109376,2025-05-15,Gujarat,Gujarat City 1,Prepaid,0,Slow Internet,No Complaint,17.6,4.06,18
AIR109377,2025-06-15,Rajasthan,Rajasthan City 3,Prepaid,0,Call Drops,No Complaint,21.2,4.03,37
AIR109378,2025-07-15,Tamil Nadu,Tamil Nadu City 3,Prepaid,0,Network Issues,No Complaint,17.8,3.89,28
AIR109379,2025-08-15,Delhi,Delhi City 1,Prepaid,1,Network Issues,Resolved,4.6,3.28,-1
AIR109380,2025-09-15,Uttar Pradesh,Uttar Pradesh City 2,Postpaid,0,Network Issues,No Complaint,15.5,3.87,18
AIR109381,2025-10-15,West Bengal,West Bengal City 2,Prepaid,1,Slow Internet,In Progress,8.3,3.74,21
AIR109382,2025-11-15,Uttar Pradesh,Uttar Pradesh City 3,Prepaid,0,Slow Internet,No Complaint,8.2,3.65,23
AIR109383,2025-12-15,Rajasthan,Rajasthan City 1,Postpaid,1,Network Issues,In Progress,38.7,3.51,34
AIR109384,2025-02-15,Maharashtra,Maharashtra City 3,Postpaid,0,Slow Internet,No Complaint,3.4,4.29,53
AIR109385,2025-03-15,Karnataka,Karnataka City 2,Broadband,1,Billing Issues,In Progress,26.7,3.99,33
AIR109386,2025-04-15,Delhi,Delhi City 2,Postpaid,0,Slow Internet,No Complaint,45.5,3.57,35
AIR109387,2025-05-15,Karnataka,Karnataka City 3,Enterprise,0,Others,No Complaint,11.1,2.92,11
AIR109388,2025-06-15,Tamil Nadu,Tamil Nadu City 2,Broadband,0,Slow Internet,No Complaint,35,2.95,-9
AIR109389,2025-07-15,Maharashtra,Maharashtra City 1,Postpaid,0,Slow Internet,No Complaint,6.5,3.83,32
AIR109390,2025-08-15,Telangana,Telangana City 3,Prepaid,1,Network Issues,Resolved,2.1,3.81,35
AIR109391,2025-09-15,Tamil Nadu,Tamil Nadu City 3,Prepaid,1,Slow Internet,Resolved,5.9,3.59,14
AIR109392,2025-10-15,Karnataka,Karnataka City 3,Postpaid,0,Network Issues,No Complaint,31.7,2.52,-3
AIR109393,2025-11-15,Tamil Nadu,Tamil Nadu City 2,Postpaid,1,Billing Issues,Pending,20.1,3.79,29
AIR109394,2025-12-15,West Bengal,West Bengal City 1,Broadband,1,Slow Internet,In Progress,23.5,2.85,-6
AIR109395,2025-02-15,Kerala,Kerala City 3,Postpaid,1,Network Issues,Pending,3.6,3.01,19
AIR109396,2025-03-15,West Bengal,West Bengal City 3,Enterprise,0,Call Drops,No Complaint,27.8,3.13,0
AIR109397,2025-04-15,Maharashtra,Maharashtra City 2,Broadband,1,Call Drops,Resolved,16.6,3.24,13
AIR109398,2025-05-15,Telangana,Telangana City 1,Enterprise,1,Slow Internet,Resolved,28.7,4.15,34
AIR109399,2025-06-15,West Bengal,West Bengal City 3,Prepaid,1,Network Issues,Resolved,15.9,3.45,5
AIR109400,2025-07-15,Gujarat,Gujarat City 2,Prepaid,0,Slow Internet,No Complaint,46.7,3.88,27
AIR109401,2025-08-15,Telangana,Telangana City 3,Postpaid,0,Network Issues,No Complaint,8.5,3.44,36
AIR109402,2025-09-15,Karnataka,Karnataka City 2,Postpaid,0,Slow Internet,No Complaint,19.2,4.01,41
AIR109403,2025-10-15,West Bengal,West Bengal City 1,Prepaid,1,Network Issues,Resolved,18,3.97,6
AIR109404,2025-11-15,Kerala,Kerala City 2,Postpaid,0,Slow Internet,No Complaint,8.4,3.88,14
AIR109405,2025-12-15,Telangana,Telangana City 3,Postpaid,1,Network Issues,Resolved,26.8,3.46,13
AIR109406,2025-02-15,Tamil Nadu,Tamil Nadu City 3,Prepaid,0,Slow Internet,No Complaint,8,4.05,32
AIR109407,2025-03-15,Kerala,Kerala City 2,Postpaid,1,Slow Internet,Resolved,6.2,3.75,29
AIR109408,2025-04-15,Tamil Nadu,Tamil Nadu City 1,Broadband,0,Slow Internet,No Complaint,17.5,4.37,40
AIR109409,2025-05-15,West Bengal,West Bengal City 1,Postpaid,0,Network Issues,No Complaint,11.8,3.78,32
AIR109410,2025-06-15,Delhi,Delhi City 3,Postpaid,0,Network Issues,No Complaint,46.4,3.03,-2
AIR109411,2025-07-15,Delhi,Delhi City 3,Prepaid,0,Billing Issues,No Complaint,18.9,4.1,45
AIR109412,2025-08-15,Karnataka,Karnataka City 2,Postpaid,0,Billing Issues,No Complaint,4.7,3.17,11
AIR109413,2025-09-15,Kerala,Kerala City 2,Broadband,0,Others,No Complaint,7,4.14,42
AIR109414,2025-10-15,Tamil Nadu,Tamil Nadu City 2,Postpaid,1,Call Drops,Resolved,25.1,3.64,14
AIR109415,2025-11-15,Rajasthan,Rajasthan City 1,Prepaid,0,Network Issues,No Complaint,10.8,2.88,5
AIR109416,2025-12-15,Kerala,Kerala City 1,Postpaid,1,Network Issues,Resolved,15.9,3.17,15
AIR109417,2025-02-15,Gujarat,Gujarat City 3,Broadband,0,Slow Internet,No Complaint,11.3,3.4,0
AIR109418,2025-03-15,Karnataka,Karnataka City 3,Prepaid,0,Call Drops,No Complaint,11.5,3.63,25
AIR109419,2025-04-15,Uttar Pradesh,Uttar Pradesh City 3,Prepaid,1,Slow Internet,In Progress,30.9,4.17,43
AIR109420,2025-05-15,Uttar Pradesh,Uttar Pradesh City 2,Prepaid,0,Slow Internet,No Complaint,32.9,3.98,25
AIR109421,2025-06-15,Tamil Nadu,Tamil Nadu City 1,Postpaid,1,Call Drops,Resolved,4.2,4.17,42
AIR109422,2025-07-15,Delhi,Delhi City 3,Postpaid,0,Network Issues,No Complaint,16.5,3.09,13
AIR109423,2025-08-15,Telangana,Telangana City 3,Broadband,0,Call Drops,No Complaint,7.7,4.44,51
AIR109424,2025-09-15,Gujarat,Gujarat City 3,Prepaid,1,Slow Internet,Resolved,20.6,3.83,37
AIR109425,2025-10-15,Uttar Pradesh,Uttar Pradesh City 3,Postpaid,0,Billing Issues,No Complaint,34,3.57,24
AIR109426,2025-11-15,Tamil Nadu,Tamil Nadu City 3,Broadband,0,Network Issues,No Complaint,27.6,3.46,4
AIR109427,2025-12-15,Tamil Nadu,Tamil Nadu City 3,Prepaid,0,Billing Issues,No Complaint,9.8,3.32,-1
AIR109428,2025-02-15,West Bengal,West Bengal City 1,Postpaid,1,Network Issues,Resolved,22.6,3.72,29
AIR109429,2025-03-15,Delhi,Delhi City 3,Postpaid,1,Network Issues,Resolved,11.7,3.64,11
AIR109430,2025-04-15,Kerala,Kerala City 1,Prepaid,0,Slow Internet,No Complaint,13.2,3.79,13
AIR109431,2025-05-15,Telangana,Telangana City 2,Prepaid,0,Billing Issues,No Complaint,32.6,3.77,23
AIR109432,2025-06-15,West Bengal,West Bengal City 1,Postpaid,0,Others,No Complaint,3.4,4.15,64
AIR109433,2025-07-15,Uttar Pradesh,Uttar Pradesh City 2,Prepaid,1,Network Issues,Resolved,13.8,3.1,28
AIR109434,2025-08-15,Telangana,Telangana City 1,Prepaid,0,Others,No Complaint,28.3,3.28,13
AIR109435,2025-09-15,Karnataka,Karnataka City 1,Enterprise,0,Network Issues,No Complaint,40.9,3.7,22
AIR109436,2025-10-15,Delhi,Delhi City 3,Postpaid,1,Slow Internet,Pending,18.9,3.6,45
AIR109437,2025-11-15,Uttar Pradesh,Uttar Pradesh City 1,Broadband,0,Slow Internet,No Complaint,14.3,3.73,28
AIR109438,2025-12-15,Tamil Nadu,Tamil Nadu City 1,Prepaid,0,Network Issues,No Complaint,6.9,3.56,11
AIR109439,2025-02-15,Uttar Pradesh,Uttar Pradesh City 3,Broadband,0,Network Issues,No Complaint,9.5,3.16,10
AIR109440,2025-03-15,Rajasthan,Rajasthan City 2,Postpaid,1,Slow Internet,Resolved,18,4.28,35
AIR109441,2025-04-15,Maharashtra,Maharashtra City 3,Broadband,0,Call Drops,No Complaint,3.4,3.33,20
AIR109442,2025-05-15,Maharashtra,Maharashtra City 3,Prepaid,0,Others,No Complaint,8.1,3.06,-16
AIR109443,2025-06-15,Uttar Pradesh,Uttar Pradesh City 3,Postpaid,0,Network Issues,No Complaint,11.9,3.73,23
AIR109444,2025-07-15,Rajasthan,Rajasthan City 2,Postpaid,1,Network Issues,Resolved,8.9,4.13,44
AIR109445,2025-08-15,Uttar Pradesh,Uttar Pradesh City 1,Postpaid,0,Slow Internet,No Complaint,12.9,3.09,10
AIR109446,2025-09-15,Maharashtra,Maharashtra City 1,Broadband,0,Slow Internet,No Complaint,6.2,3.97,41
AIR109447,2025-10-15,West Bengal,West Bengal City 3,Prepaid,1,Network Issues,Resolved,35.3,3.14,17
AIR109448,2025-11-15,Karnataka,Karnataka City 3,Broadband,0,Slow Internet,No Complaint,16.9,3.99,35
AIR109449,2025-12-15,Maharashtra,Maharashtra City 1,Broadband,0,Slow Internet,No Complaint,44.4,3.76,18
AIR109450,2025-02-15,Karnataka,Karnataka City 1,Postpaid,1,Others,Pending,12.6,2.95,-9
AIR109451,2025-03-15,Tamil Nadu,Tamil Nadu City 1,Prepaid,1,Network Issues,Pending,47.1,3.95,33
AIR109452,2025-04-15,Karnataka,Karnataka City 2,Broadband,0,Call Drops,No Complaint,6.7,3.72,25
AIR109453,2025-05-15,West Bengal,West Bengal City 2,Postpaid,0,Slow Internet,No Complaint,6.2,4.09,48
AIR109454,2025-06-15,Rajasthan,Rajasthan City 3,Broadband,0,Network Issues,No Complaint,5.5,3.51,11
AIR109455,2025-07-15,Karnataka,Karnataka City 2,Broadband,0,Call Drops,No Complaint,15,3.02,7
AIR109456,2025-08-15,Telangana,Telangana City 3,Prepaid,1,Call Drops,In Progress,24.9,3.73,48
AIR109457,2025-09-15,Kerala,Kerala City 1,Postpaid,0,Network Issues,No Complaint,8.7,3.84,19
AIR109458,2025-10-15,Maharashtra,Maharashtra City 1,Postpaid,0,Others,No Complaint,26.3,3.66,27
AIR109459,2025-11-15,Rajasthan,Rajasthan City 3,Broadband,0,Network Issues,No Complaint,11.3,3.76,15
AIR109460,2025-12-15,Gujarat,Gujarat City 1,Prepaid,0,Network Issues,No Complaint,46.1,3.63,22
AIR109461,2025-02-15,Tamil Nadu,Tamil Nadu City 3,Prepaid,0,Billing Issues,No Complaint,12.8,3.75,25
AIR109462,2025-03-15,Kerala,Kerala City 3,Broadband,0,Network Issues,No Complaint,13.2,3.12,-17
AIR109463,2025-04-15,Telangana,Telangana City 3,Prepaid,0,Others,No Complaint,21.3,3.42,4
AIR109464,2025-05-15,Delhi,Delhi City 2,Postpaid,0,Slow Internet,No Complaint,3.3,3.62,26
AIR109465,2025-06-15,West Bengal,West Bengal City 3,Prepaid,0,Network Issues,No Complaint,3.7,3.17,21
AIR109466,2025-07-15,Uttar Pradesh,Uttar Pradesh City 3,Postpaid,1,Network Issues,Resolved,16.1,3.06,-1
AIR109467,2025-08-15,Kerala,Kerala City 3,Postpaid,1,Network Issues,Resolved,9.4,3.87,40
AIR109468,2025-09-15,Rajasthan,Rajasthan City 2,Prepaid,1,Slow Internet,In Progress,34.8,4.02,12
AIR109469,2025-10-15,Rajasthan,Rajasthan City 1,Enterprise,0,Network Issues,No Complaint,3.2,3.56,19
AIR109470,2025-11-15,Rajasthan,Rajasthan City 2,Prepaid,0,Billing Issues,No Complaint,19.9,3.65,35
AIR109471,2025-12-15,Tamil Nadu,Tamil Nadu City 3,Prepaid,0,Network Issues,No Complaint,24.4,2.9,10
AIR109472,2025-02-15,Karnataka,Karnataka City 2,Prepaid,1,Slow Internet,Resolved,17.8,3.67,15
AIR109473,2025-03-15,Maharashtra,Maharashtra City 1,Postpaid,0,Slow Internet,No Complaint,17.4,3.5,11
AIR109474,2025-04-15,Delhi,Delhi City 1,Prepaid,1,Slow Internet,Pending,18.2,3.89,25
AIR109475,2025-05-15,Uttar Pradesh,Uttar Pradesh City 3,Prepaid,0,Slow Internet,No Complaint,25.1,3.84,19
AIR109476,2025-06-15,Rajasthan,Rajasthan City 1,Broadband,0,Network Issues,No Complaint,4.5,3.58,20
AIR109477,2025-07-15,Uttar Pradesh,Uttar Pradesh City 2,Prepaid,1,Call Drops,Resolved,18.1,3.14,2
AIR109478,2025-08-15,Gujarat,Gujarat City 2,Prepaid,0,Call Drops,No Complaint,5.5,3.75,17
AIR109479,2025-09-15,Tamil Nadu,Tamil Nadu City 1,Prepaid,0,Call Drops,No Complaint,7,3.5,19
AIR109480,2025-10-15,Rajasthan,Rajasthan City 3,Prepaid,0,Network Issues,No Complaint,15.6,3.94,39
AIR109481,2025-11-15,Gujarat,Gujarat City 3,Prepaid,0,Others,No Complaint,18,4.63,49
AIR109482,2025-12-15,Delhi,Delhi City 2,Prepaid,1,Network Issues,Pending,10.9,3.81,36
AIR109483,2025-02-15,Delhi,Delhi City 1,Prepaid,0,Network Issues,No Complaint,6.5,3.31,17
AIR109484,2025-03-15,Maharashtra,Maharashtra City 2,Prepaid,0,Slow Internet,No Complaint,16,3.32,7
AIR109485,2025-04-15,Telangana,Telangana City 2,Prepaid,0,Network Issues,No Complaint,9.8,3.4,21
AIR109486,2025-05-15,Maharashtra,Maharashtra City 2,Postpaid,0,Billing Issues,No Complaint,16.2,2.81,4
AIR109487,2025-06-15,Karnataka,Karnataka City 3,Postpaid,0,Others,No Complaint,8.8,3.73,27
AIR109488,2025-07-15,Uttar Pradesh,Uttar Pradesh City 1,Prepaid,0,Others,No Complaint,19,2.8,-6
AIR109489,2025-08-15,West Bengal,West Bengal City 1,Broadband,0,Call Drops,No Complaint,17.2,3.64,20
AIR109490,2025-09-15,Delhi,Delhi City 3,Broadband,0,Network Issues,No Complaint,3.5,2.68,-36
AIR109491,2025-10-15,West Bengal,West Bengal City 2,Enterprise,1,Others,Resolved,18.3,3.32,1
AIR109492,2025-11-15,Tamil Nadu,Tamil Nadu City 2,Prepaid,1,Network Issues,Resolved,28.4,4.71,59
AIR109493,2025-12-15,Kerala,Kerala City 3,Postpaid,1,Network Issues,Resolved,57.5,3.43,16
AIR109494,2025-02-15,Rajasthan,Rajasthan City 1,Prepaid,0,Slow Internet,No Complaint,1.4,2.35,-19
AIR109495,2025-03-15,Tamil Nadu,Tamil Nadu City 3,Broadband,0,Billing Issues,No Complaint,30.2,3.32,10
AIR109496,2025-04-15,Delhi,Delhi City 1,Prepaid,0,Slow Internet,No Complaint,4.1,2.46,-7
AIR109497,2025-05-15,Gujarat,Gujarat City 1,Prepaid,1,Slow Internet,Resolved,7.6,3.38,1
AIR109498,2025-06-15,Uttar Pradesh,Uttar Pradesh City 1,Postpaid,0,Slow Internet,No Complaint,12,3.81,26
AIR109499,2025-07-15,West Bengal,West Bengal City 2,Postpaid,0,Billing Issues,No Complaint,18.1,3,4
AIR109500,2025-08-15,Maharashtra,Maharashtra City 2,Postpaid,0,Slow Internet,No Complaint,1.5,3.02,-2
AIR109501,2025-09-15,Kerala,Kerala City 3,Prepaid,0,Slow Internet,No Complaint,40.5,3.85,39
AIR109502,2025-10-15,Telangana,Telangana City 3,Prepaid,0,Call Drops,No Complaint,6.4,3.4,29
AIR109503,2025-11-15,Tamil Nadu,Tamil Nadu City 2,Broadband,0,Network Issues,No Complaint,23,3.54,16
AIR109504,2025-12-15,Telangana,Telangana City 3,Broadband,0,Slow Internet,No Complaint,1.9,4.04,42
AIR109505,2025-02-15,West Bengal,West Bengal City 2,Postpaid,0,Network Issues,No Complaint,14,3.87,47
AIR109506,2025-03-15,West Bengal,West Bengal City 2,Postpaid,0,Network Issues,No Complaint,17.3,3.51,21
AIR109507,2025-04-15,Rajasthan,Rajasthan City 1,Prepaid,1,Slow Internet,Resolved,19.2,3.61,18
AIR109508,2025-05-15,Gujarat,Gujarat City 1,Prepaid,1,Billing Issues,Resolved,74,3.57,19
AIR109509,2025-06-15,Gujarat,Gujarat City 2,Prepaid,1,Network Issues,Resolved,12,3.86,23
AIR109510,2025-07-15,Karnataka,Karnataka City 1,Postpaid,0,Network Issues,No Complaint,10.4,4,43
AIR109511,2025-08-15,Maharashtra,Maharashtra City 2,Postpaid,0,Billing Issues,No Complaint,15.6,3.85,35
AIR109512,2025-09-15,Delhi,Delhi City 1,Postpaid,0,Network Issues,No Complaint,26,3.77,15
AIR109513,2025-10-15,Delhi,Delhi City 3,Prepaid,0,Network Issues,No Complaint,16.6,3.97,18
AIR109514,2025-11-15,West Bengal,West Bengal City 3,Prepaid,0,Network Issues,No Complaint,37.9,3.22,13
AIR109515,2025-12-15,Tamil Nadu,Tamil Nadu City 2,Prepaid,0,Slow Internet,No Complaint,6.3,3.34,8
AIR109516,2025-02-15,Uttar Pradesh,Uttar Pradesh City 2,Postpaid,1,Network Issues,Resolved,43.9,3.87,21
AIR109517,2025-03-15,Delhi,Delhi City 1,Prepaid,1,Network Issues,Resolved,21.9,3.79,32
AIR109518,2025-04-15,Delhi,Delhi City 1,Postpaid,0,Slow Internet,No Complaint,14.2,3.93,28
AIR109519,2025-05-15,Tamil Nadu,Tamil Nadu City 2,Postpaid,1,Call Drops,Resolved,20.5,4.07,35
AIR109520,2025-06-15,Maharashtra,Maharashtra City 3,Prepaid,0,Slow Internet,No Complaint,14.1,4.02,52
AIR109521,2025-07-15,Kerala,Kerala City 3,Prepaid,0,Network Issues,No Complaint,29.5,3.77,23
AIR109522,2025-08-15,Gujarat,Gujarat City 2,Postpaid,0,Call Drops,No Complaint,18.7,3.76,22
AIR109523,2025-09-15,Rajasthan,Rajasthan City 3,Prepaid,0,Call Drops,No Complaint,4.9,3.83,9
AIR109524,2025-10-15,Rajasthan,Rajasthan City 2,Postpaid,0,Network Issues,No Complaint,27.5,3.78,8
AIR109525,2025-11-15,Rajasthan,Rajasthan City 1,Postpaid,0,Network Issues,No Complaint,6.6,3.58,20
AIR109526,2025-12-15,Tamil Nadu,Tamil Nadu City 3,Prepaid,0,Network Issues,No Complaint,24,3.45,21
AIR109527,2025-02-15,Rajasthan,Rajasthan City 3,Postpaid,0,Slow Internet,No Complaint,19,3.81,24
AIR109528,2025-03-15,West Bengal,West Bengal City 1,Broadband,0,Network Issues,No Complaint,14.4,3.99,37
AIR109529,2025-04-15,Karnataka,Karnataka City 1,Postpaid,1,Network Issues,Pending,9.5,3.32,4
AIR109530,2025-05-15,Tamil Nadu,Tamil Nadu City 3,Enterprise,1,Network Issues,Resolved,34.8,3.74,18
AIR109531,2025-06-15,Tamil Nadu,Tamil Nadu City 3,Prepaid,0,Call Drops,No Complaint,13.2,4.47,61
AIR109532,2025-07-15,Gujarat,Gujarat City 2,Postpaid,1,Slow Internet,Resolved,9.3,3.5,10
AIR109533,2025-08-15,Rajasthan,Rajasthan City 2,Postpaid,0,Network Issues,No Complaint,13.7,3.29,9
AIR109534,2025-09-15,Telangana,Telangana City 3,Broadband,1,Call Drops,Resolved,28,4.2,39
AIR109535,2025-10-15,Kerala,Kerala City 2,Prepaid,0,Network Issues,No Complaint,29.3,3.79,45
AIR109536,2025-11-15,Karnataka,Karnataka City 1,Prepaid,1,Slow Internet,Pending,14.5,3.54,22
AIR109537,2025-12-15,Tamil Nadu,Tamil Nadu City 2,Prepaid,0,Network Issues,No Complaint,25.5,4.02,40
AIR109538,2025-02-15,Karnataka,Karnataka City 2,Broadband,0,Slow Internet,No Complaint,10.4,3.39,-2
AIR109539,2025-03-15,Tamil Nadu,Tamil Nadu City 3,Prepaid,0,Call Drops,No Complaint,43.6,3.39,17
AIR109540,2025-04-15,Maharashtra,Maharashtra City 2,Broadband,0,Slow Internet,No Complaint,16,3.84,45
AIR109541,2025-05-15,Gujarat,Gujarat City 3,Prepaid,0,Network Issues,No Complaint,26.4,3.94,26
AIR109542,2025-06-15,West Bengal,West Bengal City 3,Prepaid,0,Network Issues,No Complaint,35.3,4.16,29
AIR109543,2025-07-15,Maharashtra,Maharashtra City 3,Prepaid,1,Network Issues,Resolved,15.1,3.92,30
AIR109544,2025-08-15,Uttar Pradesh,Uttar Pradesh City 1,Postpaid,0,Billing Issues,No Complaint,5.8,3.88,37
AIR109545,2025-09-15,Rajasthan,Rajasthan City 2,Broadband,0,Network Issues,No Complaint,18.1,4.39,40
AIR109546,2025-10-15,Uttar Pradesh,Uttar Pradesh City 2,Prepaid,0,Call Drops,No Complaint,16.8,4.12,52
AIR109547,2025-11-15,Kerala,Kerala City 2,Broadband,1,Slow Internet,Resolved,6.4,3.21,8
AIR109548,2025-12-15,Telangana,Telangana City 3,Prepaid,0,Network Issues,No Complaint,5.8,3.39,25
AIR109549,2025-02-15,West Bengal,West Bengal City 1,Postpaid,1,Network Issues,In Progress,18.1,3.47,24
AIR109550,2025-03-15,Maharashtra,Maharashtra City 3,Postpaid,0,Slow Internet,No Complaint,26.8,3.34,8
AIR109551,2025-04-15,Karnataka,Karnataka City 2,Prepaid,0,Slow Internet,No Complaint,5.4,3.06,19
AIR109552,2025-05-15,Karnataka,Karnataka City 3,Prepaid,0,Slow Internet,No Complaint,3.9,3.59,20
AIR109553,2025-06-15,Kerala,Kerala City 3,Prepaid,0,Network Issues,No Complaint,10.9,3.93,30
AIR109554,2025-07-15,Tamil Nadu,Tamil Nadu City 2,Prepaid,0,Network Issues,No Complaint,16,4.25,51
AIR109555,2025-08-15,Karnataka,Karnataka City 3,Broadband,1,Network Issues,Resolved,7.7,4.08,39
AIR109556,2025-09-15,Rajasthan,Rajasthan City 3,Enterprise,1,Network Issues,Pending,37.1,3.1,-8
AIR109557,2025-10-15,Telangana,Telangana City 1,Postpaid,0,Network Issues,No Complaint,15.2,4.18,27
AIR109558,2025-11-15,Gujarat,Gujarat City 3,Postpaid,0,Call Drops,No Complaint,28.4,3.51,5
AIR109559,2025-12-15,Rajasthan,Rajasthan City 1,Prepaid,0,Network Issues,No Complaint,12.8,2.82,9
AIR109560,2025-02-15,Telangana,Telangana City 2,Prepaid,0,Slow Internet,No Complaint,20,3.07,-9
AIR109561,2025-03-15,Kerala,Kerala City 1,Broadband,1,Call Drops,Resolved,10.2,3.76,30
AIR109562,2025-04-15,Rajasthan,Rajasthan City 3,Postpaid,0,Call Drops,No Complaint,21.6,3.55,11
AIR109563,2025-05-15,Gujarat,Gujarat City 2,Postpaid,1,Network Issues,In Progress,12.7,3.43,8
AIR109564,2025-06-15,Gujarat,Gujarat City 3,Postpaid,0,Slow Internet,No Complaint,6.1,4.24,48
AIR109565,2025-07-15,Delhi,Delhi City 3,Prepaid,1,Network Issues,Resolved,6.8,4.26,29
AIR109566,2025-08-15,Tamil Nadu,Tamil Nadu City 1,Prepaid,1,Network Issues,Resolved,4.4,3.71,34
AIR109567,2025-09-15,Kerala,Kerala City 3,Postpaid,0,Network Issues,No Complaint,17.2,3.92,37
AIR109568,2025-10-15,Rajasthan,Rajasthan City 1,Postpaid,0,Network Issues,No Complaint,7.2,4.42,47
AIR109569,2025-11-15,West Bengal,West Bengal City 2,Broadband,0,Network Issues,No Complaint,4.8,3.44,18
AIR109570,2025-12-15,West Bengal,West Bengal City 2,Prepaid,0,Billing Issues,No Complaint,34.6,3.49,10
AIR109571,2025-02-15,Kerala,Kerala City 3,Prepaid,0,Slow Internet,No Complaint,4.3,4.02,38
AIR109572,2025-03-15,Rajasthan,Rajasthan City 1,Prepaid,0,Slow Internet,No Complaint,16.5,3.54,24
AIR109573,2025-04-15,Maharashtra,Maharashtra City 3,Postpaid,0,Slow Internet,No Complaint,29.5,4.29,35
AIR109574,2025-05-15,Maharashtra,Maharashtra City 3,Postpaid,0,Network Issues,No Complaint,35.4,2.92,1
AIR109575,2025-06-15,Tamil Nadu,Tamil Nadu City 3,Prepaid,0,Network Issues,No Complaint,49.9,4.22,39
AIR109576,2025-07-15,Rajasthan,Rajasthan City 3,Postpaid,0,Slow Internet,No Complaint,5.1,3.56,30
AIR109577,2025-08-15,Gujarat,Gujarat City 1,Postpaid,1,Network Issues,Resolved,4.3,3.79,27
AIR109578,2025-09-15,Karnataka,Karnataka City 3,Prepaid,1,Call Drops,Resolved,16.7,3.78,6
AIR109579,2025-10-15,West Bengal,West Bengal City 2,Prepaid,1,Network Issues,Resolved,12.9,3.87,31
AIR109580,2025-11-15,Rajasthan,Rajasthan City 1,Prepaid,0,Network Issues,No Complaint,2.5,3.43,15
AIR109581,2025-12-15,Rajasthan,Rajasthan City 3,Prepaid,0,Network Issues,No Complaint,25.8,3.79,33
AIR109582,2025-02-15,Karnataka,Karnataka City 1,Postpaid,0,Billing Issues,No Complaint,20.8,3.11,16
AIR109583,2025-03-15,Karnataka,Karnataka City 3,Prepaid,0,Call Drops,No Complaint,10,3.31,19
AIR109584,2025-04-15,Telangana,Telangana City 2,Prepaid,0,Slow Internet,No Complaint,2.3,3.49,29
AIR109585,2025-05-15,Delhi,Delhi City 2,Prepaid,0,Network Issues,No Complaint,4.4,2.97,-5
AIR109586,2025-06-15,Tamil Nadu,Tamil Nadu City 2,Prepaid,0,Network Issues,No Complaint,27.4,3.43,21
AIR109587,2025-07-15,West Bengal,West Bengal City 1,Enterprise,0,Billing Issues,No Complaint,9,3.2,6
AIR109588,2025-08-15,Karnataka,Karnataka City 2,Prepaid,0,Call Drops,No Complaint,4.1,3.27,38
AIR109589,2025-09-15,Maharashtra,Maharashtra City 3,Postpaid,1,Others,Resolved,12.5,3.56,7
AIR109590,2025-10-15,Kerala,Kerala City 3,Prepaid,1,Network Issues,Resolved,11.8,4.26,44
AIR109591,2025-11-15,Maharashtra,Maharashtra City 3,Broadband,0,Network Issues,No Complaint,32.1,3.94,33
AIR109592,2025-12-15,Telangana,Telangana City 1,Broadband,0,Network Issues,No Complaint,15,4.21,49
AIR109593,2025-02-15,Telangana,Telangana City 1,Prepaid,0,Slow Internet,No Complaint,34.7,3.06,1
AIR109594,2025-03-15,Karnataka,Karnataka City 2,Broadband,0,Call Drops,No Complaint,3.4,3.82,43
AIR109595,2025-04-15,Telangana,Telangana City 1,Prepaid,0,Network Issues,No Complaint,16.7,3.26,12
AIR109596,2025-05-15,Gujarat,Gujarat City 3,Prepaid,0,Slow Internet,No Complaint,12.9,3.92,41
AIR109597,2025-06-15,Uttar Pradesh,Uttar Pradesh City 3,Prepaid,1,Slow Internet,In Progress,17,3.59,18
AIR109598,2025-07-15,Rajasthan,Rajasthan City 3,Prepaid,1,Slow Internet,Resolved,10.2,2.8,6
AIR109599,2025-08-15,Rajasthan,Rajasthan City 1,Prepaid,0,Others,No Complaint,8.6,3.48,27
AIR109600,2025-09-15,Karnataka,Karnataka City 3,Prepaid,0,Network Issues,No Complaint,12.7,3.26,13
AIR109601,2025-10-15,Telangana,Telangana City 2,Prepaid,0,Network Issues,No Complaint,44,3.94,41
AIR109602,2025-11-15,Kerala,Kerala City 1,Postpaid,1,Others,Resolved,14.5,3.16,19
AIR109603,2025-12-15,Gujarat,Gujarat City 3,Prepaid,0,Slow Internet,No Complaint,26.4,2.81,-5
AIR109604,2025-02-15,Tamil Nadu,Tamil Nadu City 3,Prepaid,1,Network Issues,Resolved,23.1,3.79,23
AIR109605,2025-03-15,Telangana,Telangana City 1,Postpaid,0,Call Drops,No Complaint,7.4,2.69,-21
AIR109606,2025-04-15,Gujarat,Gujarat City 1,Prepaid,1,Network Issues,Resolved,16.6,3.29,-2
AIR109607,2025-05-15,Delhi,Delhi City 2,Prepaid,0,Call Drops,No Complaint,1.9,3.9,32
AIR109608,2025-06-15,Tamil Nadu,Tamil Nadu City 1,Prepaid,0,Slow Internet,No Complaint,28.7,3.81,21
AIR109609,2025-07-15,Rajasthan,Rajasthan City 3,Postpaid,0,Network Issues,No Complaint,4.9,3.83,24
AIR109610,2025-08-15,Delhi,Delhi City 2,Prepaid,0,Call Drops,No Complaint,16.6,4.33,63
AIR109611,2025-09-15,Karnataka,Karnataka City 3,Broadband,0,Network Issues,No Complaint,9.2,3.18,27
AIR109612,2025-10-15,West Bengal,West Bengal City 3,Prepaid,0,Slow Internet,No Complaint,4.8,2.68,-5
AIR109613,2025-11-15,Karnataka,Karnataka City 3,Prepaid,0,Others,No Complaint,17.5,3.32,20
AIR109614,2025-12-15,Kerala,Kerala City 1,Prepaid,1,Call Drops,Resolved,15.2,3.48,4
AIR109615,2025-02-15,Gujarat,Gujarat City 1,Enterprise,0,Slow Internet,No Complaint,18.6,3.12,4
AIR109616,2025-03-15,West Bengal,West Bengal City 3,Postpaid,0,Slow Internet,No Complaint,12.9,3.66,24
AIR109617,2025-04-15,Tamil Nadu,Tamil Nadu City 1,Prepaid,1,Network Issues,Resolved,18.6,3.94,38
AIR109618,2025-05-15,Tamil Nadu,Tamil Nadu City 3,Prepaid,0,Slow Internet,No Complaint,52.4,3.58,18
AIR109619,2025-06-15,Delhi,Delhi City 1,Postpaid,0,Network Issues,No Complaint,35.6,3.95,25
AIR109620,2025-07-15,Kerala,Kerala City 1,Prepaid,0,Network Issues,No Complaint,35.4,2.48,-34
AIR109621,2025-08-15,Rajasthan,Rajasthan City 1,Postpaid,1,Network Issues,Resolved,10.7,3.11,-16
AIR109622,2025-09-15,Telangana,Telangana City 2,Postpaid,0,Network Issues,No Complaint,37.4,3.87,25
AIR109623,2025-10-15,Telangana,Telangana City 1,Prepaid,0,Network Issues,No Complaint,46,3.76,16
AIR109624,2025-11-15,West Bengal,West Bengal City 2,Prepaid,0,Call Drops,No Complaint,25.6,3.41,5
AIR109625,2025-12-15,Kerala,Kerala City 2,Postpaid,0,Others,No Complaint,14.7,3.22,22
AIR109626,2025-02-15,Kerala,Kerala City 2,Postpaid,0,Network Issues,No Complaint,13.4,4.58,53
AIR109627,2025-03-15,Tamil Nadu,Tamil Nadu City 3,Broadband,0,Network Issues,No Complaint,5.5,4.09,44
AIR109628,2025-04-15,Rajasthan,Rajasthan City 1,Prepaid,0,Call Drops,No Complaint,3.9,3.43,-3
AIR109629,2025-05-15,Gujarat,Gujarat City 3,Postpaid,0,Slow Internet,No Complaint,14.6,3.24,25
AIR109630,2025-06-15,Rajasthan,Rajasthan City 2,Prepaid,0,Others,No Complaint,28.3,3.46,29
AIR109631,2025-07-15,Maharashtra,Maharashtra City 1,Prepaid,0,Slow Internet,No Complaint,21.4,4.11,36
AIR109632,2025-08-15,Kerala,Kerala City 3,Postpaid,1,Network Issues,Resolved,28.3,3.49,5
AIR109633,2025-09-15,Karnataka,Karnataka City 2,Broadband,0,Slow Internet,No Complaint,17.1,3.76,35
AIR109634,2025-10-15,Uttar Pradesh,Uttar Pradesh City 3,Prepaid,0,Network Issues,No Complaint,22.8,3.21,6
AIR109635,2025-11-15,Kerala,Kerala City 3,Postpaid,0,Network Issues,No Complaint,7.8,3.72,37
AIR109636,2025-12-15,West Bengal,West Bengal City 1,Postpaid,0,Network Issues,No Complaint,17.9,3.72,27
AIR109637,2025-02-15,Karnataka,Karnataka City 1,Prepaid,1,Others,Resolved,16.3,3.72,21
AIR109638,2025-03-15,West Bengal,West Bengal City 3,Broadband,0,Network Issues,No Complaint,4.7,3.59,25
AIR109639,2025-04-15,Delhi,Delhi City 1,Postpaid,0,Call Drops,No Complaint,18.6,3.58,19
AIR109640,2025-05-15,Uttar Pradesh,Uttar Pradesh City 1,Postpaid,0,Call Drops,No Complaint,36.9,3.68,21
AIR109641,2025-06-15,Uttar Pradesh,Uttar Pradesh City 3,Postpaid,0,Call Drops,No Complaint,29.5,3.73,23
AIR109642,2025-07-15,Tamil Nadu,Tamil Nadu City 1,Postpaid,1,Call Drops,Resolved,6.7,4.09,53
AIR109643,2025-08-15,Kerala,Kerala City 1,Broadband,0,Slow Internet,No Complaint,6,3.84,26
AIR109644,2025-09-15,Tamil Nadu,Tamil Nadu City 2,Prepaid,0,Network Issues,No Complaint,18.1,3.45,-3
AIR109645,2025-10-15,Telangana,Telangana City 1,Prepaid,0,Billing Issues,No Complaint,12.3,4.46,47
AIR109646,2025-11-15,West Bengal,West Bengal City 2,Broadband,0,Slow Internet,No Complaint,17.9,3.01,-14
AIR109647,2025-12-15,Maharashtra,Maharashtra City 3,Broadband,1,Slow Internet,In Progress,24,3.85,28
AIR109648,2025-02-15,Maharashtra,Maharashtra City 2,Prepaid,1,Network Issues,Resolved,40.3,3.71,20
AIR109649,2025-03-15,Telangana,Telangana City 3,Prepaid,0,Network Issues,No Complaint,5.9,3.4,20
AIR109650,2025-04-15,Delhi,Delhi City 1,Postpaid,1,Network Issues,Resolved,24,3.15,0
AIR109651,2025-05-15,Maharashtra,Maharashtra City 1,Prepaid,0,Call Drops,No Complaint,12.5,4.16,30
AIR109652,2025-06-15,West Bengal,West Bengal City 2,Prepaid,1,Billing Issues,Resolved,5.3,3.49,28
AIR109653,2025-07-15,Maharashtra,Maharashtra City 3,Prepaid,0,Network Issues,No Complaint,37.3,3.74,21
AIR109654,2025-08-15,Telangana,Telangana City 1,Postpaid,1,Call Drops,In Progress,13,3.98,35
AIR109655,2025-09-15,Karnataka,Karnataka City 2,Prepaid,0,Slow Internet,No Complaint,6.6,4.01,29
AIR109656,2025-10-15,Tamil Nadu,Tamil Nadu City 2,Postpaid,1,Slow Internet,Resolved,25.5,3.96,32
AIR109657,2025-11-15,Gujarat,Gujarat City 2,Postpaid,0,Network Issues,No Complaint,26.5,2.96,-4
AIR109658,2025-12-15,West Bengal,West Bengal City 1,Postpaid,1,Slow Internet,In Progress,11.1,3.5,35
AIR109659,2025-02-15,Tamil Nadu,Tamil Nadu City 3,Prepaid,0,Call Drops,No Complaint,34.3,3.24,7
AIR109660,2025-03-15,Uttar Pradesh,Uttar Pradesh City 1,Prepaid,0,Network Issues,No Complaint,6.7,3.55,21
AIR109661,2025-04-15,Rajasthan,Rajasthan City 1,Prepaid,0,Network Issues,No Complaint,10.8,3.22,8
AIR109662,2025-05-15,Maharashtra,Maharashtra City 3,Postpaid,0,Network Issues,No Complaint,10.4,3.68,0
AIR109663,2025-06-15,Maharashtra,Maharashtra City 2,Postpaid,1,Call Drops,Resolved,6.3,3.48,9
AIR109664,2025-07-15,Delhi,Delhi City 1,Prepaid,0,Call Drops,No Complaint,20.8,2.88,-17
AIR109665,2025-08-15,Tamil Nadu,Tamil Nadu City 2,Postpaid,0,Network Issues,No Complaint,23.1,3.11,-8
AIR109666,2025-09-15,Rajasthan,Rajasthan City 2,Postpaid,1,Network Issues,Resolved,35,3.73,27
AIR109667,2025-10-15,Maharashtra,Maharashtra City 3,Prepaid,0,Network Issues,No Complaint,10.6,3.68,27
AIR109668,2025-11-15,Uttar Pradesh,Uttar Pradesh City 3,Prepaid,0,Network Issues,No Complaint,23.7,4.06,38
AIR109669,2025-12-15,Delhi,Delhi City 3,Broadband,0,Network Issues,No Complaint,14.1,3.31,2
AIR109670,2025-02-15,Tamil Nadu,Tamil Nadu City 2,Postpaid,0,Network Issues,No Complaint,6.2,2.78,1
AIR109671,2025-03-15,Delhi,Delhi City 2,Enterprise,1,Network Issues,Resolved,10,3.53,11
AIR109672,2025-04-15,Tamil Nadu,Tamil Nadu City 1,Prepaid,0,Network Issues,No Complaint,21.4,3.69,16
AIR109673,2025-05-15,Kerala,Kerala City 2,Broadband,0,Network Issues,No Complaint,12.3,2.73,-14
AIR109674,2025-06-15,Kerala,Kerala City 3,Prepaid,0,Network Issues,No Complaint,17.7,4.08,36
AIR109675,2025-07-15,Telangana,Telangana City 3,Prepaid,1,Network Issues,Resolved,5.7,3.31,-10
AIR109676,2025-08-15,West Bengal,West Bengal City 3,Postpaid,0,Network Issues,No Complaint,7.6,4.29,34
AIR109677,2025-09-15,Delhi,Delhi City 3,Prepaid,0,Others,No Complaint,11.3,3.02,4
AIR109678,2025-10-15,Telangana,Telangana City 2,Postpaid,0,Network Issues,No Complaint,18.5,3.44,22
AIR109679,2025-11-15,Delhi,Delhi City 3,Prepaid,0,Network Issues,No Complaint,15.3,3.94,28
AIR109680,2025-12-15,Maharashtra,Maharashtra City 1,Broadband,0,Network Issues,No Complaint,11.5,4.08,48
AIR109681,2025-02-15,Gujarat,Gujarat City 2,Postpaid,0,Billing Issues,No Complaint,12.8,2.84,-3
AIR109682,2025-03-15,Delhi,Delhi City 3,Broadband,1,Slow Internet,Resolved,15.1,3.77,45
AIR109683,2025-04-15,Maharashtra,Maharashtra City 1,Prepaid,0,Network Issues,No Complaint,23.5,3.52,20
AIR109684,2025-05-15,Rajasthan,Rajasthan City 3,Postpaid,0,Network Issues,No Complaint,17.3,3.34,22
AIR109685,2025-06-15,Kerala,Kerala City 2,Prepaid,1,Network Issues,Resolved,15.9,3.53,4
AIR109686,2025-07-15,Telangana,Telangana City 2,Postpaid,1,Network Issues,Pending,48.7,3.2,13
AIR109687,2025-08-15,Gujarat,Gujarat City 1,Postpaid,1,Others,Resolved,6.1,3.66,13
AIR109688,2025-09-15,Uttar Pradesh,Uttar Pradesh City 2,Prepaid,0,Slow Internet,No Complaint,17.3,4.06,52
AIR109689,2025-10-15,Kerala,Kerala City 1,Prepaid,0,Slow Internet,No Complaint,26.2,3.8,26
AIR109690,2025-11-15,Telangana,Telangana City 3,Postpaid,1,Billing Issues,Resolved,2,3.45,23
AIR109691,2025-12-15,Gujarat,Gujarat City 2,Postpaid,1,Call Drops,Resolved,10,3.2,-2
AIR109692,2025-02-15,Uttar Pradesh,Uttar Pradesh City 3,Prepaid,0,Network Issues,No Complaint,17.7,3.69,27
AIR109693,2025-03-15,Karnataka,Karnataka City 3,Postpaid,0,Call Drops,No Complaint,34,3.86,46
AIR109694,2025-04-15,Maharashtra,Maharashtra City 2,Postpaid,0,Network Issues,No Complaint,31.2,3.69,0
AIR109695,2025-05-15,Karnataka,Karnataka City 3,Postpaid,0,Billing Issues,No Complaint,46.7,3.44,12
AIR109696,2025-06-15,Maharashtra,Maharashtra City 1,Prepaid,0,Others,No Complaint,40.2,3.4,-6
AIR109697,2025-07-15,Tamil Nadu,Tamil Nadu City 1,Postpaid,0,Slow Internet,No Complaint,3.8,2.98,-2
AIR109698,2025-08-15,West Bengal,West Bengal City 1,Postpaid,0,Slow Internet,No Complaint,9.8,3.97,28
AIR109699,2025-09-15,Gujarat,Gujarat City 2,Postpaid,0,Others,No Complaint,5.8,4.16,52
AIR109700,2025-10-15,Karnataka,Karnataka City 3,Broadband,0,Slow Internet,No Complaint,6.9,4.09,35
AIR109701,2025-11-15,West Bengal,West Bengal City 3,Prepaid,1,Call Drops,Pending,32.5,4.08,36
AIR109702,2025-12-15,Gujarat,Gujarat City 3,Prepaid,0,Network Issues,No Complaint,24.2,3.48,8
AIR109703,2025-02-15,Telangana,Telangana City 3,Prepaid,0,Network Issues,No Complaint,2.7,3.78,32
AIR109704,2025-03-15,Tamil Nadu,Tamil Nadu City 1,Prepaid,0,Slow Internet,No Complaint,23.9,3.58,38
AIR109705,2025-04-15,Telangana,Telangana City 2,Prepaid,0,Billing Issues,No Complaint,16.8,3.58,32
AIR109706,2025-05-15,Maharashtra,Maharashtra City 1,Broadband,0,Network Issues,No Complaint,11.5,3.32,0
AIR109707,2025-06-15,West Bengal,West Bengal City 1,Broadband,0,Network Issues,No Complaint,8,3.68,16
AIR109708,2025-07-15,Gujarat,Gujarat City 2,Prepaid,0,Network Issues,No Complaint,19.4,4.23,43
AIR109709,2025-08-15,Delhi,Delhi City 2,Prepaid,0,Network Issues,No Complaint,14,3.34,7
AIR109710,2025-09-15,West Bengal,West Bengal City 1,Prepaid,0,Network Issues,No Complaint,9.9,3.92,26
AIR109711,2025-10-15,Rajasthan,Rajasthan City 3,Broadband,1,Network Issues,Resolved,21.3,2.92,-4
AIR109712,2025-11-15,Uttar Pradesh,Uttar Pradesh City 2,Broadband,0,Network Issues,No Complaint,12.1,3.96,23
AIR109713,2025-12-15,Karnataka,Karnataka City 2,Prepaid,1,Call Drops,Resolved,4.6,4.01,48
AIR109714,2025-02-15,Gujarat,Gujarat City 1,Postpaid,0,Others,No Complaint,15.8,2.79,0
AIR109715,2025-03-15,Kerala,Kerala City 3,Prepaid,1,Slow Internet,Resolved,20.9,3.36,22
AIR109716,2025-04-15,Kerala,Kerala City 2,Prepaid,1,Network Issues,Resolved,17.9,3.78,34
AIR109717,2025-05-15,Uttar Pradesh,Uttar Pradesh City 1,Prepaid,0,Network Issues,No Complaint,19.3,4.23,34
AIR109718,2025-06-15,Maharashtra,Maharashtra City 2,Postpaid,1,Billing Issues,Resolved,22.5,3.67,18
AIR109719,2025-07-15,West Bengal,West Bengal City 3,Prepaid,0,Network Issues,No Complaint,23.6,3.97,43
AIR109720,2025-08-15,West Bengal,West Bengal City 1,Prepaid,0,Network Issues,No Complaint,27.6,2.98,8
AIR109721,2025-09-15,Kerala,Kerala City 1,Prepaid,0,Network Issues,No Complaint,7.2,3.54,8
AIR109722,2025-10-15,West Bengal,West Bengal City 3,Prepaid,0,Network Issues,No Complaint,27.7,3.09,7
AIR109723,2025-11-15,Uttar Pradesh,Uttar Pradesh City 1,Postpaid,1,Call Drops,Resolved,25.5,4.2,46
AIR109724,2025-12-15,West Bengal,West Bengal City 3,Prepaid,0,Network Issues,No Complaint,29.8,3.44,24
AIR109725,2025-02-15,Maharashtra,Maharashtra City 1,Broadband,0,Slow Internet,No Complaint,34.6,3.41,20
AIR109726,2025-03-15,Karnataka,Karnataka City 3,Prepaid,0,Slow Internet,No Complaint,19.9,3.15,22
AIR109727,2025-04-15,Rajasthan,Rajasthan City 2,Prepaid,1,Network Issues,Resolved,19.9,3.56,13
AIR109728,2025-05-15,Karnataka,Karnataka City 2,Prepaid,0,Network Issues,No Complaint,7.9,4.13,48
AIR109729,2025-06-15,Rajasthan,Rajasthan City 2,Prepaid,0,Slow Internet,No Complaint,20.7,3.63,16
AIR109730,2025-07-15,Delhi,Delhi City 1,Prepaid,0,Others,No Complaint,3.7,3.8,15
AIR109731,2025-08-15,Karnataka,Karnataka City 3,Prepaid,0,Network Issues,No Complaint,31.9,3.89,16
AIR109732,2025-09-15,Uttar Pradesh,Uttar Pradesh City 3,Broadband,0,Slow Internet,No Complaint,32.4,4.21,50
AIR109733,2025-10-15,Tamil Nadu,Tamil Nadu City 2,Postpaid,0,Network Issues,No Complaint,16.2,4.17,51
AIR109734,2025-11-15,Delhi,Delhi City 2,Broadband,0,Slow Internet,No Complaint,10.5,4.08,39
AIR109735,2025-12-15,Rajasthan,Rajasthan City 2,Prepaid,0,Call Drops,No Complaint,11.8,3.26,-7
AIR109736,2025-02-15,Rajasthan,Rajasthan City 3,Postpaid,0,Network Issues,No Complaint,3.3,3.77,18
AIR109737,2025-03-15,Delhi,Delhi City 2,Prepaid,1,Call Drops,Resolved,15.9,3.52,18
AIR109738,2025-04-15,Rajasthan,Rajasthan City 1,Postpaid,0,Network Issues,No Complaint,4.9,3.14,23
AIR109739,2025-05-15,Gujarat,Gujarat City 2,Enterprise,1,Slow Internet,Pending,43.1,3.04,-1
AIR109740,2025-06-15,Tamil Nadu,Tamil Nadu City 2,Broadband,0,Network Issues,No Complaint,17.2,3.97,31
AIR109741,2025-07-15,Uttar Pradesh,Uttar Pradesh City 3,Prepaid,0,Slow Internet,No Complaint,8.9,3.71,28
AIR109742,2025-08-15,Gujarat,Gujarat City 1,Prepaid,0,Slow Internet,No Complaint,6.3,4.04,33
AIR109743,2025-09-15,Rajasthan,Rajasthan City 3,Prepaid,1,Slow Internet,In Progress,9.6,4.56,64
AIR109744,2025-10-15,Karnataka,Karnataka City 1,Prepaid,0,Call Drops,No Complaint,13.2,3.43,-4
AIR109745,2025-11-15,Gujarat,Gujarat City 1,Prepaid,1,Slow Internet,Resolved,22.3,3.04,2
AIR109746,2025-12-15,Karnataka,Karnataka City 2,Prepaid,0,Slow Internet,No Complaint,40.7,4.42,61
AIR109747,2025-02-15,Delhi,Delhi City 2,Prepaid,0,Call Drops,No Complaint,15.3,4.22,58
AIR109748,2025-03-15,West Bengal,West Bengal City 3,Prepaid,0,Slow Internet,No Complaint,17.6,4.37,52
AIR109749,2025-04-15,Telangana,Telangana City 3,Prepaid,0,Call Drops,No Complaint,16.5,3.95,34
AIR109750,2025-05-15,Rajasthan,Rajasthan City 3,Postpaid,0,Network Issues,No Complaint,21.3,3.26,-3
AIR109751,2025-06-15,Telangana,Telangana City 1,Prepaid,0,Slow Internet,No Complaint,22.3,3.91,47
AIR109752,2025-07-15,Tamil Nadu,Tamil Nadu City 3,Prepaid,1,Network Issues,Resolved,7.5,2.97,3
AIR109753,2025-08-15,Karnataka,Karnataka City 1,Postpaid,1,Network Issues,Resolved,21.2,4.22,23
AIR109754,2025-09-15,Gujarat,Gujarat City 1,Postpaid,0,Slow Internet,No Complaint,17.8,2.92,5
AIR109755,2025-10-15,Telangana,Telangana City 1,Prepaid,0,Network Issues,No Complaint,13,3.93,25
AIR109756,2025-11-15,Maharashtra,Maharashtra City 1,Broadband,0,Network Issues,No Complaint,18.6,3.67,26
AIR109757,2025-12-15,Rajasthan,Rajasthan City 1,Prepaid,0,Slow Internet,No Complaint,28.4,4.39,36
AIR109758,2025-02-15,Telangana,Telangana City 2,Prepaid,0,Call Drops,No Complaint,9.4,3.46,15
AIR109759,2025-03-15,Gujarat,Gujarat City 1,Prepaid,0,Billing Issues,No Complaint,11.9,3.78,38
AIR109760,2025-04-15,Gujarat,Gujarat City 1,Prepaid,0,Call Drops,No Complaint,44.2,3.38,8
AIR109761,2025-05-15,Tamil Nadu,Tamil Nadu City 2,Postpaid,0,Slow Internet,No Complaint,17.9,3.65,37
AIR109762,2025-06-15,Kerala,Kerala City 2,Prepaid,0,Call Drops,No Complaint,7,3.47,17
AIR109763,2025-07-15,Uttar Pradesh,Uttar Pradesh City 2,Prepaid,0,Call Drops,No Complaint,49.4,4,43
AIR109764,2025-08-15,Maharashtra,Maharashtra City 3,Broadband,1,Others,Resolved,17.8,4.38,53
AIR109765,2025-09-15,Telangana,Telangana City 3,Prepaid,0,Network Issues,No Complaint,7.8,3.94,40
AIR109766,2025-10-15,Uttar Pradesh,Uttar Pradesh City 1,Postpaid,0,Network Issues,No Complaint,45,3.39,-10
AIR109767,2025-11-15,Maharashtra,Maharashtra City 1,Prepaid,0,Network Issues,No Complaint,29.7,3.93,24
AIR109768,2025-12-15,Kerala,Kerala City 1,Prepaid,0,Network Issues,No Complaint,3.3,3.42,24
AIR109769,2025-02-15,Telangana,Telangana City 1,Prepaid,0,Network Issues,No Complaint,13,3.22,-4
AIR109770,2025-03-15,Maharashtra,Maharashtra City 2,Postpaid,1,Slow Internet,Pending,27.7,3.24,6
AIR109771,2025-04-15,Uttar Pradesh,Uttar Pradesh City 3,Postpaid,1,Slow Internet,In Progress,6.6,3.72,24
AIR109772,2025-05-15,Karnataka,Karnataka City 2,Prepaid,0,Network Issues,No Complaint,25.1,4.17,45
AIR109773,2025-06-15,Gujarat,Gujarat City 3,Prepaid,0,Network Issues,No Complaint,20.6,3.06,14
AIR109774,2025-07-15,West Bengal,West Bengal City 2,Broadband,1,Billing Issues,Pending,16.4,2.41,-7
AIR109775,2025-08-15,Delhi,Delhi City 1,Broadband,1,Network Issues,Pending,5.9,3.61,24
AIR109776,2025-09-15,Rajasthan,Rajasthan City 3,Postpaid,0,Network Issues,No Complaint,10.4,3.44,28
AIR109777,2025-10-15,West Bengal,West Bengal City 1,Postpaid,0,Billing Issues,No Complaint,25.4,3.54,29
AIR109778,2025-11-15,Telangana,Telangana City 3,Broadband,0,Call Drops,No Complaint,12.8,3.98,44
AIR109779,2025-12-15,Telangana,Telangana City 3,Prepaid,0,Call Drops,No Complaint,26.7,3.4,11
AIR109780,2025-02-15,Maharashtra,Maharashtra City 1,Postpaid,0,Billing Issues,No Complaint,9.3,3.51,22
AIR109781,2025-03-15,Gujarat,Gujarat City 1,Postpaid,0,Call Drops,No Complaint,13.9,3.36,9
AIR109782,2025-04-15,Kerala,Kerala City 1,Postpaid,0,Slow Internet,No Complaint,14.4,2.38,-18
AIR109783,2025-05-15,Tamil Nadu,Tamil Nadu City 2,Prepaid,0,Billing Issues,No Complaint,31.5,3.51,13
AIR109784,2025-06-15,Maharashtra,Maharashtra City 3,Postpaid,1,Network Issues,Resolved,10.8,3.17,-4
AIR109785,2025-07-15,Tamil Nadu,Tamil Nadu City 3,Postpaid,1,Network Issues,Resolved,16,2.86,-5
AIR109786,2025-08-15,Delhi,Delhi City 3,Broadband,0,Network Issues,No Complaint,17,3.04,3
AIR109787,2025-09-15,Uttar Pradesh,Uttar Pradesh City 1,Postpaid,0,Network Issues,No Complaint,5.2,3.61,1
AIR109788,2025-10-15,Maharashtra,Maharashtra City 3,Broadband,1,Network Issues,Resolved,12.8,3.84,25
AIR109789,2025-11-15,Delhi,Delhi City 3,Broadband,0,Network Issues,No Complaint,8.6,3.68,25
AIR109790,2025-12-15,Rajasthan,Rajasthan City 1,Prepaid,0,Network Issues,No Complaint,6.3,3.23,12
AIR109791,2025-02-15,Maharashtra,Maharashtra City 1,Prepaid,0,Slow Internet,No Complaint,13.3,2.73,-5
AIR109792,2025-03-15,Gujarat,Gujarat City 3,Postpaid,0,Network Issues,No Complaint,8.8,3.8,32
AIR109793,2025-04-15,Gujarat,Gujarat City 2,Broadband,0,Slow Internet,No Complaint,21,2.92,-15
AIR109794,2025-05-15,Telangana,Telangana City 1,Prepaid,0,Others,No Complaint,24.2,2.83,-8
AIR109795,2025-06-15,Rajasthan,Rajasthan City 2,Postpaid,0,Slow Internet,No Complaint,37.1,3.79,29
AIR109796,2025-07-15,Telangana,Telangana City 2,Prepaid,0,Network Issues,No Complaint,18.2,3.09,0
AIR109797,2025-08-15,Tamil Nadu,Tamil Nadu City 2,Prepaid,0,Call Drops,No Complaint,60.8,3.18,16
AIR109798,2025-09-15,West Bengal,West Bengal City 2,Postpaid,0,Network Issues,No Complaint,29.6,4.08,28
AIR109799,2025-10-15,Kerala,Kerala City 1,Postpaid,0,Network Issues,No Complaint,11.3,3.72,31
AIR109800,2025-11-15,Rajasthan,Rajasthan City 3,Postpaid,1,Call Drops,Resolved,6,3.38,16
AIR109801,2025-12-15,Uttar Pradesh,Uttar Pradesh City 3,Broadband,0,Call Drops,No Complaint,17.1,3.4,2
AIR109802,2025-02-15,Kerala,Kerala City 1,Prepaid,0,Call Drops,No Complaint,33.8,2.85,1
AIR109803,2025-03-15,Kerala,Kerala City 1,Prepaid,0,Slow Internet,No Complaint,20.2,3.18,-2
AIR109804,2025-04-15,Karnataka,Karnataka City 2,Broadband,0,Network Issues,No Complaint,32.5,3.5,-2
AIR109805,2025-05-15,Maharashtra,Maharashtra City 2,Postpaid,0,Billing Issues,No Complaint,13.1,3.69,30
AIR109806,2025-06-15,Uttar Pradesh,Uttar Pradesh City 1,Prepaid,0,Slow Internet,No Complaint,19,3.33,-9
AIR109807,2025-07-15,Rajasthan,Rajasthan City 3,Postpaid,0,Network Issues,No Complaint,9.9,3.59,31
AIR109808,2025-08-15,Telangana,Telangana City 2,Broadband,0,Slow Internet,No Complaint,13.7,4.37,39
AIR109809,2025-09-15,Tamil Nadu,Tamil Nadu City 1,Postpaid,1,Call Drops,In Progress,23.1,3.74,16
AIR109810,2025-10-15,Maharashtra,Maharashtra City 1,Postpaid,0,Slow Internet,No Complaint,24,3.72,12
AIR109811,2025-11-15,Karnataka,Karnataka City 1,Prepaid,0,Network Issues,No Complaint,24.9,3.17,8
AIR109812,2025-12-15,Tamil Nadu,Tamil Nadu City 2,Prepaid,0,Slow Internet,No Complaint,48.8,3.76,25
AIR109813,2025-02-15,Rajasthan,Rajasthan City 1,Broadband,0,Billing Issues,No Complaint,13.5,3.84,46
AIR109814,2025-03-15,West Bengal,West Bengal City 3,Postpaid,0,Slow Internet,No Complaint,2.8,3.68,41
AIR109815,2025-04-15,Kerala,Kerala City 1,Prepaid,0,Network Issues,No Complaint,17.3,4.06,25
AIR109816,2025-05-15,Karnataka,Karnataka City 2,Postpaid,0,Slow Internet,No Complaint,28.7,3.7,24
AIR109817,2025-06-15,Tamil Nadu,Tamil Nadu City 3,Postpaid,1,Billing Issues,Resolved,6.8,4.02,44
AIR109818,2025-07-15,Telangana,Telangana City 3,Prepaid,0,Call Drops,No Complaint,72.6,3.97,44
AIR109819,2025-08-15,Karnataka,Karnataka City 1,Postpaid,0,Network Issues,No Complaint,31.7,3.78,14
AIR109820,2025-09-15,Tamil Nadu,Tamil Nadu City 1,Prepaid,0,Billing Issues,No Complaint,50.5,3.89,38
AIR109821,2025-10-15,Karnataka,Karnataka City 3,Prepaid,0,Network Issues,No Complaint,12.2,3.71,22
AIR109822,2025-11-15,Telangana,Telangana City 1,Postpaid,0,Slow Internet,No Complaint,6.8,3.66,44
AIR109823,2025-12-15,Telangana,Telangana City 2,Prepaid,0,Network Issues,No Complaint,19.8,4.07,31
AIR109824,2025-02-15,Uttar Pradesh,Uttar Pradesh City 3,Prepaid,0,Slow Internet,No Complaint,6.2,3.39,-6
AIR109825,2025-03-15,Gujarat,Gujarat City 1,Broadband,0,Network Issues,No Complaint,9.9,3.37,-1
AIR109826,2025-04-15,Kerala,Kerala City 3,Postpaid,0,Call Drops,No Complaint,18.3,3.66,37
AIR109827,2025-05-15,Maharashtra,Maharashtra City 1,Postpaid,0,Call Drops,No Complaint,9.3,3.79,28
AIR109828,2025-06-15,Maharashtra,Maharashtra City 1,Prepaid,0,Network Issues,No Complaint,23.9,3.71,35
AIR109829,2025-07-15,Rajasthan,Rajasthan City 2,Prepaid,0,Call Drops,No Complaint,18,3.88,34
AIR109830,2025-08-15,Delhi,Delhi City 1,Postpaid,0,Network Issues,No Complaint,21.4,3.92,26
AIR109831,2025-09-15,Rajasthan,Rajasthan City 1,Prepaid,0,Network Issues,No Complaint,4,4.39,50
AIR109832,2025-10-15,Delhi,Delhi City 1,Postpaid,1,Billing Issues,Resolved,6.8,3.83,34
AIR109833,2025-11-15,Karnataka,Karnataka City 2,Prepaid,0,Slow Internet,No Complaint,24.5,2.74,2
AIR109834,2025-12-15,Delhi,Delhi City 1,Postpaid,1,Network Issues,Pending,12.6,3.3,13
AIR109835,2025-02-15,Gujarat,Gujarat City 1,Prepaid,1,Slow Internet,Resolved,4.1,3.15,-2
AIR109836,2025-03-15,Gujarat,Gujarat City 1,Prepaid,0,Slow Internet,No Complaint,5.3,2.86,-13
AIR109837,2025-04-15,Kerala,Kerala City 3,Enterprise,0,Slow Internet,No Complaint,8,3.87,42
AIR109838,2025-05-15,Tamil Nadu,Tamil Nadu City 2,Enterprise,0,Call Drops,No Complaint,11.5,3.74,24
AIR109839,2025-06-15,Maharashtra,Maharashtra City 3,Prepaid,0,Slow Internet,No Complaint,5.3,3.33,-10
AIR109840,2025-07-15,Kerala,Kerala City 2,Postpaid,0,Network Issues,No Complaint,13.9,4.04,51
AIR109841,2025-08-15,Gujarat,Gujarat City 2,Postpaid,1,Network Issues,Resolved,13.1,2.87,-3
AIR109842,2025-09-15,Tamil Nadu,Tamil Nadu City 3,Prepaid,0,Network Issues,No Complaint,10.2,4.14,35
AIR109843,2025-10-15,Rajasthan,Rajasthan City 2,Prepaid,0,Slow Internet,No Complaint,12.8,3.13,17
AIR109844,2025-11-15,Maharashtra,Maharashtra City 2,Prepaid,0,Network Issues,No Complaint,29.5,4.34,55
AIR109845,2025-12-15,Uttar Pradesh,Uttar Pradesh City 3,Postpaid,0,Slow Internet,No Complaint,37.7,2.68,16
AIR109846,2025-02-15,Maharashtra,Maharashtra City 1,Postpaid,0,Slow Internet,No Complaint,14.8,3.7,16
AIR109847,2025-03-15,Karnataka,Karnataka City 2,Broadband,0,Billing Issues,No Complaint,12.5,4.38,64
AIR109848,2025-04-15,West Bengal,West Bengal City 3,Postpaid,1,Slow Internet,Resolved,9.9,3.68,35
AIR109849,2025-05-15,Maharashtra,Maharashtra City 2,Broadband,1,Slow Internet,Pending,10.7,3.17,0
AIR109850,2025-06-15,Gujarat,Gujarat City 3,Broadband,1,Slow Internet,Resolved,26.2,4.29,65
AIR109851,2025-07-15,Karnataka,Karnataka City 1,Broadband,0,Billing Issues,No Complaint,1.1,4.01,37
AIR109852,2025-08-15,Telangana,Telangana City 2,Prepaid,0,Call Drops,No Complaint,14.9,3.64,26
AIR109853,2025-09-15,Delhi,Delhi City 1,Prepaid,0,Slow Internet,No Complaint,9.5,3.31,-1
AIR109854,2025-10-15,Rajasthan,Rajasthan City 1,Postpaid,0,Network Issues,No Complaint,16.1,3.48,24
AIR109855,2025-11-15,Uttar Pradesh,Uttar Pradesh City 3,Postpaid,1,Network Issues,Pending,19,3.62,20
AIR109856,2025-12-15,Rajasthan,Rajasthan City 2,Prepaid,0,Call Drops,No Complaint,19.5,3.06,1
AIR109857,2025-02-15,Telangana,Telangana City 2,Broadband,0,Slow Internet,No Complaint,20.5,3.51,3
AIR109858,2025-03-15,West Bengal,West Bengal City 2,Enterprise,0,Network Issues,No Complaint,62.5,3.99,38
AIR109859,2025-04-15,Maharashtra,Maharashtra City 2,Postpaid,0,Slow Internet,No Complaint,4.9,3.32,15
AIR109860,2025-05-15,Kerala,Kerala City 2,Postpaid,0,Call Drops,No Complaint,8.4,4.31,49
AIR109861,2025-06-15,Karnataka,Karnataka City 3,Broadband,0,Network Issues,No Complaint,15.1,3.21,-26
AIR109862,2025-07-15,Uttar Pradesh,Uttar Pradesh City 2,Prepaid,0,Slow Internet,No Complaint,5.8,3.57,34
AIR109863,2025-08-15,Telangana,Telangana City 1,Prepaid,1,Network Issues,Resolved,24.6,4.19,47
AIR109864,2025-09-15,West Bengal,West Bengal City 1,Broadband,0,Network Issues,No Complaint,5.3,3.74,31
AIR109865,2025-10-15,Rajasthan,Rajasthan City 2,Postpaid,1,Slow Internet,Resolved,9.2,3.78,27
AIR109866,2025-11-15,Telangana,Telangana City 3,Prepaid,1,Call Drops,Resolved,26.6,3.52,2
AIR109867,2025-12-15,Uttar Pradesh,Uttar Pradesh City 3,Broadband,0,Others,No Complaint,15.4,3.78,23
AIR109868,2025-02-15,Uttar Pradesh,Uttar Pradesh City 2,Prepaid,0,Slow Internet,No Complaint,9.6,3.17,3
AIR109869,2025-03-15,West Bengal,West Bengal City 1,Postpaid,0,Network Issues,No Complaint,23.7,2.98,-4
AIR109870,2025-04-15,Rajasthan,Rajasthan City 2,Postpaid,0,Network Issues,No Complaint,4.1,3.31,0
AIR109871,2025-05-15,Gujarat,Gujarat City 2,Prepaid,0,Call Drops,No Complaint,43.7,3.86,46
AIR109872,2025-06-15,Uttar Pradesh,Uttar Pradesh City 2,Prepaid,0,Slow Internet,No Complaint,43.6,4.22,51
AIR109873,2025-07-15,Karnataka,Karnataka City 3,Broadband,0,Call Drops,No Complaint,4,3.43,29
AIR109874,2025-08-15,Karnataka,Karnataka City 3,Prepaid,0,Slow Internet,No Complaint,13.8,4.15,50
AIR109875,2025-09-15,Delhi,Delhi City 1,Prepaid,0,Network Issues,No Complaint,12.4,3.39,15
AIR109876,2025-10-15,Rajasthan,Rajasthan City 1,Postpaid,0,Slow Internet,No Complaint,5.7,3.51,30
AIR109877,2025-11-15,Telangana,Telangana City 2,Prepaid,1,Slow Internet,Resolved,15,3.94,20
AIR109878,2025-12-15,Karnataka,Karnataka City 1,Broadband,0,Network Issues,No Complaint,20.7,2.72,-2
AIR109879,2025-02-15,West Bengal,West Bengal City 2,Prepaid,0,Network Issues,No Complaint,16.5,3.27,-2
AIR109880,2025-03-15,Telangana,Telangana City 1,Postpaid,0,Call Drops,No Complaint,26.4,3.97,31
AIR109881,2025-04-15,Rajasthan,Rajasthan City 2,Prepaid,0,Billing Issues,No Complaint,30.3,3.27,0
AIR109882,2025-05-15,West Bengal,West Bengal City 3,Broadband,1,Others,Resolved,6.6,3.97,53
AIR109883,2025-06-15,Maharashtra,Maharashtra City 2,Postpaid,0,Slow Internet,No Complaint,21.9,3.25,3
AIR109884,2025-07-15,Tamil Nadu,Tamil Nadu City 3,Prepaid,0,Network Issues,No Complaint,22.3,3.75,35
AIR109885,2025-08-15,Karnataka,Karnataka City 3,Enterprise,0,Billing Issues,No Complaint,8.8,3.07,-17
AIR109886,2025-09-15,Karnataka,Karnataka City 1,Prepaid,1,Network Issues,Resolved,20.3,3.59,18
AIR109887,2025-10-15,Delhi,Delhi City 1,Postpaid,0,Slow Internet,No Complaint,56.7,3.64,22
AIR109888,2025-11-15,Gujarat,Gujarat City 3,Enterprise,0,Network Issues,No Complaint,13.7,4.56,62
AIR109889,2025-12-15,Delhi,Delhi City 2,Postpaid,1,Slow Internet,In Progress,17.6,3.2,-1
AIR109890,2025-02-15,Rajasthan,Rajasthan City 2,Postpaid,0,Billing Issues,No Complaint,8.1,3.64,37
AIR109891,2025-03-15,Delhi,Delhi City 1,Prepaid,0,Billing Issues,No Complaint,37.5,4.12,39
AIR109892,2025-04-15,Gujarat,Gujarat City 2,Prepaid,1,Slow Internet,Resolved,26.5,3.27,6
AIR109893,2025-05-15,Gujarat,Gujarat City 2,Prepaid,1,Network Issues,Resolved,9.2,3.87,28
AIR109894,2025-06-15,Uttar Pradesh,Uttar Pradesh City 2,Enterprise,0,Billing Issues,No Complaint,23.7,4.25,65
AIR109895,2025-07-15,Uttar Pradesh,Uttar Pradesh City 3,Enterprise,0,Network Issues,No Complaint,9.3,3.3,16
AIR109896,2025-08-15,Tamil Nadu,Tamil Nadu City 3,Prepaid,0,Network Issues,No Complaint,6.4,3.99,45
AIR109897,2025-09-15,West Bengal,West Bengal City 2,Prepaid,0,Network Issues,No Complaint,5.1,3.28,16
AIR109898,2025-10-15,Maharashtra,Maharashtra City 1,Prepaid,0,Billing Issues,No Complaint,1,3.65,19
AIR109899,2025-11-15,Gujarat,Gujarat City 2,Prepaid,0,Network Issues,No Complaint,8.2,3.23,18
AIR109900,2025-12-15,Maharashtra,Maharashtra City 1,Prepaid,1,Slow Internet,Resolved,10.8,3.47,31
AIR109901,2025-02-15,Karnataka,Karnataka City 3,Postpaid,0,Slow Internet,No Complaint,9,3.51,19
AIR109902,2025-03-15,Kerala,Kerala City 2,Broadband,1,Slow Internet,Resolved,5.3,3.42,26
AIR109903,2025-04-15,Tamil Nadu,Tamil Nadu City 2,Postpaid,0,Slow Internet,No Complaint,7.6,3.27,22
AIR109904,2025-05-15,Rajasthan,Rajasthan City 1,Postpaid,0,Others,No Complaint,1.5,3.59,12
AIR109905,2025-06-15,Telangana,Telangana City 1,Postpaid,0,Call Drops,No Complaint,18.4,3.08,0
AIR109906,2025-07-15,Maharashtra,Maharashtra City 2,Postpaid,0,Call Drops,No Complaint,19.7,4.16,46
AIR109907,2025-08-15,Delhi,Delhi City 2,Postpaid,0,Network Issues,No Complaint,30.1,4.2,25
AIR109908,2025-09-15,Gujarat,Gujarat City 1,Prepaid,0,Network Issues,No Complaint,26.9,3.74,26
AIR109909,2025-10-15,Maharashtra,Maharashtra City 3,Prepaid,0,Slow Internet,No Complaint,5.9,3.69,26
AIR109910,2025-11-15,Telangana,Telangana City 1,Postpaid,0,Network Issues,No Complaint,31.4,3.5,20
AIR109911,2025-12-15,Gujarat,Gujarat City 2,Enterprise,0,Network Issues,No Complaint,9.5,3.77,30
AIR109912,2025-02-15,Rajasthan,Rajasthan City 3,Postpaid,0,Slow Internet,No Complaint,9.3,3.04,23
AIR109913,2025-03-15,Kerala,Kerala City 3,Broadband,1,Slow Internet,Resolved,8.5,4.15,50
AIR109914,2025-04-15,Delhi,Delhi City 3,Prepaid,0,Slow Internet,No Complaint,54.7,3.97,36
AIR109915,2025-05-15,Maharashtra,Maharashtra City 3,Postpaid,0,Billing Issues,No Complaint,29.8,3.84,27
AIR109916,2025-06-15,Uttar Pradesh,Uttar Pradesh City 2,Broadband,1,Slow Internet,Pending,33.7,3.39,24
AIR109917,2025-07-15,Tamil Nadu,Tamil Nadu City 3,Postpaid,0,Network Issues,No Complaint,4.6,4.05,46
AIR109918,2025-08-15,Maharashtra,Maharashtra City 1,Broadband,0,Slow Internet,No Complaint,20.6,3.32,12
AIR109919,2025-09-15,Maharashtra,Maharashtra City 1,Postpaid,0,Slow Internet,No Complaint,11.8,2.63,-18
AIR109920,2025-10-15,Telangana,Telangana City 1,Prepaid,0,Billing Issues,No Complaint,26,3.8,24
AIR109921,2025-11-15,Telangana,Telangana City 2,Prepaid,0,Call Drops,No Complaint,13.5,3.56,17
AIR109922,2025-12-15,Tamil Nadu,Tamil Nadu City 3,Postpaid,0,Network Issues,No Complaint,29.2,3.62,34
AIR109923,2025-02-15,Maharashtra,Maharashtra City 1,Broadband,0,Network Issues,No Complaint,18,3.78,31
AIR109924,2025-03-15,West Bengal,West Bengal City 1,Prepaid,1,Billing Issues,In Progress,18,3.16,15
AIR109925,2025-04-15,Rajasthan,Rajasthan City 1,Postpaid,0,Network Issues,No Complaint,51.8,3.79,48
AIR109926,2025-05-15,Telangana,Telangana City 3,Postpaid,0,Slow Internet,No Complaint,22.6,4.18,40
AIR109927,2025-06-15,Telangana,Telangana City 1,Prepaid,0,Network Issues,No Complaint,17,4.1,43
AIR109928,2025-07-15,West Bengal,West Bengal City 3,Prepaid,0,Network Issues,No Complaint,8.5,4.93,69
AIR109929,2025-08-15,Gujarat,Gujarat City 3,Prepaid,1,Call Drops,Resolved,8.1,3.18,18
AIR109930,2025-09-15,Maharashtra,Maharashtra City 3,Prepaid,0,Slow Internet,No Complaint,9.5,3.29,15
AIR109931,2025-10-15,Tamil Nadu,Tamil Nadu City 2,Prepaid,0,Call Drops,No Complaint,18.2,3.49,11
AIR109932,2025-11-15,Telangana,Telangana City 2,Prepaid,0,Others,No Complaint,8.8,4.46,75
AIR109933,2025-12-15,Tamil Nadu,Tamil Nadu City 3,Prepaid,1,Call Drops,Resolved,29.7,3.64,13
AIR109934,2025-02-15,Tamil Nadu,Tamil Nadu City 3,Postpaid,1,Others,Resolved,20.6,3.43,11
AIR109935,2025-03-15,Rajasthan,Rajasthan City 2,Postpaid,0,Slow Internet,No Complaint,11.6,4.68,65
AIR109936,2025-04-15,Uttar Pradesh,Uttar Pradesh City 2,Postpaid,0,Slow Internet,No Complaint,22.3,3.91,38
AIR109937,2025-05-15,Telangana,Telangana City 3,Postpaid,0,Network Issues,No Complaint,38,3.45,17
AIR109938,2025-06-15,Delhi,Delhi City 2,Enterprise,1,Network Issues,Resolved,8.2,3.47,15
AIR109939,2025-07-15,Gujarat,Gujarat City 1,Broadband,1,Slow Internet,In Progress,34.5,4.18,51
AIR109940,2025-08-15,Tamil Nadu,Tamil Nadu City 3,Enterprise,0,Slow Internet,No Complaint,24.7,4.04,44
AIR109941,2025-09-15,Telangana,Telangana City 3,Prepaid,0,Others,No Complaint,28.4,3.48,26
AIR109942,2025-10-15,Gujarat,Gujarat City 2,Broadband,0,Call Drops,No Complaint,17.1,4.33,36
AIR109943,2025-11-15,Delhi,Delhi City 1,Postpaid,0,Call Drops,No Complaint,34.6,3.75,36
AIR109944,2025-12-15,Telangana,Telangana City 2,Prepaid,0,Call Drops,No Complaint,16.2,3.33,11
AIR109945,2025-02-15,Maharashtra,Maharashtra City 1,Prepaid,0,Network Issues,No Complaint,5.4,2.52,-14
AIR109946,2025-03-15,Tamil Nadu,Tamil Nadu City 1,Postpaid,1,Network Issues,In Progress,10.9,4.29,39
AIR109947,2025-04-15,Delhi,Delhi City 3,Prepaid,1,Slow Internet,Resolved,15.9,3.59,20
AIR109948,2025-05-15,Maharashtra,Maharashtra City 1,Prepaid,0,Network Issues,No Complaint,19.8,3.25,-2
AIR109949,2025-06-15,Tamil Nadu,Tamil Nadu City 3,Postpaid,0,Slow Internet,No Complaint,5.9,3.99,29
AIR109950,2025-07-15,Karnataka,Karnataka City 1,Postpaid,0,Slow Internet,No Complaint,9.2,3.37,27
AIR109951,2025-08-15,Kerala,Kerala City 3,Broadband,1,Others,Resolved,19,3.82,33
AIR109952,2025-09-15,West Bengal,West Bengal City 1,Postpaid,0,Billing Issues,No Complaint,19.9,3.85,38
AIR109953,2025-10-15,Tamil Nadu,Tamil Nadu City 2,Postpaid,0,Others,No Complaint,19,3.27,7
AIR109954,2025-11-15,Delhi,Delhi City 1,Prepaid,0,Network Issues,No Complaint,55.8,3.6,35
AIR109955,2025-12-15,Delhi,Delhi City 2,Postpaid,0,Slow Internet,No Complaint,10.5,3.85,25
AIR109956,2025-02-15,Kerala,Kerala City 1,Prepaid,0,Billing Issues,No Complaint,10.4,3.64,28
AIR109957,2025-03-15,Telangana,Telangana City 1,Broadband,0,Network Issues,No Complaint,4.1,2.76,-23
AIR109958,2025-04-15,West Bengal,West Bengal City 3,Prepaid,0,Slow Internet,No Complaint,2.8,4.71,58
AIR109959,2025-05-15,Gujarat,Gujarat City 1,Postpaid,0,Slow Internet,No Complaint,4.3,3.71,29
AIR109960,2025-06-15,Tamil Nadu,Tamil Nadu City 1,Prepaid,1,Slow Internet,Resolved,6.6,4.14,46
AIR109961,2025-07-15,Telangana,Telangana City 1,Broadband,1,Network Issues,Resolved,20.7,3.46,9
AIR109962,2025-08-15,Maharashtra,Maharashtra City 2,Enterprise,0,Call Drops,No Complaint,10.2,3.29,9
AIR109963,2025-09-15,Gujarat,Gujarat City 3,Prepaid,1,Network Issues,Resolved,13.1,3.63,12
AIR109964,2025-10-15,West Bengal,West Bengal City 3,Postpaid,0,Call Drops,No Complaint,35.5,4.41,54
AIR109965,2025-11-15,Telangana,Telangana City 1,Postpaid,1,Billing Issues,Resolved,13,3.38,9
AIR109966,2025-12-15,Uttar Pradesh,Uttar Pradesh City 1,Broadband,0,Slow Internet,No Complaint,9.7,3.86,42
AIR109967,2025-02-15,Gujarat,Gujarat City 2,Postpaid,0,Network Issues,No Complaint,14.3,3.08,8
AIR109968,2025-03-15,Rajasthan,Rajasthan City 1,Prepaid,0,Network Issues,No Complaint,8.8,3.47,25
AIR109969,2025-04-15,Rajasthan,Rajasthan City 3,Prepaid,0,Slow Internet,No Complaint,16.4,3.56,13
AIR109970,2025-05-15,Tamil Nadu,Tamil Nadu City 3,Postpaid,0,Network Issues,No Complaint,4.4,3.67,20
AIR109971,2025-06-15,Tamil Nadu,Tamil Nadu City 2,Prepaid,1,Others,Resolved,16.1,3.73,19
AIR109972,2025-07-15,Tamil Nadu,Tamil Nadu City 2,Prepaid,1,Slow Internet,Pending,9.7,3.09,12
AIR109973,2025-08-15,West Bengal,West Bengal City 3,Prepaid,0,Network Issues,No Complaint,9.9,3.21,1
AIR109974,2025-09-15,Uttar Pradesh,Uttar Pradesh City 2,Postpaid,0,Network Issues,No Complaint,17.5,4.09,37
AIR109975,2025-10-15,Telangana,Telangana City 1,Enterprise,1,Slow Internet,Resolved,17.3,3.42,-8
AIR109976,2025-11-15,Maharashtra,Maharashtra City 1,Broadband,0,Slow Internet,No Complaint,16.6,4.35,40
AIR109977,2025-12-15,Karnataka,Karnataka City 2,Postpaid,0,Slow Internet,No Complaint,25.3,3.53,15
AIR109978,2025-02-15,Delhi,Delhi City 3,Broadband,1,Call Drops,Resolved,29.1,3.4,13
AIR109979,2025-03-15,Maharashtra,Maharashtra City 2,Prepaid,0,Network Issues,No Complaint,9,3.3,22
AIR109980,2025-04-15,Telangana,Telangana City 3,Postpaid,0,Billing Issues,No Complaint,19.4,3.4,17
AIR109981,2025-05-15,Uttar Pradesh,Uttar Pradesh City 2,Prepaid,0,Network Issues,No Complaint,44,3.9,30
AIR109982,2025-06-15,West Bengal,West Bengal City 2,Postpaid,0,Network Issues,No Complaint,8.1,4.31,41
AIR109983,2025-07-15,Gujarat,Gujarat City 2,Enterprise,0,Billing Issues,No Complaint,10.3,3.16,8
AIR109984,2025-08-15,Maharashtra,Maharashtra City 1,Broadband,0,Network Issues,No Complaint,44.4,3.92,32
AIR109985,2025-09-15,Gujarat,Gujarat City 1,Postpaid,0,Network Issues,No Complaint,9.5,3.13,-5
AIR109986,2025-10-15,Karnataka,Karnataka City 3,Postpaid,0,Slow Internet,No Complaint,25.6,3.06,4
AIR109987,2025-11-15,Telangana,Telangana City 2,Broadband,0,Slow Internet,No Complaint,11.6,3.45,11
AIR109988,2025-12-15,Uttar Pradesh,Uttar Pradesh City 1,Prepaid,0,Others,No Complaint,29.6,4.1,48
AIR109989,2025-02-15,Telangana,Telangana City 2,Postpaid,1,Slow Internet,Resolved,52.2,4.28,43
AIR109990,2025-03-15,Delhi,Delhi City 3,Prepaid,1,Call Drops,Pending,10.7,2.78,-10
AIR109991,2025-04-15,West Bengal,West Bengal City 1,Broadband,0,Slow Internet,No Complaint,13.8,3.74,38
AIR109992,2025-05-15,Delhi,Delhi City 3,Prepaid,0,Call Drops,No Complaint,21.1,3.36,19
AIR109993,2025-06-15,Telangana,Telangana City 1,Prepaid,0,Slow Internet,No Complaint,12.3,3.92,38
AIR109994,2025-07-15,Delhi,Delhi City 2,Postpaid,0,Network Issues,No Complaint,34.2,3.59,15
AIR109995,2025-08-15,Kerala,Kerala City 3,Prepaid,0,Slow Internet,No Complaint,17.7,3.32,-3
AIR109996,2025-09-15,Telangana,Telangana City 1,Prepaid,0,Slow Internet,No Complaint,10.1,3.35,0
AIR109997,2025-10-15,Uttar Pradesh,Uttar Pradesh City 1,Postpaid,0,Slow Internet,No Complaint,12.5,2.54,-13
AIR109998,2025-11-15,Maharashtra,Maharashtra City 2,Broadband,0,Slow Internet,No Complaint,2.5,3.09,19
AIR109999,2025-12-15,Uttar Pradesh,Uttar Pradesh City 3,Prepaid,0,Billing Issues,No Complaint,8.3,4.4,41
AIR110000,2025-02-15,Kerala,Kerala City 3,Broadband,0,Network Issues,No Complaint,8.9,3.05,24
