Customer_ID,Report_Date,State,City,Network_Type,Network_Availability_Pct,Download_Speed_Mbps,Call_Drop_Rate_Pct,Latency_ms,Network_Downtime_Min,Complaint_Flag,Customer_Satisfaction
AIR100001,2025-02-15,Telangana,Telangana City 3,4G,98.64,39.74,1.12,31.4,61,0,3.71
AIR100002,2025-03-15,Delhi,Delhi City 2,5G,99.62,136.32,0.86,16,101,1,3.56
AIR100003,2025-04-15,West Bengal,West Bengal City 3,5G,98.75,158.25,0.83,21.4,113,1,3.49
AIR100004,2025-05-15,Kerala,Kerala City 1,5G,98.76,147.46,0.68,15.9,56,0,4.4
AIR100005,2025-06-15,Telangana,Telangana City 2,4G,99.1,54.07,0.44,39,96,0,3.31
AIR100006,2025-07-15,Uttar Pradesh,Uttar Pradesh City 3,4G,98.65,47.18,0.72,46.7,82,1,3.99
AIR100007,2025-08-15,Maharashtra,Maharashtra City 3,4G,98.52,53.23,0.64,41.7,122,1,2.95
AIR100008,2025-09-15,Telangana,Telangana City 2,4G,96.27,53.42,1.19,34.4,73,1,3.26
AIR100009,2025-10-15,West Bengal,West Bengal City 3,4G,99.16,35.58,1.45,28.6,48,0,3.93
AIR100010,2025-11-15,Kerala,Kerala City 3,4G,98.58,40.6,0.64,33.3,118,0,3.51
AIR100011,2025-12-15,Delhi,Delhi City 1,4G,99.21,30.35,1.79,34.2,68,0,2.95
AIR100012,2025-02-15,West Bengal,West Bengal City 1,4G,97.25,38.42,1.39,53,133,0,3.66
AIR100013,2025-03-15,West Bengal,West Bengal City 1,4G,98.72,41.29,0.62,23.6,44,1,3.51
AIR100014,2025-04-15,Maharashtra,Maharashtra City 1,5G,99.58,124.08,0.47,28.8,52,0,4.13
AIR100015,2025-05-15,Gujarat,Gujarat City 1,4G,95.46,53.41,0.95,36.9,59,0,2.86
AIR100016,2025-06-15,Kerala,Kerala City 1,5G,99.99,150.61,0.37,12.8,75,0,3.82
AIR100017,2025-07-15,Karnataka,Karnataka City 2,4G,98.2,30.87,0.85,38,91,0,3.27
AIR100018,2025-08-15,West Bengal,West Bengal City 1,4G,97.43,73.36,1.08,47.9,66,1,3.4
AIR100019,2025-09-15,Gujarat,Gujarat City 3,4G,98.58,48.69,0.82,46.4,73,0,3.38
AIR100020,2025-10-15,Karnataka,Karnataka City 2,5G,99.35,238.97,0.56,9.2,74,0,3.56
AIR100021,2025-11-15,Kerala,Kerala City 3,4G,97.68,35.81,0.98,44.1,74,0,3.59
AIR100022,2025-12-15,Tamil Nadu,Tamil Nadu City 1,5G,99.4,66.51,0.79,5,49,0,3.64
AIR100023,2025-02-15,Uttar Pradesh,Uttar Pradesh City 1,4G,96.87,43.44,1.64,35.7,21,0,3.51
AIR100024,2025-03-15,Gujarat,Gujarat City 3,4G,98.55,46.99,1.07,61.3,82,0,2.64
AIR100025,2025-04-15,Rajasthan,Rajasthan City 3,5G,99.87,151.53,0.26,19.4,99,1,3.93
AIR100026,2025-05-15,Tamil Nadu,Tamil Nadu City 3,4G,98.1,29.72,1.14,39.7,82,0,3.3
AIR100027,2025-06-15,Uttar Pradesh,Uttar Pradesh City 2,5G,98.25,148.77,0.85,23.9,59,1,3.62
AIR100028,2025-07-15,Maharashtra,Maharashtra City 1,4G,98.79,49.09,0.66,44,28,1,3.31
AIR100029,2025-08-15,Telangana,Telangana City 3,4G,98.32,53.42,1.32,32.4,97,0,3.16
AIR100030,2025-09-15,Delhi,Delhi City 1,5G,99.37,135.55,0.51,13.6,60,0,4.22
AIR100031,2025-10-15,Rajasthan,Rajasthan City 3,5G,98.78,67.89,0.23,18.9,95,0,4.19
AIR100032,2025-11-15,Maharashtra,Maharashtra City 1,4G,98.94,47.26,1.35,58,5,0,3.16
AIR100033,2025-12-15,Kerala,Kerala City 2,5G,98.84,150.84,0.58,16.1,51,0,4.19
AIR100034,2025-02-15,Maharashtra,Maharashtra City 1,4G,98.96,55.12,1.13,15.5,104,1,3.46
AIR100035,2025-03-15,Telangana,Telangana City 3,5G,100,151.23,0.69,36,64,0,4.05
AIR100036,2025-04-15,Kerala,Kerala City 1,4G,98.74,50.91,1.31,43.4,115,0,3.7
AIR100037,2025-05-15,Rajasthan,Rajasthan City 2,4G,98.2,62.46,1.63,35.7,85,1,3.14
AIR100038,2025-06-15,Telangana,Telangana City 2,4G,98.1,43.23,1.47,45.6,36,0,2.87
AIR100039,2025-07-15,Karnataka,Karnataka City 1,4G,97.82,46.76,1.29,39.9,64,0,3.84
AIR100040,2025-08-15,Delhi,Delhi City 3,4G,98.47,44.21,2.22,28.9,46,0,3
AIR100041,2025-09-15,Rajasthan,Rajasthan City 2,4G,96.64,40.85,0.6,42,121,1,3.43
AIR100042,2025-10-15,Karnataka,Karnataka City 2,4G,98.47,29.05,0.48,34.3,100,0,4.08
AIR100043,2025-11-15,Uttar Pradesh,Uttar Pradesh City 1,5G,99.18,130.53,0.57,12,73,0,3.35
AIR100044,2025-12-15,Rajasthan,Rajasthan City 2,4G,99.05,53.42,1.61,48.3,50,1,3.11
AIR100045,2025-02-15,Uttar Pradesh,Uttar Pradesh City 2,4G,98.31,52.73,1.9,38.7,54,0,3.42
AIR100046,2025-03-15,Kerala,Kerala City 3,4G,99.3,44.15,0.99,33.8,58,0,3.74
AIR100047,2025-04-15,Karnataka,Karnataka City 3,5G,99.18,91.53,0.84,19.1,58,0,3.14
AIR100048,2025-05-15,Delhi,Delhi City 3,4G,97.79,23.61,1.51,51.3,80,0,3.3
AIR100049,2025-06-15,Telangana,Telangana City 1,4G,99.48,58.23,0.79,34,55,1,3.8
AIR100050,2025-07-15,West Bengal,West Bengal City 2,4G,97.74,20.82,1.29,42,79,0,3.44
AIR100051,2025-08-15,Maharashtra,Maharashtra City 1,4G,96.43,29.25,1.1,22.5,72,1,3.38
AIR100052,2025-09-15,Tamil Nadu,Tamil Nadu City 2,4G,99.49,45.05,0.96,44.4,85,0,3.82
AIR100053,2025-10-15,Delhi,Delhi City 2,4G,99.56,51.86,1.24,33.4,66,0,3.5
AIR100054,2025-11-15,Karnataka,Karnataka City 2,4G,98.07,62.92,0.42,41.6,89,1,3.52
AIR100055,2025-12-15,West Bengal,West Bengal City 3,4G,98.15,56.67,0.14,46.8,73,1,3.46
AIR100056,2025-02-15,Delhi,Delhi City 1,4G,97.8,53.7,1.21,28.2,108,0,2.82
AIR100057,2025-03-15,Karnataka,Karnataka City 1,4G,99.7,50.1,1.38,37.2,115,0,4.32
AIR100058,2025-04-15,Gujarat,Gujarat City 2,4G,99.43,12.19,1.14,35.9,80,1,3.64
AIR100059,2025-05-15,Gujarat,Gujarat City 1,5G,98.8,130.04,0.48,21,140,1,4.32
AIR100060,2025-06-15,Uttar Pradesh,Uttar Pradesh City 3,5G,98.92,159.64,1.04,23,63,0,3.2
AIR100061,2025-07-15,Delhi,Delhi City 1,4G,99.64,26.93,0.9,38,50,0,3.6
AIR100062,2025-08-15,Gujarat,Gujarat City 2,4G,99.85,47.3,1.03,47.8,44,1,3.79
AIR100063,2025-09-15,Karnataka,Karnataka City 3,4G,98.54,26.18,1.18,34.2,99,1,3.37
AIR100064,2025-10-15,Uttar Pradesh,Uttar Pradesh City 3,4G,98.66,54.27,1.04,40.7,83,1,3.13
AIR100065,2025-11-15,Karnataka,Karnataka City 2,4G,98.25,33.59,0.7,10.9,145,0,4.02
AIR100066,2025-12-15,Uttar Pradesh,Uttar Pradesh City 1,4G,97.82,73.52,1.42,34.6,64,0,3.1
AIR100067,2025-02-15,Delhi,Delhi City 2,5G,99.35,147.62,0.73,17.8,63,0,4.22
AIR100068,2025-03-15,West Bengal,West Bengal City 1,5G,99.85,160.12,0.78,15.3,69,1,3.71
AIR100069,2025-04-15,Telangana,Telangana City 1,4G,97.6,45.39,1.17,39.8,127,0,2.87
AIR100070,2025-05-15,Rajasthan,Rajasthan City 3,4G,98.48,54.5,0.81,25.6,95,0,3.64
AIR100071,2025-06-15,West Bengal,West Bengal City 2,5G,99.42,179.17,0.7,22.1,51,0,3.66
AIR100072,2025-07-15,Kerala,Kerala City 3,5G,99.46,154.35,0.98,23,134,0,4.03
AIR100073,2025-08-15,Karnataka,Karnataka City 2,5G,98.01,98.84,0.71,24.7,118,1,3.23
AIR100074,2025-09-15,Kerala,Kerala City 2,4G,98.18,54.45,1.26,49.7,50,0,3.9
AIR100075,2025-10-15,West Bengal,West Bengal City 3,4G,97.97,38.73,1.21,55.2,145,0,2.97
AIR100076,2025-11-15,Uttar Pradesh,Uttar Pradesh City 2,4G,99.43,26.32,1.06,30.2,111,0,4.41
AIR100077,2025-12-15,Rajasthan,Rajasthan City 2,4G,97.99,43.7,0.77,31.9,70,0,4.01
AIR100078,2025-02-15,Rajasthan,Rajasthan City 1,4G,97.6,40.33,1.1,46.1,24,0,3.57
AIR100079,2025-03-15,Tamil Nadu,Tamil Nadu City 2,4G,98.87,47.94,0.58,37.9,86,0,3.56
AIR100080,2025-04-15,Rajasthan,Rajasthan City 2,5G,98.71,140.61,1.02,21.4,63,0,3.1
AIR100081,2025-05-15,Telangana,Telangana City 3,5G,99.47,155.03,0.8,21.6,123,0,3.89
AIR100082,2025-06-15,Rajasthan,Rajasthan City 3,4G,98.88,51.1,1.16,27.5,40,0,3.34
AIR100083,2025-07-15,West Bengal,West Bengal City 2,5G,99.42,137.68,0.63,20.6,100,0,3.74
AIR100084,2025-08-15,Tamil Nadu,Tamil Nadu City 1,4G,98.07,24.68,0.9,42.3,132,0,3.02
AIR100085,2025-09-15,West Bengal,West Bengal City 1,5G,98.69,165.38,0.61,13.5,47,0,3.83
AIR100086,2025-10-15,West Bengal,West Bengal City 3,4G,99,47.09,1.5,53.2,6,0,3.4
AIR100087,2025-11-15,Maharashtra,Maharashtra City 2,4G,99.46,34.48,1.03,31.5,61,0,3.59
AIR100088,2025-12-15,Tamil Nadu,Tamil Nadu City 2,4G,100,50.34,0.73,27.2,76,0,3.86
AIR100089,2025-02-15,West Bengal,West Bengal City 1,4G,98.86,45.26,0.8,30.1,65,1,3.48
AIR100090,2025-03-15,Maharashtra,Maharashtra City 1,4G,99.73,42.94,0.88,19.9,83,0,3.47
AIR100091,2025-04-15,Maharashtra,Maharashtra City 1,4G,97.8,36.82,1.5,45.4,146,0,3.44
AIR100092,2025-05-15,Tamil Nadu,Tamil Nadu City 3,5G,99.03,213.76,0.68,16,79,1,3.61
AIR100093,2025-06-15,Kerala,Kerala City 2,4G,97.36,57.84,1.04,43.3,46,0,3.24
AIR100094,2025-07-15,Uttar Pradesh,Uttar Pradesh City 3,4G,98.32,61.47,0.94,32.6,93,0,4.06
AIR100095,2025-08-15,Telangana,Telangana City 2,4G,98.04,35.26,1.69,22.9,90,0,3.35
AIR100096,2025-09-15,Uttar Pradesh,Uttar Pradesh City 3,4G,99.66,42.9,1.49,61.2,67,0,3.35
AIR100097,2025-10-15,Rajasthan,Rajasthan City 2,4G,97.99,33.53,0.9,29.9,53,0,3.7
AIR100098,2025-11-15,Telangana,Telangana City 1,5G,99.33,67.47,0.3,14.8,89,0,3.98
AIR100099,2025-12-15,Rajasthan,Rajasthan City 1,4G,98.98,48.09,1.3,37.9,95,1,3.34
AIR100100,2025-02-15,West Bengal,West Bengal City 1,4G,99.2,45.78,0.74,52.1,78,0,3.88
AIR100101,2025-03-15,Karnataka,Karnataka City 3,5G,99.62,176.91,0.59,19.7,11,0,4.02
AIR100102,2025-04-15,Tamil Nadu,Tamil Nadu City 1,4G,98.93,59.65,1.12,27.1,45,0,3.2
AIR100103,2025-05-15,Telangana,Telangana City 2,4G,98.94,39.21,0.98,29,97,0,3.4
AIR100104,2025-06-15,Telangana,Telangana City 3,5G,99.06,114.11,0.84,17.3,43,0,4.48
AIR100105,2025-07-15,West Bengal,West Bengal City 2,4G,96.82,34.88,1.07,35.6,27,0,2.81
AIR100106,2025-08-15,Kerala,Kerala City 3,4G,97.8,57.68,1.34,38.5,71,0,3.16
AIR100107,2025-09-15,Maharashtra,Maharashtra City 2,5G,99.4,141.39,0.05,16,74,0,3.56
AIR100108,2025-10-15,West Bengal,West Bengal City 2,4G,98.25,44.42,0.89,46.7,74,0,3.42
AIR100109,2025-11-15,Gujarat,Gujarat City 3,4G,98.9,44.18,1.08,44.6,24,0,3.86
AIR100110,2025-12-15,Maharashtra,Maharashtra City 3,5G,98.97,152.01,0.89,24.5,5,0,4.11
AIR100111,2025-02-15,Tamil Nadu,Tamil Nadu City 1,4G,97.7,57.01,1.13,40.9,65,1,3.23
AIR100112,2025-03-15,Maharashtra,Maharashtra City 1,4G,96.81,55.99,1.3,43,64,0,2.89
AIR100113,2025-04-15,Kerala,Kerala City 2,5G,99.38,152.35,1.16,16.5,67,0,3.26
AIR100114,2025-05-15,Maharashtra,Maharashtra City 2,5G,99.3,169.81,0.38,23.8,130,0,4.01
AIR100115,2025-06-15,Tamil Nadu,Tamil Nadu City 2,4G,98.5,59.32,1.52,39.5,70,1,3.29
AIR100116,2025-07-15,Kerala,Kerala City 3,4G,99.31,34.23,0.92,37,103,1,4.04
AIR100117,2025-08-15,Uttar Pradesh,Uttar Pradesh City 3,5G,98.96,101.7,0.67,21.9,67,1,4.29
AIR100118,2025-09-15,Telangana,Telangana City 1,5G,99.36,148.07,0.62,20.8,78,0,4.05
AIR100119,2025-10-15,Telangana,Telangana City 2,4G,97.89,53.77,0.79,34.5,14,0,3.36
AIR100120,2025-11-15,Rajasthan,Rajasthan City 1,4G,97.3,64.34,0.96,45.4,32,1,4.11
AIR100121,2025-12-15,Uttar Pradesh,Uttar Pradesh City 3,4G,98.14,37.63,1.43,40.5,151,0,3.62
AIR100122,2025-02-15,Uttar Pradesh,Uttar Pradesh City 3,5G,99.69,149.35,0.36,27.6,63,0,3.7
AIR100123,2025-03-15,Maharashtra,Maharashtra City 3,5G,99.73,156.83,0.32,14.3,69,0,3.48
AIR100124,2025-04-15,Telangana,Telangana City 1,5G,99.29,210.35,0.37,23.2,92,0,3.91
AIR100125,2025-05-15,Tamil Nadu,Tamil Nadu City 3,5G,98.64,172.49,0.95,9.2,57,0,3.68
AIR100126,2025-06-15,Delhi,Delhi City 2,4G,98.35,66.39,0.94,24.8,37,1,4.04
AIR100127,2025-07-15,Delhi,Delhi City 1,4G,99.21,62.71,0.48,42,35,0,3.71
AIR100128,2025-08-15,Kerala,Kerala City 3,5G,99.62,133.12,0.93,22,90,0,4.11
AIR100129,2025-09-15,Telangana,Telangana City 1,5G,99.44,95.23,0.54,23.8,98,0,4.07
AIR100130,2025-10-15,Telangana,Telangana City 1,4G,100,31.61,0.99,45.1,78,0,4.06
AIR100131,2025-11-15,Delhi,Delhi City 3,4G,97.74,46.73,1.63,44.5,5,1,3.38
AIR100132,2025-12-15,Telangana,Telangana City 3,5G,100,113.5,0.48,15.5,28,0,4.41
AIR100133,2025-02-15,Maharashtra,Maharashtra City 1,4G,98.06,40.43,1.39,44.1,79,0,2.87
AIR100134,2025-03-15,Gujarat,Gujarat City 1,4G,98.01,47.98,1.42,38.3,73,0,3.33
AIR100135,2025-04-15,Karnataka,Karnataka City 3,4G,96.92,36.73,0.69,64.9,38,1,3.59
AIR100136,2025-05-15,Uttar Pradesh,Uttar Pradesh City 2,4G,97.75,37.88,1.11,25.9,102,1,2.76
AIR100137,2025-06-15,Rajasthan,Rajasthan City 1,4G,98.56,33.7,1.42,44.5,55,1,3.36
AIR100138,2025-07-15,Kerala,Kerala City 1,5G,99.25,199.36,0.83,8.1,68,0,4.46
AIR100139,2025-08-15,Gujarat,Gujarat City 2,4G,97.21,66.05,1.08,50.7,55,0,3.31
AIR100140,2025-09-15,Delhi,Delhi City 3,4G,97.29,51.5,0.59,45,80,0,3.56
AIR100141,2025-10-15,Uttar Pradesh,Uttar Pradesh City 3,4G,97.46,23.07,0.93,42.9,126,1,3.23
AIR100142,2025-11-15,Telangana,Telangana City 2,5G,99,58.54,0.55,14.5,10,0,3.98
AIR100143,2025-12-15,Rajasthan,Rajasthan City 3,5G,99.25,113.91,0.56,19.1,5,0,3.56
AIR100144,2025-02-15,Telangana,Telangana City 3,5G,98.8,218.35,0.94,5,80,1,3.56
AIR100145,2025-03-15,Tamil Nadu,Tamil Nadu City 1,5G,99.54,147.31,0.25,28.4,47,1,4.2
AIR100146,2025-04-15,Tamil Nadu,Tamil Nadu City 1,4G,98.04,51.94,1.16,27.5,82,1,3.63
AIR100147,2025-05-15,Rajasthan,Rajasthan City 1,4G,98.24,43.86,0.87,32,80,1,3.61
AIR100148,2025-06-15,Rajasthan,Rajasthan City 2,4G,98.89,48.05,1.6,28.8,155,1,3.69
AIR100149,2025-07-15,Delhi,Delhi City 3,4G,98.79,53.12,1.48,44.5,90,0,3.04
AIR100150,2025-08-15,Rajasthan,Rajasthan City 3,5G,98.91,87.15,0.39,19.5,92,0,4.02
AIR100151,2025-09-15,Maharashtra,Maharashtra City 1,4G,98.23,51.43,1.27,28.4,50,0,3.47
AIR100152,2025-10-15,Telangana,Telangana City 1,5G,99.01,147.2,0.56,16,35,0,3.67
AIR100153,2025-11-15,Gujarat,Gujarat City 2,4G,98.47,48.21,1.09,33.2,130,0,3.91
AIR100154,2025-12-15,West Bengal,West Bengal City 3,4G,97.19,32.18,1.13,25.2,104,1,3.5
AIR100155,2025-02-15,Rajasthan,Rajasthan City 2,4G,98.63,43.33,1.17,29,132,0,3.77
AIR100156,2025-03-15,Kerala,Kerala City 3,4G,98.55,62.01,1.17,51.2,97,0,3.75
AIR100157,2025-04-15,Tamil Nadu,Tamil Nadu City 2,4G,99.22,44.51,1.28,34.8,18,0,3.58
AIR100158,2025-05-15,Maharashtra,Maharashtra City 1,4G,99.01,54.51,1.26,49.8,124,0,3.47
AIR100159,2025-06-15,Uttar Pradesh,Uttar Pradesh City 2,4G,98.67,51.21,0.73,31.7,146,0,3.25
AIR100160,2025-07-15,West Bengal,West Bengal City 2,4G,96.86,58.74,0.44,23.7,49,0,3.48
AIR100161,2025-08-15,Gujarat,Gujarat City 1,4G,97.89,64.59,1.76,41.9,50,0,3.43
AIR100162,2025-09-15,West Bengal,West Bengal City 3,4G,98.75,20.22,0.45,31.2,60,0,4.48
AIR100163,2025-10-15,Rajasthan,Rajasthan City 3,4G,99.42,37.15,1.27,41.7,79,0,3.98
AIR100164,2025-11-15,Delhi,Delhi City 1,4G,98.79,45.52,1.38,47.3,62,0,3.49
AIR100165,2025-12-15,Tamil Nadu,Tamil Nadu City 2,4G,97.18,70.42,1.01,54.6,141,0,2.76
AIR100166,2025-02-15,Tamil Nadu,Tamil Nadu City 2,4G,99.58,58.18,1.01,40.1,34,0,3.84
AIR100167,2025-03-15,Uttar Pradesh,Uttar Pradesh City 2,4G,98.31,51.57,0.91,62.2,72,0,2.94
AIR100168,2025-04-15,Delhi,Delhi City 3,4G,98.66,51.78,1.05,45.5,48,0,3.95
AIR100169,2025-05-15,Telangana,Telangana City 2,4G,98.72,33.46,1.64,39.2,91,1,3.32
AIR100170,2025-06-15,Karnataka,Karnataka City 3,5G,98.13,91.03,0.26,22.7,151,1,3.47
AIR100171,2025-07-15,Maharashtra,Maharashtra City 2,4G,97.58,26.25,1.24,20.5,47,0,3.57
AIR100172,2025-08-15,Tamil Nadu,Tamil Nadu City 1,5G,98.44,100.53,0.29,6.5,59,0,3.47
AIR100173,2025-09-15,Kerala,Kerala City 1,4G,97.59,50.97,0.94,25.7,47,0,4.18
AIR100174,2025-10-15,Tamil Nadu,Tamil Nadu City 3,4G,97.81,56.04,1.22,48.3,120,0,2.77
AIR100175,2025-11-15,West Bengal,West Bengal City 3,5G,99.56,234.35,0.37,10.3,137,0,4.32
AIR100176,2025-12-15,Tamil Nadu,Tamil Nadu City 1,4G,96.78,40.87,1.02,28.4,129,1,3.69
AIR100177,2025-02-15,Tamil Nadu,Tamil Nadu City 1,5G,98.87,146.72,0.63,21.6,67,0,3.86
AIR100178,2025-03-15,Karnataka,Karnataka City 2,4G,99.21,60.99,1.01,42.5,71,0,3.83
AIR100179,2025-04-15,Karnataka,Karnataka City 1,4G,98.69,65.84,0.89,24,76,1,3.95
AIR100180,2025-05-15,Gujarat,Gujarat City 3,5G,98.64,215.38,0.3,22.3,116,1,3.47
AIR100181,2025-06-15,Telangana,Telangana City 1,4G,98.57,30.2,0.93,56.5,42,0,3.01
AIR100182,2025-07-15,Kerala,Kerala City 3,4G,99.13,44.71,0.43,44.4,93,1,3.7
AIR100183,2025-08-15,Tamil Nadu,Tamil Nadu City 3,4G,97.88,51.76,1.19,25.7,86,0,3.58
AIR100184,2025-09-15,Tamil Nadu,Tamil Nadu City 2,4G,98.49,48.37,0.47,37,133,0,3.52
AIR100185,2025-10-15,Maharashtra,Maharashtra City 2,4G,98.69,51.52,1.32,42.2,7,0,3.39
AIR100186,2025-11-15,Karnataka,Karnataka City 2,4G,97.57,47.62,0.51,37.7,53,0,3.44
AIR100187,2025-12-15,Kerala,Kerala City 2,5G,99.41,197.32,0.46,18.5,85,0,3.71
AIR100188,2025-02-15,Uttar Pradesh,Uttar Pradesh City 1,5G,98.67,116.5,0.47,17.6,61,0,4.08
AIR100189,2025-03-15,Gujarat,Gujarat City 2,4G,97.78,55.41,1.05,37,97,0,3.01
AIR100190,2025-04-15,Telangana,Telangana City 1,5G,98.81,135.3,0.57,10.1,62,0,3.98
AIR100191,2025-05-15,Delhi,Delhi City 2,4G,98.01,56.1,1.39,37.4,51,1,3.12
AIR100192,2025-06-15,Telangana,Telangana City 2,4G,98.95,17.03,1.39,40.8,70,1,3.59
AIR100193,2025-07-15,West Bengal,West Bengal City 3,5G,99.74,118.34,0.52,23.1,5,0,4.69
AIR100194,2025-08-15,Tamil Nadu,Tamil Nadu City 1,5G,98.36,107.49,0.69,24.4,58,0,3.93
AIR100195,2025-09-15,Gujarat,Gujarat City 3,5G,99.13,161.04,1.2,20.7,53,1,3.58
AIR100196,2025-10-15,West Bengal,West Bengal City 2,4G,98.31,59.14,0.75,44.6,79,1,3.65
AIR100197,2025-11-15,Kerala,Kerala City 1,4G,96.14,53.87,0.91,39.7,67,0,3.35
AIR100198,2025-12-15,Delhi,Delhi City 2,5G,99.11,132.46,0.51,24.3,122,0,4.09
AIR100199,2025-02-15,Karnataka,Karnataka City 3,4G,98.01,63.75,0.95,46.1,125,0,3.77
AIR100200,2025-03-15,Gujarat,Gujarat City 1,5G,98.84,158.34,0.46,12.3,114,1,4.05
AIR100201,2025-04-15,Gujarat,Gujarat City 3,4G,98.46,45.24,0.66,38.7,51,0,3.78
AIR100202,2025-05-15,Tamil Nadu,Tamil Nadu City 2,5G,98.87,172.2,0.98,19.4,132,1,3.77
AIR100203,2025-06-15,Rajasthan,Rajasthan City 2,4G,98.6,48.67,1.21,37.4,10,0,3.06
AIR100204,2025-07-15,Gujarat,Gujarat City 2,4G,98.35,46.85,1.29,35.4,35,0,3.43
AIR100205,2025-08-15,Maharashtra,Maharashtra City 1,4G,99.4,55.51,1.27,32.5,67,0,3.55
AIR100206,2025-09-15,Delhi,Delhi City 3,5G,98.55,126.03,0.32,13.4,115,0,4.35
AIR100207,2025-10-15,Delhi,Delhi City 3,5G,99.6,133.64,0.92,20.7,98,0,3.56
AIR100208,2025-11-15,Maharashtra,Maharashtra City 2,4G,99.41,33.65,1.23,37.9,94,0,3.64
AIR100209,2025-12-15,Uttar Pradesh,Uttar Pradesh City 3,4G,98.5,46.52,1.07,32.5,39,1,3.82
AIR100210,2025-02-15,Maharashtra,Maharashtra City 1,4G,98.13,49.68,0.77,46.2,62,0,4.11
AIR100211,2025-03-15,Maharashtra,Maharashtra City 2,4G,97.65,36.75,1.16,32.5,8,1,2.94
AIR100212,2025-04-15,Delhi,Delhi City 2,4G,98.44,42.58,0.98,29.8,52,0,4.34
AIR100213,2025-05-15,Telangana,Telangana City 2,4G,99.64,52.75,1.27,44.9,81,0,3.53
AIR100214,2025-06-15,Delhi,Delhi City 1,4G,98.45,34.88,1.04,39.1,5,0,4.3
AIR100215,2025-07-15,Rajasthan,Rajasthan City 2,4G,98.5,54.11,0.67,34.2,102,0,4.37
AIR100216,2025-08-15,Tamil Nadu,Tamil Nadu City 2,5G,99.94,127.7,0.51,8.5,115,0,4.33
AIR100217,2025-09-15,West Bengal,West Bengal City 2,5G,99.79,103.54,0.84,8.9,60,0,3.59
AIR100218,2025-10-15,Telangana,Telangana City 2,4G,98.2,39.9,1.17,45,67,0,2.34
AIR100219,2025-11-15,Karnataka,Karnataka City 3,4G,98.55,34.75,0.75,29.7,56,0,3.46
AIR100220,2025-12-15,West Bengal,West Bengal City 2,5G,98.26,126.23,0.58,17.4,101,0,3.52
AIR100221,2025-02-15,Tamil Nadu,Tamil Nadu City 1,5G,99.16,196.17,0.81,17.8,81,0,3.01
AIR100222,2025-03-15,Rajasthan,Rajasthan City 2,4G,98.64,27.98,0.77,23.1,5,0,3.42
AIR100223,2025-04-15,Rajasthan,Rajasthan City 2,5G,98.97,152.36,0.25,26.2,83,1,3.9
AIR100224,2025-05-15,Karnataka,Karnataka City 3,4G,97.7,48.1,0.63,33.3,82,0,3.3
AIR100225,2025-06-15,Telangana,Telangana City 2,4G,97.57,37.86,0.76,31.2,57,0,3.27
AIR100226,2025-07-15,Uttar Pradesh,Uttar Pradesh City 3,4G,98.96,27.69,0.91,34.7,57,0,4.73
AIR100227,2025-08-15,Maharashtra,Maharashtra City 1,4G,98.56,33.75,0.82,52.2,74,0,3.64
AIR100228,2025-09-15,Telangana,Telangana City 3,5G,98.86,165.52,0.67,14.1,54,1,3.84
AIR100229,2025-10-15,Uttar Pradesh,Uttar Pradesh City 2,4G,97.14,55.93,1.02,31.8,91,1,2.8
AIR100230,2025-11-15,Rajasthan,Rajasthan City 1,4G,98.17,27.45,1.11,48.2,43,0,3.34
AIR100231,2025-12-15,Delhi,Delhi City 2,5G,98.16,120.82,0.61,17.6,34,0,4.02
AIR100232,2025-02-15,Tamil Nadu,Tamil Nadu City 3,5G,99.29,203.46,0.83,17.7,59,0,3.51
AIR100233,2025-03-15,Karnataka,Karnataka City 1,5G,99.55,194.31,0.84,23.9,117,0,3.42
AIR100234,2025-04-15,Tamil Nadu,Tamil Nadu City 1,4G,98.8,38.83,1.29,59.9,28,0,3.31
AIR100235,2025-05-15,Kerala,Kerala City 3,4G,98.35,44.99,0.97,55.3,31,0,2.95
AIR100236,2025-06-15,Kerala,Kerala City 3,5G,98.94,199.67,0.6,19.8,116,0,4.44
AIR100237,2025-07-15,Telangana,Telangana City 1,4G,98.92,48.64,0.87,39.1,19,0,2.74
AIR100238,2025-08-15,Rajasthan,Rajasthan City 1,4G,98.37,28.77,1.17,36,82,1,3.34
AIR100239,2025-09-15,Rajasthan,Rajasthan City 3,4G,98.33,37.97,1.52,21.8,93,0,3.39
AIR100240,2025-10-15,Maharashtra,Maharashtra City 2,4G,98.35,69.97,0.29,48.6,60,0,3.49
AIR100241,2025-11-15,Maharashtra,Maharashtra City 1,4G,97.6,41.11,1.39,40.9,121,0,3.39
AIR100242,2025-12-15,Maharashtra,Maharashtra City 3,4G,98.22,43.9,1.04,54.6,21,0,3.52
AIR100243,2025-02-15,Delhi,Delhi City 2,4G,99.09,28.96,1.48,58.5,67,0,3.48
AIR100244,2025-03-15,West Bengal,West Bengal City 1,4G,96.98,15.77,1.1,43.4,146,0,3.25
AIR100245,2025-04-15,Gujarat,Gujarat City 1,4G,99,57.35,1.21,33,89,0,3.55
AIR100246,2025-05-15,West Bengal,West Bengal City 3,4G,98.51,55.86,1.03,45.2,115,0,3.39
AIR100247,2025-06-15,Tamil Nadu,Tamil Nadu City 2,5G,99.77,144.47,0.74,8.1,49,0,3.39
AIR100248,2025-07-15,West Bengal,West Bengal City 1,5G,99.24,149.25,0.7,19.2,66,0,4
AIR100249,2025-08-15,Delhi,Delhi City 2,4G,98.08,47.29,1.25,25.4,52,1,3.48
AIR100250,2025-09-15,Tamil Nadu,Tamil Nadu City 2,4G,97.16,63.59,0.87,36.9,44,1,2.77
AIR100251,2025-10-15,West Bengal,West Bengal City 1,4G,97.93,54.35,1.34,41.5,54,0,3.27
AIR100252,2025-11-15,Delhi,Delhi City 2,4G,98.46,54.66,1.09,28.7,113,0,3.69
AIR100253,2025-12-15,Gujarat,Gujarat City 1,4G,99.4,46.47,1.55,44.6,104,0,3.8
AIR100254,2025-02-15,West Bengal,West Bengal City 2,4G,98.41,29.88,0.96,21,118,0,4.18
AIR100255,2025-03-15,Delhi,Delhi City 1,5G,100,143.72,0.7,23.5,111,0,3.89
AIR100256,2025-04-15,Maharashtra,Maharashtra City 3,4G,98.17,5.45,1.69,32.4,60,0,3.22
AIR100257,2025-05-15,Rajasthan,Rajasthan City 1,4G,97.73,40.33,0.49,30,83,1,3.46
AIR100258,2025-06-15,Maharashtra,Maharashtra City 1,4G,98.15,31.52,1.22,45,115,0,3.46
AIR100259,2025-07-15,Rajasthan,Rajasthan City 1,5G,99.72,99.01,1.32,13.5,110,0,3.78
AIR100260,2025-08-15,Karnataka,Karnataka City 2,4G,99.78,47.43,1.32,13.9,98,0,3.48
AIR100261,2025-09-15,Karnataka,Karnataka City 3,5G,99.35,108.69,0.65,21.9,38,1,3.94
AIR100262,2025-10-15,Karnataka,Karnataka City 2,4G,98.5,33.31,1.1,51.6,80,0,4.09
AIR100263,2025-11-15,Gujarat,Gujarat City 2,5G,98.58,204.43,0.72,15.9,75,0,3.26
AIR100264,2025-12-15,Maharashtra,Maharashtra City 1,5G,98.6,120.14,0.87,19,46,0,3.57
AIR100265,2025-02-15,Rajasthan,Rajasthan City 2,5G,98.91,139.06,0.33,19.6,43,1,3.91
AIR100266,2025-03-15,Delhi,Delhi City 1,4G,98.51,42.23,1.47,22.1,94,0,3.55
AIR100267,2025-04-15,Tamil Nadu,Tamil Nadu City 3,4G,98.01,43.68,1.3,35.6,103,0,3.1
AIR100268,2025-05-15,Delhi,Delhi City 2,4G,98.68,51.83,1.6,42.3,104,0,3.18
AIR100269,2025-06-15,Tamil Nadu,Tamil Nadu City 2,5G,99.07,150.73,0.65,31.3,65,1,3.22
AIR100270,2025-07-15,Kerala,Kerala City 2,4G,98.48,39.17,1.16,32,81,0,3.74
AIR100271,2025-08-15,Delhi,Delhi City 1,4G,98.21,28.56,1.25,38.4,110,1,3.69
AIR100272,2025-09-15,West Bengal,West Bengal City 1,4G,98.24,63.07,1.32,41.4,25,0,3.74
AIR100273,2025-10-15,West Bengal,West Bengal City 2,4G,98.8,23.98,0.88,31.6,115,0,4.06
AIR100274,2025-11-15,Telangana,Telangana City 2,4G,98.58,49.62,0.88,40.9,58,0,3.92
AIR100275,2025-12-15,Maharashtra,Maharashtra City 3,4G,98.4,46.16,0.9,34,17,0,4.03
AIR100276,2025-02-15,Tamil Nadu,Tamil Nadu City 3,4G,98.07,13.86,0.66,47.1,90,1,3.29
AIR100277,2025-03-15,Tamil Nadu,Tamil Nadu City 3,4G,98.45,47.61,1.4,47.2,73,0,3.56
AIR100278,2025-04-15,Maharashtra,Maharashtra City 3,5G,99.84,108.81,0.55,10.5,5,0,4.17
AIR100279,2025-05-15,Gujarat,Gujarat City 3,5G,99.42,207.81,0.61,15.7,48,0,3.48
AIR100280,2025-06-15,Telangana,Telangana City 1,5G,99.14,199.37,0.65,9.9,105,0,3.64
AIR100281,2025-07-15,Gujarat,Gujarat City 3,4G,97.36,27.03,1.55,50.2,63,1,2.92
AIR100282,2025-08-15,Gujarat,Gujarat City 3,5G,99.59,212.63,0.79,12.8,99,0,4.16
AIR100283,2025-09-15,Gujarat,Gujarat City 2,4G,98.84,35.74,0.55,41.2,88,0,3.65
AIR100284,2025-10-15,Maharashtra,Maharashtra City 1,4G,99.44,39.96,1.42,39.9,53,0,4.12
AIR100285,2025-11-15,Gujarat,Gujarat City 3,4G,98.62,44.22,1.05,47.8,146,0,3.3
AIR100286,2025-12-15,West Bengal,West Bengal City 3,4G,98.73,60.45,1.28,30.4,102,0,3.22
AIR100287,2025-02-15,Karnataka,Karnataka City 3,4G,97.91,43.5,1.75,64.4,60,1,2.83
AIR100288,2025-03-15,Kerala,Kerala City 2,5G,100,144.4,0.51,18.3,172,1,4.89
AIR100289,2025-04-15,Tamil Nadu,Tamil Nadu City 2,4G,98.07,60.39,0.87,41.8,45,1,3.05
AIR100290,2025-05-15,Tamil Nadu,Tamil Nadu City 2,4G,98.27,32.08,1.01,44.4,71,0,2.91
AIR100291,2025-06-15,Kerala,Kerala City 3,4G,98.28,38.85,1.32,39.8,31,1,3.3
AIR100292,2025-07-15,Maharashtra,Maharashtra City 2,4G,99.5,60.93,1.61,28,160,0,3.38
AIR100293,2025-08-15,Delhi,Delhi City 3,4G,98.5,51.92,1.4,38.2,76,1,2.89
AIR100294,2025-09-15,Maharashtra,Maharashtra City 1,4G,98.89,36.93,0.31,41.6,91,1,3.38
AIR100295,2025-10-15,Tamil Nadu,Tamil Nadu City 3,5G,99.57,155.6,0.75,26.5,109,0,4.61
AIR100296,2025-11-15,Tamil Nadu,Tamil Nadu City 2,4G,98.57,52.39,0.4,28.9,54,0,3.89
AIR100297,2025-12-15,Kerala,Kerala City 1,4G,97.81,28.82,1.5,39.5,19,0,3.02
AIR100298,2025-02-15,Gujarat,Gujarat City 3,5G,99.43,190.84,0.58,9.6,96,1,3.69
AIR100299,2025-03-15,Maharashtra,Maharashtra City 1,5G,98.76,199.48,0.32,12.8,101,0,4.44
AIR100300,2025-04-15,Rajasthan,Rajasthan City 1,5G,99.94,166.71,0.66,21.3,77,1,3.27
AIR100301,2025-05-15,Kerala,Kerala City 1,4G,97.7,51.93,1.5,41.7,61,0,3.09
AIR100302,2025-06-15,West Bengal,West Bengal City 3,4G,99.21,70.27,1.95,32.8,62,0,3.01
AIR100303,2025-07-15,Tamil Nadu,Tamil Nadu City 2,4G,97.57,53.02,1.01,42,41,0,3.42
AIR100304,2025-08-15,Kerala,Kerala City 3,5G,99.3,128.91,0.89,21.9,86,0,3.16
AIR100305,2025-09-15,Maharashtra,Maharashtra City 2,5G,99.85,150.89,0.79,14,103,1,3.78
AIR100306,2025-10-15,Tamil Nadu,Tamil Nadu City 3,4G,99.59,67.71,1.35,20.5,21,0,3.62
AIR100307,2025-11-15,Delhi,Delhi City 3,4G,97.65,59.68,1.24,30.9,78,0,4.07
AIR100308,2025-12-15,Kerala,Kerala City 3,5G,99.5,72.07,0.36,6.8,5,0,3.95
AIR100309,2025-02-15,Telangana,Telangana City 2,4G,98.38,45.8,1.31,36,81,0,2.87
AIR100310,2025-03-15,Tamil Nadu,Tamil Nadu City 3,4G,98.95,51.44,1.15,43.9,104,0,2.94
AIR100311,2025-04-15,Maharashtra,Maharashtra City 1,4G,97.76,44.85,0.47,31.4,37,0,3.24
AIR100312,2025-05-15,Karnataka,Karnataka City 3,4G,99.08,37.27,1.18,36.9,76,0,3.71
AIR100313,2025-06-15,Rajasthan,Rajasthan City 1,5G,99.8,143.13,0.89,17.2,103,1,3.62
AIR100314,2025-07-15,Uttar Pradesh,Uttar Pradesh City 2,4G,98.08,50.99,1.21,30.3,157,1,3.57
AIR100315,2025-08-15,Gujarat,Gujarat City 2,4G,96.99,58.27,0.9,29.8,83,1,3.78
AIR100316,2025-09-15,Uttar Pradesh,Uttar Pradesh City 3,4G,99.01,30.75,1.09,27.4,79,0,3.82
AIR100317,2025-10-15,Maharashtra,Maharashtra City 3,4G,98.1,43.4,0.73,49.3,134,1,3.46
AIR100318,2025-11-15,West Bengal,West Bengal City 3,4G,97.55,40.1,0.9,28.9,95,0,3.12
AIR100319,2025-12-15,West Bengal,West Bengal City 1,4G,97.84,38.81,1.4,36.7,93,0,3.48
AIR100320,2025-02-15,Karnataka,Karnataka City 2,4G,98.71,42,1.02,31.3,114,0,3.52
AIR100321,2025-03-15,Gujarat,Gujarat City 1,5G,99.37,194.88,0.83,29.8,50,0,3.26
AIR100322,2025-04-15,Telangana,Telangana City 1,5G,98.43,186.26,0.59,19,74,0,3.78
AIR100323,2025-05-15,Karnataka,Karnataka City 3,4G,98.42,39.03,1.48,68.4,119,0,3.38
AIR100324,2025-06-15,Uttar Pradesh,Uttar Pradesh City 3,4G,97.41,40.23,1.67,31.1,45,1,3.02
AIR100325,2025-07-15,Karnataka,Karnataka City 1,5G,98.53,134.88,0.41,16.6,182,0,3.72
AIR100326,2025-08-15,Uttar Pradesh,Uttar Pradesh City 1,4G,98.71,58.37,1.12,29.4,82,0,3.59
AIR100327,2025-09-15,Tamil Nadu,Tamil Nadu City 3,5G,99.08,151.85,0.36,24.6,61,1,4.35
AIR100328,2025-10-15,West Bengal,West Bengal City 3,4G,98.73,51.6,0.47,19.5,89,1,3.24
AIR100329,2025-11-15,Tamil Nadu,Tamil Nadu City 1,5G,99.19,138.91,0.57,16.2,93,0,3.42
AIR100330,2025-12-15,Rajasthan,Rajasthan City 3,5G,99.01,191.25,0.74,18,118,1,3.85
AIR100331,2025-02-15,Gujarat,Gujarat City 3,4G,98.74,36.72,0.83,40.8,56,1,3.6
AIR100332,2025-03-15,Telangana,Telangana City 1,5G,100,166.01,0.75,18.8,65,0,3.87
AIR100333,2025-04-15,Uttar Pradesh,Uttar Pradesh City 1,5G,99.19,201.29,1.05,30.8,82,0,3.75
AIR100334,2025-05-15,Telangana,Telangana City 2,4G,97.01,16.96,1.23,37.4,5,1,3.16
AIR100335,2025-06-15,Uttar Pradesh,Uttar Pradesh City 1,4G,97.64,33.71,0.38,38.6,54,1,3.56
AIR100336,2025-07-15,Maharashtra,Maharashtra City 3,4G,98.81,57.95,1,35.8,65,0,3.67
AIR100337,2025-08-15,Karnataka,Karnataka City 1,5G,98.58,128.15,1.03,18.7,107,1,3.34
AIR100338,2025-09-15,Rajasthan,Rajasthan City 1,4G,97.6,38.5,1.31,45.3,76,0,3.86
AIR100339,2025-10-15,West Bengal,West Bengal City 1,4G,98.43,31.79,0.93,32.3,93,0,3.59
AIR100340,2025-11-15,Uttar Pradesh,Uttar Pradesh City 2,4G,98.38,37.01,1.06,43.2,68,0,3.23
AIR100341,2025-12-15,Telangana,Telangana City 2,5G,99.13,141.01,0.95,12.6,59,0,3.62
AIR100342,2025-02-15,Rajasthan,Rajasthan City 3,4G,97.86,52.81,0.69,23.5,85,0,3.93
AIR100343,2025-03-15,Delhi,Delhi City 2,4G,98.29,45.62,1.55,39.3,64,0,3.28
AIR100344,2025-04-15,Delhi,Delhi City 1,5G,99.49,130.77,1.24,7.4,85,0,3.77
AIR100345,2025-05-15,Tamil Nadu,Tamil Nadu City 2,4G,97.77,50.55,0.75,30.4,79,1,3.62
AIR100346,2025-06-15,West Bengal,West Bengal City 1,4G,98.43,45.48,1.06,35.2,155,1,2.73
AIR100347,2025-07-15,Maharashtra,Maharashtra City 2,4G,97.99,48.88,0.95,29.9,87,1,3.53
AIR100348,2025-08-15,Telangana,Telangana City 2,4G,96.42,74.13,0.84,31.7,103,1,3.1
AIR100349,2025-09-15,Karnataka,Karnataka City 2,4G,98.7,37.67,1.03,23.6,123,0,4.08
AIR100350,2025-10-15,Karnataka,Karnataka City 1,4G,98.62,28.65,0.55,31,112,0,3.22
AIR100351,2025-11-15,Telangana,Telangana City 2,4G,97.47,67.66,1.05,43.4,63,0,2.88
AIR100352,2025-12-15,Gujarat,Gujarat City 1,4G,98.76,66.88,1.06,40.7,118,0,3.63
AIR100353,2025-02-15,Maharashtra,Maharashtra City 1,4G,97.18,67.7,1.08,50.3,77,1,3.71
AIR100354,2025-03-15,Rajasthan,Rajasthan City 3,4G,97.62,39.66,1.38,44.5,130,1,2.98
AIR100355,2025-04-15,Uttar Pradesh,Uttar Pradesh City 2,5G,99.43,172.5,0.77,16.3,80,0,4.21
AIR100356,2025-05-15,Gujarat,Gujarat City 3,4G,99.24,51.63,1.34,41,33,0,3.79
AIR100357,2025-06-15,Uttar Pradesh,Uttar Pradesh City 3,5G,99.36,125.01,0.8,18.2,5,1,3.65
AIR100358,2025-07-15,Uttar Pradesh,Uttar Pradesh City 1,5G,98.71,159.63,0.58,16.9,64,0,4.67
AIR100359,2025-08-15,Gujarat,Gujarat City 2,4G,98.56,36.9,0.8,41.2,103,0,3.58
AIR100360,2025-09-15,Tamil Nadu,Tamil Nadu City 1,5G,99.81,104.41,0.92,28.9,101,0,3.53
AIR100361,2025-10-15,Delhi,Delhi City 1,4G,96.81,55.02,0.76,46.6,124,1,3.28
AIR100362,2025-11-15,Uttar Pradesh,Uttar Pradesh City 2,5G,99.24,80.88,0.49,10.6,71,1,3.82
AIR100363,2025-12-15,Gujarat,Gujarat City 1,4G,99.07,41.91,1.05,42.3,168,0,3.17
AIR100364,2025-02-15,Gujarat,Gujarat City 2,5G,99.3,115.74,0.59,28.2,109,0,3.77
AIR100365,2025-03-15,Kerala,Kerala City 2,4G,98.27,33.02,1.41,38.3,89,1,3.11
AIR100366,2025-04-15,Tamil Nadu,Tamil Nadu City 1,5G,99.78,156.18,0.63,15.8,90,0,4
AIR100367,2025-05-15,West Bengal,West Bengal City 1,4G,97.56,37.71,1.09,38.5,58,1,3.28
AIR100368,2025-06-15,Kerala,Kerala City 3,5G,99.46,137.3,0.4,21.5,83,1,3.69
AIR100369,2025-07-15,Kerala,Kerala City 1,4G,98.2,54.41,1.03,21.2,48,0,2.69
AIR100370,2025-08-15,Telangana,Telangana City 2,4G,98.31,46.67,0.48,32.8,78,0,3.8
AIR100371,2025-09-15,Delhi,Delhi City 3,4G,98.09,14.81,1.11,60.3,52,0,3.01
AIR100372,2025-10-15,Gujarat,Gujarat City 2,4G,98.65,42.76,1.58,35.4,153,0,2.58
AIR100373,2025-11-15,Delhi,Delhi City 3,4G,98.79,45.69,1.02,47.1,96,0,4
AIR100374,2025-12-15,Maharashtra,Maharashtra City 1,5G,98.64,165.88,0.32,9.6,118,1,4.03
AIR100375,2025-02-15,Telangana,Telangana City 1,4G,99,43.59,1.16,31.6,52,0,3.18
AIR100376,2025-03-15,West Bengal,West Bengal City 1,5G,99.54,158.01,0.6,17.6,32,0,3.78
AIR100377,2025-04-15,Delhi,Delhi City 2,4G,96.56,31.87,0.81,43.5,43,1,3.54
AIR100378,2025-05-15,Karnataka,Karnataka City 3,5G,99.13,136.02,0.68,17.6,39,0,3.79
AIR100379,2025-06-15,Uttar Pradesh,Uttar Pradesh City 2,4G,98.16,40.72,1.03,38.8,128,0,3.59
AIR100380,2025-07-15,Maharashtra,Maharashtra City 3,4G,97.04,36.13,1.23,37.7,56,0,3.02
AIR100381,2025-08-15,Tamil Nadu,Tamil Nadu City 1,5G,98.59,151.25,0.21,26,99,0,3.52
AIR100382,2025-09-15,West Bengal,West Bengal City 2,4G,97.94,51.62,1.58,22.6,58,1,3.71
AIR100383,2025-10-15,Maharashtra,Maharashtra City 1,4G,98.47,56.24,1,43.9,92,0,3.95
AIR100384,2025-11-15,Uttar Pradesh,Uttar Pradesh City 2,4G,97.85,45.74,0.44,27.5,128,0,3
AIR100385,2025-12-15,Telangana,Telangana City 1,4G,98.1,37.28,1.47,39.2,57,0,3.43
AIR100386,2025-02-15,Uttar Pradesh,Uttar Pradesh City 2,4G,98.97,42.48,0.1,33.8,5,1,4.09
AIR100387,2025-03-15,Kerala,Kerala City 2,5G,99.03,105.85,0.85,24,101,0,3.81
AIR100388,2025-04-15,Uttar Pradesh,Uttar Pradesh City 3,4G,98.43,52.66,1.06,41.3,90,0,3.43
AIR100389,2025-05-15,Kerala,Kerala City 1,4G,97.93,40.69,1.56,32.3,40,0,3.04
AIR100390,2025-06-15,Telangana,Telangana City 3,4G,97.41,42.38,1.65,44.3,73,1,3.05
AIR100391,2025-07-15,Rajasthan,Rajasthan City 3,4G,98.65,39.4,0.89,25.9,79,0,3.14
AIR100392,2025-08-15,Kerala,Kerala City 1,4G,97.38,52.48,0.58,41.2,62,1,3.46
AIR100393,2025-09-15,Tamil Nadu,Tamil Nadu City 2,5G,99.17,109.84,0.65,26.4,118,0,4.24
AIR100394,2025-10-15,Uttar Pradesh,Uttar Pradesh City 3,5G,98.12,181.71,1.07,20.1,156,0,2.93
AIR100395,2025-11-15,Uttar Pradesh,Uttar Pradesh City 1,4G,98.02,43.37,1.41,37.5,78,0,3.35
AIR100396,2025-12-15,Tamil Nadu,Tamil Nadu City 2,5G,99.24,101.51,0.63,19.8,44,0,3.25
AIR100397,2025-02-15,Karnataka,Karnataka City 3,4G,98.14,21.92,0.84,38,123,0,3.87
AIR100398,2025-03-15,Gujarat,Gujarat City 3,5G,99.25,144.77,0.74,23.1,5,0,3.31
AIR100399,2025-04-15,Rajasthan,Rajasthan City 3,4G,98.32,42.39,0.82,27.9,106,0,3.58
AIR100400,2025-05-15,West Bengal,West Bengal City 2,4G,97.02,44.82,0.61,36.7,8,0,2.57
AIR100401,2025-06-15,Kerala,Kerala City 3,4G,97.42,54.91,0.36,35.4,121,0,3.68
AIR100402,2025-07-15,Tamil Nadu,Tamil Nadu City 2,4G,97.99,33.52,1.3,34.8,87,0,3.03
AIR100403,2025-08-15,Telangana,Telangana City 3,4G,98.12,60.5,1.21,27.1,97,0,3.48
AIR100404,2025-09-15,Kerala,Kerala City 1,4G,98.78,53.71,0.77,31.9,126,0,3.89
AIR100405,2025-10-15,Gujarat,Gujarat City 3,4G,98.26,54.42,1.24,25.7,119,1,3.1
AIR100406,2025-11-15,Telangana,Telangana City 1,4G,98.09,45.12,1.37,39.6,32,0,3.6
AIR100407,2025-12-15,Maharashtra,Maharashtra City 1,4G,97.89,42.21,0.64,64.9,65,0,2.98
AIR100408,2025-02-15,Uttar Pradesh,Uttar Pradesh City 1,5G,98.72,179.23,0.86,16,66,0,4.1
AIR100409,2025-03-15,Maharashtra,Maharashtra City 2,4G,97.66,42.25,0.64,46.8,5,0,3.23
AIR100410,2025-04-15,Kerala,Kerala City 1,4G,97.29,45.28,1.41,27.3,44,1,3.33
AIR100411,2025-05-15,Gujarat,Gujarat City 3,4G,98.07,49.36,1.47,45.3,42,0,3.14
AIR100412,2025-06-15,Rajasthan,Rajasthan City 2,5G,99.88,123.12,0.54,9.6,34,0,3.99
AIR100413,2025-07-15,Kerala,Kerala City 1,5G,99.76,89.31,0.42,14.7,125,0,3.96
AIR100414,2025-08-15,Tamil Nadu,Tamil Nadu City 2,4G,98.37,46.92,1.1,32.5,104,1,2.99
AIR100415,2025-09-15,Delhi,Delhi City 2,4G,97.45,30.14,1.22,51.3,137,1,3.68
AIR100416,2025-10-15,Kerala,Kerala City 2,4G,97.6,48.98,1.04,56.4,27,0,3.36
AIR100417,2025-11-15,Uttar Pradesh,Uttar Pradesh City 3,5G,99.67,176.1,0.58,12.2,33,0,4.1
AIR100418,2025-12-15,Uttar Pradesh,Uttar Pradesh City 1,4G,96.54,34.27,1.68,51.2,75,0,3.26
AIR100419,2025-02-15,Kerala,Kerala City 2,4G,97.6,41.03,1,39.4,91,0,3.68
AIR100420,2025-03-15,Telangana,Telangana City 2,4G,96.81,25.95,1.33,42.6,72,1,3.16
AIR100421,2025-04-15,Delhi,Delhi City 2,4G,97.57,35.77,1.39,25.1,140,0,3.23
AIR100422,2025-05-15,Tamil Nadu,Tamil Nadu City 1,4G,98.85,54.07,0.83,33.2,73,0,3.32
AIR100423,2025-06-15,Kerala,Kerala City 2,4G,99.4,18.27,1.57,44,110,0,3.1
AIR100424,2025-07-15,Telangana,Telangana City 2,4G,97.2,46.95,0.35,56.3,79,0,3.27
AIR100425,2025-08-15,Uttar Pradesh,Uttar Pradesh City 3,4G,98.77,54.99,0.8,34.7,61,0,3.67
AIR100426,2025-09-15,Uttar Pradesh,Uttar Pradesh City 1,4G,97.14,67.98,0.69,48,34,1,3.45
AIR100427,2025-10-15,Gujarat,Gujarat City 3,4G,97.67,33.49,1.04,36.7,57,1,3.95
AIR100428,2025-11-15,Kerala,Kerala City 1,4G,98.41,45.2,1.83,36.6,78,0,2.84
AIR100429,2025-12-15,Delhi,Delhi City 1,5G,99.38,130.94,0.5,15.9,102,0,4.01
AIR100430,2025-02-15,Karnataka,Karnataka City 1,4G,97.65,34.61,0.05,57.2,54,0,3.45
AIR100431,2025-03-15,Delhi,Delhi City 3,4G,98.13,48.78,1.96,49.9,43,0,2.57
AIR100432,2025-04-15,Uttar Pradesh,Uttar Pradesh City 3,4G,96.54,58.66,1.3,33.9,151,0,2.84
AIR100433,2025-05-15,Uttar Pradesh,Uttar Pradesh City 3,4G,97.54,59.47,1.36,42.3,118,1,2.72
AIR100434,2025-06-15,Maharashtra,Maharashtra City 3,4G,97.79,44.16,0.87,33.2,76,1,3.33
AIR100435,2025-07-15,Uttar Pradesh,Uttar Pradesh City 2,4G,97.61,43.08,1.01,42.8,73,0,4.14
AIR100436,2025-08-15,Tamil Nadu,Tamil Nadu City 2,4G,97.78,40.17,0.65,39.7,95,1,3.55
AIR100437,2025-09-15,West Bengal,West Bengal City 2,4G,98.46,44.5,0.55,23.2,40,1,3.8
AIR100438,2025-10-15,Kerala,Kerala City 1,4G,98.36,66.09,0.26,49.6,21,0,4.04
AIR100439,2025-11-15,Delhi,Delhi City 2,4G,99.21,49.57,1.52,37.5,107,0,2.96
AIR100440,2025-12-15,West Bengal,West Bengal City 1,4G,97.99,21.91,0.98,46.2,141,1,2.97
AIR100441,2025-02-15,Telangana,Telangana City 3,4G,96.98,41.52,1.7,35.9,94,1,3.04
AIR100442,2025-03-15,Karnataka,Karnataka City 1,4G,96.5,71.56,1.09,34.3,148,0,2.87
AIR100443,2025-04-15,Tamil Nadu,Tamil Nadu City 1,4G,99.27,48.89,1.43,27.6,117,0,3.68
AIR100444,2025-05-15,Delhi,Delhi City 2,4G,98.15,39.83,1.21,48.8,152,1,3.81
AIR100445,2025-06-15,West Bengal,West Bengal City 3,4G,98.44,20.34,1.04,44,49,0,3.95
AIR100446,2025-07-15,Karnataka,Karnataka City 3,4G,98.85,60.95,1.65,31.2,5,1,3.73
AIR100447,2025-08-15,Maharashtra,Maharashtra City 2,5G,99.36,89.48,0.78,13.4,12,0,4.5
AIR100448,2025-09-15,Tamil Nadu,Tamil Nadu City 3,5G,100,150.96,0.14,16.9,67,1,4
AIR100449,2025-10-15,Tamil Nadu,Tamil Nadu City 3,4G,98.79,44.97,1.18,43.5,54,0,3.61
AIR100450,2025-11-15,Maharashtra,Maharashtra City 3,4G,98.99,36.81,0.95,50.7,87,0,4.02
AIR100451,2025-12-15,Kerala,Kerala City 2,4G,97.54,44.32,0.82,30.3,107,0,3.58
AIR100452,2025-02-15,Maharashtra,Maharashtra City 3,4G,98.82,41.55,1.04,46,138,0,3.5
AIR100453,2025-03-15,Tamil Nadu,Tamil Nadu City 1,5G,99.55,132.13,0.25,27,68,0,3.62
AIR100454,2025-04-15,Tamil Nadu,Tamil Nadu City 1,5G,98.94,134.45,0.86,27.1,77,0,3.52
AIR100455,2025-05-15,West Bengal,West Bengal City 3,5G,98.86,118.68,1.16,20.5,111,0,3.23
AIR100456,2025-06-15,Uttar Pradesh,Uttar Pradesh City 2,4G,98.12,49.97,0.95,38.7,55,0,3.79
AIR100457,2025-07-15,Karnataka,Karnataka City 2,4G,96.79,34.71,1.52,17.7,107,0,3.6
AIR100458,2025-08-15,Maharashtra,Maharashtra City 2,5G,99.56,110.02,0.93,24.7,44,1,4.09
AIR100459,2025-09-15,Karnataka,Karnataka City 3,4G,98.6,33.8,0.91,28.5,46,1,3.42
AIR100460,2025-10-15,Maharashtra,Maharashtra City 3,5G,98.99,126.33,0.59,22.2,37,0,4.08
AIR100461,2025-11-15,Telangana,Telangana City 1,4G,98.66,54.86,1.57,41.6,111,0,3.59
AIR100462,2025-12-15,Tamil Nadu,Tamil Nadu City 2,4G,97.53,40.87,0.82,28.3,109,0,2.92
AIR100463,2025-02-15,Uttar Pradesh,Uttar Pradesh City 1,4G,98.58,45.71,0.57,56.7,76,1,3.67
AIR100464,2025-03-15,West Bengal,West Bengal City 1,4G,98.8,43.61,1.51,53.5,92,0,3.14
AIR100465,2025-04-15,Uttar Pradesh,Uttar Pradesh City 2,4G,98.48,52.27,0.46,41.5,42,0,3.45
AIR100466,2025-05-15,Uttar Pradesh,Uttar Pradesh City 3,4G,98.21,32.44,1.41,24.6,134,1,3.19
AIR100467,2025-06-15,Uttar Pradesh,Uttar Pradesh City 3,4G,98.08,52.79,1.46,42.5,97,0,2.82
AIR100468,2025-07-15,Karnataka,Karnataka City 1,4G,99.34,29.61,0.89,38.7,51,0,3.66
AIR100469,2025-08-15,Maharashtra,Maharashtra City 1,4G,97.76,70.69,1.33,52.6,73,0,3.23
AIR100470,2025-09-15,Rajasthan,Rajasthan City 1,4G,98.28,36.56,0.91,25,115,0,4.07
AIR100471,2025-10-15,Telangana,Telangana City 1,5G,98.83,132.87,0.88,5,83,0,3.7
AIR100472,2025-11-15,Delhi,Delhi City 2,4G,98.47,30.43,1.34,50.2,89,1,3.11
AIR100473,2025-12-15,Uttar Pradesh,Uttar Pradesh City 1,4G,99.21,35.85,1.18,45.4,83,1,3.54
AIR100474,2025-02-15,Kerala,Kerala City 1,5G,98.7,154.65,0.76,18.9,60,0,3.63
AIR100475,2025-03-15,Karnataka,Karnataka City 3,5G,99.54,146.73,0.51,20.4,83,0,3.64
AIR100476,2025-04-15,West Bengal,West Bengal City 3,4G,98.4,39.73,1.4,35.2,108,0,3.46
AIR100477,2025-05-15,Delhi,Delhi City 3,5G,99.18,75.56,0.83,28.6,128,1,3.5
AIR100478,2025-06-15,Rajasthan,Rajasthan City 2,4G,99.34,59.55,1.2,46.5,81,0,3.91
AIR100479,2025-07-15,Kerala,Kerala City 2,4G,97.33,51.26,1.15,46.5,71,0,2.92
AIR100480,2025-08-15,Rajasthan,Rajasthan City 3,4G,97.96,25.9,0.86,35,34,1,3.47
AIR100481,2025-09-15,Delhi,Delhi City 3,4G,97.65,45.53,0.99,29.4,133,0,2.95
AIR100482,2025-10-15,Uttar Pradesh,Uttar Pradesh City 1,5G,99.67,115.9,0.56,18.1,32,0,4.62
AIR100483,2025-11-15,Kerala,Kerala City 1,5G,99.08,124.65,0.64,15.8,57,0,3.69
AIR100484,2025-12-15,Rajasthan,Rajasthan City 2,5G,100,170.91,0.84,26.9,75,1,4.15
AIR100485,2025-02-15,West Bengal,West Bengal City 2,5G,99.7,179.56,0.43,18.3,31,0,3.94
AIR100486,2025-03-15,Maharashtra,Maharashtra City 1,4G,98.33,60.38,1.09,38.8,98,1,3.62
AIR100487,2025-04-15,Tamil Nadu,Tamil Nadu City 3,5G,98.66,157.03,0.68,23,75,0,3.84
AIR100488,2025-05-15,Maharashtra,Maharashtra City 1,5G,99.9,85.22,0.86,20.6,72,0,4.11
AIR100489,2025-06-15,Delhi,Delhi City 2,5G,98.79,190.65,0.43,12.7,51,0,3.95
AIR100490,2025-07-15,Karnataka,Karnataka City 2,5G,99.32,160.87,0.68,26.6,82,0,4.39
AIR100491,2025-08-15,Tamil Nadu,Tamil Nadu City 1,5G,99.95,157.05,0.87,14.4,73,1,3.75
AIR100492,2025-09-15,Telangana,Telangana City 1,4G,98.55,37.2,0.78,40.1,77,0,3.79
AIR100493,2025-10-15,West Bengal,West Bengal City 1,5G,99.21,175.72,0.71,23.5,100,0,3.7
AIR100494,2025-11-15,Telangana,Telangana City 2,5G,98.36,180.47,0.38,40.9,81,1,3.41
AIR100495,2025-12-15,Kerala,Kerala City 3,5G,99.7,79.11,0.65,20.3,35,0,3.96
AIR100496,2025-02-15,Tamil Nadu,Tamil Nadu City 1,4G,96.36,55.67,1.63,46.3,55,1,2.82
AIR100497,2025-03-15,Telangana,Telangana City 2,4G,98.53,43.52,0.33,34.3,113,1,3.24
AIR100498,2025-04-15,Telangana,Telangana City 2,5G,98.36,147.96,0.54,31,118,1,3.28
AIR100499,2025-05-15,Rajasthan,Rajasthan City 2,4G,97.59,73.62,1.04,36.9,83,1,2.83
AIR100500,2025-06-15,Maharashtra,Maharashtra City 1,4G,98.23,22.88,0.75,25.5,72,0,3.23
AIR100501,2025-07-15,Rajasthan,Rajasthan City 1,4G,98.41,39.67,1.41,51.7,74,0,3.07
AIR100502,2025-08-15,Tamil Nadu,Tamil Nadu City 3,4G,97.19,53.05,0.17,28.3,85,1,3.02
AIR100503,2025-09-15,Tamil Nadu,Tamil Nadu City 2,4G,97.66,28.44,1.27,39.6,60,0,3.62
AIR100504,2025-10-15,Delhi,Delhi City 1,4G,97.17,53.78,0.87,24.7,77,1,3.45
AIR100505,2025-11-15,Rajasthan,Rajasthan City 2,4G,99.13,58.94,1.5,28.8,41,0,3.5
AIR100506,2025-12-15,Gujarat,Gujarat City 2,4G,97.63,25.23,1.28,48.3,72,0,3.06
AIR100507,2025-02-15,Maharashtra,Maharashtra City 3,4G,98.15,59.98,1.69,30.5,86,1,3.64
AIR100508,2025-03-15,Tamil Nadu,Tamil Nadu City 1,4G,98.37,34.29,0.76,38.5,24,0,3.45
AIR100509,2025-04-15,Delhi,Delhi City 1,4G,98.73,64.52,1.13,40.3,59,1,3.44
AIR100510,2025-05-15,Rajasthan,Rajasthan City 2,4G,98.6,46.26,1.62,49.5,50,0,3.59
AIR100511,2025-06-15,Maharashtra,Maharashtra City 2,4G,98.67,52.23,1.18,37.2,42,0,3.96
AIR100512,2025-07-15,Rajasthan,Rajasthan City 3,5G,99.81,164.95,0.76,18.8,60,0,3.75
AIR100513,2025-08-15,Telangana,Telangana City 3,4G,98.53,32.2,0.81,16,5,0,3.21
AIR100514,2025-09-15,Delhi,Delhi City 3,4G,97.09,28.73,1.19,17.4,65,1,2.85
AIR100515,2025-10-15,Maharashtra,Maharashtra City 3,5G,99.57,234.28,0.66,24.6,138,1,3.71
AIR100516,2025-11-15,Uttar Pradesh,Uttar Pradesh City 3,4G,99.21,42.39,1.09,41.7,129,0,2.85
AIR100517,2025-12-15,Kerala,Kerala City 3,5G,98.33,119.84,0.61,16.6,125,0,3.92
AIR100518,2025-02-15,Kerala,Kerala City 2,5G,98.98,196.75,1.07,31.3,76,0,3.92
AIR100519,2025-03-15,Maharashtra,Maharashtra City 3,4G,99.53,40.4,0.13,39.5,164,1,3.87
AIR100520,2025-04-15,Rajasthan,Rajasthan City 2,4G,97.73,48.9,1.07,24.6,81,0,3.68
AIR100521,2025-05-15,Delhi,Delhi City 2,4G,98.66,54.76,0.62,30.8,67,0,3.66
AIR100522,2025-06-15,Kerala,Kerala City 1,4G,96.91,41.29,0.78,52.3,55,0,3.92
AIR100523,2025-07-15,Delhi,Delhi City 2,4G,98.93,59.27,0.79,43.4,39,0,3.52
AIR100524,2025-08-15,Kerala,Kerala City 2,4G,99.05,39.34,0.81,28.8,61,0,4.41
AIR100525,2025-09-15,Telangana,Telangana City 3,5G,99,164.98,0.61,29.4,77,1,2.96
AIR100526,2025-10-15,Rajasthan,Rajasthan City 2,4G,99.63,52.51,1.45,44.2,89,0,3.92
AIR100527,2025-11-15,Telangana,Telangana City 3,4G,97.46,18.94,1.18,36.1,71,0,2.67
AIR100528,2025-12-15,Kerala,Kerala City 3,4G,99.19,51.54,1.57,45.1,62,1,3.38
AIR100529,2025-02-15,Uttar Pradesh,Uttar Pradesh City 3,4G,98.6,50.26,0.71,30.6,110,0,3.93
AIR100530,2025-03-15,Uttar Pradesh,Uttar Pradesh City 1,4G,98.16,50.73,0.33,33,125,0,3.74
AIR100531,2025-04-15,Telangana,Telangana City 3,4G,98.39,46.34,0.67,52.1,64,0,3.5
AIR100532,2025-05-15,Uttar Pradesh,Uttar Pradesh City 2,4G,99.85,61.47,0.78,29.7,32,0,3.64
AIR100533,2025-06-15,Kerala,Kerala City 3,5G,99.35,153.73,0.77,15.1,138,0,3.73
AIR100534,2025-07-15,Maharashtra,Maharashtra City 3,4G,98.34,54.73,1.8,31,40,0,3.11
AIR100535,2025-08-15,Telangana,Telangana City 3,4G,99.13,63.54,0.82,24.2,111,0,3.7
AIR100536,2025-09-15,Karnataka,Karnataka City 1,4G,98.45,46.68,0.92,26.7,76,0,3
AIR100537,2025-10-15,Rajasthan,Rajasthan City 2,4G,97.15,60.41,0.69,44,108,0,3.31
AIR100538,2025-11-15,Uttar Pradesh,Uttar Pradesh City 1,4G,98.28,38.22,0.95,47,97,0,3.82
AIR100539,2025-12-15,Uttar Pradesh,Uttar Pradesh City 2,5G,98.82,225.27,0.28,13.3,44,1,3.6
AIR100540,2025-02-15,Tamil Nadu,Tamil Nadu City 1,5G,98.57,195.08,0.89,22.8,90,0,3.24
AIR100541,2025-03-15,Gujarat,Gujarat City 2,4G,97.21,42.04,1.18,25.4,47,0,3.59
AIR100542,2025-04-15,Telangana,Telangana City 1,4G,97.7,55.42,0.09,39.8,51,0,3.49
AIR100543,2025-05-15,West Bengal,West Bengal City 3,4G,99.01,32.88,1.67,42.8,46,0,3.27
AIR100544,2025-06-15,Uttar Pradesh,Uttar Pradesh City 1,4G,97.78,33.31,0.95,22.2,67,0,3.55
AIR100545,2025-07-15,Rajasthan,Rajasthan City 1,4G,98.15,40.69,0.93,44,100,0,3.32
AIR100546,2025-08-15,Karnataka,Karnataka City 3,4G,99.5,43.33,1.17,50.2,62,0,3.66
AIR100547,2025-09-15,Uttar Pradesh,Uttar Pradesh City 3,4G,98.43,44.58,1.75,54.1,114,0,3.02
AIR100548,2025-10-15,Karnataka,Karnataka City 2,4G,98.15,57.68,1.44,24.1,129,0,3.47
AIR100549,2025-11-15,Kerala,Kerala City 2,5G,98.9,210,0.42,16.5,57,0,4.09
AIR100550,2025-12-15,Kerala,Kerala City 2,5G,98.25,186.56,0.57,19.7,68,1,3.9
AIR100551,2025-02-15,Gujarat,Gujarat City 1,4G,99.26,50.39,0.72,32.4,126,0,3.21
AIR100552,2025-03-15,Maharashtra,Maharashtra City 2,4G,97.43,43.99,1.2,42.5,68,0,3.18
AIR100553,2025-04-15,West Bengal,West Bengal City 1,5G,99.74,206.02,0.59,12.5,82,0,4.55
AIR100554,2025-05-15,Tamil Nadu,Tamil Nadu City 1,4G,97.18,24.03,0.82,31.2,55,0,3.78
AIR100555,2025-06-15,Gujarat,Gujarat City 2,5G,99.36,147.18,0.64,20.3,51,0,3.6
AIR100556,2025-07-15,Delhi,Delhi City 2,4G,98.45,22.67,1.13,41.3,83,1,3.72
AIR100557,2025-08-15,Tamil Nadu,Tamil Nadu City 1,4G,98.32,64.18,0.69,30.4,49,0,3.12
AIR100558,2025-09-15,Telangana,Telangana City 3,4G,96.67,57.99,0.71,53.6,64,0,3.12
AIR100559,2025-10-15,Rajasthan,Rajasthan City 3,5G,99.29,130.84,0.64,25.4,115,0,4.11
AIR100560,2025-11-15,Delhi,Delhi City 1,4G,97.75,33.22,0.92,48.9,98,0,3.48
AIR100561,2025-12-15,Delhi,Delhi City 2,4G,98.54,30.1,1.3,30.3,25,1,3
AIR100562,2025-02-15,Gujarat,Gujarat City 1,4G,99.35,38.39,0.91,37.3,43,0,3.65
AIR100563,2025-03-15,Maharashtra,Maharashtra City 1,5G,100,164.58,0.49,22,62,1,4.51
AIR100564,2025-04-15,Gujarat,Gujarat City 2,5G,99.23,136.14,0.84,26.5,17,1,3.7
AIR100565,2025-05-15,Telangana,Telangana City 3,5G,99.3,164.38,0.46,20.5,59,1,4.56
AIR100566,2025-06-15,Uttar Pradesh,Uttar Pradesh City 1,5G,98.85,207.78,0.62,19.7,146,0,3.94
AIR100567,2025-07-15,Uttar Pradesh,Uttar Pradesh City 3,4G,96.36,56.45,0.87,45.2,72,1,2.58
AIR100568,2025-08-15,Maharashtra,Maharashtra City 3,4G,97.91,48.23,0.76,45.4,73,1,3.98
AIR100569,2025-09-15,Telangana,Telangana City 2,4G,98.52,38.23,0.84,51.4,64,0,3.95
AIR100570,2025-10-15,Maharashtra,Maharashtra City 1,4G,98.78,38.34,0.99,39,104,0,3.26
AIR100571,2025-11-15,Karnataka,Karnataka City 1,5G,99.08,170.04,0.41,19.8,65,0,3.97
AIR100572,2025-12-15,Uttar Pradesh,Uttar Pradesh City 3,5G,99.2,177.08,0.76,19.7,65,1,3.6
AIR100573,2025-02-15,Delhi,Delhi City 3,4G,98.37,44.63,1.17,36.6,145,0,3.6
AIR100574,2025-03-15,West Bengal,West Bengal City 2,4G,98.39,44.15,1.29,34.6,5,0,3.66
AIR100575,2025-04-15,Rajasthan,Rajasthan City 3,5G,98.95,108.97,0.54,15.1,53,0,4.32
AIR100576,2025-05-15,Telangana,Telangana City 2,4G,98.6,32.04,1.37,34.3,80,0,3.78
AIR100577,2025-06-15,Tamil Nadu,Tamil Nadu City 1,4G,98.58,51.67,1.05,44.4,96,0,3.57
AIR100578,2025-07-15,Maharashtra,Maharashtra City 2,4G,98.5,57.09,1.24,40.8,35,0,3.73
AIR100579,2025-08-15,Rajasthan,Rajasthan City 3,4G,98.2,37.09,1.07,37,122,0,2.81
AIR100580,2025-09-15,Tamil Nadu,Tamil Nadu City 1,4G,99.15,25.92,0.59,35.3,87,0,3.77
AIR100581,2025-10-15,Rajasthan,Rajasthan City 2,4G,97.41,48.25,1.23,39,36,0,3.66
AIR100582,2025-11-15,West Bengal,West Bengal City 1,4G,99.19,27.65,1.15,22.8,76,0,3.39
AIR100583,2025-12-15,Tamil Nadu,Tamil Nadu City 2,5G,99.58,164.75,0.43,16.5,113,0,3.89
AIR100584,2025-02-15,Gujarat,Gujarat City 3,4G,97.76,32.92,0.63,39.8,55,0,3.4
AIR100585,2025-03-15,Kerala,Kerala City 3,4G,98.04,55.47,1.31,45.6,154,1,3.12
AIR100586,2025-04-15,Gujarat,Gujarat City 1,5G,99.24,111.45,0.92,23.8,52,0,3.67
AIR100587,2025-05-15,Uttar Pradesh,Uttar Pradesh City 1,4G,99.65,58.17,1.26,35.6,94,0,3.81
AIR100588,2025-06-15,Kerala,Kerala City 1,4G,97.22,30.48,0.86,52.3,63,0,2.98
AIR100589,2025-07-15,Gujarat,Gujarat City 2,5G,99.9,114.42,0.2,24.4,49,0,3.91
AIR100590,2025-08-15,Kerala,Kerala City 3,4G,97.35,46.28,0.8,41.5,66,0,2.96
AIR100591,2025-09-15,Kerala,Kerala City 1,5G,99.26,202.08,0.69,24.7,124,0,3.27
AIR100592,2025-10-15,Delhi,Delhi City 1,4G,97.57,50.94,1.08,28.5,80,0,2.86
AIR100593,2025-11-15,Maharashtra,Maharashtra City 1,4G,96.28,43.55,1.03,9,38,1,2.79
AIR100594,2025-12-15,Maharashtra,Maharashtra City 2,4G,97.65,49.55,0.76,45.6,105,0,2.94
AIR100595,2025-02-15,Delhi,Delhi City 1,4G,97.27,26.22,1.33,31.5,113,0,2.92
AIR100596,2025-03-15,Rajasthan,Rajasthan City 1,5G,99.28,211.98,1.01,24,77,0,3.55
AIR100597,2025-04-15,Karnataka,Karnataka City 2,4G,98.7,45.24,1.21,47.9,54,0,3.49
AIR100598,2025-05-15,Rajasthan,Rajasthan City 2,5G,99.6,145.31,0.44,19.7,60,0,4.24
AIR100599,2025-06-15,Tamil Nadu,Tamil Nadu City 1,5G,98.94,178.52,0.6,17.3,75,1,3.67
AIR100600,2025-07-15,Tamil Nadu,Tamil Nadu City 1,4G,99.33,52.64,1.13,39.5,98,0,3.71
AIR100601,2025-08-15,Kerala,Kerala City 2,5G,98.78,136.22,0.76,14.3,33,1,4.26
AIR100602,2025-09-15,Gujarat,Gujarat City 3,4G,98.85,33.73,0.66,51,63,1,3.65
AIR100603,2025-10-15,Gujarat,Gujarat City 2,4G,98.69,68.9,1.08,38.6,5,1,3.6
AIR100604,2025-11-15,Maharashtra,Maharashtra City 3,5G,98.89,126.25,0.39,18.4,109,0,4.04
AIR100605,2025-12-15,Telangana,Telangana City 1,4G,98.47,33.35,0.72,38.2,140,0,3.9
AIR100606,2025-02-15,Rajasthan,Rajasthan City 1,4G,98.27,56.53,1.21,20.3,81,0,4.14
AIR100607,2025-03-15,Uttar Pradesh,Uttar Pradesh City 3,4G,99.05,44.42,1.58,60.2,104,0,2.82
AIR100608,2025-04-15,West Bengal,West Bengal City 2,4G,97.67,58.94,2.03,38.7,91,0,3
AIR100609,2025-05-15,Gujarat,Gujarat City 1,4G,98.33,26.78,0.6,12.8,87,0,3.46
AIR100610,2025-06-15,West Bengal,West Bengal City 3,4G,97.39,48.23,0.72,37.9,91,0,3.36
AIR100611,2025-07-15,Kerala,Kerala City 2,4G,99.19,38.59,1.31,60,66,0,3.96
AIR100612,2025-08-15,West Bengal,West Bengal City 3,4G,98.1,43.33,1.23,44.9,33,0,3.4
AIR100613,2025-09-15,Uttar Pradesh,Uttar Pradesh City 2,4G,97.45,63.5,1.77,41.6,58,0,3.44
AIR100614,2025-10-15,Delhi,Delhi City 2,4G,98.69,50.74,0.71,60.6,43,0,3.82
AIR100615,2025-11-15,Uttar Pradesh,Uttar Pradesh City 2,4G,99.05,21.4,1.59,34,79,0,3.34
AIR100616,2025-12-15,West Bengal,West Bengal City 2,5G,99.54,140.54,0.81,28,60,0,3.36
AIR100617,2025-02-15,Uttar Pradesh,Uttar Pradesh City 3,4G,99.86,27.77,1.61,50.9,77,0,3.39
AIR100618,2025-03-15,Karnataka,Karnataka City 3,4G,99.41,37.61,1.1,52.6,65,0,3.5
AIR100619,2025-04-15,Kerala,Kerala City 3,4G,98.23,38.58,1.2,27.5,120,0,3.4
AIR100620,2025-05-15,Rajasthan,Rajasthan City 3,4G,97.85,47.78,1.44,40,91,0,3.23
AIR100621,2025-06-15,Delhi,Delhi City 3,4G,97.15,45.68,1.44,47.9,91,0,2.97
AIR100622,2025-07-15,Gujarat,Gujarat City 2,5G,99.12,172.03,0.76,26.4,38,1,3.96
AIR100623,2025-08-15,Tamil Nadu,Tamil Nadu City 1,5G,99.32,148.2,0.55,8.7,93,0,3.75
AIR100624,2025-09-15,Rajasthan,Rajasthan City 1,5G,99.14,191.59,0.57,11.5,52,1,3.82
AIR100625,2025-10-15,Tamil Nadu,Tamil Nadu City 3,5G,98.84,154.48,0.2,30.6,94,0,3.43
AIR100626,2025-11-15,Kerala,Kerala City 3,4G,97.77,23.18,1.29,52.7,145,0,2.88
AIR100627,2025-12-15,Delhi,Delhi City 1,4G,95.92,29.8,1.65,30.5,87,0,3.19
AIR100628,2025-02-15,Maharashtra,Maharashtra City 2,5G,98.86,236.16,0.3,37.9,66,0,3.5
AIR100629,2025-03-15,Gujarat,Gujarat City 3,5G,98.98,150.55,0.76,11.5,40,1,3.44
AIR100630,2025-04-15,Karnataka,Karnataka City 2,5G,99.05,174.75,0.68,23,95,1,3.63
AIR100631,2025-05-15,Maharashtra,Maharashtra City 1,5G,98.91,155.57,0.58,22,67,1,4.18
AIR100632,2025-06-15,Kerala,Kerala City 1,5G,99.19,163.26,0.4,20.3,24,0,3.38
AIR100633,2025-07-15,Rajasthan,Rajasthan City 3,4G,96.9,62.97,1.49,36.7,105,0,3.5
AIR100634,2025-08-15,Karnataka,Karnataka City 2,5G,98.72,168.82,0.85,18.8,123,0,4.09
AIR100635,2025-09-15,Uttar Pradesh,Uttar Pradesh City 3,5G,98.64,106.23,0.49,22.4,30,0,3.56
AIR100636,2025-10-15,West Bengal,West Bengal City 1,5G,99.56,146.98,0.72,24.4,110,1,3.55
AIR100637,2025-11-15,Karnataka,Karnataka City 2,4G,96.03,45.77,0.65,37.9,115,1,2.92
AIR100638,2025-12-15,Kerala,Kerala City 3,5G,99.7,136.19,0.63,23.6,28,0,3.76
AIR100639,2025-02-15,Telangana,Telangana City 3,5G,99.52,184.58,0.59,19.1,121,0,4.33
AIR100640,2025-03-15,West Bengal,West Bengal City 3,4G,98.18,46.47,1.43,34.3,63,0,3.4
AIR100641,2025-04-15,Tamil Nadu,Tamil Nadu City 1,4G,98.49,53.66,1.57,22.8,95,0,3.16
AIR100642,2025-05-15,Gujarat,Gujarat City 3,4G,97.79,39.58,1.41,35.5,64,0,3.56
AIR100643,2025-06-15,Tamil Nadu,Tamil Nadu City 2,5G,98.8,150.39,0.55,29.9,98,0,3.82
AIR100644,2025-07-15,Karnataka,Karnataka City 3,4G,97.79,48.83,1.12,50.8,108,0,3.09
AIR100645,2025-08-15,Tamil Nadu,Tamil Nadu City 1,4G,98.62,56.4,0.84,55.5,99,1,3.66
AIR100646,2025-09-15,Kerala,Kerala City 3,4G,97.5,41.58,0.99,35.8,17,1,3.5
AIR100647,2025-10-15,Uttar Pradesh,Uttar Pradesh City 1,4G,99.01,37.82,0.89,39.5,94,0,4.2
AIR100648,2025-11-15,Rajasthan,Rajasthan City 1,4G,97.36,65.52,0.64,28.3,53,0,3.85
AIR100649,2025-12-15,Gujarat,Gujarat City 2,4G,98,52.45,1.08,40.2,121,0,3.46
AIR100650,2025-02-15,Tamil Nadu,Tamil Nadu City 2,5G,99.66,110.59,0.08,12.5,69,0,4.76
AIR100651,2025-03-15,Tamil Nadu,Tamil Nadu City 3,5G,98.85,164.28,0.81,12.2,47,1,3.69
AIR100652,2025-04-15,Karnataka,Karnataka City 1,4G,97.49,50.99,1.69,21.6,145,0,3.6
AIR100653,2025-05-15,Rajasthan,Rajasthan City 1,5G,99.52,113.19,0.7,25.9,90,0,4.05
AIR100654,2025-06-15,Maharashtra,Maharashtra City 2,5G,98.61,147.47,0.66,26.7,142,1,3.37
AIR100655,2025-07-15,Tamil Nadu,Tamil Nadu City 2,4G,97.84,63.36,1.6,23.3,84,0,3.34
AIR100656,2025-08-15,Kerala,Kerala City 3,4G,98.22,60.12,1.52,48.6,63,0,3.59
AIR100657,2025-09-15,Telangana,Telangana City 1,4G,97.56,60.95,0.71,22.5,57,0,3.42
AIR100658,2025-10-15,Gujarat,Gujarat City 2,5G,99.14,152,0.15,19.2,152,0,3.92
AIR100659,2025-11-15,Tamil Nadu,Tamil Nadu City 3,4G,98.17,55.95,0.77,35.2,86,1,3.75
AIR100660,2025-12-15,Kerala,Kerala City 1,4G,99.31,40.48,0.84,49,21,0,3.96
AIR100661,2025-02-15,Kerala,Kerala City 1,5G,98.46,123.43,1.08,11.8,111,0,3.69
AIR100662,2025-03-15,Gujarat,Gujarat City 2,4G,98.77,47.98,0.7,29.3,93,0,3.96
AIR100663,2025-04-15,Maharashtra,Maharashtra City 3,5G,99.46,188.26,0.73,11.7,38,0,4.52
AIR100664,2025-05-15,Kerala,Kerala City 2,5G,98.9,134.11,1.17,21.7,84,0,3.58
AIR100665,2025-06-15,Telangana,Telangana City 3,4G,98.78,50.55,0.45,30.5,74,0,3.59
AIR100666,2025-07-15,Kerala,Kerala City 1,5G,99.3,184.4,0.79,21.7,81,0,3.75
AIR100667,2025-08-15,Kerala,Kerala City 3,4G,99,25.97,0.91,23.7,117,0,4.07
AIR100668,2025-09-15,Kerala,Kerala City 3,4G,100,58.05,0.87,36.2,66,0,4.22
AIR100669,2025-10-15,Uttar Pradesh,Uttar Pradesh City 3,4G,98.23,41,1.37,36.8,73,1,3.18
AIR100670,2025-11-15,Uttar Pradesh,Uttar Pradesh City 3,4G,99.17,62.37,0.71,36.6,20,0,3.26
AIR100671,2025-12-15,Maharashtra,Maharashtra City 3,5G,99.6,104.55,0.97,24.9,84,1,3.46
AIR100672,2025-02-15,Tamil Nadu,Tamil Nadu City 2,4G,97.85,49.02,1.01,15.3,107,0,3.46
AIR100673,2025-03-15,Kerala,Kerala City 3,4G,97.83,63.44,0.88,40.3,168,1,3.38
AIR100674,2025-04-15,Rajasthan,Rajasthan City 3,5G,98.03,165.02,1.06,24.6,60,1,2.91
AIR100675,2025-05-15,Tamil Nadu,Tamil Nadu City 1,4G,99.12,55.36,1.35,35.6,94,1,2.75
AIR100676,2025-06-15,Maharashtra,Maharashtra City 3,5G,99.71,106.24,0.82,5,115,1,4.82
AIR100677,2025-07-15,Delhi,Delhi City 1,4G,97.73,22.95,1.11,48,67,0,2.9
AIR100678,2025-08-15,Tamil Nadu,Tamil Nadu City 2,5G,98.59,148.36,0.99,18.4,47,0,3.36
AIR100679,2025-09-15,Tamil Nadu,Tamil Nadu City 2,4G,97.79,35.2,1.15,17,107,0,3.77
AIR100680,2025-10-15,West Bengal,West Bengal City 3,4G,99.51,37.69,1.98,41.6,18,0,3.31
AIR100681,2025-11-15,Karnataka,Karnataka City 2,4G,99.76,34.27,2.08,23.4,45,1,3.22
AIR100682,2025-12-15,West Bengal,West Bengal City 3,4G,97.5,21.57,0.95,57,21,0,3.11
AIR100683,2025-02-15,Telangana,Telangana City 2,5G,99.96,95.25,0.57,15.4,61,0,3.84
AIR100684,2025-03-15,Uttar Pradesh,Uttar Pradesh City 3,4G,98.58,37.42,1.45,63.1,83,0,3.48
AIR100685,2025-04-15,Uttar Pradesh,Uttar Pradesh City 3,4G,98.83,43.41,0.85,19.6,129,1,4.06
AIR100686,2025-05-15,Karnataka,Karnataka City 1,4G,99.14,52.9,1.13,55,78,0,3.86
AIR100687,2025-06-15,Gujarat,Gujarat City 1,5G,98.64,137.5,0.51,21.7,106,0,4.19
AIR100688,2025-07-15,Gujarat,Gujarat City 1,5G,99.84,149.14,0.85,20.5,41,1,4.17
AIR100689,2025-08-15,Maharashtra,Maharashtra City 1,4G,98.76,50.8,0.64,27.9,85,1,3.33
AIR100690,2025-09-15,Karnataka,Karnataka City 3,4G,97.81,40.48,1.07,28.9,60,0,3.55
AIR100691,2025-10-15,Tamil Nadu,Tamil Nadu City 2,4G,98.95,48.16,1.34,39.9,105,0,3.51
AIR100692,2025-11-15,Gujarat,Gujarat City 3,4G,99.19,54.16,0.31,63,57,0,3.67
AIR100693,2025-12-15,Kerala,Kerala City 1,4G,97.81,42.34,1.21,43.2,53,0,3.32
AIR100694,2025-02-15,Rajasthan,Rajasthan City 1,4G,97.16,52.43,1.55,38.2,82,0,3.18
AIR100695,2025-03-15,Tamil Nadu,Tamil Nadu City 2,4G,99.69,55.18,1.58,33.1,88,0,4.02
AIR100696,2025-04-15,Telangana,Telangana City 1,5G,99.39,198.76,0.56,11.4,5,0,4.75
AIR100697,2025-05-15,Kerala,Kerala City 3,4G,97.13,53.19,0.93,41.6,47,0,3.54
AIR100698,2025-06-15,Kerala,Kerala City 3,5G,98.99,195.03,0.57,27.7,155,0,3.03
AIR100699,2025-07-15,Karnataka,Karnataka City 3,4G,96.39,54.37,1.61,16.8,36,1,2.91
AIR100700,2025-08-15,Maharashtra,Maharashtra City 3,5G,99.2,145.64,0.46,11.7,111,0,3.43
AIR100701,2025-09-15,Telangana,Telangana City 3,4G,98.87,47.98,0.72,50.6,94,1,3.42
AIR100702,2025-10-15,Gujarat,Gujarat City 2,4G,97.75,47.58,1.74,43.3,119,0,3.45
AIR100703,2025-11-15,Karnataka,Karnataka City 3,5G,98.85,126.77,0.65,26.3,99,0,3.43
AIR100704,2025-12-15,Gujarat,Gujarat City 1,4G,98.58,45.68,0.87,14.1,47,0,4.1
AIR100705,2025-02-15,Karnataka,Karnataka City 1,4G,98.6,42.64,1.16,32.9,69,1,3.68
AIR100706,2025-03-15,Karnataka,Karnataka City 1,4G,97.88,31.18,1.06,54.2,103,1,2.94
AIR100707,2025-04-15,Karnataka,Karnataka City 1,5G,99.55,92.92,0.33,18.9,59,0,3.78
AIR100708,2025-05-15,Maharashtra,Maharashtra City 2,4G,98.35,37.52,0.77,33,72,0,3.76
AIR100709,2025-06-15,Karnataka,Karnataka City 1,5G,98.74,174.2,0.65,13.8,44,1,3.72
AIR100710,2025-07-15,Delhi,Delhi City 2,4G,98.07,52.03,1.5,33.9,52,0,3.37
AIR100711,2025-08-15,Rajasthan,Rajasthan City 1,4G,99.64,22.22,0.66,40.7,140,1,3.48
AIR100712,2025-09-15,Gujarat,Gujarat City 2,4G,98.46,66.88,0.63,20.5,97,0,3.26
AIR100713,2025-10-15,Tamil Nadu,Tamil Nadu City 2,4G,98.53,53.26,0.84,51.5,89,0,3.65
AIR100714,2025-11-15,West Bengal,West Bengal City 2,4G,97.22,41.8,0.49,46.8,122,0,3.17
AIR100715,2025-12-15,Telangana,Telangana City 1,4G,100,52.33,0.82,35,106,0,3.14
AIR100716,2025-02-15,Uttar Pradesh,Uttar Pradesh City 2,4G,98.9,32.96,1.77,20.2,94,0,3.39
AIR100717,2025-03-15,Maharashtra,Maharashtra City 3,4G,98.47,34.73,1.32,22.5,97,0,3.98
AIR100718,2025-04-15,Tamil Nadu,Tamil Nadu City 3,4G,99.58,27.88,1.02,36.8,42,0,3.54
AIR100719,2025-05-15,Kerala,Kerala City 1,5G,99.38,119.99,0.57,30,59,0,4.52
AIR100720,2025-06-15,Delhi,Delhi City 3,5G,99.36,178.7,0.68,18.8,64,0,4.34
AIR100721,2025-07-15,Uttar Pradesh,Uttar Pradesh City 3,5G,98.93,207.63,0.88,16.2,75,1,3.45
AIR100722,2025-08-15,West Bengal,West Bengal City 3,4G,99.21,46.42,0.89,37.9,64,0,3.95
AIR100723,2025-09-15,Tamil Nadu,Tamil Nadu City 1,5G,98.83,138.49,0.43,26.7,63,1,4.02
AIR100724,2025-10-15,Uttar Pradesh,Uttar Pradesh City 1,4G,97.41,68.07,1.39,36.6,129,0,3.56
AIR100725,2025-11-15,Tamil Nadu,Tamil Nadu City 3,4G,96.99,59.92,1.22,28.3,57,0,3.52
AIR100726,2025-12-15,Delhi,Delhi City 1,5G,97.73,120.88,0.69,17.3,119,0,3.35
AIR100727,2025-02-15,West Bengal,West Bengal City 2,5G,98.84,163.23,0.61,11.8,72,0,3.8
AIR100728,2025-03-15,Kerala,Kerala City 3,4G,98.57,45.22,0.73,43.6,108,0,3.58
AIR100729,2025-04-15,Karnataka,Karnataka City 1,4G,97.37,41.14,1.01,33.6,33,0,2.9
AIR100730,2025-05-15,Gujarat,Gujarat City 1,4G,98.41,57,1.35,37.6,115,0,3.72
AIR100731,2025-06-15,Kerala,Kerala City 3,4G,96.97,36.82,0.4,43,111,1,3.31
AIR100732,2025-07-15,Karnataka,Karnataka City 1,5G,99,147.24,0.34,31,64,0,3.75
AIR100733,2025-08-15,Maharashtra,Maharashtra City 3,4G,99.64,49.21,1.53,37.4,24,0,4.19
AIR100734,2025-09-15,Rajasthan,Rajasthan City 1,5G,99.06,185.94,1.12,15.2,20,1,3.49
AIR100735,2025-10-15,Telangana,Telangana City 2,4G,99.3,30.91,1.18,41.9,92,0,3.85
AIR100736,2025-11-15,Telangana,Telangana City 3,5G,100,197.64,0.83,18.3,117,1,4.32
AIR100737,2025-12-15,Gujarat,Gujarat City 2,5G,99.27,182.76,0.95,21.5,132,1,3.21
AIR100738,2025-02-15,West Bengal,West Bengal City 3,4G,97.89,55.57,1.02,37.1,100,1,3.51
AIR100739,2025-03-15,Delhi,Delhi City 1,4G,97.35,42.97,0.84,28.3,64,0,3.54
AIR100740,2025-04-15,West Bengal,West Bengal City 2,5G,98.71,161.76,0.64,13.6,69,1,3.99
AIR100741,2025-05-15,Delhi,Delhi City 1,4G,97.7,45.16,0.77,33.1,38,1,4.25
AIR100742,2025-06-15,West Bengal,West Bengal City 3,5G,98.88,91.92,0.54,19.6,94,0,4.06
AIR100743,2025-07-15,Rajasthan,Rajasthan City 3,4G,98.84,34.83,1.46,30.4,97,0,3.37
AIR100744,2025-08-15,Maharashtra,Maharashtra City 3,4G,98.02,28.79,1.02,68.5,83,0,3.22
AIR100745,2025-09-15,Maharashtra,Maharashtra City 3,5G,98.98,173.37,0.56,15,97,1,4.05
AIR100746,2025-10-15,Karnataka,Karnataka City 3,4G,98.17,25.32,1.25,21,87,0,3.6
AIR100747,2025-11-15,Uttar Pradesh,Uttar Pradesh City 2,5G,99.21,143.43,0.47,12.6,41,0,3.51
AIR100748,2025-12-15,Maharashtra,Maharashtra City 3,4G,99.21,60.51,1.12,46.3,114,0,3.76
AIR100749,2025-02-15,Maharashtra,Maharashtra City 1,5G,98.98,165.58,0.68,19.4,81,0,4.46
AIR100750,2025-03-15,Kerala,Kerala City 2,4G,97.59,40.53,1.43,27.7,130,1,3.76
AIR100751,2025-04-15,Kerala,Kerala City 1,4G,98.05,36.51,0.97,28,96,1,3.65
AIR100752,2025-05-15,Karnataka,Karnataka City 3,4G,98.06,33.3,1.57,30.1,82,0,3.63
AIR100753,2025-06-15,Uttar Pradesh,Uttar Pradesh City 1,5G,98.47,152.35,0.4,17.5,55,1,3.82
AIR100754,2025-07-15,Gujarat,Gujarat City 2,4G,96.83,40.11,0.78,40,67,1,3.92
AIR100755,2025-08-15,Kerala,Kerala City 2,5G,99.36,168.33,0.38,20.2,39,0,4.05
AIR100756,2025-09-15,Gujarat,Gujarat City 2,4G,98.65,33.32,0.73,23.8,63,1,3.88
AIR100757,2025-10-15,Tamil Nadu,Tamil Nadu City 1,5G,98.82,170.23,0.64,24.6,53,0,3.48
AIR100758,2025-11-15,Kerala,Kerala City 2,5G,99.17,172.59,0.56,15.6,88,0,4.02
AIR100759,2025-12-15,Rajasthan,Rajasthan City 1,4G,97.39,22.96,0.99,41,96,0,3.51
AIR100760,2025-02-15,Uttar Pradesh,Uttar Pradesh City 3,4G,97.94,34.61,0.7,39.5,60,0,3.26
AIR100761,2025-03-15,Karnataka,Karnataka City 3,4G,98.64,28.79,0.86,28.3,95,0,4.18
AIR100762,2025-04-15,Tamil Nadu,Tamil Nadu City 1,4G,97.24,24.55,1.67,34.7,60,0,3.72
AIR100763,2025-05-15,Uttar Pradesh,Uttar Pradesh City 2,4G,97.98,51.62,1.66,42.3,50,0,3.29
AIR100764,2025-06-15,Rajasthan,Rajasthan City 1,5G,98.76,190.38,0.69,16.7,27,1,3.27
AIR100765,2025-07-15,Uttar Pradesh,Uttar Pradesh City 1,4G,96.97,41.9,1.06,48,89,0,3.44
AIR100766,2025-08-15,Rajasthan,Rajasthan City 1,5G,99.34,189.4,0.79,20.5,58,0,3.79
AIR100767,2025-09-15,Rajasthan,Rajasthan City 3,5G,99.56,168.07,0.21,17.5,158,0,4.64
AIR100768,2025-10-15,Gujarat,Gujarat City 1,4G,98.85,50.36,1.18,22.2,9,1,3.88
AIR100769,2025-11-15,West Bengal,West Bengal City 3,4G,99.01,47.55,0.87,45.8,79,0,3.63
AIR100770,2025-12-15,Tamil Nadu,Tamil Nadu City 1,4G,97.93,48.51,1.12,40.5,99,0,3.49
AIR100771,2025-02-15,Uttar Pradesh,Uttar Pradesh City 3,5G,99.27,150.44,0.65,15,47,1,3.83
AIR100772,2025-03-15,Delhi,Delhi City 1,4G,98.66,28.24,1,48.9,80,0,2.99
AIR100773,2025-04-15,Tamil Nadu,Tamil Nadu City 1,4G,99.46,31.74,1.43,41.4,99,0,3.66
AIR100774,2025-05-15,West Bengal,West Bengal City 2,5G,99.19,109.59,0.33,27,57,0,3.69
AIR100775,2025-06-15,Tamil Nadu,Tamil Nadu City 2,4G,97.67,56.43,1.41,34.3,105,0,3.49
AIR100776,2025-07-15,Maharashtra,Maharashtra City 1,5G,99.15,104.67,0.7,26.7,60,1,4.27
AIR100777,2025-08-15,Delhi,Delhi City 1,4G,95.93,35.98,0.74,36.6,23,0,3.44
AIR100778,2025-09-15,West Bengal,West Bengal City 1,4G,97.49,54.05,1.27,34.7,10,0,3.73
AIR100779,2025-10-15,Gujarat,Gujarat City 1,5G,99.22,137.36,0.62,14.2,136,1,3.75
AIR100780,2025-11-15,Uttar Pradesh,Uttar Pradesh City 2,4G,98.72,53.64,0.87,34.9,167,0,3.95
AIR100781,2025-12-15,Telangana,Telangana City 3,5G,99.13,75.98,0.35,12.5,35,0,4.29
AIR100782,2025-02-15,West Bengal,West Bengal City 1,4G,97.88,44.1,0.5,33.8,13,1,4.06
AIR100783,2025-03-15,Karnataka,Karnataka City 2,5G,99.86,123.6,0.61,21.4,144,0,3.96
AIR100784,2025-04-15,Uttar Pradesh,Uttar Pradesh City 1,4G,97.94,33.06,1.32,26.2,91,0,3.51
AIR100785,2025-05-15,West Bengal,West Bengal City 1,4G,98.75,48.79,0.42,38.6,26,0,4.31
AIR100786,2025-06-15,Maharashtra,Maharashtra City 3,4G,98.63,33.04,0.89,49.9,5,0,3.06
AIR100787,2025-07-15,Telangana,Telangana City 1,4G,98.12,45.62,0.81,27.4,76,0,4.01
AIR100788,2025-08-15,Maharashtra,Maharashtra City 1,4G,97.69,40.15,0.35,44.5,26,0,3.7
AIR100789,2025-09-15,Telangana,Telangana City 3,4G,98.51,38.59,0.95,39.2,117,1,3.69
AIR100790,2025-10-15,Karnataka,Karnataka City 3,4G,98.28,47.86,1.22,39,88,0,3.64
AIR100791,2025-11-15,Uttar Pradesh,Uttar Pradesh City 3,4G,99.41,49.97,1.02,55.9,51,0,3.52
AIR100792,2025-12-15,Gujarat,Gujarat City 3,4G,98.16,38.63,0.71,41.6,21,1,3.36
AIR100793,2025-02-15,Maharashtra,Maharashtra City 2,4G,98.03,34.85,0.76,36.6,74,0,3.4
AIR100794,2025-03-15,Maharashtra,Maharashtra City 2,4G,97.54,43.03,1.14,40.8,99,0,3.43
AIR100795,2025-04-15,Rajasthan,Rajasthan City 2,5G,98.61,149.54,0.72,26.7,122,0,3.28
AIR100796,2025-05-15,Telangana,Telangana City 1,4G,98.27,52.62,0.77,50.1,44,0,3.38
AIR100797,2025-06-15,Kerala,Kerala City 3,4G,98.39,38.67,0.94,35.6,5,0,3.84
AIR100798,2025-07-15,Uttar Pradesh,Uttar Pradesh City 3,4G,99.57,32.03,0.99,40,116,0,3.89
AIR100799,2025-08-15,Telangana,Telangana City 2,5G,100,136.52,0.51,24.7,45,0,4.21
AIR100800,2025-09-15,Rajasthan,Rajasthan City 1,4G,97.09,45.62,0.73,27.6,16,0,2.78
AIR100801,2025-10-15,Tamil Nadu,Tamil Nadu City 1,4G,99.16,19.41,1.21,36,99,1,3.44
AIR100802,2025-11-15,Telangana,Telangana City 1,4G,99.13,43.37,0.52,34.5,74,0,3.49
AIR100803,2025-12-15,Gujarat,Gujarat City 2,4G,96.8,31.42,1.59,50.7,83,0,3.03
AIR100804,2025-02-15,Uttar Pradesh,Uttar Pradesh City 1,5G,98.66,160.66,1.41,9.9,55,1,2.79
AIR100805,2025-03-15,Rajasthan,Rajasthan City 1,4G,97.74,40.32,1.4,45,79,0,3.22
AIR100806,2025-04-15,Tamil Nadu,Tamil Nadu City 1,4G,98.81,37.11,1.3,43.7,158,1,3.27
AIR100807,2025-05-15,Delhi,Delhi City 3,5G,99.65,152.12,0.17,14.5,106,0,4.16
AIR100808,2025-06-15,Rajasthan,Rajasthan City 2,4G,100,58.95,1.19,35.3,108,0,3.78
AIR100809,2025-07-15,Delhi,Delhi City 3,5G,98.84,110.09,0.84,18.4,49,0,3.43
AIR100810,2025-08-15,Uttar Pradesh,Uttar Pradesh City 3,4G,98.92,81.47,0.99,37.2,79,1,4.08
AIR100811,2025-09-15,Maharashtra,Maharashtra City 2,5G,98.4,177.04,0.9,19.1,80,0,3.5
AIR100812,2025-10-15,Rajasthan,Rajasthan City 3,5G,99.45,114.12,0.65,23.1,55,0,4.09
AIR100813,2025-11-15,Karnataka,Karnataka City 1,4G,98.13,57.16,0.72,50.7,79,0,2.93
AIR100814,2025-12-15,Delhi,Delhi City 1,5G,100,153.25,0.55,20.7,17,0,3.58
AIR100815,2025-02-15,Gujarat,Gujarat City 1,4G,98.44,38.89,1.28,35.6,124,1,2.6
AIR100816,2025-03-15,Karnataka,Karnataka City 1,4G,98.03,18.29,0.87,37.4,71,0,3.47
AIR100817,2025-04-15,West Bengal,West Bengal City 2,4G,97.09,42.2,1.17,44.3,99,0,2.9
AIR100818,2025-05-15,West Bengal,West Bengal City 3,4G,97.84,70.53,0.72,35.7,98,1,2.97
AIR100819,2025-06-15,Tamil Nadu,Tamil Nadu City 3,5G,98.84,159.29,0.65,20.3,68,0,3.12
AIR100820,2025-07-15,Maharashtra,Maharashtra City 1,4G,97.83,43.02,1.1,37.8,123,0,3.63
AIR100821,2025-08-15,Uttar Pradesh,Uttar Pradesh City 1,5G,99.35,112.11,0.78,21.2,53,0,3.68
AIR100822,2025-09-15,Rajasthan,Rajasthan City 3,4G,98.78,27.82,0.41,40.3,63,0,4.01
AIR100823,2025-10-15,Kerala,Kerala City 2,4G,97.5,69.57,0.94,45,121,0,3.81
AIR100824,2025-11-15,Gujarat,Gujarat City 3,4G,97.54,20.15,0.91,38.5,140,0,3.17
AIR100825,2025-12-15,Delhi,Delhi City 1,4G,98.47,55.04,1.1,44.3,59,0,3.43
AIR100826,2025-02-15,Uttar Pradesh,Uttar Pradesh City 1,5G,99.07,78.78,0.87,28.6,63,1,3.62
AIR100827,2025-03-15,Karnataka,Karnataka City 2,5G,98.66,185.32,0.74,27.4,52,1,3.68
AIR100828,2025-04-15,West Bengal,West Bengal City 3,5G,99.04,146.72,0.71,27.8,133,0,3.62
AIR100829,2025-05-15,Gujarat,Gujarat City 2,5G,99.19,170.05,0.69,20.6,114,0,3.99
AIR100830,2025-06-15,Kerala,Kerala City 2,4G,95.88,50.91,0.97,26.1,43,0,2.85
AIR100831,2025-07-15,Rajasthan,Rajasthan City 1,4G,97.61,28.54,1.18,34.2,12,0,3.81
AIR100832,2025-08-15,Tamil Nadu,Tamil Nadu City 3,5G,98.54,141.04,1.16,26.8,66,0,4.07
AIR100833,2025-09-15,Kerala,Kerala City 1,4G,98.11,43.24,1.18,26.9,106,0,4.03
AIR100834,2025-10-15,Gujarat,Gujarat City 3,4G,98.32,28.91,0.71,24.4,22,0,3.2
AIR100835,2025-11-15,Kerala,Kerala City 1,4G,98.9,41.83,1.32,43.7,98,0,3.67
AIR100836,2025-12-15,Gujarat,Gujarat City 1,4G,97.78,49.45,0.65,25.5,58,0,3.68
AIR100837,2025-02-15,Gujarat,Gujarat City 3,4G,98.44,65.92,1.31,42.1,95,0,3.38
AIR100838,2025-03-15,Telangana,Telangana City 3,5G,100,90.48,0.28,21.4,80,1,4.55
AIR100839,2025-04-15,Delhi,Delhi City 1,4G,98.57,36.32,1.4,53.4,92,1,2.9
AIR100840,2025-05-15,West Bengal,West Bengal City 3,4G,98.59,57.55,0.37,30.9,32,0,3.9
AIR100841,2025-06-15,Telangana,Telangana City 1,4G,97.32,45.16,0.9,54,62,0,3.51
AIR100842,2025-07-15,Rajasthan,Rajasthan City 3,5G,99.49,169.78,0.57,30.8,89,0,4.02
AIR100843,2025-08-15,Telangana,Telangana City 1,5G,99.33,113.74,0.73,18.6,134,0,3.67
AIR100844,2025-09-15,Maharashtra,Maharashtra City 1,5G,98.84,130.11,0.65,24.1,74,0,3.29
AIR100845,2025-10-15,Maharashtra,Maharashtra City 1,4G,98.5,43.08,1.23,41.5,68,0,3.5
AIR100846,2025-11-15,West Bengal,West Bengal City 2,5G,99.2,149.09,0.74,12.8,79,1,3.83
AIR100847,2025-12-15,Kerala,Kerala City 3,4G,97.58,36.59,2.13,41.2,50,0,2.86
AIR100848,2025-02-15,Delhi,Delhi City 1,5G,99.94,130.23,0.57,19.8,99,0,4.14
AIR100849,2025-03-15,West Bengal,West Bengal City 2,5G,99.95,111.73,0.65,21.1,55,0,3.88
AIR100850,2025-04-15,Gujarat,Gujarat City 1,4G,98.14,31.73,1.32,36.3,102,1,3.32
AIR100851,2025-05-15,Karnataka,Karnataka City 2,4G,97.67,44.88,1.22,39.5,98,0,3.23
AIR100852,2025-06-15,Delhi,Delhi City 1,4G,97.65,50.5,1.1,37.1,55,0,3.41
AIR100853,2025-07-15,Delhi,Delhi City 1,4G,98.14,43.23,1.71,37.7,42,0,2.9
AIR100854,2025-08-15,Gujarat,Gujarat City 2,5G,100,128.42,1.08,27.5,103,0,4.09
AIR100855,2025-09-15,Gujarat,Gujarat City 2,5G,98.89,140.34,0.61,19.5,108,0,3.74
AIR100856,2025-10-15,Tamil Nadu,Tamil Nadu City 3,5G,99.23,124.93,0.54,24.7,61,0,3.66
AIR100857,2025-11-15,West Bengal,West Bengal City 3,4G,98.42,57.88,1.41,36.2,144,0,3.68
AIR100858,2025-12-15,Gujarat,Gujarat City 2,4G,97.84,38.38,1.47,45.3,112,0,3.45
AIR100859,2025-02-15,Maharashtra,Maharashtra City 3,4G,97.83,29.74,1.59,47.3,58,0,3.34
AIR100860,2025-03-15,Rajasthan,Rajasthan City 2,4G,100,65.64,0.94,32.3,83,0,3.87
AIR100861,2025-04-15,Karnataka,Karnataka City 3,4G,98.17,75.21,0.72,39.5,93,0,3.58
AIR100862,2025-05-15,West Bengal,West Bengal City 1,4G,98.63,50.96,0.5,38.7,156,0,3.94
AIR100863,2025-06-15,Uttar Pradesh,Uttar Pradesh City 3,4G,97.62,44,1.14,41.7,5,0,3.76
AIR100864,2025-07-15,Maharashtra,Maharashtra City 1,5G,98.54,169.31,0.7,21.7,72,0,3.39
AIR100865,2025-08-15,Kerala,Kerala City 1,4G,97.1,47.18,1.05,28.4,102,0,4.22
AIR100866,2025-09-15,Gujarat,Gujarat City 3,5G,98.88,99.11,0.96,19.2,53,0,3.57
AIR100867,2025-10-15,Uttar Pradesh,Uttar Pradesh City 2,4G,97.97,34.9,0.95,34.8,134,0,3.67
AIR100868,2025-11-15,Gujarat,Gujarat City 1,4G,96.48,35.09,0.6,30.8,21,0,3.23
AIR100869,2025-12-15,Delhi,Delhi City 1,5G,99.3,170.38,0.64,17.6,122,0,3.91
AIR100870,2025-02-15,Maharashtra,Maharashtra City 3,5G,98.83,161.39,0.44,21.8,168,1,3.36
AIR100871,2025-03-15,Delhi,Delhi City 2,4G,98.86,50.13,1.18,35.7,73,0,3.68
AIR100872,2025-04-15,Tamil Nadu,Tamil Nadu City 2,4G,97.99,59.49,0.94,49.8,64,0,3.52
AIR100873,2025-05-15,Delhi,Delhi City 3,4G,97.42,42.67,1.33,52.3,70,0,3.28
AIR100874,2025-06-15,Tamil Nadu,Tamil Nadu City 2,4G,98.62,47.92,0.15,30.1,95,1,4.11
AIR100875,2025-07-15,Tamil Nadu,Tamil Nadu City 3,5G,99.14,185.95,0.16,14.9,107,0,3.98
AIR100876,2025-08-15,Uttar Pradesh,Uttar Pradesh City 3,4G,98.23,29.09,1.1,33.7,73,0,3
AIR100877,2025-09-15,Gujarat,Gujarat City 3,4G,98.61,50.25,1.23,37.7,63,1,3.25
AIR100878,2025-10-15,Kerala,Kerala City 1,5G,99.29,117.95,0.41,12,49,1,3.79
AIR100879,2025-11-15,Delhi,Delhi City 1,4G,97.69,49.42,1.27,37.1,55,0,3.45
AIR100880,2025-12-15,Maharashtra,Maharashtra City 1,4G,96.84,25.38,1.38,29.7,70,1,3.86
AIR100881,2025-02-15,Tamil Nadu,Tamil Nadu City 3,4G,97.44,54.47,1.55,38.3,140,1,2.78
AIR100882,2025-03-15,Gujarat,Gujarat City 1,4G,98.05,50.96,1.49,36.7,73,0,3.78
AIR100883,2025-04-15,Karnataka,Karnataka City 1,4G,98.18,33.97,1.14,27,79,0,3.42
AIR100884,2025-05-15,West Bengal,West Bengal City 1,4G,99.36,46.57,1.38,39.3,84,1,2.94
AIR100885,2025-06-15,Uttar Pradesh,Uttar Pradesh City 3,4G,99.86,45.13,0.54,39.7,120,0,3.96
AIR100886,2025-07-15,Kerala,Kerala City 3,5G,99.69,153.06,0.58,20,51,0,3.63
AIR100887,2025-08-15,Telangana,Telangana City 3,5G,98.7,152.01,0.78,23.9,128,0,3.44
AIR100888,2025-09-15,Uttar Pradesh,Uttar Pradesh City 1,4G,97.83,46.77,1.09,41.6,100,0,4.03
AIR100889,2025-10-15,Karnataka,Karnataka City 2,4G,97.66,29.79,1.32,24.5,64,0,3.57
AIR100890,2025-11-15,West Bengal,West Bengal City 1,4G,98.03,48.24,0.9,30.4,149,0,3.17
AIR100891,2025-12-15,Karnataka,Karnataka City 1,4G,97.72,57.56,0.49,35.7,103,0,3.33
AIR100892,2025-02-15,Delhi,Delhi City 3,5G,99.48,85.96,0.93,17.7,79,1,3.79
AIR100893,2025-03-15,Tamil Nadu,Tamil Nadu City 3,4G,97.76,46.51,1.07,47.2,80,1,2.54
AIR100894,2025-04-15,Kerala,Kerala City 1,4G,97.65,47.34,0.57,35.3,218,1,3.03
AIR100895,2025-05-15,Rajasthan,Rajasthan City 1,4G,98.21,48.69,1.19,47,91,0,2.83
AIR100896,2025-06-15,Tamil Nadu,Tamil Nadu City 2,4G,98.32,48.73,1.05,39.9,18,0,3.61
AIR100897,2025-07-15,Rajasthan,Rajasthan City 2,4G,97.28,47.37,0.93,42.1,117,0,3.48
AIR100898,2025-08-15,West Bengal,West Bengal City 3,5G,99.02,162.73,0.58,20.5,70,0,3.72
AIR100899,2025-09-15,Gujarat,Gujarat City 2,5G,99.23,157.7,0.24,26.6,112,1,4.33
AIR100900,2025-10-15,Telangana,Telangana City 2,5G,99.22,158.43,0.45,16.9,42,0,4.63
AIR100901,2025-11-15,Maharashtra,Maharashtra City 3,5G,99.46,75.41,0.48,26,76,0,4.01
AIR100902,2025-12-15,Tamil Nadu,Tamil Nadu City 2,5G,99.36,91.25,0.94,23.1,67,0,3.61
AIR100903,2025-02-15,Kerala,Kerala City 1,4G,98.09,54.9,0.82,34.9,45,0,3.48
AIR100904,2025-03-15,Karnataka,Karnataka City 2,4G,97.45,68.63,1.5,38.4,15,0,2.77
AIR100905,2025-04-15,Kerala,Kerala City 3,5G,99.95,117.69,0.88,20.1,63,1,4.04
AIR100906,2025-05-15,West Bengal,West Bengal City 1,4G,98.63,38.09,1.01,36.3,127,0,3.6
AIR100907,2025-06-15,Rajasthan,Rajasthan City 2,4G,98.41,24.13,0.8,50.9,65,0,3.1
AIR100908,2025-07-15,Karnataka,Karnataka City 1,4G,98.18,28.41,0.84,41,79,0,2.94
AIR100909,2025-08-15,Maharashtra,Maharashtra City 1,4G,97.32,44.94,1.26,36.7,77,0,3.25
AIR100910,2025-09-15,Maharashtra,Maharashtra City 2,4G,97.28,50.87,0.93,55.8,5,0,2.9
AIR100911,2025-10-15,Tamil Nadu,Tamil Nadu City 2,4G,97.89,56.51,1.49,31.1,116,0,3.13
AIR100912,2025-11-15,West Bengal,West Bengal City 3,4G,97.38,47.44,1.28,48.8,25,0,4.38
AIR100913,2025-12-15,Gujarat,Gujarat City 3,5G,99.55,146.51,0.53,26,89,0,3.61
AIR100914,2025-02-15,West Bengal,West Bengal City 1,4G,96.94,45.52,0.51,38.6,93,0,3.3
AIR100915,2025-03-15,Rajasthan,Rajasthan City 3,5G,99.47,158.47,0.26,19.3,54,0,4.61
AIR100916,2025-04-15,Kerala,Kerala City 1,4G,98.08,50.03,1.83,30.3,36,0,3.05
AIR100917,2025-05-15,Maharashtra,Maharashtra City 1,4G,98.65,56.52,0.74,9.4,82,0,4.23
AIR100918,2025-06-15,Kerala,Kerala City 3,4G,98.78,39.75,0.93,43.2,89,1,3.9
AIR100919,2025-07-15,Kerala,Kerala City 3,4G,97.58,48.31,0.76,42.2,87,0,3.88
AIR100920,2025-08-15,Kerala,Kerala City 3,4G,99.23,43.3,1.35,23.6,55,0,3.5
AIR100921,2025-09-15,Maharashtra,Maharashtra City 2,5G,98.58,163.9,0.51,15,55,1,3.65
AIR100922,2025-10-15,Uttar Pradesh,Uttar Pradesh City 1,5G,99.45,171.93,0.73,22.6,101,0,4.16
AIR100923,2025-11-15,Delhi,Delhi City 1,5G,99.91,178.93,0.45,13.9,67,0,4.38
AIR100924,2025-12-15,Rajasthan,Rajasthan City 1,4G,96.75,57.86,0.84,37.5,69,1,4.28
AIR100925,2025-02-15,Uttar Pradesh,Uttar Pradesh City 3,4G,97.35,50.91,1.45,22.7,88,1,2.7
AIR100926,2025-03-15,Rajasthan,Rajasthan City 3,4G,98.92,49.19,1.16,53,88,0,3.07
AIR100927,2025-04-15,Karnataka,Karnataka City 3,4G,98.33,46.7,0.74,35.2,64,0,3.44
AIR100928,2025-05-15,West Bengal,West Bengal City 3,4G,98.25,33.49,0.96,20.6,5,0,3.8
AIR100929,2025-06-15,West Bengal,West Bengal City 3,4G,96.13,62.24,1.03,46.5,104,0,3.09
AIR100930,2025-07-15,Telangana,Telangana City 2,4G,98.06,44.16,0.78,56,25,1,3.55
AIR100931,2025-08-15,West Bengal,West Bengal City 3,4G,97.66,43.17,1.16,56.1,37,0,3.39
AIR100932,2025-09-15,Maharashtra,Maharashtra City 1,4G,97.21,54.45,1.67,22.5,61,1,3.15
AIR100933,2025-10-15,Gujarat,Gujarat City 3,4G,98.74,44.76,1.11,11.1,82,0,3.82
AIR100934,2025-11-15,Tamil Nadu,Tamil Nadu City 1,4G,98.24,44.23,0.77,17.6,89,1,3.16
AIR100935,2025-12-15,Telangana,Telangana City 3,5G,99.93,165.48,0.78,17.5,94,1,4.03
AIR100936,2025-02-15,Tamil Nadu,Tamil Nadu City 3,4G,97.59,35.08,0.8,43.4,65,0,3.71
AIR100937,2025-03-15,Rajasthan,Rajasthan City 1,4G,98.29,42.8,1.15,18.9,83,0,3.16
AIR100938,2025-04-15,Tamil Nadu,Tamil Nadu City 1,4G,98.57,60.19,1.4,49.7,94,1,3.71
AIR100939,2025-05-15,Tamil Nadu,Tamil Nadu City 1,4G,98.8,31.75,0.53,31.4,96,0,4.1
AIR100940,2025-06-15,Telangana,Telangana City 1,5G,99.58,200.56,0.72,24.7,128,0,3.95
AIR100941,2025-07-15,Karnataka,Karnataka City 2,5G,99.38,151.62,0.79,17.6,105,0,4.38
AIR100942,2025-08-15,Kerala,Kerala City 1,4G,97.53,53.26,0.31,48.9,124,0,4.64
AIR100943,2025-09-15,West Bengal,West Bengal City 3,4G,98.47,41.67,1.24,39.2,35,1,3.37
AIR100944,2025-10-15,West Bengal,West Bengal City 3,5G,98.92,203.61,0.78,14.7,71,0,4.12
AIR100945,2025-11-15,Maharashtra,Maharashtra City 2,4G,98.28,52.99,0.97,20.9,41,1,3.4
AIR100946,2025-12-15,Telangana,Telangana City 1,5G,99.37,141.5,0.76,23.7,54,0,4.11
AIR100947,2025-02-15,Maharashtra,Maharashtra City 3,4G,98.84,46.14,0.75,31.4,88,0,3.66
AIR100948,2025-03-15,Gujarat,Gujarat City 2,4G,98.78,29.38,1.31,37.9,46,1,3.61
AIR100949,2025-04-15,Gujarat,Gujarat City 3,5G,98.9,147.12,0.99,20.2,94,0,3.41
AIR100950,2025-05-15,Maharashtra,Maharashtra City 2,5G,99.3,133.06,1.1,21.8,52,1,3.41
AIR100951,2025-06-15,Telangana,Telangana City 2,5G,99.19,100.91,0.56,21.5,93,0,4.41
AIR100952,2025-07-15,Maharashtra,Maharashtra City 1,4G,99.44,64.08,1.56,32.5,121,1,3.89
AIR100953,2025-08-15,West Bengal,West Bengal City 2,4G,98.67,37.5,0.86,48.8,93,0,3.39
AIR100954,2025-09-15,Uttar Pradesh,Uttar Pradesh City 3,5G,99.84,201.88,0.35,26.3,62,0,3.79
AIR100955,2025-10-15,Delhi,Delhi City 3,4G,99.04,63.16,0.79,31.1,14,0,2.96
AIR100956,2025-11-15,Tamil Nadu,Tamil Nadu City 1,4G,97.86,33.34,0.69,39.2,106,0,3.79
AIR100957,2025-12-15,Delhi,Delhi City 1,5G,100,159.56,0.54,20.4,21,0,4.73
AIR100958,2025-02-15,Telangana,Telangana City 2,4G,98.59,73.16,0.58,33,124,1,3.62
AIR100959,2025-03-15,Delhi,Delhi City 1,4G,97.25,36.48,1.1,52.8,33,0,3.24
AIR100960,2025-04-15,Gujarat,Gujarat City 3,5G,98.73,230.37,0.66,16.8,65,0,3.44
AIR100961,2025-05-15,Rajasthan,Rajasthan City 3,5G,99.78,136.58,0.76,25.1,42,1,4.51
AIR100962,2025-06-15,Tamil Nadu,Tamil Nadu City 1,4G,98.18,52.33,2.05,28.2,100,1,3.46
AIR100963,2025-07-15,Kerala,Kerala City 1,4G,96.5,30.06,1.69,36.1,56,0,2.82
AIR100964,2025-08-15,Telangana,Telangana City 1,5G,99.07,213.56,0.05,26.5,61,0,4.75
AIR100965,2025-09-15,Tamil Nadu,Tamil Nadu City 2,5G,99.19,186.12,0.81,15,107,1,4.27
AIR100966,2025-10-15,Delhi,Delhi City 2,5G,100,210.53,0.94,18.7,65,0,4.03
AIR100967,2025-11-15,Gujarat,Gujarat City 3,4G,98.32,27.08,1.99,40.4,23,1,3.3
AIR100968,2025-12-15,Karnataka,Karnataka City 2,4G,99.16,69.59,0.98,46.3,114,0,3.4
AIR100969,2025-02-15,Uttar Pradesh,Uttar Pradesh City 2,4G,98.65,41.11,1.24,57,52,0,3.1
AIR100970,2025-03-15,Kerala,Kerala City 2,5G,98.98,215.75,0.74,18.4,55,0,3.58
AIR100971,2025-04-15,Uttar Pradesh,Uttar Pradesh City 2,5G,99.59,165.25,0.5,30,79,0,4.3
AIR100972,2025-05-15,Tamil Nadu,Tamil Nadu City 3,4G,99.29,24.41,0.99,28.7,74,0,3.53
AIR100973,2025-06-15,Gujarat,Gujarat City 1,4G,97.64,39.79,1.35,59.6,74,0,2.91
AIR100974,2025-07-15,Gujarat,Gujarat City 3,4G,99.45,55.17,1.27,36.6,84,1,4.57
AIR100975,2025-08-15,Delhi,Delhi City 2,5G,99.53,209.51,0.52,21,36,0,4.36
AIR100976,2025-09-15,West Bengal,West Bengal City 1,4G,97.56,37.14,0.92,19.1,23,0,3.6
AIR100977,2025-10-15,Delhi,Delhi City 1,4G,98.55,64.01,1.15,38,71,0,3.67
AIR100978,2025-11-15,West Bengal,West Bengal City 1,4G,97.32,32.05,1.31,35.1,60,0,3.04
AIR100979,2025-12-15,West Bengal,West Bengal City 3,4G,97.81,41.2,1.03,18.9,77,0,3.4
AIR100980,2025-02-15,Kerala,Kerala City 1,4G,97.98,50.21,0.26,33.3,40,0,4.34
AIR100981,2025-03-15,Delhi,Delhi City 3,5G,99.79,131.68,0.85,17.8,116,0,3.92
AIR100982,2025-04-15,Karnataka,Karnataka City 3,5G,98.78,175.55,0.84,16.3,95,0,3.84
AIR100983,2025-05-15,Maharashtra,Maharashtra City 2,4G,98.86,54.62,1.36,40.2,77,0,4.15
AIR100984,2025-06-15,Maharashtra,Maharashtra City 2,4G,97.95,46.57,1.03,33.3,52,1,3.28
AIR100985,2025-07-15,Delhi,Delhi City 1,5G,98.61,83.33,0.71,20.3,60,1,3.25
AIR100986,2025-08-15,Delhi,Delhi City 1,4G,99.89,32.69,1.16,40.2,40,0,4.14
AIR100987,2025-09-15,Uttar Pradesh,Uttar Pradesh City 2,4G,97.24,45.18,1.17,55.5,58,0,3.26
AIR100988,2025-10-15,Kerala,Kerala City 3,5G,98.68,125.77,0.68,5,171,0,4.5
AIR100989,2025-11-15,Delhi,Delhi City 3,5G,99.83,205.75,0.38,36.8,95,0,4.12
AIR100990,2025-12-15,Uttar Pradesh,Uttar Pradesh City 2,5G,99.47,148.51,0.7,21.1,103,1,3.87
AIR100991,2025-02-15,West Bengal,West Bengal City 3,4G,97.54,33.99,1.22,21.5,126,1,3.7
AIR100992,2025-03-15,Gujarat,Gujarat City 2,4G,97.73,44.17,0.95,40.8,71,0,3.26
AIR100993,2025-04-15,Gujarat,Gujarat City 2,4G,98.65,45.71,0.3,35.8,114,0,4.12
AIR100994,2025-05-15,West Bengal,West Bengal City 1,4G,98.96,35.88,1.18,55.7,43,0,3.07
AIR100995,2025-06-15,Telangana,Telangana City 1,5G,99.34,171.78,0.62,31.9,119,1,3.92
AIR100996,2025-07-15,Uttar Pradesh,Uttar Pradesh City 2,4G,98.38,51.5,1.73,37.9,22,0,3.55
AIR100997,2025-08-15,Uttar Pradesh,Uttar Pradesh City 1,5G,98.51,105.85,0.52,24.9,37,1,4.45
AIR100998,2025-09-15,West Bengal,West Bengal City 2,4G,98.34,44.16,1.55,37,115,0,3.17
AIR100999,2025-10-15,Karnataka,Karnataka City 3,4G,97.04,50.6,0.42,43.9,106,0,2.79
AIR101000,2025-11-15,Rajasthan,Rajasthan City 3,5G,99.1,136.55,0.54,15.5,160,0,3.48
AIR101001,2025-12-15,Tamil Nadu,Tamil Nadu City 3,4G,98.23,38.75,0.78,41.3,26,1,4.3
AIR101002,2025-02-15,West Bengal,West Bengal City 3,4G,98.49,34.41,1.57,31.8,93,0,3.2
AIR101003,2025-03-15,Delhi,Delhi City 2,4G,97.77,49.34,1.37,59,67,0,3.4
AIR101004,2025-04-15,Delhi,Delhi City 3,4G,98.6,35.66,1.3,28.9,89,0,3.28
AIR101005,2025-05-15,Kerala,Kerala City 3,4G,98.85,38.92,1.08,41.4,82,1,3.86
AIR101006,2025-06-15,West Bengal,West Bengal City 3,4G,100,41.28,0.39,41.2,62,0,4.28
AIR101007,2025-07-15,Kerala,Kerala City 3,5G,98.25,193.1,0.8,24.7,76,0,3.84
AIR101008,2025-08-15,West Bengal,West Bengal City 2,5G,99.65,146.25,0.38,23.6,52,1,4.19
AIR101009,2025-09-15,Uttar Pradesh,Uttar Pradesh City 3,4G,98.34,47.72,0.82,44.7,108,0,3.17
AIR101010,2025-10-15,Tamil Nadu,Tamil Nadu City 1,4G,98.62,37.67,0.84,43.5,111,0,3.42
AIR101011,2025-11-15,Uttar Pradesh,Uttar Pradesh City 1,4G,98.3,67.82,0.74,24.1,70,1,3.81
AIR101012,2025-12-15,Rajasthan,Rajasthan City 1,4G,98.3,56.27,0.58,19.2,140,1,3.55
AIR101013,2025-02-15,Gujarat,Gujarat City 1,4G,97.76,57.39,0.88,25.2,107,0,3.52
AIR101014,2025-03-15,Maharashtra,Maharashtra City 1,5G,98.81,104.28,0.59,26.9,42,1,3.78
AIR101015,2025-04-15,West Bengal,West Bengal City 1,4G,99.2,36.71,1.21,56.9,49,0,3.34
AIR101016,2025-05-15,Rajasthan,Rajasthan City 2,5G,99.44,168.31,0.65,19.1,52,0,4.29
AIR101017,2025-06-15,Gujarat,Gujarat City 1,5G,100,129.57,0.96,19.3,113,0,4.14
AIR101018,2025-07-15,Telangana,Telangana City 3,5G,98.54,170.3,1.09,11.9,132,1,3.41
AIR101019,2025-08-15,Tamil Nadu,Tamil Nadu City 1,4G,96.93,25.08,1.27,37.5,60,0,2.97
AIR101020,2025-09-15,Kerala,Kerala City 2,4G,97.88,43.36,1.29,47.8,97,1,3.4
AIR101021,2025-10-15,Kerala,Kerala City 1,5G,99.11,183.1,0.76,12.8,63,0,3.72
AIR101022,2025-11-15,Uttar Pradesh,Uttar Pradesh City 3,4G,97.68,45.08,0.69,48.7,45,0,3.22
AIR101023,2025-12-15,Delhi,Delhi City 3,5G,100,117.57,0.72,25.3,92,0,4.35
AIR101024,2025-02-15,Gujarat,Gujarat City 2,4G,97.45,38.18,1.1,52.2,102,0,3.2
AIR101025,2025-03-15,Telangana,Telangana City 2,4G,98.7,44.04,1.72,32.9,46,1,3.66
AIR101026,2025-04-15,Rajasthan,Rajasthan City 2,5G,99.06,224.67,0.67,23.2,56,0,4.01
AIR101027,2025-05-15,Tamil Nadu,Tamil Nadu City 2,5G,99.56,100.83,0.54,18.3,104,0,3.66
AIR101028,2025-06-15,Gujarat,Gujarat City 1,5G,99.14,120.06,0.27,14.2,87,0,4.01
AIR101029,2025-07-15,Telangana,Telangana City 1,5G,99.07,120.37,0.85,14.6,76,0,4.07
AIR101030,2025-08-15,Maharashtra,Maharashtra City 3,4G,100,66,0.68,50.2,104,0,4.32
AIR101031,2025-09-15,West Bengal,West Bengal City 2,4G,98.1,53.55,0.75,46.2,83,1,3.83
AIR101032,2025-10-15,Kerala,Kerala City 2,5G,99.94,111.57,0.4,14.1,134,0,4.31
AIR101033,2025-11-15,Rajasthan,Rajasthan City 1,4G,99.5,39.87,1.28,47.4,95,0,3.23
AIR101034,2025-12-15,Kerala,Kerala City 2,5G,99.66,138.84,0.87,17.7,107,1,4.56
AIR101035,2025-02-15,Rajasthan,Rajasthan City 3,4G,97.49,21.33,1.11,34,80,0,2.83
AIR101036,2025-03-15,Uttar Pradesh,Uttar Pradesh City 3,4G,98.21,26.45,1.17,44.9,95,0,2.67
AIR101037,2025-04-15,Delhi,Delhi City 2,4G,98.34,35.07,1.55,24.1,5,0,3.53
AIR101038,2025-05-15,Rajasthan,Rajasthan City 3,4G,98.6,27.82,0.76,49,65,0,2.85
AIR101039,2025-06-15,Kerala,Kerala City 3,5G,99.42,172.79,0.62,28.7,67,0,3.87
AIR101040,2025-07-15,Uttar Pradesh,Uttar Pradesh City 1,5G,99.48,118.51,0.46,14.8,82,0,4.23
AIR101041,2025-08-15,Rajasthan,Rajasthan City 3,4G,97.31,66.43,1.04,31.9,109,0,2.98
AIR101042,2025-09-15,Maharashtra,Maharashtra City 2,4G,98.19,48.98,1.11,28.2,64,0,3.75
AIR101043,2025-10-15,Delhi,Delhi City 2,4G,98.45,46.63,0.96,64.8,54,1,3.89
AIR101044,2025-11-15,Rajasthan,Rajasthan City 3,4G,97.1,46.32,0.93,37,85,0,3.66
AIR101045,2025-12-15,Uttar Pradesh,Uttar Pradesh City 2,4G,98.54,47.75,1.01,41.2,55,0,3.31
AIR101046,2025-02-15,Gujarat,Gujarat City 1,4G,98.02,40.29,1.57,27.1,51,0,3.05
AIR101047,2025-03-15,Karnataka,Karnataka City 3,4G,97.84,42.57,1.59,55.3,57,0,2.17
AIR101048,2025-04-15,Telangana,Telangana City 3,4G,98.45,34.8,0.9,35,98,0,3.27
AIR101049,2025-05-15,Karnataka,Karnataka City 3,4G,97.03,23.92,1.25,39.5,24,0,3.11
AIR101050,2025-06-15,Karnataka,Karnataka City 2,4G,98.52,39.68,0.67,36.3,131,0,3.91
AIR101051,2025-07-15,Tamil Nadu,Tamil Nadu City 2,4G,97.24,48,1.3,44.3,14,0,3.45
AIR101052,2025-08-15,Maharashtra,Maharashtra City 3,4G,98.48,57.61,0.99,43,105,1,3.17
AIR101053,2025-09-15,Gujarat,Gujarat City 2,4G,98.29,40.83,1.11,44.9,59,0,4.24
AIR101054,2025-10-15,West Bengal,West Bengal City 2,5G,98.92,200.14,0.8,12.8,123,0,3.61
AIR101055,2025-11-15,Rajasthan,Rajasthan City 3,4G,99.4,44.87,0.63,35,44,1,3.62
AIR101056,2025-12-15,Telangana,Telangana City 3,5G,99.51,132.66,0.21,7.3,24,0,4.01
AIR101057,2025-02-15,Delhi,Delhi City 2,4G,98.14,28.6,1.14,55.7,18,0,3.74
AIR101058,2025-03-15,Gujarat,Gujarat City 3,5G,98.79,129.4,0.92,21,46,0,3.8
AIR101059,2025-04-15,Kerala,Kerala City 3,4G,97.29,47.44,1.06,24.2,49,0,3.28
AIR101060,2025-05-15,West Bengal,West Bengal City 3,5G,99.12,138.15,0.45,5,57,1,3.86
AIR101061,2025-06-15,Tamil Nadu,Tamil Nadu City 3,4G,99.06,51.69,0.3,31.3,82,0,4.46
AIR101062,2025-07-15,Tamil Nadu,Tamil Nadu City 2,5G,99.05,213.83,0.56,15.1,94,0,4.05
AIR101063,2025-08-15,Gujarat,Gujarat City 3,4G,97.49,59.19,1.38,51.3,89,1,3.11
AIR101064,2025-09-15,Uttar Pradesh,Uttar Pradesh City 1,4G,96.78,63.45,1.41,43.2,21,0,4
AIR101065,2025-10-15,Karnataka,Karnataka City 3,5G,98.93,149.39,0.77,29,77,1,3.45
AIR101066,2025-11-15,Kerala,Kerala City 1,4G,97.99,37.3,1.32,34.4,105,0,3.15
AIR101067,2025-12-15,Tamil Nadu,Tamil Nadu City 3,5G,99.61,178.52,0.45,18.7,97,0,4.28
AIR101068,2025-02-15,Telangana,Telangana City 1,4G,97.61,40.92,1.21,20.4,114,0,3.53
AIR101069,2025-03-15,Tamil Nadu,Tamil Nadu City 1,4G,98.41,47.8,0.19,24.4,79,1,3.15
AIR101070,2025-04-15,Delhi,Delhi City 3,5G,98.71,124.83,0.71,16.6,70,0,3.5
AIR101071,2025-05-15,Rajasthan,Rajasthan City 3,4G,96.82,43.83,1.77,26.2,126,1,2.62
AIR101072,2025-06-15,Tamil Nadu,Tamil Nadu City 3,4G,97.48,48.26,1.09,41.4,66,0,2.89
AIR101073,2025-07-15,Delhi,Delhi City 1,5G,99.1,166.53,0.42,23.4,113,0,3.47
AIR101074,2025-08-15,Gujarat,Gujarat City 2,5G,99.76,104.32,0.48,20.4,95,0,4.41
AIR101075,2025-09-15,Gujarat,Gujarat City 2,5G,99.22,169.3,0.83,27.2,60,0,3.94
AIR101076,2025-10-15,West Bengal,West Bengal City 3,4G,98.2,45.64,1.28,28.9,173,0,3.52
AIR101077,2025-11-15,Tamil Nadu,Tamil Nadu City 2,4G,97.81,61.17,0.86,43.4,107,0,3.06
AIR101078,2025-12-15,Telangana,Telangana City 2,4G,97.87,34.92,1.03,38.8,78,0,3.46
AIR101079,2025-02-15,Tamil Nadu,Tamil Nadu City 3,4G,98.66,52.91,1.04,42.8,99,0,3.91
AIR101080,2025-03-15,Telangana,Telangana City 1,5G,98.78,139.15,0.72,18.3,9,0,3.64
AIR101081,2025-04-15,Maharashtra,Maharashtra City 3,4G,97.12,50.3,0.85,26.7,85,0,3.26
AIR101082,2025-05-15,West Bengal,West Bengal City 2,4G,97.61,37.65,1.3,36.5,97,1,3.39
AIR101083,2025-06-15,Maharashtra,Maharashtra City 1,4G,97.19,33.15,0.73,32.7,64,0,3.11
AIR101084,2025-07-15,Tamil Nadu,Tamil Nadu City 2,5G,99.22,200.23,0.67,26.9,42,0,3.9
AIR101085,2025-08-15,West Bengal,West Bengal City 1,5G,99.31,141.21,0.73,25.6,22,1,4.27
AIR101086,2025-09-15,Maharashtra,Maharashtra City 2,4G,98.3,54.97,0.92,52.4,150,0,3.51
AIR101087,2025-10-15,Karnataka,Karnataka City 3,4G,96.62,42.48,0.99,65.2,100,0,3.31
AIR101088,2025-11-15,Tamil Nadu,Tamil Nadu City 2,5G,99.29,158.06,0.96,21.7,23,0,3.56
AIR101089,2025-12-15,Maharashtra,Maharashtra City 2,4G,98.1,57.73,0.07,38.8,118,0,3.46
AIR101090,2025-02-15,Karnataka,Karnataka City 1,4G,98.76,45.98,1.33,41.7,98,0,3.46
AIR101091,2025-03-15,Karnataka,Karnataka City 2,4G,98.44,38.65,1.24,48.2,60,0,3.45
AIR101092,2025-04-15,Gujarat,Gujarat City 3,4G,98.41,71.64,0.87,33.5,10,0,3.43
AIR101093,2025-05-15,Tamil Nadu,Tamil Nadu City 3,4G,97.39,28.04,0.85,18.3,62,0,3.79
AIR101094,2025-06-15,Karnataka,Karnataka City 3,5G,99.11,126.67,1.04,26.4,82,1,3.7
AIR101095,2025-07-15,Gujarat,Gujarat City 1,4G,96.97,41.23,1.02,52.3,151,0,3.49
AIR101096,2025-08-15,Maharashtra,Maharashtra City 1,4G,99.13,51.97,1.03,35.2,76,0,3.82
AIR101097,2025-09-15,Delhi,Delhi City 2,5G,99.26,161.65,0.59,20.8,43,1,3.47
AIR101098,2025-10-15,Tamil Nadu,Tamil Nadu City 2,5G,99.7,169.61,0.6,23.9,67,0,3.78
AIR101099,2025-11-15,West Bengal,West Bengal City 2,4G,97.21,36.16,1.11,31.7,79,0,3.72
AIR101100,2025-12-15,Telangana,Telangana City 1,4G,98.7,44.37,1.69,53.6,70,0,2.59
AIR101101,2025-02-15,Telangana,Telangana City 1,4G,97.82,57.68,1.61,35,86,1,4.07
AIR101102,2025-03-15,Maharashtra,Maharashtra City 2,4G,96.85,38.1,2.05,51.4,96,0,2.95
AIR101103,2025-04-15,Uttar Pradesh,Uttar Pradesh City 1,4G,97.89,41.3,0.42,36.1,70,1,4.24
AIR101104,2025-05-15,Uttar Pradesh,Uttar Pradesh City 1,4G,99.01,50.31,1.36,62,155,0,3.48
AIR101105,2025-06-15,Maharashtra,Maharashtra City 3,4G,98.02,62.54,1.33,42.1,90,0,3.27
AIR101106,2025-07-15,Karnataka,Karnataka City 3,4G,98.28,47.92,1.16,53.3,90,0,3.25
AIR101107,2025-08-15,Tamil Nadu,Tamil Nadu City 2,4G,97.23,20.72,1.18,33.8,69,1,2.68
AIR101108,2025-09-15,Telangana,Telangana City 2,4G,98,27.76,0.91,40.8,56,0,3.93
AIR101109,2025-10-15,Telangana,Telangana City 3,4G,97.97,32.85,0.58,36,90,0,3.62
AIR101110,2025-11-15,Karnataka,Karnataka City 1,4G,97.37,31.08,0.87,41.1,51,0,3.17
AIR101111,2025-12-15,Telangana,Telangana City 2,4G,98.33,61.64,1.44,43.7,62,0,3.27
AIR101112,2025-02-15,West Bengal,West Bengal City 2,4G,97.97,47.03,1.11,38.8,93,0,3.46
AIR101113,2025-03-15,Tamil Nadu,Tamil Nadu City 2,4G,98.62,56.4,1.16,49,123,1,2.85
AIR101114,2025-04-15,Rajasthan,Rajasthan City 1,4G,97.77,41.66,0.95,38.3,36,0,4.21
AIR101115,2025-05-15,Telangana,Telangana City 3,4G,98.3,42.74,1.03,38.6,64,0,3.92
AIR101116,2025-06-15,Maharashtra,Maharashtra City 2,5G,99.39,123.01,0.79,21.5,56,0,3.43
AIR101117,2025-07-15,West Bengal,West Bengal City 3,5G,99.63,181.44,0.67,19.9,69,0,4.43
AIR101118,2025-08-15,Telangana,Telangana City 3,4G,99.04,41.43,0.91,29.4,69,0,3.98
AIR101119,2025-09-15,West Bengal,West Bengal City 1,5G,98.63,188.64,1.06,24.2,32,0,3.59
AIR101120,2025-10-15,Gujarat,Gujarat City 1,4G,97.45,41.97,1.09,45.3,72,0,3.93
AIR101121,2025-11-15,Rajasthan,Rajasthan City 1,4G,98.6,46.64,1.27,45,72,0,3.25
AIR101122,2025-12-15,Kerala,Kerala City 1,5G,99.35,122.33,0.4,17.7,73,1,4.68
AIR101123,2025-02-15,Maharashtra,Maharashtra City 1,4G,97.13,44.91,1.21,43.6,49,0,2.94
AIR101124,2025-03-15,Maharashtra,Maharashtra City 1,5G,98.7,135.68,0.05,23.6,113,0,3.93
AIR101125,2025-04-15,Tamil Nadu,Tamil Nadu City 2,4G,96.86,38.45,1.41,25.1,100,1,3.24
AIR101126,2025-05-15,West Bengal,West Bengal City 3,4G,97.65,39.09,1.41,37,41,0,3.24
AIR101127,2025-06-15,Karnataka,Karnataka City 1,4G,99.27,32.27,0.3,28.9,112,0,3.84
AIR101128,2025-07-15,Maharashtra,Maharashtra City 2,4G,97.34,47.06,1.24,41.8,60,0,3.3
AIR101129,2025-08-15,West Bengal,West Bengal City 3,4G,97.62,55.03,0.96,43.9,101,0,3.69
AIR101130,2025-09-15,West Bengal,West Bengal City 1,4G,98.35,46.18,0.33,31.1,113,1,3.43
AIR101131,2025-10-15,Delhi,Delhi City 1,4G,97.33,72.13,1.25,34.3,43,1,3.49
AIR101132,2025-11-15,Delhi,Delhi City 2,5G,99.62,135.01,0.56,16.1,104,0,3.97
AIR101133,2025-12-15,Kerala,Kerala City 3,5G,98.43,118.3,0.66,18.5,137,0,3.92
AIR101134,2025-02-15,Gujarat,Gujarat City 1,4G,97.45,41.85,0.89,44.1,50,0,2.86
AIR101135,2025-03-15,Kerala,Kerala City 3,4G,97.99,26.17,1.42,46.7,126,0,4.2
AIR101136,2025-04-15,Telangana,Telangana City 2,5G,99.85,226.98,0.58,27.1,88,0,4.45
AIR101137,2025-05-15,Karnataka,Karnataka City 1,4G,97.78,28.18,0.31,33.4,49,0,3.56
AIR101138,2025-06-15,Telangana,Telangana City 3,4G,98.3,41.31,1.3,27.1,81,1,3.27
AIR101139,2025-07-15,Uttar Pradesh,Uttar Pradesh City 2,4G,98.2,35.54,1.77,39.1,55,0,3.89
AIR101140,2025-08-15,Telangana,Telangana City 2,5G,99.45,171.95,0.84,9.1,31,0,4.35
AIR101141,2025-09-15,Tamil Nadu,Tamil Nadu City 1,4G,98.1,33.29,1.92,34.4,78,0,3.07
AIR101142,2025-10-15,Telangana,Telangana City 3,4G,98.93,34.97,1.02,34.5,60,1,3.85
AIR101143,2025-11-15,Kerala,Kerala City 1,4G,98.12,46.45,1.01,36.9,72,0,3.72
AIR101144,2025-12-15,Maharashtra,Maharashtra City 1,4G,98.18,52.03,1.25,29,86,1,3.34
AIR101145,2025-02-15,Maharashtra,Maharashtra City 3,4G,97.61,28.62,1.53,23.3,73,0,2.96
AIR101146,2025-03-15,Delhi,Delhi City 3,4G,98.61,59.52,1.4,42.5,69,0,3.77
AIR101147,2025-04-15,Karnataka,Karnataka City 3,4G,97.39,41.29,0.92,39.7,58,1,3.53
AIR101148,2025-05-15,Karnataka,Karnataka City 2,4G,99.26,43.94,1.06,20.8,47,0,4.31
AIR101149,2025-06-15,Tamil Nadu,Tamil Nadu City 2,4G,98.11,47.26,1.36,28.8,37,1,3.6
AIR101150,2025-07-15,Kerala,Kerala City 3,5G,98.75,148.73,0.98,11.1,49,0,3.91
AIR101151,2025-08-15,Delhi,Delhi City 2,5G,98.78,139.16,0.6,20.6,107,0,3.95
AIR101152,2025-09-15,Uttar Pradesh,Uttar Pradesh City 1,4G,98.76,42.33,1.48,15.2,106,1,3.32
AIR101153,2025-10-15,Karnataka,Karnataka City 3,4G,99.32,29.85,0.71,41.3,124,0,4.09
AIR101154,2025-11-15,Maharashtra,Maharashtra City 1,4G,98.92,66.44,1.34,31.1,60,0,3.6
AIR101155,2025-12-15,Telangana,Telangana City 3,4G,97.71,68.34,0.82,31.7,136,1,3.21
AIR101156,2025-02-15,Telangana,Telangana City 1,5G,99.26,121.84,0.37,22.8,74,1,3.93
AIR101157,2025-03-15,Delhi,Delhi City 3,4G,98.38,53.82,1.07,37.8,33,0,3.01
AIR101158,2025-04-15,Kerala,Kerala City 1,4G,97.93,68.67,1.35,20.1,113,1,2.61
AIR101159,2025-05-15,Kerala,Kerala City 3,5G,99.74,155.09,0.73,30.5,78,1,3.74
AIR101160,2025-06-15,Gujarat,Gujarat City 3,5G,99.15,199.88,0.5,21.2,79,1,3.79
AIR101161,2025-07-15,Rajasthan,Rajasthan City 2,4G,98.09,58.67,1.02,45.7,51,0,3
AIR101162,2025-08-15,Karnataka,Karnataka City 1,4G,97.9,60.93,1.44,17.1,77,0,3.33
AIR101163,2025-09-15,Kerala,Kerala City 2,4G,97.88,53.19,1.05,42,81,0,3.33
AIR101164,2025-10-15,Maharashtra,Maharashtra City 1,5G,99.65,152.85,0.44,24.7,83,0,4.73
AIR101165,2025-11-15,Delhi,Delhi City 2,5G,99.57,142.37,0.94,23,65,1,3.64
AIR101166,2025-12-15,Uttar Pradesh,Uttar Pradesh City 3,4G,97.88,41.86,1.23,44.2,82,0,2.86
AIR101167,2025-02-15,Gujarat,Gujarat City 2,4G,97.31,61.73,1.47,56.6,76,0,3.49
AIR101168,2025-03-15,West Bengal,West Bengal City 2,4G,98.16,30.56,0.84,40.6,88,0,3.8
AIR101169,2025-04-15,Tamil Nadu,Tamil Nadu City 3,4G,97.63,42.96,1.75,22.5,80,0,3.39
AIR101170,2025-05-15,Uttar Pradesh,Uttar Pradesh City 2,4G,97.61,57.36,1.47,31.8,85,0,3.71
AIR101171,2025-06-15,West Bengal,West Bengal City 3,4G,98.11,35.3,0.85,29.1,78,0,3.63
AIR101172,2025-07-15,Telangana,Telangana City 1,4G,98.4,38.99,1.01,51.4,102,0,3.59
AIR101173,2025-08-15,Tamil Nadu,Tamil Nadu City 2,5G,98.78,124.35,0.69,21.8,120,0,4.11
AIR101174,2025-09-15,Karnataka,Karnataka City 3,4G,97.68,36.47,1.15,19.8,67,1,3.84
AIR101175,2025-10-15,Maharashtra,Maharashtra City 3,4G,98.77,33.93,1.03,46.8,16,0,3.36
AIR101176,2025-11-15,Tamil Nadu,Tamil Nadu City 2,4G,97.98,43.54,1.09,30.8,92,0,3.04
AIR101177,2025-12-15,Rajasthan,Rajasthan City 1,5G,98.83,136.43,0.28,15,120,0,3.71
AIR101178,2025-02-15,West Bengal,West Bengal City 2,4G,99.76,58.21,0.41,46,69,0,3.97
AIR101179,2025-03-15,Karnataka,Karnataka City 3,5G,98.08,169.19,0.92,22.8,84,1,3.88
AIR101180,2025-04-15,Rajasthan,Rajasthan City 1,4G,98.31,39.53,1.63,38.5,48,0,2.98
AIR101181,2025-05-15,Telangana,Telangana City 2,5G,99.04,116.05,0.44,18.7,80,0,4.35
AIR101182,2025-06-15,Rajasthan,Rajasthan City 3,5G,98.82,114.71,0.38,9.9,103,1,3.75
AIR101183,2025-07-15,Gujarat,Gujarat City 2,4G,97.46,78.18,0.77,55.2,85,0,2.86
AIR101184,2025-08-15,Gujarat,Gujarat City 1,5G,99.76,196.89,0.43,25.3,76,0,3.81
AIR101185,2025-09-15,Delhi,Delhi City 1,4G,98.23,51.76,0.38,44.3,111,1,2.95
AIR101186,2025-10-15,Uttar Pradesh,Uttar Pradesh City 1,4G,96.73,31.79,0.85,26.7,52,0,3.8
AIR101187,2025-11-15,Uttar Pradesh,Uttar Pradesh City 1,4G,98.13,59.38,1.16,45.9,73,0,3.39
AIR101188,2025-12-15,Karnataka,Karnataka City 1,4G,98.74,47.21,1.24,31.6,66,0,3.83
AIR101189,2025-02-15,Telangana,Telangana City 2,5G,98.65,105.05,0.88,30.2,66,0,3.61
AIR101190,2025-03-15,Kerala,Kerala City 1,5G,98.79,160.95,0.85,22,57,0,3.81
AIR101191,2025-04-15,Gujarat,Gujarat City 1,4G,98.15,60.78,1.55,33.2,39,0,2.86
AIR101192,2025-05-15,Karnataka,Karnataka City 3,4G,96.76,64.51,1.15,56.6,108,1,2.45
AIR101193,2025-06-15,Kerala,Kerala City 1,4G,98.47,61.75,1.29,38.8,86,1,3.36
AIR101194,2025-07-15,Uttar Pradesh,Uttar Pradesh City 3,4G,97.68,32.77,0.41,30.2,41,0,3.7
AIR101195,2025-08-15,Delhi,Delhi City 3,4G,97.97,55.76,0.74,31.7,74,0,3.39
AIR101196,2025-09-15,Rajasthan,Rajasthan City 3,5G,99.19,174.92,0.82,15.1,95,0,3.3
AIR101197,2025-10-15,Gujarat,Gujarat City 2,4G,98.63,61.06,0.92,36,119,0,3.86
AIR101198,2025-11-15,Karnataka,Karnataka City 2,4G,98.58,20.24,1.17,47.4,5,0,3.57
AIR101199,2025-12-15,Tamil Nadu,Tamil Nadu City 3,5G,98.38,147.66,0.52,18.2,99,0,3.55
AIR101200,2025-02-15,Kerala,Kerala City 2,4G,97.07,29.04,1.58,28.4,33,0,2.92
AIR101201,2025-03-15,Rajasthan,Rajasthan City 1,4G,97.64,52.12,1.27,45,111,0,2.98
AIR101202,2025-04-15,Gujarat,Gujarat City 2,4G,97.2,37.81,0.8,40.1,64,0,3.07
AIR101203,2025-05-15,Uttar Pradesh,Uttar Pradesh City 1,4G,99.07,32.05,0.49,28.2,34,1,3.76
AIR101204,2025-06-15,Telangana,Telangana City 1,5G,99.81,144.36,0.66,23.5,102,0,3.68
AIR101205,2025-07-15,Kerala,Kerala City 2,4G,99.68,36.67,1.21,39.9,35,0,4
AIR101206,2025-08-15,Uttar Pradesh,Uttar Pradesh City 2,4G,98.56,47.82,0.9,23.7,116,0,3.29
AIR101207,2025-09-15,Gujarat,Gujarat City 3,4G,99.34,50.37,0.63,38.9,93,0,3.18
AIR101208,2025-10-15,Kerala,Kerala City 2,4G,98.54,42.7,1.33,31.1,110,0,3.75
AIR101209,2025-11-15,Rajasthan,Rajasthan City 2,5G,99.44,149.17,0.43,16.8,148,0,4.49
AIR101210,2025-12-15,Gujarat,Gujarat City 2,5G,98.61,89.38,0.39,27.5,68,0,4.05
AIR101211,2025-02-15,West Bengal,West Bengal City 1,5G,99.06,96.29,0.4,22.5,88,0,4.08
AIR101212,2025-03-15,Karnataka,Karnataka City 1,4G,98.89,49.88,0.98,11.5,79,0,3.9
AIR101213,2025-04-15,Rajasthan,Rajasthan City 1,4G,97.09,32.83,0.28,55.1,105,0,3.54
AIR101214,2025-05-15,Kerala,Kerala City 3,4G,98.92,29.16,0.77,39.9,110,0,3.78
AIR101215,2025-06-15,Telangana,Telangana City 3,4G,98.74,42.04,1.15,25.2,68,0,3.98
AIR101216,2025-07-15,Uttar Pradesh,Uttar Pradesh City 3,4G,96.66,53.34,1.27,45.3,57,0,2.67
AIR101217,2025-08-15,Tamil Nadu,Tamil Nadu City 1,4G,98.09,35.47,0.74,29.8,92,1,3.87
AIR101218,2025-09-15,Uttar Pradesh,Uttar Pradesh City 2,5G,98.85,152.16,0.37,22.7,51,0,4.11
AIR101219,2025-10-15,Kerala,Kerala City 3,4G,96.46,33.13,1.33,36.2,82,0,3.4
AIR101220,2025-11-15,Uttar Pradesh,Uttar Pradesh City 3,4G,98.74,32.93,1.09,39.4,68,0,4.19
AIR101221,2025-12-15,Karnataka,Karnataka City 1,4G,98.5,53.05,1.18,37,106,0,4.11
AIR101222,2025-02-15,Gujarat,Gujarat City 3,4G,98.24,39.22,0.6,46.9,117,0,3.68
AIR101223,2025-03-15,Tamil Nadu,Tamil Nadu City 2,4G,100,52.85,0.64,40.1,38,1,3.73
AIR101224,2025-04-15,Maharashtra,Maharashtra City 1,4G,98.78,39.96,1.56,25.2,23,0,3.69
AIR101225,2025-05-15,Kerala,Kerala City 1,4G,97.77,26.75,1.34,51.4,111,0,2.97
AIR101226,2025-06-15,Delhi,Delhi City 2,4G,97.97,72.09,1.04,50.2,60,0,3.19
AIR101227,2025-07-15,Maharashtra,Maharashtra City 2,5G,98.79,109.87,0.59,16.4,105,1,4.31
AIR101228,2025-08-15,Uttar Pradesh,Uttar Pradesh City 2,4G,98.69,55.13,1.1,50,76,0,4.07
AIR101229,2025-09-15,Kerala,Kerala City 3,5G,99.32,132.46,0.8,13,39,0,3.85
AIR101230,2025-10-15,West Bengal,West Bengal City 2,4G,99,63.99,1.24,24,76,1,3.62
AIR101231,2025-11-15,Delhi,Delhi City 1,4G,97.37,58.24,1.18,35,83,0,3.32
AIR101232,2025-12-15,Tamil Nadu,Tamil Nadu City 2,5G,98.7,78.65,0.78,28.1,5,1,4.68
AIR101233,2025-02-15,Telangana,Telangana City 1,4G,97.83,46.6,1.49,17.8,105,0,4.1
AIR101234,2025-03-15,West Bengal,West Bengal City 1,4G,98.72,37.09,1.09,32.1,122,0,3.37
AIR101235,2025-04-15,Maharashtra,Maharashtra City 3,5G,98.88,162.75,0.26,30.6,51,0,3.95
AIR101236,2025-05-15,Gujarat,Gujarat City 2,4G,96.71,55.06,1.14,28.1,99,1,3.27
AIR101237,2025-06-15,Karnataka,Karnataka City 3,4G,97.92,29.27,0.94,45.7,78,0,3.71
AIR101238,2025-07-15,Telangana,Telangana City 2,4G,96.45,39.81,0.98,34.9,85,1,3.41
AIR101239,2025-08-15,West Bengal,West Bengal City 2,5G,98.58,118.14,0.58,31.4,69,0,4.11
AIR101240,2025-09-15,Gujarat,Gujarat City 2,5G,99.03,126.03,0.57,20.4,78,0,3.88
AIR101241,2025-10-15,Gujarat,Gujarat City 2,4G,97.67,43.55,0.61,39.8,50,1,3.55
AIR101242,2025-11-15,Kerala,Kerala City 2,4G,98.55,64.67,0.89,29,99,1,4.47
AIR101243,2025-12-15,West Bengal,West Bengal City 1,4G,98.46,49.9,1.12,21.5,102,1,3.2
AIR101244,2025-02-15,Tamil Nadu,Tamil Nadu City 1,4G,98.48,47.15,0.82,38.2,133,0,3.43
AIR101245,2025-03-15,Uttar Pradesh,Uttar Pradesh City 2,4G,98.72,35.72,1.28,37.6,78,0,3.12
AIR101246,2025-04-15,Delhi,Delhi City 1,4G,98.64,61.85,0.64,43.3,75,0,3.48
AIR101247,2025-05-15,Delhi,Delhi City 3,4G,97.84,23.38,1.25,54.1,79,0,3.66
AIR101248,2025-06-15,Maharashtra,Maharashtra City 3,4G,97.91,46.04,1.39,26,163,1,3.64
AIR101249,2025-07-15,Maharashtra,Maharashtra City 3,5G,98.79,104.18,0.54,25.4,94,1,3.41
AIR101250,2025-08-15,Delhi,Delhi City 2,4G,96.5,38.95,1.46,39.5,122,0,3.32
AIR101251,2025-09-15,Tamil Nadu,Tamil Nadu City 2,4G,98.17,55.82,1.93,32.9,28,0,3.32
AIR101252,2025-10-15,Karnataka,Karnataka City 1,4G,99.57,49.92,0.9,63.6,145,1,3.68
AIR101253,2025-11-15,Rajasthan,Rajasthan City 1,5G,98.67,149.9,1.15,15.4,36,0,3.76
AIR101254,2025-12-15,Uttar Pradesh,Uttar Pradesh City 1,5G,99.69,124.66,0.92,15.3,17,0,4.1
AIR101255,2025-02-15,Karnataka,Karnataka City 3,5G,98.6,102.54,0.72,17.4,141,1,3.98
AIR101256,2025-03-15,Kerala,Kerala City 3,4G,97.93,61.49,1.32,32.4,105,0,2.83
AIR101257,2025-04-15,Rajasthan,Rajasthan City 3,5G,98.79,166.65,0.56,27.7,94,1,3.22
AIR101258,2025-05-15,Rajasthan,Rajasthan City 3,4G,98.48,52.85,0.81,35,92,0,4.25
AIR101259,2025-06-15,West Bengal,West Bengal City 1,4G,98.37,34.72,1.05,24.5,109,0,3.99
AIR101260,2025-07-15,Tamil Nadu,Tamil Nadu City 2,4G,97.43,43.31,0.56,45.3,111,1,3.72
AIR101261,2025-08-15,Tamil Nadu,Tamil Nadu City 2,5G,99.53,148.45,0.51,17.2,82,0,4.21
AIR101262,2025-09-15,Rajasthan,Rajasthan City 3,5G,99.83,126.82,0.84,23.6,70,1,4.29
AIR101263,2025-10-15,West Bengal,West Bengal City 2,5G,99.15,145.39,0.68,22,87,0,4.01
AIR101264,2025-11-15,Uttar Pradesh,Uttar Pradesh City 2,5G,98.59,168.17,0.58,19.1,90,0,3.38
AIR101265,2025-12-15,Rajasthan,Rajasthan City 2,4G,98.43,53.49,1.15,35.8,112,0,3.51
AIR101266,2025-02-15,Telangana,Telangana City 3,4G,99.1,42.93,0.29,25.6,90,0,3.46
AIR101267,2025-03-15,Maharashtra,Maharashtra City 1,4G,98.61,34.33,1.13,26.5,102,0,2.89
AIR101268,2025-04-15,Maharashtra,Maharashtra City 1,5G,98.93,138.54,0.35,24.7,87,0,3.45
AIR101269,2025-05-15,Karnataka,Karnataka City 2,4G,99.01,36.02,1.19,25.2,100,1,2.98
AIR101270,2025-06-15,Kerala,Kerala City 1,5G,99.21,160.08,0.67,23.4,68,0,4.08
AIR101271,2025-07-15,Maharashtra,Maharashtra City 1,4G,97.87,66.73,1.49,28.6,104,1,3.02
AIR101272,2025-08-15,Gujarat,Gujarat City 3,4G,96.88,40.69,1.02,34.8,48,0,3.19
AIR101273,2025-09-15,Karnataka,Karnataka City 3,4G,98.08,43.7,0.56,33.4,150,0,3.35
AIR101274,2025-10-15,Maharashtra,Maharashtra City 2,4G,97.56,32.33,1.57,49.2,123,1,3.62
AIR101275,2025-11-15,Kerala,Kerala City 2,5G,98.52,193.58,0.61,8.5,59,0,3.8
AIR101276,2025-12-15,Tamil Nadu,Tamil Nadu City 2,4G,97.8,25.63,0.95,21.6,62,0,3.11
AIR101277,2025-02-15,Tamil Nadu,Tamil Nadu City 3,4G,98.61,38.72,1.12,25.9,82,0,3.55
AIR101278,2025-03-15,Uttar Pradesh,Uttar Pradesh City 1,4G,97.38,37.24,1.02,23.9,20,0,3.46
AIR101279,2025-04-15,Rajasthan,Rajasthan City 3,4G,97.15,23.14,0.57,48.7,61,0,3
AIR101280,2025-05-15,Telangana,Telangana City 3,4G,96.77,50.81,1.06,30.9,40,0,2.55
AIR101281,2025-06-15,Tamil Nadu,Tamil Nadu City 1,4G,98.54,49.55,1.64,24.9,109,0,2.9
AIR101282,2025-07-15,West Bengal,West Bengal City 1,5G,99.23,145.87,0.81,19.7,72,1,3.88
AIR101283,2025-08-15,Maharashtra,Maharashtra City 2,4G,97.77,49.45,0.63,29.3,68,0,3.67
AIR101284,2025-09-15,West Bengal,West Bengal City 1,4G,97.82,49.65,0.96,47.4,45,1,3.53
AIR101285,2025-10-15,Kerala,Kerala City 1,4G,98.89,33.71,1.46,35.8,115,1,3.68
AIR101286,2025-11-15,Tamil Nadu,Tamil Nadu City 1,4G,98.08,55.92,1.45,24.1,144,1,3.3
AIR101287,2025-12-15,Telangana,Telangana City 1,4G,98.5,33.99,0.9,39.2,54,0,2.71
AIR101288,2025-02-15,Kerala,Kerala City 2,4G,98.38,77.11,0.84,54.8,125,1,3.06
AIR101289,2025-03-15,Gujarat,Gujarat City 2,4G,97.4,66.01,1.1,52.4,74,0,2.88
AIR101290,2025-04-15,Gujarat,Gujarat City 1,4G,98.54,41.13,0.84,16,63,0,4.14
AIR101291,2025-05-15,West Bengal,West Bengal City 1,4G,98.33,50.55,1.67,40,59,1,3.6
AIR101292,2025-06-15,Rajasthan,Rajasthan City 2,5G,99.48,119.86,0.78,24.8,48,0,3.92
AIR101293,2025-07-15,Karnataka,Karnataka City 2,5G,99.52,146.17,0.73,23.6,63,0,3.24
AIR101294,2025-08-15,Rajasthan,Rajasthan City 1,4G,97.1,38.11,0.37,64.2,94,0,3.42
AIR101295,2025-09-15,Uttar Pradesh,Uttar Pradesh City 3,4G,98.84,43.84,0.72,41.8,101,0,2.98
AIR101296,2025-10-15,Rajasthan,Rajasthan City 2,4G,98.35,45.02,0.55,38.8,125,0,3.42
AIR101297,2025-11-15,Uttar Pradesh,Uttar Pradesh City 2,4G,98.3,37.41,1.2,49.7,150,0,3.39
AIR101298,2025-12-15,Uttar Pradesh,Uttar Pradesh City 2,5G,99.17,151.52,0.97,20.3,5,0,3.93
AIR101299,2025-02-15,Telangana,Telangana City 1,5G,99.19,113.54,1.05,26.7,92,0,3.74
AIR101300,2025-03-15,Tamil Nadu,Tamil Nadu City 1,4G,97,66.17,0.94,37.5,109,0,3.81
AIR101301,2025-04-15,Telangana,Telangana City 2,4G,100,61.43,0.91,29.2,101,0,3.83
AIR101302,2025-05-15,Uttar Pradesh,Uttar Pradesh City 1,4G,98.77,64.68,1.64,59,26,0,3.6
AIR101303,2025-06-15,Kerala,Kerala City 1,4G,98.49,41.11,0.67,37.5,99,0,3.88
AIR101304,2025-07-15,Gujarat,Gujarat City 2,5G,98.99,88.28,0.8,28,67,0,3.63
AIR101305,2025-08-15,Uttar Pradesh,Uttar Pradesh City 1,4G,98.48,43.3,0.85,35.4,110,0,3.7
AIR101306,2025-09-15,Telangana,Telangana City 3,4G,99.74,24.1,0.88,33.1,45,0,3.83
AIR101307,2025-10-15,Kerala,Kerala City 1,4G,99.9,23.55,0.54,58.2,47,0,4.31
AIR101308,2025-11-15,Telangana,Telangana City 1,4G,99.29,32.46,0.63,28,60,0,3.39
AIR101309,2025-12-15,Rajasthan,Rajasthan City 2,4G,98.2,41.21,1.65,30.9,73,1,3.76
AIR101310,2025-02-15,Maharashtra,Maharashtra City 2,4G,98.15,38.36,0.51,40.5,70,0,3.54
AIR101311,2025-03-15,West Bengal,West Bengal City 3,4G,97.91,60.07,1.24,33.3,58,0,3.64
AIR101312,2025-04-15,Karnataka,Karnataka City 1,5G,98.53,107.95,0.45,26.8,60,0,4.13
AIR101313,2025-05-15,Telangana,Telangana City 3,5G,98.89,194.24,0.5,17,59,0,3.96
AIR101314,2025-06-15,Karnataka,Karnataka City 3,4G,98.08,57.8,0.8,43.8,80,0,3.95
AIR101315,2025-07-15,Delhi,Delhi City 2,5G,99.28,188.04,0.79,31.3,25,0,3.76
AIR101316,2025-08-15,Telangana,Telangana City 1,4G,97.37,52.59,1.01,36.6,123,0,3.36
AIR101317,2025-09-15,Maharashtra,Maharashtra City 2,5G,98.5,180.54,1.25,26.9,88,0,3.39
AIR101318,2025-10-15,Karnataka,Karnataka City 3,5G,98.51,183.82,0.66,13.3,98,0,4.09
AIR101319,2025-11-15,Uttar Pradesh,Uttar Pradesh City 3,4G,99.01,49.27,0.66,25.3,106,1,3.45
AIR101320,2025-12-15,Telangana,Telangana City 2,5G,99.72,144.95,0.76,14.3,124,0,3.78
AIR101321,2025-02-15,Tamil Nadu,Tamil Nadu City 2,4G,97.76,66.51,0.87,15,125,0,3.89
AIR101322,2025-03-15,West Bengal,West Bengal City 2,4G,97.73,50.61,0.77,21.2,48,0,3.94
AIR101323,2025-04-15,Maharashtra,Maharashtra City 2,4G,97.68,47.46,1.25,32.2,131,1,3.02
AIR101324,2025-05-15,Karnataka,Karnataka City 2,5G,99.05,215.61,0.62,24.6,77,1,4.16
AIR101325,2025-06-15,Maharashtra,Maharashtra City 3,5G,99.89,129.23,1.12,21.8,99,1,4.25
AIR101326,2025-07-15,Kerala,Kerala City 2,4G,98.51,36.93,0.82,47,93,1,3.89
AIR101327,2025-08-15,West Bengal,West Bengal City 1,4G,98.01,67.99,1.05,25.1,33,0,3.97
AIR101328,2025-09-15,Uttar Pradesh,Uttar Pradesh City 3,4G,98.68,34.13,1.37,51.6,53,0,3.37
AIR101329,2025-10-15,Telangana,Telangana City 3,5G,99.02,171.86,0.94,15.6,78,1,3.39
AIR101330,2025-11-15,Telangana,Telangana City 1,4G,97.77,20.66,0.65,41.8,125,1,3.6
AIR101331,2025-12-15,Telangana,Telangana City 1,5G,99.79,169.13,0.8,24.3,92,1,4.04
AIR101332,2025-02-15,West Bengal,West Bengal City 3,4G,97.66,65.27,0.78,37.6,79,0,3.56
AIR101333,2025-03-15,Tamil Nadu,Tamil Nadu City 2,4G,98.74,52.71,1.05,31.1,118,0,3.48
AIR101334,2025-04-15,Delhi,Delhi City 3,4G,98.62,59.81,0.9,55.2,36,0,3.52
AIR101335,2025-05-15,Gujarat,Gujarat City 3,5G,99.16,103.42,0.53,29.4,89,0,3.85
AIR101336,2025-06-15,Rajasthan,Rajasthan City 1,4G,98.03,63.4,1.52,34.2,83,0,3.36
AIR101337,2025-07-15,Karnataka,Karnataka City 3,5G,99.28,145.5,0.47,14.8,72,0,4.11
AIR101338,2025-08-15,Tamil Nadu,Tamil Nadu City 2,4G,98.86,36.13,0.82,47.5,33,1,2.59
AIR101339,2025-09-15,Uttar Pradesh,Uttar Pradesh City 1,4G,98.61,63.06,0.93,39.9,86,1,3.79
AIR101340,2025-10-15,Karnataka,Karnataka City 3,5G,98.35,149.17,1.05,9.3,90,1,3.64
AIR101341,2025-11-15,Telangana,Telangana City 3,5G,99.44,129.23,0.85,13.1,48,0,4.33
AIR101342,2025-12-15,Maharashtra,Maharashtra City 2,5G,99.36,126.68,0.98,24.4,80,1,4.22
AIR101343,2025-02-15,Uttar Pradesh,Uttar Pradesh City 3,4G,97.92,33.75,0.97,28.8,79,0,3.62
AIR101344,2025-03-15,Karnataka,Karnataka City 3,4G,98.02,43.17,0.57,28.7,56,0,3.12
AIR101345,2025-04-15,Telangana,Telangana City 3,4G,98.14,30.69,1.34,36.2,32,0,3.2
AIR101346,2025-05-15,Karnataka,Karnataka City 3,4G,99.42,45.53,1.15,36,39,0,3.58
AIR101347,2025-06-15,Maharashtra,Maharashtra City 2,5G,99.2,83.14,0.53,20.8,86,1,4.2
AIR101348,2025-07-15,Telangana,Telangana City 3,4G,98.38,53.99,0.62,36.6,66,0,3.69
AIR101349,2025-08-15,Delhi,Delhi City 3,4G,97.76,32.79,1.79,42.8,112,1,2.99
AIR101350,2025-09-15,Tamil Nadu,Tamil Nadu City 3,4G,98.08,40.79,0.89,34.6,96,0,4.11
AIR101351,2025-10-15,Kerala,Kerala City 1,4G,98.32,38.76,0.68,37.9,42,0,3.18
AIR101352,2025-11-15,Rajasthan,Rajasthan City 2,4G,98.08,13.38,1.05,36,110,0,3.3
AIR101353,2025-12-15,West Bengal,West Bengal City 1,4G,98.33,35.84,1.48,29.5,112,0,3.49
AIR101354,2025-02-15,Rajasthan,Rajasthan City 1,4G,98.53,34.28,1.08,50.6,94,0,3.73
AIR101355,2025-03-15,Uttar Pradesh,Uttar Pradesh City 2,4G,98.94,26.5,0.94,41.2,178,0,3.92
AIR101356,2025-04-15,Rajasthan,Rajasthan City 1,5G,99.57,166.83,0.47,15.4,89,0,3.61
AIR101357,2025-05-15,Telangana,Telangana City 1,4G,98.49,15.21,1.27,48.3,24,0,3.26
AIR101358,2025-06-15,Delhi,Delhi City 1,4G,99.21,12.93,1.43,44.1,88,0,3.9
AIR101359,2025-07-15,Kerala,Kerala City 2,5G,99.33,79.61,0.94,22.1,97,1,3.6
AIR101360,2025-08-15,Tamil Nadu,Tamil Nadu City 3,5G,99.53,153.77,0.32,25,96,0,4.18
AIR101361,2025-09-15,Tamil Nadu,Tamil Nadu City 2,5G,98.71,99.67,1.13,22.8,5,0,4.31
AIR101362,2025-10-15,Maharashtra,Maharashtra City 2,5G,99.17,97.09,0.33,22,66,0,3.52
AIR101363,2025-11-15,West Bengal,West Bengal City 2,4G,97.75,53.02,1.44,42.8,92,0,3.4
AIR101364,2025-12-15,Karnataka,Karnataka City 1,5G,98.99,143.2,0.83,29,142,0,3.68
AIR101365,2025-02-15,Delhi,Delhi City 3,4G,99.39,29.77,1.19,28.3,73,0,4.01
AIR101366,2025-03-15,Karnataka,Karnataka City 2,4G,97.46,47.61,0.84,43.1,134,1,3.91
AIR101367,2025-04-15,Kerala,Kerala City 2,5G,98.32,120.94,0.21,25.4,92,1,3.97
AIR101368,2025-05-15,Rajasthan,Rajasthan City 3,4G,98.94,52.21,1.27,32.9,57,1,3.31
AIR101369,2025-06-15,Tamil Nadu,Tamil Nadu City 3,5G,99.17,143.5,0.68,15.9,54,0,3.5
AIR101370,2025-07-15,Kerala,Kerala City 3,5G,99.73,183.52,0.58,14.9,110,0,3.61
AIR101371,2025-08-15,Rajasthan,Rajasthan City 1,4G,98.44,48.78,1.58,37,114,0,3.19
AIR101372,2025-09-15,Tamil Nadu,Tamil Nadu City 3,5G,98.95,112.59,0.93,16,89,0,4
AIR101373,2025-10-15,Rajasthan,Rajasthan City 1,4G,98.88,33.98,0.89,46.7,66,0,3.52
AIR101374,2025-11-15,West Bengal,West Bengal City 2,4G,99.38,39.7,1.1,22.2,55,1,3.67
AIR101375,2025-12-15,Delhi,Delhi City 1,5G,99.29,136.96,0.34,34.9,74,0,3.55
AIR101376,2025-02-15,Uttar Pradesh,Uttar Pradesh City 3,4G,99.16,55.68,0.66,28.4,80,0,4.41
AIR101377,2025-03-15,Kerala,Kerala City 1,5G,99.64,150.09,0.42,19.4,46,0,4.91
AIR101378,2025-04-15,Kerala,Kerala City 3,4G,98.63,68.27,0.9,40,107,0,2.95
AIR101379,2025-05-15,Gujarat,Gujarat City 1,4G,99.43,43.52,0.91,54.8,90,0,3.52
AIR101380,2025-06-15,Telangana,Telangana City 2,5G,99.73,108.23,0.64,31.3,21,0,3.38
AIR101381,2025-07-15,West Bengal,West Bengal City 1,4G,98.36,38.46,0.47,32.5,137,1,3.62
AIR101382,2025-08-15,West Bengal,West Bengal City 2,4G,98.62,46.55,1.06,38.9,48,0,3.41
AIR101383,2025-09-15,Karnataka,Karnataka City 3,4G,98.34,41.91,1.75,21.1,24,0,3.23
AIR101384,2025-10-15,Rajasthan,Rajasthan City 2,5G,99.39,113.33,0.8,11.4,15,0,4.11
AIR101385,2025-11-15,Telangana,Telangana City 3,4G,97.33,36.95,1.05,40.6,65,0,3.96
AIR101386,2025-12-15,Delhi,Delhi City 3,5G,98.34,163.41,0.84,18.6,81,1,3.98
AIR101387,2025-02-15,Delhi,Delhi City 2,4G,98.92,24.06,1.32,41.8,118,0,3.42
AIR101388,2025-03-15,West Bengal,West Bengal City 2,4G,96.86,32.37,0.49,28,73,1,3.49
AIR101389,2025-04-15,Delhi,Delhi City 1,5G,98.59,161.15,0.65,18.9,75,1,3.84
AIR101390,2025-05-15,Gujarat,Gujarat City 1,4G,98.51,56.99,1.31,39.1,61,0,4.02
AIR101391,2025-06-15,Kerala,Kerala City 2,4G,97.78,45.72,0.4,55.1,63,0,3.19
AIR101392,2025-07-15,Maharashtra,Maharashtra City 2,5G,99.26,125.07,0.94,17.6,44,0,3.82
AIR101393,2025-08-15,Uttar Pradesh,Uttar Pradesh City 2,5G,99.9,135.91,0.85,31.6,53,0,3.88
AIR101394,2025-09-15,Karnataka,Karnataka City 2,4G,97.87,37.28,1.13,19.3,87,0,3.71
AIR101395,2025-10-15,Rajasthan,Rajasthan City 3,4G,97.55,42.68,1.08,37.2,59,1,2.75
AIR101396,2025-11-15,Uttar Pradesh,Uttar Pradesh City 2,5G,99.43,183.95,0.5,19.4,91,0,4.62
AIR101397,2025-12-15,Rajasthan,Rajasthan City 2,5G,99.09,138.48,0.47,13.9,83,1,3.64
AIR101398,2025-02-15,Tamil Nadu,Tamil Nadu City 2,5G,98.83,214.34,0.31,15.5,36,1,4.45
AIR101399,2025-03-15,Uttar Pradesh,Uttar Pradesh City 2,4G,97.64,65.78,1.22,29.9,62,0,3.81
AIR101400,2025-04-15,Maharashtra,Maharashtra City 3,5G,99.29,221.47,0.58,17,87,0,4.53
AIR101401,2025-05-15,West Bengal,West Bengal City 1,4G,98.7,46.62,1.29,48.9,62,0,3.63
AIR101402,2025-06-15,Gujarat,Gujarat City 1,4G,97.91,67.39,1.03,48.5,60,1,3.34
AIR101403,2025-07-15,Kerala,Kerala City 1,4G,98.55,28.61,0.83,55.6,185,1,3.19
AIR101404,2025-08-15,Kerala,Kerala City 1,4G,95.88,47.78,0.62,43.7,101,0,3.44
AIR101405,2025-09-15,Gujarat,Gujarat City 1,4G,97.53,35.62,0.79,44.2,78,0,4.03
AIR101406,2025-10-15,Telangana,Telangana City 3,4G,99.16,46.19,1.58,35.6,132,1,3.42
AIR101407,2025-11-15,Tamil Nadu,Tamil Nadu City 1,4G,98.02,68,0.69,37.7,49,0,3.78
AIR101408,2025-12-15,Rajasthan,Rajasthan City 3,5G,98.7,184.79,0.44,26.7,59,0,3.84
AIR101409,2025-02-15,Maharashtra,Maharashtra City 3,4G,99.61,44.41,1.13,52.4,58,0,3.55
AIR101410,2025-03-15,Delhi,Delhi City 1,4G,96.9,48.76,1.34,28,7,1,3.74
AIR101411,2025-04-15,Uttar Pradesh,Uttar Pradesh City 1,4G,97.22,8.41,1.72,53,116,1,3.25
AIR101412,2025-05-15,Tamil Nadu,Tamil Nadu City 1,4G,97.5,41.73,1.05,44,12,1,3.46
AIR101413,2025-06-15,Uttar Pradesh,Uttar Pradesh City 2,4G,97.62,39.99,0.94,41,98,0,3.31
AIR101414,2025-07-15,Maharashtra,Maharashtra City 3,4G,99.29,42.03,1.31,44.3,93,0,3.42
AIR101415,2025-08-15,Karnataka,Karnataka City 1,5G,99.12,166.22,0.73,23.7,39,0,4.09
AIR101416,2025-09-15,Karnataka,Karnataka City 2,5G,99.25,120.41,0.6,16.7,123,0,3.45
AIR101417,2025-10-15,Tamil Nadu,Tamil Nadu City 3,5G,99.56,158.82,0.63,16.3,74,0,4.05
AIR101418,2025-11-15,West Bengal,West Bengal City 2,4G,99,44.63,0.84,29.4,99,0,3.6
AIR101419,2025-12-15,Maharashtra,Maharashtra City 2,4G,97.88,46.84,0.61,26.4,43,0,4.33
AIR101420,2025-02-15,Maharashtra,Maharashtra City 1,4G,97.88,49.1,0.16,35.4,78,1,3.4
AIR101421,2025-03-15,Gujarat,Gujarat City 3,5G,99.67,149.22,1.02,28.1,93,0,4.03
AIR101422,2025-04-15,West Bengal,West Bengal City 2,4G,97.97,34.12,1.39,27.5,65,1,3.72
AIR101423,2025-05-15,Rajasthan,Rajasthan City 3,4G,98.91,47.6,0.85,51,87,0,3.4
AIR101424,2025-06-15,Rajasthan,Rajasthan City 1,4G,97.68,20.8,1.21,35,67,0,3.39
AIR101425,2025-07-15,Delhi,Delhi City 3,4G,98.2,37.06,0.6,48.4,51,1,3.57
AIR101426,2025-08-15,Kerala,Kerala City 2,5G,99.75,162.94,0.22,26.7,24,0,4.67
AIR101427,2025-09-15,Karnataka,Karnataka City 2,5G,98.66,172.94,0.96,18.8,51,0,3.26
AIR101428,2025-10-15,Rajasthan,Rajasthan City 3,5G,98.92,143.7,0.62,22.2,135,0,4.12
AIR101429,2025-11-15,West Bengal,West Bengal City 2,4G,99.18,44.93,1.01,32.5,61,0,4.16
AIR101430,2025-12-15,Maharashtra,Maharashtra City 2,5G,100,137.95,0.75,22.6,88,0,3.95
AIR101431,2025-02-15,Rajasthan,Rajasthan City 2,4G,98.53,47.26,1.25,21.8,58,0,3.65
AIR101432,2025-03-15,Maharashtra,Maharashtra City 1,5G,98.67,145.96,0.74,24.5,46,1,3.94
AIR101433,2025-04-15,Rajasthan,Rajasthan City 1,4G,97.73,61.22,1.16,31.5,39,0,3.13
AIR101434,2025-05-15,Karnataka,Karnataka City 2,4G,98.9,39.34,1.36,52.8,76,1,3.33
AIR101435,2025-06-15,Uttar Pradesh,Uttar Pradesh City 3,5G,99.52,214.05,0.94,14.9,108,0,3.99
AIR101436,2025-07-15,Rajasthan,Rajasthan City 1,4G,97.41,36.63,1.83,38.6,91,0,3.06
AIR101437,2025-08-15,West Bengal,West Bengal City 3,5G,98.75,193.45,0.85,22.5,79,0,3.88
AIR101438,2025-09-15,Rajasthan,Rajasthan City 2,5G,99.17,152.88,0.59,32.8,141,1,3.85
AIR101439,2025-10-15,Kerala,Kerala City 2,4G,98.93,47.42,0.68,41.8,63,1,4.29
AIR101440,2025-11-15,Karnataka,Karnataka City 3,4G,98.08,56.08,1.41,63.7,112,0,3.5
AIR101441,2025-12-15,West Bengal,West Bengal City 1,4G,98.67,36.91,0.92,31.6,125,0,4.02
AIR101442,2025-02-15,Gujarat,Gujarat City 3,5G,99.15,128.1,0.43,25.4,48,0,3.7
AIR101443,2025-03-15,West Bengal,West Bengal City 3,4G,97.42,30.8,1.22,44.3,87,1,3.51
AIR101444,2025-04-15,Kerala,Kerala City 2,4G,98.82,67.89,0.58,45.6,64,0,3.43
AIR101445,2025-05-15,Uttar Pradesh,Uttar Pradesh City 1,4G,99.44,37.82,0.95,34.3,71,1,3.45
AIR101446,2025-06-15,Karnataka,Karnataka City 3,4G,99.17,60.18,0.59,41.9,77,0,4.07
AIR101447,2025-07-15,Gujarat,Gujarat City 1,5G,99.26,88.14,0.48,25.2,113,1,3.83
AIR101448,2025-08-15,Kerala,Kerala City 2,4G,97.32,45.29,1.62,48.2,68,1,3.07
AIR101449,2025-09-15,Kerala,Kerala City 1,4G,96.47,54.09,1.38,22.9,71,1,3.34
AIR101450,2025-10-15,Tamil Nadu,Tamil Nadu City 2,5G,98.6,143.94,0.65,32.3,102,0,4.22
AIR101451,2025-11-15,Karnataka,Karnataka City 1,4G,97.77,50.34,0.93,34.1,17,1,3.81
AIR101452,2025-12-15,West Bengal,West Bengal City 3,4G,99.27,43.44,1.54,42.8,82,1,3.35
AIR101453,2025-02-15,Maharashtra,Maharashtra City 2,4G,98.67,26.03,1.11,23.6,50,0,4.06
AIR101454,2025-03-15,Uttar Pradesh,Uttar Pradesh City 3,4G,96.52,23.01,1.14,40.4,72,0,3.27
AIR101455,2025-04-15,Maharashtra,Maharashtra City 2,4G,98.07,48.25,0.72,48.2,29,0,3.12
AIR101456,2025-05-15,West Bengal,West Bengal City 1,5G,98.78,158.04,0.49,26.7,40,0,4.08
AIR101457,2025-06-15,West Bengal,West Bengal City 1,5G,99.28,172.62,0.7,29.9,53,0,3.99
AIR101458,2025-07-15,Karnataka,Karnataka City 2,5G,98.77,175.88,0.98,5,120,0,3.69
AIR101459,2025-08-15,West Bengal,West Bengal City 2,5G,98.87,179.22,0.83,16.3,71,0,3.41
AIR101460,2025-09-15,Tamil Nadu,Tamil Nadu City 2,4G,99.34,47.48,1.33,48.7,85,0,3.75
AIR101461,2025-10-15,Gujarat,Gujarat City 1,4G,97.55,37.36,0.81,25.2,64,1,2.81
AIR101462,2025-11-15,West Bengal,West Bengal City 2,4G,98.55,41.2,1.3,46.4,34,1,3.23
AIR101463,2025-12-15,Maharashtra,Maharashtra City 2,5G,99.12,215.48,0.64,26.1,42,1,3.52
AIR101464,2025-02-15,West Bengal,West Bengal City 3,4G,97.67,49.28,1.15,43,48,0,3.18
AIR101465,2025-03-15,Tamil Nadu,Tamil Nadu City 2,4G,98.07,42.28,1.1,27.2,113,0,3.62
AIR101466,2025-04-15,Rajasthan,Rajasthan City 3,4G,98.29,48.59,0.74,41.7,90,0,3.69
AIR101467,2025-05-15,Rajasthan,Rajasthan City 3,4G,98.24,55.23,0.21,32.6,47,1,3.57
AIR101468,2025-06-15,Kerala,Kerala City 3,4G,96.86,29.99,0.51,47.7,105,0,3.95
AIR101469,2025-07-15,Uttar Pradesh,Uttar Pradesh City 1,5G,99.9,174.97,0.53,23.2,41,1,4.09
AIR101470,2025-08-15,Delhi,Delhi City 3,4G,99.44,33.31,0.56,55.7,39,1,3.91
AIR101471,2025-09-15,Gujarat,Gujarat City 2,5G,99.64,217.42,1.27,27.1,5,1,3.85
AIR101472,2025-10-15,Telangana,Telangana City 1,4G,98.1,27.38,1.51,31,41,0,3.38
AIR101473,2025-11-15,Kerala,Kerala City 1,5G,99.57,160.15,0.05,24.4,65,0,3.91
AIR101474,2025-12-15,Uttar Pradesh,Uttar Pradesh City 1,5G,99.98,207.06,0.96,14.3,71,0,4.35
AIR101475,2025-02-15,Rajasthan,Rajasthan City 1,5G,99.31,191.8,0.56,14.1,111,0,4.45
AIR101476,2025-03-15,Maharashtra,Maharashtra City 1,4G,97.86,30.44,1.04,28.7,92,1,3.63
AIR101477,2025-04-15,Telangana,Telangana City 1,4G,98.23,59.47,0.98,41.6,79,1,3.83
AIR101478,2025-05-15,Uttar Pradesh,Uttar Pradesh City 1,4G,96.78,37.74,1.75,32,91,0,2.7
AIR101479,2025-06-15,Uttar Pradesh,Uttar Pradesh City 3,4G,98.43,65.42,1.5,41.8,14,1,3.04
AIR101480,2025-07-15,Kerala,Kerala City 2,4G,99.4,38.36,1.31,30.3,63,0,3.57
AIR101481,2025-08-15,Telangana,Telangana City 2,5G,98.4,97.74,1.12,21.3,31,0,3.61
AIR101482,2025-09-15,Karnataka,Karnataka City 3,4G,96.37,65.25,1.1,34.8,92,0,2.99
AIR101483,2025-10-15,Delhi,Delhi City 3,4G,98.88,18.82,1.54,53,59,1,3.47
AIR101484,2025-11-15,Karnataka,Karnataka City 1,4G,99.96,35.38,0.84,47.9,66,0,4.25
AIR101485,2025-12-15,Telangana,Telangana City 1,5G,99.22,181.9,0.26,24.1,84,0,4.4
AIR101486,2025-02-15,Karnataka,Karnataka City 3,5G,99.28,242.8,0.72,17.3,160,0,3.76
AIR101487,2025-03-15,Tamil Nadu,Tamil Nadu City 1,4G,98.74,48.48,0.77,41.2,51,0,4.1
AIR101488,2025-04-15,Rajasthan,Rajasthan City 2,4G,99.2,22.97,1.27,32.9,58,0,3.66
AIR101489,2025-05-15,Tamil Nadu,Tamil Nadu City 2,5G,98.92,119,0.39,25.3,38,0,3.81
AIR101490,2025-06-15,West Bengal,West Bengal City 1,5G,98.85,65.97,0.66,5.1,39,1,3.57
AIR101491,2025-07-15,Karnataka,Karnataka City 1,4G,98.05,35.41,0.84,44,63,1,3.2
AIR101492,2025-08-15,West Bengal,West Bengal City 1,5G,98.76,162.06,0.54,22.1,105,1,3.29
AIR101493,2025-09-15,Maharashtra,Maharashtra City 2,5G,98.85,141.58,0.84,18.1,55,0,3.67
AIR101494,2025-10-15,Gujarat,Gujarat City 1,4G,97.94,54.04,1.24,41,37,0,2.76
AIR101495,2025-11-15,Maharashtra,Maharashtra City 3,4G,99.69,64.9,0.76,45.5,62,0,3.59
AIR101496,2025-12-15,Telangana,Telangana City 1,4G,98.79,61.1,1,40,91,0,4.49
AIR101497,2025-02-15,Uttar Pradesh,Uttar Pradesh City 3,4G,98.1,40.18,0.66,24.3,69,0,3.16
AIR101498,2025-03-15,Rajasthan,Rajasthan City 1,4G,96.58,32.24,1.3,27.7,95,0,2.51
AIR101499,2025-04-15,Karnataka,Karnataka City 1,4G,98.59,35.98,1.55,29.6,57,0,3.4
AIR101500,2025-05-15,Kerala,Kerala City 2,4G,98.47,46.88,0.63,20.2,112,0,3.62
AIR101501,2025-06-15,Gujarat,Gujarat City 3,4G,98.04,54.45,0.86,22.4,98,1,3.3
AIR101502,2025-07-15,Delhi,Delhi City 3,4G,97.77,42.8,1.28,26.7,80,0,2.97
AIR101503,2025-08-15,Delhi,Delhi City 3,4G,97.8,63.07,1.02,39.1,45,0,3.57
AIR101504,2025-09-15,Delhi,Delhi City 2,4G,99.42,35.72,1.03,31,49,0,3.78
AIR101505,2025-10-15,Karnataka,Karnataka City 3,4G,99.31,57.01,1.27,56.5,19,1,2.72
AIR101506,2025-11-15,Delhi,Delhi City 2,4G,97.96,65.29,0.93,25.1,110,1,3.39
AIR101507,2025-12-15,Tamil Nadu,Tamil Nadu City 1,4G,98.57,49.61,0.94,59.3,103,0,3.92
AIR101508,2025-02-15,Gujarat,Gujarat City 1,5G,99.42,131.73,0.91,18.3,10,0,3.76
AIR101509,2025-03-15,Tamil Nadu,Tamil Nadu City 3,4G,97.22,52.69,1.13,26.6,57,0,4.05
AIR101510,2025-04-15,Uttar Pradesh,Uttar Pradesh City 1,5G,99.34,163.46,0.6,30.1,57,0,3.54
AIR101511,2025-05-15,Gujarat,Gujarat City 1,4G,99.3,65.61,1.16,29.8,87,0,3.85
AIR101512,2025-06-15,Tamil Nadu,Tamil Nadu City 3,4G,97.43,19.7,0.85,37.2,96,0,3.11
AIR101513,2025-07-15,Gujarat,Gujarat City 1,4G,97.79,31.45,0.89,37.9,74,0,3.59
AIR101514,2025-08-15,Uttar Pradesh,Uttar Pradesh City 3,4G,98.07,50.2,1,42,93,1,3.54
AIR101515,2025-09-15,West Bengal,West Bengal City 3,5G,98.83,178.63,0.62,27,83,0,3.36
AIR101516,2025-10-15,Karnataka,Karnataka City 1,5G,100,88,1.14,13.7,31,0,4.48
AIR101517,2025-11-15,Karnataka,Karnataka City 1,5G,100,152.27,0.72,25.7,104,1,4.12
AIR101518,2025-12-15,Delhi,Delhi City 1,4G,96.68,16.05,1.14,36,88,0,3.02
AIR101519,2025-02-15,Maharashtra,Maharashtra City 1,4G,98.73,62.35,0.98,43.5,45,0,3.96
AIR101520,2025-03-15,Delhi,Delhi City 1,4G,98.14,42.89,1.14,38.2,60,0,4.11
AIR101521,2025-04-15,Telangana,Telangana City 2,4G,97.07,40.94,0.77,29.8,34,0,3.83
AIR101522,2025-05-15,Tamil Nadu,Tamil Nadu City 1,4G,97.75,33.68,1.1,43.4,121,0,3.56
AIR101523,2025-06-15,Gujarat,Gujarat City 2,5G,99.22,168.94,0.46,31,80,0,4.04
AIR101524,2025-07-15,Maharashtra,Maharashtra City 3,5G,99.03,186.91,0.83,22.8,91,1,3.98
AIR101525,2025-08-15,Uttar Pradesh,Uttar Pradesh City 1,4G,96.84,17.22,1.36,39.4,5,0,3.44
AIR101526,2025-09-15,Telangana,Telangana City 1,4G,100,37.88,0.81,57.8,108,1,4.33
AIR101527,2025-10-15,Uttar Pradesh,Uttar Pradesh City 1,4G,98.44,43.47,0.66,53.6,58,1,3.66
AIR101528,2025-11-15,Karnataka,Karnataka City 3,5G,99.62,118.18,0.72,21.5,38,0,3.81
AIR101529,2025-12-15,Karnataka,Karnataka City 2,4G,97.47,34.3,1.06,58.8,104,1,3.53
AIR101530,2025-02-15,Delhi,Delhi City 2,5G,98.65,135.37,0.33,33.9,77,0,3.73
AIR101531,2025-03-15,Tamil Nadu,Tamil Nadu City 1,4G,98.34,50.77,0.93,45.9,14,1,2.97
AIR101532,2025-04-15,Maharashtra,Maharashtra City 1,4G,98.84,26.48,0.81,34.9,5,0,3.62
AIR101533,2025-05-15,Rajasthan,Rajasthan City 1,4G,97.83,38.65,1,45,7,0,3.31
AIR101534,2025-06-15,Telangana,Telangana City 1,4G,97.73,46.37,1.28,40,86,0,3.4
AIR101535,2025-07-15,Telangana,Telangana City 3,5G,99.11,146.31,0.34,21.2,5,0,3.76
AIR101536,2025-08-15,Delhi,Delhi City 1,4G,98.01,70.52,0.81,20.8,75,0,2.95
AIR101537,2025-09-15,Karnataka,Karnataka City 3,5G,98.81,206.73,0.55,16.8,90,0,3.97
AIR101538,2025-10-15,Delhi,Delhi City 1,4G,99.26,46.38,1.2,37.7,89,0,3.86
AIR101539,2025-11-15,Gujarat,Gujarat City 2,5G,99.8,172.52,0.41,18,122,1,3.46
AIR101540,2025-12-15,Maharashtra,Maharashtra City 2,4G,98.05,30.23,1.11,24.6,149,0,2.93
AIR101541,2025-02-15,Tamil Nadu,Tamil Nadu City 1,4G,100,75.81,1.21,40.4,107,0,3.56
AIR101542,2025-03-15,West Bengal,West Bengal City 1,5G,98.89,96.9,0.58,18.1,149,0,4.16
AIR101543,2025-04-15,Kerala,Kerala City 3,5G,98.82,144.33,0.78,12.4,88,0,3.22
AIR101544,2025-05-15,Kerala,Kerala City 1,5G,98.76,166.16,0.7,30.1,58,0,3.96
AIR101545,2025-06-15,Delhi,Delhi City 1,4G,99.22,35.35,0.98,39.9,127,0,3.1
AIR101546,2025-07-15,Gujarat,Gujarat City 1,5G,98.73,193.09,0.61,5,76,1,4.02
AIR101547,2025-08-15,Maharashtra,Maharashtra City 2,5G,99.05,203.88,0.77,15.1,21,0,3.87
AIR101548,2025-09-15,Rajasthan,Rajasthan City 3,4G,97.93,28.61,0.67,33.3,140,1,3.63
AIR101549,2025-10-15,Kerala,Kerala City 2,5G,99.01,163.88,0.4,25.4,107,1,3.6
AIR101550,2025-11-15,Maharashtra,Maharashtra City 3,4G,98.66,55.9,0.73,35.3,154,1,3.98
AIR101551,2025-12-15,Tamil Nadu,Tamil Nadu City 2,5G,99.8,134.24,0.63,13.3,132,1,4.15
AIR101552,2025-02-15,Uttar Pradesh,Uttar Pradesh City 1,4G,99.02,42.1,0.49,32.2,68,0,4.01
AIR101553,2025-03-15,Gujarat,Gujarat City 2,5G,99.29,122.29,1.1,9.8,67,0,3.61
AIR101554,2025-04-15,Karnataka,Karnataka City 2,4G,98.73,44.53,1.16,25.4,118,0,3.59
AIR101555,2025-05-15,Maharashtra,Maharashtra City 3,4G,96.9,31.93,0.69,39.2,70,0,3
AIR101556,2025-06-15,Tamil Nadu,Tamil Nadu City 3,4G,97.87,54.94,0.64,35.5,98,0,3.75
AIR101557,2025-07-15,Rajasthan,Rajasthan City 2,4G,97.8,59.71,1.43,35.8,37,0,2.88
AIR101558,2025-08-15,West Bengal,West Bengal City 3,4G,99.38,64.02,0.97,50.1,67,0,3.71
AIR101559,2025-09-15,Karnataka,Karnataka City 3,4G,98.48,55.43,0.97,34.8,27,1,3.54
AIR101560,2025-10-15,West Bengal,West Bengal City 3,5G,99.05,153.69,1.08,22.4,78,1,3.51
AIR101561,2025-11-15,Rajasthan,Rajasthan City 3,5G,98.72,160.02,0.64,18,89,0,3.45
AIR101562,2025-12-15,Tamil Nadu,Tamil Nadu City 3,5G,98.63,108.52,0.37,18.4,101,1,4.66
AIR101563,2025-02-15,Kerala,Kerala City 2,5G,98.05,153.28,0.63,16.1,75,0,3.71
AIR101564,2025-03-15,West Bengal,West Bengal City 3,4G,98.82,44,1.71,26.8,97,0,2.79
AIR101565,2025-04-15,Karnataka,Karnataka City 1,4G,97.5,38.81,0.86,34.3,107,0,3.66
AIR101566,2025-05-15,Delhi,Delhi City 2,4G,99.38,60.4,0.97,32.7,5,1,4.01
AIR101567,2025-06-15,Telangana,Telangana City 2,4G,97.58,31.25,0.63,52.5,13,1,3.93
AIR101568,2025-07-15,Maharashtra,Maharashtra City 2,5G,99.99,144.38,0.87,19,102,1,4.09
AIR101569,2025-08-15,Kerala,Kerala City 3,4G,97.67,49.86,1.17,46.5,58,1,3.06
AIR101570,2025-09-15,West Bengal,West Bengal City 1,5G,98.89,141.68,0.28,16.8,66,1,3.64
AIR101571,2025-10-15,Uttar Pradesh,Uttar Pradesh City 3,4G,99.74,48.76,1.1,36.9,79,1,3.42
AIR101572,2025-11-15,Maharashtra,Maharashtra City 2,5G,99.57,118.38,0.86,20.8,105,0,3.88
AIR101573,2025-12-15,Delhi,Delhi City 2,4G,97.71,43.79,1.1,22,78,1,2.83
AIR101574,2025-02-15,Rajasthan,Rajasthan City 2,4G,97.5,44.7,0.89,40.6,28,0,3.31
AIR101575,2025-03-15,Telangana,Telangana City 2,5G,98.09,180.03,0.78,12.7,46,0,4.03
AIR101576,2025-04-15,Tamil Nadu,Tamil Nadu City 3,4G,97.84,51.85,1.76,33.1,119,0,3.28
AIR101577,2025-05-15,Delhi,Delhi City 1,5G,99.74,110.93,0.81,23,128,0,3.86
AIR101578,2025-06-15,Delhi,Delhi City 1,4G,99.24,26.82,0.82,44.8,26,0,3.6
AIR101579,2025-07-15,Rajasthan,Rajasthan City 2,4G,98.3,42.51,0.77,46.8,28,1,3.6
AIR101580,2025-08-15,Gujarat,Gujarat City 1,5G,99.43,107.94,0.66,18.7,78,1,4.32
AIR101581,2025-09-15,Rajasthan,Rajasthan City 2,4G,97.21,37.18,1.17,36.8,65,0,3.54
AIR101582,2025-10-15,Gujarat,Gujarat City 2,5G,98.93,189.13,0.87,14.4,130,0,3.52
AIR101583,2025-11-15,Gujarat,Gujarat City 1,4G,98.7,42.79,1.29,34.4,97,1,3.27
AIR101584,2025-12-15,Kerala,Kerala City 2,4G,97.86,41.19,0.78,58.3,60,1,3.23
AIR101585,2025-02-15,Kerala,Kerala City 1,4G,98.46,43.41,0.93,38.2,93,0,3.8
AIR101586,2025-03-15,Karnataka,Karnataka City 2,4G,97.89,58.79,0.61,57.9,108,1,3.78
AIR101587,2025-04-15,West Bengal,West Bengal City 1,4G,99.16,53.64,1.44,52.5,107,1,3.23
AIR101588,2025-05-15,West Bengal,West Bengal City 2,4G,98.22,38.37,1.39,61,35,1,3.14
AIR101589,2025-06-15,Tamil Nadu,Tamil Nadu City 1,4G,97.72,52.63,0.94,38.8,114,1,3.55
AIR101590,2025-07-15,West Bengal,West Bengal City 2,4G,98.45,61.56,1.13,39.3,109,0,3.72
AIR101591,2025-08-15,Kerala,Kerala City 2,5G,99.98,168.26,0.31,21.9,26,1,4.04
AIR101592,2025-09-15,Karnataka,Karnataka City 2,4G,98.97,35.52,0.35,31.7,136,0,3.93
AIR101593,2025-10-15,Karnataka,Karnataka City 1,4G,97.23,40.34,1.29,26.7,105,1,3.3
AIR101594,2025-11-15,Gujarat,Gujarat City 3,4G,97.46,51.34,0.75,29.6,34,0,4.09
AIR101595,2025-12-15,Rajasthan,Rajasthan City 2,4G,98.39,40.62,1.13,44.2,35,1,3.24
AIR101596,2025-02-15,Tamil Nadu,Tamil Nadu City 2,4G,97.77,72.41,1.19,45.4,142,1,3.46
AIR101597,2025-03-15,Gujarat,Gujarat City 1,4G,98.32,66.51,0.62,33.3,54,0,3.46
AIR101598,2025-04-15,Rajasthan,Rajasthan City 2,5G,98.85,150.73,0.62,20.6,86,1,4.12
AIR101599,2025-05-15,West Bengal,West Bengal City 2,5G,98.97,175.6,0.54,30,5,1,4.46
AIR101600,2025-06-15,Gujarat,Gujarat City 2,4G,98.43,38.24,1.45,40.5,73,0,3.1
AIR101601,2025-07-15,Maharashtra,Maharashtra City 2,4G,97.78,63.99,0.5,46,105,0,3.89
AIR101602,2025-08-15,West Bengal,West Bengal City 3,5G,99.08,122.18,0.69,12.8,76,0,4.18
AIR101603,2025-09-15,Rajasthan,Rajasthan City 3,4G,98.19,55.43,1.48,39.8,46,0,3.27
AIR101604,2025-10-15,Tamil Nadu,Tamil Nadu City 2,5G,97.45,125.18,0.26,20.2,88,1,3.71
AIR101605,2025-11-15,Rajasthan,Rajasthan City 2,5G,100,133.87,0.68,18.5,50,1,4.51
AIR101606,2025-12-15,Gujarat,Gujarat City 2,4G,98.29,55.76,0.79,33.5,36,0,3.9
AIR101607,2025-02-15,Gujarat,Gujarat City 3,4G,98.6,62.15,1.29,44.4,55,0,3.11
AIR101608,2025-03-15,Delhi,Delhi City 3,5G,99.43,117.74,0.57,25.1,119,0,3.61
AIR101609,2025-04-15,Tamil Nadu,Tamil Nadu City 1,5G,98.98,135.49,0.69,22,52,0,3.32
AIR101610,2025-05-15,Uttar Pradesh,Uttar Pradesh City 1,4G,97.45,46.22,0.9,48.2,69,1,2.67
AIR101611,2025-06-15,West Bengal,West Bengal City 2,5G,99.19,110.79,0.53,35.3,109,1,4.39
AIR101612,2025-07-15,Karnataka,Karnataka City 2,4G,99.39,56.32,1.2,23.1,11,0,4.16
AIR101613,2025-08-15,Tamil Nadu,Tamil Nadu City 3,4G,97.57,29.01,1.2,48.3,71,0,2.96
AIR101614,2025-09-15,Karnataka,Karnataka City 2,5G,99.05,102.26,0.68,10.1,72,0,3.99
AIR101615,2025-10-15,Tamil Nadu,Tamil Nadu City 2,5G,99.62,191.4,0.7,10,47,0,4.47
AIR101616,2025-11-15,Tamil Nadu,Tamil Nadu City 3,4G,99.36,36.54,1.16,48.6,29,0,3.41
AIR101617,2025-12-15,Rajasthan,Rajasthan City 3,5G,98.48,155.14,0.86,15,39,1,3.59
AIR101618,2025-02-15,Tamil Nadu,Tamil Nadu City 3,4G,99.55,32.48,0.5,22.7,86,1,3.8
AIR101619,2025-03-15,Delhi,Delhi City 3,4G,99.07,47.03,0.57,42.2,74,1,3.74
AIR101620,2025-04-15,Uttar Pradesh,Uttar Pradesh City 1,4G,98.53,32.61,1.07,36.6,72,1,4.25
AIR101621,2025-05-15,Gujarat,Gujarat City 3,4G,98.89,47.56,0.73,33.7,57,0,3.91
AIR101622,2025-06-15,Telangana,Telangana City 3,4G,99.77,43.86,1.16,43.6,105,0,4.45
AIR101623,2025-07-15,Karnataka,Karnataka City 2,4G,97.77,36.19,0.63,39,54,0,3.63
AIR101624,2025-08-15,Gujarat,Gujarat City 2,5G,99.13,75.84,1.06,16.1,83,0,3.84
AIR101625,2025-09-15,Telangana,Telangana City 2,5G,99.65,177.22,0.45,29.1,44,0,3.7
AIR101626,2025-10-15,Uttar Pradesh,Uttar Pradesh City 1,4G,97.58,36.89,0.94,29.9,110,0,3.6
AIR101627,2025-11-15,Uttar Pradesh,Uttar Pradesh City 3,4G,97.87,25.58,1.47,59.6,49,0,2.75
AIR101628,2025-12-15,Karnataka,Karnataka City 3,4G,98.43,41.4,1.37,51.2,54,0,3.51
AIR101629,2025-02-15,Karnataka,Karnataka City 1,5G,97.82,159.97,0.57,19.5,62,0,3.76
AIR101630,2025-03-15,Uttar Pradesh,Uttar Pradesh City 3,4G,97.35,54.81,0.05,43.4,106,0,4.06
AIR101631,2025-04-15,Telangana,Telangana City 2,4G,98.19,67.53,1.25,31.1,67,1,3.56
AIR101632,2025-05-15,Tamil Nadu,Tamil Nadu City 1,4G,97.91,68.9,1.46,37,123,1,3.33
AIR101633,2025-06-15,West Bengal,West Bengal City 3,4G,98.65,61.58,1.54,55.1,87,0,3.36
AIR101634,2025-07-15,Maharashtra,Maharashtra City 1,4G,98.67,34.28,0.51,38.2,115,0,3.41
AIR101635,2025-08-15,Gujarat,Gujarat City 1,5G,98.4,199.5,0.79,19.8,109,1,3.79
AIR101636,2025-09-15,Rajasthan,Rajasthan City 3,5G,99.54,177.44,0.63,18.2,72,0,3.78
AIR101637,2025-10-15,Gujarat,Gujarat City 2,4G,96.54,32.69,1.08,39.8,63,0,3.07
AIR101638,2025-11-15,Rajasthan,Rajasthan City 3,4G,99.11,42.84,0.95,36.3,96,0,3.86
AIR101639,2025-12-15,Telangana,Telangana City 3,4G,96.82,45.29,1.22,37.3,168,1,3.04
AIR101640,2025-02-15,Rajasthan,Rajasthan City 2,5G,99.34,161.45,0.69,23.5,90,1,3.68
AIR101641,2025-03-15,Karnataka,Karnataka City 3,4G,98.55,49.55,1.24,38.1,81,0,3.63
AIR101642,2025-04-15,West Bengal,West Bengal City 3,4G,97.68,42.84,0.92,23.7,91,1,3.83
AIR101643,2025-05-15,West Bengal,West Bengal City 3,4G,98.5,38.83,1.72,50.1,28,1,3.55
AIR101644,2025-06-15,Karnataka,Karnataka City 1,4G,99.65,48.08,1.09,54.3,83,0,3.56
AIR101645,2025-07-15,Delhi,Delhi City 1,4G,99.06,55.11,1.3,39.7,52,0,3.24
AIR101646,2025-08-15,Telangana,Telangana City 1,4G,97.81,49.19,0.86,38.5,41,0,3.26
AIR101647,2025-09-15,Delhi,Delhi City 3,4G,98.02,43.98,1.7,32.8,74,0,3.24
AIR101648,2025-10-15,Delhi,Delhi City 2,4G,97.25,47.48,0.96,35,74,0,2.88
AIR101649,2025-11-15,Gujarat,Gujarat City 1,4G,99.04,68.69,1.17,44.6,93,1,2.6
AIR101650,2025-12-15,Uttar Pradesh,Uttar Pradesh City 2,4G,98.6,34.88,1.38,39.1,97,0,3.85
AIR101651,2025-02-15,Gujarat,Gujarat City 3,4G,97.54,48.21,0.82,38.9,65,0,3.68
AIR101652,2025-03-15,Uttar Pradesh,Uttar Pradesh City 1,4G,98.46,52.47,1.1,38.9,51,0,3.92
AIR101653,2025-04-15,Maharashtra,Maharashtra City 3,4G,96.95,35.75,0.68,40.2,152,0,3.44
AIR101654,2025-05-15,Rajasthan,Rajasthan City 2,5G,99.06,172.28,0.66,23.5,80,0,3.51
AIR101655,2025-06-15,Uttar Pradesh,Uttar Pradesh City 1,4G,99.23,46.84,0.99,42.8,56,0,3.69
AIR101656,2025-07-15,Karnataka,Karnataka City 1,4G,98.78,31.31,1.45,38.8,39,0,3.44
AIR101657,2025-08-15,Gujarat,Gujarat City 1,4G,98.43,41.4,0.87,48.3,83,0,3.08
AIR101658,2025-09-15,Telangana,Telangana City 1,4G,99.05,26.3,1.13,24.6,100,0,2.89
AIR101659,2025-10-15,Rajasthan,Rajasthan City 2,4G,97.85,62.55,0.75,45.9,71,0,3.13
AIR101660,2025-11-15,Maharashtra,Maharashtra City 1,5G,99.15,142.61,0.41,20.3,92,0,4.22
AIR101661,2025-12-15,Uttar Pradesh,Uttar Pradesh City 3,4G,99.31,39.28,1.19,26.8,65,0,3.75
AIR101662,2025-02-15,Maharashtra,Maharashtra City 1,4G,98.91,20.82,1.14,35.6,62,1,3.59
AIR101663,2025-03-15,Telangana,Telangana City 2,5G,98.91,135.76,0.75,15.9,109,0,4.08
AIR101664,2025-04-15,Delhi,Delhi City 1,5G,98.5,127.98,0.99,21.1,80,0,3.81
AIR101665,2025-05-15,West Bengal,West Bengal City 2,5G,99.22,162.38,0.08,16.2,95,0,3.83
AIR101666,2025-06-15,Telangana,Telangana City 2,5G,98.53,205.24,0.4,22.4,32,1,4.24
AIR101667,2025-07-15,Kerala,Kerala City 3,5G,100,128.28,0.54,23.6,46,0,4.99
AIR101668,2025-08-15,Telangana,Telangana City 1,4G,99.25,39.05,1.26,31.4,35,1,3.64
AIR101669,2025-09-15,Maharashtra,Maharashtra City 1,4G,98.82,50.11,1.07,47.6,104,0,3.36
AIR101670,2025-10-15,Karnataka,Karnataka City 1,4G,97.73,48.84,1.35,51.6,107,0,3.17
AIR101671,2025-11-15,Gujarat,Gujarat City 3,5G,99.02,128.07,0.48,22.8,78,0,4.13
AIR101672,2025-12-15,Karnataka,Karnataka City 3,5G,99.23,49.83,0.41,16,82,0,3.5
AIR101673,2025-02-15,Maharashtra,Maharashtra City 2,4G,96.64,52.24,0.42,40.2,89,0,2.87
AIR101674,2025-03-15,Gujarat,Gujarat City 2,4G,97.15,48,0.06,42.1,58,0,3.86
AIR101675,2025-04-15,Kerala,Kerala City 2,5G,97.9,101.28,0.7,16.7,66,1,3.5
AIR101676,2025-05-15,West Bengal,West Bengal City 3,5G,99.43,110.07,0.99,28.2,97,0,3.97
AIR101677,2025-06-15,Rajasthan,Rajasthan City 3,4G,97.44,31.46,0.45,36.3,91,0,3.25
AIR101678,2025-07-15,Maharashtra,Maharashtra City 3,5G,100,206.53,0.3,22.3,131,0,3.83
AIR101679,2025-08-15,Uttar Pradesh,Uttar Pradesh City 2,4G,97.74,35.08,0.7,28.5,114,0,3.82
AIR101680,2025-09-15,Maharashtra,Maharashtra City 3,4G,98.89,32,1.1,50,68,0,3.54
AIR101681,2025-10-15,Maharashtra,Maharashtra City 2,4G,97.26,38.36,1.96,36.5,5,1,2.88
AIR101682,2025-11-15,Gujarat,Gujarat City 2,4G,98.99,49.04,1.17,34.1,27,0,3.19
AIR101683,2025-12-15,Tamil Nadu,Tamil Nadu City 1,4G,98.35,35.28,1.17,40.1,48,1,3.58
AIR101684,2025-02-15,Telangana,Telangana City 1,5G,98.94,143.89,0.21,19.9,78,0,3.95
AIR101685,2025-03-15,Tamil Nadu,Tamil Nadu City 1,5G,98.45,160.78,0.28,10.9,133,0,3.89
AIR101686,2025-04-15,Kerala,Kerala City 2,5G,99.97,88.11,0.55,11.6,113,1,4.23
AIR101687,2025-05-15,Uttar Pradesh,Uttar Pradesh City 1,4G,98.03,24.96,1.17,51.7,111,0,4.08
AIR101688,2025-06-15,West Bengal,West Bengal City 1,4G,97.65,54.8,0.79,30,94,0,2.93
AIR101689,2025-07-15,Delhi,Delhi City 1,4G,99.88,49.68,0.6,29.4,5,0,4.5
AIR101690,2025-08-15,Kerala,Kerala City 3,4G,98.66,39.39,1.09,21.8,24,0,3.85
AIR101691,2025-09-15,Delhi,Delhi City 2,4G,98.93,42.65,0.26,27.8,107,1,3.9
AIR101692,2025-10-15,Delhi,Delhi City 1,4G,98.32,43.56,1.27,33.5,43,0,4.13
AIR101693,2025-11-15,West Bengal,West Bengal City 3,4G,98.43,56.8,1.23,46.8,94,0,3.32
AIR101694,2025-12-15,Karnataka,Karnataka City 3,5G,99.59,79.95,0.45,21.4,41,1,3.65
AIR101695,2025-02-15,Tamil Nadu,Tamil Nadu City 3,4G,99.11,59.13,1.24,44.3,16,0,3.45
AIR101696,2025-03-15,Maharashtra,Maharashtra City 1,5G,99.67,155.97,0.56,18.7,41,0,3.85
AIR101697,2025-04-15,Rajasthan,Rajasthan City 3,4G,97.67,43.99,0.91,36.4,128,0,3.7
AIR101698,2025-05-15,Delhi,Delhi City 2,5G,98.09,138.5,0.65,15.6,71,1,3.22
AIR101699,2025-06-15,Uttar Pradesh,Uttar Pradesh City 3,4G,97.5,45.19,1.35,40.8,109,1,3.85
AIR101700,2025-07-15,Kerala,Kerala City 3,4G,98.07,60.64,1.28,28.8,100,0,3.8
AIR101701,2025-08-15,Karnataka,Karnataka City 3,4G,98.25,41.95,0.71,51.5,125,1,3.55
AIR101702,2025-09-15,Delhi,Delhi City 3,5G,98.36,106.88,1,21,90,0,3.84
AIR101703,2025-10-15,Karnataka,Karnataka City 2,4G,96.48,38.43,1.67,48.8,104,0,2.29
AIR101704,2025-11-15,Karnataka,Karnataka City 1,4G,99.97,23.32,0.8,14.1,82,0,3.98
AIR101705,2025-12-15,Delhi,Delhi City 2,5G,98.99,107.51,1.13,15.4,28,0,3.79
AIR101706,2025-02-15,Gujarat,Gujarat City 2,4G,97.94,44.72,1.42,45.8,84,1,3.11
AIR101707,2025-03-15,Telangana,Telangana City 1,4G,98.35,17.71,1.23,29.9,111,1,2.77
AIR101708,2025-04-15,Uttar Pradesh,Uttar Pradesh City 3,4G,97.34,39.76,1.38,35,59,1,3.84
AIR101709,2025-05-15,Maharashtra,Maharashtra City 1,4G,99.07,55.04,0.63,30.3,26,1,3.99
AIR101710,2025-06-15,Maharashtra,Maharashtra City 1,4G,97.82,41.38,0.84,35.9,62,0,3.65
AIR101711,2025-07-15,Uttar Pradesh,Uttar Pradesh City 2,4G,97.62,60.52,0.99,55.8,50,0,3.65
AIR101712,2025-08-15,Gujarat,Gujarat City 1,4G,97.72,38.74,1.53,53.7,74,0,2.8
AIR101713,2025-09-15,Maharashtra,Maharashtra City 3,4G,97.66,39.72,0.86,47.7,92,0,3.4
AIR101714,2025-10-15,Karnataka,Karnataka City 2,5G,98.33,164.22,0.48,32.2,134,1,3.86
AIR101715,2025-11-15,West Bengal,West Bengal City 3,4G,98.55,65.14,0.95,41.7,112,1,3.78
AIR101716,2025-12-15,Kerala,Kerala City 2,4G,98.67,68.09,1.11,40.1,5,0,4.3
AIR101717,2025-02-15,Tamil Nadu,Tamil Nadu City 3,4G,97.15,63.75,1.13,40.9,63,0,3.29
AIR101718,2025-03-15,Maharashtra,Maharashtra City 1,4G,97.98,51.18,0.63,35.3,101,0,3.88
AIR101719,2025-04-15,Uttar Pradesh,Uttar Pradesh City 1,4G,98.31,28.8,1.13,36.6,65,1,3.38
AIR101720,2025-05-15,West Bengal,West Bengal City 1,4G,97.79,45.52,1.08,48.9,143,0,3.22
AIR101721,2025-06-15,Delhi,Delhi City 3,4G,98.84,24.69,0.53,38.3,53,1,3.9
AIR101722,2025-07-15,Telangana,Telangana City 2,5G,99.86,170.04,0.81,14.4,18,0,4.55
AIR101723,2025-08-15,Uttar Pradesh,Uttar Pradesh City 2,4G,98.58,36.27,0.82,44.1,45,0,3.88
AIR101724,2025-09-15,Karnataka,Karnataka City 2,4G,98.2,40.31,1.33,43.1,49,1,3.01
AIR101725,2025-10-15,Telangana,Telangana City 1,4G,97.59,33.34,0.8,35.5,112,0,3.21
AIR101726,2025-11-15,Kerala,Kerala City 3,4G,97.03,60.97,1.34,32.3,88,1,2.93
AIR101727,2025-12-15,Kerala,Kerala City 2,5G,99.65,118.82,0.05,23.2,94,1,3.73
AIR101728,2025-02-15,Gujarat,Gujarat City 3,4G,98.79,65.48,0.62,14.7,61,1,3.48
AIR101729,2025-03-15,Rajasthan,Rajasthan City 2,4G,97.41,49.12,0.72,37.3,112,0,3.36
AIR101730,2025-04-15,Gujarat,Gujarat City 1,4G,99.19,65.57,1.31,34.5,120,0,4.13
AIR101731,2025-05-15,West Bengal,West Bengal City 3,4G,97.89,55.54,0.8,33.4,102,0,2.93
AIR101732,2025-06-15,Telangana,Telangana City 2,4G,97.29,53.99,0.65,36.6,65,0,4.24
AIR101733,2025-07-15,Rajasthan,Rajasthan City 2,4G,98.38,35.5,0.98,44.8,82,0,3.74
AIR101734,2025-08-15,Delhi,Delhi City 2,4G,97.5,27.09,1.19,27.1,96,0,3.08
AIR101735,2025-09-15,Karnataka,Karnataka City 2,4G,98.89,28.38,0.62,48.7,23,0,3.69
AIR101736,2025-10-15,Telangana,Telangana City 1,4G,97.55,45.24,1.25,32.1,38,0,3.09
AIR101737,2025-11-15,Gujarat,Gujarat City 2,4G,96.58,37.1,0.91,38.4,98,0,3.62
AIR101738,2025-12-15,Tamil Nadu,Tamil Nadu City 2,4G,97.78,52.25,0.87,22.6,118,0,3.62
AIR101739,2025-02-15,Rajasthan,Rajasthan City 1,4G,96.93,54.28,1.53,37.3,62,0,3.33
AIR101740,2025-03-15,Rajasthan,Rajasthan City 2,5G,99.35,155.96,0.55,19.1,61,0,4.31
AIR101741,2025-04-15,Karnataka,Karnataka City 3,4G,99.03,26.72,1.39,44.4,59,0,3.96
AIR101742,2025-05-15,Maharashtra,Maharashtra City 3,5G,99.28,172.89,0.74,23.4,61,0,4.31
AIR101743,2025-06-15,Kerala,Kerala City 2,4G,99.45,30.88,0.78,54.4,32,1,4.27
AIR101744,2025-07-15,Kerala,Kerala City 1,5G,98.45,127.12,1.09,5,55,0,3.51
AIR101745,2025-08-15,Tamil Nadu,Tamil Nadu City 1,4G,97.95,64.89,1.22,25,60,0,3.61
AIR101746,2025-09-15,West Bengal,West Bengal City 1,4G,97.33,44.74,0.8,29.9,43,0,3.29
AIR101747,2025-10-15,West Bengal,West Bengal City 2,5G,99.26,151.45,0.34,16.6,61,0,3.44
AIR101748,2025-11-15,Delhi,Delhi City 2,5G,99.32,123.61,0.53,11.9,85,1,4.3
AIR101749,2025-12-15,Telangana,Telangana City 3,4G,99.4,80.17,1.52,24.1,104,1,3.98
AIR101750,2025-02-15,Uttar Pradesh,Uttar Pradesh City 1,4G,97.84,51.9,0.52,34.9,82,0,3.52
AIR101751,2025-03-15,Maharashtra,Maharashtra City 2,4G,98.2,47.32,1.44,31,64,1,3.62
AIR101752,2025-04-15,Gujarat,Gujarat City 2,5G,99.27,168.74,0.72,19.5,93,0,3.47
AIR101753,2025-05-15,Uttar Pradesh,Uttar Pradesh City 2,4G,97.74,45.59,1.03,52.8,71,1,2.69
AIR101754,2025-06-15,Uttar Pradesh,Uttar Pradesh City 1,4G,96.97,43.72,0.94,41.3,100,1,3.21
AIR101755,2025-07-15,Rajasthan,Rajasthan City 1,5G,100,177.97,0.2,24.8,116,0,4.23
AIR101756,2025-08-15,Tamil Nadu,Tamil Nadu City 3,5G,99.3,157.91,0.75,15,22,0,4.01
AIR101757,2025-09-15,Kerala,Kerala City 1,4G,98.2,59.57,1.12,60,49,1,3.34
AIR101758,2025-10-15,Delhi,Delhi City 2,4G,99.47,32.12,1.05,53.8,81,0,3.88
AIR101759,2025-11-15,West Bengal,West Bengal City 3,5G,99.89,176.36,0.74,18.1,71,1,3.28
AIR101760,2025-12-15,Tamil Nadu,Tamil Nadu City 1,4G,98.12,63.79,0.8,27.9,98,0,3.2
AIR101761,2025-02-15,Rajasthan,Rajasthan City 1,5G,99.22,175.66,0.58,21.1,17,0,4.13
AIR101762,2025-03-15,Gujarat,Gujarat City 1,4G,97.18,73.63,1.13,30.7,96,1,3.51
AIR101763,2025-04-15,Delhi,Delhi City 1,4G,96.74,34.11,0.95,44.8,105,0,2.86
AIR101764,2025-05-15,Rajasthan,Rajasthan City 2,4G,98.39,45.83,0.63,28.7,74,0,4.03
AIR101765,2025-06-15,Kerala,Kerala City 1,4G,98.3,62.89,0.62,39.2,89,1,3.56
AIR101766,2025-07-15,Kerala,Kerala City 2,5G,99.43,151.46,0.61,23.5,26,1,3.93
AIR101767,2025-08-15,Kerala,Kerala City 2,4G,96.17,34.68,0.77,43.8,39,0,3.09
AIR101768,2025-09-15,Tamil Nadu,Tamil Nadu City 2,5G,100,121.12,0.66,16.3,56,0,3.98
AIR101769,2025-10-15,Tamil Nadu,Tamil Nadu City 3,4G,98.29,55.65,1.36,26.7,99,0,3.24
AIR101770,2025-11-15,West Bengal,West Bengal City 2,4G,98.07,46.46,1.02,34.8,35,1,3.17
AIR101771,2025-12-15,West Bengal,West Bengal City 1,4G,98.93,60.47,0.96,35.9,39,0,3.33
AIR101772,2025-02-15,Gujarat,Gujarat City 3,4G,98.44,51.76,0.5,31,43,0,3.84
AIR101773,2025-03-15,Delhi,Delhi City 1,4G,99.15,21.95,1.52,26.8,82,1,3.49
AIR101774,2025-04-15,Karnataka,Karnataka City 2,5G,98.95,115.96,0.77,28.8,92,0,3.47
AIR101775,2025-05-15,Karnataka,Karnataka City 1,5G,98.76,93.46,0.54,23.6,44,0,3.65
AIR101776,2025-06-15,Rajasthan,Rajasthan City 3,4G,98.11,40.5,0.39,28.1,102,0,3.63
AIR101777,2025-07-15,Kerala,Kerala City 3,4G,98.46,34.55,0.55,49.4,103,0,3.91
AIR101778,2025-08-15,Delhi,Delhi City 1,4G,98.54,51.7,0.97,47.8,104,1,3.92
AIR101779,2025-09-15,Uttar Pradesh,Uttar Pradesh City 1,5G,98.9,130.05,0.9,6.5,132,1,3.82
AIR101780,2025-10-15,Tamil Nadu,Tamil Nadu City 1,5G,99.99,150.22,0.73,12.7,83,0,4.38
AIR101781,2025-11-15,Telangana,Telangana City 3,5G,99.65,99.52,0.48,17.2,70,0,3.71
AIR101782,2025-12-15,Maharashtra,Maharashtra City 2,4G,97.08,46.11,0.22,31.2,88,0,3.03
AIR101783,2025-02-15,Gujarat,Gujarat City 1,4G,97.9,52.03,1.37,29.4,167,1,3.43
AIR101784,2025-03-15,Kerala,Kerala City 2,4G,98.38,34.66,1.18,52.2,172,0,3.45
AIR101785,2025-04-15,Kerala,Kerala City 3,4G,98.5,53.64,0.52,39.4,91,0,3.89
AIR101786,2025-05-15,Kerala,Kerala City 1,5G,98.05,150.15,0.78,16.1,78,0,3.85
AIR101787,2025-06-15,Tamil Nadu,Tamil Nadu City 1,4G,97.62,49.49,0.75,47.3,97,1,2.84
AIR101788,2025-07-15,Tamil Nadu,Tamil Nadu City 3,5G,99.05,178.1,0.43,25.3,97,0,4.44
AIR101789,2025-08-15,Maharashtra,Maharashtra City 1,5G,100,138.07,0.82,13.2,40,0,3.82
AIR101790,2025-09-15,Uttar Pradesh,Uttar Pradesh City 2,5G,99.51,142.73,0.86,23.1,85,0,3.56
AIR101791,2025-10-15,Delhi,Delhi City 3,5G,99.15,113.82,0.77,33.6,66,0,3.85
AIR101792,2025-11-15,Kerala,Kerala City 3,4G,99.9,50.65,1.14,41.6,21,0,4.06
AIR101793,2025-12-15,Karnataka,Karnataka City 1,5G,99.33,140.67,0.47,20.8,86,0,4.11
AIR101794,2025-02-15,West Bengal,West Bengal City 3,4G,96.04,37.45,1.05,33.4,30,0,2.86
AIR101795,2025-03-15,Karnataka,Karnataka City 1,4G,97.8,44.34,0.5,20.4,89,1,3.71
AIR101796,2025-04-15,Rajasthan,Rajasthan City 1,5G,99.03,222.89,0.51,20.5,29,1,4.06
AIR101797,2025-05-15,Karnataka,Karnataka City 3,4G,98.16,53.74,1.26,44.7,54,0,3.56
AIR101798,2025-06-15,Rajasthan,Rajasthan City 1,5G,98.92,202.01,0.45,27.9,79,0,4.71
AIR101799,2025-07-15,Telangana,Telangana City 2,4G,97.27,55.03,1.7,50.8,80,0,3.26
AIR101800,2025-08-15,West Bengal,West Bengal City 2,5G,99.43,145.98,0.44,23,58,0,3.61
AIR101801,2025-09-15,Karnataka,Karnataka City 1,4G,97.09,42.38,0.96,29.7,67,0,4.22
AIR101802,2025-10-15,Telangana,Telangana City 2,4G,98.87,59.96,1.17,42.5,56,0,2.55
AIR101803,2025-11-15,Gujarat,Gujarat City 1,4G,97.99,27.75,0.49,46.2,105,0,3.61
AIR101804,2025-12-15,Delhi,Delhi City 2,5G,99.85,89.71,1.03,12.9,30,1,4.59
AIR101805,2025-02-15,Telangana,Telangana City 3,4G,97.32,46.16,1.35,43.9,98,0,3.51
AIR101806,2025-03-15,Delhi,Delhi City 1,5G,99.44,190.05,0.74,16.7,60,0,4.29
AIR101807,2025-04-15,Karnataka,Karnataka City 1,4G,99.03,44.01,0.33,29.4,119,0,3.68
AIR101808,2025-05-15,Uttar Pradesh,Uttar Pradesh City 1,4G,98.15,44.2,1.13,22.4,83,0,3.38
AIR101809,2025-06-15,Telangana,Telangana City 1,4G,96.88,48.88,1.12,40.3,91,0,2.92
AIR101810,2025-07-15,West Bengal,West Bengal City 1,4G,97.53,43.08,1.99,43.1,101,0,2.89
AIR101811,2025-08-15,Karnataka,Karnataka City 1,5G,98.73,100.24,1.06,17.9,6,0,3.7
AIR101812,2025-09-15,Kerala,Kerala City 3,4G,97.02,29.75,1.11,68.2,79,1,3.61
AIR101813,2025-10-15,Tamil Nadu,Tamil Nadu City 3,4G,95.92,49.3,1.02,22.9,69,0,3.5
AIR101814,2025-11-15,Telangana,Telangana City 2,4G,96.99,49.36,0.89,41.5,82,0,3.18
AIR101815,2025-12-15,West Bengal,West Bengal City 1,4G,98.82,43.07,1.03,30.6,99,0,3.95
AIR101816,2025-02-15,Gujarat,Gujarat City 2,4G,96.81,51.22,0.56,41.6,33,1,3.4
AIR101817,2025-03-15,Kerala,Kerala City 2,5G,99.11,169.75,0.18,18.8,67,0,2.9
AIR101818,2025-04-15,Gujarat,Gujarat City 3,4G,98.42,44.12,1.04,45.6,104,0,3.96
AIR101819,2025-05-15,Karnataka,Karnataka City 2,4G,97.6,40.2,1.05,43.2,146,1,3.16
AIR101820,2025-06-15,Tamil Nadu,Tamil Nadu City 3,4G,99.12,54.51,1.19,44.7,101,0,3.63
AIR101821,2025-07-15,Telangana,Telangana City 2,4G,97.12,51.5,1.12,29.9,85,0,3.5
AIR101822,2025-08-15,Telangana,Telangana City 1,4G,97.7,50.71,0.67,33,41,1,3.56
AIR101823,2025-09-15,Uttar Pradesh,Uttar Pradesh City 2,4G,98.13,53.31,1.28,23.1,137,1,2.96
AIR101824,2025-10-15,Uttar Pradesh,Uttar Pradesh City 3,5G,98.36,163.3,0.56,20.4,76,1,3.52
AIR101825,2025-11-15,Karnataka,Karnataka City 3,4G,98.24,49.79,1.56,43.9,18,1,3.23
AIR101826,2025-12-15,Karnataka,Karnataka City 3,4G,98.66,60.83,1.3,38.3,44,1,3.72
AIR101827,2025-02-15,Tamil Nadu,Tamil Nadu City 2,4G,97.7,47.09,1.44,47,16,0,3.85
AIR101828,2025-03-15,Uttar Pradesh,Uttar Pradesh City 2,4G,99.38,43.84,1.19,36.5,86,1,3.6
AIR101829,2025-04-15,West Bengal,West Bengal City 3,5G,98.67,188.55,1.02,27.4,116,0,3.85
AIR101830,2025-05-15,West Bengal,West Bengal City 1,4G,97.97,43.2,0.92,49.5,116,0,3.69
AIR101831,2025-06-15,Tamil Nadu,Tamil Nadu City 1,5G,99.32,136.1,0.55,16.9,117,0,4.38
AIR101832,2025-07-15,West Bengal,West Bengal City 2,4G,98.04,40.51,1.34,48.2,24,0,3.17
AIR101833,2025-08-15,Rajasthan,Rajasthan City 2,4G,97.04,68.72,0.52,49.1,77,1,3.83
AIR101834,2025-09-15,Delhi,Delhi City 3,4G,98.16,44.14,1.14,26.8,106,0,3.57
AIR101835,2025-10-15,Tamil Nadu,Tamil Nadu City 2,4G,97.41,54.75,1.46,35.9,107,0,3.12
AIR101836,2025-11-15,Tamil Nadu,Tamil Nadu City 2,4G,99.57,43.14,1.4,38.2,75,0,3.92
AIR101837,2025-12-15,Maharashtra,Maharashtra City 3,4G,99.33,43.89,1.37,51.7,40,0,3.24
AIR101838,2025-02-15,Kerala,Kerala City 3,4G,98.28,54.25,1.28,51.9,71,1,3.14
AIR101839,2025-03-15,Kerala,Kerala City 2,4G,97.95,48.36,1.1,47.4,93,0,3.36
AIR101840,2025-04-15,Rajasthan,Rajasthan City 1,4G,99.05,45.72,1.4,39.3,101,0,3.21
AIR101841,2025-05-15,Uttar Pradesh,Uttar Pradesh City 2,4G,99.14,42.08,0.87,35.9,124,0,3.64
AIR101842,2025-06-15,Karnataka,Karnataka City 1,5G,98.88,135.47,0.53,22.1,49,0,4.45
AIR101843,2025-07-15,Karnataka,Karnataka City 1,4G,99.31,46.44,1.26,57.4,73,0,3.45
AIR101844,2025-08-15,Gujarat,Gujarat City 1,5G,98.8,131.88,0.5,14.2,62,0,3.7
AIR101845,2025-09-15,Rajasthan,Rajasthan City 3,4G,98.3,50.66,1.39,30.9,56,0,3.55
AIR101846,2025-10-15,Tamil Nadu,Tamil Nadu City 3,4G,98.42,52.54,0.98,44.2,73,1,3.8
AIR101847,2025-11-15,Rajasthan,Rajasthan City 3,4G,97.72,57.98,0.94,52.1,43,0,3.48
AIR101848,2025-12-15,Rajasthan,Rajasthan City 2,4G,98.82,49.9,1.14,27.7,37,1,4.3
AIR101849,2025-02-15,Rajasthan,Rajasthan City 3,4G,98.01,43.97,1.44,53,96,0,2.99
AIR101850,2025-03-15,Kerala,Kerala City 3,4G,98.43,31.93,1.35,16.3,87,0,3.67
AIR101851,2025-04-15,Rajasthan,Rajasthan City 2,4G,97.95,38.85,1,34.8,59,0,3.4
AIR101852,2025-05-15,Delhi,Delhi City 2,4G,98.55,50.23,0.3,39.7,75,1,3.87
AIR101853,2025-06-15,Karnataka,Karnataka City 1,5G,99.02,160.78,0.72,22.4,44,0,3.86
AIR101854,2025-07-15,Gujarat,Gujarat City 2,4G,98.98,18.71,1.23,36.1,115,0,3.39
AIR101855,2025-08-15,Delhi,Delhi City 2,4G,97.74,55.88,1.18,11.7,81,1,3.52
AIR101856,2025-09-15,Gujarat,Gujarat City 3,4G,97.71,45.2,0.83,22.9,55,0,3.8
AIR101857,2025-10-15,Maharashtra,Maharashtra City 1,5G,98.26,131.62,0.92,23.8,95,0,3.44
AIR101858,2025-11-15,Gujarat,Gujarat City 1,4G,99.54,38.68,1.35,39.2,56,1,3.32
AIR101859,2025-12-15,Karnataka,Karnataka City 2,4G,97.97,47.39,0.72,32.9,66,0,3.66
AIR101860,2025-02-15,Karnataka,Karnataka City 3,5G,98.52,108.74,0.41,15.8,81,0,3.91
AIR101861,2025-03-15,Rajasthan,Rajasthan City 3,5G,98.64,175.72,0.44,19,117,1,4.51
AIR101862,2025-04-15,Telangana,Telangana City 3,4G,97.81,58.24,0.33,48.9,64,0,3.73
AIR101863,2025-05-15,Maharashtra,Maharashtra City 3,4G,98.23,29.69,0.84,38.7,85,0,3.7
AIR101864,2025-06-15,Tamil Nadu,Tamil Nadu City 2,5G,99.32,142.83,0.58,22.5,135,0,3.93
AIR101865,2025-07-15,West Bengal,West Bengal City 3,5G,100,152.66,0.41,10.4,81,1,3.73
AIR101866,2025-08-15,Gujarat,Gujarat City 1,4G,98,47.83,0.53,36.2,58,0,3.47
AIR101867,2025-09-15,Telangana,Telangana City 1,4G,97.04,36.03,1.23,32.6,73,1,2.91
AIR101868,2025-10-15,Rajasthan,Rajasthan City 2,4G,97.17,35.47,0.97,37.7,80,1,3
AIR101869,2025-11-15,Kerala,Kerala City 3,4G,99.24,44.93,1.33,44.9,106,0,3.13
AIR101870,2025-12-15,Tamil Nadu,Tamil Nadu City 3,5G,99.06,33.85,0.61,20.7,82,0,4.24
AIR101871,2025-02-15,Uttar Pradesh,Uttar Pradesh City 3,4G,98.17,56.84,1.62,24.9,30,1,2.7
AIR101872,2025-03-15,Telangana,Telangana City 3,5G,99.5,164.01,0.95,18.3,89,0,4.18
AIR101873,2025-04-15,Kerala,Kerala City 2,5G,99.2,181.82,0.69,19.2,63,0,3.85
AIR101874,2025-05-15,Maharashtra,Maharashtra City 3,4G,97.98,44.9,1.53,43.5,57,0,3.37
AIR101875,2025-06-15,Rajasthan,Rajasthan City 2,4G,99,51.07,0.81,42.1,131,0,3.57
AIR101876,2025-07-15,Tamil Nadu,Tamil Nadu City 3,4G,97.42,63.24,1.38,36.9,32,0,2.58
AIR101877,2025-08-15,Tamil Nadu,Tamil Nadu City 3,4G,97.79,47.8,0.53,51,42,0,3.99
AIR101878,2025-09-15,Tamil Nadu,Tamil Nadu City 1,4G,98.58,48.52,0.42,49.3,88,0,3.69
AIR101879,2025-10-15,Maharashtra,Maharashtra City 2,4G,98.7,39.11,1.41,30.3,76,1,3.35
AIR101880,2025-11-15,Gujarat,Gujarat City 1,4G,98.51,43.65,1.24,39.2,53,0,3.32
AIR101881,2025-12-15,Uttar Pradesh,Uttar Pradesh City 2,4G,98.23,49.34,0.72,47.9,21,0,3.41
AIR101882,2025-02-15,Maharashtra,Maharashtra City 3,5G,99.47,129.65,0.41,23.1,41,0,3.93
AIR101883,2025-03-15,West Bengal,West Bengal City 3,4G,99.21,45.34,0.66,32.3,77,1,3.77
AIR101884,2025-04-15,Uttar Pradesh,Uttar Pradesh City 2,4G,99.4,29.46,0.58,41.4,100,0,4.14
AIR101885,2025-05-15,Karnataka,Karnataka City 1,5G,99.2,137.22,0.51,14.6,82,1,3.87
AIR101886,2025-06-15,Rajasthan,Rajasthan City 2,4G,98.16,60.4,0.52,39,84,0,4.09
AIR101887,2025-07-15,Maharashtra,Maharashtra City 2,4G,97.98,61.59,0.75,25.7,162,0,3.75
AIR101888,2025-08-15,Kerala,Kerala City 3,4G,97.8,60.77,1.48,38.1,106,1,3.15
AIR101889,2025-09-15,Uttar Pradesh,Uttar Pradesh City 1,5G,98.36,161.44,0.68,20.2,106,1,3.45
AIR101890,2025-10-15,West Bengal,West Bengal City 2,4G,98.06,57,0.87,14.5,18,0,3.84
AIR101891,2025-11-15,Karnataka,Karnataka City 1,4G,98.37,54.8,1.66,18.5,65,1,3.79
AIR101892,2025-12-15,Gujarat,Gujarat City 1,4G,98.53,69.42,0.99,59.1,46,1,3.89
AIR101893,2025-02-15,Kerala,Kerala City 2,4G,95.68,50.12,1.36,37.9,198,1,2.76
AIR101894,2025-03-15,Uttar Pradesh,Uttar Pradesh City 1,4G,97.69,49.08,0.46,23.3,26,0,3.56
AIR101895,2025-04-15,Rajasthan,Rajasthan City 3,4G,98.27,48.3,1.77,43.9,113,0,3.7
AIR101896,2025-05-15,Kerala,Kerala City 3,5G,98.86,124,0.08,23.1,110,0,3.81
AIR101897,2025-06-15,Karnataka,Karnataka City 3,5G,99.04,135.53,0.6,32,91,1,3.57
AIR101898,2025-07-15,Kerala,Kerala City 3,4G,98.21,58.55,1.07,31.6,83,0,3.41
AIR101899,2025-08-15,Delhi,Delhi City 1,4G,97.01,40.59,0.85,33.1,128,0,2.99
AIR101900,2025-09-15,Telangana,Telangana City 3,4G,98.64,44.79,1.61,33.9,95,1,3.53
AIR101901,2025-10-15,Gujarat,Gujarat City 2,5G,99.51,148.6,0.49,20.4,83,0,3.7
AIR101902,2025-11-15,Karnataka,Karnataka City 3,4G,99.8,36.08,0.95,34.3,56,0,3.9
AIR101903,2025-12-15,Kerala,Kerala City 2,4G,99.18,57.64,1.17,43.1,77,0,4.11
AIR101904,2025-02-15,Telangana,Telangana City 2,5G,100,97.88,0.11,25.3,21,1,4.4
AIR101905,2025-03-15,Telangana,Telangana City 3,5G,99.35,128.59,0.79,19.2,31,0,3.82
AIR101906,2025-04-15,Kerala,Kerala City 3,4G,99.38,48.09,1.35,34,103,0,3.59
AIR101907,2025-05-15,Rajasthan,Rajasthan City 1,5G,99.95,115.77,0.48,18.3,148,0,3.89
AIR101908,2025-06-15,Delhi,Delhi City 2,5G,98.14,173.92,0.26,24,5,0,3.61
AIR101909,2025-07-15,Maharashtra,Maharashtra City 3,4G,97.99,61.32,1.05,44.1,85,0,3.58
AIR101910,2025-08-15,Delhi,Delhi City 1,4G,99.64,59.82,0.35,55,80,0,3.9
AIR101911,2025-09-15,Kerala,Kerala City 3,5G,98.58,148.91,0.55,26.9,61,1,3.48
AIR101912,2025-10-15,Gujarat,Gujarat City 3,4G,98.84,52.18,0.64,42.7,76,0,3.39
AIR101913,2025-11-15,Maharashtra,Maharashtra City 3,4G,97.05,56.41,1.26,54.2,63,0,3.04
AIR101914,2025-12-15,Karnataka,Karnataka City 2,4G,97.23,48.28,0.79,32.3,70,0,3.49
AIR101915,2025-02-15,Delhi,Delhi City 3,5G,98.82,81.48,0.58,17.7,101,0,3.6
AIR101916,2025-03-15,Kerala,Kerala City 1,5G,99.12,167.82,0.91,11.7,122,1,3.39
AIR101917,2025-04-15,Delhi,Delhi City 3,4G,98.69,43.54,0.79,22.1,125,0,3.91
AIR101918,2025-05-15,Maharashtra,Maharashtra City 3,5G,98.79,156.6,0.68,19.4,147,0,3.14
AIR101919,2025-06-15,West Bengal,West Bengal City 1,5G,98.67,152.72,0.9,5,48,0,3.16
AIR101920,2025-07-15,Uttar Pradesh,Uttar Pradesh City 1,5G,99.04,194.06,0.61,21.9,84,0,3.24
AIR101921,2025-08-15,Delhi,Delhi City 2,4G,96.73,37.08,0.93,69.3,93,1,3.07
AIR101922,2025-09-15,Karnataka,Karnataka City 2,4G,99.17,36.43,1.21,31.4,122,1,3.71
AIR101923,2025-10-15,Karnataka,Karnataka City 2,5G,98.7,104.46,0.63,27.9,51,1,3.77
AIR101924,2025-11-15,Tamil Nadu,Tamil Nadu City 2,4G,98.89,75.69,0.51,39.4,37,0,4.12
AIR101925,2025-12-15,Delhi,Delhi City 1,4G,100,60.58,0.95,39.7,64,0,3.54
AIR101926,2025-02-15,Uttar Pradesh,Uttar Pradesh City 3,5G,99.74,128.79,0.57,28.7,25,0,3.9
AIR101927,2025-03-15,Rajasthan,Rajasthan City 3,4G,98.27,35.77,0.64,54.7,135,0,3.4
AIR101928,2025-04-15,Telangana,Telangana City 3,5G,99.59,173.71,0.61,26.1,91,0,4.61
AIR101929,2025-05-15,Uttar Pradesh,Uttar Pradesh City 2,4G,98.19,46.58,1.14,43.8,119,0,3.49
AIR101930,2025-06-15,Telangana,Telangana City 1,4G,97.34,24.94,1.15,31.2,121,1,3.22
AIR101931,2025-07-15,Telangana,Telangana City 1,4G,98.05,41.48,0.7,43,24,0,3.6
AIR101932,2025-08-15,West Bengal,West Bengal City 1,4G,97.03,57.5,1.86,25.8,38,0,2.66
AIR101933,2025-09-15,Tamil Nadu,Tamil Nadu City 3,4G,97.51,36.18,0.91,45,73,0,3.49
AIR101934,2025-10-15,Uttar Pradesh,Uttar Pradesh City 2,5G,98.7,164.08,0.77,19.2,91,0,3.91
AIR101935,2025-11-15,Uttar Pradesh,Uttar Pradesh City 1,4G,98.85,33.94,0.37,42.2,120,0,4.11
AIR101936,2025-12-15,West Bengal,West Bengal City 2,4G,98.53,35.67,0.15,45.8,64,1,3.45
AIR101937,2025-02-15,Delhi,Delhi City 1,4G,98.33,54.87,1.53,45.8,31,1,3.5
AIR101938,2025-03-15,Delhi,Delhi City 2,4G,96.8,37.41,0.92,39.8,69,0,3.54
AIR101939,2025-04-15,Delhi,Delhi City 1,4G,97.89,54.91,1.19,51.9,76,1,3.12
AIR101940,2025-05-15,Gujarat,Gujarat City 2,4G,98.14,24.96,1.88,38.7,22,0,3.56
AIR101941,2025-06-15,Telangana,Telangana City 1,4G,96.93,39.93,1.07,38.3,88,0,3.46
AIR101942,2025-07-15,Gujarat,Gujarat City 1,5G,98.65,170.29,0.64,12.4,45,0,4.19
AIR101943,2025-08-15,Tamil Nadu,Tamil Nadu City 2,4G,98.97,69.37,1.15,15,66,1,3.66
AIR101944,2025-09-15,West Bengal,West Bengal City 2,5G,99.1,132.9,0.46,30.1,140,0,3.76
AIR101945,2025-10-15,Uttar Pradesh,Uttar Pradesh City 3,5G,99.08,108.84,0.32,16.9,124,0,4.06
AIR101946,2025-11-15,Telangana,Telangana City 2,5G,100,190.73,0.59,14.6,90,0,3.82
AIR101947,2025-12-15,Gujarat,Gujarat City 1,4G,98.99,45.52,0.34,38.8,109,1,4.15
AIR101948,2025-02-15,Gujarat,Gujarat City 1,4G,98.1,58.31,1.1,48,99,0,3.8
AIR101949,2025-03-15,Kerala,Kerala City 2,4G,97.19,56.79,1,36.2,81,0,3.07
AIR101950,2025-04-15,Gujarat,Gujarat City 3,5G,99.33,156.88,0.26,22.6,163,1,5
AIR101951,2025-05-15,Rajasthan,Rajasthan City 2,4G,99.54,54.95,1.18,41.8,117,1,3.58
AIR101952,2025-06-15,Uttar Pradesh,Uttar Pradesh City 1,4G,99.13,39.22,1.22,21.9,119,1,3.93
AIR101953,2025-07-15,Rajasthan,Rajasthan City 1,4G,99.09,48.74,0.93,28.6,132,0,4.21
AIR101954,2025-08-15,Uttar Pradesh,Uttar Pradesh City 3,4G,98.16,36.19,1.04,29.6,40,1,3.72
AIR101955,2025-09-15,West Bengal,West Bengal City 2,4G,98.29,34.16,0.98,28.2,74,1,3.55
AIR101956,2025-10-15,Uttar Pradesh,Uttar Pradesh City 1,4G,99.29,43.49,0.37,36.1,54,1,4.02
AIR101957,2025-11-15,Rajasthan,Rajasthan City 1,4G,98.4,46.96,0.69,48.8,55,1,3.76
AIR101958,2025-12-15,Uttar Pradesh,Uttar Pradesh City 1,4G,97.53,40.67,0.72,30.5,15,1,3.47
AIR101959,2025-02-15,West Bengal,West Bengal City 2,4G,97.46,25.45,0.82,48.8,43,0,3.42
AIR101960,2025-03-15,West Bengal,West Bengal City 2,4G,99.08,28.02,1.35,34.9,56,0,3.26
AIR101961,2025-04-15,Tamil Nadu,Tamil Nadu City 3,4G,99.89,50.67,0.71,33.8,12,0,3.8
AIR101962,2025-05-15,Uttar Pradesh,Uttar Pradesh City 1,5G,99.27,153.18,0.81,21.5,38,0,4.08
AIR101963,2025-06-15,Kerala,Kerala City 1,4G,99.98,53.69,1.06,47.7,6,1,4.15
AIR101964,2025-07-15,Delhi,Delhi City 3,5G,99.54,113.58,0.97,8.4,101,0,3.91
AIR101965,2025-08-15,Karnataka,Karnataka City 1,4G,97.21,39.91,0.46,43.5,96,0,3.3
AIR101966,2025-09-15,West Bengal,West Bengal City 3,5G,98.74,226.55,0.77,19,32,0,4.22
AIR101967,2025-10-15,Maharashtra,Maharashtra City 3,4G,96.61,54.48,0.52,33.7,64,0,3.3
AIR101968,2025-11-15,Delhi,Delhi City 1,4G,98.03,41.7,0.76,51.6,100,1,2.73
AIR101969,2025-12-15,Telangana,Telangana City 2,4G,99.14,35.06,1.38,33.1,29,0,3.36
AIR101970,2025-02-15,Uttar Pradesh,Uttar Pradesh City 2,5G,99.38,166.18,0.68,17.2,43,0,4.35
AIR101971,2025-03-15,Rajasthan,Rajasthan City 2,4G,98.94,41.14,1.02,46.5,127,0,3.84
AIR101972,2025-04-15,Karnataka,Karnataka City 2,4G,97.22,53.57,0.54,44,8,0,3.28
AIR101973,2025-05-15,Maharashtra,Maharashtra City 1,4G,97.55,35.97,0.58,27.8,64,1,3.92
AIR101974,2025-06-15,Delhi,Delhi City 3,4G,98.09,55.82,1.23,52.2,121,1,3.33
AIR101975,2025-07-15,Uttar Pradesh,Uttar Pradesh City 3,4G,98.15,55.27,1.22,36.3,104,0,3.48
AIR101976,2025-08-15,Tamil Nadu,Tamil Nadu City 1,4G,99.01,33.86,1.29,30.9,32,0,3.99
AIR101977,2025-09-15,Telangana,Telangana City 2,4G,98.04,57.51,0.35,47.3,160,0,3.9
AIR101978,2025-10-15,Karnataka,Karnataka City 3,4G,98.75,18.92,0.05,32.4,97,0,3.78
AIR101979,2025-11-15,Kerala,Kerala City 1,5G,100,121.01,0.63,23.3,142,0,4.35
AIR101980,2025-12-15,Tamil Nadu,Tamil Nadu City 1,4G,98.3,28.65,1.17,46.8,136,0,3.73
AIR101981,2025-02-15,Maharashtra,Maharashtra City 2,4G,99.94,60.53,1.04,15.4,71,1,3.55
AIR101982,2025-03-15,Karnataka,Karnataka City 1,5G,98.48,178.06,0.47,12.5,77,1,3.56
AIR101983,2025-04-15,Tamil Nadu,Tamil Nadu City 3,4G,97.55,41.53,0.69,38.9,82,0,3.36
AIR101984,2025-05-15,Telangana,Telangana City 3,4G,97.57,54.65,1.07,41.9,16,1,3.78
AIR101985,2025-06-15,Kerala,Kerala City 1,5G,98.84,132.85,0.55,16.8,68,0,4.3
AIR101986,2025-07-15,Tamil Nadu,Tamil Nadu City 3,4G,98.87,72.82,1.27,49,68,0,2.96
AIR101987,2025-08-15,Gujarat,Gujarat City 1,4G,99.16,59.19,1.33,30.8,14,0,3.63
AIR101988,2025-09-15,Kerala,Kerala City 3,5G,99.09,124.51,0.82,17.4,97,0,4.07
AIR101989,2025-10-15,Maharashtra,Maharashtra City 2,5G,98.85,189.66,0.52,29.2,18,0,3.97
AIR101990,2025-11-15,Telangana,Telangana City 3,4G,98.32,69.19,0.53,53.5,54,0,3.32
AIR101991,2025-12-15,Uttar Pradesh,Uttar Pradesh City 2,4G,97.41,37.27,1.11,49.5,101,0,3.94
AIR101992,2025-02-15,Rajasthan,Rajasthan City 2,4G,99.87,24.74,0.91,43.6,92,1,4.21
AIR101993,2025-03-15,Rajasthan,Rajasthan City 1,4G,98.12,39.48,0.5,45.6,139,0,3.72
AIR101994,2025-04-15,Rajasthan,Rajasthan City 2,4G,97.51,56.83,1.18,42.1,58,1,2.93
AIR101995,2025-05-15,Karnataka,Karnataka City 3,4G,97.03,42.93,0.93,39.5,65,0,2.85
AIR101996,2025-06-15,Maharashtra,Maharashtra City 3,5G,98.85,132,0.42,19.8,67,1,3.95
AIR101997,2025-07-15,Telangana,Telangana City 2,5G,99.53,138.5,0.55,20.6,99,0,3.67
AIR101998,2025-08-15,Kerala,Kerala City 1,4G,98.6,46.59,0.27,57.4,73,0,3.7
AIR101999,2025-09-15,Karnataka,Karnataka City 2,4G,96.7,50.5,1.23,52,67,1,3.15
AIR102000,2025-10-15,Maharashtra,Maharashtra City 3,4G,98.52,44.33,0.98,17.2,104,1,3.79
AIR102001,2025-11-15,Uttar Pradesh,Uttar Pradesh City 3,4G,97.99,43.71,1.7,41.9,126,0,3.16
AIR102002,2025-12-15,Gujarat,Gujarat City 2,4G,97.8,45.34,0.95,49.9,89,1,3.22
AIR102003,2025-02-15,Telangana,Telangana City 2,5G,99.03,138.86,0.46,30.1,78,0,3.79
AIR102004,2025-03-15,Rajasthan,Rajasthan City 2,4G,97.13,60.89,0.85,29.1,139,0,3.14
AIR102005,2025-04-15,Tamil Nadu,Tamil Nadu City 3,5G,99.41,69.57,1.12,21.8,56,0,3.87
AIR102006,2025-05-15,Telangana,Telangana City 3,4G,96.87,61.62,1.22,22.1,94,0,3.36
AIR102007,2025-06-15,West Bengal,West Bengal City 3,4G,97.47,40.44,1.01,35.4,56,0,2.94
AIR102008,2025-07-15,Maharashtra,Maharashtra City 1,4G,97.09,29.95,1.34,56.2,53,0,2.82
AIR102009,2025-08-15,Delhi,Delhi City 3,4G,98.93,38.01,1,35.1,89,1,4.1
AIR102010,2025-09-15,Uttar Pradesh,Uttar Pradesh City 3,5G,100,119.02,1.2,22.2,92,0,4.42
AIR102011,2025-10-15,Gujarat,Gujarat City 1,5G,99.48,117.53,0.4,16.4,5,0,3.64
AIR102012,2025-11-15,Uttar Pradesh,Uttar Pradesh City 1,4G,97.69,48.22,0.94,32.6,25,0,3.37
AIR102013,2025-12-15,Telangana,Telangana City 1,4G,98.99,51.16,1,50.9,9,0,3.63
AIR102014,2025-02-15,Delhi,Delhi City 1,4G,98.78,30.46,1.06,49.6,119,0,3.15
AIR102015,2025-03-15,West Bengal,West Bengal City 1,5G,98.86,188.41,0.21,29.2,34,1,3.72
AIR102016,2025-04-15,Kerala,Kerala City 1,5G,99.94,171.61,0.8,32.5,5,0,3.76
AIR102017,2025-05-15,Tamil Nadu,Tamil Nadu City 2,4G,97.75,60.22,1.04,36.1,104,1,3.45
AIR102018,2025-06-15,Delhi,Delhi City 2,4G,97.92,22.69,1.17,49.5,103,0,3.12
AIR102019,2025-07-15,Maharashtra,Maharashtra City 2,4G,98.33,55.37,1.27,38.2,77,0,3.17
AIR102020,2025-08-15,Rajasthan,Rajasthan City 2,4G,98.71,47.57,1.53,32.4,39,0,2.96
AIR102021,2025-09-15,West Bengal,West Bengal City 3,4G,96.67,9.93,0.09,35,5,0,3.34
AIR102022,2025-10-15,Tamil Nadu,Tamil Nadu City 1,4G,99.12,38.76,0.32,54.2,5,0,3.21
AIR102023,2025-11-15,Gujarat,Gujarat City 3,5G,99.18,128.02,0.25,17.6,143,0,3.82
AIR102024,2025-12-15,Rajasthan,Rajasthan City 1,4G,98.72,52.13,1.33,32.9,84,0,3.55
AIR102025,2025-02-15,Telangana,Telangana City 1,4G,97.58,38.19,0.93,38.2,78,0,3.52
AIR102026,2025-03-15,Delhi,Delhi City 3,5G,99.53,101.09,0.58,16,63,0,4.07
AIR102027,2025-04-15,Tamil Nadu,Tamil Nadu City 2,4G,99.02,34.45,1.68,52.3,103,1,3.27
AIR102028,2025-05-15,Karnataka,Karnataka City 3,4G,99.03,54,0.32,49.2,40,0,4.02
AIR102029,2025-06-15,Kerala,Kerala City 3,4G,98.55,26.23,1.48,19.7,97,0,3.54
AIR102030,2025-07-15,Kerala,Kerala City 1,4G,98.05,38.73,0.82,21.7,130,1,3.38
AIR102031,2025-08-15,West Bengal,West Bengal City 1,4G,96.84,37.49,1.46,19.2,81,0,2.39
AIR102032,2025-09-15,Gujarat,Gujarat City 1,4G,98.24,40.81,1.01,40.6,84,0,2.71
AIR102033,2025-10-15,West Bengal,West Bengal City 2,5G,99.35,278.83,0.45,21.6,86,0,4.12
AIR102034,2025-11-15,Karnataka,Karnataka City 3,4G,98.84,42.02,0.53,28.2,95,0,3.32
AIR102035,2025-12-15,Maharashtra,Maharashtra City 3,5G,99.77,114.4,1.03,24.7,115,0,3.94
AIR102036,2025-02-15,Gujarat,Gujarat City 2,4G,100,34.86,1.1,37.9,6,0,2.83
AIR102037,2025-03-15,Uttar Pradesh,Uttar Pradesh City 3,5G,99.73,151.92,0.61,27.7,95,1,4.15
AIR102038,2025-04-15,Maharashtra,Maharashtra City 3,4G,97.6,50.09,0.91,24.6,5,0,3.06
AIR102039,2025-05-15,Gujarat,Gujarat City 1,5G,99.4,123.2,1.03,19.1,98,0,3.68
AIR102040,2025-06-15,Gujarat,Gujarat City 2,4G,97.37,32.01,1.09,35.1,5,0,3.5
AIR102041,2025-07-15,Karnataka,Karnataka City 1,4G,98.09,35.6,1.63,38.5,17,1,2.51
AIR102042,2025-08-15,Telangana,Telangana City 2,4G,99.46,44.51,1.46,37,76,1,3.56
AIR102043,2025-09-15,Karnataka,Karnataka City 1,5G,100,123.91,0.7,24,27,0,4.04
AIR102044,2025-10-15,Gujarat,Gujarat City 3,4G,99.53,39.77,0.63,41.6,38,1,3.99
AIR102045,2025-11-15,Tamil Nadu,Tamil Nadu City 2,4G,99.47,34.06,1.12,28.7,82,0,3.41
AIR102046,2025-12-15,Maharashtra,Maharashtra City 2,4G,99.3,36.88,0.27,45.5,66,0,3.53
AIR102047,2025-02-15,Karnataka,Karnataka City 1,5G,99.08,153.34,0.49,31.2,19,1,3.64
AIR102048,2025-03-15,Telangana,Telangana City 2,4G,98.2,46.68,1.25,20.5,35,1,3.14
AIR102049,2025-04-15,Delhi,Delhi City 3,5G,100,158.87,0.46,26.5,5,1,4.47
AIR102050,2025-05-15,West Bengal,West Bengal City 3,5G,100,141.16,0.52,28.4,81,0,3.53
AIR102051,2025-06-15,Gujarat,Gujarat City 3,4G,98.67,48.44,0.51,41.5,71,0,3.83
AIR102052,2025-07-15,Uttar Pradesh,Uttar Pradesh City 1,4G,98.39,56.82,1.35,21.7,70,0,3.45
AIR102053,2025-08-15,Delhi,Delhi City 2,5G,98.55,123.54,1.22,26.9,102,0,3.99
AIR102054,2025-09-15,Kerala,Kerala City 1,4G,97.92,41.54,0.96,28.3,66,0,3.47
AIR102055,2025-10-15,Rajasthan,Rajasthan City 3,4G,97.38,45.79,0.78,22.4,116,0,3.56
AIR102056,2025-11-15,Telangana,Telangana City 2,5G,99.33,133.09,0.91,23.5,68,0,3.66
AIR102057,2025-12-15,Uttar Pradesh,Uttar Pradesh City 3,5G,99.62,92.05,1.19,15.8,106,0,3.51
AIR102058,2025-02-15,Rajasthan,Rajasthan City 2,5G,99.86,160.91,0.82,19.8,8,1,3.82
AIR102059,2025-03-15,Telangana,Telangana City 2,4G,97.96,46.71,0.68,41.9,60,0,4.17
AIR102060,2025-04-15,Tamil Nadu,Tamil Nadu City 1,4G,98.39,50.95,1,42.6,61,0,3.16
AIR102061,2025-05-15,West Bengal,West Bengal City 2,4G,97.19,50.1,0.78,28,122,1,3.81
AIR102062,2025-06-15,Delhi,Delhi City 3,4G,97.15,37.68,0.52,49.1,59,0,3.74
AIR102063,2025-07-15,Maharashtra,Maharashtra City 2,4G,99.58,41.25,1.33,31.5,7,1,4.27
AIR102064,2025-08-15,Telangana,Telangana City 3,4G,98.36,55.62,1.53,38.4,79,0,2.88
AIR102065,2025-09-15,Maharashtra,Maharashtra City 1,4G,98.53,36.16,1.09,51.1,5,0,3.62
AIR102066,2025-10-15,West Bengal,West Bengal City 3,5G,99.45,139.44,0.61,14.4,66,0,3.74
AIR102067,2025-11-15,Gujarat,Gujarat City 2,5G,99.62,209.31,0.33,18.2,71,1,4.17
AIR102068,2025-12-15,Kerala,Kerala City 3,5G,98.73,202.05,0.53,18.8,50,1,3.64
AIR102069,2025-02-15,Delhi,Delhi City 3,4G,97.37,29.16,1.83,40.2,32,1,3.1
AIR102070,2025-03-15,West Bengal,West Bengal City 2,4G,99.11,34.44,0.85,37.8,69,0,3.78
AIR102071,2025-04-15,West Bengal,West Bengal City 3,5G,99.68,127.16,0.49,16.7,74,0,4.59
AIR102072,2025-05-15,Tamil Nadu,Tamil Nadu City 2,4G,97.77,41.33,0.98,28.1,70,0,3.79
AIR102073,2025-06-15,Rajasthan,Rajasthan City 1,4G,98.79,64.55,1.1,43.6,81,0,3.8
AIR102074,2025-07-15,Kerala,Kerala City 3,4G,97.55,56.35,0.92,36.7,104,1,3.42
AIR102075,2025-08-15,Delhi,Delhi City 1,4G,99.02,65.11,1.48,39.8,5,1,3.29
AIR102076,2025-09-15,Gujarat,Gujarat City 3,4G,97.53,44.38,0.96,32.1,82,1,3.42
AIR102077,2025-10-15,Gujarat,Gujarat City 3,5G,99.47,178.32,1.05,17.1,89,1,4.05
AIR102078,2025-11-15,Karnataka,Karnataka City 1,5G,98.72,108.19,0.94,18.6,115,0,3.92
AIR102079,2025-12-15,West Bengal,West Bengal City 3,4G,99.38,42.04,1.45,23.8,58,0,3.85
AIR102080,2025-02-15,Telangana,Telangana City 3,4G,99.36,38.17,0.68,25.3,85,1,4.19
AIR102081,2025-03-15,Tamil Nadu,Tamil Nadu City 1,5G,99.43,188,0.96,18.2,28,1,3.28
AIR102082,2025-04-15,Kerala,Kerala City 3,4G,98.14,33.35,0.96,30.6,100,1,2.53
AIR102083,2025-05-15,Gujarat,Gujarat City 2,4G,97.82,23.62,1.24,43.6,74,0,3.39
AIR102084,2025-06-15,Delhi,Delhi City 3,5G,99.18,127.7,0.87,29.2,20,0,4.2
AIR102085,2025-07-15,Karnataka,Karnataka City 3,5G,99.11,142.9,0.93,22.4,95,0,4.55
AIR102086,2025-08-15,Delhi,Delhi City 3,5G,99.58,99.67,0.49,14.5,112,1,4.04
AIR102087,2025-09-15,Tamil Nadu,Tamil Nadu City 1,4G,98.04,35.98,0.61,40.4,82,0,3.69
AIR102088,2025-10-15,Telangana,Telangana City 2,4G,98.28,30.67,0.85,35.4,152,0,3.75
AIR102089,2025-11-15,Karnataka,Karnataka City 2,5G,98.93,151.93,0.89,16.6,92,0,3.66
AIR102090,2025-12-15,Karnataka,Karnataka City 3,4G,99.44,44.66,1.09,41.5,65,0,3.81
AIR102091,2025-02-15,Rajasthan,Rajasthan City 1,5G,98.87,122.6,1.04,11.9,79,0,4.06
AIR102092,2025-03-15,Kerala,Kerala City 1,4G,99.65,34.96,1.45,34.2,18,0,3.51
AIR102093,2025-04-15,Karnataka,Karnataka City 2,5G,100,111.11,0.54,26.9,72,0,4.43
AIR102094,2025-05-15,Rajasthan,Rajasthan City 1,4G,98.89,31.3,1.54,53.2,70,0,3.19
AIR102095,2025-06-15,Rajasthan,Rajasthan City 3,4G,97.71,67.14,1.08,27.3,61,1,4.13
AIR102096,2025-07-15,Tamil Nadu,Tamil Nadu City 3,4G,97.24,65.26,0.87,42.5,88,0,2.98
AIR102097,2025-08-15,Maharashtra,Maharashtra City 1,5G,99.72,54.29,0.53,18.7,66,1,4.49
AIR102098,2025-09-15,Delhi,Delhi City 3,4G,97.35,47.89,0.89,51.5,97,0,2.92
AIR102099,2025-10-15,Telangana,Telangana City 2,4G,96.77,40.81,0.49,46.6,75,0,3.15
AIR102100,2025-11-15,Uttar Pradesh,Uttar Pradesh City 3,5G,98.61,101.8,0.5,21.4,76,0,3.06
AIR102101,2025-12-15,Delhi,Delhi City 1,4G,96.9,36.48,1.12,24.6,46,0,3.47
AIR102102,2025-02-15,Karnataka,Karnataka City 2,4G,98.98,49.83,0.72,34.7,90,1,3.41
AIR102103,2025-03-15,Telangana,Telangana City 3,4G,97.3,35.88,0.81,31.3,72,0,4.14
AIR102104,2025-04-15,Gujarat,Gujarat City 2,5G,99.37,150.56,0.89,16.8,101,1,3.97
AIR102105,2025-05-15,Maharashtra,Maharashtra City 1,4G,97.76,36.46,0.63,47.2,11,1,4.45
AIR102106,2025-06-15,Gujarat,Gujarat City 3,4G,98.67,53.81,1.25,22.4,119,0,3.16
AIR102107,2025-07-15,Gujarat,Gujarat City 3,5G,100,156.39,0.81,23.2,125,1,3.94
AIR102108,2025-08-15,Kerala,Kerala City 2,4G,98.86,41.87,1.53,17.7,52,0,4.02
AIR102109,2025-09-15,Delhi,Delhi City 3,4G,98.71,33.63,0.96,37.5,20,0,3.8
AIR102110,2025-10-15,Uttar Pradesh,Uttar Pradesh City 3,4G,98.45,27.11,1.44,31.1,74,0,3.23
AIR102111,2025-11-15,Tamil Nadu,Tamil Nadu City 3,5G,99.27,215.51,0.75,21.8,46,1,4.39
AIR102112,2025-12-15,Uttar Pradesh,Uttar Pradesh City 3,4G,98.55,34.16,0.41,38.5,52,0,4.47
AIR102113,2025-02-15,Gujarat,Gujarat City 1,5G,99.61,148.27,0.69,11.4,89,1,3.61
AIR102114,2025-03-15,Karnataka,Karnataka City 3,5G,99.53,133.81,0.66,29,78,0,3.65
AIR102115,2025-04-15,Maharashtra,Maharashtra City 2,4G,99.14,31.06,0.72,36.5,68,0,3.68
AIR102116,2025-05-15,West Bengal,West Bengal City 1,5G,99.35,154.27,0.58,13.4,76,0,4.34
AIR102117,2025-06-15,Uttar Pradesh,Uttar Pradesh City 2,4G,98.46,39.5,1.09,38.4,33,1,3.79
AIR102118,2025-07-15,Gujarat,Gujarat City 2,4G,96.74,47.08,0.78,37.5,77,0,3.28
AIR102119,2025-08-15,Maharashtra,Maharashtra City 2,4G,98.79,62.64,0.87,37.4,76,0,3.1
AIR102120,2025-09-15,Telangana,Telangana City 1,5G,99.11,193.34,0.74,14.4,73,0,3.46
AIR102121,2025-10-15,Delhi,Delhi City 1,4G,97.94,39.65,1.92,40.9,133,0,3.03
AIR102122,2025-11-15,Rajasthan,Rajasthan City 1,4G,97.93,54.28,1.01,41.6,130,1,3.53
AIR102123,2025-12-15,Kerala,Kerala City 3,4G,98.43,53.51,0.8,43.8,122,0,3.53
AIR102124,2025-02-15,Maharashtra,Maharashtra City 2,4G,97.85,32.52,0.41,56.8,76,0,3.43
AIR102125,2025-03-15,Karnataka,Karnataka City 1,4G,98.3,59.2,1.24,22.8,91,0,3.73
AIR102126,2025-04-15,Karnataka,Karnataka City 2,4G,97.21,35.44,1.16,39,139,0,3.21
AIR102127,2025-05-15,Maharashtra,Maharashtra City 1,4G,97.86,33.77,1.11,43.8,78,1,3.16
AIR102128,2025-06-15,Karnataka,Karnataka City 1,4G,98.43,58.35,0.74,41,48,0,3.57
AIR102129,2025-07-15,Delhi,Delhi City 1,4G,98.06,58.04,1.27,32.6,83,1,3.69
AIR102130,2025-08-15,Karnataka,Karnataka City 2,4G,98.48,40.66,0.72,35.1,98,0,3.76
AIR102131,2025-09-15,Uttar Pradesh,Uttar Pradesh City 3,5G,99.84,118.16,0.4,12.7,87,0,4.22
AIR102132,2025-10-15,Rajasthan,Rajasthan City 1,5G,99.64,161.42,0.61,13.1,92,0,4.65
AIR102133,2025-11-15,Karnataka,Karnataka City 1,4G,98.74,49.65,1.11,37.5,121,0,3.09
AIR102134,2025-12-15,Rajasthan,Rajasthan City 1,4G,96.58,26.8,0.77,51.1,159,0,3.05
AIR102135,2025-02-15,Gujarat,Gujarat City 3,5G,98.99,101.6,0.53,27.9,167,1,4.45
AIR102136,2025-03-15,Tamil Nadu,Tamil Nadu City 2,5G,98.88,227.47,0.82,8.2,68,0,3.25
AIR102137,2025-04-15,Delhi,Delhi City 2,4G,98.98,31.29,0.91,41.6,77,0,3.39
AIR102138,2025-05-15,Tamil Nadu,Tamil Nadu City 2,4G,97.89,44.52,0.69,41.9,165,0,3.62
AIR102139,2025-06-15,Gujarat,Gujarat City 2,4G,98.67,27.74,0.69,46.9,78,0,3.63
AIR102140,2025-07-15,Delhi,Delhi City 1,4G,97.72,48.64,0.9,22.5,79,0,3.43
AIR102141,2025-08-15,Maharashtra,Maharashtra City 3,4G,98.72,46.15,1.15,44,36,0,3.31
AIR102142,2025-09-15,Maharashtra,Maharashtra City 1,5G,98.32,130.63,0.3,20.6,123,0,4.1
AIR102143,2025-10-15,Rajasthan,Rajasthan City 3,4G,98.51,39.32,1.04,48.3,53,1,3.63
AIR102144,2025-11-15,Gujarat,Gujarat City 2,5G,98.75,153.57,0.34,16,137,0,3.67
AIR102145,2025-12-15,Rajasthan,Rajasthan City 3,5G,100,164.44,0.28,14.7,58,0,4.7
AIR102146,2025-02-15,Kerala,Kerala City 1,5G,99.34,206.05,0.13,19.7,109,0,3.82
AIR102147,2025-03-15,Karnataka,Karnataka City 1,5G,99.09,172.02,0.84,25.7,57,0,4.55
AIR102148,2025-04-15,West Bengal,West Bengal City 2,5G,98.93,150.99,0.45,22,38,1,3.41
AIR102149,2025-05-15,Kerala,Kerala City 1,4G,98.36,24.39,1.59,59.3,112,1,3.88
AIR102150,2025-06-15,Karnataka,Karnataka City 1,5G,98.14,169.83,0.43,25.2,77,0,3.92
AIR102151,2025-07-15,Delhi,Delhi City 3,5G,99.65,205.56,0.8,9.6,26,0,4.41
AIR102152,2025-08-15,Rajasthan,Rajasthan City 1,4G,97.59,40.97,0.55,38.3,91,0,3.87
AIR102153,2025-09-15,Delhi,Delhi City 2,5G,98.34,74.61,0.96,27.4,29,1,3.35
AIR102154,2025-10-15,Delhi,Delhi City 2,5G,99.49,204.49,0.65,14.9,81,0,3.8
AIR102155,2025-11-15,Karnataka,Karnataka City 1,5G,99.42,112.97,0.64,12.2,87,1,3.48
AIR102156,2025-12-15,Gujarat,Gujarat City 2,4G,99.5,23.08,1.32,43.1,67,1,3.61
AIR102157,2025-02-15,Karnataka,Karnataka City 3,4G,97.97,24.24,0.76,37,117,0,3.8
AIR102158,2025-03-15,Telangana,Telangana City 3,4G,97.42,58.93,1.29,44.4,99,0,3.43
AIR102159,2025-04-15,Maharashtra,Maharashtra City 1,4G,96.95,40.99,0.72,40.6,41,0,3.26
AIR102160,2025-05-15,Maharashtra,Maharashtra City 1,4G,98.2,50.25,0.74,31.7,72,1,3.77
AIR102161,2025-06-15,Kerala,Kerala City 3,4G,97.72,68.27,1.09,56.3,93,0,3.12
AIR102162,2025-07-15,Maharashtra,Maharashtra City 2,5G,99.26,169.29,0.28,17.7,62,0,4.06
AIR102163,2025-08-15,Karnataka,Karnataka City 1,4G,96.88,51.24,1.42,35.1,72,0,3.13
AIR102164,2025-09-15,Uttar Pradesh,Uttar Pradesh City 1,4G,97.89,31.02,0.79,28.8,80,0,3.3
AIR102165,2025-10-15,Rajasthan,Rajasthan City 2,4G,97.54,35.79,1.25,44,90,0,3.09
AIR102166,2025-11-15,Karnataka,Karnataka City 1,4G,97.62,52.33,0.7,40,137,0,3.15
AIR102167,2025-12-15,Karnataka,Karnataka City 2,4G,99.6,39.38,1.01,29.9,5,1,3.81
AIR102168,2025-02-15,West Bengal,West Bengal City 2,4G,98.18,40.73,0.83,55,88,0,3.36
AIR102169,2025-03-15,Rajasthan,Rajasthan City 2,4G,98.07,32.45,1.08,37,68,0,4.13
AIR102170,2025-04-15,Telangana,Telangana City 2,4G,98.85,38.24,0.75,39.5,68,1,2.99
AIR102171,2025-05-15,Maharashtra,Maharashtra City 2,4G,97.81,39.37,0.59,40.2,77,0,3.86
AIR102172,2025-06-15,Rajasthan,Rajasthan City 3,4G,98.59,49.22,1.42,33,113,0,3.21
AIR102173,2025-07-15,Maharashtra,Maharashtra City 2,4G,98.75,44.92,1.06,38.9,46,1,3.61
AIR102174,2025-08-15,Kerala,Kerala City 3,4G,97.42,44.74,1.31,44.6,153,1,3.07
AIR102175,2025-09-15,Rajasthan,Rajasthan City 2,4G,98,52.46,0.64,22.1,56,0,4.09
AIR102176,2025-10-15,Maharashtra,Maharashtra City 1,5G,99.14,188.01,0.76,29.4,53,0,3.89
AIR102177,2025-11-15,Telangana,Telangana City 3,5G,99.05,161.45,0.99,23.2,86,1,3.81
AIR102178,2025-12-15,Tamil Nadu,Tamil Nadu City 1,4G,97.61,66.22,0.59,34.1,83,0,3.41
AIR102179,2025-02-15,Delhi,Delhi City 2,4G,98.48,43.62,0.99,51.5,117,0,3.55
AIR102180,2025-03-15,Delhi,Delhi City 2,4G,97.34,71.32,0.89,33.6,104,0,3.16
AIR102181,2025-04-15,Telangana,Telangana City 1,4G,98.3,50.68,1.37,17.1,65,1,3.6
AIR102182,2025-05-15,West Bengal,West Bengal City 2,5G,100,190.97,0.62,28,65,0,4.16
AIR102183,2025-06-15,Tamil Nadu,Tamil Nadu City 1,5G,99.22,116.07,0.73,26.3,36,0,3.83
AIR102184,2025-07-15,Kerala,Kerala City 2,5G,99.86,65.44,0.99,21,155,0,3.78
AIR102185,2025-08-15,Telangana,Telangana City 2,5G,99.27,158.69,0.54,17.9,125,0,3.91
AIR102186,2025-09-15,Delhi,Delhi City 3,5G,99.92,93.26,0.92,17.8,54,0,4.01
AIR102187,2025-10-15,Delhi,Delhi City 1,4G,98.63,57.32,1.23,29.1,41,0,2.94
AIR102188,2025-11-15,Delhi,Delhi City 2,4G,99.8,36,1.22,38.1,64,0,3.04
AIR102189,2025-12-15,Gujarat,Gujarat City 1,5G,98.2,203.66,0.57,20.7,78,1,3.85
AIR102190,2025-02-15,Telangana,Telangana City 3,4G,98.68,5.33,0.74,16.4,95,0,4.19
AIR102191,2025-03-15,Karnataka,Karnataka City 1,4G,96.75,22.37,1.27,30.8,63,1,3.38
AIR102192,2025-04-15,Kerala,Kerala City 3,4G,99.19,47.8,1.13,37.3,86,0,3.77
AIR102193,2025-05-15,Delhi,Delhi City 1,5G,99.83,153.24,0.66,25.2,102,0,4.34
AIR102194,2025-06-15,Maharashtra,Maharashtra City 1,4G,98.73,54.05,1.29,23.8,5,0,2.61
AIR102195,2025-07-15,Telangana,Telangana City 3,5G,99.7,160.54,0.9,23.3,162,0,4.51
AIR102196,2025-08-15,Gujarat,Gujarat City 2,5G,99.49,158.5,0.76,16.1,75,1,3.79
AIR102197,2025-09-15,Telangana,Telangana City 2,5G,98.72,127.13,0.59,18.4,126,0,3.75
AIR102198,2025-10-15,Kerala,Kerala City 2,5G,100,213.93,0.68,12.3,159,0,3.84
AIR102199,2025-11-15,Gujarat,Gujarat City 1,5G,99.11,206.51,0.69,15.4,50,0,3.6
AIR102200,2025-12-15,Kerala,Kerala City 1,4G,100,18.54,0.75,50.1,111,0,3.73
AIR102201,2025-02-15,Telangana,Telangana City 2,5G,100,143.33,0.56,18.7,81,1,3.69
AIR102202,2025-03-15,Karnataka,Karnataka City 1,4G,98.94,51.46,0.77,16.6,81,1,4.27
AIR102203,2025-04-15,Kerala,Kerala City 1,4G,98.49,46.36,1.4,14.6,59,0,3.86
AIR102204,2025-05-15,Gujarat,Gujarat City 2,4G,96.65,45.67,1.34,38.1,102,0,2.89
AIR102205,2025-06-15,Gujarat,Gujarat City 3,4G,96.35,48.47,1.43,35.4,58,0,3.27
AIR102206,2025-07-15,Kerala,Kerala City 1,4G,98.6,59.9,1.16,39.2,104,1,3.75
AIR102207,2025-08-15,Uttar Pradesh,Uttar Pradesh City 1,4G,98.17,45.69,1.39,29.4,43,0,3.31
AIR102208,2025-09-15,Telangana,Telangana City 1,4G,98.81,26.05,0.9,38.3,64,0,3.71
AIR102209,2025-10-15,Uttar Pradesh,Uttar Pradesh City 1,5G,100,184.47,0.44,24.9,63,1,5
AIR102210,2025-11-15,West Bengal,West Bengal City 3,4G,97.92,33.51,1.01,38.8,17,0,3.3
AIR102211,2025-12-15,Telangana,Telangana City 2,4G,97.99,31.86,1.07,34.8,109,1,3.22
AIR102212,2025-02-15,Kerala,Kerala City 1,4G,97.84,41.5,1.35,39.9,87,0,3.25
AIR102213,2025-03-15,Tamil Nadu,Tamil Nadu City 2,4G,97.35,44.24,1.21,44.1,71,0,2.79
AIR102214,2025-04-15,Kerala,Kerala City 1,5G,100,99.26,0.59,22,81,0,4.17
AIR102215,2025-05-15,Uttar Pradesh,Uttar Pradesh City 3,4G,98.59,62.32,1.24,47.3,123,0,3.62
AIR102216,2025-06-15,Karnataka,Karnataka City 2,5G,98.49,95.09,0.46,19,98,0,3.81
AIR102217,2025-07-15,Kerala,Kerala City 3,4G,95.84,60.28,0.82,38.7,52,0,2.99
AIR102218,2025-08-15,Kerala,Kerala City 1,4G,98.03,37.25,1.21,31.7,121,1,3.56
AIR102219,2025-09-15,Karnataka,Karnataka City 3,4G,98.02,65.34,0.8,43.9,96,0,3.68
AIR102220,2025-10-15,Kerala,Kerala City 3,4G,98.56,33.76,0.95,42.7,55,1,3.24
AIR102221,2025-11-15,Delhi,Delhi City 1,4G,98.59,53.99,1.21,35.9,88,0,3.28
AIR102222,2025-12-15,Tamil Nadu,Tamil Nadu City 1,4G,98.75,63.71,0.8,30.9,102,0,3.05
AIR102223,2025-02-15,Maharashtra,Maharashtra City 2,4G,97.93,43.13,1.19,39.6,45,0,2.98
AIR102224,2025-03-15,Tamil Nadu,Tamil Nadu City 1,5G,99.89,156.2,0.23,18.5,117,0,4.47
AIR102225,2025-04-15,Kerala,Kerala City 2,5G,99.46,168.65,0.45,29.4,33,0,4.03
AIR102226,2025-05-15,Delhi,Delhi City 3,4G,98.11,45.85,1.17,36.1,27,1,3.25
AIR102227,2025-06-15,Telangana,Telangana City 3,4G,96.94,36.96,1.83,39.8,50,1,2.46
AIR102228,2025-07-15,Kerala,Kerala City 2,4G,97.64,40.01,0.86,19,65,0,3.84
AIR102229,2025-08-15,Uttar Pradesh,Uttar Pradesh City 1,5G,99.37,169.05,0.71,18.2,135,0,3.41
AIR102230,2025-09-15,Delhi,Delhi City 1,4G,99.28,31.02,0.73,27.9,30,0,3.66
AIR102231,2025-10-15,Karnataka,Karnataka City 3,4G,97.17,64.28,0.33,41.5,90,0,4.02
AIR102232,2025-11-15,Delhi,Delhi City 2,4G,97.51,31.73,0.91,32.9,51,0,3.81
AIR102233,2025-12-15,Karnataka,Karnataka City 3,4G,98.64,55.34,0.93,24.5,15,0,3.59
AIR102234,2025-02-15,West Bengal,West Bengal City 3,4G,99.11,63.32,1.41,28.6,76,0,3.68
AIR102235,2025-03-15,Maharashtra,Maharashtra City 1,4G,97.62,36.56,1.64,35,26,1,3.56
AIR102236,2025-04-15,Rajasthan,Rajasthan City 2,5G,98.77,82.13,0.66,20.2,88,0,4.16
AIR102237,2025-05-15,Delhi,Delhi City 3,5G,99.33,171.17,0.88,15,90,0,3.58
AIR102238,2025-06-15,Gujarat,Gujarat City 1,4G,99.13,25.81,1.03,30,54,1,3.39
AIR102239,2025-07-15,Uttar Pradesh,Uttar Pradesh City 3,4G,98.23,47.18,1.12,60.3,142,0,3.49
AIR102240,2025-08-15,Kerala,Kerala City 3,4G,97.15,39.2,0.76,43.8,50,0,3.09
AIR102241,2025-09-15,Uttar Pradesh,Uttar Pradesh City 1,5G,99.15,190.14,0.85,14.8,92,0,3.54
AIR102242,2025-10-15,Tamil Nadu,Tamil Nadu City 1,5G,99.4,119.98,0.27,17.5,70,0,3.46
AIR102243,2025-11-15,Rajasthan,Rajasthan City 2,4G,99.04,65.22,1.28,47.4,55,0,3.26
AIR102244,2025-12-15,Tamil Nadu,Tamil Nadu City 3,4G,98.64,46.02,0.64,53.1,41,0,3.71
AIR102245,2025-02-15,West Bengal,West Bengal City 2,4G,99.21,47.31,1.46,36.2,106,0,3.54
AIR102246,2025-03-15,Rajasthan,Rajasthan City 1,4G,97.64,51.81,1.65,29.6,53,1,3.4
AIR102247,2025-04-15,Rajasthan,Rajasthan City 1,5G,99.35,194.37,0.61,16.9,104,1,3.92
AIR102248,2025-05-15,Tamil Nadu,Tamil Nadu City 3,5G,99.39,157.68,1.26,18.4,97,0,3.76
AIR102249,2025-06-15,Karnataka,Karnataka City 2,4G,98.56,40.51,0.76,41.1,71,0,3.87
AIR102250,2025-07-15,Tamil Nadu,Tamil Nadu City 2,4G,98.07,43.28,0.76,15.5,51,0,3.62
AIR102251,2025-08-15,Uttar Pradesh,Uttar Pradesh City 3,5G,98.98,135.56,0.95,21.9,95,0,3.76
AIR102252,2025-09-15,Karnataka,Karnataka City 3,4G,97.87,37.87,1.19,55.1,62,0,3.53
AIR102253,2025-10-15,Uttar Pradesh,Uttar Pradesh City 2,5G,98.81,85.13,0.94,24.2,74,0,2.63
AIR102254,2025-11-15,West Bengal,West Bengal City 1,4G,98.47,51.49,0.91,42.2,68,0,3.76
AIR102255,2025-12-15,Kerala,Kerala City 1,5G,99.76,115.94,0.94,25,51,0,3.44
AIR102256,2025-02-15,Telangana,Telangana City 3,4G,99.24,42.29,1.86,24.1,39,0,3.81
AIR102257,2025-03-15,Karnataka,Karnataka City 2,4G,98.21,37.03,1.52,50.5,47,0,2.38
AIR102258,2025-04-15,West Bengal,West Bengal City 2,4G,98.47,42.82,1.2,54.3,68,0,3.32
AIR102259,2025-05-15,Gujarat,Gujarat City 2,4G,96.88,56.62,0.91,22.7,111,0,2.92
AIR102260,2025-06-15,West Bengal,West Bengal City 1,4G,98.29,48.91,0.76,32.3,91,0,3.13
AIR102261,2025-07-15,Tamil Nadu,Tamil Nadu City 1,5G,98.36,206.05,1.1,27.7,104,0,3.55
AIR102262,2025-08-15,Tamil Nadu,Tamil Nadu City 2,5G,99.28,171.38,0.83,11,142,0,4.16
AIR102263,2025-09-15,Telangana,Telangana City 2,4G,99.33,42.94,1.4,45.6,10,0,3.62
AIR102264,2025-10-15,West Bengal,West Bengal City 3,4G,97.56,49.73,0.92,36.6,100,0,3.65
AIR102265,2025-11-15,Maharashtra,Maharashtra City 3,5G,98.76,147.05,1.02,18.7,90,0,3.48
AIR102266,2025-12-15,Kerala,Kerala City 2,5G,100,152.83,1.19,19,92,0,4.33
AIR102267,2025-02-15,Tamil Nadu,Tamil Nadu City 2,4G,97.5,45.16,0.64,43.1,107,1,4.05
AIR102268,2025-03-15,Telangana,Telangana City 1,5G,99.78,166.79,0.61,8.7,58,0,4.07
AIR102269,2025-04-15,Kerala,Kerala City 2,4G,98.24,54.16,0.59,33.4,87,0,4.01
AIR102270,2025-05-15,West Bengal,West Bengal City 3,4G,98.28,45.16,0.96,33.8,150,0,3.6
AIR102271,2025-06-15,West Bengal,West Bengal City 1,4G,96.96,43.51,1.14,46.5,95,0,3.07
AIR102272,2025-07-15,Rajasthan,Rajasthan City 3,5G,100,155.69,0.83,12.1,93,0,4.33
AIR102273,2025-08-15,Telangana,Telangana City 3,4G,99,24.57,0.79,39.3,61,1,4.18
AIR102274,2025-09-15,Tamil Nadu,Tamil Nadu City 1,4G,98.9,30.93,1.23,35.7,129,0,3.25
AIR102275,2025-10-15,Maharashtra,Maharashtra City 3,4G,98.81,48.81,1.37,48.6,68,0,3.3
AIR102276,2025-11-15,West Bengal,West Bengal City 2,4G,97.42,51.65,1.35,35.2,93,0,3.37
AIR102277,2025-12-15,Maharashtra,Maharashtra City 3,4G,98.75,38.87,1.51,37.6,88,0,3.78
AIR102278,2025-02-15,West Bengal,West Bengal City 1,4G,96.99,56.67,0.66,43.8,65,1,2.99
AIR102279,2025-03-15,Tamil Nadu,Tamil Nadu City 1,4G,98.05,64.69,1.68,26.1,45,0,3.27
AIR102280,2025-04-15,Kerala,Kerala City 1,4G,97.3,53.8,0.88,38.2,77,0,3.28
AIR102281,2025-05-15,Delhi,Delhi City 3,5G,98.91,146.15,0.64,12.5,81,0,2.98
AIR102282,2025-06-15,Kerala,Kerala City 2,4G,98.28,37.71,1.04,32.4,7,0,3.99
AIR102283,2025-07-15,West Bengal,West Bengal City 1,5G,98.35,148.3,0.51,14.2,112,1,3.64
AIR102284,2025-08-15,Uttar Pradesh,Uttar Pradesh City 2,4G,97.93,34.09,1.44,35.4,69,0,3.01
AIR102285,2025-09-15,Delhi,Delhi City 1,4G,97.05,62.94,1.32,45.1,146,0,3.11
AIR102286,2025-10-15,Delhi,Delhi City 2,4G,97.75,43.2,1.3,38.2,161,0,3.2
AIR102287,2025-11-15,Maharashtra,Maharashtra City 2,4G,97.92,58.49,1.66,49.9,89,0,3.29
AIR102288,2025-12-15,Telangana,Telangana City 2,4G,98.72,17.87,1.55,33,20,1,3.08
AIR102289,2025-02-15,Maharashtra,Maharashtra City 1,5G,99.57,112.94,0.63,13.6,96,0,4.1
AIR102290,2025-03-15,Maharashtra,Maharashtra City 3,5G,99.33,134.34,0.65,18.1,37,1,3.56
AIR102291,2025-04-15,Uttar Pradesh,Uttar Pradesh City 3,4G,97.96,41.92,1.42,44.6,33,1,3.31
AIR102292,2025-05-15,Kerala,Kerala City 3,4G,97.88,55.69,1.16,40.7,42,0,3.74
AIR102293,2025-06-15,Kerala,Kerala City 2,5G,99.58,50.7,0.61,38,147,0,4.03
AIR102294,2025-07-15,Gujarat,Gujarat City 1,4G,97.97,40.01,0.97,63.8,57,1,3.44
AIR102295,2025-08-15,West Bengal,West Bengal City 2,4G,98.89,56.72,0.31,29.7,66,0,2.88
AIR102296,2025-09-15,Uttar Pradesh,Uttar Pradesh City 1,5G,98.82,165.56,0.25,19.2,98,0,3.65
AIR102297,2025-10-15,Gujarat,Gujarat City 2,5G,98.24,113.25,0.97,29.3,42,1,3.17
AIR102298,2025-11-15,Tamil Nadu,Tamil Nadu City 1,4G,97.1,53.51,1.02,53.5,75,0,3.37
AIR102299,2025-12-15,West Bengal,West Bengal City 1,4G,99.46,38.53,0.94,44.1,129,1,3.35
AIR102300,2025-02-15,West Bengal,West Bengal City 1,4G,98.17,46.82,0.64,26.8,63,0,4.2
AIR102301,2025-03-15,Rajasthan,Rajasthan City 2,5G,99.57,172.64,1.04,15.2,60,0,3.61
AIR102302,2025-04-15,Rajasthan,Rajasthan City 3,5G,98.7,159.72,0.51,31.6,109,0,3.81
AIR102303,2025-05-15,Karnataka,Karnataka City 2,4G,100,43.27,0.98,41.8,78,1,3.45
AIR102304,2025-06-15,Karnataka,Karnataka City 2,5G,98.65,102.08,0.69,22.4,80,0,3.58
AIR102305,2025-07-15,Maharashtra,Maharashtra City 1,5G,99.19,141.33,0.65,12.6,103,0,3.84
AIR102306,2025-08-15,Tamil Nadu,Tamil Nadu City 1,4G,99.23,60.73,1.08,39.5,76,1,3.84
AIR102307,2025-09-15,Delhi,Delhi City 3,5G,99.43,102.35,0.68,22.4,50,0,4.81
AIR102308,2025-10-15,Delhi,Delhi City 3,5G,99.22,94.41,0.45,26,51,1,4.03
AIR102309,2025-11-15,Rajasthan,Rajasthan City 1,4G,98.33,64.05,0.76,42.2,5,0,4
AIR102310,2025-12-15,Rajasthan,Rajasthan City 3,4G,97.54,49.54,1.27,18.3,124,0,3.03
AIR102311,2025-02-15,Rajasthan,Rajasthan City 3,5G,99.81,95.18,0.7,18.7,28,0,4.17
AIR102312,2025-03-15,Uttar Pradesh,Uttar Pradesh City 1,4G,97.98,39.14,1.11,41.2,114,0,3.3
AIR102313,2025-04-15,Telangana,Telangana City 2,4G,97.85,48.41,1.72,42.7,76,0,3.39
AIR102314,2025-05-15,Karnataka,Karnataka City 3,5G,99,206.07,0.88,11.8,76,0,3.4
AIR102315,2025-06-15,Uttar Pradesh,Uttar Pradesh City 1,5G,99.01,200.64,0.22,21,147,0,3.86
AIR102316,2025-07-15,Kerala,Kerala City 3,5G,98.23,163.41,0.47,25.7,82,0,3.67
AIR102317,2025-08-15,Delhi,Delhi City 3,4G,98.15,54.88,0.75,28.2,68,0,4.13
AIR102318,2025-09-15,West Bengal,West Bengal City 1,4G,97.82,59.06,0.7,26.6,108,0,4.16
AIR102319,2025-10-15,Karnataka,Karnataka City 3,4G,98.86,50.71,0.37,41.1,39,0,3.54
AIR102320,2025-11-15,Gujarat,Gujarat City 3,5G,99.66,153.28,0.58,20.6,76,0,3.52
AIR102321,2025-12-15,Kerala,Kerala City 3,4G,98.24,53.9,1.95,37.4,76,0,3.01
AIR102322,2025-02-15,Karnataka,Karnataka City 2,4G,98.45,54.92,0.55,41.9,101,0,4.22
AIR102323,2025-03-15,Uttar Pradesh,Uttar Pradesh City 2,5G,98.92,159.64,0.63,11.4,103,0,4.11
AIR102324,2025-04-15,Tamil Nadu,Tamil Nadu City 3,4G,98.7,41.79,0.86,43.9,64,0,2.96
AIR102325,2025-05-15,West Bengal,West Bengal City 1,5G,99.39,125.99,0.93,21.3,57,0,3.56
AIR102326,2025-06-15,Karnataka,Karnataka City 3,5G,99.19,138.53,0.78,26.4,96,0,3.29
AIR102327,2025-07-15,Telangana,Telangana City 3,4G,99.99,61.32,0.77,41.8,77,0,3.51
AIR102328,2025-08-15,Rajasthan,Rajasthan City 2,4G,98.87,51.9,1.16,22.7,103,0,3.09
AIR102329,2025-09-15,Rajasthan,Rajasthan City 2,4G,96.73,70.72,1.17,39.8,142,0,3.69
AIR102330,2025-10-15,West Bengal,West Bengal City 2,4G,98.71,37.82,1.4,30.8,5,0,3.47
AIR102331,2025-11-15,Uttar Pradesh,Uttar Pradesh City 3,5G,97.89,143.33,0.59,24.5,79,0,3.8
AIR102332,2025-12-15,Rajasthan,Rajasthan City 3,5G,99.34,148.06,0.33,22,53,0,4.18
AIR102333,2025-02-15,Karnataka,Karnataka City 1,4G,97.98,32.03,1.55,25.5,81,1,3.53
AIR102334,2025-03-15,Gujarat,Gujarat City 3,4G,97.14,30.39,1.12,38.3,50,0,3.18
AIR102335,2025-04-15,Delhi,Delhi City 3,4G,98.47,23.64,1.29,42.9,63,0,4.14
AIR102336,2025-05-15,Delhi,Delhi City 2,4G,97.98,43.07,0.95,37.1,86,0,3.75
AIR102337,2025-06-15,Kerala,Kerala City 2,4G,98.54,43.64,0.89,51.2,42,0,3.19
AIR102338,2025-07-15,Maharashtra,Maharashtra City 2,4G,98.48,60.37,0.76,34.5,115,0,3.42
AIR102339,2025-08-15,Tamil Nadu,Tamil Nadu City 2,4G,98.49,44.9,0.86,37.1,88,0,3.9
AIR102340,2025-09-15,West Bengal,West Bengal City 2,4G,98.5,44.55,1.19,32.6,49,0,3.16
AIR102341,2025-10-15,Kerala,Kerala City 1,5G,99.86,170.19,0.85,22.3,101,0,4.2
AIR102342,2025-11-15,Maharashtra,Maharashtra City 1,4G,98.34,57.08,1.33,40.6,81,0,3.01
AIR102343,2025-12-15,Uttar Pradesh,Uttar Pradesh City 1,5G,99.09,170.34,0.45,25.1,120,0,4.56
AIR102344,2025-02-15,Telangana,Telangana City 2,4G,98,33.9,1.01,30,46,0,3.69
AIR102345,2025-03-15,Telangana,Telangana City 2,5G,99.34,192.89,0.46,25.5,53,0,3.54
AIR102346,2025-04-15,Tamil Nadu,Tamil Nadu City 2,4G,97.98,41.77,1.68,35.4,87,0,2.36
AIR102347,2025-05-15,Rajasthan,Rajasthan City 1,5G,99.26,259.15,0.61,25.9,118,0,3.89
AIR102348,2025-06-15,Karnataka,Karnataka City 2,5G,99.68,135.95,0.63,16.9,88,1,3.75
AIR102349,2025-07-15,Kerala,Kerala City 1,4G,98.84,21.13,1.98,35.6,11,0,3.42
AIR102350,2025-08-15,Kerala,Kerala City 2,4G,98.45,27.03,0.76,50,110,0,3.78
AIR102351,2025-09-15,West Bengal,West Bengal City 3,5G,98.58,117.65,0.73,19.3,49,0,3.69
AIR102352,2025-10-15,West Bengal,West Bengal City 1,5G,98.15,159.58,0.55,24.6,56,0,3.46
AIR102353,2025-11-15,Telangana,Telangana City 3,5G,100,107.9,0.9,9.8,89,0,3.44
AIR102354,2025-12-15,Telangana,Telangana City 1,5G,98.78,103.88,0.43,18.7,33,0,3.93
AIR102355,2025-02-15,Gujarat,Gujarat City 2,4G,97.63,36.12,0.89,36.2,13,0,3.59
AIR102356,2025-03-15,Gujarat,Gujarat City 2,4G,98.27,41.93,1.27,49,118,1,3.21
AIR102357,2025-04-15,Rajasthan,Rajasthan City 3,4G,97.52,54.21,1.14,37.3,57,1,2.53
AIR102358,2025-05-15,Gujarat,Gujarat City 2,5G,99.65,165.2,0.41,13,69,0,4.01
AIR102359,2025-06-15,Karnataka,Karnataka City 1,4G,97.66,34.12,1.3,39.9,66,1,2.56
AIR102360,2025-07-15,Karnataka,Karnataka City 2,4G,99.15,37.18,1.24,41.9,84,0,3.88
AIR102361,2025-08-15,Kerala,Kerala City 2,5G,99.06,130.44,1.12,18.4,47,0,3.8
AIR102362,2025-09-15,Delhi,Delhi City 1,5G,98.75,183.86,0.1,19.3,106,0,3.96
AIR102363,2025-10-15,Karnataka,Karnataka City 3,4G,98.25,32.54,1.39,53.7,9,0,3.78
AIR102364,2025-11-15,Maharashtra,Maharashtra City 3,4G,98.78,49.28,1.16,50.9,99,1,4.33
AIR102365,2025-12-15,Telangana,Telangana City 2,4G,97.48,47.76,1.19,33.4,77,0,3.2
AIR102366,2025-02-15,West Bengal,West Bengal City 1,4G,98.3,24.04,0.51,17.7,63,0,3.68
AIR102367,2025-03-15,Gujarat,Gujarat City 3,5G,100,203.77,0.58,22.5,95,1,4.17
AIR102368,2025-04-15,Kerala,Kerala City 3,4G,98.15,41.7,1.08,40.8,93,1,3.75
AIR102369,2025-05-15,Tamil Nadu,Tamil Nadu City 2,5G,99.29,138.95,0.58,27.3,5,0,4.21
AIR102370,2025-06-15,West Bengal,West Bengal City 1,5G,99.05,168.48,0.61,26.2,29,0,3.93
AIR102371,2025-07-15,Maharashtra,Maharashtra City 3,4G,98.01,47.81,1.08,47,56,0,3.32
AIR102372,2025-08-15,Gujarat,Gujarat City 2,4G,98.54,54.39,0.46,47.8,77,0,4.21
AIR102373,2025-09-15,Maharashtra,Maharashtra City 2,4G,98.45,53.35,1.07,16.5,65,1,3.4
AIR102374,2025-10-15,Telangana,Telangana City 2,4G,96.57,37.45,1.05,26,106,0,3.58
AIR102375,2025-11-15,Telangana,Telangana City 2,4G,98.67,32.51,1.53,39.7,124,0,4.17
AIR102376,2025-12-15,Rajasthan,Rajasthan City 3,5G,99.19,133.03,0.44,15.9,115,0,3.91
AIR102377,2025-02-15,Kerala,Kerala City 1,4G,98.74,43.77,0.84,53.4,24,0,3.05
AIR102378,2025-03-15,West Bengal,West Bengal City 2,5G,99.56,80.76,0.6,26.7,87,1,3.73
AIR102379,2025-04-15,Uttar Pradesh,Uttar Pradesh City 2,4G,98.31,49.7,1.21,44,61,0,3.86
AIR102380,2025-05-15,Uttar Pradesh,Uttar Pradesh City 3,4G,98.37,51.45,1.84,27.2,98,0,2.64
AIR102381,2025-06-15,West Bengal,West Bengal City 2,5G,100,141.23,1.01,11.1,46,0,4.36
AIR102382,2025-07-15,Tamil Nadu,Tamil Nadu City 2,4G,97.73,56.16,1.11,25.4,24,0,2.69
AIR102383,2025-08-15,Kerala,Kerala City 1,4G,98.8,58.57,0.85,36,59,1,3.64
AIR102384,2025-09-15,Maharashtra,Maharashtra City 2,4G,97.79,47.23,1.47,34.2,190,0,3.19
AIR102385,2025-10-15,Tamil Nadu,Tamil Nadu City 3,4G,97.35,42.03,0.75,30.4,132,1,3.58
AIR102386,2025-11-15,Delhi,Delhi City 1,5G,99.08,209.84,1.05,15.4,96,1,4.29
AIR102387,2025-12-15,West Bengal,West Bengal City 3,4G,98.55,33.78,0.89,44.2,71,0,2.87
AIR102388,2025-02-15,Maharashtra,Maharashtra City 1,4G,98.17,17.36,1.16,53.8,48,0,3.35
AIR102389,2025-03-15,Uttar Pradesh,Uttar Pradesh City 1,4G,98.37,11.28,1.33,43,17,0,3.04
AIR102390,2025-04-15,Karnataka,Karnataka City 2,5G,98.45,93.35,0.71,25.6,40,1,3.27
AIR102391,2025-05-15,Rajasthan,Rajasthan City 2,4G,98.69,40.8,0.85,41.5,66,0,3.24
AIR102392,2025-06-15,Uttar Pradesh,Uttar Pradesh City 2,4G,98.87,62.22,0.87,31.4,122,0,3.78
AIR102393,2025-07-15,Kerala,Kerala City 3,4G,98.62,45.69,1.56,33.8,82,0,3.44
AIR102394,2025-08-15,Telangana,Telangana City 2,4G,98.92,52.49,0.77,25.7,55,0,3.97
AIR102395,2025-09-15,Karnataka,Karnataka City 2,4G,99.5,43.96,0.95,39.3,66,1,3.59
AIR102396,2025-10-15,Rajasthan,Rajasthan City 1,4G,98.57,36.93,0.79,45.6,112,0,3.24
AIR102397,2025-11-15,Rajasthan,Rajasthan City 2,4G,98.16,40.5,1.25,36.8,81,0,3.71
AIR102398,2025-12-15,Delhi,Delhi City 2,4G,96.95,36.28,0.72,46.3,72,0,3.27
AIR102399,2025-02-15,Delhi,Delhi City 2,4G,97.16,31.95,0.73,17.4,107,0,3.36
AIR102400,2025-03-15,Gujarat,Gujarat City 2,5G,100,115.91,0.44,11.2,99,0,4.57
AIR102401,2025-04-15,Uttar Pradesh,Uttar Pradesh City 1,5G,99.41,139.08,0.59,14.6,59,0,3.65
AIR102402,2025-05-15,Uttar Pradesh,Uttar Pradesh City 2,4G,97.81,34.38,1.52,37.5,82,0,3.44
AIR102403,2025-06-15,Uttar Pradesh,Uttar Pradesh City 1,4G,98.66,47.14,0.78,42.3,78,0,3.98
AIR102404,2025-07-15,Gujarat,Gujarat City 3,4G,98.77,55.94,1,31.3,73,0,3.58
AIR102405,2025-08-15,Tamil Nadu,Tamil Nadu City 2,5G,99.77,113.75,0.91,23.5,31,1,4.09
AIR102406,2025-09-15,Rajasthan,Rajasthan City 2,4G,97.89,56.79,1.24,20.7,118,1,4.03
AIR102407,2025-10-15,Karnataka,Karnataka City 2,5G,99.53,178.71,0.65,27.3,100,0,4.55
AIR102408,2025-11-15,Kerala,Kerala City 1,4G,98.14,56.35,0.72,42.7,73,0,3.6
AIR102409,2025-12-15,Rajasthan,Rajasthan City 2,4G,98.93,61.13,1.47,29.9,12,0,3.49
AIR102410,2025-02-15,Delhi,Delhi City 2,5G,98.91,163.47,0.4,7.6,118,0,3.72
AIR102411,2025-03-15,Maharashtra,Maharashtra City 3,5G,99.93,154.76,1.11,16.9,25,0,3.88
AIR102412,2025-04-15,Telangana,Telangana City 1,5G,98.91,146.76,0.38,21.8,61,0,3.5
AIR102413,2025-05-15,Gujarat,Gujarat City 1,4G,100,40.45,0.66,24.3,66,0,3.93
AIR102414,2025-06-15,West Bengal,West Bengal City 3,4G,98.98,48.1,0.74,57.4,71,1,3.83
AIR102415,2025-07-15,Maharashtra,Maharashtra City 1,4G,98.12,48.86,0.81,38.2,55,1,3.88
AIR102416,2025-08-15,Kerala,Kerala City 2,4G,98.65,69.91,0.74,47.6,76,0,3.33
AIR102417,2025-09-15,Uttar Pradesh,Uttar Pradesh City 2,4G,97.95,19.34,0.75,38.5,111,0,3.58
AIR102418,2025-10-15,Delhi,Delhi City 3,4G,98.75,47.21,1.09,33.8,65,1,3.62
AIR102419,2025-11-15,Delhi,Delhi City 1,4G,99.75,56.27,1.01,31.6,81,0,3.64
AIR102420,2025-12-15,Delhi,Delhi City 1,4G,97.78,31.68,0.96,21.3,83,0,3.37
AIR102421,2025-02-15,Uttar Pradesh,Uttar Pradesh City 1,5G,99.4,127.46,0.51,20.6,97,1,3.89
AIR102422,2025-03-15,West Bengal,West Bengal City 3,5G,99.95,128.56,0.73,21.4,88,1,3.97
AIR102423,2025-04-15,Gujarat,Gujarat City 2,4G,97.9,26.64,1.02,59.3,83,0,2.92
AIR102424,2025-05-15,Maharashtra,Maharashtra City 3,4G,97.86,50.86,0.8,25.2,51,0,3.7
AIR102425,2025-06-15,Uttar Pradesh,Uttar Pradesh City 2,4G,98.34,61.51,1.76,38.2,67,1,2.72
AIR102426,2025-07-15,Kerala,Kerala City 3,5G,99.55,249.57,0.31,18.9,72,1,3.88
AIR102427,2025-08-15,Gujarat,Gujarat City 2,4G,99.03,38.28,0.34,42.7,89,1,4.15
AIR102428,2025-09-15,Kerala,Kerala City 1,5G,99.36,132.96,0.69,14,58,1,3.96
AIR102429,2025-10-15,Gujarat,Gujarat City 1,5G,98.61,170.72,0.73,16.9,28,0,3.72
AIR102430,2025-11-15,West Bengal,West Bengal City 1,4G,97.45,48.03,1.38,34.8,107,0,2.93
AIR102431,2025-12-15,Telangana,Telangana City 3,4G,97.54,56.47,0.75,40.8,58,0,2.66
AIR102432,2025-02-15,Kerala,Kerala City 3,5G,98.74,94.89,0.58,19.9,81,0,4.28
AIR102433,2025-03-15,Uttar Pradesh,Uttar Pradesh City 3,4G,97.82,39.99,1.47,56.6,110,1,3.22
AIR102434,2025-04-15,Gujarat,Gujarat City 1,5G,99.84,158.39,0.71,27.2,129,0,4.1
AIR102435,2025-05-15,Delhi,Delhi City 2,5G,98.43,30.17,0.86,16.6,74,0,3.38
AIR102436,2025-06-15,Rajasthan,Rajasthan City 1,4G,99.35,39.07,0.97,39.1,63,0,3.56
AIR102437,2025-07-15,Delhi,Delhi City 1,5G,99.76,82.69,0.52,11.4,26,0,4.21
AIR102438,2025-08-15,Tamil Nadu,Tamil Nadu City 2,5G,99.35,152.17,0.81,23.3,60,0,4.27
AIR102439,2025-09-15,Telangana,Telangana City 2,5G,99.43,132.06,0.61,19.8,139,0,4.19
AIR102440,2025-10-15,Telangana,Telangana City 2,4G,98.38,47.44,1.14,20.5,51,0,3.21
AIR102441,2025-11-15,Delhi,Delhi City 2,4G,98.29,45.65,0.99,38.8,87,0,3.25
AIR102442,2025-12-15,Maharashtra,Maharashtra City 1,4G,96.96,37.13,0.93,41.6,99,0,3.29
AIR102443,2025-02-15,West Bengal,West Bengal City 3,5G,99.1,101.23,0.36,33.7,42,0,4.24
AIR102444,2025-03-15,Kerala,Kerala City 1,5G,99.37,144.97,0.8,11.9,27,0,3.51
AIR102445,2025-04-15,Uttar Pradesh,Uttar Pradesh City 2,4G,98.79,64.16,1.57,52.2,43,0,3.09
AIR102446,2025-05-15,Telangana,Telangana City 3,4G,99.16,44.79,1.09,39.4,91,0,3.64
AIR102447,2025-06-15,Delhi,Delhi City 3,4G,97.71,56.78,0.84,33,68,1,3.75
AIR102448,2025-07-15,Delhi,Delhi City 1,5G,99.36,113.28,0.61,7.1,64,0,4.02
AIR102449,2025-08-15,West Bengal,West Bengal City 1,5G,98.62,144.35,0.37,31.6,72,0,3.85
AIR102450,2025-09-15,West Bengal,West Bengal City 1,5G,99.63,147.97,0.59,25.2,106,0,4.17
AIR102451,2025-10-15,Karnataka,Karnataka City 3,5G,99.06,230.05,0.58,21.3,34,0,3.84
AIR102452,2025-11-15,Karnataka,Karnataka City 3,5G,98.9,177.97,0.45,18,133,1,4
AIR102453,2025-12-15,Maharashtra,Maharashtra City 3,5G,100,134.96,0.73,14,74,0,3.92
AIR102454,2025-02-15,Maharashtra,Maharashtra City 2,4G,97.69,21.94,0.73,25.2,128,0,4.35
AIR102455,2025-03-15,Tamil Nadu,Tamil Nadu City 2,4G,98.51,45.64,1.09,28,47,0,4.3
AIR102456,2025-04-15,Maharashtra,Maharashtra City 1,5G,98.91,106.05,1.01,20.5,68,0,3.46
AIR102457,2025-05-15,Gujarat,Gujarat City 3,4G,96.75,53.77,0.58,51,122,0,3.64
AIR102458,2025-06-15,West Bengal,West Bengal City 1,4G,97.7,31.8,0.94,39.3,60,0,3.9
AIR102459,2025-07-15,Uttar Pradesh,Uttar Pradesh City 3,4G,98.97,25.09,0.46,39.2,104,1,4
AIR102460,2025-08-15,Gujarat,Gujarat City 1,4G,97.52,46.21,1.7,41.4,97,0,2.39
AIR102461,2025-09-15,Kerala,Kerala City 2,4G,96.97,19.74,1.08,37.3,115,0,3.41
AIR102462,2025-10-15,Delhi,Delhi City 3,4G,97.85,49.47,1.09,47.3,106,0,3.44
AIR102463,2025-11-15,Maharashtra,Maharashtra City 2,4G,97.72,44.43,0.9,35.4,22,0,3.31
AIR102464,2025-12-15,Delhi,Delhi City 3,4G,98.84,36,1.12,36.5,98,0,2.74
AIR102465,2025-02-15,Telangana,Telangana City 1,4G,98.26,60.39,1.25,48.1,111,1,3.07
AIR102466,2025-03-15,Tamil Nadu,Tamil Nadu City 3,5G,99.43,161.38,0.88,18.6,103,0,3.59
AIR102467,2025-04-15,Telangana,Telangana City 2,4G,98.98,35.26,0.81,56.3,55,0,3.42
AIR102468,2025-05-15,Tamil Nadu,Tamil Nadu City 3,4G,98.2,58.66,1.55,59.9,33,1,3.07
AIR102469,2025-06-15,Karnataka,Karnataka City 1,4G,97.1,48.34,1.31,25.8,114,1,2.95
AIR102470,2025-07-15,Delhi,Delhi City 3,4G,97.67,39.88,1.85,32.8,5,0,3.18
AIR102471,2025-08-15,Tamil Nadu,Tamil Nadu City 2,4G,97.8,27.62,1.47,33.7,105,0,3.48
AIR102472,2025-09-15,Rajasthan,Rajasthan City 1,5G,99.03,112.63,0.85,31.5,141,1,3.19
AIR102473,2025-10-15,Gujarat,Gujarat City 2,5G,99.03,162.54,0.77,18.4,51,0,3.81
AIR102474,2025-11-15,Tamil Nadu,Tamil Nadu City 3,4G,97.18,53.68,1.23,49.4,43,0,2.95
AIR102475,2025-12-15,Tamil Nadu,Tamil Nadu City 2,4G,98.08,27.38,0.56,36.7,49,0,3.76
AIR102476,2025-02-15,Gujarat,Gujarat City 3,4G,98.76,58.74,1.63,33,124,0,2.89
AIR102477,2025-03-15,Delhi,Delhi City 1,5G,99.25,208.74,0.19,26.6,66,0,4.06
AIR102478,2025-04-15,Delhi,Delhi City 2,5G,99,143.19,0.57,9.6,59,0,3.89
AIR102479,2025-05-15,Gujarat,Gujarat City 2,4G,98.81,54.39,1.36,40.4,89,0,3.18
AIR102480,2025-06-15,Telangana,Telangana City 3,5G,99.45,191.6,0.39,22.9,111,0,3.76
AIR102481,2025-07-15,Rajasthan,Rajasthan City 2,5G,99.35,123.62,0.49,14.6,106,0,3.62
AIR102482,2025-08-15,Uttar Pradesh,Uttar Pradesh City 2,5G,99.23,148.84,0.59,17.3,100,0,4.05
AIR102483,2025-09-15,Kerala,Kerala City 1,5G,99.02,201.78,0.37,24.2,122,1,3.43
AIR102484,2025-10-15,Rajasthan,Rajasthan City 3,5G,98.16,189.22,0.74,27.2,85,0,3.42
AIR102485,2025-11-15,Delhi,Delhi City 3,4G,97.34,57.42,1.15,43.6,113,0,3.38
AIR102486,2025-12-15,Uttar Pradesh,Uttar Pradesh City 1,4G,98.67,51.69,1.44,35,21,0,4.21
AIR102487,2025-02-15,Karnataka,Karnataka City 1,5G,99.2,23.73,0.73,27,24,1,4.07
AIR102488,2025-03-15,Maharashtra,Maharashtra City 3,4G,97.31,53.11,1.1,55.2,86,1,3.51
AIR102489,2025-04-15,Tamil Nadu,Tamil Nadu City 1,5G,98.95,169.13,0.15,28.8,64,0,4.42
AIR102490,2025-05-15,Gujarat,Gujarat City 1,4G,97.86,48.94,1.22,9.3,84,0,2.94
AIR102491,2025-06-15,Gujarat,Gujarat City 1,4G,98.78,39.17,1.45,35.3,82,0,3.37
AIR102492,2025-07-15,Tamil Nadu,Tamil Nadu City 3,4G,98.68,42.62,0.67,32.4,7,0,4.31
AIR102493,2025-08-15,Maharashtra,Maharashtra City 1,4G,98.22,39.66,1.05,55.4,129,0,3.58
AIR102494,2025-09-15,Kerala,Kerala City 2,4G,98.9,40.42,0.81,44,86,0,3.43
AIR102495,2025-10-15,Maharashtra,Maharashtra City 2,5G,99.12,143.77,0.6,20,82,0,3.82
AIR102496,2025-11-15,Uttar Pradesh,Uttar Pradesh City 3,4G,98.9,44.25,1.59,51.2,57,0,3.43
AIR102497,2025-12-15,Maharashtra,Maharashtra City 1,5G,99.4,129.85,1.05,23.2,15,1,3.45
AIR102498,2025-02-15,Uttar Pradesh,Uttar Pradesh City 2,4G,98.07,21.48,1.46,18.5,91,0,2.99
AIR102499,2025-03-15,Maharashtra,Maharashtra City 3,5G,99.89,86.59,0.37,24,73,0,4.39
AIR102500,2025-04-15,Kerala,Kerala City 2,4G,97.94,47.54,0.18,51.7,151,1,3.46
AIR102501,2025-05-15,Kerala,Kerala City 1,5G,98.86,174.48,0.98,18.9,75,0,3.64
AIR102502,2025-06-15,Delhi,Delhi City 3,4G,97.41,23.55,1.06,32.4,94,1,3.44
AIR102503,2025-07-15,Tamil Nadu,Tamil Nadu City 2,4G,98.24,38.85,1.13,36.5,39,1,3.16
AIR102504,2025-08-15,Kerala,Kerala City 3,4G,99.49,26.39,1.22,42.7,23,0,3.19
AIR102505,2025-09-15,Uttar Pradesh,Uttar Pradesh City 2,4G,98.47,37.36,1.62,43.4,53,0,3.26
AIR102506,2025-10-15,Kerala,Kerala City 2,5G,99.82,121.92,0.46,16.3,54,1,4.29
AIR102507,2025-11-15,Delhi,Delhi City 1,5G,98.91,229.42,0.55,14.2,55,0,4.71
AIR102508,2025-12-15,Gujarat,Gujarat City 1,5G,98.98,151.16,0.52,14.4,92,1,3.65
AIR102509,2025-02-15,Uttar Pradesh,Uttar Pradesh City 2,4G,98.37,41.55,0.65,44.7,39,1,3.9
AIR102510,2025-03-15,Delhi,Delhi City 3,5G,98.91,135.11,1.08,11.7,54,1,3.63
AIR102511,2025-04-15,Telangana,Telangana City 3,5G,98.96,96.84,1,17.4,113,1,3.96
AIR102512,2025-05-15,Telangana,Telangana City 1,4G,98.73,37.09,1.12,32.5,32,0,3.94
AIR102513,2025-06-15,Karnataka,Karnataka City 2,4G,97.07,54.28,1.24,41.9,5,1,2.95
AIR102514,2025-07-15,Maharashtra,Maharashtra City 1,4G,98.46,60.26,1.15,15.8,44,0,3.69
AIR102515,2025-08-15,Tamil Nadu,Tamil Nadu City 2,4G,98.79,43.82,1.01,40.8,69,1,3.49
AIR102516,2025-09-15,West Bengal,West Bengal City 2,4G,99.54,50.57,1.13,46.4,54,0,3.73
AIR102517,2025-10-15,Rajasthan,Rajasthan City 1,4G,99.83,40.62,1.13,45.4,128,0,3.76
AIR102518,2025-11-15,Delhi,Delhi City 3,5G,99.3,104.28,0.37,23.7,157,1,4.68
AIR102519,2025-12-15,Gujarat,Gujarat City 1,4G,97.25,37.26,0.68,29.7,51,0,3.01
AIR102520,2025-02-15,Rajasthan,Rajasthan City 2,4G,97.82,71.27,1.65,35.3,85,0,3.17
AIR102521,2025-03-15,Gujarat,Gujarat City 1,5G,98.26,180.46,0.52,15.3,54,0,4.04
AIR102522,2025-04-15,Rajasthan,Rajasthan City 3,5G,99.18,177.91,0.68,18.4,65,0,3.49
AIR102523,2025-05-15,Delhi,Delhi City 3,5G,98.73,108.89,0.64,28.9,138,1,4.07
AIR102524,2025-06-15,West Bengal,West Bengal City 2,4G,98.44,72.06,1.44,36,96,0,3.64
AIR102525,2025-07-15,Rajasthan,Rajasthan City 1,4G,99.82,56.55,1.53,41.1,6,0,3.38
AIR102526,2025-08-15,Delhi,Delhi City 3,4G,98.11,47.64,0.82,11.7,33,0,3.59
AIR102527,2025-09-15,Kerala,Kerala City 1,4G,97.39,65.18,0.84,43.4,118,0,3.37
AIR102528,2025-10-15,West Bengal,West Bengal City 3,4G,98.62,47.8,0.99,31.5,68,0,4.08
AIR102529,2025-11-15,Uttar Pradesh,Uttar Pradesh City 2,4G,97.48,54.71,0.85,45.4,97,0,3.22
AIR102530,2025-12-15,Gujarat,Gujarat City 2,5G,99.3,155.47,0.77,16.2,83,0,3.53
AIR102531,2025-02-15,Telangana,Telangana City 1,4G,98.18,43.11,0.69,39.3,76,0,3.36
AIR102532,2025-03-15,Maharashtra,Maharashtra City 2,4G,99.98,44.94,0.74,28,81,0,4.21
AIR102533,2025-04-15,Telangana,Telangana City 3,4G,97.95,46.41,0.95,28.5,44,1,3.72
AIR102534,2025-05-15,West Bengal,West Bengal City 2,5G,99.67,107.48,0.79,29.7,99,1,4.08
AIR102535,2025-06-15,Uttar Pradesh,Uttar Pradesh City 3,4G,98.02,40.94,1.23,57.7,73,0,2.54
AIR102536,2025-07-15,Gujarat,Gujarat City 3,4G,98.33,39.31,1.15,42.6,84,1,4.06
AIR102537,2025-08-15,Uttar Pradesh,Uttar Pradesh City 2,4G,99.31,55.96,0.69,26.5,76,0,4.06
AIR102538,2025-09-15,Rajasthan,Rajasthan City 3,4G,98.8,31.29,0.56,47.7,139,1,3.77
AIR102539,2025-10-15,Gujarat,Gujarat City 3,4G,98.23,54.41,1.09,49.4,70,0,3.93
AIR102540,2025-11-15,Rajasthan,Rajasthan City 1,4G,97.99,49.44,1.56,39.3,56,0,3.13
AIR102541,2025-12-15,Delhi,Delhi City 1,4G,99.42,27.4,1.62,56.1,35,0,3.66
AIR102542,2025-02-15,West Bengal,West Bengal City 1,5G,98.89,110.89,0.59,26,47,0,3.71
AIR102543,2025-03-15,Delhi,Delhi City 2,4G,98.27,52.83,1.21,26.5,136,0,3.8
AIR102544,2025-04-15,Karnataka,Karnataka City 1,5G,98.75,159.45,0.55,10.3,71,0,3.69
AIR102545,2025-05-15,Uttar Pradesh,Uttar Pradesh City 3,4G,99.08,44.47,0.96,32.1,5,0,3.97
AIR102546,2025-06-15,Rajasthan,Rajasthan City 2,4G,97.63,33.85,1.74,46.2,84,0,2.98
AIR102547,2025-07-15,Kerala,Kerala City 2,4G,98.06,65.53,0.99,49.5,89,0,3.65
AIR102548,2025-08-15,Delhi,Delhi City 2,4G,98.79,43.52,1.32,35.3,87,0,4.02
AIR102549,2025-09-15,Karnataka,Karnataka City 2,4G,98.44,44.98,1.58,54,79,0,3.16
AIR102550,2025-10-15,Tamil Nadu,Tamil Nadu City 3,4G,97.71,47.28,0.37,53.9,43,1,3.37
AIR102551,2025-11-15,Telangana,Telangana City 3,5G,99.92,103.39,0.28,19.4,49,0,4.58
AIR102552,2025-12-15,Gujarat,Gujarat City 1,5G,98.93,166.25,0.05,24.4,57,1,4.09
AIR102553,2025-02-15,Karnataka,Karnataka City 2,5G,98.48,187.61,0.48,23.8,65,0,3.84
AIR102554,2025-03-15,West Bengal,West Bengal City 1,4G,97.91,41.02,1.28,15.2,110,0,3.46
AIR102555,2025-04-15,Delhi,Delhi City 3,4G,97.54,49.15,0.73,32.7,71,1,3.45
AIR102556,2025-05-15,West Bengal,West Bengal City 2,4G,98.62,52.24,1.46,39.2,65,0,3.41
AIR102557,2025-06-15,Telangana,Telangana City 3,5G,98.33,186.9,0.69,26.6,68,0,3.88
AIR102558,2025-07-15,Kerala,Kerala City 1,4G,96.2,51.88,1.22,49.4,42,0,2.98
AIR102559,2025-08-15,Uttar Pradesh,Uttar Pradesh City 3,4G,97.37,47.45,0.42,50.9,61,0,3.62
AIR102560,2025-09-15,Uttar Pradesh,Uttar Pradesh City 2,5G,98.68,199.99,0.61,15.1,77,0,4.24
AIR102561,2025-10-15,West Bengal,West Bengal City 2,4G,98.91,29.96,1.09,31.8,52,0,3.27
AIR102562,2025-11-15,Rajasthan,Rajasthan City 1,4G,97.07,27.64,1.05,41.1,76,0,2.88
AIR102563,2025-12-15,Kerala,Kerala City 2,4G,98.79,23.04,0.63,22.8,48,0,3.48
AIR102564,2025-02-15,Uttar Pradesh,Uttar Pradesh City 3,4G,99.37,48.72,1.01,40.8,96,1,3.94
AIR102565,2025-03-15,Kerala,Kerala City 3,5G,98.81,149.69,0.67,9.7,120,0,4.07
AIR102566,2025-04-15,Karnataka,Karnataka City 3,4G,98.52,58.42,1.49,28.4,141,0,3.08
AIR102567,2025-05-15,Kerala,Kerala City 3,5G,99.17,156.23,0.8,22.6,101,0,3.82
AIR102568,2025-06-15,Maharashtra,Maharashtra City 1,4G,96.96,46.54,1.25,36.2,76,0,2.92
AIR102569,2025-07-15,Telangana,Telangana City 3,4G,97.81,35.42,1.46,37.9,73,0,2.91
AIR102570,2025-08-15,Uttar Pradesh,Uttar Pradesh City 1,5G,98.64,209.19,0.8,26.2,60,0,4.28
AIR102571,2025-09-15,Kerala,Kerala City 3,4G,98.87,45.85,1.22,24.2,155,0,3.43
AIR102572,2025-10-15,West Bengal,West Bengal City 1,4G,98.76,41.31,0.68,24.4,92,0,3.79
AIR102573,2025-11-15,Tamil Nadu,Tamil Nadu City 3,4G,98.08,39.15,0.78,30.3,37,0,3.31
AIR102574,2025-12-15,Maharashtra,Maharashtra City 3,4G,98.73,48.73,1.26,34.4,100,0,3.55
AIR102575,2025-02-15,Maharashtra,Maharashtra City 1,5G,98.96,125.58,0.73,30.1,82,0,3.96
AIR102576,2025-03-15,Rajasthan,Rajasthan City 2,5G,99.59,90.43,0.46,29.4,125,1,3.62
AIR102577,2025-04-15,Kerala,Kerala City 2,5G,99.41,202.43,0.84,18.5,44,0,4.16
AIR102578,2025-05-15,Rajasthan,Rajasthan City 2,4G,97.7,20.27,0.72,47,155,0,4.12
AIR102579,2025-06-15,Rajasthan,Rajasthan City 1,4G,97.19,27.91,0.98,28.9,67,0,2.7
AIR102580,2025-07-15,Tamil Nadu,Tamil Nadu City 2,4G,98.13,57.01,1.18,33.1,92,0,4.14
AIR102581,2025-08-15,Karnataka,Karnataka City 2,5G,99.12,150.75,0.99,25.2,82,1,3.84
AIR102582,2025-09-15,Kerala,Kerala City 1,5G,99.99,155.52,0.92,21.1,91,1,3.98
AIR102583,2025-10-15,Delhi,Delhi City 2,4G,97.69,44.89,1.23,42.5,91,0,4.3
AIR102584,2025-11-15,Uttar Pradesh,Uttar Pradesh City 2,4G,97.71,47.76,0.55,51.4,115,0,3.6
AIR102585,2025-12-15,Rajasthan,Rajasthan City 2,4G,98.94,55.41,1.42,31.7,112,1,3.36
AIR102586,2025-02-15,Telangana,Telangana City 1,4G,97.68,40.02,0.39,46,47,0,3.95
AIR102587,2025-03-15,Gujarat,Gujarat City 1,4G,99.1,42.61,1,42.2,142,0,3.55
AIR102588,2025-04-15,Telangana,Telangana City 2,4G,98.22,30.06,0.88,26,64,1,4.24
AIR102589,2025-05-15,Tamil Nadu,Tamil Nadu City 2,4G,97.94,33.11,0.34,52.3,107,1,3.82
AIR102590,2025-06-15,Tamil Nadu,Tamil Nadu City 1,5G,98.76,103.56,0.96,24.8,86,0,3.94
AIR102591,2025-07-15,West Bengal,West Bengal City 2,5G,100,133.74,0.19,20.3,94,0,4.43
AIR102592,2025-08-15,Karnataka,Karnataka City 1,5G,99.29,131.54,0.97,13.1,89,0,4.05
AIR102593,2025-09-15,Uttar Pradesh,Uttar Pradesh City 2,4G,97.18,60.23,0.87,32.2,46,0,3.54
AIR102594,2025-10-15,Rajasthan,Rajasthan City 1,4G,99.67,35.67,1.25,51.2,66,0,4.01
AIR102595,2025-11-15,Telangana,Telangana City 3,4G,98.83,39.98,1.64,41,93,0,3.11
AIR102596,2025-12-15,Gujarat,Gujarat City 3,4G,98.38,45.35,1.29,47.5,126,1,3.05
AIR102597,2025-02-15,Tamil Nadu,Tamil Nadu City 1,4G,95.88,43.37,0.51,38.9,98,0,3.65
AIR102598,2025-03-15,Tamil Nadu,Tamil Nadu City 3,5G,100,175.17,0.7,33.1,64,0,4.15
AIR102599,2025-04-15,Karnataka,Karnataka City 2,4G,98.14,31.25,1.19,42.7,80,0,3.43
AIR102600,2025-05-15,Gujarat,Gujarat City 1,5G,99.92,119.98,0.69,17.5,106,0,4.08
AIR102601,2025-06-15,Gujarat,Gujarat City 1,5G,98.7,178.39,0.54,23.6,98,0,4.14
AIR102602,2025-07-15,Karnataka,Karnataka City 2,5G,99.11,129.76,0.88,16.3,42,0,4.16
AIR102603,2025-08-15,Tamil Nadu,Tamil Nadu City 2,5G,99.36,190.64,0.97,12.1,94,0,3.85
AIR102604,2025-09-15,Uttar Pradesh,Uttar Pradesh City 1,4G,98.87,67.64,1.43,37,55,0,3.33
AIR102605,2025-10-15,Kerala,Kerala City 2,5G,99.09,160.36,0.05,14.7,104,0,3.82
AIR102606,2025-11-15,Kerala,Kerala City 1,4G,98.81,32.05,1.43,53.1,44,0,3.87
AIR102607,2025-12-15,Karnataka,Karnataka City 2,5G,100,128.85,0.76,21.3,84,0,3.59
AIR102608,2025-02-15,Gujarat,Gujarat City 1,4G,99.58,40.14,1.33,31.8,85,0,3.92
AIR102609,2025-03-15,Rajasthan,Rajasthan City 2,4G,98.41,38.26,0.77,35.1,89,0,3.56
AIR102610,2025-04-15,Karnataka,Karnataka City 2,4G,96.63,38.76,0.75,23.4,56,0,2.8
AIR102611,2025-05-15,Uttar Pradesh,Uttar Pradesh City 3,4G,98.65,39.31,1.34,33.9,63,0,3.86
AIR102612,2025-06-15,Karnataka,Karnataka City 3,4G,97.55,37.29,1.23,48.1,101,0,2.49
AIR102613,2025-07-15,Maharashtra,Maharashtra City 3,4G,98.01,50.29,0.57,33.9,85,0,4.11
AIR102614,2025-08-15,Telangana,Telangana City 2,5G,99.35,205.33,0.76,27.8,74,1,3.67
AIR102615,2025-09-15,Gujarat,Gujarat City 1,4G,98.52,42.94,1.16,36.9,112,0,3.72
AIR102616,2025-10-15,West Bengal,West Bengal City 2,4G,99.05,37.52,0.92,26.7,66,0,4.45
AIR102617,2025-11-15,West Bengal,West Bengal City 3,4G,98.36,46.89,0.96,32.3,66,0,3.4
AIR102618,2025-12-15,Gujarat,Gujarat City 2,4G,99.26,44.06,1.08,25.5,106,1,3.28
AIR102619,2025-02-15,Uttar Pradesh,Uttar Pradesh City 3,4G,97.87,24.94,0.69,37.4,131,0,4.6
AIR102620,2025-03-15,Maharashtra,Maharashtra City 3,5G,98.68,149.97,1.08,12.3,12,0,3.39
AIR102621,2025-04-15,Maharashtra,Maharashtra City 1,4G,97.17,42.2,0.92,45.9,95,0,3.58
AIR102622,2025-05-15,Tamil Nadu,Tamil Nadu City 1,4G,97.16,57.42,1.31,50.5,125,1,3.58
AIR102623,2025-06-15,Telangana,Telangana City 3,4G,98.6,31.23,1.02,41.7,68,0,3.33
AIR102624,2025-07-15,Kerala,Kerala City 3,4G,97.23,46.26,1.36,39.2,71,0,3.57
AIR102625,2025-08-15,Delhi,Delhi City 2,4G,98.91,55.03,1.22,37,74,0,3.68
AIR102626,2025-09-15,Uttar Pradesh,Uttar Pradesh City 3,5G,98.99,130.82,0.67,19.8,94,0,3.46
AIR102627,2025-10-15,Delhi,Delhi City 2,4G,99.01,41.83,0.38,33.5,34,0,3.61
AIR102628,2025-11-15,Delhi,Delhi City 3,4G,98.77,28.44,0.98,28.4,64,0,3.88
AIR102629,2025-12-15,Gujarat,Gujarat City 1,4G,99.1,47.22,1.05,27.1,24,0,4.01
AIR102630,2025-02-15,West Bengal,West Bengal City 1,4G,99.06,35.1,0.96,40.1,30,0,3.95
AIR102631,2025-03-15,West Bengal,West Bengal City 3,5G,99.42,176.11,0.92,24.6,135,0,3.37
AIR102632,2025-04-15,Kerala,Kerala City 2,4G,98.14,33.35,1.3,28.6,44,0,3.66
AIR102633,2025-05-15,Gujarat,Gujarat City 2,4G,99.1,59.95,0.89,29.8,72,1,4.12
AIR102634,2025-06-15,Delhi,Delhi City 2,5G,99.02,99.63,0.58,17.7,63,1,3.83
AIR102635,2025-07-15,Rajasthan,Rajasthan City 3,4G,97.99,46.03,1.43,28.1,99,0,3.23
AIR102636,2025-08-15,West Bengal,West Bengal City 3,5G,98.9,125.55,0.79,15.5,81,0,3.38
AIR102637,2025-09-15,Uttar Pradesh,Uttar Pradesh City 1,4G,98.03,56.76,0.92,27.7,62,0,3.78
AIR102638,2025-10-15,Uttar Pradesh,Uttar Pradesh City 1,4G,97.93,46.55,1.25,40.8,5,0,3.06
AIR102639,2025-11-15,Tamil Nadu,Tamil Nadu City 3,5G,98.72,188.32,0.98,20.4,70,0,3.16
AIR102640,2025-12-15,Karnataka,Karnataka City 1,5G,98.89,150.13,0.64,15.6,92,0,4.39
AIR102641,2025-02-15,Rajasthan,Rajasthan City 2,4G,98.67,44.94,1.07,47.8,57,0,3.29
AIR102642,2025-03-15,West Bengal,West Bengal City 2,5G,99.16,154.5,0.79,23.1,83,0,3.36
AIR102643,2025-04-15,Maharashtra,Maharashtra City 3,4G,98.35,38.39,0.72,13.9,26,1,3.91
AIR102644,2025-05-15,West Bengal,West Bengal City 2,4G,97.18,54.2,1.09,46.1,53,0,3.28
AIR102645,2025-06-15,Tamil Nadu,Tamil Nadu City 3,4G,98.3,46.28,0.84,38.1,104,0,3.07
AIR102646,2025-07-15,Uttar Pradesh,Uttar Pradesh City 2,4G,99.29,35.04,1.19,39.7,44,0,3.37
AIR102647,2025-08-15,Delhi,Delhi City 3,5G,99.88,170.17,0.66,17.1,43,0,4.25
AIR102648,2025-09-15,Maharashtra,Maharashtra City 2,4G,97.72,45.01,1.46,43.7,61,1,3.6
AIR102649,2025-10-15,Gujarat,Gujarat City 2,4G,98.69,41.44,0.88,36.9,88,0,3.43
AIR102650,2025-11-15,Telangana,Telangana City 1,5G,98.63,169.55,0.45,26,38,1,3.73
AIR102651,2025-12-15,Delhi,Delhi City 1,4G,99.56,59.81,1.3,48.9,116,1,4
AIR102652,2025-02-15,Telangana,Telangana City 1,4G,98.95,51.14,0.88,41.5,20,0,3.76
AIR102653,2025-03-15,Rajasthan,Rajasthan City 1,4G,98.48,51.52,1.4,34.8,114,0,3.67
AIR102654,2025-04-15,Karnataka,Karnataka City 1,4G,98.76,38.08,1.18,34.9,46,0,3.37
AIR102655,2025-05-15,Maharashtra,Maharashtra City 1,5G,98.23,123.8,0.62,21.5,83,0,4.13
AIR102656,2025-06-15,Kerala,Kerala City 3,4G,98.45,54.23,0.8,35.7,5,0,3.83
AIR102657,2025-07-15,Maharashtra,Maharashtra City 3,4G,99.85,42.2,1.1,46,125,0,3.23
AIR102658,2025-08-15,West Bengal,West Bengal City 1,5G,99.77,164.04,0.73,23.4,84,0,4.15
AIR102659,2025-09-15,Uttar Pradesh,Uttar Pradesh City 3,4G,97.91,41.92,1.77,43,80,0,2.96
AIR102660,2025-10-15,West Bengal,West Bengal City 1,4G,99.23,44.37,1.57,28.5,79,0,3.14
AIR102661,2025-11-15,West Bengal,West Bengal City 3,5G,98.67,131.77,0.61,19,58,1,3.85
AIR102662,2025-12-15,Rajasthan,Rajasthan City 2,4G,97.49,27.96,1.43,37.8,129,0,3.29
AIR102663,2025-02-15,Delhi,Delhi City 3,4G,99.44,39.72,0.9,41.9,73,1,3.91
AIR102664,2025-03-15,Kerala,Kerala City 3,4G,97.85,74.11,0.4,42.6,123,0,3.92
AIR102665,2025-04-15,Kerala,Kerala City 3,4G,98.16,26.52,1.21,47.6,63,0,3
AIR102666,2025-05-15,West Bengal,West Bengal City 2,4G,98.02,57.23,0.79,31.3,55,0,3.73
AIR102667,2025-06-15,Telangana,Telangana City 1,4G,99.74,37.17,0.59,51.8,35,0,3.87
AIR102668,2025-07-15,Rajasthan,Rajasthan City 3,5G,99.72,131.68,0.71,23.7,74,0,3.83
AIR102669,2025-08-15,West Bengal,West Bengal City 3,4G,98.68,39.79,0.99,53.4,164,1,3.62
AIR102670,2025-09-15,Karnataka,Karnataka City 2,4G,97.2,26.44,0.32,35.9,109,0,3.71
AIR102671,2025-10-15,Uttar Pradesh,Uttar Pradesh City 1,5G,99.09,153.97,0.73,13.3,64,1,4.01
AIR102672,2025-11-15,Delhi,Delhi City 3,4G,97.77,58.65,1.26,45.8,93,0,2.75
AIR102673,2025-12-15,Gujarat,Gujarat City 2,5G,98.43,139.82,0.32,18.3,92,0,4.36
AIR102674,2025-02-15,Karnataka,Karnataka City 1,4G,98.01,33.03,1.5,39.4,113,0,3.36
AIR102675,2025-03-15,Telangana,Telangana City 1,4G,98.28,42.43,0.88,37,116,0,3.66
AIR102676,2025-04-15,Maharashtra,Maharashtra City 3,5G,99.12,87.25,0.73,23,94,0,4.52
AIR102677,2025-05-15,Maharashtra,Maharashtra City 3,4G,99.06,53.86,1,25,167,0,3.91
AIR102678,2025-06-15,Karnataka,Karnataka City 3,5G,99.5,119.14,0.95,24.9,52,0,3.79
AIR102679,2025-07-15,West Bengal,West Bengal City 3,4G,97.87,40.33,1.32,48.8,26,1,3.21
AIR102680,2025-08-15,Gujarat,Gujarat City 2,4G,97.4,45.21,0.97,30.1,130,1,3.71
AIR102681,2025-09-15,Tamil Nadu,Tamil Nadu City 2,4G,99.02,30.03,0.96,50.1,74,1,3.05
AIR102682,2025-10-15,Tamil Nadu,Tamil Nadu City 3,4G,98.06,38.94,1.52,54.2,70,0,3.49
AIR102683,2025-11-15,Telangana,Telangana City 1,5G,99.73,144.24,0.96,24.6,33,0,3.97
AIR102684,2025-12-15,West Bengal,West Bengal City 3,5G,99.77,168.21,0.32,10.6,60,0,4.43
AIR102685,2025-02-15,Kerala,Kerala City 1,5G,98.42,146.19,1.04,19,19,0,3.5
AIR102686,2025-03-15,Kerala,Kerala City 1,4G,97.25,70,0.71,36.6,100,0,3.43
AIR102687,2025-04-15,Delhi,Delhi City 1,4G,97.62,31.48,1.18,26,69,0,3.16
AIR102688,2025-05-15,Gujarat,Gujarat City 2,4G,98.2,42.6,1.18,34.8,137,1,3.29
AIR102689,2025-06-15,Gujarat,Gujarat City 1,4G,98.73,43.76,1.21,47.8,139,0,3.8
AIR102690,2025-07-15,Maharashtra,Maharashtra City 1,5G,98.69,204.4,1.11,25.5,73,0,3.64
AIR102691,2025-08-15,Rajasthan,Rajasthan City 2,4G,97.6,41.06,1.09,49.9,130,0,3.58
AIR102692,2025-09-15,Telangana,Telangana City 1,4G,97.67,46.24,1.08,28.4,34,1,3.8
AIR102693,2025-10-15,Tamil Nadu,Tamil Nadu City 1,5G,99.4,146.13,0.93,17.7,88,0,3.71
AIR102694,2025-11-15,Telangana,Telangana City 3,5G,98.8,91.98,0.22,14.7,100,0,3.82
AIR102695,2025-12-15,Kerala,Kerala City 1,4G,99.03,57.5,1.38,42.9,28,0,3.91
AIR102696,2025-02-15,Kerala,Kerala City 1,4G,98.27,39.24,1.15,47,74,1,3.94
AIR102697,2025-03-15,Karnataka,Karnataka City 1,4G,99.53,38.26,0.47,42.2,89,0,3.75
AIR102698,2025-04-15,Delhi,Delhi City 1,4G,99.29,52.51,1.58,33.2,53,0,3.37
AIR102699,2025-05-15,Gujarat,Gujarat City 1,4G,98.76,60.94,1.13,30.8,51,0,3.74
AIR102700,2025-06-15,Uttar Pradesh,Uttar Pradesh City 2,4G,97.92,25.54,1.04,47.9,85,0,3.07
AIR102701,2025-07-15,Telangana,Telangana City 1,5G,99.46,187.58,0.62,18.3,98,1,3.74
AIR102702,2025-08-15,Kerala,Kerala City 1,4G,98.12,44.91,0.78,37.7,51,0,3.88
AIR102703,2025-09-15,Rajasthan,Rajasthan City 2,4G,97.59,21.53,0.86,46,155,0,3.38
AIR102704,2025-10-15,Maharashtra,Maharashtra City 2,4G,98.15,38.59,1.04,33.6,71,0,3.27
AIR102705,2025-11-15,Tamil Nadu,Tamil Nadu City 1,5G,99.19,108.02,0.33,20.7,36,1,4.49
AIR102706,2025-12-15,Delhi,Delhi City 1,4G,97.9,33.51,0.93,37.4,57,0,3.58
AIR102707,2025-02-15,Rajasthan,Rajasthan City 1,5G,98.81,215.29,0.59,16.3,139,1,3.52
AIR102708,2025-03-15,Delhi,Delhi City 3,5G,98.28,119.48,0.44,17.4,97,0,3.76
AIR102709,2025-04-15,Karnataka,Karnataka City 3,5G,99.96,89.14,0.23,22.5,111,0,4.08
AIR102710,2025-05-15,Uttar Pradesh,Uttar Pradesh City 1,5G,99.53,133.47,0.59,20,69,0,4.81
AIR102711,2025-06-15,Kerala,Kerala City 2,4G,99.01,50.86,0.98,54.4,57,1,3.02
AIR102712,2025-07-15,Maharashtra,Maharashtra City 1,4G,98.18,16.08,0.7,35.5,81,0,3.92
AIR102713,2025-08-15,Rajasthan,Rajasthan City 2,4G,96.87,51.03,0.83,48.5,58,1,3.25
AIR102714,2025-09-15,Delhi,Delhi City 2,4G,97.96,61.31,0.66,33.9,156,0,3.51
AIR102715,2025-10-15,Gujarat,Gujarat City 2,4G,97.77,59.96,0.7,29.7,53,1,3.35
AIR102716,2025-11-15,Karnataka,Karnataka City 1,5G,99.86,97.49,0.45,29.6,83,0,4.62
AIR102717,2025-12-15,Gujarat,Gujarat City 1,4G,98.32,58.24,0.85,34.2,101,1,3.54
AIR102718,2025-02-15,Maharashtra,Maharashtra City 2,5G,98.16,204.02,0.45,25.3,9,1,3.79
AIR102719,2025-03-15,Rajasthan,Rajasthan City 3,4G,97.08,56.44,0.67,34.4,84,1,3.86
AIR102720,2025-04-15,Karnataka,Karnataka City 3,4G,96.69,32.68,1.25,13.9,109,0,2.96
AIR102721,2025-05-15,Rajasthan,Rajasthan City 3,5G,99.73,172.3,0.7,24.6,59,0,4.33
AIR102722,2025-06-15,Kerala,Kerala City 2,4G,97.36,63.61,1.46,49.8,38,1,3.16
AIR102723,2025-07-15,West Bengal,West Bengal City 1,5G,98.62,184.19,0.67,19.3,78,0,3.32
AIR102724,2025-08-15,Karnataka,Karnataka City 2,5G,98.31,170.8,0.65,13.6,55,1,3.67
AIR102725,2025-09-15,Gujarat,Gujarat City 3,4G,97.2,50.68,1.29,28.7,92,1,2.6
AIR102726,2025-10-15,Maharashtra,Maharashtra City 1,4G,98.43,42.55,1.21,43.3,40,0,3.12
AIR102727,2025-11-15,Uttar Pradesh,Uttar Pradesh City 2,4G,98.75,59.97,0.07,42.7,80,0,3.52
AIR102728,2025-12-15,Kerala,Kerala City 2,5G,99.51,53.24,0.93,20.2,61,1,4.42
AIR102729,2025-02-15,West Bengal,West Bengal City 3,4G,97.29,35.84,1.55,25.1,123,0,3.13
AIR102730,2025-03-15,Uttar Pradesh,Uttar Pradesh City 2,4G,98.04,49.79,1.29,30.6,113,0,3.57
AIR102731,2025-04-15,Tamil Nadu,Tamil Nadu City 1,5G,99.7,188.59,0.56,14.9,68,0,4.53
AIR102732,2025-05-15,Kerala,Kerala City 3,4G,99.72,24.03,1.1,36.7,52,1,3.74
AIR102733,2025-06-15,Maharashtra,Maharashtra City 3,5G,99.13,172.47,0.76,14.5,21,0,3.84
AIR102734,2025-07-15,Delhi,Delhi City 1,5G,99.09,193.15,0.96,17.1,107,1,4.11
AIR102735,2025-08-15,Karnataka,Karnataka City 3,5G,99.03,98.65,0.61,24.6,23,1,3.83
AIR102736,2025-09-15,Rajasthan,Rajasthan City 2,5G,99.2,164.96,0.49,12.5,85,0,4.15
AIR102737,2025-10-15,Maharashtra,Maharashtra City 2,4G,98.04,48.33,1.02,19.7,37,0,4.14
AIR102738,2025-11-15,Karnataka,Karnataka City 3,5G,99.79,171.16,0.94,17.2,93,0,4.01
AIR102739,2025-12-15,Uttar Pradesh,Uttar Pradesh City 1,4G,96.7,42.32,1.39,41.7,102,0,3.94
AIR102740,2025-02-15,Rajasthan,Rajasthan City 2,4G,97.99,46.44,0.9,17.5,43,0,3.46
AIR102741,2025-03-15,Telangana,Telangana City 1,4G,97.95,65.36,1,40.2,76,0,3.52
AIR102742,2025-04-15,Gujarat,Gujarat City 2,5G,99.12,172,0.63,20.1,37,0,3.54
AIR102743,2025-05-15,Tamil Nadu,Tamil Nadu City 2,5G,99.49,212.01,0.86,11.2,100,1,3.78
AIR102744,2025-06-15,Kerala,Kerala City 3,5G,99.88,171.11,0.7,23.6,102,0,3.8
AIR102745,2025-07-15,Maharashtra,Maharashtra City 3,4G,99.21,35.08,0.64,28.6,126,0,4.3
AIR102746,2025-08-15,Tamil Nadu,Tamil Nadu City 1,5G,99.1,184.06,0.82,20.5,78,0,3.89
AIR102747,2025-09-15,Delhi,Delhi City 3,5G,100,184.51,0.72,24.6,92,1,3.99
AIR102748,2025-10-15,Karnataka,Karnataka City 2,4G,99.4,51.37,1.3,43.3,71,0,2.84
AIR102749,2025-11-15,Karnataka,Karnataka City 2,4G,97.2,64.69,1.28,47.6,90,1,2.94
AIR102750,2025-12-15,Maharashtra,Maharashtra City 1,4G,97.71,33.18,0.93,47.4,74,0,3.52
AIR102751,2025-02-15,West Bengal,West Bengal City 1,4G,97.62,34.92,1.59,49.6,37,0,2.59
AIR102752,2025-03-15,West Bengal,West Bengal City 2,4G,97.76,57.65,0.95,33.1,36,0,3.76
AIR102753,2025-04-15,Telangana,Telangana City 3,4G,98.33,32.79,0.97,19.7,55,0,3.56
AIR102754,2025-05-15,Gujarat,Gujarat City 3,4G,99.13,45.62,0.45,34.2,43,0,3.68
AIR102755,2025-06-15,Rajasthan,Rajasthan City 1,4G,96.58,64.49,0.41,35.4,123,0,3.71
AIR102756,2025-07-15,Delhi,Delhi City 1,4G,98.04,55.5,0.88,46.9,54,1,3.27
AIR102757,2025-08-15,Tamil Nadu,Tamil Nadu City 2,4G,99.03,47,1.32,37.6,79,0,3.87
AIR102758,2025-09-15,West Bengal,West Bengal City 2,5G,98.93,207.43,0.46,21.4,99,1,3.83
AIR102759,2025-10-15,Telangana,Telangana City 1,4G,98.44,21.44,0.77,24.3,81,0,4.12
AIR102760,2025-11-15,Telangana,Telangana City 2,4G,99.05,64.38,1.62,33.3,86,0,3.11
AIR102761,2025-12-15,Maharashtra,Maharashtra City 1,4G,96.97,23.63,1.37,29.3,31,0,3.14
AIR102762,2025-02-15,Delhi,Delhi City 1,4G,98.33,38.77,0.98,34.7,40,1,3.26
AIR102763,2025-03-15,Uttar Pradesh,Uttar Pradesh City 3,5G,98.75,145.61,0.22,20.8,40,0,4.17
AIR102764,2025-04-15,Rajasthan,Rajasthan City 1,4G,98.56,45.82,1.38,54.7,109,1,3.18
AIR102765,2025-05-15,Gujarat,Gujarat City 2,4G,97.72,37.93,1.06,34.3,5,1,3.57
AIR102766,2025-06-15,Kerala,Kerala City 3,5G,99.1,129.44,0.64,23.2,80,1,3.87
AIR102767,2025-07-15,Maharashtra,Maharashtra City 3,4G,98.43,35.34,0.73,51.5,42,1,3.27
AIR102768,2025-08-15,Rajasthan,Rajasthan City 2,4G,97.74,81.9,1.3,32.6,34,1,3.31
AIR102769,2025-09-15,Kerala,Kerala City 2,4G,98.68,42.4,1.39,35.2,35,0,3.34
AIR102770,2025-10-15,Kerala,Kerala City 2,4G,97.56,47.2,1.68,47.8,98,0,2.75
AIR102771,2025-11-15,Delhi,Delhi City 1,5G,98.86,125.55,0.58,12.9,88,0,4.26
AIR102772,2025-12-15,Delhi,Delhi City 3,4G,99.03,46.2,1.48,37.9,69,0,4.33
AIR102773,2025-02-15,Tamil Nadu,Tamil Nadu City 1,5G,99.91,196.82,0.74,13.3,51,0,4.19
AIR102774,2025-03-15,Telangana,Telangana City 1,5G,99.4,225.69,0.34,27.1,76,0,3.86
AIR102775,2025-04-15,Rajasthan,Rajasthan City 1,4G,97.13,43.51,1.09,52.1,45,1,3.76
AIR102776,2025-05-15,Maharashtra,Maharashtra City 1,4G,98.69,36.93,1.38,40,108,1,3.51
AIR102777,2025-06-15,Karnataka,Karnataka City 3,4G,98,31.79,0.33,30.1,89,0,4.12
AIR102778,2025-07-15,Maharashtra,Maharashtra City 3,4G,98.1,43.81,0.84,32.3,53,0,3.16
AIR102779,2025-08-15,Tamil Nadu,Tamil Nadu City 1,4G,99.07,69.25,0.6,47.5,94,0,3.62
AIR102780,2025-09-15,Gujarat,Gujarat City 2,4G,98.49,42.28,0.93,37.7,59,0,3.6
AIR102781,2025-10-15,Telangana,Telangana City 3,4G,97.2,26.49,0.96,31.5,49,0,3.49
AIR102782,2025-11-15,Karnataka,Karnataka City 1,5G,100,193.42,0.74,21.1,121,1,4.03
AIR102783,2025-12-15,West Bengal,West Bengal City 2,4G,98.58,62.88,0.36,42,60,0,4.28
AIR102784,2025-02-15,Gujarat,Gujarat City 2,5G,99.16,213.05,0.92,19.9,109,0,3.75
AIR102785,2025-03-15,Delhi,Delhi City 1,5G,98.94,213.28,0.49,14.1,16,1,4.15
AIR102786,2025-04-15,Kerala,Kerala City 3,4G,98.03,27.79,1.48,29.6,12,0,3.22
AIR102787,2025-05-15,West Bengal,West Bengal City 2,4G,97.92,68.49,0.5,33.9,42,0,3.48
AIR102788,2025-06-15,Maharashtra,Maharashtra City 3,4G,99.8,34.81,1.71,40.8,33,1,4.12
AIR102789,2025-07-15,Maharashtra,Maharashtra City 3,4G,98.92,28.36,0.44,34.7,115,1,3.28
AIR102790,2025-08-15,Delhi,Delhi City 2,4G,98.04,45.66,1.19,38.6,55,1,3.47
AIR102791,2025-09-15,Tamil Nadu,Tamil Nadu City 1,4G,98.23,41.62,1.1,48.8,94,0,3.59
AIR102792,2025-10-15,Rajasthan,Rajasthan City 2,4G,97.36,54.77,1.35,34.5,85,0,2.99
AIR102793,2025-11-15,West Bengal,West Bengal City 2,5G,99.18,111.76,0.75,19.8,135,0,3.85
AIR102794,2025-12-15,West Bengal,West Bengal City 3,4G,97.73,39.2,1.24,29.5,29,0,4.17
AIR102795,2025-02-15,Uttar Pradesh,Uttar Pradesh City 1,4G,97.9,26.38,0.96,41.6,40,0,3.32
AIR102796,2025-03-15,Gujarat,Gujarat City 3,4G,99.09,47.46,0.84,38.9,107,0,3.7
AIR102797,2025-04-15,Telangana,Telangana City 2,4G,97.18,48.65,1.03,40.3,109,0,3.18
AIR102798,2025-05-15,Gujarat,Gujarat City 1,4G,98.05,75.16,0.93,35.7,95,0,3.55
AIR102799,2025-06-15,Rajasthan,Rajasthan City 1,5G,98.79,159.81,1.08,25.5,114,1,3.35
AIR102800,2025-07-15,Maharashtra,Maharashtra City 1,4G,98.4,61.85,1.35,51.4,86,0,3.54
AIR102801,2025-08-15,Maharashtra,Maharashtra City 1,4G,99.28,64.79,0.97,18.8,116,1,3.71
AIR102802,2025-09-15,Maharashtra,Maharashtra City 1,4G,98.77,28.11,1.7,47,23,0,3.79
AIR102803,2025-10-15,Uttar Pradesh,Uttar Pradesh City 2,4G,98.38,37.15,0.7,32.6,61,0,3.34
AIR102804,2025-11-15,Maharashtra,Maharashtra City 2,4G,99.01,47.22,1.26,34.2,55,1,3.4
AIR102805,2025-12-15,Rajasthan,Rajasthan City 2,4G,98.92,39.7,1.09,27.6,63,1,3.74
AIR102806,2025-02-15,Delhi,Delhi City 3,4G,97.86,47.8,1.63,43.2,96,0,3.15
AIR102807,2025-03-15,Telangana,Telangana City 1,4G,96.83,49.47,1.01,40.7,63,0,3.06
AIR102808,2025-04-15,Rajasthan,Rajasthan City 1,4G,99.13,47.62,0.86,48.1,108,0,3.1
AIR102809,2025-05-15,Telangana,Telangana City 2,4G,97.26,45.85,1.6,47.8,75,0,2.5
AIR102810,2025-06-15,Rajasthan,Rajasthan City 1,4G,97.27,48.88,1.25,53.4,122,0,3.25
AIR102811,2025-07-15,Maharashtra,Maharashtra City 3,5G,99.5,174.8,0.71,23.5,58,0,3.93
AIR102812,2025-08-15,Delhi,Delhi City 1,4G,97.73,54.28,1.14,40.8,76,0,3.96
AIR102813,2025-09-15,West Bengal,West Bengal City 1,5G,99.13,149.76,0.79,18.8,58,0,4.23
AIR102814,2025-10-15,Gujarat,Gujarat City 3,4G,98.13,56.94,1.1,28.1,97,0,3.78
AIR102815,2025-11-15,Kerala,Kerala City 2,4G,97.97,44.17,1.15,42.4,96,0,2.65
AIR102816,2025-12-15,Delhi,Delhi City 2,4G,98.59,24.59,0.91,27.6,104,1,4.18
AIR102817,2025-02-15,West Bengal,West Bengal City 1,4G,98.21,55.68,0.78,49.1,104,0,2.81
AIR102818,2025-03-15,Tamil Nadu,Tamil Nadu City 3,4G,98.46,59.65,0.56,35,67,1,3.69
AIR102819,2025-04-15,Rajasthan,Rajasthan City 2,4G,98.08,32.28,1.16,47.3,53,0,3.44
AIR102820,2025-05-15,Tamil Nadu,Tamil Nadu City 2,5G,98.94,203.15,0.94,20.3,42,0,4.29
AIR102821,2025-06-15,West Bengal,West Bengal City 2,5G,99.06,91.16,0.95,21,89,1,3.71
AIR102822,2025-07-15,Delhi,Delhi City 1,4G,98.1,14.97,1.04,37,72,0,3.61
AIR102823,2025-08-15,Rajasthan,Rajasthan City 3,4G,97.52,45.09,0.83,42.9,31,1,3.11
AIR102824,2025-09-15,Kerala,Kerala City 1,5G,99.04,168.43,0.3,18.9,138,0,3.69
AIR102825,2025-10-15,Maharashtra,Maharashtra City 2,5G,99.49,141.33,0.38,15.7,72,0,4.09
AIR102826,2025-11-15,Rajasthan,Rajasthan City 3,4G,99.67,39.87,1.1,35.4,101,0,3.62
AIR102827,2025-12-15,Rajasthan,Rajasthan City 1,5G,99.87,166.34,0.81,21.8,28,0,4.72
AIR102828,2025-02-15,Delhi,Delhi City 2,4G,97.81,42.2,0.94,21,168,1,4.27
AIR102829,2025-03-15,Delhi,Delhi City 2,4G,97.02,44.63,1.01,46.1,79,0,3.64
AIR102830,2025-04-15,West Bengal,West Bengal City 1,4G,98.77,62.49,0.37,37.2,72,0,3.54
AIR102831,2025-05-15,Karnataka,Karnataka City 2,5G,99.07,130.73,1,19.4,106,0,3.69
AIR102832,2025-06-15,Rajasthan,Rajasthan City 2,5G,100,156.34,0.79,18,104,0,4.22
AIR102833,2025-07-15,Gujarat,Gujarat City 3,5G,100,136.14,0.29,21.7,59,0,3.75
AIR102834,2025-08-15,Rajasthan,Rajasthan City 2,4G,97.07,47.23,1.4,30.8,55,0,2.88
AIR102835,2025-09-15,West Bengal,West Bengal City 1,5G,97.76,112.77,0.14,13,90,0,3.86
AIR102836,2025-10-15,Telangana,Telangana City 3,4G,97.73,14.45,0.99,44.8,92,0,3.64
AIR102837,2025-11-15,Tamil Nadu,Tamil Nadu City 1,4G,98.69,39.85,1.23,34,5,0,3.61
AIR102838,2025-12-15,Maharashtra,Maharashtra City 2,4G,97.34,57.57,0.86,41.2,58,1,2.83
AIR102839,2025-02-15,Karnataka,Karnataka City 3,4G,98.14,49.75,1.15,20.3,38,1,3.02
AIR102840,2025-03-15,Kerala,Kerala City 3,4G,98.8,42.65,1.17,35.4,89,0,3.19
AIR102841,2025-04-15,Kerala,Kerala City 3,4G,97.62,50.67,0.69,50.3,72,0,3.31
AIR102842,2025-05-15,Kerala,Kerala City 3,5G,98.4,142.85,0.67,19.4,48,0,3.25
AIR102843,2025-06-15,Delhi,Delhi City 1,4G,98.9,51.35,1.06,20.8,88,1,4.14
AIR102844,2025-07-15,Kerala,Kerala City 2,4G,99.61,35.34,0.8,28.4,13,1,3.97
AIR102845,2025-08-15,Maharashtra,Maharashtra City 2,5G,99.05,95.27,0.79,21.1,73,1,3.96
AIR102846,2025-09-15,Tamil Nadu,Tamil Nadu City 3,4G,98.26,31.45,0.85,53.1,44,0,3.57
AIR102847,2025-10-15,Kerala,Kerala City 2,4G,97.71,31.74,1.11,52.5,21,1,3.12
AIR102848,2025-11-15,Rajasthan,Rajasthan City 1,5G,99.36,159.05,0.43,29.4,70,0,3.97
AIR102849,2025-12-15,Rajasthan,Rajasthan City 2,4G,98.73,62.67,1,27.7,46,0,3.71
AIR102850,2025-02-15,Delhi,Delhi City 1,5G,98.87,188.59,0.58,22.1,77,1,3.59
AIR102851,2025-03-15,Maharashtra,Maharashtra City 1,4G,97.84,43.12,1.15,35,141,0,3.51
AIR102852,2025-04-15,Tamil Nadu,Tamil Nadu City 2,5G,99.64,219.3,0.59,23.1,57,0,3.74
AIR102853,2025-05-15,Karnataka,Karnataka City 1,4G,99.82,31.94,0.78,24.2,87,0,4
AIR102854,2025-06-15,West Bengal,West Bengal City 1,4G,98.97,35.57,1.72,30.1,83,0,3.24
AIR102855,2025-07-15,Tamil Nadu,Tamil Nadu City 1,4G,97.88,39.47,0.93,33.9,72,0,3.67
AIR102856,2025-08-15,West Bengal,West Bengal City 1,4G,99.29,47.87,1.34,38.1,26,0,3.29
AIR102857,2025-09-15,Telangana,Telangana City 3,4G,98.51,68.46,0.78,26.7,63,0,3.42
AIR102858,2025-10-15,West Bengal,West Bengal City 2,5G,98.77,106.24,0.73,14.2,137,0,3.47
AIR102859,2025-11-15,Gujarat,Gujarat City 3,5G,99.02,138.16,0.91,16.1,35,0,3.7
AIR102860,2025-12-15,Rajasthan,Rajasthan City 1,4G,97.39,32.97,1.05,47.6,84,1,3.47
AIR102861,2025-02-15,Maharashtra,Maharashtra City 2,5G,98.88,115.58,0.66,17.4,120,0,3.8
AIR102862,2025-03-15,Uttar Pradesh,Uttar Pradesh City 1,4G,99.92,38.86,1.26,46,90,0,3.2
AIR102863,2025-04-15,Delhi,Delhi City 2,4G,98.19,60.87,1.64,37.8,70,0,3.55
AIR102864,2025-05-15,Gujarat,Gujarat City 3,4G,97.7,55.02,0.86,40.3,127,0,2.96
AIR102865,2025-06-15,West Bengal,West Bengal City 2,4G,98.07,49.77,1.09,44,65,1,3.68
AIR102866,2025-07-15,Kerala,Kerala City 1,5G,99.31,136.78,1.15,16,100,1,3.66
AIR102867,2025-08-15,Maharashtra,Maharashtra City 2,4G,98.8,53.46,1.01,30.2,35,1,4.6
AIR102868,2025-09-15,Gujarat,Gujarat City 2,4G,98.33,18.87,0.57,22.2,68,0,4.23
AIR102869,2025-10-15,Delhi,Delhi City 3,5G,99.54,194.45,1,16.5,111,1,3.74
AIR102870,2025-11-15,Rajasthan,Rajasthan City 1,5G,99.47,111.66,0.62,20.5,137,0,3.9
AIR102871,2025-12-15,Maharashtra,Maharashtra City 2,5G,98.67,204.04,0.87,13.8,89,0,3.24
AIR102872,2025-02-15,Delhi,Delhi City 3,4G,99.32,56.09,0.69,43.8,73,0,4.19
AIR102873,2025-03-15,Telangana,Telangana City 2,4G,97.42,42.98,1.6,21.6,5,1,2.76
AIR102874,2025-04-15,Telangana,Telangana City 1,4G,97.53,36.63,1.66,47.2,44,0,3.13
AIR102875,2025-05-15,Delhi,Delhi City 2,4G,98.66,48.22,0.78,46.7,31,1,3.49
AIR102876,2025-06-15,Gujarat,Gujarat City 2,5G,99.32,148.07,0.62,18.3,47,1,3.49
AIR102877,2025-07-15,Maharashtra,Maharashtra City 2,5G,99.76,194.02,0.44,18.5,72,0,4.3
AIR102878,2025-08-15,Gujarat,Gujarat City 2,5G,98.36,202.33,0.52,18.3,75,0,3.58
AIR102879,2025-09-15,Karnataka,Karnataka City 1,4G,99.66,50.27,1.42,33.8,52,0,3.76
AIR102880,2025-10-15,West Bengal,West Bengal City 3,5G,99.14,169.65,0.67,21.4,46,0,3.36
AIR102881,2025-11-15,Karnataka,Karnataka City 3,5G,98.89,111.27,0.87,23.8,119,0,3.99
AIR102882,2025-12-15,Telangana,Telangana City 2,4G,98.29,28.74,0.78,32.2,77,0,3.42
AIR102883,2025-02-15,Rajasthan,Rajasthan City 1,4G,96.73,37.06,0.48,26.6,71,0,3.44
AIR102884,2025-03-15,Tamil Nadu,Tamil Nadu City 1,5G,98.62,146.75,0.52,13.3,70,0,3.74
AIR102885,2025-04-15,West Bengal,West Bengal City 1,4G,97.7,43.89,0.72,28.2,24,0,3.27
AIR102886,2025-05-15,Telangana,Telangana City 1,5G,99.64,105.43,0.25,11.7,104,0,4.63
AIR102887,2025-06-15,Gujarat,Gujarat City 1,4G,98.24,43.54,0.44,43.2,105,0,3.84
AIR102888,2025-07-15,Gujarat,Gujarat City 1,5G,98.83,222.15,0.54,11.7,76,0,4.23
AIR102889,2025-08-15,Gujarat,Gujarat City 2,5G,99.6,119.47,0.85,15.2,120,1,3.93
AIR102890,2025-09-15,Rajasthan,Rajasthan City 3,4G,98.87,48,0.95,26.4,100,0,4.09
AIR102891,2025-10-15,Karnataka,Karnataka City 3,5G,99.03,136.27,0.3,23.3,105,0,4.22
AIR102892,2025-11-15,Tamil Nadu,Tamil Nadu City 2,4G,97.56,57.7,0.57,15.6,103,0,3.14
AIR102893,2025-12-15,Gujarat,Gujarat City 3,4G,99.09,31.86,1.07,27.6,27,1,3.76
AIR102894,2025-02-15,Uttar Pradesh,Uttar Pradesh City 1,4G,99.28,72.39,1.37,43.9,63,0,2.9
AIR102895,2025-03-15,West Bengal,West Bengal City 1,4G,97.12,40.62,1.23,38.3,56,1,3.09
AIR102896,2025-04-15,Maharashtra,Maharashtra City 3,5G,99.57,166.11,0.31,16.9,102,0,3.95
AIR102897,2025-05-15,Uttar Pradesh,Uttar Pradesh City 1,5G,98.82,136.22,0.23,11.6,44,1,4.19
AIR102898,2025-06-15,Tamil Nadu,Tamil Nadu City 1,4G,96.24,32.85,1.12,38.2,96,0,3.38
AIR102899,2025-07-15,Rajasthan,Rajasthan City 3,4G,97.14,13.88,1.53,25.1,51,0,2.83
AIR102900,2025-08-15,Tamil Nadu,Tamil Nadu City 2,4G,98.49,53.49,1.32,17.2,142,0,3.25
AIR102901,2025-09-15,Maharashtra,Maharashtra City 3,5G,99.05,86.36,0.75,25.3,105,0,4.07
AIR102902,2025-10-15,West Bengal,West Bengal City 3,5G,98.78,155.98,0.45,24.1,82,0,4.04
AIR102903,2025-11-15,Maharashtra,Maharashtra City 3,4G,98.35,44.37,1.63,52.6,102,0,3.28
AIR102904,2025-12-15,Delhi,Delhi City 3,4G,99.9,37.44,0.89,17.1,123,0,3.85
AIR102905,2025-02-15,West Bengal,West Bengal City 2,4G,96.91,45.82,0.52,34.8,140,0,3.58
AIR102906,2025-03-15,Tamil Nadu,Tamil Nadu City 2,4G,99.56,44.43,1.21,34.4,5,0,3.09
AIR102907,2025-04-15,Gujarat,Gujarat City 1,5G,99.66,190.58,0.88,26.4,77,0,3.98
AIR102908,2025-05-15,Tamil Nadu,Tamil Nadu City 1,4G,98.07,46.4,0.89,53,55,0,4.54
AIR102909,2025-06-15,Tamil Nadu,Tamil Nadu City 3,4G,99.36,34.87,1.25,37.3,49,1,4.05
AIR102910,2025-07-15,West Bengal,West Bengal City 1,5G,98.63,212.56,0.74,18.3,5,0,4.05
AIR102911,2025-08-15,Delhi,Delhi City 2,5G,99.23,115.42,0.77,22.6,73,0,4.53
AIR102912,2025-09-15,Tamil Nadu,Tamil Nadu City 1,5G,98.94,188.77,0.45,16.9,123,0,3.24
AIR102913,2025-10-15,Uttar Pradesh,Uttar Pradesh City 1,5G,98.32,123.7,0.46,33.9,44,1,3.67
AIR102914,2025-11-15,Telangana,Telangana City 1,5G,99.92,143.01,0.69,26,60,0,4.34
AIR102915,2025-12-15,Kerala,Kerala City 3,4G,97.17,47.5,0.78,40,96,0,2.81
AIR102916,2025-02-15,Kerala,Kerala City 1,4G,97.49,65.89,0.59,20.6,78,0,4.43
AIR102917,2025-03-15,Tamil Nadu,Tamil Nadu City 2,4G,98.37,45.22,1.05,39,41,0,3.25
AIR102918,2025-04-15,Uttar Pradesh,Uttar Pradesh City 2,5G,99.68,112.03,0.84,17.9,100,0,3.71
AIR102919,2025-05-15,Gujarat,Gujarat City 2,4G,98.45,44.09,1.44,43.3,25,0,3.82
AIR102920,2025-06-15,Rajasthan,Rajasthan City 2,4G,97.52,36.61,1.28,38.2,103,0,3.49
AIR102921,2025-07-15,Rajasthan,Rajasthan City 1,4G,97.38,32.83,1.2,30.3,112,1,3.57
AIR102922,2025-08-15,West Bengal,West Bengal City 3,5G,100,131.88,0.56,17.5,81,1,3.85
AIR102923,2025-09-15,Kerala,Kerala City 2,4G,98.4,51.98,1.23,38.2,28,0,3.22
AIR102924,2025-10-15,Tamil Nadu,Tamil Nadu City 2,4G,98.03,35.06,0.97,47,68,0,3.51
AIR102925,2025-11-15,Rajasthan,Rajasthan City 3,4G,97.86,35.75,0.82,68.6,61,1,3.71
AIR102926,2025-12-15,Tamil Nadu,Tamil Nadu City 3,5G,100,160.02,0.99,30.4,58,0,3.93
AIR102927,2025-02-15,West Bengal,West Bengal City 2,4G,98.56,61.45,1.19,31.7,5,0,3.15
AIR102928,2025-03-15,Kerala,Kerala City 2,4G,98.56,53.15,1.37,31.7,5,0,4
AIR102929,2025-04-15,Maharashtra,Maharashtra City 3,4G,98.14,52.37,0.74,52.6,104,0,3.91
AIR102930,2025-05-15,Telangana,Telangana City 2,4G,97.63,57.71,0.92,41.6,71,0,2.79
AIR102931,2025-06-15,Telangana,Telangana City 2,4G,97.19,62.41,1.28,40.8,31,1,3.63
AIR102932,2025-07-15,Rajasthan,Rajasthan City 1,4G,97.94,52.49,1.17,33.4,65,1,4.15
AIR102933,2025-08-15,Telangana,Telangana City 3,4G,98.29,58.81,1.53,34.6,90,0,2.8
AIR102934,2025-09-15,Maharashtra,Maharashtra City 1,5G,98.47,144.08,0.52,22.9,129,0,3.94
AIR102935,2025-10-15,Tamil Nadu,Tamil Nadu City 1,4G,97.97,36.22,0.49,39.8,85,1,3.66
AIR102936,2025-11-15,West Bengal,West Bengal City 3,4G,97.25,55.89,1.12,31.4,30,1,3.25
AIR102937,2025-12-15,Maharashtra,Maharashtra City 1,5G,98.91,177.42,0.55,12.8,39,1,3.44
AIR102938,2025-02-15,West Bengal,West Bengal City 2,5G,98.51,155.41,0.68,23.2,22,0,4
AIR102939,2025-03-15,West Bengal,West Bengal City 1,4G,98.84,34.97,0.97,42.3,113,0,3.8
AIR102940,2025-04-15,Kerala,Kerala City 3,4G,97.14,52.27,1.29,45.7,62,1,3.16
AIR102941,2025-05-15,Tamil Nadu,Tamil Nadu City 2,5G,98.73,195.59,0.7,17.2,124,0,3.53
AIR102942,2025-06-15,Uttar Pradesh,Uttar Pradesh City 2,5G,97.81,177.18,0.73,30.3,79,0,3.35
AIR102943,2025-07-15,Telangana,Telangana City 2,4G,97.63,45.19,1.52,29.4,43,1,3.44
AIR102944,2025-08-15,Uttar Pradesh,Uttar Pradesh City 2,4G,99.02,44.85,1.46,34.2,103,0,3.92
AIR102945,2025-09-15,Kerala,Kerala City 1,4G,97.81,49.15,0.97,40.3,79,1,3.64
AIR102946,2025-10-15,West Bengal,West Bengal City 1,4G,98.09,31.77,0.83,38.4,65,0,3.02
AIR102947,2025-11-15,Rajasthan,Rajasthan City 2,4G,98.52,49.74,1.05,59.8,51,0,3.56
AIR102948,2025-12-15,Telangana,Telangana City 3,4G,99.15,52.73,1.24,58.5,80,0,3.58
AIR102949,2025-02-15,Telangana,Telangana City 2,4G,98.13,60.7,0.93,24.7,113,0,3.66
AIR102950,2025-03-15,Tamil Nadu,Tamil Nadu City 1,4G,98.29,28.68,1.33,31.4,79,1,3.2
AIR102951,2025-04-15,Delhi,Delhi City 2,4G,98.06,52.3,0.74,37.4,95,0,3.43
AIR102952,2025-05-15,Karnataka,Karnataka City 1,4G,97.09,39.04,1.53,42,73,0,3.31
AIR102953,2025-06-15,Karnataka,Karnataka City 2,4G,99.23,60.62,0.51,33.6,84,1,3.63
AIR102954,2025-07-15,Karnataka,Karnataka City 3,4G,95.86,40.24,0.9,29.8,138,0,2.72
AIR102955,2025-08-15,Delhi,Delhi City 2,5G,98.93,71.7,0.67,14.8,69,0,4.23
AIR102956,2025-09-15,Tamil Nadu,Tamil Nadu City 3,4G,99.12,57.73,0.7,21.9,63,0,3.58
AIR102957,2025-10-15,Delhi,Delhi City 3,5G,99.27,178.38,0.37,23.6,77,1,4.07
AIR102958,2025-11-15,Karnataka,Karnataka City 2,4G,97.54,29.15,0.9,25.8,86,0,3.44
AIR102959,2025-12-15,Kerala,Kerala City 3,4G,98.52,7.71,0.72,39.9,134,0,3.68
AIR102960,2025-02-15,Maharashtra,Maharashtra City 3,4G,97.51,44.5,1.06,29.9,112,1,2.91
AIR102961,2025-03-15,West Bengal,West Bengal City 1,5G,99.79,81.58,0.43,15.6,53,0,4.08
AIR102962,2025-04-15,Delhi,Delhi City 1,4G,99.11,26.29,0.44,30.8,68,1,3.7
AIR102963,2025-05-15,Tamil Nadu,Tamil Nadu City 3,4G,98.26,41.11,0.35,36.2,94,0,2.97
AIR102964,2025-06-15,Tamil Nadu,Tamil Nadu City 2,4G,98.41,51.8,0.48,27.3,88,0,3.93
AIR102965,2025-07-15,Uttar Pradesh,Uttar Pradesh City 3,5G,100,151.4,0.71,24.7,71,0,3.92
AIR102966,2025-08-15,Maharashtra,Maharashtra City 2,5G,99.17,149.52,0.34,20.3,121,0,4.64
AIR102967,2025-09-15,Rajasthan,Rajasthan City 1,4G,98.06,39.64,1.13,44.2,78,0,3.31
AIR102968,2025-10-15,Telangana,Telangana City 2,4G,96.87,18.08,1.09,36.9,33,1,3.18
AIR102969,2025-11-15,Karnataka,Karnataka City 3,4G,97.96,47.2,0.99,45.7,42,1,3.5
AIR102970,2025-12-15,Rajasthan,Rajasthan City 3,4G,98.69,68.33,1.27,8.9,132,0,3.95
AIR102971,2025-02-15,Uttar Pradesh,Uttar Pradesh City 3,4G,96.95,60.65,0.78,26.4,52,1,3.28
AIR102972,2025-03-15,Karnataka,Karnataka City 3,5G,99.21,145.13,0.58,12.4,103,1,3.92
AIR102973,2025-04-15,Maharashtra,Maharashtra City 3,5G,99.68,120.78,0.58,24,63,1,4.3
AIR102974,2025-05-15,Uttar Pradesh,Uttar Pradesh City 2,4G,98.39,28.83,1.04,39.5,35,0,3.92
AIR102975,2025-06-15,Karnataka,Karnataka City 3,4G,97.69,29.44,1.01,23.5,94,0,3.32
AIR102976,2025-07-15,Maharashtra,Maharashtra City 1,4G,98.24,32.55,1.17,23.6,80,0,3.62
AIR102977,2025-08-15,Gujarat,Gujarat City 3,4G,97.28,34.4,1.32,45.6,87,0,3.01
AIR102978,2025-09-15,Rajasthan,Rajasthan City 2,4G,98.58,51.54,1,43.4,40,0,3.37
AIR102979,2025-10-15,Rajasthan,Rajasthan City 3,4G,98.54,56.45,1.18,34.2,55,0,3.42
AIR102980,2025-11-15,Telangana,Telangana City 3,4G,100,32.44,0.97,17.4,48,1,3.98
AIR102981,2025-12-15,Maharashtra,Maharashtra City 2,4G,97.39,26.01,1.3,45.8,5,0,2.79
AIR102982,2025-02-15,Delhi,Delhi City 3,5G,99.31,152.18,0.62,22.4,113,0,3.94
AIR102983,2025-03-15,Gujarat,Gujarat City 2,4G,99.25,57.01,1.38,42.5,107,0,3.63
AIR102984,2025-04-15,Kerala,Kerala City 3,4G,96.92,61.37,0.8,21,82,0,3.3
AIR102985,2025-05-15,Karnataka,Karnataka City 1,4G,100,36.48,0.97,48.2,38,0,3.33
AIR102986,2025-06-15,Gujarat,Gujarat City 3,4G,97.8,31.43,1.11,38.9,81,0,3.69
AIR102987,2025-07-15,Maharashtra,Maharashtra City 2,5G,99.95,170.31,0.68,26.5,5,0,3.81
AIR102988,2025-08-15,West Bengal,West Bengal City 1,5G,99.82,175.42,0.53,18.9,79,0,4.09
AIR102989,2025-09-15,Karnataka,Karnataka City 2,4G,98.24,45.87,0.9,49.1,77,1,3.83
AIR102990,2025-10-15,Tamil Nadu,Tamil Nadu City 3,5G,98.63,133.28,0.83,20.2,115,0,3.75
AIR102991,2025-11-15,Rajasthan,Rajasthan City 1,4G,97.67,40.1,0.75,42.5,47,1,3.44
AIR102992,2025-12-15,Maharashtra,Maharashtra City 2,5G,99.28,132.52,0.55,19.1,125,0,4.04
AIR102993,2025-02-15,Tamil Nadu,Tamil Nadu City 1,4G,97.15,61.75,1.16,31.8,76,1,3.62
AIR102994,2025-03-15,Telangana,Telangana City 1,4G,98.72,46.24,0.74,39.9,107,0,3.86
AIR102995,2025-04-15,Uttar Pradesh,Uttar Pradesh City 2,4G,97.67,53.65,0.69,15.1,43,1,3.28
AIR102996,2025-05-15,Kerala,Kerala City 1,5G,99.08,131.99,0.7,12.8,90,0,3.92
AIR102997,2025-06-15,Kerala,Kerala City 2,4G,99.43,39.95,0.8,40.4,52,1,3.79
AIR102998,2025-07-15,Tamil Nadu,Tamil Nadu City 1,5G,99.21,181.04,0.38,30.7,75,0,4
AIR102999,2025-08-15,Rajasthan,Rajasthan City 1,4G,97.88,45.06,0.2,13.8,82,0,3.18
AIR103000,2025-09-15,Telangana,Telangana City 1,5G,98.78,214.17,0.05,31.8,49,0,3.96
AIR103001,2025-10-15,West Bengal,West Bengal City 3,4G,95.84,48.72,0.86,24.1,119,0,3.31
AIR103002,2025-11-15,Rajasthan,Rajasthan City 3,5G,99.14,148.32,0.87,20.9,90,0,4.13
AIR103003,2025-12-15,Gujarat,Gujarat City 2,4G,97.82,67.24,1.57,29.7,109,0,3.65
AIR103004,2025-02-15,Kerala,Kerala City 1,4G,96.98,48.68,0.92,44.1,86,0,3.25
AIR103005,2025-03-15,Gujarat,Gujarat City 2,5G,100,145.1,0.12,33.7,41,0,3.76
AIR103006,2025-04-15,Karnataka,Karnataka City 3,5G,100,90.11,0.56,23.1,30,1,4.75
AIR103007,2025-05-15,Delhi,Delhi City 3,4G,97.53,45.53,1.62,50.1,147,0,3.06
AIR103008,2025-06-15,Maharashtra,Maharashtra City 3,4G,99.32,53.75,1.45,31.3,33,0,3.58
AIR103009,2025-07-15,Telangana,Telangana City 3,4G,98.88,26.73,0.93,37.9,35,0,3.97
AIR103010,2025-08-15,Rajasthan,Rajasthan City 2,4G,98.87,57.82,1.43,32,5,0,3.27
AIR103011,2025-09-15,Kerala,Kerala City 1,4G,98.23,55.58,0.97,30.4,104,0,3.8
AIR103012,2025-10-15,Gujarat,Gujarat City 2,4G,98.47,48.14,1.13,37.1,83,1,4.09
AIR103013,2025-11-15,Uttar Pradesh,Uttar Pradesh City 1,4G,99.57,58.52,1.53,28.2,101,0,3.48
AIR103014,2025-12-15,Karnataka,Karnataka City 3,5G,98.91,157.26,0.36,19.8,87,1,3.46
AIR103015,2025-02-15,Maharashtra,Maharashtra City 1,5G,98.43,210.9,0.54,26.7,50,0,3.2
AIR103016,2025-03-15,Maharashtra,Maharashtra City 3,4G,99.08,50.54,0.62,45.9,181,0,3.17
AIR103017,2025-04-15,Rajasthan,Rajasthan City 2,4G,98.63,25.67,1.96,31.1,100,0,3.28
AIR103018,2025-05-15,Telangana,Telangana City 1,4G,97.74,30.22,1.44,34.6,121,0,3.54
AIR103019,2025-06-15,West Bengal,West Bengal City 2,5G,99.48,174.02,0.46,17.3,57,0,4.21
AIR103020,2025-07-15,Uttar Pradesh,Uttar Pradesh City 3,4G,97.29,44.02,1.56,42.8,90,0,2.63
AIR103021,2025-08-15,Rajasthan,Rajasthan City 2,4G,98.52,40.66,0.92,37.4,64,1,4.4
AIR103022,2025-09-15,Gujarat,Gujarat City 3,4G,97.66,32.55,0.81,28.6,156,0,3.6
AIR103023,2025-10-15,Delhi,Delhi City 3,4G,99.42,69.44,0.73,42.8,49,0,3.89
AIR103024,2025-11-15,Tamil Nadu,Tamil Nadu City 3,5G,97.97,136.55,0.74,20,63,0,3.73
AIR103025,2025-12-15,West Bengal,West Bengal City 2,5G,99.39,198.1,0.63,28.9,39,0,4.43
AIR103026,2025-02-15,Telangana,Telangana City 2,4G,97.97,55.14,1.31,39,91,1,3.38
AIR103027,2025-03-15,Karnataka,Karnataka City 1,4G,98.45,43.33,0.99,60,74,1,3.98
AIR103028,2025-04-15,West Bengal,West Bengal City 1,5G,99.65,206.65,0.64,20.7,77,0,4.34
AIR103029,2025-05-15,Kerala,Kerala City 2,4G,97.98,75.13,0.39,31.5,63,0,4.14
AIR103030,2025-06-15,Telangana,Telangana City 2,5G,98.89,189.4,0.55,20.8,46,1,3.71
AIR103031,2025-07-15,Delhi,Delhi City 2,5G,99.45,110.13,0.63,24.8,63,0,3.58
AIR103032,2025-08-15,Kerala,Kerala City 2,5G,99.43,132.78,0.62,31.7,77,1,4.23
AIR103033,2025-09-15,West Bengal,West Bengal City 3,4G,98.48,45.74,0.86,32.5,50,1,3.38
AIR103034,2025-10-15,Tamil Nadu,Tamil Nadu City 3,4G,96.32,47.98,1.93,56.5,121,0,2.64
AIR103035,2025-11-15,Tamil Nadu,Tamil Nadu City 3,5G,98.59,176.37,0.76,21.5,99,0,4.16
AIR103036,2025-12-15,Delhi,Delhi City 2,4G,100,38.07,1.36,64,57,0,3.49
AIR103037,2025-02-15,Maharashtra,Maharashtra City 3,4G,98.53,43.13,0.86,30.3,70,1,3.57
AIR103038,2025-03-15,Uttar Pradesh,Uttar Pradesh City 3,4G,98.51,46.34,1.76,41.2,75,1,4.09
AIR103039,2025-04-15,Karnataka,Karnataka City 1,4G,98.41,39.44,0.24,50.2,121,0,3.45
AIR103040,2025-05-15,Maharashtra,Maharashtra City 1,5G,99.02,182.39,1.11,19.3,22,0,3.93
AIR103041,2025-06-15,Tamil Nadu,Tamil Nadu City 3,4G,98.24,32.39,0.9,39.2,54,0,3.26
AIR103042,2025-07-15,Tamil Nadu,Tamil Nadu City 3,5G,99.76,155.69,0.34,6.1,97,0,4.04
AIR103043,2025-08-15,Gujarat,Gujarat City 3,5G,99.47,136.87,0.56,13.2,92,0,3.97
AIR103044,2025-09-15,Kerala,Kerala City 2,4G,98.53,54.71,0.93,35,104,1,3.67
AIR103045,2025-10-15,West Bengal,West Bengal City 1,4G,98.64,44.51,1.26,41.6,117,0,4.06
AIR103046,2025-11-15,Karnataka,Karnataka City 1,5G,99.05,171.64,0.47,24.9,56,1,4.03
AIR103047,2025-12-15,Delhi,Delhi City 1,4G,99.12,27.59,0.98,30.9,41,0,3.2
AIR103048,2025-02-15,West Bengal,West Bengal City 3,5G,99.21,172.63,0.26,19.5,110,1,4.18
AIR103049,2025-03-15,Gujarat,Gujarat City 2,5G,98.68,156.94,0.73,10.7,68,0,3.41
AIR103050,2025-04-15,Tamil Nadu,Tamil Nadu City 1,4G,98.49,62.27,0.99,36.7,101,0,3.27
AIR103051,2025-05-15,Delhi,Delhi City 1,5G,99.48,122.25,0.79,27.9,53,0,3.83
AIR103052,2025-06-15,Tamil Nadu,Tamil Nadu City 2,4G,98.69,55.65,1.33,20.5,32,1,3.28
AIR103053,2025-07-15,Karnataka,Karnataka City 3,4G,98.19,47.43,1.42,26.5,26,1,3.61
AIR103054,2025-08-15,Kerala,Kerala City 3,5G,99.33,114.55,0.55,35.7,87,0,3.3
AIR103055,2025-09-15,West Bengal,West Bengal City 1,5G,99.01,189.89,0.74,25.6,104,1,3.63
AIR103056,2025-10-15,West Bengal,West Bengal City 1,4G,98.31,51.06,0.51,33.9,141,1,4.19
AIR103057,2025-11-15,Maharashtra,Maharashtra City 2,4G,98.29,60.35,1.25,27.7,27,0,3.94
AIR103058,2025-12-15,Delhi,Delhi City 1,4G,99.32,44.7,0.92,52.6,74,0,3.54
AIR103059,2025-02-15,Uttar Pradesh,Uttar Pradesh City 2,4G,97.75,46.52,0.99,33,90,0,3.11
AIR103060,2025-03-15,Gujarat,Gujarat City 1,4G,98.59,61.05,1.29,35.4,149,0,3.03
AIR103061,2025-04-15,Uttar Pradesh,Uttar Pradesh City 1,4G,97.4,37.56,1.46,41.6,70,0,2.72
AIR103062,2025-05-15,Maharashtra,Maharashtra City 1,4G,97.36,46.14,0.92,56.3,67,1,3.44
AIR103063,2025-06-15,Karnataka,Karnataka City 3,5G,99.75,166.21,0.39,12.2,130,1,3.47
AIR103064,2025-07-15,Gujarat,Gujarat City 2,4G,99.06,34.71,1.38,35.2,111,1,2.57
AIR103065,2025-08-15,Kerala,Kerala City 2,4G,98.97,45.64,1.47,52.7,110,0,3.94
AIR103066,2025-09-15,Uttar Pradesh,Uttar Pradesh City 3,5G,99.6,162.74,0.58,22.5,105,0,3.76
AIR103067,2025-10-15,Kerala,Kerala City 3,5G,98.8,211.07,0.5,21.8,76,1,4.36
AIR103068,2025-11-15,Uttar Pradesh,Uttar Pradesh City 3,5G,98.31,179.48,0.41,23.9,77,1,3.85
AIR103069,2025-12-15,Kerala,Kerala City 2,4G,98.44,38.38,1.08,43.5,82,0,3.76
AIR103070,2025-02-15,Uttar Pradesh,Uttar Pradesh City 1,4G,98.28,63.97,1.29,39.7,104,1,3.55
AIR103071,2025-03-15,Kerala,Kerala City 3,4G,98.02,21.32,0.89,23,122,1,3.8
AIR103072,2025-04-15,Maharashtra,Maharashtra City 3,4G,97.36,55.46,0.87,31.4,94,0,3.58
AIR103073,2025-05-15,Telangana,Telangana City 3,4G,97.68,39.92,1.55,57.4,94,1,2.97
AIR103074,2025-06-15,Gujarat,Gujarat City 1,4G,97.67,49.6,1.28,48,58,0,3.11
AIR103075,2025-07-15,Delhi,Delhi City 1,4G,97.89,35.28,1.24,29.6,65,0,3.38
AIR103076,2025-08-15,Karnataka,Karnataka City 3,4G,98.85,56.16,1.4,22.2,83,1,3.49
AIR103077,2025-09-15,Rajasthan,Rajasthan City 1,4G,99.59,39.38,1.54,48.4,107,1,3.91
AIR103078,2025-10-15,Tamil Nadu,Tamil Nadu City 3,4G,97.57,29.03,1.1,39.3,49,1,3.78
AIR103079,2025-11-15,Delhi,Delhi City 1,4G,98.74,43.78,1.27,41.1,90,1,3.35
AIR103080,2025-12-15,Tamil Nadu,Tamil Nadu City 2,4G,96.62,42.12,0.72,46.2,70,0,3.44
AIR103081,2025-02-15,Gujarat,Gujarat City 2,4G,96.83,36.16,1.23,55.4,124,1,2.79
AIR103082,2025-03-15,Delhi,Delhi City 1,4G,98.33,44.92,0.93,58.4,74,0,3.2
AIR103083,2025-04-15,Kerala,Kerala City 2,4G,98.84,33.91,1.14,30.3,100,0,2.78
AIR103084,2025-05-15,Kerala,Kerala City 2,4G,98.62,39.82,1.36,28.3,119,1,2.82
AIR103085,2025-06-15,Rajasthan,Rajasthan City 2,4G,97.81,53.92,0.12,38,124,0,4.01
AIR103086,2025-07-15,Tamil Nadu,Tamil Nadu City 3,5G,100,171.88,0.6,17.9,51,0,3.23
AIR103087,2025-08-15,Karnataka,Karnataka City 1,4G,97.72,45.43,0.63,32.8,75,1,3.34
AIR103088,2025-09-15,Gujarat,Gujarat City 1,4G,97.91,42.98,0.86,29.2,96,0,4.1
AIR103089,2025-10-15,Kerala,Kerala City 1,5G,99.31,224.17,0.64,15.6,75,0,4.15
AIR103090,2025-11-15,Telangana,Telangana City 2,4G,98.57,60.15,0.37,15.8,118,0,4.39
AIR103091,2025-12-15,Maharashtra,Maharashtra City 3,4G,97.3,45.09,1.32,51.8,63,1,2.63
AIR103092,2025-02-15,Maharashtra,Maharashtra City 1,4G,97.33,16.26,1.58,41.9,83,0,2.8
AIR103093,2025-03-15,Uttar Pradesh,Uttar Pradesh City 2,5G,99.53,185.11,1.14,23.4,71,1,3.9
AIR103094,2025-04-15,Karnataka,Karnataka City 3,4G,97.87,42.61,1.33,25.7,92,0,2.83
AIR103095,2025-05-15,Maharashtra,Maharashtra City 3,4G,98.77,39.64,0.8,41.9,29,1,4.26
AIR103096,2025-06-15,Uttar Pradesh,Uttar Pradesh City 1,4G,97.21,40.44,0.75,52.8,62,0,3.38
AIR103097,2025-07-15,Tamil Nadu,Tamil Nadu City 1,4G,97.9,61.86,0.69,47.3,99,1,3.32
AIR103098,2025-08-15,Kerala,Kerala City 2,4G,99.09,50.75,0.62,50.2,89,0,3.64
AIR103099,2025-09-15,Kerala,Kerala City 1,5G,99.82,212.66,0.31,12.3,110,0,4.82
AIR103100,2025-10-15,Telangana,Telangana City 2,4G,97.77,40.31,1.09,25.5,53,0,3.49
AIR103101,2025-11-15,Delhi,Delhi City 3,4G,96.52,60.44,1.17,35.9,63,1,3.19
AIR103102,2025-12-15,Maharashtra,Maharashtra City 3,4G,98.74,43.34,1.51,33.8,103,1,3.44
AIR103103,2025-02-15,Tamil Nadu,Tamil Nadu City 3,4G,98.38,66.26,0.88,32.2,86,1,3.41
AIR103104,2025-03-15,West Bengal,West Bengal City 3,5G,98.13,148.85,0.84,18.4,63,0,3.34
AIR103105,2025-04-15,Maharashtra,Maharashtra City 1,4G,97.26,59.93,0.97,30,59,0,3.76
AIR103106,2025-05-15,Karnataka,Karnataka City 1,4G,98.11,34.65,1.08,39.2,33,0,4.21
AIR103107,2025-06-15,Delhi,Delhi City 2,4G,98.28,41.89,1.28,24.7,130,0,3.45
AIR103108,2025-07-15,Maharashtra,Maharashtra City 2,4G,99.45,69.61,0.76,34.8,23,0,3.88
AIR103109,2025-08-15,Tamil Nadu,Tamil Nadu City 2,4G,99.17,64.08,0.31,30.6,24,0,4.14
AIR103110,2025-09-15,Maharashtra,Maharashtra City 2,5G,98.77,192.33,0.19,26.2,114,0,4.21
AIR103111,2025-10-15,Karnataka,Karnataka City 2,4G,98.39,47.24,1.11,29.8,145,0,3.79
AIR103112,2025-11-15,West Bengal,West Bengal City 3,5G,98.72,117.85,0.7,5,132,0,4.4
AIR103113,2025-12-15,Gujarat,Gujarat City 3,5G,99.89,93.41,0.3,15.7,90,0,4.36
AIR103114,2025-02-15,Rajasthan,Rajasthan City 3,5G,99.81,192.02,0.92,13.8,93,0,4.05
AIR103115,2025-03-15,West Bengal,West Bengal City 2,4G,98.11,44.4,1.74,41,99,0,3.19
AIR103116,2025-04-15,Uttar Pradesh,Uttar Pradesh City 3,4G,97.52,63.65,1.98,42.7,57,1,2.83
AIR103117,2025-05-15,Maharashtra,Maharashtra City 3,5G,98.35,164.34,0.17,10,71,0,3.83
AIR103118,2025-06-15,Kerala,Kerala City 3,5G,99.77,165.43,0.93,12,84,1,3.91
AIR103119,2025-07-15,Telangana,Telangana City 3,5G,98.98,170.78,0.07,14.3,84,1,4.17
AIR103120,2025-08-15,Kerala,Kerala City 1,4G,98.65,43.08,1.51,38.2,123,1,3.32
AIR103121,2025-09-15,West Bengal,West Bengal City 2,4G,97.18,50.78,1.09,34.8,5,0,3.47
AIR103122,2025-10-15,Kerala,Kerala City 2,5G,99.08,172.18,0.91,19,116,0,3.96
AIR103123,2025-11-15,Tamil Nadu,Tamil Nadu City 1,4G,99.19,34.38,0.54,17.3,95,0,3.87
AIR103124,2025-12-15,Kerala,Kerala City 3,4G,97.24,30.95,0.86,34.8,44,0,2.78
AIR103125,2025-02-15,Delhi,Delhi City 3,4G,98.42,47.33,1.55,35.6,83,1,3.03
AIR103126,2025-03-15,Gujarat,Gujarat City 3,4G,98.08,20.85,0.47,32.4,82,0,3.85
AIR103127,2025-04-15,Maharashtra,Maharashtra City 2,4G,98.09,57.05,0.95,37.1,75,0,3.21
AIR103128,2025-05-15,Kerala,Kerala City 2,4G,97.83,44.04,0.93,47.3,53,0,2.5
AIR103129,2025-06-15,Karnataka,Karnataka City 2,4G,98.94,29.09,1.11,29.2,5,0,3.49
AIR103130,2025-07-15,Gujarat,Gujarat City 2,4G,97.57,44.68,0.62,46,128,0,3.98
AIR103131,2025-08-15,Gujarat,Gujarat City 2,4G,99.09,51.89,1.39,48.2,82,0,3.72
AIR103132,2025-09-15,Kerala,Kerala City 1,4G,99.46,49.63,0.93,37.1,122,0,3.44
AIR103133,2025-10-15,Gujarat,Gujarat City 2,5G,99.59,249.18,0.35,23.2,108,1,3.94
AIR103134,2025-11-15,Telangana,Telangana City 3,4G,98.88,51.85,0.67,25.3,45,1,3.56
AIR103135,2025-12-15,Kerala,Kerala City 2,4G,98.78,48.39,0.93,31.2,74,0,3.72
AIR103136,2025-02-15,Tamil Nadu,Tamil Nadu City 1,5G,99.61,166.49,0.85,14.5,43,0,4.61
AIR103137,2025-03-15,West Bengal,West Bengal City 3,5G,98.39,194.58,0.35,19.8,90,0,3.21
AIR103138,2025-04-15,Delhi,Delhi City 1,4G,97.83,42.11,0.89,14.4,120,1,3.9
AIR103139,2025-05-15,Rajasthan,Rajasthan City 3,4G,98.31,60.45,0.65,51.6,63,1,3.75
AIR103140,2025-06-15,Uttar Pradesh,Uttar Pradesh City 2,4G,99.33,37.83,0.8,50.1,5,0,4.36
AIR103141,2025-07-15,Gujarat,Gujarat City 1,4G,98.82,76.14,1.31,25.2,96,0,3.3
AIR103142,2025-08-15,Tamil Nadu,Tamil Nadu City 3,5G,99.3,104.2,0.45,17.2,80,0,3.54
AIR103143,2025-09-15,Maharashtra,Maharashtra City 2,5G,98.93,135.55,0.89,21.7,101,1,3.17
AIR103144,2025-10-15,Maharashtra,Maharashtra City 3,5G,98.79,154.14,0.51,17.2,99,1,3.34
AIR103145,2025-11-15,Uttar Pradesh,Uttar Pradesh City 1,4G,98.23,26.78,0.81,30.7,56,0,3.41
AIR103146,2025-12-15,Delhi,Delhi City 1,4G,97.65,59.67,0.69,38.7,32,0,3.18
AIR103147,2025-02-15,Gujarat,Gujarat City 1,5G,98.48,154.15,0.57,26.9,95,0,3.2
AIR103148,2025-03-15,Telangana,Telangana City 1,4G,97.55,26.2,1.19,38.7,11,0,3.08
AIR103149,2025-04-15,Uttar Pradesh,Uttar Pradesh City 2,4G,99.04,26.37,1.39,38.7,118,1,3.46
AIR103150,2025-05-15,Delhi,Delhi City 3,5G,99.76,147.54,0.92,17.2,50,1,4.09
AIR103151,2025-06-15,Gujarat,Gujarat City 2,4G,97.63,61.32,0.61,42.6,9,0,3.37
AIR103152,2025-07-15,Tamil Nadu,Tamil Nadu City 1,4G,99,44.98,0.32,67.3,36,0,3.85
AIR103153,2025-08-15,West Bengal,West Bengal City 3,5G,99.46,128.74,0.76,12.1,42,0,3.38
AIR103154,2025-09-15,Telangana,Telangana City 1,4G,98.55,24.35,0.7,40.8,161,0,3.29
AIR103155,2025-10-15,Rajasthan,Rajasthan City 2,4G,98.74,47.34,1.43,63.7,52,1,3.61
AIR103156,2025-11-15,Maharashtra,Maharashtra City 2,4G,97.64,53.06,1.48,27.9,102,0,2.95
AIR103157,2025-12-15,Karnataka,Karnataka City 2,4G,97.81,52.91,0.78,27.2,81,0,3.65
AIR103158,2025-02-15,Tamil Nadu,Tamil Nadu City 3,4G,99.38,23.55,1.4,40.3,63,0,3.63
AIR103159,2025-03-15,Maharashtra,Maharashtra City 3,4G,98.72,52.59,0.83,30,114,0,3.75
AIR103160,2025-04-15,Kerala,Kerala City 1,4G,97.91,44.43,0.89,30.9,43,0,3.18
AIR103161,2025-05-15,Karnataka,Karnataka City 3,5G,99.12,113.02,0.32,17.8,10,0,3.48
AIR103162,2025-06-15,Maharashtra,Maharashtra City 3,4G,98.05,30.79,0.7,30.7,55,0,3.17
AIR103163,2025-07-15,Delhi,Delhi City 2,5G,99.12,162.56,0.64,21,107,0,3.84
AIR103164,2025-08-15,Telangana,Telangana City 1,4G,98.34,51.29,0.86,25.8,92,1,3.39
AIR103165,2025-09-15,Maharashtra,Maharashtra City 2,4G,98.11,49.1,1.51,36.9,87,0,3.23
AIR103166,2025-10-15,Rajasthan,Rajasthan City 1,4G,97.33,56.51,1.03,19,122,0,3.46
AIR103167,2025-11-15,West Bengal,West Bengal City 1,4G,98.72,56.2,0.88,36,100,0,3.02
AIR103168,2025-12-15,Delhi,Delhi City 3,5G,98.41,147.49,0.49,15.6,22,1,3.51
AIR103169,2025-02-15,Tamil Nadu,Tamil Nadu City 2,4G,98.99,49.42,1.54,27.4,62,0,3.42
AIR103170,2025-03-15,Tamil Nadu,Tamil Nadu City 3,4G,96.79,47.34,1.38,48.5,54,0,2.95
AIR103171,2025-04-15,Tamil Nadu,Tamil Nadu City 3,4G,97.79,40.53,1,34.1,79,0,3.08
AIR103172,2025-05-15,Tamil Nadu,Tamil Nadu City 3,4G,98.7,37.22,0.98,42.8,60,0,3.47
AIR103173,2025-06-15,West Bengal,West Bengal City 1,4G,98.19,43.82,0.65,49.8,124,0,4.26
AIR103174,2025-07-15,Maharashtra,Maharashtra City 2,4G,97.7,55.91,0.92,38.5,48,0,3.47
AIR103175,2025-08-15,Gujarat,Gujarat City 2,4G,99.12,56.63,1.21,32.5,128,1,3.52
AIR103176,2025-09-15,Maharashtra,Maharashtra City 3,4G,98.97,17.06,1.29,48.6,43,0,3.75
AIR103177,2025-10-15,Kerala,Kerala City 1,4G,97.59,55.16,1.07,49.4,68,0,3.81
AIR103178,2025-11-15,Telangana,Telangana City 2,4G,98.08,25.3,1.11,44.7,115,0,3.57
AIR103179,2025-12-15,Karnataka,Karnataka City 2,4G,97.43,41.89,1.38,57.4,131,0,2.92
AIR103180,2025-02-15,Gujarat,Gujarat City 3,4G,98,56.33,0.68,43.4,70,0,3.6
AIR103181,2025-03-15,Gujarat,Gujarat City 1,5G,99.38,191.66,0.85,10.5,106,0,4.9
AIR103182,2025-04-15,Maharashtra,Maharashtra City 3,5G,99.36,169.62,0.64,23.8,92,0,3.52
AIR103183,2025-05-15,Gujarat,Gujarat City 2,5G,99.27,200.07,0.53,22.4,78,0,3.38
AIR103184,2025-06-15,Uttar Pradesh,Uttar Pradesh City 1,4G,98.79,47.51,0.89,34.9,87,1,3.97
AIR103185,2025-07-15,Uttar Pradesh,Uttar Pradesh City 3,5G,99.37,160.26,0.71,23.6,96,0,4
AIR103186,2025-08-15,Kerala,Kerala City 2,4G,98.51,51.71,0.73,38.8,18,0,3.14
AIR103187,2025-09-15,Karnataka,Karnataka City 3,5G,99.31,175.48,0.5,14.3,20,0,3.65
AIR103188,2025-10-15,Rajasthan,Rajasthan City 3,4G,98.2,67.38,0.99,23.2,64,0,3.88
AIR103189,2025-11-15,West Bengal,West Bengal City 3,4G,98.82,40.32,1.45,22.1,47,0,3.07
AIR103190,2025-12-15,Maharashtra,Maharashtra City 1,4G,98.3,62.12,1.4,42.7,34,1,3.22
AIR103191,2025-02-15,West Bengal,West Bengal City 2,4G,98.88,44.52,0.79,51.9,82,0,4.02
AIR103192,2025-03-15,Rajasthan,Rajasthan City 2,5G,99.62,138.9,0.81,17.7,112,0,4.36
AIR103193,2025-04-15,Maharashtra,Maharashtra City 2,5G,99.34,106.5,0.41,15.2,5,0,4.52
AIR103194,2025-05-15,Maharashtra,Maharashtra City 2,5G,99.22,167.38,0.12,10.9,67,0,3.99
AIR103195,2025-06-15,Karnataka,Karnataka City 1,4G,98.52,48.72,0.77,42.2,58,1,4.09
AIR103196,2025-07-15,West Bengal,West Bengal City 3,4G,99.52,25.96,1.04,44.5,109,0,3.8
AIR103197,2025-08-15,Uttar Pradesh,Uttar Pradesh City 2,4G,97.72,46.55,0.38,23.9,108,0,4.06
AIR103198,2025-09-15,Tamil Nadu,Tamil Nadu City 1,5G,99.38,125.57,1.01,18,72,1,4.1
AIR103199,2025-10-15,West Bengal,West Bengal City 3,4G,98.13,67.18,2.18,45,59,0,3.32
AIR103200,2025-11-15,Telangana,Telangana City 1,5G,98.41,148.8,1.1,6.3,138,0,3.78
AIR103201,2025-12-15,Telangana,Telangana City 1,4G,98.22,37.5,1.23,36,55,1,3.22
AIR103202,2025-02-15,Maharashtra,Maharashtra City 2,4G,99.58,38.3,0.5,52,90,1,3.69
AIR103203,2025-03-15,Tamil Nadu,Tamil Nadu City 2,5G,99.37,171.06,1.29,28.7,96,0,3.83
AIR103204,2025-04-15,Delhi,Delhi City 3,4G,98.42,52.76,1.01,49.3,51,1,3.45
AIR103205,2025-05-15,Rajasthan,Rajasthan City 3,4G,99.13,35.95,0.93,11.2,116,0,3.99
AIR103206,2025-06-15,Kerala,Kerala City 2,4G,99.82,52.68,0.66,36.6,63,0,3.99
AIR103207,2025-07-15,Tamil Nadu,Tamil Nadu City 1,5G,98.57,189.43,0.58,12.3,89,0,4.22
AIR103208,2025-08-15,Kerala,Kerala City 2,4G,99.01,55.74,1.03,33.1,70,1,3.68
AIR103209,2025-09-15,West Bengal,West Bengal City 3,4G,97.99,58.99,1.34,34.7,28,0,3.7
AIR103210,2025-10-15,West Bengal,West Bengal City 1,4G,98.94,28.33,1.5,23.4,5,1,3.97
AIR103211,2025-11-15,Kerala,Kerala City 1,4G,97.67,39.83,0.65,25.2,90,0,3.56
AIR103212,2025-12-15,Rajasthan,Rajasthan City 1,4G,99.23,54.8,1.38,36.8,158,1,3.21
AIR103213,2025-02-15,Tamil Nadu,Tamil Nadu City 2,4G,97.93,35.69,1.05,44.1,20,0,3.41
AIR103214,2025-03-15,Delhi,Delhi City 2,5G,98.83,162.04,0.49,26.5,30,1,3.74
AIR103215,2025-04-15,Maharashtra,Maharashtra City 3,5G,99.75,102.33,0.92,22.7,91,0,3.89
AIR103216,2025-05-15,Karnataka,Karnataka City 1,4G,97.11,53.11,0.92,43.8,59,0,3.66
AIR103217,2025-06-15,West Bengal,West Bengal City 1,5G,99.48,164.83,1.31,19.2,61,0,4
AIR103218,2025-07-15,Telangana,Telangana City 2,4G,97.37,56.53,1.53,25.9,89,0,2.87
AIR103219,2025-08-15,Rajasthan,Rajasthan City 3,4G,97.94,48.57,1.01,55.8,63,0,2.98
AIR103220,2025-09-15,Karnataka,Karnataka City 3,4G,100,55.62,1.42,39.2,104,0,3.78
AIR103221,2025-10-15,Delhi,Delhi City 1,4G,98.46,48.69,1.59,53,13,1,3.37
AIR103222,2025-11-15,Gujarat,Gujarat City 2,4G,98.26,48.06,1.15,34.7,58,0,3.19
AIR103223,2025-12-15,Maharashtra,Maharashtra City 1,4G,97.2,69.13,0.98,52.4,5,0,3.56
AIR103224,2025-02-15,West Bengal,West Bengal City 2,5G,98.75,226.13,0.4,26.4,90,0,3.88
AIR103225,2025-03-15,Maharashtra,Maharashtra City 3,4G,97.55,44.96,0.56,18.4,11,1,4
AIR103226,2025-04-15,Karnataka,Karnataka City 1,4G,97.73,39.39,0.63,66.5,17,0,2.67
AIR103227,2025-05-15,Maharashtra,Maharashtra City 1,4G,97.45,41.2,1.06,42.9,48,0,3.27
AIR103228,2025-06-15,Gujarat,Gujarat City 1,4G,97.65,42.17,1.08,44.7,19,1,3.58
AIR103229,2025-07-15,Karnataka,Karnataka City 3,4G,97,47.73,0.97,21.7,62,1,3.85
AIR103230,2025-08-15,West Bengal,West Bengal City 1,4G,97.9,43.03,0.81,39.6,43,0,3.7
AIR103231,2025-09-15,Tamil Nadu,Tamil Nadu City 3,5G,98.4,214.97,1.13,25.1,97,0,3.19
AIR103232,2025-10-15,Telangana,Telangana City 2,5G,99.09,148.18,0.33,26.9,59,1,4.06
AIR103233,2025-11-15,Karnataka,Karnataka City 3,4G,97.37,53.55,1.22,57.8,5,1,3.5
AIR103234,2025-12-15,Uttar Pradesh,Uttar Pradesh City 2,5G,99.51,132.7,0.62,26,66,1,4.17
AIR103235,2025-02-15,Gujarat,Gujarat City 3,5G,100,143.38,0.56,16.6,57,1,4.41
AIR103236,2025-03-15,Karnataka,Karnataka City 3,4G,97.31,25.17,0.97,26.7,53,0,3.06
AIR103237,2025-04-15,Karnataka,Karnataka City 1,4G,97.21,50.94,1.06,35.6,58,0,3.25
AIR103238,2025-05-15,Uttar Pradesh,Uttar Pradesh City 3,4G,98.4,49.94,0.73,28.7,58,0,4.15
AIR103239,2025-06-15,West Bengal,West Bengal City 1,4G,97.42,37.6,1.47,49.8,82,0,3.01
AIR103240,2025-07-15,Karnataka,Karnataka City 2,5G,99.32,106.1,0.62,20.2,62,0,3.9
AIR103241,2025-08-15,Telangana,Telangana City 2,4G,97.77,42.02,1.1,50.9,62,1,3.77
AIR103242,2025-09-15,Maharashtra,Maharashtra City 1,4G,99.15,42.11,1.22,37.2,101,0,3.64
AIR103243,2025-10-15,West Bengal,West Bengal City 2,4G,99.57,45.47,0.99,56.5,51,1,3.25
AIR103244,2025-11-15,Telangana,Telangana City 3,4G,97.42,44.67,0.92,52.2,34,0,3.45
AIR103245,2025-12-15,West Bengal,West Bengal City 1,5G,99.61,142.84,0.62,26.7,83,0,4.06
AIR103246,2025-02-15,Telangana,Telangana City 1,4G,96.99,17.73,1.71,25,9,0,3.18
AIR103247,2025-03-15,Gujarat,Gujarat City 1,4G,98.67,57.15,1.51,32.8,5,1,3.68
AIR103248,2025-04-15,Telangana,Telangana City 2,5G,99.17,105.96,0.58,18.5,168,1,3.38
AIR103249,2025-05-15,Kerala,Kerala City 2,4G,99.14,39.05,0.96,22.6,102,0,3.75
AIR103250,2025-06-15,Telangana,Telangana City 3,4G,99.86,30.43,1.34,36.4,5,0,4.42
AIR103251,2025-07-15,Tamil Nadu,Tamil Nadu City 3,4G,98.11,72.42,0.97,36.3,88,0,3.84
AIR103252,2025-08-15,Tamil Nadu,Tamil Nadu City 1,4G,97.14,48.68,1.54,33,40,0,3.55
AIR103253,2025-09-15,Rajasthan,Rajasthan City 3,4G,98.96,42.07,1.27,34.5,60,0,3.69
AIR103254,2025-10-15,Kerala,Kerala City 2,4G,97.46,30.5,1.41,50.9,84,0,3.31
AIR103255,2025-11-15,Kerala,Kerala City 3,4G,97.07,50.61,0.45,32.6,120,0,3.7
AIR103256,2025-12-15,Maharashtra,Maharashtra City 2,5G,99.16,96.09,0.64,24.6,55,0,3.52
AIR103257,2025-02-15,Kerala,Kerala City 3,4G,96.26,45.77,0.86,49.8,80,0,2.87
AIR103258,2025-03-15,Maharashtra,Maharashtra City 2,4G,99.06,57.31,0.95,17.2,116,1,3.21
AIR103259,2025-04-15,Rajasthan,Rajasthan City 2,4G,98.52,26.35,1.46,45,90,1,2.81
AIR103260,2025-05-15,Rajasthan,Rajasthan City 3,5G,99.96,168.48,0.42,23.4,137,0,3.73
AIR103261,2025-06-15,Gujarat,Gujarat City 3,4G,98.65,31.2,0.81,25,93,0,3.69
AIR103262,2025-07-15,Tamil Nadu,Tamil Nadu City 2,5G,98.82,129.35,0.95,21.9,70,0,3.63
AIR103263,2025-08-15,Telangana,Telangana City 1,4G,97.58,50.4,1.24,33.2,90,1,2.95
AIR103264,2025-09-15,Telangana,Telangana City 3,5G,98.68,133.13,0.86,23.5,30,1,3.96
AIR103265,2025-10-15,Uttar Pradesh,Uttar Pradesh City 2,4G,100,45.77,1.24,46.4,53,1,3.73
AIR103266,2025-11-15,Uttar Pradesh,Uttar Pradesh City 3,4G,98.86,33.74,1.06,47.2,89,1,3.4
AIR103267,2025-12-15,Delhi,Delhi City 3,4G,99.93,58.14,1.3,44.3,47,0,3.32
AIR103268,2025-02-15,West Bengal,West Bengal City 3,5G,99.29,58.31,0.73,26.7,53,0,4.2
AIR103269,2025-03-15,Gujarat,Gujarat City 3,4G,97.63,31.16,1.12,27.4,69,0,3.19
AIR103270,2025-04-15,Delhi,Delhi City 3,4G,98.54,38.89,0.62,31,76,1,3.75
AIR103271,2025-05-15,Delhi,Delhi City 1,4G,97.76,60.58,0.95,25.3,123,0,3.69
AIR103272,2025-06-15,Karnataka,Karnataka City 1,5G,98.65,130.08,0.75,24.7,5,0,3.92
AIR103273,2025-07-15,Karnataka,Karnataka City 1,5G,98.89,91.52,0.45,13.8,63,0,3.75
AIR103274,2025-08-15,Delhi,Delhi City 2,4G,98.11,63.12,1.27,35,83,1,4.25
AIR103275,2025-09-15,Kerala,Kerala City 1,4G,97.18,48.12,0.88,38.6,138,0,3.01
AIR103276,2025-10-15,West Bengal,West Bengal City 1,4G,98.04,43.93,1.37,29.3,62,0,3.07
AIR103277,2025-11-15,Gujarat,Gujarat City 2,5G,98.67,50.74,1.01,23.3,30,1,3.93
AIR103278,2025-12-15,Delhi,Delhi City 1,5G,99.25,165.48,0.75,28.3,65,0,3.92
AIR103279,2025-02-15,Telangana,Telangana City 3,4G,98.62,59.03,1.41,47,53,0,4.21
AIR103280,2025-03-15,West Bengal,West Bengal City 1,4G,97.61,37.43,0.88,33.5,40,0,3.41
AIR103281,2025-04-15,Karnataka,Karnataka City 1,5G,99.71,215.35,0.41,13.6,50,0,4.46
AIR103282,2025-05-15,Telangana,Telangana City 1,5G,99.36,164.87,0.75,16.3,16,0,3.52
AIR103283,2025-06-15,Karnataka,Karnataka City 3,4G,98.73,57.36,0.99,25.6,67,0,3.48
AIR103284,2025-07-15,Karnataka,Karnataka City 3,4G,99.97,41.87,0.47,42.8,110,0,3.93
AIR103285,2025-08-15,West Bengal,West Bengal City 3,4G,98.07,34.75,1.38,41.1,53,0,3.11
AIR103286,2025-09-15,Karnataka,Karnataka City 3,4G,97.78,25.12,1.29,42.8,96,1,3.5
AIR103287,2025-10-15,Rajasthan,Rajasthan City 2,4G,96.32,69.53,0.61,37.9,87,0,3.11
AIR103288,2025-11-15,Tamil Nadu,Tamil Nadu City 3,4G,97.68,54.31,1.31,31.9,99,1,3.41
AIR103289,2025-12-15,Rajasthan,Rajasthan City 3,4G,98.81,53.04,0.68,30.1,5,0,3.49
AIR103290,2025-02-15,Tamil Nadu,Tamil Nadu City 3,4G,98.46,24.18,1.17,20.8,78,1,3.92
AIR103291,2025-03-15,Uttar Pradesh,Uttar Pradesh City 3,4G,98.94,39.53,0.66,52.4,95,0,3.98
AIR103292,2025-04-15,Uttar Pradesh,Uttar Pradesh City 2,4G,99.59,48,0.89,36.2,14,1,3.91
AIR103293,2025-05-15,Karnataka,Karnataka City 1,5G,99.63,203,0.74,18,75,0,4.55
AIR103294,2025-06-15,Gujarat,Gujarat City 1,4G,97.44,33.99,1.14,45.2,59,0,2.82
AIR103295,2025-07-15,Gujarat,Gujarat City 3,4G,98.78,30.2,1.19,35,73,0,3.48
AIR103296,2025-08-15,Tamil Nadu,Tamil Nadu City 3,4G,98.27,45.09,1.32,47,62,0,3.22
AIR103297,2025-09-15,Telangana,Telangana City 3,5G,98.87,137.28,0.38,22.7,62,0,3.59
AIR103298,2025-10-15,West Bengal,West Bengal City 1,5G,99.48,129.69,0.8,27.2,112,0,3.82
AIR103299,2025-11-15,Karnataka,Karnataka City 1,4G,98.9,38.8,1.2,34.9,33,0,3.1
AIR103300,2025-12-15,West Bengal,West Bengal City 3,5G,98.92,199.36,0.98,20.4,70,1,3.94
AIR103301,2025-02-15,Rajasthan,Rajasthan City 1,4G,97.17,27.75,0.65,41,86,0,3.29
AIR103302,2025-03-15,Gujarat,Gujarat City 2,5G,99.76,150.5,0.89,26,65,0,3.92
AIR103303,2025-04-15,Kerala,Kerala City 3,4G,97.31,31.21,1.38,43.1,53,0,3.33
AIR103304,2025-05-15,Rajasthan,Rajasthan City 3,4G,98.74,51.87,0.77,41.8,10,0,3.66
AIR103305,2025-06-15,Rajasthan,Rajasthan City 2,4G,98.96,15.66,1.33,32.3,66,0,3.56
AIR103306,2025-07-15,Tamil Nadu,Tamil Nadu City 2,4G,98.98,46.63,1.02,46.5,68,0,3.96
AIR103307,2025-08-15,Maharashtra,Maharashtra City 1,4G,98.48,40.75,1.23,39.1,124,0,3.75
AIR103308,2025-09-15,Rajasthan,Rajasthan City 2,5G,98.64,193,0.45,20.4,91,1,3.81
AIR103309,2025-10-15,Karnataka,Karnataka City 3,5G,98.94,125.86,0.91,21.5,100,0,3.75
AIR103310,2025-11-15,Delhi,Delhi City 1,4G,97.51,51.11,1.4,28.9,62,1,3.21
AIR103311,2025-12-15,Delhi,Delhi City 2,4G,99.16,45.6,1.4,46.4,13,0,3.47
AIR103312,2025-02-15,Karnataka,Karnataka City 1,4G,98.72,35.4,1,30.2,118,0,3.25
AIR103313,2025-03-15,Maharashtra,Maharashtra City 1,4G,97.54,36.93,1.58,44.4,57,0,3.66
AIR103314,2025-04-15,Maharashtra,Maharashtra City 1,4G,96.93,42.98,1.25,9.4,91,1,3.44
AIR103315,2025-05-15,Tamil Nadu,Tamil Nadu City 1,4G,97.77,58.52,0.65,44.4,163,1,3.53
AIR103316,2025-06-15,Gujarat,Gujarat City 2,5G,99.62,209.04,0.73,19.7,87,1,3.41
AIR103317,2025-07-15,West Bengal,West Bengal City 3,4G,98.6,36.98,0.48,45.9,54,0,3.63
AIR103318,2025-08-15,Maharashtra,Maharashtra City 3,4G,98.39,45.49,1.45,53.6,70,0,3.17
AIR103319,2025-09-15,Kerala,Kerala City 2,4G,99.26,28.49,1.12,35.5,62,0,3.45
AIR103320,2025-10-15,Tamil Nadu,Tamil Nadu City 3,4G,96.55,36.88,1.35,41.9,122,1,2.72
AIR103321,2025-11-15,Uttar Pradesh,Uttar Pradesh City 1,4G,98.14,44.97,0.98,46.6,80,0,3.53
AIR103322,2025-12-15,Telangana,Telangana City 1,5G,99.38,133.46,0.63,28.6,50,1,4.2
AIR103323,2025-02-15,Uttar Pradesh,Uttar Pradesh City 1,4G,97.4,40.46,0.98,36.5,5,0,3.34
AIR103324,2025-03-15,Tamil Nadu,Tamil Nadu City 2,4G,97.5,62.35,1.15,34.3,47,0,3.52
AIR103325,2025-04-15,Rajasthan,Rajasthan City 1,5G,99.09,172.48,0.58,11.8,66,0,4.54
AIR103326,2025-05-15,West Bengal,West Bengal City 1,4G,97.77,59,1.35,44.1,28,0,2.83
AIR103327,2025-06-15,Telangana,Telangana City 2,5G,99.4,133.03,0.89,13.6,93,0,3.68
AIR103328,2025-07-15,Uttar Pradesh,Uttar Pradesh City 1,4G,98.33,22.28,1,52.6,75,0,3.32
AIR103329,2025-08-15,Telangana,Telangana City 1,4G,97.75,51.57,1.03,32.3,99,0,3.32
AIR103330,2025-09-15,Kerala,Kerala City 3,5G,98.78,115.72,0.76,19.2,94,1,3.41
AIR103331,2025-10-15,Kerala,Kerala City 2,5G,98.99,151.16,1,21.6,108,1,3.41
AIR103332,2025-11-15,Kerala,Kerala City 1,4G,98.04,35.83,1.5,67.1,27,1,3.87
AIR103333,2025-12-15,Tamil Nadu,Tamil Nadu City 1,4G,98.36,61.69,0.89,51.1,68,0,4.23
AIR103334,2025-02-15,West Bengal,West Bengal City 1,5G,98.7,139.46,0.2,10.7,37,0,4.03
AIR103335,2025-03-15,Tamil Nadu,Tamil Nadu City 1,4G,97.71,51.7,1.64,38.6,94,0,3.54
AIR103336,2025-04-15,Delhi,Delhi City 3,4G,97.6,46.41,1.05,16.7,91,1,2.98
AIR103337,2025-05-15,Rajasthan,Rajasthan City 3,5G,98.59,118.38,0.89,23.7,55,0,3.37
AIR103338,2025-06-15,Rajasthan,Rajasthan City 3,4G,97.87,59.48,0.97,37,15,0,3.13
AIR103339,2025-07-15,Kerala,Kerala City 3,5G,99.49,155.62,1.14,31.4,70,0,4.31
AIR103340,2025-08-15,Delhi,Delhi City 2,5G,99.37,118.59,0.97,28.9,130,0,3.29
AIR103341,2025-09-15,Maharashtra,Maharashtra City 1,5G,99.49,125.53,0.89,19.2,85,0,4.12
AIR103342,2025-10-15,Maharashtra,Maharashtra City 3,5G,98.77,138.35,0.57,14.6,102,1,4.23
AIR103343,2025-11-15,Kerala,Kerala City 1,4G,98.66,64.69,0.62,45.2,19,0,3.31
AIR103344,2025-12-15,Uttar Pradesh,Uttar Pradesh City 2,4G,98.47,53.96,1.03,41.1,54,1,3.5
AIR103345,2025-02-15,Tamil Nadu,Tamil Nadu City 1,4G,98.9,33.95,1.12,46.4,96,0,3.48
AIR103346,2025-03-15,Kerala,Kerala City 1,5G,99.12,134.9,0.23,11.5,129,0,4.21
AIR103347,2025-04-15,Gujarat,Gujarat City 3,5G,98.76,124.79,0.81,14.1,88,0,4.03
AIR103348,2025-05-15,Telangana,Telangana City 3,4G,98.93,22.98,1.25,69,5,0,3.4
AIR103349,2025-06-15,Rajasthan,Rajasthan City 2,4G,100,40.87,0.55,42.7,79,1,4.22
AIR103350,2025-07-15,Maharashtra,Maharashtra City 1,5G,100,159.58,0.33,31.6,69,1,4.61
AIR103351,2025-08-15,Karnataka,Karnataka City 3,4G,97.56,35.66,1.15,46.6,37,0,3.67
AIR103352,2025-09-15,Maharashtra,Maharashtra City 3,4G,100,29.46,0.89,35.7,70,1,3.65
AIR103353,2025-10-15,Rajasthan,Rajasthan City 3,4G,99.41,42,1.26,37.4,100,0,3.54
AIR103354,2025-11-15,Telangana,Telangana City 2,5G,98.41,56.28,0.68,14.5,57,1,3.41
AIR103355,2025-12-15,Rajasthan,Rajasthan City 1,5G,98.31,181.45,0.48,18.2,93,0,4.06
AIR103356,2025-02-15,Karnataka,Karnataka City 3,5G,99.56,139.73,0.38,19.4,62,0,3.67
AIR103357,2025-03-15,Kerala,Kerala City 1,4G,97.88,58.29,0.66,38.8,137,1,3.77
AIR103358,2025-04-15,Delhi,Delhi City 2,5G,99.2,177.82,0.41,22.5,70,0,4.09
AIR103359,2025-05-15,Karnataka,Karnataka City 1,4G,97.47,24.31,0.95,63,27,0,3.39
AIR103360,2025-06-15,Rajasthan,Rajasthan City 3,5G,98.94,130.5,0.38,20,46,0,3.56
AIR103361,2025-07-15,Rajasthan,Rajasthan City 1,4G,98.76,49.61,0.72,35.4,128,0,4.26
AIR103362,2025-08-15,Gujarat,Gujarat City 1,4G,97.42,49.04,1.9,30.7,86,0,3.42
AIR103363,2025-09-15,Gujarat,Gujarat City 2,4G,98.1,40.97,1.46,31.4,44,0,3.3
AIR103364,2025-10-15,West Bengal,West Bengal City 2,4G,97.56,58,1.52,34.7,36,1,3.7
AIR103365,2025-11-15,Gujarat,Gujarat City 1,5G,98.94,203.37,0.64,23.6,141,0,4.44
AIR103366,2025-12-15,Tamil Nadu,Tamil Nadu City 1,5G,99.75,88.6,0.77,25.4,38,1,4.22
AIR103367,2025-02-15,Delhi,Delhi City 1,5G,98.97,172.21,0.57,20.7,97,0,3.98
AIR103368,2025-03-15,Telangana,Telangana City 2,5G,99.65,124.91,0.61,11.7,50,0,4.44
AIR103369,2025-04-15,Karnataka,Karnataka City 2,4G,97.54,77.6,1.41,45.6,98,0,3.15
AIR103370,2025-05-15,Rajasthan,Rajasthan City 1,5G,99.37,211.66,0.31,18.9,75,0,4.45
AIR103371,2025-06-15,West Bengal,West Bengal City 2,5G,99.23,229.19,0.24,13.5,5,0,4.55
AIR103372,2025-07-15,West Bengal,West Bengal City 3,5G,99.15,220.52,0.77,24.1,87,0,4.14
AIR103373,2025-08-15,Telangana,Telangana City 2,4G,96.99,48.02,0.88,27,56,0,4.22
AIR103374,2025-09-15,Delhi,Delhi City 2,4G,98.24,68.75,0.64,32.9,114,0,3.11
AIR103375,2025-10-15,Karnataka,Karnataka City 2,5G,99.32,170.64,0.29,19.6,73,0,3.89
AIR103376,2025-11-15,Maharashtra,Maharashtra City 3,4G,98.32,32.39,0.64,36.7,165,0,3.52
AIR103377,2025-12-15,Gujarat,Gujarat City 3,5G,98.93,99.28,1.04,23,108,1,3.88
AIR103378,2025-02-15,Kerala,Kerala City 3,5G,98.76,177.77,0.74,23,76,0,3.78
AIR103379,2025-03-15,West Bengal,West Bengal City 1,4G,97.51,38.24,1.32,44.4,161,0,3.39
AIR103380,2025-04-15,Gujarat,Gujarat City 1,5G,99.7,139.55,1.24,31.1,98,0,3.99
AIR103381,2025-05-15,Gujarat,Gujarat City 3,5G,99.57,150.21,0.77,17.7,81,0,4.5
AIR103382,2025-06-15,Tamil Nadu,Tamil Nadu City 1,4G,98.97,42.11,0.83,37.6,64,0,3.8
AIR103383,2025-07-15,Delhi,Delhi City 1,4G,97.8,64.11,1.15,27.2,54,0,2.83
AIR103384,2025-08-15,Kerala,Kerala City 1,5G,99.34,135.93,1.06,18.7,98,1,4.27
AIR103385,2025-09-15,Maharashtra,Maharashtra City 3,4G,98.03,54.87,0.52,43.9,5,0,4.3
AIR103386,2025-10-15,Rajasthan,Rajasthan City 2,4G,98.17,46.9,1,28.6,110,1,4.24
AIR103387,2025-11-15,Tamil Nadu,Tamil Nadu City 3,5G,99.04,175.27,0.58,20.8,106,0,4.2
AIR103388,2025-12-15,Gujarat,Gujarat City 3,4G,98.89,58.05,0.69,22.4,93,0,4.28
AIR103389,2025-02-15,Gujarat,Gujarat City 1,5G,99.18,173.43,0.34,12.6,77,0,3.56
AIR103390,2025-03-15,Uttar Pradesh,Uttar Pradesh City 1,4G,99.12,56.18,1.02,27.9,38,0,3.41
AIR103391,2025-04-15,Kerala,Kerala City 2,4G,97.46,41.63,1.18,37.5,65,0,3.38
AIR103392,2025-05-15,Kerala,Kerala City 2,5G,99.69,76.53,0.66,17.5,122,0,4.03
AIR103393,2025-06-15,Uttar Pradesh,Uttar Pradesh City 2,4G,98.32,54.42,1.49,31.6,52,0,3.54
AIR103394,2025-07-15,Kerala,Kerala City 2,5G,98.36,152.51,0.54,33.2,77,0,3.72
AIR103395,2025-08-15,Gujarat,Gujarat City 3,5G,98.88,124.58,0.38,33.2,51,0,3.35
AIR103396,2025-09-15,West Bengal,West Bengal City 2,5G,98.93,187.44,0.45,26.4,41,1,3.84
AIR103397,2025-10-15,Karnataka,Karnataka City 3,4G,97.16,50.11,1.33,36.3,9,0,3.7
AIR103398,2025-11-15,Gujarat,Gujarat City 1,4G,98.12,29.99,0.73,23.2,87,0,3.59
AIR103399,2025-12-15,Tamil Nadu,Tamil Nadu City 2,5G,99.63,117.87,0.55,17.6,5,0,3.07
AIR103400,2025-02-15,Delhi,Delhi City 1,4G,98.13,46.81,0.8,46.3,92,0,3.31
AIR103401,2025-03-15,Uttar Pradesh,Uttar Pradesh City 1,4G,99.63,36.54,1.28,58.1,96,0,4.29
AIR103402,2025-04-15,Maharashtra,Maharashtra City 3,4G,98.2,41.33,0.15,53.8,120,0,3.23
AIR103403,2025-05-15,Rajasthan,Rajasthan City 2,4G,97.53,64.2,0.95,31.1,25,0,3.19
AIR103404,2025-06-15,Maharashtra,Maharashtra City 3,5G,99.45,131.27,0.38,18.2,81,0,4.72
AIR103405,2025-07-15,Gujarat,Gujarat City 1,5G,99.65,164.04,0.84,17.1,100,0,4.33
AIR103406,2025-08-15,Tamil Nadu,Tamil Nadu City 2,5G,98.83,109.84,1.12,30.4,103,0,3.28
AIR103407,2025-09-15,Gujarat,Gujarat City 1,4G,97.07,36.54,1.27,31.7,87,0,3.37
AIR103408,2025-10-15,Delhi,Delhi City 1,5G,98.81,138.05,0.51,24.2,31,1,4.59
AIR103409,2025-11-15,West Bengal,West Bengal City 2,4G,98.63,49.49,0.86,52.2,72,1,4.06
AIR103410,2025-12-15,Rajasthan,Rajasthan City 2,4G,97.16,51.9,1.02,46.4,68,0,2.98
AIR103411,2025-02-15,Delhi,Delhi City 2,4G,98.02,35.16,1.42,24.2,55,0,3.54
AIR103412,2025-03-15,Uttar Pradesh,Uttar Pradesh City 3,5G,98.73,135.4,0.46,5,110,0,4.37
AIR103413,2025-04-15,Uttar Pradesh,Uttar Pradesh City 3,5G,99.24,166.63,0.64,18.4,102,1,4.16
AIR103414,2025-05-15,Gujarat,Gujarat City 1,5G,98.29,168.59,0.66,15.1,64,1,4.12
AIR103415,2025-06-15,Tamil Nadu,Tamil Nadu City 2,5G,98.8,185.12,0.85,26.3,47,1,3.67
AIR103416,2025-07-15,Delhi,Delhi City 1,5G,99.24,122.11,0.64,22.3,60,0,3.1
AIR103417,2025-08-15,Telangana,Telangana City 1,4G,98.99,43.37,0.88,40.2,76,1,3.23
AIR103418,2025-09-15,Tamil Nadu,Tamil Nadu City 1,5G,100,111.52,0.32,23.7,102,1,4.05
AIR103419,2025-10-15,West Bengal,West Bengal City 1,4G,99.65,64.48,0.93,26.4,31,0,3.54
AIR103420,2025-11-15,Uttar Pradesh,Uttar Pradesh City 1,4G,97.36,51.12,1.12,47.4,92,0,3.46
AIR103421,2025-12-15,Gujarat,Gujarat City 2,4G,98.4,37.61,0.91,33.3,22,1,3.83
AIR103422,2025-02-15,Kerala,Kerala City 3,4G,98.39,27.73,0.96,25.2,94,1,3.96
AIR103423,2025-03-15,Uttar Pradesh,Uttar Pradesh City 2,4G,98.19,47.98,1.21,38.3,121,0,3.42
AIR103424,2025-04-15,Rajasthan,Rajasthan City 2,4G,99.13,48.72,1.24,24.3,50,0,3.45
AIR103425,2025-05-15,Karnataka,Karnataka City 2,5G,99.37,163.98,0.76,32.7,85,0,3.47
AIR103426,2025-06-15,Kerala,Kerala City 3,5G,98.84,100.67,0.7,24.1,90,1,3.67
AIR103427,2025-07-15,Gujarat,Gujarat City 3,5G,99.41,213.16,0.53,25.5,118,1,4.38
AIR103428,2025-08-15,Telangana,Telangana City 3,4G,98.55,36.43,0.83,53.4,86,1,3.09
AIR103429,2025-09-15,Kerala,Kerala City 2,4G,98.08,63.06,2.24,14.9,133,1,3.07
AIR103430,2025-10-15,Rajasthan,Rajasthan City 3,4G,99.38,37.43,1.21,33.8,88,0,3.47
AIR103431,2025-11-15,Tamil Nadu,Tamil Nadu City 1,4G,97.49,35.08,0.93,40.6,91,1,3.24
AIR103432,2025-12-15,Telangana,Telangana City 3,4G,97.01,44.85,1.6,44.7,57,0,2.73
AIR103433,2025-02-15,Uttar Pradesh,Uttar Pradesh City 2,5G,99.45,131.66,0.6,13.9,143,1,3.59
AIR103434,2025-03-15,Telangana,Telangana City 2,4G,98.32,34.35,0.85,30.6,165,0,3.54
AIR103435,2025-04-15,Delhi,Delhi City 1,4G,98.48,52.96,0.78,31.9,95,1,3.95
AIR103436,2025-05-15,Rajasthan,Rajasthan City 3,4G,99.2,53.36,1.02,36.1,111,0,3.14
AIR103437,2025-06-15,Kerala,Kerala City 3,4G,98.39,53.63,1.51,35.8,5,0,4.08
AIR103438,2025-07-15,Delhi,Delhi City 1,4G,97.98,53.47,1.27,37.2,137,0,2.68
AIR103439,2025-08-15,Telangana,Telangana City 2,4G,98.18,66.77,1.05,40.6,89,0,3.8
AIR103440,2025-09-15,Delhi,Delhi City 2,5G,98.95,139.54,0.96,12.4,31,0,3.89
AIR103441,2025-10-15,Maharashtra,Maharashtra City 3,4G,98.46,40.2,0.88,38.6,40,1,3.03
AIR103442,2025-11-15,Rajasthan,Rajasthan City 3,4G,98.82,38.82,1.08,38.7,154,1,3.44
AIR103443,2025-12-15,West Bengal,West Bengal City 3,4G,97.56,46.84,0.92,44,102,0,3.76
AIR103444,2025-02-15,Tamil Nadu,Tamil Nadu City 3,4G,98.88,20.61,0.98,32.1,82,1,3.3
AIR103445,2025-03-15,Telangana,Telangana City 3,4G,97.88,47.6,0.92,25.9,72,0,3.28
AIR103446,2025-04-15,Rajasthan,Rajasthan City 2,4G,96.81,42.81,1.87,41.7,33,1,3.17
AIR103447,2025-05-15,West Bengal,West Bengal City 2,4G,98.37,53.2,1.61,24.6,109,0,3.16
AIR103448,2025-06-15,West Bengal,West Bengal City 2,4G,98.3,71.89,1.28,47,112,0,3.39
AIR103449,2025-07-15,Gujarat,Gujarat City 2,4G,98.49,45.48,1.28,33.9,128,0,3.83
AIR103450,2025-08-15,Delhi,Delhi City 1,4G,97.99,41.28,1.23,28.2,81,0,3.12
AIR103451,2025-09-15,West Bengal,West Bengal City 2,4G,99.04,44.44,1.32,39.9,56,0,3.28
AIR103452,2025-10-15,Maharashtra,Maharashtra City 1,4G,98.45,45.85,1,44.9,51,0,3.43
AIR103453,2025-11-15,Rajasthan,Rajasthan City 2,4G,97.93,45.22,0.79,54.6,118,0,3.68
AIR103454,2025-12-15,Karnataka,Karnataka City 3,4G,99.06,44.85,1.14,42.4,70,1,3.28
AIR103455,2025-02-15,Karnataka,Karnataka City 3,4G,98.49,51.04,1.36,54.8,74,0,3.15
AIR103456,2025-03-15,Telangana,Telangana City 3,4G,98.32,56.13,1.15,20.1,28,1,3.8
AIR103457,2025-04-15,Uttar Pradesh,Uttar Pradesh City 1,4G,97.82,43.91,0.93,36.5,82,0,3.19
AIR103458,2025-05-15,Delhi,Delhi City 2,4G,99.78,45.58,0.43,21.3,121,1,3.92
AIR103459,2025-06-15,Uttar Pradesh,Uttar Pradesh City 2,4G,97.41,54.48,1.36,45.4,95,0,3.02
AIR103460,2025-07-15,West Bengal,West Bengal City 1,5G,99.16,161.78,0.57,16.3,110,0,4.31
AIR103461,2025-08-15,Rajasthan,Rajasthan City 1,5G,99.04,127.27,1.16,21.5,92,0,4.04
AIR103462,2025-09-15,Telangana,Telangana City 1,5G,99.68,101.77,0.52,13.1,124,0,3.66
AIR103463,2025-10-15,Kerala,Kerala City 1,5G,98.96,113.07,0.21,20.6,114,0,3.7
AIR103464,2025-11-15,West Bengal,West Bengal City 1,5G,100,128.21,0.79,17.6,180,0,4.17
AIR103465,2025-12-15,Delhi,Delhi City 3,5G,99.81,197.89,0.49,5,88,0,3.85
AIR103466,2025-02-15,Karnataka,Karnataka City 2,4G,98.13,51.78,0.94,48,80,0,3.3
AIR103467,2025-03-15,Gujarat,Gujarat City 1,4G,99.12,43.64,1.25,33.7,32,1,4.18
AIR103468,2025-04-15,Rajasthan,Rajasthan City 3,4G,97.58,41.31,1.4,39.5,19,0,3.67
AIR103469,2025-05-15,Tamil Nadu,Tamil Nadu City 1,5G,99.09,101.01,0.32,12.4,54,1,4.12
AIR103470,2025-06-15,Uttar Pradesh,Uttar Pradesh City 3,5G,99.16,127.4,0.41,16.4,137,0,4.37
AIR103471,2025-07-15,Telangana,Telangana City 1,4G,97.85,54.83,1.68,39,113,0,2.91
AIR103472,2025-08-15,Uttar Pradesh,Uttar Pradesh City 2,5G,98.67,123.74,0.72,15.8,78,0,3.45
AIR103473,2025-09-15,Rajasthan,Rajasthan City 1,4G,97.75,30.2,1.78,58.5,108,1,2.63
AIR103474,2025-10-15,Uttar Pradesh,Uttar Pradesh City 1,4G,97.8,42.45,1.05,36.2,86,0,3.27
AIR103475,2025-11-15,Rajasthan,Rajasthan City 2,4G,99.09,54.19,0.62,41.2,108,0,3.46
AIR103476,2025-12-15,Uttar Pradesh,Uttar Pradesh City 2,4G,97.65,39.34,1.3,40.5,142,0,3.55
AIR103477,2025-02-15,Maharashtra,Maharashtra City 1,4G,97.95,49.44,1.07,53.2,55,1,3.14
AIR103478,2025-03-15,Kerala,Kerala City 2,5G,99.38,176.71,0.85,19.2,5,0,3.75
AIR103479,2025-04-15,West Bengal,West Bengal City 2,5G,98.36,111.81,1,20.1,25,0,3.37
AIR103480,2025-05-15,West Bengal,West Bengal City 3,5G,99.56,147.86,0.31,19.4,35,0,4.66
AIR103481,2025-06-15,Delhi,Delhi City 2,4G,98.81,37.68,1.44,48.8,93,0,2.64
AIR103482,2025-07-15,Tamil Nadu,Tamil Nadu City 2,5G,99.53,138.03,0.6,13.4,19,0,4.36
AIR103483,2025-08-15,Tamil Nadu,Tamil Nadu City 1,4G,97.02,40.97,0.98,36.7,109,1,3.68
AIR103484,2025-09-15,Delhi,Delhi City 1,4G,96.87,42.84,1.02,50.6,27,0,3.06
AIR103485,2025-10-15,Gujarat,Gujarat City 3,5G,98.72,173.64,0.86,21.9,68,1,4.42
AIR103486,2025-11-15,West Bengal,West Bengal City 1,4G,97.18,74.24,1.16,41.3,100,0,3.37
AIR103487,2025-12-15,Gujarat,Gujarat City 2,4G,97.52,40.13,1.11,27.7,107,1,3.29
AIR103488,2025-02-15,Rajasthan,Rajasthan City 2,4G,99.12,69.75,1.07,30.4,88,1,3.47
AIR103489,2025-03-15,Rajasthan,Rajasthan City 2,5G,98.54,138.53,0.46,25.7,35,0,3.26
AIR103490,2025-04-15,Karnataka,Karnataka City 1,4G,98.38,43.39,1.49,47.1,14,1,3.46
AIR103491,2025-05-15,Uttar Pradesh,Uttar Pradesh City 2,4G,98.48,83.66,0.57,37.6,46,0,3.99
AIR103492,2025-06-15,Tamil Nadu,Tamil Nadu City 2,4G,99.05,44.21,1.44,44.4,144,0,3.39
AIR103493,2025-07-15,Karnataka,Karnataka City 3,5G,99.53,187.08,0.69,34.4,37,1,3.8
AIR103494,2025-08-15,Kerala,Kerala City 3,5G,99.14,162.26,0.73,22.7,13,0,3.72
AIR103495,2025-09-15,Delhi,Delhi City 3,4G,98.02,47.24,0.92,61.2,83,0,3.79
AIR103496,2025-10-15,Delhi,Delhi City 1,4G,97.4,52.17,1.43,24.2,141,0,3.78
AIR103497,2025-11-15,Rajasthan,Rajasthan City 2,4G,98.07,41.58,1.45,40.8,108,0,2.96
AIR103498,2025-12-15,West Bengal,West Bengal City 2,4G,98.44,43.88,0.75,23.7,49,0,4.1
AIR103499,2025-02-15,Gujarat,Gujarat City 2,5G,99.32,197.05,0.18,30,79,1,4.13
AIR103500,2025-03-15,Tamil Nadu,Tamil Nadu City 3,4G,97.5,38.45,0.69,41.2,91,0,3.88
AIR103501,2025-04-15,Karnataka,Karnataka City 2,4G,99.07,66.1,1.03,24.2,68,0,3.19
AIR103502,2025-05-15,Gujarat,Gujarat City 2,5G,98.8,89.43,0.36,15.5,50,0,4.19
AIR103503,2025-06-15,Karnataka,Karnataka City 2,4G,99.18,53.35,1.01,42.5,45,0,3.03
AIR103504,2025-07-15,Uttar Pradesh,Uttar Pradesh City 2,5G,98.91,184.24,0.41,36.9,69,0,3.78
AIR103505,2025-08-15,Kerala,Kerala City 2,5G,99.57,150.44,0.36,13,47,0,4.22
AIR103506,2025-09-15,Kerala,Kerala City 1,5G,99.62,122.31,0.84,16,76,0,4.05
AIR103507,2025-10-15,Gujarat,Gujarat City 2,5G,99.59,147.59,0.29,16.2,68,0,4.33
AIR103508,2025-11-15,Gujarat,Gujarat City 1,4G,97.49,49.21,1.38,48,54,0,3.47
AIR103509,2025-12-15,Gujarat,Gujarat City 2,5G,99.47,148.79,0.67,20.9,30,0,4.51
AIR103510,2025-02-15,Karnataka,Karnataka City 1,4G,97.31,34.01,1.43,30.8,43,0,3.19
AIR103511,2025-03-15,Uttar Pradesh,Uttar Pradesh City 2,4G,97.66,52.34,0.92,37.7,25,0,3.73
AIR103512,2025-04-15,Maharashtra,Maharashtra City 2,4G,99.56,31.8,0.47,46.9,111,0,3.8
AIR103513,2025-05-15,Gujarat,Gujarat City 2,5G,99.34,175.55,0.94,7.6,140,0,4.27
AIR103514,2025-06-15,West Bengal,West Bengal City 2,5G,99.75,130.16,0.21,19.2,124,1,3.62
AIR103515,2025-07-15,Tamil Nadu,Tamil Nadu City 3,4G,98.36,49.48,1.29,60.7,118,0,3.71
AIR103516,2025-08-15,Tamil Nadu,Tamil Nadu City 2,4G,99.09,36.5,1.43,53.6,52,0,3.43
AIR103517,2025-09-15,Karnataka,Karnataka City 1,5G,99,141.06,0.15,20.9,89,0,3.99
AIR103518,2025-10-15,Gujarat,Gujarat City 3,5G,99.54,189.73,0.57,25.7,38,1,4.45
AIR103519,2025-11-15,Rajasthan,Rajasthan City 3,4G,98.57,59.4,0.8,30.9,69,0,4.39
AIR103520,2025-12-15,Delhi,Delhi City 2,4G,98.04,50.75,0.91,46.9,27,0,3.39
AIR103521,2025-02-15,Maharashtra,Maharashtra City 1,4G,97.88,56.47,1.4,49.4,85,0,2.92
AIR103522,2025-03-15,West Bengal,West Bengal City 1,4G,97.63,56.18,1.35,33.9,79,1,3.72
AIR103523,2025-04-15,Uttar Pradesh,Uttar Pradesh City 3,5G,99.65,111.97,0.68,22.2,71,0,3.92
AIR103524,2025-05-15,Rajasthan,Rajasthan City 1,4G,98.57,47.09,0.52,44.5,27,1,3.79
AIR103525,2025-06-15,Kerala,Kerala City 2,4G,98.07,43.44,1.12,50,37,0,3.77
AIR103526,2025-07-15,Rajasthan,Rajasthan City 2,4G,96.9,48.62,1.19,35.5,98,0,3.51
AIR103527,2025-08-15,Karnataka,Karnataka City 2,4G,97.88,21.58,0.58,48.9,93,1,3.22
AIR103528,2025-09-15,Maharashtra,Maharashtra City 2,4G,98.43,47.02,1.15,30.8,51,0,4.2
AIR103529,2025-10-15,Telangana,Telangana City 2,4G,97.65,53.66,0.59,32.5,104,0,2.7
AIR103530,2025-11-15,Telangana,Telangana City 3,5G,98.82,92.83,0.54,15.2,61,0,4.52
AIR103531,2025-12-15,Gujarat,Gujarat City 2,4G,96.41,48.17,1.48,28.2,100,0,3.35
AIR103532,2025-02-15,Gujarat,Gujarat City 2,5G,99.72,87.82,0.94,18,110,0,3.73
AIR103533,2025-03-15,Karnataka,Karnataka City 3,4G,98.42,27.31,0.72,21.6,125,0,3.3
AIR103534,2025-04-15,Uttar Pradesh,Uttar Pradesh City 3,4G,96.66,40.99,0.76,27.2,92,1,3.04
AIR103535,2025-05-15,Gujarat,Gujarat City 3,4G,95.46,44.82,1.44,27.2,37,1,3.04
AIR103536,2025-06-15,Delhi,Delhi City 1,4G,98.39,25.59,1.32,23.6,142,0,3.8
AIR103537,2025-07-15,Maharashtra,Maharashtra City 1,4G,97.45,50.06,0.68,51.4,100,1,3.35
AIR103538,2025-08-15,Karnataka,Karnataka City 2,4G,98.44,34.76,0.81,28.3,86,0,3.99
AIR103539,2025-09-15,Tamil Nadu,Tamil Nadu City 2,5G,98.69,181.84,0.75,34.1,97,0,4.31
AIR103540,2025-10-15,Kerala,Kerala City 2,5G,99.87,161.53,1.07,15.8,39,1,4
AIR103541,2025-11-15,Karnataka,Karnataka City 1,4G,98.79,77.3,1.03,47.4,55,0,3.27
AIR103542,2025-12-15,Karnataka,Karnataka City 2,4G,98.92,32.38,0.73,25.3,15,1,3.87
AIR103543,2025-02-15,Telangana,Telangana City 2,5G,98.68,112.82,0.93,22.4,66,1,3.9
AIR103544,2025-03-15,West Bengal,West Bengal City 1,4G,99.26,40.64,0.47,37.9,80,0,3.35
AIR103545,2025-04-15,Uttar Pradesh,Uttar Pradesh City 3,5G,99.17,80.74,0.47,23.7,78,0,4.06
AIR103546,2025-05-15,West Bengal,West Bengal City 1,5G,99.74,200.42,0.41,23,108,0,4.31
AIR103547,2025-06-15,Delhi,Delhi City 2,4G,96.88,25.46,1.54,54.5,80,1,3.29
AIR103548,2025-07-15,Tamil Nadu,Tamil Nadu City 1,4G,98.25,65,0.84,57.4,113,0,3.56
AIR103549,2025-08-15,Telangana,Telangana City 3,4G,98.55,47.21,1.01,42.3,72,0,3.36
AIR103550,2025-09-15,Tamil Nadu,Tamil Nadu City 3,5G,99.59,123.7,0.54,19.8,79,0,4.16
AIR103551,2025-10-15,Delhi,Delhi City 3,4G,98.16,56.9,0.86,20.3,123,0,3.41
AIR103552,2025-11-15,West Bengal,West Bengal City 3,5G,99.32,190.35,1,16.9,75,1,4
AIR103553,2025-12-15,Karnataka,Karnataka City 3,4G,98.46,47,0.69,37.3,50,0,3.76
AIR103554,2025-02-15,Gujarat,Gujarat City 3,4G,98.55,21.28,1.01,33,51,1,3.47
AIR103555,2025-03-15,Gujarat,Gujarat City 2,4G,98.61,28.28,1.17,33,84,0,4.01
AIR103556,2025-04-15,Rajasthan,Rajasthan City 2,4G,98.92,48.87,1.11,43.9,95,1,3.92
AIR103557,2025-05-15,Kerala,Kerala City 1,5G,99.53,158.04,0.38,22.8,102,0,4.1
AIR103558,2025-06-15,Uttar Pradesh,Uttar Pradesh City 2,4G,97.61,59.81,1.27,47.3,24,0,2.55
AIR103559,2025-07-15,Delhi,Delhi City 3,4G,98.59,26.84,1.11,71.5,67,0,3.17
AIR103560,2025-08-15,Kerala,Kerala City 2,4G,96.88,38.87,1.6,28.4,90,0,3.33
AIR103561,2025-09-15,Uttar Pradesh,Uttar Pradesh City 1,4G,98.09,45.48,1.3,26.6,11,1,3.34
AIR103562,2025-10-15,Kerala,Kerala City 3,5G,99.63,182.78,0.89,20.5,98,0,3.45
AIR103563,2025-11-15,West Bengal,West Bengal City 2,4G,99.41,55.44,0.86,37.3,111,0,3.68
AIR103564,2025-12-15,Uttar Pradesh,Uttar Pradesh City 2,4G,98.71,58.69,0.63,38.2,48,1,3.89
AIR103565,2025-02-15,West Bengal,West Bengal City 1,5G,99.91,183.84,0.69,18.9,61,1,4.02
AIR103566,2025-03-15,Karnataka,Karnataka City 3,5G,98.08,134.27,0.89,25.3,7,0,3.29
AIR103567,2025-04-15,Telangana,Telangana City 1,4G,98.53,37.7,1.33,35,115,0,3.42
AIR103568,2025-05-15,West Bengal,West Bengal City 3,4G,98.72,58.32,2.04,33.4,61,1,3.78
AIR103569,2025-06-15,Gujarat,Gujarat City 3,5G,99.54,211.86,0.53,25.1,74,0,4.31
AIR103570,2025-07-15,Kerala,Kerala City 2,5G,98.61,162.76,0.47,18.9,60,1,3.68
AIR103571,2025-08-15,Rajasthan,Rajasthan City 1,5G,99.38,141.45,0.78,20.7,115,0,3.59
AIR103572,2025-09-15,Maharashtra,Maharashtra City 1,4G,99.26,45.36,0.89,37.8,37,0,4.25
AIR103573,2025-10-15,Uttar Pradesh,Uttar Pradesh City 1,4G,98.1,44.64,0.43,28.7,72,0,4
AIR103574,2025-11-15,Delhi,Delhi City 3,4G,98.59,55.94,1.39,44.3,118,0,3.34
AIR103575,2025-12-15,Rajasthan,Rajasthan City 1,5G,98.9,147.44,0.96,28.2,72,0,3.42
AIR103576,2025-02-15,Gujarat,Gujarat City 3,4G,97.3,57.38,0.6,30.3,60,0,3.27
AIR103577,2025-03-15,West Bengal,West Bengal City 1,4G,98.18,34.11,1.03,51.4,41,0,3.71
AIR103578,2025-04-15,Telangana,Telangana City 1,5G,98.2,127.1,0.64,25.8,108,0,2.97
AIR103579,2025-05-15,Karnataka,Karnataka City 2,4G,97.89,40.26,1.25,31.2,88,0,3.86
AIR103580,2025-06-15,Maharashtra,Maharashtra City 1,4G,98.88,42.67,1.74,44.3,70,1,3.46
AIR103581,2025-07-15,Tamil Nadu,Tamil Nadu City 2,4G,97.28,57.13,0.81,40.3,72,0,3.31
AIR103582,2025-08-15,Rajasthan,Rajasthan City 2,4G,97.98,56.87,1,51.9,22,0,3.2
AIR103583,2025-09-15,Telangana,Telangana City 3,4G,98.41,58.64,0.78,40.9,63,1,3.55
AIR103584,2025-10-15,Tamil Nadu,Tamil Nadu City 1,4G,98.13,32.42,1.33,16.4,71,1,3.33
AIR103585,2025-11-15,Maharashtra,Maharashtra City 1,4G,98.49,35.23,0.67,35.3,64,1,3.61
AIR103586,2025-12-15,Delhi,Delhi City 1,4G,98.65,31.79,0.98,37.1,13,1,3.23
AIR103587,2025-02-15,Delhi,Delhi City 2,4G,98.72,52.38,1.65,56.9,101,0,3.18
AIR103588,2025-03-15,Kerala,Kerala City 1,4G,99.08,54.47,1.48,50.3,98,0,2.77
AIR103589,2025-04-15,Maharashtra,Maharashtra City 3,4G,100,40.5,0.8,36,93,0,4.03
AIR103590,2025-05-15,Maharashtra,Maharashtra City 3,4G,98.93,48.18,1.11,37.3,97,1,3.54
AIR103591,2025-06-15,Tamil Nadu,Tamil Nadu City 1,4G,98.16,40.16,1.06,42.5,77,0,3.04
AIR103592,2025-07-15,Telangana,Telangana City 2,4G,98.57,35.97,1.27,35.6,84,1,3.61
AIR103593,2025-08-15,Uttar Pradesh,Uttar Pradesh City 3,4G,97.94,45.62,1.88,34.1,127,0,4.1
AIR103594,2025-09-15,Tamil Nadu,Tamil Nadu City 3,4G,99.08,33.5,1.11,44.4,59,0,3.18
AIR103595,2025-10-15,Karnataka,Karnataka City 2,4G,98.43,19.58,0.53,30.1,96,0,3.97
AIR103596,2025-11-15,Delhi,Delhi City 3,4G,99.48,50.16,1.25,28.5,99,0,3.63
AIR103597,2025-12-15,Delhi,Delhi City 2,5G,99.56,133.11,0.55,19.6,22,1,3.77
AIR103598,2025-02-15,Kerala,Kerala City 3,4G,97.98,42.77,0.81,42,111,0,3.56
AIR103599,2025-03-15,Karnataka,Karnataka City 2,4G,98.04,31.14,0.67,35,83,0,3.86
AIR103600,2025-04-15,Delhi,Delhi City 3,4G,97.79,55.54,1.21,45.7,113,0,3.37
AIR103601,2025-05-15,Tamil Nadu,Tamil Nadu City 1,5G,99.25,208.18,0.85,13.1,102,0,3.42
AIR103602,2025-06-15,Karnataka,Karnataka City 3,4G,98.4,53.66,0.92,42.4,79,1,4.02
AIR103603,2025-07-15,Tamil Nadu,Tamil Nadu City 3,4G,98.47,28.56,1.43,44.1,84,0,3.57
AIR103604,2025-08-15,Uttar Pradesh,Uttar Pradesh City 1,4G,96.62,69.56,1.17,56.2,75,0,2.77
AIR103605,2025-09-15,Uttar Pradesh,Uttar Pradesh City 1,4G,97.42,48.23,1.17,41.9,110,0,3.61
AIR103606,2025-10-15,Delhi,Delhi City 1,5G,98.36,114.6,0.9,19,22,0,3.3
AIR103607,2025-11-15,Delhi,Delhi City 1,4G,98.3,27.4,0.71,55.3,70,0,3.51
AIR103608,2025-12-15,Telangana,Telangana City 2,5G,99.42,166.96,0.47,12.2,100,0,3.71
AIR103609,2025-02-15,Uttar Pradesh,Uttar Pradesh City 2,4G,97.44,44.83,0.59,29.7,28,0,3.12
AIR103610,2025-03-15,Rajasthan,Rajasthan City 3,4G,97.3,27.63,1.57,34.6,92,0,3.06
AIR103611,2025-04-15,Rajasthan,Rajasthan City 3,4G,97.35,37.07,0.96,60,115,0,3.52
AIR103612,2025-05-15,Kerala,Kerala City 3,4G,98.28,63.69,1.15,56,48,1,2.67
AIR103613,2025-06-15,Uttar Pradesh,Uttar Pradesh City 2,4G,98.78,36.47,1.01,22.2,104,0,3.72
AIR103614,2025-07-15,Tamil Nadu,Tamil Nadu City 3,4G,97.75,43.08,1.14,37.2,57,0,3.52
AIR103615,2025-08-15,Tamil Nadu,Tamil Nadu City 3,4G,98.33,37.93,0.98,48.8,31,0,3.4
AIR103616,2025-09-15,Gujarat,Gujarat City 2,5G,99.53,216.79,0.52,21.4,89,0,3.79
AIR103617,2025-10-15,Karnataka,Karnataka City 3,5G,98.95,198.13,0.24,27.5,28,0,3.68
AIR103618,2025-11-15,West Bengal,West Bengal City 2,4G,97.84,55.27,1.14,67.3,83,0,3.35
AIR103619,2025-12-15,Rajasthan,Rajasthan City 2,4G,98.88,45.8,0.7,33.9,74,0,3.72
AIR103620,2025-02-15,Delhi,Delhi City 1,4G,97.64,58.6,0.8,25.7,109,1,3.35
AIR103621,2025-03-15,Kerala,Kerala City 1,4G,98.06,34.9,0.46,39.2,131,0,4.32
AIR103622,2025-04-15,West Bengal,West Bengal City 2,5G,98.54,192.62,1.05,7.9,49,0,2.92
AIR103623,2025-05-15,Maharashtra,Maharashtra City 2,5G,98.44,114.68,0.46,26.6,5,0,3.74
AIR103624,2025-06-15,Kerala,Kerala City 1,4G,98.56,59.2,0.83,15.5,63,1,3.57
AIR103625,2025-07-15,Maharashtra,Maharashtra City 3,4G,97.74,20.84,0.68,40.6,108,0,3.56
AIR103626,2025-08-15,Uttar Pradesh,Uttar Pradesh City 3,4G,97.08,27.09,0.83,45.4,6,0,3.41
AIR103627,2025-09-15,Maharashtra,Maharashtra City 3,5G,99.35,135.73,0.68,9,113,0,3.51
AIR103628,2025-10-15,Maharashtra,Maharashtra City 2,4G,99,43.53,1.14,32.4,50,0,3.13
AIR103629,2025-11-15,Telangana,Telangana City 1,4G,96.86,41.36,1.31,45.5,61,0,3.2
AIR103630,2025-12-15,Telangana,Telangana City 3,5G,99.2,125.36,0.2,22.6,80,0,4.49
AIR103631,2025-02-15,Telangana,Telangana City 1,5G,98.71,236.36,0.59,18.8,82,0,3.96
AIR103632,2025-03-15,Uttar Pradesh,Uttar Pradesh City 1,4G,97.85,55,1.47,36.3,79,0,2.93
AIR103633,2025-04-15,West Bengal,West Bengal City 2,5G,99.01,189.29,0.93,20,91,0,3.69
AIR103634,2025-05-15,Kerala,Kerala City 3,4G,98.04,28.88,0.56,31.1,152,0,3.55
AIR103635,2025-06-15,Kerala,Kerala City 1,4G,98.53,76.61,0.94,34.2,29,0,3.52
AIR103636,2025-07-15,Delhi,Delhi City 2,4G,96.7,54.96,1.07,31.2,52,1,2.77
AIR103637,2025-08-15,Telangana,Telangana City 2,5G,98.45,160.42,0.85,21.9,109,0,4.19
AIR103638,2025-09-15,Uttar Pradesh,Uttar Pradesh City 2,4G,97.91,33.4,1.29,25,104,0,4.13
AIR103639,2025-10-15,Delhi,Delhi City 3,4G,97.8,33.71,1.48,37.7,97,1,3.36
AIR103640,2025-11-15,Karnataka,Karnataka City 3,5G,99.1,164.95,0.76,19.8,26,1,3.58
AIR103641,2025-12-15,Delhi,Delhi City 2,4G,99.89,39.77,1.25,28.8,5,1,4.02
AIR103642,2025-02-15,West Bengal,West Bengal City 3,5G,98.96,256.47,0.92,25.9,65,1,3.93
AIR103643,2025-03-15,Rajasthan,Rajasthan City 3,4G,99.13,41.89,1.41,55.3,114,0,3.39
AIR103644,2025-04-15,Maharashtra,Maharashtra City 1,4G,97.54,56.18,0.05,33.5,5,0,3.44
AIR103645,2025-05-15,Telangana,Telangana City 2,4G,98.73,54.64,0.93,47.9,104,0,2.62
AIR103646,2025-06-15,Rajasthan,Rajasthan City 2,5G,99.73,185.63,0.43,30.5,94,1,3.96
AIR103647,2025-07-15,Delhi,Delhi City 3,4G,97.82,59.92,0.79,35.3,60,0,3.16
AIR103648,2025-08-15,Uttar Pradesh,Uttar Pradesh City 2,4G,99.92,48.24,1.05,38.2,50,0,3.92
AIR103649,2025-09-15,Maharashtra,Maharashtra City 2,4G,96.6,68.34,0.84,45.5,102,1,2.67
AIR103650,2025-10-15,Kerala,Kerala City 2,5G,98.9,161.59,0.51,23.2,121,0,3.9
AIR103651,2025-11-15,Tamil Nadu,Tamil Nadu City 3,4G,98.53,50.5,1.01,34.1,111,0,3.77
AIR103652,2025-12-15,Maharashtra,Maharashtra City 3,4G,98.87,33.98,0.8,34.6,109,0,3.71
AIR103653,2025-02-15,West Bengal,West Bengal City 3,4G,98.85,35.51,1.11,19.7,56,0,3.98
AIR103654,2025-03-15,West Bengal,West Bengal City 1,5G,99.64,92.78,0.54,20.9,5,0,3.88
AIR103655,2025-04-15,Delhi,Delhi City 2,4G,98.53,44.19,1.99,43.5,62,0,3.78
AIR103656,2025-05-15,Karnataka,Karnataka City 1,4G,97.58,62.85,1.26,37.3,94,0,3.55
AIR103657,2025-06-15,West Bengal,West Bengal City 3,5G,98.12,182.58,0.31,10.5,86,1,3.68
AIR103658,2025-07-15,West Bengal,West Bengal City 1,5G,98.36,161.39,0.68,18.1,45,0,3.73
AIR103659,2025-08-15,Uttar Pradesh,Uttar Pradesh City 2,4G,97.66,48.58,1.31,48.5,50,1,3.58
AIR103660,2025-09-15,Delhi,Delhi City 2,5G,98.65,136.59,1.06,24.8,142,0,3.54
AIR103661,2025-10-15,Maharashtra,Maharashtra City 3,5G,98.98,167.22,0.26,6.1,124,0,4.57
AIR103662,2025-11-15,Karnataka,Karnataka City 3,4G,97.94,49.82,0.95,50.6,104,0,3.3
AIR103663,2025-12-15,Rajasthan,Rajasthan City 1,4G,99.45,49.64,1.17,40.2,81,1,3.59
AIR103664,2025-02-15,Tamil Nadu,Tamil Nadu City 3,5G,99.43,95.07,0.35,23,69,0,4.22
AIR103665,2025-03-15,Telangana,Telangana City 1,5G,99.02,88.34,0.52,16.2,81,1,4.56
AIR103666,2025-04-15,Kerala,Kerala City 2,4G,98.28,56.94,1.18,50.3,133,1,3.45
AIR103667,2025-05-15,West Bengal,West Bengal City 2,4G,97.58,45.48,0.83,46.6,68,0,3.54
AIR103668,2025-06-15,Delhi,Delhi City 2,4G,97.38,51.12,0.12,36.9,66,0,3.69
AIR103669,2025-07-15,Telangana,Telangana City 2,4G,97.44,44.1,1.07,21.1,136,1,3.89
AIR103670,2025-08-15,Kerala,Kerala City 2,4G,99.73,42.29,1.12,29.1,110,1,3.91
AIR103671,2025-09-15,Kerala,Kerala City 1,4G,97.56,36.59,1.35,52.8,99,0,2.94
AIR103672,2025-10-15,Rajasthan,Rajasthan City 2,4G,98.08,52.43,1.38,31.6,63,0,3.2
AIR103673,2025-11-15,Rajasthan,Rajasthan City 1,5G,98.2,184.83,0.54,22.3,89,1,3.6
AIR103674,2025-12-15,Rajasthan,Rajasthan City 2,4G,97.64,33.31,0.67,47.4,52,0,2.86
AIR103675,2025-02-15,Gujarat,Gujarat City 1,4G,97.54,55.38,1.29,12.9,67,0,3.39
AIR103676,2025-03-15,Gujarat,Gujarat City 1,4G,97.7,26.64,0.76,41.8,132,0,3.21
AIR103677,2025-04-15,Kerala,Kerala City 1,4G,97.73,57.88,0.57,38.2,110,0,3.81
AIR103678,2025-05-15,Rajasthan,Rajasthan City 3,5G,99.19,167.47,0.72,19,80,0,4.16
AIR103679,2025-06-15,Uttar Pradesh,Uttar Pradesh City 1,5G,98.71,155.37,0.36,17.4,118,0,3.89
AIR103680,2025-07-15,West Bengal,West Bengal City 1,4G,99.43,44.53,1.33,26.6,58,0,3.9
AIR103681,2025-08-15,Telangana,Telangana City 2,4G,98.03,32.87,1.29,33.3,128,0,3.82
AIR103682,2025-09-15,Telangana,Telangana City 1,4G,99.5,40.7,1.37,23,93,0,3.51
AIR103683,2025-10-15,Gujarat,Gujarat City 1,4G,98.15,61.43,1.49,32.5,95,0,2.99
AIR103684,2025-11-15,Kerala,Kerala City 3,4G,97.01,54.71,1.31,26.8,45,1,3.5
AIR103685,2025-12-15,Delhi,Delhi City 2,5G,100,38.18,0.6,23.5,26,1,3.95
AIR103686,2025-02-15,Maharashtra,Maharashtra City 3,5G,99.66,146.8,0.81,19.9,27,0,3.61
AIR103687,2025-03-15,Maharashtra,Maharashtra City 3,4G,97.37,36.52,0.89,33.3,13,1,3.96
AIR103688,2025-04-15,Gujarat,Gujarat City 3,5G,99.68,207.86,0.4,19.9,5,0,4.57
AIR103689,2025-05-15,Delhi,Delhi City 1,5G,99.79,134.51,0.92,15.9,36,0,3.37
AIR103690,2025-06-15,Gujarat,Gujarat City 3,5G,99.41,104.24,0.73,19.2,79,1,3.48
AIR103691,2025-07-15,Maharashtra,Maharashtra City 3,5G,99.21,192.54,0.44,17,139,0,4.78
AIR103692,2025-08-15,Delhi,Delhi City 2,4G,98.39,49.23,1.27,37.7,91,0,3.3
AIR103693,2025-09-15,Rajasthan,Rajasthan City 2,4G,97.4,58.45,0.71,34.9,115,1,3.47
AIR103694,2025-10-15,Kerala,Kerala City 2,5G,98.08,113.24,0.98,20.5,89,0,2.93
AIR103695,2025-11-15,Telangana,Telangana City 2,5G,99.55,117.26,0.43,27.1,77,0,4.43
AIR103696,2025-12-15,Uttar Pradesh,Uttar Pradesh City 3,5G,100,134.91,0.21,18.1,66,1,3.69
AIR103697,2025-02-15,Karnataka,Karnataka City 2,4G,97.61,25.91,1.87,35.4,118,0,3.29
AIR103698,2025-03-15,Kerala,Kerala City 1,4G,98.17,58.83,0.91,41.8,100,1,3.54
AIR103699,2025-04-15,Rajasthan,Rajasthan City 3,4G,99.73,46.23,0.77,32.8,64,1,3.71
AIR103700,2025-05-15,Maharashtra,Maharashtra City 2,4G,98.94,56.41,0.91,59,111,0,3.88
AIR103701,2025-06-15,Rajasthan,Rajasthan City 3,4G,98.91,40.32,0.88,62.4,60,0,3.25
AIR103702,2025-07-15,Gujarat,Gujarat City 2,4G,98.15,31.15,0.91,44,75,1,2.78
AIR103703,2025-08-15,Delhi,Delhi City 3,4G,98.35,28.19,1.02,35.4,66,0,3.97
AIR103704,2025-09-15,Telangana,Telangana City 2,4G,98.21,34.56,0.54,59.2,68,0,3.59
AIR103705,2025-10-15,West Bengal,West Bengal City 1,4G,98.59,33.57,0.74,43.5,67,0,3.44
AIR103706,2025-11-15,Gujarat,Gujarat City 2,4G,97.21,51.13,1.16,43.2,105,0,3.4
AIR103707,2025-12-15,Kerala,Kerala City 3,4G,97.56,43.72,0.7,32,66,1,4.41
AIR103708,2025-02-15,Gujarat,Gujarat City 3,4G,97.08,56.44,1.09,47.7,126,0,2.95
AIR103709,2025-03-15,Kerala,Kerala City 1,5G,99.3,144.85,0.52,18.8,37,0,4.05
AIR103710,2025-04-15,West Bengal,West Bengal City 3,4G,98.78,61.46,1.04,25.5,121,0,3.5
AIR103711,2025-05-15,Tamil Nadu,Tamil Nadu City 1,4G,97.68,52.59,1.38,39.3,108,1,3.05
AIR103712,2025-06-15,Telangana,Telangana City 3,5G,98.83,191.32,0.85,19.4,72,0,3.79
AIR103713,2025-07-15,Uttar Pradesh,Uttar Pradesh City 3,4G,98.79,36.97,0.69,43.8,114,1,3.69
AIR103714,2025-08-15,Uttar Pradesh,Uttar Pradesh City 1,5G,99.03,132.78,0.42,23.6,102,1,3.94
AIR103715,2025-09-15,Karnataka,Karnataka City 3,4G,99.5,39.97,1.14,39.2,49,0,3.57
AIR103716,2025-10-15,Rajasthan,Rajasthan City 3,5G,98.78,210.79,0.39,18.3,95,0,4.27
AIR103717,2025-11-15,Tamil Nadu,Tamil Nadu City 1,4G,98.11,54.9,1.24,52.1,91,0,3.44
AIR103718,2025-12-15,Uttar Pradesh,Uttar Pradesh City 2,5G,99.16,169.36,0.81,24.9,27,0,4
AIR103719,2025-02-15,Gujarat,Gujarat City 1,5G,98.56,127.74,0.68,20.1,9,0,3.66
AIR103720,2025-03-15,Rajasthan,Rajasthan City 3,4G,98.97,74.29,0.81,40.2,60,0,3.8
AIR103721,2025-04-15,Tamil Nadu,Tamil Nadu City 2,4G,98.1,66.96,1.52,20.8,131,0,3.33
AIR103722,2025-05-15,Delhi,Delhi City 2,4G,98.38,51.56,1.49,45.8,64,0,3.44
AIR103723,2025-06-15,Delhi,Delhi City 2,4G,97.95,28.35,1.12,53.1,50,1,3.92
AIR103724,2025-07-15,Rajasthan,Rajasthan City 1,4G,97.05,54.94,0.64,50,69,0,3.47
AIR103725,2025-08-15,Kerala,Kerala City 2,5G,98.2,183.21,0.76,7.1,96,0,3.68
AIR103726,2025-09-15,Kerala,Kerala City 2,4G,97.83,29.35,0.61,46.2,50,0,3.42
AIR103727,2025-10-15,Gujarat,Gujarat City 2,4G,98.65,43.08,1.02,42,131,0,3.56
AIR103728,2025-11-15,Tamil Nadu,Tamil Nadu City 3,5G,99.36,141.87,1.15,20,108,1,3.62
AIR103729,2025-12-15,Tamil Nadu,Tamil Nadu City 1,4G,98.66,18.89,1.45,29.9,110,0,3.96
AIR103730,2025-02-15,Rajasthan,Rajasthan City 1,4G,98.67,49.48,0.71,48.8,157,0,3.63
AIR103731,2025-03-15,Maharashtra,Maharashtra City 3,5G,99.42,177.27,0.93,19.2,54,0,4.14
AIR103732,2025-04-15,Delhi,Delhi City 2,5G,98.55,207.29,0.41,25.2,77,0,3.55
AIR103733,2025-05-15,Tamil Nadu,Tamil Nadu City 3,4G,98.4,51.76,0.85,52.1,43,1,3.25
AIR103734,2025-06-15,Rajasthan,Rajasthan City 3,5G,99.08,181.2,0.86,24.7,82,1,3.28
AIR103735,2025-07-15,West Bengal,West Bengal City 2,4G,98.07,44.87,0.76,30.5,46,1,3.64
AIR103736,2025-08-15,Karnataka,Karnataka City 2,4G,96.74,49.53,1.77,28.8,70,1,2.61
AIR103737,2025-09-15,West Bengal,West Bengal City 1,4G,97.68,43.75,0.4,33.1,58,1,3.25
AIR103738,2025-10-15,Telangana,Telangana City 2,4G,97.57,42.86,0.46,34,27,0,4.03
AIR103739,2025-11-15,Gujarat,Gujarat City 3,4G,98.73,40.2,1.15,40.7,96,0,3.36
AIR103740,2025-12-15,Tamil Nadu,Tamil Nadu City 3,4G,97.78,47.27,1.14,27.6,15,0,3.45
AIR103741,2025-02-15,Telangana,Telangana City 2,5G,98.13,102.53,0.92,13.5,44,1,3.53
AIR103742,2025-03-15,Uttar Pradesh,Uttar Pradesh City 1,4G,96.9,70.02,1.26,30.1,75,1,3.57
AIR103743,2025-04-15,Telangana,Telangana City 3,5G,99.57,130.34,0.4,15.7,61,0,3.77
AIR103744,2025-05-15,Rajasthan,Rajasthan City 2,4G,98.77,51.42,1.55,54.6,132,0,3.26
AIR103745,2025-06-15,Tamil Nadu,Tamil Nadu City 1,5G,99.01,155.65,0.27,19.9,110,0,3.78
AIR103746,2025-07-15,Karnataka,Karnataka City 1,4G,97.81,85.04,1.3,30.3,75,0,2.92
AIR103747,2025-08-15,Rajasthan,Rajasthan City 3,4G,98.87,36.24,1.02,38.9,58,0,3.74
AIR103748,2025-09-15,Rajasthan,Rajasthan City 3,4G,97.79,67.15,1.77,41.6,46,0,3.18
AIR103749,2025-10-15,Gujarat,Gujarat City 1,5G,98.4,102.23,1.13,12.7,10,0,3.76
AIR103750,2025-11-15,Gujarat,Gujarat City 1,5G,99.92,163.03,0.31,15.6,131,0,3.97
AIR103751,2025-12-15,Delhi,Delhi City 1,4G,99.37,45.2,0.63,49.4,49,1,3.55
AIR103752,2025-02-15,Delhi,Delhi City 2,4G,97.7,49.1,0.85,47.2,75,0,3.97
AIR103753,2025-03-15,Kerala,Kerala City 3,4G,98.74,49.96,0.87,21.3,49,0,3.62
AIR103754,2025-04-15,Maharashtra,Maharashtra City 1,5G,99.39,114.28,0.13,18.4,106,0,4.25
AIR103755,2025-05-15,Tamil Nadu,Tamil Nadu City 3,5G,98.96,192.9,0.67,29.7,78,0,3.75
AIR103756,2025-06-15,Tamil Nadu,Tamil Nadu City 3,5G,99.12,222.85,1.01,19.9,82,0,3.53
AIR103757,2025-07-15,Telangana,Telangana City 3,5G,99.42,205.86,0.9,20.9,62,1,4.31
AIR103758,2025-08-15,Tamil Nadu,Tamil Nadu City 1,5G,98.56,166.94,0.32,27.6,5,0,3.66
AIR103759,2025-09-15,Tamil Nadu,Tamil Nadu City 2,4G,98.87,45.25,0.98,34.1,74,0,4.06
AIR103760,2025-10-15,Maharashtra,Maharashtra City 1,5G,99.29,154.24,0.81,21,60,0,3.87
AIR103761,2025-11-15,Uttar Pradesh,Uttar Pradesh City 3,5G,98.42,208.37,0.54,18.6,92,0,4.47
AIR103762,2025-12-15,Delhi,Delhi City 1,5G,100,105.09,0.8,17.2,77,0,3.86
AIR103763,2025-02-15,Delhi,Delhi City 1,4G,97.83,56.85,1.4,43.3,68,0,3.02
AIR103764,2025-03-15,Karnataka,Karnataka City 3,4G,98.27,61.06,1.24,47.7,59,0,2.78
AIR103765,2025-04-15,Tamil Nadu,Tamil Nadu City 3,4G,98.08,41.61,1.25,51.3,77,0,3.22
AIR103766,2025-05-15,Maharashtra,Maharashtra City 1,5G,98.57,186.05,0.25,18,75,1,3.34
AIR103767,2025-06-15,Delhi,Delhi City 1,4G,98.03,41.11,0.83,34,66,0,3.2
AIR103768,2025-07-15,Maharashtra,Maharashtra City 1,4G,98.56,37.16,0.69,35.1,82,0,4.65
AIR103769,2025-08-15,West Bengal,West Bengal City 1,4G,96.67,38.09,0.5,10.7,75,1,4.05
AIR103770,2025-09-15,Uttar Pradesh,Uttar Pradesh City 2,4G,97.99,36.15,1.17,32.5,70,1,3.48
AIR103771,2025-10-15,Tamil Nadu,Tamil Nadu City 1,4G,97.57,26.85,1.46,50.5,67,0,3.17
AIR103772,2025-11-15,Karnataka,Karnataka City 2,4G,98.74,71.96,0.9,53.7,67,0,3.27
AIR103773,2025-12-15,Telangana,Telangana City 3,5G,99.93,198.6,0.6,20.8,95,1,4.36
AIR103774,2025-02-15,Delhi,Delhi City 2,5G,99.04,138.81,0.54,22.9,141,1,3.94
AIR103775,2025-03-15,West Bengal,West Bengal City 3,4G,98.07,38.34,1.12,48.3,60,0,4.01
AIR103776,2025-04-15,Maharashtra,Maharashtra City 2,5G,99,158.51,1.04,25.7,99,0,3.74
AIR103777,2025-05-15,Gujarat,Gujarat City 3,5G,98.98,122.18,0.83,13,99,0,3.6
AIR103778,2025-06-15,Rajasthan,Rajasthan City 1,4G,98.07,54.65,1.09,32.6,58,0,4.19
AIR103779,2025-07-15,Tamil Nadu,Tamil Nadu City 2,4G,98.39,39.09,0.92,22.6,46,0,3.58
AIR103780,2025-08-15,Tamil Nadu,Tamil Nadu City 2,4G,97.93,67.98,0.89,52.8,5,0,3.56
AIR103781,2025-09-15,West Bengal,West Bengal City 3,4G,98.77,39.43,0.92,62.5,73,1,3.63
AIR103782,2025-10-15,Maharashtra,Maharashtra City 3,5G,99.24,213.29,0.69,24.8,136,0,4.08
AIR103783,2025-11-15,Kerala,Kerala City 2,4G,98.06,32.68,1.03,31.7,114,0,3.52
AIR103784,2025-12-15,Tamil Nadu,Tamil Nadu City 3,4G,98.54,45.34,0.95,53,97,1,3.84
AIR103785,2025-02-15,Kerala,Kerala City 1,5G,99.14,98.71,0.77,14.6,71,1,3.7
AIR103786,2025-03-15,Gujarat,Gujarat City 2,4G,96.81,31.72,1.69,61.8,60,1,2.89
AIR103787,2025-04-15,West Bengal,West Bengal City 1,5G,99.4,140.47,0.69,29.8,38,1,3.26
AIR103788,2025-05-15,Maharashtra,Maharashtra City 2,4G,97.9,62.84,1.1,30.5,86,1,3.77
AIR103789,2025-06-15,Maharashtra,Maharashtra City 1,4G,97.62,46.64,1.59,39,98,0,3.03
AIR103790,2025-07-15,Uttar Pradesh,Uttar Pradesh City 2,4G,98.56,45.84,0.94,41.6,74,0,3.85
AIR103791,2025-08-15,Rajasthan,Rajasthan City 3,4G,97.97,56,0.54,27.8,67,0,3.96
AIR103792,2025-09-15,Delhi,Delhi City 2,4G,98.56,48.41,0.86,34.3,39,0,3.57
AIR103793,2025-10-15,Delhi,Delhi City 1,4G,98.3,36.15,0.81,53.3,12,0,3.24
AIR103794,2025-11-15,Telangana,Telangana City 2,4G,98.8,54.46,1.61,46.3,90,0,3.06
AIR103795,2025-12-15,Karnataka,Karnataka City 1,4G,98.09,52.5,0.33,40.1,74,0,3.52
AIR103796,2025-02-15,West Bengal,West Bengal City 1,4G,98.18,62.12,0.74,30.9,156,0,3.72
AIR103797,2025-03-15,Gujarat,Gujarat City 1,5G,98.76,179.11,0.97,14.8,65,1,4.52
AIR103798,2025-04-15,Maharashtra,Maharashtra City 3,4G,97.83,23.36,0.95,25.8,64,0,4.15
AIR103799,2025-05-15,Rajasthan,Rajasthan City 2,4G,98.56,33.98,0.83,33.4,28,1,3.06
AIR103800,2025-06-15,Kerala,Kerala City 1,4G,97.45,78.2,0.63,27.4,91,0,2.88
AIR103801,2025-07-15,West Bengal,West Bengal City 3,4G,99.04,40.67,0.87,46,57,1,2.96
AIR103802,2025-08-15,Telangana,Telangana City 1,4G,97.42,44.81,1.16,32.8,85,1,3.17
AIR103803,2025-09-15,West Bengal,West Bengal City 2,4G,97.94,44.27,1.37,35.6,102,0,3.22
AIR103804,2025-10-15,Telangana,Telangana City 3,5G,99.63,143.35,0.81,14.2,49,0,3.94
AIR103805,2025-11-15,Maharashtra,Maharashtra City 1,4G,98.66,69.42,1.37,26.6,109,0,2.93
AIR103806,2025-12-15,Karnataka,Karnataka City 1,4G,99.18,47.11,0.92,32.9,51,1,4.06
AIR103807,2025-02-15,Telangana,Telangana City 1,4G,98.45,33.43,1.47,49.3,112,0,2.76
AIR103808,2025-03-15,Maharashtra,Maharashtra City 2,5G,99.59,150.68,0.86,17.5,89,0,4.05
AIR103809,2025-04-15,Maharashtra,Maharashtra City 3,4G,97.64,57.28,0.99,32.6,117,0,3.71
AIR103810,2025-05-15,Karnataka,Karnataka City 3,4G,97.99,35.83,1.14,49.2,70,1,3.74
AIR103811,2025-06-15,Delhi,Delhi City 3,4G,97.09,53.43,1.26,53.5,93,1,3.44
AIR103812,2025-07-15,West Bengal,West Bengal City 1,4G,97.31,38.2,1.13,26.1,94,0,4.02
AIR103813,2025-08-15,Tamil Nadu,Tamil Nadu City 3,4G,98.94,43.33,0.61,34.8,72,0,3.58
AIR103814,2025-09-15,Tamil Nadu,Tamil Nadu City 1,5G,99.39,129.61,0.67,20.8,103,1,3.35
AIR103815,2025-10-15,Kerala,Kerala City 2,4G,97.82,55.04,1.11,38.7,81,0,3.33
AIR103816,2025-11-15,Kerala,Kerala City 3,4G,97.49,52.67,1.51,38.5,38,0,3.27
AIR103817,2025-12-15,Tamil Nadu,Tamil Nadu City 1,5G,99.29,117.15,0.49,21.6,98,0,4.81
AIR103818,2025-02-15,Gujarat,Gujarat City 3,4G,97.87,58.49,1.34,37.3,47,0,3.59
AIR103819,2025-03-15,Tamil Nadu,Tamil Nadu City 3,4G,97.28,33.96,1.12,23,70,1,3.48
AIR103820,2025-04-15,Kerala,Kerala City 2,4G,98.22,43.36,0.89,28.3,152,0,4.51
AIR103821,2025-05-15,Rajasthan,Rajasthan City 3,4G,98.61,48.05,0.76,49.1,79,1,3.76
AIR103822,2025-06-15,Kerala,Kerala City 2,4G,98.07,61.91,0.64,44,31,0,3.58
AIR103823,2025-07-15,Gujarat,Gujarat City 3,4G,97.78,49.74,1.27,32.6,118,0,3.29
AIR103824,2025-08-15,West Bengal,West Bengal City 3,5G,99.06,142.14,0.62,17,44,1,3.63
AIR103825,2025-09-15,Tamil Nadu,Tamil Nadu City 3,5G,99.41,145.15,0.83,17.9,65,0,4.14
AIR103826,2025-10-15,Karnataka,Karnataka City 3,5G,98.36,157.22,0.85,21,82,0,2.95
AIR103827,2025-11-15,Rajasthan,Rajasthan City 3,4G,98.5,47.07,0.54,29.3,106,0,4.35
AIR103828,2025-12-15,Maharashtra,Maharashtra City 3,4G,99.01,24.82,0.37,25,56,0,4.08
AIR103829,2025-02-15,Gujarat,Gujarat City 2,4G,97.53,75.28,0.63,54.6,95,1,3.98
AIR103830,2025-03-15,Kerala,Kerala City 2,4G,96.94,35.68,1.25,41.7,95,0,2.32
AIR103831,2025-04-15,Karnataka,Karnataka City 1,5G,99.55,167.64,0.47,14.4,61,0,4.06
AIR103832,2025-05-15,Telangana,Telangana City 3,4G,97.4,40.33,1.04,50,71,1,3.35
AIR103833,2025-06-15,Delhi,Delhi City 2,5G,99.33,176.51,0.8,24,39,1,4.31
AIR103834,2025-07-15,Tamil Nadu,Tamil Nadu City 3,4G,98.62,73.68,0.97,43.7,42,0,3.54
AIR103835,2025-08-15,Delhi,Delhi City 3,4G,97.81,47.92,1.1,42.3,111,1,3.43
AIR103836,2025-09-15,Gujarat,Gujarat City 2,4G,98,53.83,1.12,46,53,0,3.43
AIR103837,2025-10-15,Telangana,Telangana City 3,4G,97.72,40.22,1.28,39.9,69,1,3.5
AIR103838,2025-11-15,Telangana,Telangana City 2,5G,97.83,109.17,0.88,28.6,85,0,3.26
AIR103839,2025-12-15,Telangana,Telangana City 2,5G,99.2,118.34,0.69,12.6,75,0,3.82
AIR103840,2025-02-15,Maharashtra,Maharashtra City 1,4G,99.44,56.12,0.81,40.9,45,0,3.79
AIR103841,2025-03-15,Gujarat,Gujarat City 1,4G,98.91,73.51,0.39,55,5,0,3.51
AIR103842,2025-04-15,West Bengal,West Bengal City 1,4G,98.22,58.55,1.18,48.3,61,0,3.74
AIR103843,2025-05-15,Delhi,Delhi City 1,5G,99.99,162.75,0.58,11.7,61,0,4.31
AIR103844,2025-06-15,West Bengal,West Bengal City 3,4G,99.17,38.48,0.77,49.1,35,0,3.34
AIR103845,2025-07-15,Karnataka,Karnataka City 3,5G,98.82,187.88,0.4,17.8,68,0,4.13
AIR103846,2025-08-15,Uttar Pradesh,Uttar Pradesh City 1,4G,98.19,24.66,0.85,36.8,86,0,3.61
AIR103847,2025-09-15,Rajasthan,Rajasthan City 2,4G,97.27,50.09,0.96,40,59,1,3.25
AIR103848,2025-10-15,Rajasthan,Rajasthan City 2,5G,98.8,132.13,0.85,24.3,108,0,3.16
AIR103849,2025-11-15,West Bengal,West Bengal City 2,4G,99.31,31.01,0.9,21.8,46,0,3.09
AIR103850,2025-12-15,Uttar Pradesh,Uttar Pradesh City 2,4G,97.16,49.34,1.51,47.5,110,1,3.03
AIR103851,2025-02-15,Uttar Pradesh,Uttar Pradesh City 3,4G,97.1,43.33,0.64,35.8,193,0,3.44
AIR103852,2025-03-15,Tamil Nadu,Tamil Nadu City 2,4G,97.8,30.48,1.46,26.2,61,1,3.69
AIR103853,2025-04-15,Karnataka,Karnataka City 2,4G,98.65,38.39,1.2,31.7,81,0,3.62
AIR103854,2025-05-15,Gujarat,Gujarat City 1,4G,97.56,31.79,0.73,50.3,114,0,3.29
AIR103855,2025-06-15,Uttar Pradesh,Uttar Pradesh City 2,5G,99.76,151.73,0.6,11.1,141,0,4.42
AIR103856,2025-07-15,Kerala,Kerala City 3,5G,100,216.6,0.75,28.1,123,0,3.96
AIR103857,2025-08-15,Rajasthan,Rajasthan City 2,5G,99.21,185.82,0.45,14.1,149,1,4.39
AIR103858,2025-09-15,Kerala,Kerala City 2,4G,98.12,25.86,0.09,50,70,0,3.43
AIR103859,2025-10-15,Karnataka,Karnataka City 3,5G,98.81,124.81,0.5,15.4,37,0,3.91
AIR103860,2025-11-15,Uttar Pradesh,Uttar Pradesh City 1,4G,98.4,33.3,1.15,31.7,87,0,3.36
AIR103861,2025-12-15,Delhi,Delhi City 3,4G,98.84,52.96,1.17,41.6,113,0,3.13
AIR103862,2025-02-15,Rajasthan,Rajasthan City 1,4G,98.87,44.44,1.09,31.9,28,0,3.64
AIR103863,2025-03-15,Tamil Nadu,Tamil Nadu City 2,4G,97.77,51.93,1.1,27.7,47,0,3.63
AIR103864,2025-04-15,Tamil Nadu,Tamil Nadu City 1,4G,98.1,42.39,1.77,21.3,5,0,3.96
AIR103865,2025-05-15,Telangana,Telangana City 1,4G,97.71,61.12,0.8,26.8,57,0,3.32
AIR103866,2025-06-15,Maharashtra,Maharashtra City 1,5G,98.65,134.96,0.69,6.7,8,1,3.86
AIR103867,2025-07-15,Uttar Pradesh,Uttar Pradesh City 2,4G,97.39,50.91,1.08,36.7,98,0,3.85
AIR103868,2025-08-15,Karnataka,Karnataka City 1,5G,99.52,128.32,0.49,21.9,56,0,4.51
AIR103869,2025-09-15,Rajasthan,Rajasthan City 1,4G,97.82,56.65,1.46,31.7,96,0,3.61
AIR103870,2025-10-15,Maharashtra,Maharashtra City 2,4G,96.51,37.7,1.4,37.5,5,1,3.91
AIR103871,2025-11-15,Karnataka,Karnataka City 3,4G,95.26,12.41,1.03,41.4,100,0,3.37
AIR103872,2025-12-15,West Bengal,West Bengal City 3,4G,98.49,42,0.75,45.3,74,0,3.59
AIR103873,2025-02-15,Uttar Pradesh,Uttar Pradesh City 3,4G,98.56,60.38,1.24,21.9,55,0,3.63
AIR103874,2025-03-15,Gujarat,Gujarat City 2,4G,97.39,57.05,0.77,38.2,7,0,3.75
AIR103875,2025-04-15,Gujarat,Gujarat City 2,4G,98.05,40.69,1.29,32.3,107,0,3.02
AIR103876,2025-05-15,Uttar Pradesh,Uttar Pradesh City 3,4G,99.36,67.03,1.2,37.4,58,1,4.28
AIR103877,2025-06-15,Telangana,Telangana City 1,5G,98.81,153.76,0.34,32.2,63,0,3.65
AIR103878,2025-07-15,Telangana,Telangana City 3,4G,99.17,68.66,1.17,41.8,40,0,3.79
AIR103879,2025-08-15,Gujarat,Gujarat City 2,4G,97.61,38.8,0.7,49.7,97,0,3.19
AIR103880,2025-09-15,Delhi,Delhi City 1,5G,100,125.77,1.1,14.6,96,0,4.42
AIR103881,2025-10-15,Rajasthan,Rajasthan City 1,4G,98.54,22.34,1.05,37.5,33,0,3.32
AIR103882,2025-11-15,Gujarat,Gujarat City 2,5G,99.57,148.14,0.9,22.9,8,1,3.69
AIR103883,2025-12-15,Delhi,Delhi City 1,5G,99.03,155.97,0.7,9.9,186,0,4.13
AIR103884,2025-02-15,Maharashtra,Maharashtra City 3,5G,99.4,175.55,0.61,32.1,25,1,3.4
AIR103885,2025-03-15,Delhi,Delhi City 2,4G,97.5,25.88,0.61,41.5,61,0,3.48
AIR103886,2025-04-15,Maharashtra,Maharashtra City 2,4G,98.32,47.84,0.46,22.6,81,1,4.08
AIR103887,2025-05-15,Karnataka,Karnataka City 2,4G,99.12,45.29,1.56,67.9,75,1,3.79
AIR103888,2025-06-15,Kerala,Kerala City 2,4G,99.09,45.92,1.33,53.6,125,0,2.78
AIR103889,2025-07-15,Karnataka,Karnataka City 1,4G,99.72,54.06,1.32,35.8,38,0,4.01
AIR103890,2025-08-15,Gujarat,Gujarat City 2,4G,97.82,45.15,1.91,33.6,90,0,3.42
AIR103891,2025-09-15,Maharashtra,Maharashtra City 2,5G,99.66,193.65,0.62,15.7,105,0,3.99
AIR103892,2025-10-15,Gujarat,Gujarat City 1,4G,98.65,62.99,1.26,39.8,79,0,3.59
AIR103893,2025-11-15,Uttar Pradesh,Uttar Pradesh City 2,5G,98.07,179.87,0.49,24.4,90,0,2.93
AIR103894,2025-12-15,Rajasthan,Rajasthan City 1,5G,100,140.1,0.68,14.2,86,0,4.14
AIR103895,2025-02-15,Tamil Nadu,Tamil Nadu City 1,4G,98.7,46.67,0.75,36.3,63,0,3.93
AIR103896,2025-03-15,Gujarat,Gujarat City 2,4G,97.53,38.14,1.31,39.9,114,0,3.7
AIR103897,2025-04-15,Rajasthan,Rajasthan City 3,4G,97.59,61.94,0.62,38.1,101,0,3.89
AIR103898,2025-05-15,Delhi,Delhi City 2,5G,98.88,109.09,0.44,9.3,80,0,3.85
AIR103899,2025-06-15,Karnataka,Karnataka City 3,4G,98.52,52.44,0.96,45.5,96,0,4.3
AIR103900,2025-07-15,Delhi,Delhi City 1,4G,98.07,32.25,0.92,30.2,26,0,3.91
AIR103901,2025-08-15,Tamil Nadu,Tamil Nadu City 3,5G,100,132.68,0.23,34.8,95,0,3.88
AIR103902,2025-09-15,Maharashtra,Maharashtra City 2,5G,99.84,170.02,0.94,16.8,28,0,4.4
AIR103903,2025-10-15,Uttar Pradesh,Uttar Pradesh City 2,5G,99.54,161.98,0.71,15.6,50,0,3.71
AIR103904,2025-11-15,Rajasthan,Rajasthan City 3,4G,97.74,28.69,0.73,30.1,89,1,3.1
AIR103905,2025-12-15,Uttar Pradesh,Uttar Pradesh City 2,4G,97.06,62.2,0.98,27.6,77,0,3.3
AIR103906,2025-02-15,Kerala,Kerala City 3,4G,97.17,72.18,0.73,49.6,44,0,3.79
AIR103907,2025-03-15,Gujarat,Gujarat City 1,4G,97.62,60.18,1.03,31.8,82,0,3.72
AIR103908,2025-04-15,Maharashtra,Maharashtra City 3,5G,98.99,156.95,0.51,23.1,60,0,4.41
AIR103909,2025-05-15,Kerala,Kerala City 3,5G,99.08,127.51,0.53,29.2,74,0,4.02
AIR103910,2025-06-15,West Bengal,West Bengal City 3,5G,99.23,222.04,0.65,7.8,47,0,3.83
AIR103911,2025-07-15,Gujarat,Gujarat City 3,4G,97.31,42.13,1.13,38,75,0,2.87
AIR103912,2025-08-15,Delhi,Delhi City 1,4G,96.97,37.16,0.73,57.9,76,1,2.75
AIR103913,2025-09-15,Karnataka,Karnataka City 1,4G,98.35,61.75,0.98,41.7,78,0,4.09
AIR103914,2025-10-15,Rajasthan,Rajasthan City 1,4G,98.18,43.88,0.96,51.3,117,0,3.28
AIR103915,2025-11-15,Tamil Nadu,Tamil Nadu City 3,4G,98.35,17.24,0.8,41.4,32,1,3.51
AIR103916,2025-12-15,Tamil Nadu,Tamil Nadu City 1,5G,98.44,151.9,0.94,17.2,117,0,4.02
AIR103917,2025-02-15,Delhi,Delhi City 2,4G,99.63,40.61,0.81,16.4,93,0,3.9
AIR103918,2025-03-15,Telangana,Telangana City 1,5G,98.96,153.34,0.45,19.5,128,0,3.71
AIR103919,2025-04-15,Tamil Nadu,Tamil Nadu City 3,5G,99.03,101.36,0.54,17.7,54,0,4.05
AIR103920,2025-05-15,Rajasthan,Rajasthan City 2,4G,96.43,46,0.6,53.2,95,1,3.86
AIR103921,2025-06-15,Delhi,Delhi City 3,4G,98.52,28.41,1.38,35.1,123,0,3.68
AIR103922,2025-07-15,Maharashtra,Maharashtra City 2,4G,97.58,38.85,0.85,27.9,82,0,3.63
AIR103923,2025-08-15,Tamil Nadu,Tamil Nadu City 3,4G,97.13,38.39,1.26,24.7,111,1,3.26
AIR103924,2025-09-15,Uttar Pradesh,Uttar Pradesh City 3,5G,98.96,174.9,0.55,19.9,55,0,3.91
AIR103925,2025-10-15,Delhi,Delhi City 2,4G,97.23,35.48,0.9,43.7,87,1,3.62
AIR103926,2025-11-15,Rajasthan,Rajasthan City 1,5G,99.3,169.52,0.48,14,60,0,3.72
AIR103927,2025-12-15,Uttar Pradesh,Uttar Pradesh City 2,5G,100,132.89,0.54,31,45,1,4.32
AIR103928,2025-02-15,Gujarat,Gujarat City 2,4G,98.32,51.98,2.16,32,79,0,2.88
AIR103929,2025-03-15,Gujarat,Gujarat City 2,5G,100,152.59,0.94,24.3,74,0,3.79
AIR103930,2025-04-15,Tamil Nadu,Tamil Nadu City 2,4G,98.31,46.47,1.13,47.5,149,0,2.96
AIR103931,2025-05-15,Uttar Pradesh,Uttar Pradesh City 2,5G,100,144.39,0.8,17.2,53,0,4.27
AIR103932,2025-06-15,Karnataka,Karnataka City 3,4G,98.71,61.84,1.37,33.7,124,0,3.53
AIR103933,2025-07-15,Gujarat,Gujarat City 3,4G,98.07,24.32,0.63,22.8,50,1,3.84
AIR103934,2025-08-15,Karnataka,Karnataka City 1,4G,97.44,38.74,0.8,47.1,68,1,3.34
AIR103935,2025-09-15,Maharashtra,Maharashtra City 1,4G,97.01,47.88,0.68,31.5,135,0,3.4
AIR103936,2025-10-15,Delhi,Delhi City 2,5G,99.26,107.2,0.84,31.7,8,0,3.59
AIR103937,2025-11-15,Kerala,Kerala City 1,5G,99.33,161.86,0.94,18.6,125,0,3.63
AIR103938,2025-12-15,Rajasthan,Rajasthan City 1,5G,99.59,190.98,0.71,12,101,1,4.25
AIR103939,2025-02-15,Delhi,Delhi City 2,4G,97.5,56.19,0.94,39,100,0,3.5
AIR103940,2025-03-15,Rajasthan,Rajasthan City 3,4G,97.67,53.34,0.91,52.4,71,0,3.45
AIR103941,2025-04-15,Uttar Pradesh,Uttar Pradesh City 3,5G,98.58,183.25,0.12,27.3,111,1,3.27
AIR103942,2025-05-15,Maharashtra,Maharashtra City 1,4G,97.65,67.23,1.29,55.5,159,0,3.38
AIR103943,2025-06-15,West Bengal,West Bengal City 3,4G,97.98,46.93,0.75,49.8,45,1,4.11
AIR103944,2025-07-15,Tamil Nadu,Tamil Nadu City 3,4G,99.13,37.45,1.22,34.6,6,1,3.74
AIR103945,2025-08-15,Rajasthan,Rajasthan City 1,4G,98.68,29.78,1.39,30.8,95,0,2.95
AIR103946,2025-09-15,Rajasthan,Rajasthan City 2,4G,98.73,36.15,0.76,46.3,100,0,3.62
AIR103947,2025-10-15,Uttar Pradesh,Uttar Pradesh City 1,4G,97.54,41.74,1.08,53.7,71,1,3.53
AIR103948,2025-11-15,Karnataka,Karnataka City 1,4G,97.49,45.27,0.71,28.9,6,1,3.15
AIR103949,2025-12-15,Delhi,Delhi City 1,5G,99.01,156.12,0.64,23.5,66,0,3.5
AIR103950,2025-02-15,West Bengal,West Bengal City 2,4G,98.2,48.75,1.17,36.4,99,1,3.67
AIR103951,2025-03-15,Telangana,Telangana City 2,5G,99.17,126.13,0.41,17.4,51,0,3.93
AIR103952,2025-04-15,Tamil Nadu,Tamil Nadu City 2,4G,97.21,39.74,1.01,35.9,64,0,3.78
AIR103953,2025-05-15,Kerala,Kerala City 2,5G,98.97,143.38,0.59,26.5,19,1,3.75
AIR103954,2025-06-15,Telangana,Telangana City 1,4G,96.83,35.37,0.56,46.7,99,0,3.63
AIR103955,2025-07-15,Delhi,Delhi City 3,4G,98.3,47.24,1.51,28.8,34,0,3.33
AIR103956,2025-08-15,Tamil Nadu,Tamil Nadu City 1,4G,98.54,40.53,1.27,33.5,96,0,3.52
AIR103957,2025-09-15,Rajasthan,Rajasthan City 2,5G,99.61,145.84,0.89,12.3,5,1,3.34
AIR103958,2025-10-15,Kerala,Kerala City 3,4G,97.04,36.7,1.04,40,110,0,3.68
AIR103959,2025-11-15,Karnataka,Karnataka City 1,4G,98.74,32.02,0.58,24.5,74,0,4.11
AIR103960,2025-12-15,West Bengal,West Bengal City 3,5G,98.28,165.98,0.79,20.3,103,1,3.36
AIR103961,2025-02-15,Karnataka,Karnataka City 2,4G,99.03,40.28,0.61,62.5,128,1,4.17
AIR103962,2025-03-15,Maharashtra,Maharashtra City 3,4G,96.76,45.71,1.64,48.3,75,0,2.7
AIR103963,2025-04-15,Uttar Pradesh,Uttar Pradesh City 3,4G,99.46,35.58,1.43,30.8,94,0,3.91
AIR103964,2025-05-15,Tamil Nadu,Tamil Nadu City 2,4G,98.03,33.08,1.49,58.5,33,0,3.02
AIR103965,2025-06-15,Karnataka,Karnataka City 3,4G,98.35,32.71,0.85,38.8,89,1,3.66
AIR103966,2025-07-15,Telangana,Telangana City 1,4G,97.53,27.89,0.74,14.4,100,0,3.24
AIR103967,2025-08-15,Uttar Pradesh,Uttar Pradesh City 3,5G,99.73,84.99,0.97,11.6,46,0,3.78
AIR103968,2025-09-15,Karnataka,Karnataka City 1,5G,98.99,178.31,0.63,23.8,52,0,3.75
AIR103969,2025-10-15,Gujarat,Gujarat City 3,4G,97.93,50.37,1.61,38.9,5,0,2.71
AIR103970,2025-11-15,Maharashtra,Maharashtra City 3,4G,99.49,68.28,1.08,45.1,124,0,3.75
AIR103971,2025-12-15,Delhi,Delhi City 2,5G,97.83,192.02,0.59,19.2,111,0,4.07
AIR103972,2025-02-15,West Bengal,West Bengal City 2,5G,99.31,193.48,0.8,19.5,85,0,3.64
AIR103973,2025-03-15,Maharashtra,Maharashtra City 1,5G,98.88,155.86,0.31,21.4,50,0,3.4
AIR103974,2025-04-15,Uttar Pradesh,Uttar Pradesh City 2,4G,95.92,41.97,0.71,24.6,123,0,2.6
AIR103975,2025-05-15,Gujarat,Gujarat City 2,5G,98.19,139.95,0.45,12.5,136,0,3.49
AIR103976,2025-06-15,Tamil Nadu,Tamil Nadu City 2,5G,99.35,113.87,0.63,12.4,53,1,3.9
AIR103977,2025-07-15,Telangana,Telangana City 2,4G,98.32,42.72,1.19,42.2,91,0,3.48
AIR103978,2025-08-15,West Bengal,West Bengal City 2,4G,97.79,19.63,1.24,22.1,57,1,3.88
AIR103979,2025-09-15,West Bengal,West Bengal City 1,4G,98.38,46.9,1.14,35.2,75,1,3.24
AIR103980,2025-10-15,Maharashtra,Maharashtra City 1,4G,99.21,46.17,1.1,20.4,101,0,4.24
AIR103981,2025-11-15,Uttar Pradesh,Uttar Pradesh City 2,5G,99.39,96.02,0.43,22,44,1,3.65
AIR103982,2025-12-15,Tamil Nadu,Tamil Nadu City 2,5G,99.4,107.49,0.78,18,89,0,4.51
AIR103983,2025-02-15,Rajasthan,Rajasthan City 1,5G,99.32,147.24,0.53,18.4,92,0,4.22
AIR103984,2025-03-15,Gujarat,Gujarat City 3,5G,99.75,163.49,1.03,27.6,121,0,4.25
AIR103985,2025-04-15,Rajasthan,Rajasthan City 1,4G,97.32,54.98,1.18,35,114,1,2.93
AIR103986,2025-05-15,Telangana,Telangana City 3,4G,97.57,66.07,1.76,32.3,101,0,3.01
AIR103987,2025-06-15,Tamil Nadu,Tamil Nadu City 2,5G,98.82,116.68,0.93,10.3,5,1,3.67
AIR103988,2025-07-15,Tamil Nadu,Tamil Nadu City 2,4G,97.48,35.15,1.12,28.2,86,0,2.35
AIR103989,2025-08-15,Gujarat,Gujarat City 1,4G,96.97,44.73,1.32,39.8,62,0,2.88
AIR103990,2025-09-15,Kerala,Kerala City 2,4G,98.05,49.18,1.21,21.2,105,0,2.85
AIR103991,2025-10-15,Rajasthan,Rajasthan City 3,4G,98.76,39.35,0.49,41.7,85,0,3.52
AIR103992,2025-11-15,Karnataka,Karnataka City 3,5G,99.8,133.03,0.28,33.2,115,0,4.15
AIR103993,2025-12-15,West Bengal,West Bengal City 1,4G,99.51,53.98,0.65,35.4,144,1,3.88
AIR103994,2025-02-15,Kerala,Kerala City 3,4G,99.23,28.98,1.93,59,87,0,3.64
AIR103995,2025-03-15,Karnataka,Karnataka City 1,5G,99.64,153.42,1,32.9,74,0,3.56
AIR103996,2025-04-15,Uttar Pradesh,Uttar Pradesh City 1,5G,99.81,130.23,0.65,12.3,41,0,3.56
AIR103997,2025-05-15,Gujarat,Gujarat City 3,5G,99.04,211.48,0.27,26.2,93,1,3.87
AIR103998,2025-06-15,Uttar Pradesh,Uttar Pradesh City 3,4G,97.63,47.79,1.17,44.7,135,1,2.9
AIR103999,2025-07-15,West Bengal,West Bengal City 3,5G,99.35,178.34,0.95,22.4,100,0,3.47
AIR104000,2025-08-15,Delhi,Delhi City 3,5G,98.8,195.79,0.56,11.6,69,1,4.25
AIR104001,2025-09-15,Karnataka,Karnataka City 3,4G,97.79,38.65,1.97,28.9,60,1,2.51
AIR104002,2025-10-15,Kerala,Kerala City 3,5G,99.7,133.49,1.1,5,33,0,3.24
AIR104003,2025-11-15,Karnataka,Karnataka City 3,4G,97.19,32.31,1.46,33.8,128,1,3.79
AIR104004,2025-12-15,Karnataka,Karnataka City 2,5G,99.46,163.47,0.91,18.2,103,0,4.43
AIR104005,2025-02-15,Gujarat,Gujarat City 1,4G,99.41,30.11,0.63,38,89,1,4.01
AIR104006,2025-03-15,Uttar Pradesh,Uttar Pradesh City 1,4G,98.5,42.27,1.17,24.4,44,0,4.01
AIR104007,2025-04-15,Rajasthan,Rajasthan City 3,4G,98.76,47.9,1.19,37.4,103,0,4.12
AIR104008,2025-05-15,Delhi,Delhi City 1,4G,98.52,31.13,1.69,19.4,73,0,3.45
AIR104009,2025-06-15,Gujarat,Gujarat City 3,4G,98.3,56.36,1.67,55.7,99,1,3.29
AIR104010,2025-07-15,Telangana,Telangana City 2,5G,98.73,104.28,0.46,18.4,5,1,4.11
AIR104011,2025-08-15,Gujarat,Gujarat City 1,5G,98.71,133,0.37,10.5,76,1,4.25
AIR104012,2025-09-15,West Bengal,West Bengal City 1,5G,99.15,152.59,0.59,22.2,84,0,3.06
AIR104013,2025-10-15,Delhi,Delhi City 2,4G,97.24,51.44,0.46,44.6,102,0,3.41
AIR104014,2025-11-15,Tamil Nadu,Tamil Nadu City 2,5G,99.34,181.49,0.86,20.2,40,0,3.68
AIR104015,2025-12-15,Telangana,Telangana City 2,4G,98.51,41.69,1.51,29.3,5,0,4.14
AIR104016,2025-02-15,Maharashtra,Maharashtra City 1,5G,98.72,184.45,0.49,16.2,75,0,3.79
AIR104017,2025-03-15,Gujarat,Gujarat City 1,4G,97.55,30.95,1.24,47.8,91,0,2.77
AIR104018,2025-04-15,Karnataka,Karnataka City 2,4G,97.93,40.97,1.27,32,76,0,3.32
AIR104019,2025-05-15,Rajasthan,Rajasthan City 2,5G,99.31,143.51,0.89,26.5,33,1,3.53
AIR104020,2025-06-15,Tamil Nadu,Tamil Nadu City 2,5G,99.13,173.07,0.34,22.1,136,0,3.77
AIR104021,2025-07-15,Gujarat,Gujarat City 2,5G,99.6,178.55,0.27,10.3,108,0,4.3
AIR104022,2025-08-15,Gujarat,Gujarat City 2,5G,98.38,193.38,0.17,29.5,138,0,4.48
AIR104023,2025-09-15,Kerala,Kerala City 3,4G,97.97,53.56,1.62,51.1,62,0,3.8
AIR104024,2025-10-15,Kerala,Kerala City 2,5G,98.2,218.29,0.3,28.5,18,0,3.79
AIR104025,2025-11-15,Tamil Nadu,Tamil Nadu City 3,4G,98.76,45.91,0.86,49.1,76,0,3.58
AIR104026,2025-12-15,Uttar Pradesh,Uttar Pradesh City 1,4G,98.63,42.16,1.39,35.4,64,1,3.63
AIR104027,2025-02-15,Kerala,Kerala City 1,4G,99.11,45.66,1.13,50.8,49,0,3.77
AIR104028,2025-03-15,Karnataka,Karnataka City 3,4G,98.96,62.96,0.8,28.4,114,0,4.28
AIR104029,2025-04-15,Telangana,Telangana City 2,5G,99.35,99.98,0.45,17.3,63,1,4.55
AIR104030,2025-05-15,Maharashtra,Maharashtra City 1,4G,99.12,48.05,1.05,39.7,35,0,3.56
AIR104031,2025-06-15,Delhi,Delhi City 2,4G,97.87,42.38,1.27,46,16,0,4.16
AIR104032,2025-07-15,Maharashtra,Maharashtra City 2,4G,97.32,35.12,1.31,35.6,43,0,3.05
AIR104033,2025-08-15,Maharashtra,Maharashtra City 3,4G,98.17,51.99,0.78,30,64,0,3.65
AIR104034,2025-09-15,Delhi,Delhi City 1,5G,98.66,168.06,0.77,27.9,20,0,4.33
AIR104035,2025-10-15,Kerala,Kerala City 1,5G,99.8,194.53,0.42,19.9,111,0,4.65
AIR104036,2025-11-15,Tamil Nadu,Tamil Nadu City 3,4G,98.56,33.09,0.72,21.2,93,0,3.75
AIR104037,2025-12-15,Delhi,Delhi City 2,4G,97.57,50.92,1.38,48.3,51,1,2.75
AIR104038,2025-02-15,West Bengal,West Bengal City 2,4G,98.68,47.42,1.34,46.4,76,0,3.99
AIR104039,2025-03-15,Uttar Pradesh,Uttar Pradesh City 1,5G,99.43,118.05,0.78,17.6,33,0,3.29
AIR104040,2025-04-15,Telangana,Telangana City 3,4G,97.58,23.5,0.44,30.1,102,0,3.74
AIR104041,2025-05-15,Rajasthan,Rajasthan City 3,4G,98.92,40.16,1.23,31,104,0,3.89
AIR104042,2025-06-15,Kerala,Kerala City 2,5G,100,35.86,0.58,24.3,89,0,3.95
AIR104043,2025-07-15,Uttar Pradesh,Uttar Pradesh City 2,4G,98.74,62.86,1.16,36.1,52,0,3.34
AIR104044,2025-08-15,Delhi,Delhi City 3,5G,98.44,97.46,0.44,20.1,81,0,3.66
AIR104045,2025-09-15,West Bengal,West Bengal City 1,4G,98.31,54.27,0.98,48.3,91,0,2.97
AIR104046,2025-10-15,Rajasthan,Rajasthan City 2,5G,99.44,172.03,0.48,24.2,45,1,4.11
AIR104047,2025-11-15,Telangana,Telangana City 3,4G,98.18,33.06,0.74,46.9,87,0,3.95
AIR104048,2025-12-15,Telangana,Telangana City 3,4G,98.39,47.33,1.17,21.5,117,0,3.84
AIR104049,2025-02-15,Kerala,Kerala City 3,4G,98.63,46.86,1.87,64.8,49,0,3.2
AIR104050,2025-03-15,Delhi,Delhi City 1,5G,98.33,174.16,0.45,21.1,75,0,4.01
AIR104051,2025-04-15,Uttar Pradesh,Uttar Pradesh City 2,5G,99.38,142.15,1.06,27.4,62,0,3.85
AIR104052,2025-05-15,Tamil Nadu,Tamil Nadu City 2,4G,98.94,54.21,0.42,20.5,19,0,3.42
AIR104053,2025-06-15,Uttar Pradesh,Uttar Pradesh City 2,5G,99.54,175.47,0.88,31,74,0,3.95
AIR104054,2025-07-15,Uttar Pradesh,Uttar Pradesh City 1,5G,99.45,135.96,0.67,25.5,58,1,4.32
AIR104055,2025-08-15,Telangana,Telangana City 2,5G,99.58,185.81,0.48,22,56,0,4.16
AIR104056,2025-09-15,Tamil Nadu,Tamil Nadu City 2,5G,98.89,125.38,0.76,19,132,0,3.72
AIR104057,2025-10-15,Tamil Nadu,Tamil Nadu City 2,4G,98.56,41.75,1.37,34.7,17,1,3.44
AIR104058,2025-11-15,Kerala,Kerala City 2,5G,99.3,155.74,0.45,25.5,49,1,3.97
AIR104059,2025-12-15,Rajasthan,Rajasthan City 1,4G,98.63,47.79,1.41,22.5,102,0,4.25
AIR104060,2025-02-15,Gujarat,Gujarat City 3,4G,98.06,28.79,0.56,35,96,1,3.73
AIR104061,2025-03-15,Maharashtra,Maharashtra City 3,4G,99.16,27.33,1.32,14.9,128,0,2.68
AIR104062,2025-04-15,Maharashtra,Maharashtra City 2,5G,98.42,113.45,0.78,22.4,56,0,4.25
AIR104063,2025-05-15,Telangana,Telangana City 2,5G,99.31,156.06,0.7,21.2,77,0,4.39
AIR104064,2025-06-15,Gujarat,Gujarat City 2,5G,99.79,155.16,1.13,14.2,78,1,3.58
AIR104065,2025-07-15,Rajasthan,Rajasthan City 1,5G,99,141.64,1.03,20.5,109,1,3.56
AIR104066,2025-08-15,Gujarat,Gujarat City 2,5G,98.83,209.79,1.29,9.2,44,0,3.81
AIR104067,2025-09-15,Kerala,Kerala City 1,4G,97.4,47.91,0.59,39.2,51,0,4.12
AIR104068,2025-10-15,Uttar Pradesh,Uttar Pradesh City 2,4G,98.56,11.6,0.97,41.7,84,0,3.22
AIR104069,2025-11-15,Telangana,Telangana City 2,4G,98.58,39.56,0.62,38.4,108,1,3.56
AIR104070,2025-12-15,Tamil Nadu,Tamil Nadu City 3,4G,97.3,46,1.23,30.4,75,1,3.6
AIR104071,2025-02-15,Telangana,Telangana City 2,4G,97.88,46.02,1.48,25.5,38,1,2.49
AIR104072,2025-03-15,Maharashtra,Maharashtra City 1,4G,98.15,68.15,0.82,27.1,35,1,3.7
AIR104073,2025-04-15,Rajasthan,Rajasthan City 3,5G,98.4,224.47,0.98,17.7,98,0,4.09
AIR104074,2025-05-15,Gujarat,Gujarat City 1,5G,98.74,160.11,0.11,21.4,138,0,4.35
AIR104075,2025-06-15,Rajasthan,Rajasthan City 3,4G,98.82,56.13,1.4,41,107,0,3.23
AIR104076,2025-07-15,Kerala,Kerala City 1,5G,99.85,95.88,0.84,17.5,120,0,3.89
AIR104077,2025-08-15,Telangana,Telangana City 3,4G,97.19,51.48,1.09,59.2,113,0,3.44
AIR104078,2025-09-15,Delhi,Delhi City 1,5G,99.26,192.73,0.57,15.1,54,0,3.73
AIR104079,2025-10-15,Telangana,Telangana City 1,4G,99.35,25.87,1.35,47.7,48,0,3.61
AIR104080,2025-11-15,Tamil Nadu,Tamil Nadu City 2,4G,99.13,67.97,1.04,38.7,83,1,3.87
AIR104081,2025-12-15,Telangana,Telangana City 3,5G,99.71,144.32,0.88,11.6,78,1,4.01
AIR104082,2025-02-15,West Bengal,West Bengal City 3,4G,98.28,56.7,1.06,36.2,90,0,4.09
AIR104083,2025-03-15,Kerala,Kerala City 2,4G,98.65,50.86,1.14,58.5,7,0,4.06
AIR104084,2025-04-15,Karnataka,Karnataka City 1,4G,98.62,49.81,1.23,23.1,92,1,3.35
AIR104085,2025-05-15,Kerala,Kerala City 1,4G,99.63,59.52,1.36,41.9,68,0,3.5
AIR104086,2025-06-15,Gujarat,Gujarat City 3,5G,99.03,214.87,0.54,18.2,84,0,3.82
AIR104087,2025-07-15,Karnataka,Karnataka City 1,4G,97.74,57.92,0.67,34.2,130,1,3.85
AIR104088,2025-08-15,Gujarat,Gujarat City 3,5G,98.97,186.75,0.45,22.5,51,1,4.37
AIR104089,2025-09-15,Gujarat,Gujarat City 3,4G,99.28,33.85,0.08,46.7,183,0,3.68
AIR104090,2025-10-15,Tamil Nadu,Tamil Nadu City 1,4G,98.21,31.6,1.08,18.8,53,1,3.43
AIR104091,2025-11-15,Tamil Nadu,Tamil Nadu City 1,4G,97.63,50.72,1.07,35.1,151,1,3.02
AIR104092,2025-12-15,Uttar Pradesh,Uttar Pradesh City 1,5G,99.25,167.44,0.1,27,69,0,4.37
AIR104093,2025-02-15,Maharashtra,Maharashtra City 2,4G,97.54,51.38,1.51,52,67,1,3.16
AIR104094,2025-03-15,Uttar Pradesh,Uttar Pradesh City 3,4G,98.39,34.08,0.99,20.9,99,0,3.43
AIR104095,2025-04-15,Uttar Pradesh,Uttar Pradesh City 1,4G,96.81,59.34,0.95,15.6,108,0,3.18
AIR104096,2025-05-15,Maharashtra,Maharashtra City 2,4G,97.48,63.23,1.32,40.9,114,1,2.79
AIR104097,2025-06-15,Delhi,Delhi City 1,5G,99.93,191.15,0.74,17.4,112,1,3.84
AIR104098,2025-07-15,Karnataka,Karnataka City 3,4G,98.03,43.36,0.89,33.9,44,0,3.62
AIR104099,2025-08-15,Rajasthan,Rajasthan City 2,4G,97.25,43.72,1.63,39.5,114,0,2.93
AIR104100,2025-09-15,Uttar Pradesh,Uttar Pradesh City 3,4G,97.56,49.55,0.91,38.7,81,0,3.68
AIR104101,2025-10-15,Telangana,Telangana City 1,4G,98,68.01,1.01,38,58,0,3.18
AIR104102,2025-11-15,Telangana,Telangana City 1,4G,98.49,48.11,1.5,41.8,12,0,2.86
AIR104103,2025-12-15,Gujarat,Gujarat City 1,4G,98.66,55.72,0.9,37.5,85,0,3.2
AIR104104,2025-02-15,Maharashtra,Maharashtra City 2,4G,98.1,35.54,0.95,42.8,116,1,2.89
AIR104105,2025-03-15,Gujarat,Gujarat City 2,4G,99.23,45.06,0.79,37.7,56,1,3.33
AIR104106,2025-04-15,West Bengal,West Bengal City 2,4G,97.81,63.87,1.42,40,154,0,3.62
AIR104107,2025-05-15,West Bengal,West Bengal City 2,5G,99.14,137.13,0.92,25.2,114,1,4.24
AIR104108,2025-06-15,Rajasthan,Rajasthan City 1,5G,99.17,117.89,0.59,21.2,91,0,3.63
AIR104109,2025-07-15,Tamil Nadu,Tamil Nadu City 1,4G,98.71,45.19,1.37,36.2,86,1,3.95
AIR104110,2025-08-15,Tamil Nadu,Tamil Nadu City 1,4G,98.13,58.48,0.94,26.2,25,0,3.36
AIR104111,2025-09-15,Maharashtra,Maharashtra City 2,5G,99,134.32,1.01,21.9,130,0,4.15
AIR104112,2025-10-15,Maharashtra,Maharashtra City 2,5G,99.92,157.88,0.65,18.1,96,0,3.97
AIR104113,2025-11-15,Uttar Pradesh,Uttar Pradesh City 1,4G,98.91,45.11,1.47,39.8,38,0,3.38
AIR104114,2025-12-15,West Bengal,West Bengal City 1,5G,98.87,178.9,0.74,17.5,98,0,4.23
AIR104115,2025-02-15,Uttar Pradesh,Uttar Pradesh City 2,5G,99.35,135.4,0.45,26.7,58,0,3.94
AIR104116,2025-03-15,Tamil Nadu,Tamil Nadu City 3,4G,97.3,42.38,1.51,18.6,5,0,2.87
AIR104117,2025-04-15,Karnataka,Karnataka City 1,4G,98.4,50.68,1.45,27.6,84,1,3.6
AIR104118,2025-05-15,Karnataka,Karnataka City 1,5G,98.48,182.15,0.63,16.6,82,0,4.05
AIR104119,2025-06-15,Maharashtra,Maharashtra City 1,4G,100,78.16,1.1,49.2,67,0,3.84
AIR104120,2025-07-15,Gujarat,Gujarat City 2,5G,99.87,178.19,0.93,23.2,56,0,3.44
AIR104121,2025-08-15,Tamil Nadu,Tamil Nadu City 1,5G,99.47,157.65,0.67,10.6,74,0,4.28
AIR104122,2025-09-15,Karnataka,Karnataka City 1,5G,98.83,158.28,0.9,19.8,73,0,3.52
AIR104123,2025-10-15,Tamil Nadu,Tamil Nadu City 1,4G,97.66,60.11,0.48,52,73,1,3.36
AIR104124,2025-11-15,Kerala,Kerala City 1,4G,97.32,31.04,1.57,37.7,37,0,2.09
AIR104125,2025-12-15,Telangana,Telangana City 1,4G,99.02,54.29,0.41,45,84,0,3.88
AIR104126,2025-02-15,West Bengal,West Bengal City 3,5G,99.31,164.3,0.59,5.9,62,1,3.58
AIR104127,2025-03-15,Uttar Pradesh,Uttar Pradesh City 3,5G,99.42,147.91,0.99,15.7,78,0,4.18
AIR104128,2025-04-15,Tamil Nadu,Tamil Nadu City 1,4G,97.84,53.15,0.74,34.5,95,0,3.22
AIR104129,2025-05-15,Telangana,Telangana City 1,4G,98.6,47.25,1.36,30.9,121,0,3.25
AIR104130,2025-06-15,Kerala,Kerala City 1,5G,99.3,58.11,0.5,8.5,72,0,3.9
AIR104131,2025-07-15,Uttar Pradesh,Uttar Pradesh City 1,5G,99.2,191.19,0.82,18.9,5,1,4
AIR104132,2025-08-15,Tamil Nadu,Tamil Nadu City 2,4G,98.61,55.2,1.65,37.7,79,0,3.82
AIR104133,2025-09-15,Maharashtra,Maharashtra City 2,4G,98.92,42.54,0.88,30,89,1,3.59
AIR104134,2025-10-15,Telangana,Telangana City 2,5G,98.77,161.81,0.81,30.6,55,0,3.63
AIR104135,2025-11-15,Uttar Pradesh,Uttar Pradesh City 3,5G,99.02,136.1,0.48,18.7,107,1,3.66
AIR104136,2025-12-15,Tamil Nadu,Tamil Nadu City 1,5G,99.11,112.01,0.5,20.2,17,0,4.63
AIR104137,2025-02-15,Telangana,Telangana City 2,4G,98.45,64.06,1.4,48.2,93,0,3.25
AIR104138,2025-03-15,Kerala,Kerala City 1,4G,98.24,54.47,0.59,39.5,102,0,3.86
AIR104139,2025-04-15,Tamil Nadu,Tamil Nadu City 1,5G,99.47,188.49,0.58,20,82,0,4.03
AIR104140,2025-05-15,Tamil Nadu,Tamil Nadu City 3,5G,99.13,187.6,0.27,22.1,72,0,3.95
AIR104141,2025-06-15,Tamil Nadu,Tamil Nadu City 3,5G,99.63,95.94,1.21,21.7,89,1,3.66
AIR104142,2025-07-15,Rajasthan,Rajasthan City 2,5G,99.4,178.61,1.01,18.4,104,0,4
AIR104143,2025-08-15,Maharashtra,Maharashtra City 2,4G,97.17,46.81,0.73,42.5,111,1,3.38
AIR104144,2025-09-15,Kerala,Kerala City 3,5G,98.7,129.22,0.52,16.5,16,1,4.21
AIR104145,2025-10-15,Uttar Pradesh,Uttar Pradesh City 3,4G,97.81,31.83,0.86,43.6,114,0,3.27
AIR104146,2025-11-15,Rajasthan,Rajasthan City 1,4G,98.42,48.51,1.42,27.5,82,0,3.17
AIR104147,2025-12-15,Gujarat,Gujarat City 1,4G,97.95,42.91,0.92,16.2,57,0,3.39
AIR104148,2025-02-15,Rajasthan,Rajasthan City 2,5G,99.59,137.03,0.45,22.6,83,0,4.14
AIR104149,2025-03-15,West Bengal,West Bengal City 2,5G,99.94,101.36,0.48,10.7,120,0,4.49
AIR104150,2025-04-15,West Bengal,West Bengal City 3,4G,97.97,40.57,0.67,29,44,0,3.76
AIR104151,2025-05-15,Tamil Nadu,Tamil Nadu City 2,4G,97.69,44.78,1.15,44.4,72,1,3.49
AIR104152,2025-06-15,Rajasthan,Rajasthan City 1,5G,99.85,188.53,0.72,19.2,99,0,3.91
AIR104153,2025-07-15,Gujarat,Gujarat City 3,4G,98.43,61.46,0.76,39.4,48,0,3.4
AIR104154,2025-08-15,Rajasthan,Rajasthan City 1,5G,98.62,157.25,0.78,18.9,77,0,3.07
AIR104155,2025-09-15,Maharashtra,Maharashtra City 3,4G,97.75,26.17,1.09,48.3,43,1,2.98
AIR104156,2025-10-15,Maharashtra,Maharashtra City 3,4G,97.29,55.82,1.27,40.5,102,0,3.48
AIR104157,2025-11-15,Gujarat,Gujarat City 1,4G,97.74,58.25,0.87,39.9,77,0,3.59
AIR104158,2025-12-15,Rajasthan,Rajasthan City 2,4G,98.38,53.04,1.28,31,64,1,3.77
AIR104159,2025-02-15,Telangana,Telangana City 2,4G,98.66,23.96,1.56,30.5,64,1,4.07
AIR104160,2025-03-15,Maharashtra,Maharashtra City 2,4G,98.91,49.82,0.62,45.9,78,1,3.87
AIR104161,2025-04-15,Maharashtra,Maharashtra City 2,4G,97.67,11.02,1.02,45.1,5,0,3.4
AIR104162,2025-05-15,Karnataka,Karnataka City 1,4G,97.03,30.14,1.17,41,76,0,3.18
AIR104163,2025-06-15,Rajasthan,Rajasthan City 3,5G,98.33,80.62,0.74,19.4,82,0,4
AIR104164,2025-07-15,Maharashtra,Maharashtra City 1,4G,98.32,57.7,0.41,24.6,83,0,4.2
AIR104165,2025-08-15,Kerala,Kerala City 2,4G,97.12,48.54,0.94,46.6,6,0,3.31
AIR104166,2025-09-15,Rajasthan,Rajasthan City 2,5G,99.01,133.62,1.13,15.2,96,0,3.82
AIR104167,2025-10-15,West Bengal,West Bengal City 1,4G,95.94,37.79,0.95,30.1,44,1,2.2
AIR104168,2025-11-15,Karnataka,Karnataka City 3,4G,97.41,31.02,0.21,28.5,101,0,3.81
AIR104169,2025-12-15,Maharashtra,Maharashtra City 1,5G,99.08,151.73,0.91,22.5,106,0,4.16
AIR104170,2025-02-15,Karnataka,Karnataka City 1,5G,98.4,149.58,0.95,30.6,144,1,3.56
AIR104171,2025-03-15,West Bengal,West Bengal City 1,5G,98.87,103.87,0.56,26.4,17,0,3.78
AIR104172,2025-04-15,Gujarat,Gujarat City 3,4G,97.93,51.96,0.6,57.1,84,0,3.59
AIR104173,2025-05-15,Gujarat,Gujarat City 1,5G,99.23,173.54,0.97,18.5,61,0,4.41
AIR104174,2025-06-15,Rajasthan,Rajasthan City 1,4G,96.57,47.62,1.38,31.2,51,0,3.11
AIR104175,2025-07-15,West Bengal,West Bengal City 2,4G,97.85,47.98,1.02,42.4,75,0,3.33
AIR104176,2025-08-15,Delhi,Delhi City 1,5G,98.77,180.61,1.05,6.7,82,0,4.05
AIR104177,2025-09-15,Delhi,Delhi City 2,4G,99.09,48.39,1.17,27.4,119,0,3.15
AIR104178,2025-10-15,Rajasthan,Rajasthan City 2,5G,99.94,165.39,0.44,14.4,102,0,4.11
AIR104179,2025-11-15,Tamil Nadu,Tamil Nadu City 2,4G,98.7,40.12,0.71,29.8,26,1,4.01
AIR104180,2025-12-15,Karnataka,Karnataka City 3,4G,98.84,43.79,0.48,40.8,97,0,4.39
AIR104181,2025-02-15,Karnataka,Karnataka City 2,5G,99.53,77.22,0.52,22.2,145,1,4.06
AIR104182,2025-03-15,Gujarat,Gujarat City 1,4G,98.17,68.56,0.26,44.6,112,0,3.6
AIR104183,2025-04-15,Delhi,Delhi City 1,5G,98.51,135.43,0.38,27.4,29,1,3.74
AIR104184,2025-05-15,Uttar Pradesh,Uttar Pradesh City 2,5G,100,176.18,0.25,15.4,86,0,4.29
AIR104185,2025-06-15,Maharashtra,Maharashtra City 2,5G,98.99,111.23,0.41,26.8,129,1,4.04
AIR104186,2025-07-15,Maharashtra,Maharashtra City 1,4G,98.5,21.62,1.09,48.8,87,0,2.87
AIR104187,2025-08-15,Maharashtra,Maharashtra City 2,4G,97.32,46.07,1.33,40.2,115,0,3.35
AIR104188,2025-09-15,Gujarat,Gujarat City 3,5G,98.99,144.16,0.46,31.4,64,0,3.93
AIR104189,2025-10-15,West Bengal,West Bengal City 2,5G,99.82,162.69,0.4,21.8,83,0,4.57
AIR104190,2025-11-15,Telangana,Telangana City 3,4G,98.35,44.4,1.44,37.5,5,1,3.42
AIR104191,2025-12-15,Delhi,Delhi City 3,5G,98.88,141.56,0.25,25.6,139,0,4.16
AIR104192,2025-02-15,Delhi,Delhi City 3,5G,98.49,142.42,0.96,24.5,100,0,3.44
AIR104193,2025-03-15,Uttar Pradesh,Uttar Pradesh City 2,5G,99.01,167.17,0.78,16.4,52,0,3.43
AIR104194,2025-04-15,Karnataka,Karnataka City 3,4G,99.76,44.77,1.03,51.2,140,0,3.62
AIR104195,2025-05-15,Tamil Nadu,Tamil Nadu City 3,4G,99.16,36.8,0.3,44.7,58,0,3.67
AIR104196,2025-06-15,Rajasthan,Rajasthan City 2,4G,98.15,55.32,0.54,38.1,87,0,4.04
AIR104197,2025-07-15,Karnataka,Karnataka City 3,4G,98.56,63.85,0.95,24.6,75,1,3.18
AIR104198,2025-08-15,West Bengal,West Bengal City 2,5G,99.05,147.19,0.69,10,24,0,4.01
AIR104199,2025-09-15,Rajasthan,Rajasthan City 1,4G,99.48,32.86,1.12,26,77,0,3.21
AIR104200,2025-10-15,Delhi,Delhi City 3,5G,99.29,140.73,0.66,18.4,69,0,3.84
AIR104201,2025-11-15,West Bengal,West Bengal City 2,4G,97.54,35.68,0.73,29.1,72,0,3.56
AIR104202,2025-12-15,Rajasthan,Rajasthan City 1,4G,99.17,19.46,0.8,50.9,94,0,3.56
AIR104203,2025-02-15,Uttar Pradesh,Uttar Pradesh City 3,4G,98.39,45.6,0.88,35.1,5,0,2.99
AIR104204,2025-03-15,Uttar Pradesh,Uttar Pradesh City 3,4G,97.93,59.36,1.38,39.9,23,0,2.76
AIR104205,2025-04-15,Kerala,Kerala City 2,4G,98.74,37.53,1.01,32.6,44,0,3.48
AIR104206,2025-05-15,Telangana,Telangana City 1,4G,97.68,37.99,0.9,25.5,110,0,3.42
AIR104207,2025-06-15,Uttar Pradesh,Uttar Pradesh City 2,5G,98.33,201.4,0.63,15.9,80,0,3.74
AIR104208,2025-07-15,Delhi,Delhi City 3,4G,99.22,46.01,0.59,32.4,36,0,4.56
AIR104209,2025-08-15,Tamil Nadu,Tamil Nadu City 3,4G,98.56,43.43,1.69,14.3,69,0,3.14
AIR104210,2025-09-15,Maharashtra,Maharashtra City 3,5G,98.91,68.59,0.73,31.1,71,1,4.05
AIR104211,2025-10-15,Kerala,Kerala City 3,4G,96.72,55.47,1.28,31.8,5,1,3.14
AIR104212,2025-11-15,Maharashtra,Maharashtra City 1,4G,98.53,41.89,0.91,46.5,102,1,3.56
AIR104213,2025-12-15,Telangana,Telangana City 1,4G,98.43,39.67,0.84,34.5,61,0,4.28
AIR104214,2025-02-15,Rajasthan,Rajasthan City 2,4G,97.92,49.06,0.9,33.1,74,0,2.6
AIR104215,2025-03-15,Gujarat,Gujarat City 2,5G,98.28,199.94,0.58,26.3,113,0,3.77
AIR104216,2025-04-15,Uttar Pradesh,Uttar Pradesh City 2,4G,97.8,42.71,1.36,20.9,112,0,3.67
AIR104217,2025-05-15,Tamil Nadu,Tamil Nadu City 3,5G,98.86,175.73,0.41,25.2,93,0,3.92
AIR104218,2025-06-15,Telangana,Telangana City 2,5G,99.55,150.05,0.54,26.7,80,1,3.55
AIR104219,2025-07-15,Maharashtra,Maharashtra City 1,4G,97.99,49.28,1.08,40.1,63,0,3.29
AIR104220,2025-08-15,Kerala,Kerala City 2,5G,98.63,183.13,0.57,27,66,0,3.79
AIR104221,2025-09-15,Uttar Pradesh,Uttar Pradesh City 2,4G,98.18,24.93,1.28,20.8,87,0,3.44
AIR104222,2025-10-15,Delhi,Delhi City 1,4G,98.19,42.47,0.46,49.8,49,0,3.58
AIR104223,2025-11-15,Uttar Pradesh,Uttar Pradesh City 1,4G,97.37,28.74,1.2,43.5,80,0,3.47
AIR104224,2025-12-15,Kerala,Kerala City 3,4G,99.09,69.76,1.28,41,95,0,3.66
AIR104225,2025-02-15,Kerala,Kerala City 1,4G,97.99,23.92,1.16,19.8,84,1,4.05
AIR104226,2025-03-15,Gujarat,Gujarat City 1,4G,98.26,51.28,0.59,44.8,75,1,3.52
AIR104227,2025-04-15,Uttar Pradesh,Uttar Pradesh City 2,5G,99.64,134.86,0.5,26.4,141,0,4.59
AIR104228,2025-05-15,Uttar Pradesh,Uttar Pradesh City 1,5G,99.31,151.35,0.16,24.5,20,0,3.88
AIR104229,2025-06-15,Gujarat,Gujarat City 3,4G,98.29,50.03,1.64,50,33,1,3.43
AIR104230,2025-07-15,West Bengal,West Bengal City 2,5G,99.17,140.9,0.9,20.5,190,0,3.92
AIR104231,2025-08-15,West Bengal,West Bengal City 3,5G,98.97,136.82,0.49,11,93,0,4.46
AIR104232,2025-09-15,Rajasthan,Rajasthan City 1,4G,98.33,30.52,1.18,47.3,78,0,3.69
AIR104233,2025-10-15,West Bengal,West Bengal City 3,4G,97.77,34.18,1.24,36.5,75,0,2.66
AIR104234,2025-11-15,Karnataka,Karnataka City 3,4G,98.51,28.59,1.31,25.4,17,0,3.37
AIR104235,2025-12-15,Uttar Pradesh,Uttar Pradesh City 1,4G,97.68,43.85,1.14,27.3,61,1,3.68
AIR104236,2025-02-15,Tamil Nadu,Tamil Nadu City 1,4G,96.97,29.54,0.22,23.7,93,1,4.02
AIR104237,2025-03-15,Uttar Pradesh,Uttar Pradesh City 2,4G,98.31,43.29,1.57,45.4,53,0,3.44
AIR104238,2025-04-15,Karnataka,Karnataka City 2,4G,97.45,39.94,0.95,38.4,100,0,3.51
AIR104239,2025-05-15,Karnataka,Karnataka City 2,4G,97.98,62.94,1.38,9.9,56,0,3.56
AIR104240,2025-06-15,Maharashtra,Maharashtra City 1,4G,98.67,40.03,0.76,32.9,77,0,4.11
AIR104241,2025-07-15,Uttar Pradesh,Uttar Pradesh City 3,4G,96.52,49.5,1.02,29,115,1,3.14
AIR104242,2025-08-15,Telangana,Telangana City 3,4G,97.9,50.98,1.01,41.9,44,0,3.99
AIR104243,2025-09-15,Karnataka,Karnataka City 2,4G,97.44,47.86,1.31,55.9,63,0,3.28
AIR104244,2025-10-15,Tamil Nadu,Tamil Nadu City 2,4G,97,37.61,0.91,36.5,145,1,3.27
AIR104245,2025-11-15,Gujarat,Gujarat City 1,5G,99,168.96,0.48,27,73,1,4.09
AIR104246,2025-12-15,Rajasthan,Rajasthan City 3,4G,97.79,59.08,1.29,43.5,110,0,3.27
AIR104247,2025-02-15,Maharashtra,Maharashtra City 2,4G,98.69,54.07,0.71,36.5,64,0,3.9
AIR104248,2025-03-15,Gujarat,Gujarat City 1,4G,98.53,57.95,1.28,47.8,55,0,3.64
AIR104249,2025-04-15,Maharashtra,Maharashtra City 2,5G,98.7,181.52,0.7,27.2,75,0,4
AIR104250,2025-05-15,Tamil Nadu,Tamil Nadu City 1,5G,98.99,160.94,0.79,23.8,77,0,3.89
AIR104251,2025-06-15,Kerala,Kerala City 3,4G,98.31,41.66,0.78,36.1,78,0,3.28
AIR104252,2025-07-15,Uttar Pradesh,Uttar Pradesh City 1,4G,98.34,58.1,1.55,48.6,73,0,3.29
AIR104253,2025-08-15,Delhi,Delhi City 2,4G,97.2,60.46,1.43,48.9,93,0,2.77
AIR104254,2025-09-15,Telangana,Telangana City 2,4G,98.09,26.12,0.55,16.2,72,0,4.01
AIR104255,2025-10-15,Gujarat,Gujarat City 3,5G,98.49,207.85,0.63,15.5,57,1,3.83
AIR104256,2025-11-15,Uttar Pradesh,Uttar Pradesh City 3,4G,98.22,31.5,1.7,42.7,97,0,3.05
AIR104257,2025-12-15,Telangana,Telangana City 2,5G,98.58,135.28,0.62,14.8,104,0,3.86
AIR104258,2025-02-15,Kerala,Kerala City 2,4G,98.56,59.34,0.84,45.2,62,1,3.75
AIR104259,2025-03-15,Delhi,Delhi City 2,4G,98.71,29.89,0.66,29.1,43,0,3.67
AIR104260,2025-04-15,Telangana,Telangana City 3,5G,99.29,148.75,0.6,13.6,108,1,4.3
AIR104261,2025-05-15,Telangana,Telangana City 2,4G,97.62,50.13,0.66,36.9,112,1,3.27
AIR104262,2025-06-15,Gujarat,Gujarat City 3,5G,98.24,141.61,0.7,23,77,0,4.65
AIR104263,2025-07-15,West Bengal,West Bengal City 2,4G,98.06,27,0.81,52,156,0,3.38
AIR104264,2025-08-15,Delhi,Delhi City 1,4G,96.89,48.4,1.76,29.6,157,0,2.28
AIR104265,2025-09-15,Uttar Pradesh,Uttar Pradesh City 1,5G,98.98,98.7,0.32,23.1,89,0,4.1
AIR104266,2025-10-15,Kerala,Kerala City 2,4G,98.78,52.65,0.51,24,81,0,2.8
AIR104267,2025-11-15,Delhi,Delhi City 1,4G,97.1,43.77,0.83,37.8,22,1,3.78
AIR104268,2025-12-15,Tamil Nadu,Tamil Nadu City 3,4G,96.97,48.6,0.91,38.1,47,0,3.72
AIR104269,2025-02-15,West Bengal,West Bengal City 1,5G,99.81,189.05,0.6,21.1,67,1,4.49
AIR104270,2025-03-15,Tamil Nadu,Tamil Nadu City 1,4G,98.5,55.93,1.18,22.7,86,0,3.21
AIR104271,2025-04-15,Kerala,Kerala City 3,4G,99.74,57.35,1.17,45.6,65,1,3.84
AIR104272,2025-05-15,Gujarat,Gujarat City 1,4G,98.3,38.41,0.79,32.2,157,1,3.92
AIR104273,2025-06-15,Gujarat,Gujarat City 1,4G,98.1,26.43,0.97,41,58,0,3.52
AIR104274,2025-07-15,Kerala,Kerala City 2,5G,98.61,252.25,1.05,23.2,29,0,3.22
AIR104275,2025-08-15,Maharashtra,Maharashtra City 3,4G,100,40.23,0.77,42.3,93,0,3.49
AIR104276,2025-09-15,Kerala,Kerala City 3,5G,99.73,197.07,1.07,8.3,67,1,3.65
AIR104277,2025-10-15,West Bengal,West Bengal City 2,4G,98.57,51.58,0.87,36.4,136,1,3.64
AIR104278,2025-11-15,Karnataka,Karnataka City 2,5G,98.34,168.15,0.62,23.3,70,1,4.27
AIR104279,2025-12-15,Gujarat,Gujarat City 1,5G,98.8,189.29,0.62,24.6,5,1,3.52
AIR104280,2025-02-15,Rajasthan,Rajasthan City 1,5G,98.91,132.05,0.42,22.6,94,0,3.99
AIR104281,2025-03-15,West Bengal,West Bengal City 1,4G,97.31,33.06,1.13,49.7,159,1,3.48
AIR104282,2025-04-15,West Bengal,West Bengal City 2,4G,97.95,39.77,0.95,45.9,43,1,3.35
AIR104283,2025-05-15,West Bengal,West Bengal City 3,4G,98.28,11.09,1.29,31.1,87,0,3.55
AIR104284,2025-06-15,Telangana,Telangana City 1,4G,98.34,48.15,1.58,45.1,108,1,3.45
AIR104285,2025-07-15,West Bengal,West Bengal City 2,4G,97.38,25.13,1.35,25.6,66,0,2.36
AIR104286,2025-08-15,Gujarat,Gujarat City 3,5G,99.65,136.33,0.99,24.2,75,0,3.91
AIR104287,2025-09-15,Karnataka,Karnataka City 2,4G,98.12,47.14,1.17,29.5,118,0,3.23
AIR104288,2025-10-15,Karnataka,Karnataka City 1,5G,99.74,167.55,0.25,18.3,31,1,4.05
AIR104289,2025-11-15,West Bengal,West Bengal City 2,4G,98.67,60.32,1,31.5,85,0,3.95
AIR104290,2025-12-15,Tamil Nadu,Tamil Nadu City 2,5G,99.15,149.84,0.55,23.3,67,0,3.78
AIR104291,2025-02-15,Gujarat,Gujarat City 2,4G,97.56,35.39,1.01,36.9,89,0,2.87
AIR104292,2025-03-15,Gujarat,Gujarat City 2,4G,99.78,44.57,0.34,34.3,103,0,4.19
AIR104293,2025-04-15,Delhi,Delhi City 3,5G,99.43,176.79,0.44,19.6,103,0,4.2
AIR104294,2025-05-15,Uttar Pradesh,Uttar Pradesh City 1,4G,97.92,38.36,1.14,50,102,0,3.03
AIR104295,2025-06-15,Maharashtra,Maharashtra City 3,5G,98.71,116.76,0.51,23.3,122,0,3.96
AIR104296,2025-07-15,Maharashtra,Maharashtra City 2,5G,99.85,208.21,0.62,31.9,54,0,3.81
AIR104297,2025-08-15,Tamil Nadu,Tamil Nadu City 2,4G,97.96,47.67,0.51,29.8,34,0,3.53
AIR104298,2025-09-15,Maharashtra,Maharashtra City 1,5G,98.93,133.08,0.74,17.8,98,0,3.96
AIR104299,2025-10-15,Delhi,Delhi City 1,4G,99.79,18.3,0.99,41.2,47,1,3.69
AIR104300,2025-11-15,Kerala,Kerala City 3,5G,99.01,136.83,0.67,13.9,81,0,4.27
AIR104301,2025-12-15,Maharashtra,Maharashtra City 3,4G,97.39,36.34,0.76,29.4,5,0,3.54
AIR104302,2025-02-15,Gujarat,Gujarat City 1,5G,98.94,176.3,0.79,22,59,1,3.62
AIR104303,2025-03-15,Kerala,Kerala City 3,4G,97.71,34.12,1.7,25.2,69,0,3.61
AIR104304,2025-04-15,Maharashtra,Maharashtra City 2,4G,95.53,26.29,0.79,11.6,50,0,3.69
AIR104305,2025-05-15,Gujarat,Gujarat City 2,4G,98.2,52.19,1.2,19.3,122,0,3.48
AIR104306,2025-06-15,Gujarat,Gujarat City 1,4G,99.56,36.54,0.81,37.6,71,0,3.45
AIR104307,2025-07-15,West Bengal,West Bengal City 3,4G,98.15,52.44,0.85,42.2,86,0,3.18
AIR104308,2025-08-15,Karnataka,Karnataka City 2,4G,99.17,54.71,0.63,57.4,30,0,3.51
AIR104309,2025-09-15,Tamil Nadu,Tamil Nadu City 1,4G,97.89,27.29,0.61,30,89,0,3.76
AIR104310,2025-10-15,Delhi,Delhi City 3,4G,99.6,42.72,1.49,40.6,133,0,3.19
AIR104311,2025-11-15,Telangana,Telangana City 2,4G,98.53,51.99,0.85,35.4,66,0,3.55
AIR104312,2025-12-15,Uttar Pradesh,Uttar Pradesh City 3,4G,98.17,60.5,0.78,28.4,68,0,3.51
AIR104313,2025-02-15,Maharashtra,Maharashtra City 3,4G,97.41,34.87,1.16,23.1,22,1,3.46
AIR104314,2025-03-15,Maharashtra,Maharashtra City 3,4G,98.35,38.04,0.7,46.2,120,0,3.41
AIR104315,2025-04-15,Kerala,Kerala City 1,5G,99.01,152.83,0.39,22.5,104,1,3.6
AIR104316,2025-05-15,Kerala,Kerala City 2,5G,99.15,127.1,0.48,16,90,0,3.43
AIR104317,2025-06-15,Uttar Pradesh,Uttar Pradesh City 1,4G,98.11,39.68,1.62,43.9,83,1,3.14
AIR104318,2025-07-15,Maharashtra,Maharashtra City 2,5G,99.7,157.13,0.25,18,108,0,4.55
AIR104319,2025-08-15,Rajasthan,Rajasthan City 2,4G,97.09,38.18,1.06,47.2,39,0,3.27
AIR104320,2025-09-15,Delhi,Delhi City 1,5G,99.27,64.56,0.74,12.9,29,0,3.69
AIR104321,2025-10-15,Maharashtra,Maharashtra City 1,4G,98.85,55.92,0.78,47.6,73,0,3.18
AIR104322,2025-11-15,Karnataka,Karnataka City 2,4G,97.77,33.23,0.59,32.2,84,0,3.95
AIR104323,2025-12-15,Uttar Pradesh,Uttar Pradesh City 2,5G,98.44,173.38,0.23,22.4,112,0,4.05
AIR104324,2025-02-15,Rajasthan,Rajasthan City 2,5G,99.85,118.03,0.48,25.5,106,1,4.75
AIR104325,2025-03-15,Delhi,Delhi City 3,4G,98.14,40.29,1.04,40.9,120,0,3.91
AIR104326,2025-04-15,Maharashtra,Maharashtra City 2,4G,98.91,36.84,0.75,39.5,77,1,4
AIR104327,2025-05-15,Telangana,Telangana City 1,4G,98.1,48.64,1.2,37.9,121,0,3.79
AIR104328,2025-06-15,West Bengal,West Bengal City 1,4G,98.43,43.99,1.44,47.2,83,0,2.95
AIR104329,2025-07-15,Karnataka,Karnataka City 1,5G,98.51,176.45,0.84,21.3,65,1,2.79
AIR104330,2025-08-15,Telangana,Telangana City 2,4G,97.96,34.27,0.91,47.5,73,1,2.77
AIR104331,2025-09-15,Kerala,Kerala City 2,4G,98.83,39.53,0.6,37.4,83,0,3.56
AIR104332,2025-10-15,Kerala,Kerala City 3,4G,97.61,57.7,1.63,46.5,83,0,3.4
AIR104333,2025-11-15,Maharashtra,Maharashtra City 3,4G,97.33,57.28,0.88,63.1,159,0,3.63
AIR104334,2025-12-15,Kerala,Kerala City 1,4G,97.96,66.66,1.37,29.3,81,0,3.66
AIR104335,2025-02-15,Karnataka,Karnataka City 3,5G,99.79,104.34,0.75,19.1,55,0,3.76
AIR104336,2025-03-15,Delhi,Delhi City 3,4G,97.42,51.48,0.81,47.6,82,0,3.42
AIR104337,2025-04-15,Gujarat,Gujarat City 1,5G,99.39,178.29,0.36,30.1,43,1,4
AIR104338,2025-05-15,Tamil Nadu,Tamil Nadu City 2,4G,98.35,40.4,1.3,47.2,89,0,2.52
AIR104339,2025-06-15,Uttar Pradesh,Uttar Pradesh City 3,4G,97.55,48.72,1.18,59.8,77,0,2.82
AIR104340,2025-07-15,Delhi,Delhi City 2,4G,98.62,45.51,1.16,55.7,74,0,3.44
AIR104341,2025-08-15,Gujarat,Gujarat City 1,4G,98.96,42.36,1.27,30.3,41,0,3.3
AIR104342,2025-09-15,Rajasthan,Rajasthan City 1,5G,99.35,186.07,0.64,19.4,96,0,4.18
AIR104343,2025-10-15,Karnataka,Karnataka City 3,4G,98.59,42.88,1.01,34.6,22,1,3.53
AIR104344,2025-11-15,Telangana,Telangana City 1,4G,97.79,43.66,1.21,45.4,55,0,3.47
AIR104345,2025-12-15,Gujarat,Gujarat City 1,4G,98.58,40.44,1.19,52.1,80,0,2.75
AIR104346,2025-02-15,Karnataka,Karnataka City 1,4G,99.86,55.58,0.82,52.2,34,0,3.47
AIR104347,2025-03-15,West Bengal,West Bengal City 3,5G,98.81,133.54,1.1,20.1,84,0,4.06
AIR104348,2025-04-15,Telangana,Telangana City 3,4G,98.42,33.06,0.59,36.1,101,1,3.04
AIR104349,2025-05-15,Kerala,Kerala City 3,5G,98.51,192.78,0.51,7.7,119,1,3.78
AIR104350,2025-06-15,Kerala,Kerala City 1,5G,99.5,167.39,0.28,21.8,73,0,3.98
AIR104351,2025-07-15,Telangana,Telangana City 2,4G,96.51,33.65,1.84,45.5,77,0,2.56
AIR104352,2025-08-15,Rajasthan,Rajasthan City 1,4G,98.33,45.92,1.45,28,106,1,3.93
AIR104353,2025-09-15,Rajasthan,Rajasthan City 3,5G,99.66,138.6,1.04,21.9,42,0,4.06
AIR104354,2025-10-15,Rajasthan,Rajasthan City 2,5G,98.7,152.15,0.45,22.8,71,0,3.74
AIR104355,2025-11-15,Gujarat,Gujarat City 2,4G,97.9,57.08,0.79,38.8,68,0,3.21
AIR104356,2025-12-15,Uttar Pradesh,Uttar Pradesh City 3,4G,98.1,28.66,1.4,49.9,69,0,3.04
AIR104357,2025-02-15,Gujarat,Gujarat City 2,4G,97.95,46.77,1.35,61.8,62,0,3.49
AIR104358,2025-03-15,Maharashtra,Maharashtra City 2,4G,96.88,27.42,0.85,54.5,69,1,2.53
AIR104359,2025-04-15,Tamil Nadu,Tamil Nadu City 3,4G,96.23,62.83,0.9,37.6,80,0,3.26
AIR104360,2025-05-15,Telangana,Telangana City 2,4G,99.1,48.21,1.61,38.3,63,0,3.4
AIR104361,2025-06-15,Delhi,Delhi City 2,4G,97.55,56.92,0.96,24.4,30,0,3.23
AIR104362,2025-07-15,Tamil Nadu,Tamil Nadu City 3,4G,98.18,53.89,0.78,32.4,89,0,3.81
AIR104363,2025-08-15,West Bengal,West Bengal City 2,4G,97.19,68.08,1.24,43.2,72,0,2.95
AIR104364,2025-09-15,Gujarat,Gujarat City 2,5G,98.83,166.05,0.66,19,59,0,3.89
AIR104365,2025-10-15,Gujarat,Gujarat City 2,4G,98.84,54.99,1.85,9.2,83,0,3.59
AIR104366,2025-11-15,Karnataka,Karnataka City 2,5G,99.13,200.6,0.6,27.2,53,0,3.34
AIR104367,2025-12-15,Tamil Nadu,Tamil Nadu City 3,4G,99.22,34.35,0.64,33.9,70,1,3.68
AIR104368,2025-02-15,Karnataka,Karnataka City 1,4G,98.31,47.08,0.94,42.4,63,0,3.88
AIR104369,2025-03-15,Delhi,Delhi City 1,4G,98.22,60.75,0.99,53.8,115,0,3.64
AIR104370,2025-04-15,Karnataka,Karnataka City 2,4G,98.45,40.8,1.39,21.3,89,1,3.7
AIR104371,2025-05-15,Tamil Nadu,Tamil Nadu City 3,4G,98.41,36.64,1.07,35.4,52,1,3.47
AIR104372,2025-06-15,Telangana,Telangana City 3,4G,98.67,38.23,1.33,25.2,155,0,3.29
AIR104373,2025-07-15,West Bengal,West Bengal City 2,5G,99.09,91.71,0.94,22,122,1,3.58
AIR104374,2025-08-15,Gujarat,Gujarat City 1,4G,97.49,39.83,1.7,56.8,104,0,3.14
AIR104375,2025-09-15,Delhi,Delhi City 2,5G,99.71,156.96,0.88,29.9,107,0,4
AIR104376,2025-10-15,Gujarat,Gujarat City 3,4G,98.99,48.58,1.45,29.2,68,1,3.78
AIR104377,2025-11-15,Maharashtra,Maharashtra City 3,4G,98.49,52.15,1.41,33.2,76,0,3.47
AIR104378,2025-12-15,West Bengal,West Bengal City 1,4G,98.96,64.3,1.44,29.3,135,1,3.29
AIR104379,2025-02-15,Uttar Pradesh,Uttar Pradesh City 3,5G,98.99,113.35,0.64,30.6,131,1,4.04
AIR104380,2025-03-15,Karnataka,Karnataka City 3,4G,97.39,40.72,1.22,31.2,118,0,3.36
AIR104381,2025-04-15,Kerala,Kerala City 3,5G,99.39,140.68,0.98,15.7,84,0,4.61
AIR104382,2025-05-15,Tamil Nadu,Tamil Nadu City 1,4G,97.15,47.02,1.33,34,74,0,3.07
AIR104383,2025-06-15,Gujarat,Gujarat City 3,5G,99.04,130.51,0.4,22.7,101,0,4.2
AIR104384,2025-07-15,Karnataka,Karnataka City 2,4G,97.65,58.65,0.7,39.3,98,0,3.34
AIR104385,2025-08-15,Delhi,Delhi City 1,4G,97.02,39.06,0.45,34.1,99,0,3.95
AIR104386,2025-09-15,Gujarat,Gujarat City 2,4G,97.61,61.57,0.78,30.9,60,0,3.78
AIR104387,2025-10-15,Uttar Pradesh,Uttar Pradesh City 2,4G,97.48,47.43,1.6,43.2,116,0,3.22
AIR104388,2025-11-15,West Bengal,West Bengal City 1,4G,98.29,37.09,0.79,39.5,69,0,3.69
AIR104389,2025-12-15,West Bengal,West Bengal City 2,4G,98.44,49.35,1.86,43.6,100,0,3.42
AIR104390,2025-02-15,Gujarat,Gujarat City 1,4G,97.47,43.13,0.94,5,56,0,3.16
AIR104391,2025-03-15,Delhi,Delhi City 2,4G,98.21,39.45,0.74,21.5,51,1,3.52
AIR104392,2025-04-15,West Bengal,West Bengal City 1,4G,97.56,57.53,0.75,31,74,1,3.39
AIR104393,2025-05-15,West Bengal,West Bengal City 3,4G,99.02,45.43,0.34,28.4,12,1,4.03
AIR104394,2025-06-15,Uttar Pradesh,Uttar Pradesh City 3,4G,97.35,39.64,1.56,27.4,116,0,3.12
AIR104395,2025-07-15,Tamil Nadu,Tamil Nadu City 2,5G,99.2,131.67,0.52,21.2,77,0,4.12
AIR104396,2025-08-15,Delhi,Delhi City 3,5G,100,145.15,0.58,24.4,93,0,3.93
AIR104397,2025-09-15,Delhi,Delhi City 1,4G,98.75,33.91,0.4,40.1,60,0,3.84
AIR104398,2025-10-15,Telangana,Telangana City 2,5G,99.1,116.17,0.96,18.4,113,0,3.24
AIR104399,2025-11-15,Telangana,Telangana City 3,4G,98.01,37.81,1.48,33.7,35,0,3.43
AIR104400,2025-12-15,West Bengal,West Bengal City 3,4G,99.77,79.1,1.09,39.3,106,0,3.92
AIR104401,2025-02-15,Kerala,Kerala City 2,4G,97.77,45.08,1.31,50.6,73,0,3.79
AIR104402,2025-03-15,Telangana,Telangana City 3,5G,98.59,145.83,0.45,24,111,0,4.34
AIR104403,2025-04-15,West Bengal,West Bengal City 3,4G,97.88,39.22,1.42,44.5,126,0,3.47
AIR104404,2025-05-15,Rajasthan,Rajasthan City 2,5G,99.84,99.16,0.24,14.9,72,0,4.15
AIR104405,2025-06-15,Maharashtra,Maharashtra City 3,5G,98.91,187.36,0.43,15.5,59,1,4.2
AIR104406,2025-07-15,Maharashtra,Maharashtra City 3,4G,99.32,46.38,1.18,41.2,128,0,3.36
AIR104407,2025-08-15,Delhi,Delhi City 3,4G,96.7,62.06,0.95,40.6,101,0,3.1
AIR104408,2025-09-15,Kerala,Kerala City 3,4G,97.76,43.92,1.04,38,74,0,2.92
AIR104409,2025-10-15,Uttar Pradesh,Uttar Pradesh City 2,4G,97.38,40.61,1.3,36.1,91,1,3.37
AIR104410,2025-11-15,Tamil Nadu,Tamil Nadu City 1,4G,98.46,32.2,0.49,31.8,27,0,4.35
AIR104411,2025-12-15,Telangana,Telangana City 1,4G,98.56,39.77,1.28,39.1,106,0,3.15
AIR104412,2025-02-15,Rajasthan,Rajasthan City 3,4G,97.59,45.21,0.36,37.4,100,0,3.18
AIR104413,2025-03-15,West Bengal,West Bengal City 3,4G,97.76,52.82,0.68,36,31,1,3.52
AIR104414,2025-04-15,Kerala,Kerala City 1,4G,98.34,51.1,0.4,37.8,89,1,3.74
AIR104415,2025-05-15,Delhi,Delhi City 3,4G,97.99,48.06,1.08,18.5,102,0,3.51
AIR104416,2025-06-15,Telangana,Telangana City 1,4G,98.95,43.82,0.85,45.1,82,0,3.74
AIR104417,2025-07-15,Kerala,Kerala City 2,4G,97.61,54.17,1.15,31.3,79,1,3.1
AIR104418,2025-08-15,Telangana,Telangana City 2,4G,98.63,51.42,1.2,42.3,26,1,3.61
AIR104419,2025-09-15,Tamil Nadu,Tamil Nadu City 2,5G,99.64,149.54,0.63,24.7,82,0,4.12
AIR104420,2025-10-15,Tamil Nadu,Tamil Nadu City 2,4G,99.07,51.13,1.18,51.9,113,1,3.59
AIR104421,2025-11-15,Uttar Pradesh,Uttar Pradesh City 2,4G,98.48,71.68,0.86,37.9,65,0,3.9
AIR104422,2025-12-15,Maharashtra,Maharashtra City 2,5G,99.43,137.44,0.72,15.8,80,1,4.55
AIR104423,2025-02-15,Karnataka,Karnataka City 1,4G,97.39,48.41,1.11,25.1,94,0,3.14
AIR104424,2025-03-15,Karnataka,Karnataka City 3,5G,99.2,168.55,0.56,25.9,155,0,3.98
AIR104425,2025-04-15,Telangana,Telangana City 1,4G,98.01,40.91,0.59,46.2,69,1,3.59
AIR104426,2025-05-15,Uttar Pradesh,Uttar Pradesh City 2,5G,98.7,137.29,1.18,13.8,117,0,3.66
AIR104427,2025-06-15,Karnataka,Karnataka City 3,5G,99.64,126.98,0.55,7.2,71,0,3.75
AIR104428,2025-07-15,Delhi,Delhi City 3,4G,99.34,44.15,1.37,38.7,99,0,2.84
AIR104429,2025-08-15,Karnataka,Karnataka City 2,4G,98.68,44.01,0.5,19.7,17,0,3.86
AIR104430,2025-09-15,Gujarat,Gujarat City 2,5G,99.16,142.1,0.33,22.3,57,1,4.31
AIR104431,2025-10-15,West Bengal,West Bengal City 2,5G,98.95,164.48,0.55,24.9,5,1,3.74
AIR104432,2025-11-15,Uttar Pradesh,Uttar Pradesh City 2,5G,99.21,168.43,0.41,14,36,0,4.12
AIR104433,2025-12-15,Delhi,Delhi City 2,4G,98.74,34.53,1.31,32.2,74,0,4.07
AIR104434,2025-02-15,Kerala,Kerala City 2,5G,99.89,205.46,0.7,16.4,130,1,3.92
AIR104435,2025-03-15,Delhi,Delhi City 3,4G,98.84,58.41,1.05,24.2,103,0,3.71
AIR104436,2025-04-15,Maharashtra,Maharashtra City 2,4G,98.08,23.03,1.24,31.5,124,0,3.9
AIR104437,2025-05-15,Kerala,Kerala City 2,4G,98.95,46.21,0.64,37.5,21,1,3.81
AIR104438,2025-06-15,Rajasthan,Rajasthan City 3,4G,99.64,48.03,0.83,47.2,110,1,3.72
AIR104439,2025-07-15,West Bengal,West Bengal City 1,4G,97.78,55.79,1.16,38.1,88,0,3.92
AIR104440,2025-08-15,West Bengal,West Bengal City 2,4G,97.59,49.62,1.44,48,93,0,3.06
AIR104441,2025-09-15,West Bengal,West Bengal City 3,4G,97.36,48.13,0.79,17.3,68,1,3.1
AIR104442,2025-10-15,West Bengal,West Bengal City 3,4G,98.09,41.24,0.98,34.8,69,0,2.84
AIR104443,2025-11-15,Telangana,Telangana City 1,5G,99.66,112.81,1.02,20.7,91,0,3.73
AIR104444,2025-12-15,West Bengal,West Bengal City 2,4G,98.13,48.58,1.29,36.9,102,0,3.01
AIR104445,2025-02-15,West Bengal,West Bengal City 2,4G,98.02,65.18,0.99,26.2,41,0,3.85
AIR104446,2025-03-15,West Bengal,West Bengal City 2,4G,98.63,35.54,0.96,40.4,27,0,3.07
AIR104447,2025-04-15,Uttar Pradesh,Uttar Pradesh City 3,4G,98.93,31.86,1.21,33.3,125,0,3.45
AIR104448,2025-05-15,Telangana,Telangana City 2,4G,98.47,37.55,1.33,42.6,147,1,4.34
AIR104449,2025-06-15,Tamil Nadu,Tamil Nadu City 2,4G,98.37,40.65,0.63,21.8,120,1,3.9
AIR104450,2025-07-15,Delhi,Delhi City 2,4G,98.34,47.77,0.42,37.7,121,1,3.94
AIR104451,2025-08-15,Delhi,Delhi City 2,5G,98.68,170.38,0.21,20.4,96,0,3.76
AIR104452,2025-09-15,Kerala,Kerala City 1,4G,98.7,47.3,1.45,43.4,35,0,3.72
AIR104453,2025-10-15,Uttar Pradesh,Uttar Pradesh City 1,4G,98.36,38.55,0.63,39.2,79,0,3.7
AIR104454,2025-11-15,Gujarat,Gujarat City 1,4G,96.37,29.04,0.71,25.8,76,1,3.9
AIR104455,2025-12-15,Delhi,Delhi City 2,4G,98.48,45.11,0.78,28.2,108,0,3.28
AIR104456,2025-02-15,Karnataka,Karnataka City 2,4G,98.1,60.8,1.3,40.3,54,0,3.33
AIR104457,2025-03-15,Gujarat,Gujarat City 3,4G,98.64,40.39,1.26,42.3,115,0,3.86
AIR104458,2025-04-15,West Bengal,West Bengal City 3,4G,98.65,45.55,1.17,26.1,82,0,4.05
AIR104459,2025-05-15,West Bengal,West Bengal City 3,4G,99.24,58.34,1.54,44,61,0,3.77
AIR104460,2025-06-15,Telangana,Telangana City 2,4G,97.64,25.94,0.89,30.9,47,0,2.89
AIR104461,2025-07-15,Gujarat,Gujarat City 1,4G,96.97,43.77,0.87,38.6,29,0,3.75
AIR104462,2025-08-15,Karnataka,Karnataka City 1,5G,99.4,106.88,0.65,24.7,165,0,3.95
AIR104463,2025-09-15,Telangana,Telangana City 1,4G,99.01,41.12,1.52,42.5,24,0,3.59
AIR104464,2025-10-15,Kerala,Kerala City 2,4G,97.66,46.38,0.62,33.1,54,0,3.39
AIR104465,2025-11-15,Gujarat,Gujarat City 1,4G,97.83,49.12,0.41,15.1,123,1,3.52
AIR104466,2025-12-15,Uttar Pradesh,Uttar Pradesh City 3,5G,99.8,141.67,0.72,23.9,42,0,4.12
AIR104467,2025-02-15,West Bengal,West Bengal City 3,5G,99.32,134.5,0.47,12.3,43,0,3.94
AIR104468,2025-03-15,West Bengal,West Bengal City 1,4G,97.49,42.45,0.98,46.5,130,0,2.81
AIR104469,2025-04-15,Maharashtra,Maharashtra City 3,5G,99.33,119.56,0.58,14.6,33,0,3.26
AIR104470,2025-05-15,Telangana,Telangana City 1,4G,98.36,44.98,1.09,33.7,84,1,3.02
AIR104471,2025-06-15,Tamil Nadu,Tamil Nadu City 1,5G,99.02,78.5,0.87,15.2,101,1,4.25
AIR104472,2025-07-15,Tamil Nadu,Tamil Nadu City 3,4G,98.25,47.79,2.1,39.8,117,0,2.66
AIR104473,2025-08-15,Telangana,Telangana City 3,4G,98.7,52.09,1.65,37,99,0,3.44
AIR104474,2025-09-15,Uttar Pradesh,Uttar Pradesh City 3,4G,97.76,52.29,1.08,51.2,111,0,3.52
AIR104475,2025-10-15,Rajasthan,Rajasthan City 3,4G,98.01,37.41,1.27,30.6,42,1,4.16
AIR104476,2025-11-15,Telangana,Telangana City 1,4G,98.31,49.95,1.12,33.3,47,0,3.87
AIR104477,2025-12-15,Uttar Pradesh,Uttar Pradesh City 3,4G,96.67,57.67,0.3,35.9,91,0,2.49
AIR104478,2025-02-15,Kerala,Kerala City 3,4G,98.04,17.34,1.37,29.1,61,0,3.32
AIR104479,2025-03-15,West Bengal,West Bengal City 2,4G,98.46,35.62,0.65,43.5,64,0,3.21
AIR104480,2025-04-15,Karnataka,Karnataka City 3,4G,98.29,63.77,0.97,40.4,67,1,3.23
AIR104481,2025-05-15,Rajasthan,Rajasthan City 3,5G,100,122.43,0.56,13.3,50,0,4.2
AIR104482,2025-06-15,Gujarat,Gujarat City 1,5G,99.46,165.96,0.75,22.3,120,1,3.67
AIR104483,2025-07-15,Rajasthan,Rajasthan City 1,5G,99.33,146.54,0.51,28.3,87,0,4.16
AIR104484,2025-08-15,Karnataka,Karnataka City 2,5G,98.96,167.52,0.66,12.1,78,0,3.69
AIR104485,2025-09-15,Maharashtra,Maharashtra City 3,5G,100,157.98,0.71,32.5,85,1,4
AIR104486,2025-10-15,West Bengal,West Bengal City 3,4G,96.07,51.03,1.01,39.3,71,0,2.49
AIR104487,2025-11-15,Tamil Nadu,Tamil Nadu City 3,4G,96.93,45.26,1,51.7,46,0,2.95
AIR104488,2025-12-15,Uttar Pradesh,Uttar Pradesh City 3,4G,98.17,41.36,0.7,37.2,27,0,3.94
AIR104489,2025-02-15,Telangana,Telangana City 3,4G,99.64,39.9,1.47,36.3,100,1,3.42
AIR104490,2025-03-15,Telangana,Telangana City 3,5G,99.24,168.98,0.82,9.9,147,0,3.66
AIR104491,2025-04-15,Tamil Nadu,Tamil Nadu City 2,4G,99.01,54.87,1.02,48.7,128,0,3.74
AIR104492,2025-05-15,Rajasthan,Rajasthan City 3,5G,98.59,111.57,0.88,19.4,53,0,3.48
AIR104493,2025-06-15,West Bengal,West Bengal City 3,4G,97.82,35.27,1.4,61.7,8,0,3.3
AIR104494,2025-07-15,Delhi,Delhi City 3,5G,99.61,146.58,0.41,22,118,0,4.18
AIR104495,2025-08-15,Uttar Pradesh,Uttar Pradesh City 2,4G,98.43,26.92,0.74,42,94,0,3.09
AIR104496,2025-09-15,Kerala,Kerala City 3,4G,98.9,53.96,0.89,42.8,135,1,3.49
AIR104497,2025-10-15,Karnataka,Karnataka City 2,5G,98.82,138.22,0.58,19.8,53,0,4.48
AIR104498,2025-11-15,Rajasthan,Rajasthan City 1,4G,97.89,36.36,1.02,35.4,111,0,4.16
AIR104499,2025-12-15,Gujarat,Gujarat City 3,4G,99.29,55.08,1.25,38,61,0,2.92
AIR104500,2025-02-15,Maharashtra,Maharashtra City 2,4G,99.95,46.98,1.09,41,6,0,4.36
AIR104501,2025-03-15,Telangana,Telangana City 1,4G,97.86,53.22,0.98,40.1,81,1,3.69
AIR104502,2025-04-15,Rajasthan,Rajasthan City 2,4G,98.13,36.14,0.83,41.9,105,0,3.87
AIR104503,2025-05-15,Maharashtra,Maharashtra City 2,4G,98.41,25.43,0.97,45.6,87,0,3.19
AIR104504,2025-06-15,Karnataka,Karnataka City 1,4G,98.52,36.2,1.59,37,132,0,3.29
AIR104505,2025-07-15,Telangana,Telangana City 3,4G,98.39,43.07,1.14,21.8,94,0,3.91
AIR104506,2025-08-15,Telangana,Telangana City 3,4G,96.58,45.61,0.97,30.7,33,1,3.29
AIR104507,2025-09-15,Delhi,Delhi City 2,5G,99.95,164.69,0.82,22.3,89,0,4.15
AIR104508,2025-10-15,Rajasthan,Rajasthan City 1,5G,99.58,115.47,0.63,6.7,109,0,4.07
AIR104509,2025-11-15,West Bengal,West Bengal City 3,4G,96.9,56.88,1.28,29.2,94,0,3.45
AIR104510,2025-12-15,Tamil Nadu,Tamil Nadu City 2,4G,96.92,42.04,0.31,39.4,36,1,3.33
AIR104511,2025-02-15,Tamil Nadu,Tamil Nadu City 1,4G,97.17,69.88,1.34,38.2,96,0,3.56
AIR104512,2025-03-15,Kerala,Kerala City 2,5G,98.41,164.92,0.61,8.4,15,1,3.99
AIR104513,2025-04-15,Gujarat,Gujarat City 1,5G,99.16,112.18,0.75,27.3,5,0,3.44
AIR104514,2025-05-15,Maharashtra,Maharashtra City 3,5G,98.61,188.22,0.92,28.3,94,0,3.1
AIR104515,2025-06-15,Rajasthan,Rajasthan City 3,4G,97.35,40.03,0.68,50.4,61,0,2.84
AIR104516,2025-07-15,Uttar Pradesh,Uttar Pradesh City 2,4G,98.86,18.83,0.88,28.3,76,0,3.5
AIR104517,2025-08-15,Gujarat,Gujarat City 3,4G,97.73,61.97,0.45,38.7,63,0,2.86
AIR104518,2025-09-15,Delhi,Delhi City 3,4G,97.61,43.23,0.53,44.9,53,0,3.51
AIR104519,2025-10-15,Telangana,Telangana City 1,4G,98.6,41.15,1.11,42.1,108,0,3.46
AIR104520,2025-11-15,West Bengal,West Bengal City 3,4G,98.66,43.62,0.98,49.3,133,0,3.17
AIR104521,2025-12-15,Rajasthan,Rajasthan City 1,5G,99.06,149.73,0.39,14.8,45,0,3.62
AIR104522,2025-02-15,Gujarat,Gujarat City 1,4G,98.41,50.11,1.2,48.5,59,0,3.01
AIR104523,2025-03-15,Gujarat,Gujarat City 2,5G,99.76,176.19,1.17,12.9,92,1,3.59
AIR104524,2025-04-15,West Bengal,West Bengal City 1,4G,96.7,45.05,0.48,42.8,29,0,3.46
AIR104525,2025-05-15,Kerala,Kerala City 3,5G,98.68,148.42,0.44,25.2,9,1,4.19
AIR104526,2025-06-15,Maharashtra,Maharashtra City 1,5G,99.6,198.6,0.74,12.1,55,0,3.96
AIR104527,2025-07-15,Maharashtra,Maharashtra City 1,5G,99.08,119.36,0.42,11.2,63,0,4.19
AIR104528,2025-08-15,Gujarat,Gujarat City 2,5G,99.12,165.01,0.66,10.2,97,0,4.35
AIR104529,2025-09-15,Karnataka,Karnataka City 3,5G,98.32,109.94,0.79,12.1,55,1,3.85
AIR104530,2025-10-15,Gujarat,Gujarat City 3,4G,98.86,34.48,1.06,34.1,88,0,3.35
AIR104531,2025-11-15,Gujarat,Gujarat City 3,4G,98.57,53.55,0.47,33.2,5,0,3.81
AIR104532,2025-12-15,West Bengal,West Bengal City 1,4G,99.33,63.9,1.19,21.1,5,0,3.93
AIR104533,2025-02-15,Telangana,Telangana City 3,5G,99.01,99.2,0.68,32.7,126,1,3.53
AIR104534,2025-03-15,West Bengal,West Bengal City 3,5G,99.56,154.34,0.41,25.9,86,0,3.93
AIR104535,2025-04-15,Rajasthan,Rajasthan City 1,4G,97.84,30.64,1.35,32,69,0,3.56
AIR104536,2025-05-15,Gujarat,Gujarat City 2,4G,99,37.61,1.37,30.8,83,0,3.58
AIR104537,2025-06-15,Maharashtra,Maharashtra City 2,5G,99.19,114.57,0.63,18,95,0,4.05
AIR104538,2025-07-15,Uttar Pradesh,Uttar Pradesh City 1,5G,98.94,198.76,0.64,8.7,60,0,4.35
AIR104539,2025-08-15,Maharashtra,Maharashtra City 2,4G,98.87,33.54,0.96,42.7,98,1,3.97
AIR104540,2025-09-15,Tamil Nadu,Tamil Nadu City 2,4G,98.45,58.12,1.13,26.4,132,0,3.49
AIR104541,2025-10-15,Kerala,Kerala City 2,4G,98.32,34.83,0.36,39.2,56,1,4.03
AIR104542,2025-11-15,Delhi,Delhi City 3,4G,98.07,56.27,1.39,45.9,134,0,2.82
AIR104543,2025-12-15,Rajasthan,Rajasthan City 2,4G,99.03,32.18,1.57,40.2,78,0,3.72
AIR104544,2025-02-15,Rajasthan,Rajasthan City 3,4G,98.46,53.19,0.32,34.1,43,0,3.78
AIR104545,2025-03-15,Kerala,Kerala City 2,5G,98.58,143.83,0.8,17.9,97,1,3.47
AIR104546,2025-04-15,Uttar Pradesh,Uttar Pradesh City 3,4G,98.51,70.7,1.23,45.1,30,0,3.39
AIR104547,2025-05-15,Delhi,Delhi City 1,4G,98.93,48.68,1.01,46.6,57,0,3.39
AIR104548,2025-06-15,Telangana,Telangana City 1,5G,99.43,118.89,0.73,32.5,57,0,3.98
AIR104549,2025-07-15,Gujarat,Gujarat City 2,5G,98.88,152.4,0.47,15,69,1,4.53
AIR104550,2025-08-15,Delhi,Delhi City 3,5G,98.34,147.2,0.72,25.3,46,1,3.3
AIR104551,2025-09-15,Uttar Pradesh,Uttar Pradesh City 1,4G,99.32,42.11,0.69,24.8,91,0,3.77
AIR104552,2025-10-15,Karnataka,Karnataka City 1,5G,98.75,211,0.66,20.9,54,0,4.16
AIR104553,2025-11-15,Tamil Nadu,Tamil Nadu City 1,4G,97.95,30.41,1.09,41.2,153,0,3.64
AIR104554,2025-12-15,Delhi,Delhi City 1,5G,98.56,141.26,0.95,13.6,120,0,3.48
AIR104555,2025-02-15,Delhi,Delhi City 2,4G,98.36,26.34,1.08,16.9,42,0,3.39
AIR104556,2025-03-15,Tamil Nadu,Tamil Nadu City 3,4G,97.67,41.76,1.55,32.9,36,0,3.09
AIR104557,2025-04-15,Gujarat,Gujarat City 1,4G,98.24,69.38,1.17,40.3,27,0,3.19
AIR104558,2025-05-15,Delhi,Delhi City 2,4G,98.24,47.82,1.27,39.7,38,0,3.96
AIR104559,2025-06-15,Tamil Nadu,Tamil Nadu City 1,5G,98.91,103.25,0.94,11.9,130,1,3.72
AIR104560,2025-07-15,Tamil Nadu,Tamil Nadu City 1,4G,97.44,40.85,0.9,31,62,0,3.86
AIR104561,2025-08-15,Tamil Nadu,Tamil Nadu City 1,4G,98.27,39.48,0.76,50.7,53,0,3.68
AIR104562,2025-09-15,West Bengal,West Bengal City 1,4G,98.65,65.94,0.96,24.2,86,0,3.94
AIR104563,2025-10-15,Uttar Pradesh,Uttar Pradesh City 2,4G,99.06,31.89,1.04,34.5,94,0,3.66
AIR104564,2025-11-15,West Bengal,West Bengal City 3,5G,98.15,216.2,0.85,25.2,88,0,3.45
AIR104565,2025-12-15,Karnataka,Karnataka City 2,5G,99.13,153.92,0.44,11.9,111,0,3.83
AIR104566,2025-02-15,Telangana,Telangana City 2,5G,98.15,153.97,0.65,10,83,0,4.38
AIR104567,2025-03-15,West Bengal,West Bengal City 2,4G,97.02,23.35,1.19,5,26,0,3.8
AIR104568,2025-04-15,West Bengal,West Bengal City 1,4G,98.37,32.95,0.89,44.4,154,1,3.44
AIR104569,2025-05-15,Uttar Pradesh,Uttar Pradesh City 3,4G,96.89,47.67,0.92,36.5,130,0,3.37
AIR104570,2025-06-15,Telangana,Telangana City 1,4G,97.7,59.28,1.53,21.7,132,0,3.7
AIR104571,2025-07-15,Kerala,Kerala City 2,4G,98.6,57.18,0.61,36.7,82,0,4.58
AIR104572,2025-08-15,Tamil Nadu,Tamil Nadu City 1,5G,98.72,137.86,0.45,25.5,66,0,3.62
AIR104573,2025-09-15,Rajasthan,Rajasthan City 3,4G,98.42,48.01,0.3,36.5,88,0,3.85
AIR104574,2025-10-15,Telangana,Telangana City 3,4G,98.5,46.41,1.36,27.6,109,1,3.18
AIR104575,2025-11-15,Karnataka,Karnataka City 1,4G,98.74,60.5,1.12,42.7,67,0,3.75
AIR104576,2025-12-15,Gujarat,Gujarat City 2,4G,96.93,60.85,0.86,40.5,154,0,3.78
AIR104577,2025-02-15,Karnataka,Karnataka City 1,5G,99.35,180.27,0.96,26.4,104,0,3.51
AIR104578,2025-03-15,Tamil Nadu,Tamil Nadu City 2,4G,98.2,41.02,0.35,42.2,84,0,3.8
AIR104579,2025-04-15,Telangana,Telangana City 3,4G,97.56,28.57,0.71,40,77,1,3.27
AIR104580,2025-05-15,Karnataka,Karnataka City 1,4G,97.43,47.84,1.02,31,93,1,3.35
AIR104581,2025-06-15,Karnataka,Karnataka City 3,5G,99.09,81.04,1.01,21.2,108,0,4.05
AIR104582,2025-07-15,Kerala,Kerala City 2,5G,99.29,150.24,0.29,13.9,53,0,4.51
AIR104583,2025-08-15,Kerala,Kerala City 2,5G,99.78,159.72,0.56,21.9,87,1,3.83
AIR104584,2025-09-15,Telangana,Telangana City 1,4G,98.1,32.74,0.62,48,85,1,3.58
AIR104585,2025-10-15,Tamil Nadu,Tamil Nadu City 1,4G,99.04,42.62,0.99,21,71,1,4.18
AIR104586,2025-11-15,West Bengal,West Bengal City 1,4G,97.33,58.3,1.44,41.4,106,1,2.93
AIR104587,2025-12-15,Maharashtra,Maharashtra City 3,5G,98.75,187.12,0.4,16.9,59,1,3.48
AIR104588,2025-02-15,Delhi,Delhi City 2,5G,99.23,93.54,0.59,11.6,91,1,3.93
AIR104589,2025-03-15,Rajasthan,Rajasthan City 2,5G,99.18,133.54,0.94,25,45,0,4.42
AIR104590,2025-04-15,Delhi,Delhi City 3,4G,97.56,56.38,1.23,31.6,37,0,3.59
AIR104591,2025-05-15,Uttar Pradesh,Uttar Pradesh City 1,5G,99.54,155.08,0.79,11.1,129,0,3.89
AIR104592,2025-06-15,Kerala,Kerala City 1,4G,97.75,53.12,0.91,25.2,37,0,3.63
AIR104593,2025-07-15,Telangana,Telangana City 3,5G,99.04,188.4,0.71,5,106,1,4.5
AIR104594,2025-08-15,Delhi,Delhi City 2,4G,98.16,30.97,1.05,40.9,67,1,4.11
AIR104595,2025-09-15,Tamil Nadu,Tamil Nadu City 2,4G,97.13,51.26,0.87,33.3,113,0,3.14
AIR104596,2025-10-15,Rajasthan,Rajasthan City 2,4G,98.44,63.25,1.03,36.3,87,1,2.98
AIR104597,2025-11-15,Delhi,Delhi City 2,4G,99.3,37.56,1.2,42.7,53,0,3.44
AIR104598,2025-12-15,Rajasthan,Rajasthan City 3,4G,98.08,44.82,1.55,37.9,70,1,3.48
AIR104599,2025-02-15,Gujarat,Gujarat City 2,5G,100,224.27,0.78,26.9,154,0,4.25
AIR104600,2025-03-15,Tamil Nadu,Tamil Nadu City 3,4G,97.73,63.89,1.28,33.4,76,0,3.07
AIR104601,2025-04-15,Maharashtra,Maharashtra City 1,4G,96.46,32.38,0.92,27.6,79,0,2.73
AIR104602,2025-05-15,Karnataka,Karnataka City 3,4G,96.26,55.43,1.29,29.3,55,1,2.63
AIR104603,2025-06-15,Rajasthan,Rajasthan City 2,4G,99.69,33.12,0.64,40.7,77,0,3.78
AIR104604,2025-07-15,Tamil Nadu,Tamil Nadu City 1,5G,98.51,193.29,0.48,19.4,99,0,3.98
AIR104605,2025-08-15,Rajasthan,Rajasthan City 3,4G,97.46,49.46,0.98,26.8,99,0,3.15
AIR104606,2025-09-15,Rajasthan,Rajasthan City 3,4G,97.49,43.87,1.17,42.2,80,0,2.34
AIR104607,2025-10-15,West Bengal,West Bengal City 3,5G,99.4,120.29,0.73,25,64,0,3.52
AIR104608,2025-11-15,West Bengal,West Bengal City 1,5G,99.1,156.71,0.75,25.3,68,0,3.61
AIR104609,2025-12-15,Tamil Nadu,Tamil Nadu City 3,4G,98.51,32.53,0.88,33.4,42,1,3.94
AIR104610,2025-02-15,West Bengal,West Bengal City 2,5G,99.37,171.53,0.95,22.6,138,0,3.96
AIR104611,2025-03-15,Uttar Pradesh,Uttar Pradesh City 1,4G,98.55,58.74,1.39,28,67,1,3.34
AIR104612,2025-04-15,Maharashtra,Maharashtra City 1,5G,99.11,161.03,0.8,15.5,28,1,3.48
AIR104613,2025-05-15,Telangana,Telangana City 3,4G,97.97,51.72,1.73,38.8,113,0,3.08
AIR104614,2025-06-15,Tamil Nadu,Tamil Nadu City 2,5G,99.28,179.79,0.57,24,89,0,4.05
AIR104615,2025-07-15,Tamil Nadu,Tamil Nadu City 1,4G,99.25,51.76,1.12,42.7,84,0,3.48
AIR104616,2025-08-15,Uttar Pradesh,Uttar Pradesh City 3,4G,97.97,56.5,1.16,43.5,57,1,3.51
AIR104617,2025-09-15,Kerala,Kerala City 2,4G,98.15,26.65,0.99,30.1,5,0,3.83
AIR104618,2025-10-15,Kerala,Kerala City 3,4G,98.47,56.88,0.84,35.8,5,1,3.64
AIR104619,2025-11-15,West Bengal,West Bengal City 3,5G,98.58,178.09,0.75,25.5,37,0,4.38
AIR104620,2025-12-15,Telangana,Telangana City 1,4G,98.81,53.73,1.21,52.3,87,1,3.67
AIR104621,2025-02-15,West Bengal,West Bengal City 1,4G,98.74,47.69,0.67,39.9,108,1,4.78
AIR104622,2025-03-15,Gujarat,Gujarat City 3,4G,98.79,55.12,1.28,19.7,68,0,3.25
AIR104623,2025-04-15,Gujarat,Gujarat City 1,4G,98.34,48.01,0.9,20.9,72,0,4.16
AIR104624,2025-05-15,Karnataka,Karnataka City 1,5G,99.79,185.15,0.93,25.5,78,0,3.73
AIR104625,2025-06-15,Gujarat,Gujarat City 2,4G,98.8,66.41,0.8,40.5,91,0,3.89
AIR104626,2025-07-15,Kerala,Kerala City 2,4G,98.09,49.14,0.95,36.9,77,0,3.47
AIR104627,2025-08-15,Maharashtra,Maharashtra City 3,5G,98.86,143.86,0.55,21.4,27,0,3.96
AIR104628,2025-09-15,Gujarat,Gujarat City 3,5G,99.24,65.78,0.59,16,101,0,3.53
AIR104629,2025-10-15,West Bengal,West Bengal City 3,4G,98.32,62.05,0.5,43.4,77,1,3.51
AIR104630,2025-11-15,Rajasthan,Rajasthan City 3,4G,98.53,46.3,0.57,21.2,48,1,3.49
AIR104631,2025-12-15,Tamil Nadu,Tamil Nadu City 2,5G,99.04,139.65,0.8,24.3,94,0,3.58
AIR104632,2025-02-15,Maharashtra,Maharashtra City 1,5G,99.04,124.61,0.75,16.4,83,0,4.37
AIR104633,2025-03-15,Maharashtra,Maharashtra City 2,5G,98.67,138.29,0.85,26.8,103,0,4.32
AIR104634,2025-04-15,West Bengal,West Bengal City 3,5G,99.13,129.52,0.63,19.6,111,0,4.52
AIR104635,2025-05-15,Tamil Nadu,Tamil Nadu City 3,5G,99,191.84,1.24,20.3,19,0,3.42
AIR104636,2025-06-15,Kerala,Kerala City 2,5G,99.1,144.13,0.91,13.6,79,0,3.86
AIR104637,2025-07-15,Maharashtra,Maharashtra City 2,5G,99.35,130.18,0.8,15.8,125,0,3.96
AIR104638,2025-08-15,Karnataka,Karnataka City 3,4G,98.09,49.58,1.19,50.4,88,0,3.02
AIR104639,2025-09-15,West Bengal,West Bengal City 1,4G,97.26,68.92,1.32,13.6,40,0,3.64
AIR104640,2025-10-15,Maharashtra,Maharashtra City 3,4G,98.49,37.02,1.07,40.5,50,0,3.82
AIR104641,2025-11-15,Telangana,Telangana City 2,4G,98.27,50.66,0.13,33.2,71,0,3.61
AIR104642,2025-12-15,Tamil Nadu,Tamil Nadu City 3,5G,99.11,110.1,0.98,14.3,42,0,3.3
AIR104643,2025-02-15,Gujarat,Gujarat City 3,5G,99.1,168.94,0.8,21.7,77,0,3.8
AIR104644,2025-03-15,Maharashtra,Maharashtra City 1,5G,99.14,147.73,0.92,20.2,115,1,3.74
AIR104645,2025-04-15,West Bengal,West Bengal City 3,5G,99.24,170.05,0.66,20.4,87,0,3.04
AIR104646,2025-05-15,Gujarat,Gujarat City 3,4G,98.15,39.73,0.66,38,59,1,4.65
AIR104647,2025-06-15,Karnataka,Karnataka City 3,5G,99.58,200.3,0.61,22.8,102,1,3.48
AIR104648,2025-07-15,Gujarat,Gujarat City 2,4G,97.61,43.84,0.94,25.9,14,0,3.9
AIR104649,2025-08-15,Telangana,Telangana City 2,4G,98.68,51.3,0.34,41.2,141,0,3.73
AIR104650,2025-09-15,Kerala,Kerala City 1,4G,97.38,40.53,0.93,36.3,16,0,3.49
AIR104651,2025-10-15,Maharashtra,Maharashtra City 3,5G,99.55,153.83,0.58,19.8,67,0,3.92
AIR104652,2025-11-15,Delhi,Delhi City 2,4G,97.97,45.52,0.59,29.8,170,0,2.88
AIR104653,2025-12-15,Delhi,Delhi City 1,5G,99.84,187.68,0.44,22,70,0,4.25
AIR104654,2025-02-15,Gujarat,Gujarat City 3,4G,98.04,34.91,0.76,47.4,71,0,3.81
AIR104655,2025-03-15,Uttar Pradesh,Uttar Pradesh City 1,4G,98.24,55.83,0.92,54.6,124,0,3.82
AIR104656,2025-04-15,Tamil Nadu,Tamil Nadu City 1,4G,98.85,47.3,0.95,33,80,0,3.78
AIR104657,2025-05-15,Delhi,Delhi City 1,4G,98.61,56.79,0.57,46.5,101,0,3.53
AIR104658,2025-06-15,Uttar Pradesh,Uttar Pradesh City 1,5G,98.27,140.12,1.03,10.6,51,0,3.93
AIR104659,2025-07-15,Delhi,Delhi City 1,4G,98.35,42.17,0.96,30.8,96,0,3.86
AIR104660,2025-08-15,Uttar Pradesh,Uttar Pradesh City 1,5G,100,131.46,1.01,33.7,85,0,4.32
AIR104661,2025-09-15,Tamil Nadu,Tamil Nadu City 1,5G,99.74,158.22,0.43,23.9,12,0,3.74
AIR104662,2025-10-15,Rajasthan,Rajasthan City 3,5G,99.71,144.93,1.03,39.3,52,0,3.77
AIR104663,2025-11-15,Delhi,Delhi City 3,4G,98.35,28.37,1.11,52.7,72,0,2.66
AIR104664,2025-12-15,Telangana,Telangana City 1,5G,99.6,160.96,0.89,18.8,71,0,3.41
AIR104665,2025-02-15,Maharashtra,Maharashtra City 3,4G,96.47,40.16,1.08,45.9,71,1,2.68
AIR104666,2025-03-15,Uttar Pradesh,Uttar Pradesh City 1,4G,98.17,46.68,1.2,37.6,105,0,2.8
AIR104667,2025-04-15,Maharashtra,Maharashtra City 3,4G,97.41,41.38,0.7,43.4,69,1,3.54
AIR104668,2025-05-15,West Bengal,West Bengal City 2,5G,99.71,163.83,0.96,15.8,74,1,3.83
AIR104669,2025-06-15,West Bengal,West Bengal City 1,4G,98.74,60.08,0.46,46.9,20,0,3.55
AIR104670,2025-07-15,Tamil Nadu,Tamil Nadu City 2,4G,98.67,61.87,1.17,17.5,12,0,3.96
AIR104671,2025-08-15,Uttar Pradesh,Uttar Pradesh City 1,4G,97.13,41.41,1.08,42.8,24,0,3.78
AIR104672,2025-09-15,Karnataka,Karnataka City 1,4G,98.9,57.98,0.67,40.8,66,0,3.63
AIR104673,2025-10-15,West Bengal,West Bengal City 2,4G,97.7,17.08,1.48,48.4,101,0,3.27
AIR104674,2025-11-15,Tamil Nadu,Tamil Nadu City 2,5G,97.82,181.08,1.18,14.7,28,0,3.48
AIR104675,2025-12-15,West Bengal,West Bengal City 2,4G,98.89,29.33,1.38,23.3,72,1,4.04
AIR104676,2025-02-15,West Bengal,West Bengal City 1,5G,99.01,158.58,0.76,9.6,165,0,3.49
AIR104677,2025-03-15,Karnataka,Karnataka City 2,5G,98.96,202.99,0.73,28.2,69,0,3.53
AIR104678,2025-04-15,Delhi,Delhi City 2,5G,99.77,137.47,0.42,31.7,40,0,4.22
AIR104679,2025-05-15,Gujarat,Gujarat City 3,4G,97.01,41.29,1.7,25.9,86,1,3.37
AIR104680,2025-06-15,Rajasthan,Rajasthan City 3,4G,98.63,33.57,0.82,33.1,14,0,3.14
AIR104681,2025-07-15,West Bengal,West Bengal City 2,4G,97.35,45.81,0.64,50.3,83,0,3.82
AIR104682,2025-08-15,West Bengal,West Bengal City 2,4G,99.13,43.21,0.77,44.9,60,0,3.91
AIR104683,2025-09-15,Telangana,Telangana City 2,5G,99.93,130.44,0.73,22.6,70,1,3.72
AIR104684,2025-10-15,Rajasthan,Rajasthan City 2,4G,98.14,47.84,1.21,28.3,125,0,3.76
AIR104685,2025-11-15,Karnataka,Karnataka City 3,5G,99.06,131.73,0.4,22.4,13,0,3.57
AIR104686,2025-12-15,Maharashtra,Maharashtra City 1,5G,99.5,110.99,0.62,16.2,72,0,3.82
AIR104687,2025-02-15,Uttar Pradesh,Uttar Pradesh City 2,4G,98.11,31.34,0.82,40.4,74,1,4.21
AIR104688,2025-03-15,West Bengal,West Bengal City 2,4G,98.62,45.31,0.9,49.8,68,0,3.89
AIR104689,2025-04-15,Gujarat,Gujarat City 3,4G,98.18,44.41,1.32,46.5,71,0,3.7
AIR104690,2025-05-15,Uttar Pradesh,Uttar Pradesh City 2,4G,99.62,47.03,1.03,25.1,82,0,3.94
AIR104691,2025-06-15,Rajasthan,Rajasthan City 2,4G,99.38,49.12,0.7,40.3,109,0,3.8
AIR104692,2025-07-15,Uttar Pradesh,Uttar Pradesh City 3,5G,99.77,171.31,0.58,14.7,120,1,4.27
AIR104693,2025-08-15,Delhi,Delhi City 2,4G,98.71,35.67,0.46,36.4,105,1,3.78
AIR104694,2025-09-15,West Bengal,West Bengal City 2,4G,99.06,48.41,0.92,42.7,88,0,3.95
AIR104695,2025-10-15,Uttar Pradesh,Uttar Pradesh City 3,4G,97.67,63.43,1.43,51.1,51,1,3.29
AIR104696,2025-11-15,Maharashtra,Maharashtra City 1,4G,98.07,45.36,0.74,41.7,85,0,3.06
AIR104697,2025-12-15,Maharashtra,Maharashtra City 2,5G,98.38,172.59,0.93,24,65,0,3.2
AIR104698,2025-02-15,West Bengal,West Bengal City 2,5G,99.37,116.87,0.63,18.4,157,0,3.43
AIR104699,2025-03-15,Kerala,Kerala City 1,5G,99.14,181.55,0.69,26.1,129,0,3.86
AIR104700,2025-04-15,Maharashtra,Maharashtra City 3,5G,99.61,175.28,0.74,24.1,106,0,3.52
AIR104701,2025-05-15,Uttar Pradesh,Uttar Pradesh City 1,4G,97.63,58.64,1.16,26.3,80,0,3.44
AIR104702,2025-06-15,Tamil Nadu,Tamil Nadu City 2,4G,99.08,55,1.16,21.9,80,0,3.82
AIR104703,2025-07-15,Maharashtra,Maharashtra City 1,4G,98.53,54.51,0.7,42.6,10,1,3.7
AIR104704,2025-08-15,Rajasthan,Rajasthan City 3,5G,99.36,133.06,0.39,15.7,115,0,3.83
AIR104705,2025-09-15,Kerala,Kerala City 2,5G,99.4,124.13,0.67,16.8,67,1,4.01
AIR104706,2025-10-15,Uttar Pradesh,Uttar Pradesh City 3,5G,99.01,145.9,0.58,25.9,92,0,3.63
AIR104707,2025-11-15,Karnataka,Karnataka City 3,4G,97.46,62.41,0.73,26.8,104,0,3.35
AIR104708,2025-12-15,Telangana,Telangana City 1,4G,97.8,51.36,0.73,45.8,52,0,3.42
AIR104709,2025-02-15,Karnataka,Karnataka City 1,5G,98.97,123.46,0.96,18,48,0,3.76
AIR104710,2025-03-15,Delhi,Delhi City 3,4G,99.15,36.44,1.23,53.8,91,1,3.17
AIR104711,2025-04-15,Telangana,Telangana City 3,5G,99.75,217.82,0.41,22.7,63,0,3.92
AIR104712,2025-05-15,Delhi,Delhi City 2,4G,97.35,71.64,0.96,51,54,0,3.19
AIR104713,2025-06-15,Telangana,Telangana City 3,4G,97.86,45.43,1.22,28.8,100,0,3.71
AIR104714,2025-07-15,Telangana,Telangana City 3,5G,99.61,141.07,0.67,21.8,59,0,3.69
AIR104715,2025-08-15,Tamil Nadu,Tamil Nadu City 1,4G,96.94,31.31,0.84,19.4,123,0,3.94
AIR104716,2025-09-15,Gujarat,Gujarat City 3,5G,99.01,148.49,0.57,23,50,0,4.16
AIR104717,2025-10-15,Rajasthan,Rajasthan City 3,5G,99.57,168.94,0.55,15.3,87,0,3.65
AIR104718,2025-11-15,Karnataka,Karnataka City 1,4G,97.79,41.2,1.54,43.6,5,1,3.26
AIR104719,2025-12-15,Maharashtra,Maharashtra City 2,5G,99.68,93.59,0.92,13.4,5,0,4.01
AIR104720,2025-02-15,Uttar Pradesh,Uttar Pradesh City 1,4G,98.5,34.35,0.64,50.8,61,0,3.52
AIR104721,2025-03-15,Kerala,Kerala City 1,4G,98.76,59.69,0.93,36.4,66,0,3.65
AIR104722,2025-04-15,Rajasthan,Rajasthan City 3,5G,100,142.43,0.57,23.3,51,1,4.68
AIR104723,2025-05-15,Delhi,Delhi City 3,4G,98.65,30.24,0.91,42.5,86,0,3.59
AIR104724,2025-06-15,Tamil Nadu,Tamil Nadu City 2,4G,97.64,40.93,1.1,48.6,7,0,3.09
AIR104725,2025-07-15,Delhi,Delhi City 3,5G,99.03,82.09,0.94,10.3,78,0,4.14
AIR104726,2025-08-15,Gujarat,Gujarat City 2,4G,98.52,46.71,1.71,45.5,12,1,3.44
AIR104727,2025-09-15,Kerala,Kerala City 2,5G,99.06,121.44,0.68,21.7,140,0,3.4
AIR104728,2025-10-15,Tamil Nadu,Tamil Nadu City 2,5G,98.27,109.84,0.95,21,62,1,3.69
AIR104729,2025-11-15,Delhi,Delhi City 2,4G,97.48,37.82,0.41,44.2,139,1,3.74
AIR104730,2025-12-15,Gujarat,Gujarat City 3,4G,99.56,44.24,0.89,22.4,65,0,4.27
AIR104731,2025-02-15,Uttar Pradesh,Uttar Pradesh City 1,4G,97.83,35.28,0.9,25.9,77,1,3.71
AIR104732,2025-03-15,Uttar Pradesh,Uttar Pradesh City 1,4G,97.06,48.57,1.64,41.8,63,0,2.85
AIR104733,2025-04-15,Delhi,Delhi City 3,5G,98.75,91.91,0.48,15.6,104,0,3.76
AIR104734,2025-05-15,Rajasthan,Rajasthan City 3,5G,99.21,224.27,0.6,17.9,99,0,3.87
AIR104735,2025-06-15,Kerala,Kerala City 2,4G,96.61,26.2,1.15,54.4,102,0,2.63
AIR104736,2025-07-15,West Bengal,West Bengal City 3,4G,97.8,33.01,1.87,20.1,92,0,2.6
AIR104737,2025-08-15,Rajasthan,Rajasthan City 1,5G,99.39,110.93,0.45,5,70,0,3.52
AIR104738,2025-09-15,Uttar Pradesh,Uttar Pradesh City 3,4G,97.74,47.25,0.84,34.3,167,0,3.74
AIR104739,2025-10-15,Kerala,Kerala City 3,5G,98.58,180.1,0.67,20.1,66,1,4.27
AIR104740,2025-11-15,Gujarat,Gujarat City 2,5G,98.97,166.53,0.99,18,41,0,3.53
AIR104741,2025-12-15,Tamil Nadu,Tamil Nadu City 2,4G,97.82,72.2,0.56,29.8,102,1,3.33
AIR104742,2025-02-15,Telangana,Telangana City 2,4G,99.02,54.71,1.64,33.4,87,0,2.99
AIR104743,2025-03-15,Delhi,Delhi City 2,5G,99.2,142.01,0.59,20.7,47,0,4
AIR104744,2025-04-15,Karnataka,Karnataka City 1,4G,100,43.25,1.16,33.1,114,0,3.52
AIR104745,2025-05-15,Kerala,Kerala City 3,4G,98.36,61.93,1.17,43.6,101,0,3.15
AIR104746,2025-06-15,Maharashtra,Maharashtra City 3,5G,99.09,96.96,0.41,13,26,1,4.06
AIR104747,2025-07-15,Gujarat,Gujarat City 2,5G,99.57,161.24,0.25,19.6,130,0,3.71
AIR104748,2025-08-15,West Bengal,West Bengal City 1,4G,97.55,51.43,1.5,27.8,144,0,2.95
AIR104749,2025-09-15,Telangana,Telangana City 1,4G,98.82,53.76,0.97,18.2,117,0,3.23
AIR104750,2025-10-15,Maharashtra,Maharashtra City 3,4G,97.76,55.81,0.89,43.4,100,0,4.33
AIR104751,2025-11-15,West Bengal,West Bengal City 2,4G,98.37,58.92,0.85,30.3,40,0,3.22
AIR104752,2025-12-15,Karnataka,Karnataka City 3,4G,96.69,13.85,1.67,30.6,72,1,2.71
AIR104753,2025-02-15,Uttar Pradesh,Uttar Pradesh City 3,4G,97.77,53.78,0.87,32.6,91,0,3.95
AIR104754,2025-03-15,Rajasthan,Rajasthan City 1,4G,99.29,44.22,0.96,47,113,0,3.21
AIR104755,2025-04-15,Delhi,Delhi City 1,4G,98.86,47.63,0.42,42.5,87,0,3.67
AIR104756,2025-05-15,Tamil Nadu,Tamil Nadu City 3,4G,97.96,33.88,1.21,39.1,106,0,3.03
AIR104757,2025-06-15,West Bengal,West Bengal City 2,4G,98.29,35.46,1.01,39.6,60,0,3.67
AIR104758,2025-07-15,Telangana,Telangana City 2,4G,98.8,42.26,1.22,36.7,34,1,3.93
AIR104759,2025-08-15,Kerala,Kerala City 3,4G,98.82,52.42,1.52,26.9,98,0,3.51
AIR104760,2025-09-15,Uttar Pradesh,Uttar Pradesh City 3,5G,99.78,142.19,0.63,21.5,9,0,3.78
AIR104761,2025-10-15,Kerala,Kerala City 2,4G,99.01,45.92,0.56,32.8,110,0,3.49
AIR104762,2025-11-15,Telangana,Telangana City 2,5G,99.34,87.4,0.95,26.6,68,0,3.71
AIR104763,2025-12-15,Kerala,Kerala City 2,5G,99.24,129.57,0.78,18.7,105,0,4.26
AIR104764,2025-02-15,West Bengal,West Bengal City 3,4G,97.43,46.44,1.68,38.3,99,0,2.6
AIR104765,2025-03-15,Gujarat,Gujarat City 1,5G,99.42,141.76,0.78,26.3,97,1,3.85
AIR104766,2025-04-15,Kerala,Kerala City 2,4G,96.65,41.05,0.61,15.8,50,0,3.47
AIR104767,2025-05-15,Rajasthan,Rajasthan City 2,4G,97.3,53.18,1.28,34.5,93,1,3.19
AIR104768,2025-06-15,Karnataka,Karnataka City 2,4G,97.42,52.78,1.06,20.2,83,0,3.61
AIR104769,2025-07-15,Tamil Nadu,Tamil Nadu City 3,4G,97.16,42.11,0.69,44.9,106,1,3.99
AIR104770,2025-08-15,West Bengal,West Bengal City 1,4G,96.88,35.91,0.05,26.3,85,1,3.82
AIR104771,2025-09-15,Maharashtra,Maharashtra City 1,4G,99.58,31.33,1.72,54.2,93,0,3.48
AIR104772,2025-10-15,Telangana,Telangana City 2,4G,98.94,43.25,1.2,35.9,5,0,3.75
AIR104773,2025-11-15,Uttar Pradesh,Uttar Pradesh City 3,5G,98.8,126.32,0.69,11.8,99,0,3.89
AIR104774,2025-12-15,West Bengal,West Bengal City 1,4G,98.34,36.03,0.57,47.7,59,0,3.87
AIR104775,2025-02-15,Gujarat,Gujarat City 3,4G,97.87,39.11,0.91,35.1,84,1,3.81
AIR104776,2025-03-15,Uttar Pradesh,Uttar Pradesh City 1,4G,97.85,43.41,1.22,27.4,28,0,3.61
AIR104777,2025-04-15,Rajasthan,Rajasthan City 2,4G,98.93,35.51,1.32,40.5,102,0,3.76
AIR104778,2025-05-15,Telangana,Telangana City 3,5G,100,147.17,0.93,23.2,137,0,3
AIR104779,2025-06-15,Uttar Pradesh,Uttar Pradesh City 2,4G,97.38,51.63,1.11,16.1,100,1,3.23
AIR104780,2025-07-15,Kerala,Kerala City 1,4G,99.11,54.81,0.6,34.4,42,0,3.53
AIR104781,2025-08-15,West Bengal,West Bengal City 1,5G,99.47,142.73,0.52,19.4,41,1,3.75
AIR104782,2025-09-15,Karnataka,Karnataka City 2,5G,100,203.77,0.83,15.6,68,0,4.54
AIR104783,2025-10-15,Telangana,Telangana City 1,4G,98.35,54.18,0.87,32.8,53,0,3.06
AIR104784,2025-11-15,Delhi,Delhi City 2,4G,98.26,48.86,1.56,24,110,0,2.66
AIR104785,2025-12-15,Rajasthan,Rajasthan City 2,4G,98.09,78.59,0.97,27.8,69,0,3.17
AIR104786,2025-02-15,Tamil Nadu,Tamil Nadu City 2,4G,98.62,54.08,0.57,50.3,88,0,3.12
AIR104787,2025-03-15,Telangana,Telangana City 1,4G,97.25,37.79,1.12,33.8,5,0,3.98
AIR104788,2025-04-15,Gujarat,Gujarat City 3,4G,98.63,45.67,0.75,38.1,36,0,3.59
AIR104789,2025-05-15,West Bengal,West Bengal City 2,5G,98.47,114.55,0.9,20.9,65,0,3.86
AIR104790,2025-06-15,Kerala,Kerala City 3,4G,97.71,57.8,0.83,32.8,86,0,3.25
AIR104791,2025-07-15,Tamil Nadu,Tamil Nadu City 1,4G,99.36,15.74,0.78,39.7,142,1,4.09
AIR104792,2025-08-15,Tamil Nadu,Tamil Nadu City 1,4G,97.33,34.79,1.15,29,41,0,3.49
AIR104793,2025-09-15,Rajasthan,Rajasthan City 3,4G,97.74,49.15,1.09,34.6,110,1,2.65
AIR104794,2025-10-15,Uttar Pradesh,Uttar Pradesh City 2,4G,97.79,17.27,1.15,23.8,119,0,3.26
AIR104795,2025-11-15,Gujarat,Gujarat City 1,4G,97.56,59.77,1.61,34.1,84,1,3.29
AIR104796,2025-12-15,Uttar Pradesh,Uttar Pradesh City 2,4G,98.01,46.66,1.31,55.1,91,0,2.79
AIR104797,2025-02-15,Kerala,Kerala City 2,4G,98.32,43.61,0.3,42.6,153,0,3.88
AIR104798,2025-03-15,Tamil Nadu,Tamil Nadu City 3,4G,99.33,28.13,1.48,38,70,0,3.5
AIR104799,2025-04-15,Gujarat,Gujarat City 1,4G,99.02,64.99,0.05,42.5,102,0,3.65
AIR104800,2025-05-15,Gujarat,Gujarat City 3,4G,98.67,29.7,0.76,26.6,36,1,3.57
AIR104801,2025-06-15,Maharashtra,Maharashtra City 1,4G,98.09,58.94,1.39,42.5,158,0,3.17
AIR104802,2025-07-15,West Bengal,West Bengal City 3,4G,97.64,72.18,1.32,34.2,39,0,2.93
AIR104803,2025-08-15,Tamil Nadu,Tamil Nadu City 1,4G,98.66,66.43,1.41,47.9,61,1,3.14
AIR104804,2025-09-15,Tamil Nadu,Tamil Nadu City 1,5G,99.53,188.5,0.58,33.6,67,1,3.82
AIR104805,2025-10-15,Gujarat,Gujarat City 1,5G,99.95,117.16,0.48,13.5,47,0,4.02
AIR104806,2025-11-15,Uttar Pradesh,Uttar Pradesh City 2,4G,97.89,56.52,1.08,47.3,118,0,3.11
AIR104807,2025-12-15,Tamil Nadu,Tamil Nadu City 2,5G,99.9,135.58,1.04,11.9,72,0,3.82
AIR104808,2025-02-15,Gujarat,Gujarat City 3,4G,98.38,49.11,0.87,55.5,43,1,3.23
AIR104809,2025-03-15,Tamil Nadu,Tamil Nadu City 3,5G,99.09,130.36,0.72,27,65,0,3.96
AIR104810,2025-04-15,Gujarat,Gujarat City 1,4G,99.09,55.81,1.1,25.2,46,0,3.48
AIR104811,2025-05-15,Maharashtra,Maharashtra City 1,4G,96.93,37.29,0.56,43.5,155,0,3.83
AIR104812,2025-06-15,West Bengal,West Bengal City 2,4G,97.67,62.09,0.72,56.3,5,0,3.73
AIR104813,2025-07-15,Gujarat,Gujarat City 2,4G,97.5,30.13,1.42,50.2,38,0,3.34
AIR104814,2025-08-15,Tamil Nadu,Tamil Nadu City 2,5G,98.5,161.84,0.76,12.6,120,0,3.89
AIR104815,2025-09-15,Kerala,Kerala City 3,4G,97.75,42.59,1.03,32.1,78,0,3.07
AIR104816,2025-10-15,West Bengal,West Bengal City 2,4G,97.74,38.12,1.24,41.3,72,0,3.58
AIR104817,2025-11-15,Maharashtra,Maharashtra City 3,4G,98.85,38.68,0.96,49.1,41,0,3.36
AIR104818,2025-12-15,Gujarat,Gujarat City 2,4G,98.38,46.39,1.39,31.1,100,1,3.79
AIR104819,2025-02-15,Kerala,Kerala City 2,4G,97.53,37.83,0.46,28.9,121,0,3.6
AIR104820,2025-03-15,Gujarat,Gujarat City 1,4G,98.62,36.29,1.09,56.8,50,1,3.5
AIR104821,2025-04-15,Uttar Pradesh,Uttar Pradesh City 3,4G,98.55,42.23,1.33,61.7,124,0,2.62
AIR104822,2025-05-15,Tamil Nadu,Tamil Nadu City 2,5G,99.2,96.95,0.69,20.7,110,0,3.94
AIR104823,2025-06-15,Telangana,Telangana City 1,4G,97.82,60.18,1.16,35.7,68,0,3.34
AIR104824,2025-07-15,Rajasthan,Rajasthan City 3,4G,98.69,37.85,0.94,35.3,87,0,3.17
AIR104825,2025-08-15,Karnataka,Karnataka City 3,4G,98.5,47.98,0.92,27.8,62,0,3.47
AIR104826,2025-09-15,Uttar Pradesh,Uttar Pradesh City 2,5G,99.9,164.07,0.66,20.3,48,0,4.47
AIR104827,2025-10-15,Kerala,Kerala City 3,4G,97.54,62.51,1.16,42.3,92,1,3.27
AIR104828,2025-11-15,Uttar Pradesh,Uttar Pradesh City 1,4G,98.51,69.97,1.31,31.9,39,0,3.52
AIR104829,2025-12-15,Delhi,Delhi City 1,5G,97.96,153.28,0.81,22.4,102,0,3.56
AIR104830,2025-02-15,Gujarat,Gujarat City 3,4G,98.04,22.97,1.05,46.6,65,0,3.35
AIR104831,2025-03-15,Gujarat,Gujarat City 1,4G,99.59,43.81,1.4,49.2,112,0,4.63
AIR104832,2025-04-15,Karnataka,Karnataka City 3,4G,98.9,31.15,1.27,20.7,51,0,3.89
AIR104833,2025-05-15,Karnataka,Karnataka City 1,5G,99.19,130.4,0.59,25.1,71,1,4.19
AIR104834,2025-06-15,Delhi,Delhi City 3,5G,99.69,101.91,0.63,25.8,71,1,4.21
AIR104835,2025-07-15,Tamil Nadu,Tamil Nadu City 3,5G,98.91,170.08,0.69,15.7,71,1,3.7
AIR104836,2025-08-15,Rajasthan,Rajasthan City 3,4G,98.19,40.85,0.8,39.1,118,0,3.01
AIR104837,2025-09-15,Telangana,Telangana City 1,4G,97.88,58.63,0.46,38.6,138,0,3.26
AIR104838,2025-10-15,Telangana,Telangana City 3,4G,99.28,42.78,1.18,31.7,54,0,3.56
AIR104839,2025-11-15,Maharashtra,Maharashtra City 3,5G,99.21,158.07,0.24,24.1,77,1,4.21
AIR104840,2025-12-15,Maharashtra,Maharashtra City 2,5G,99.04,203.69,0.93,22.2,26,1,3.82
AIR104841,2025-02-15,Tamil Nadu,Tamil Nadu City 2,4G,97.06,48.16,0.86,55.2,72,0,3.2
AIR104842,2025-03-15,Maharashtra,Maharashtra City 3,4G,97.8,46.59,0.98,47.5,116,0,4.01
AIR104843,2025-04-15,Maharashtra,Maharashtra City 2,4G,98.78,30.93,0.85,25.8,48,0,4.31
AIR104844,2025-05-15,Delhi,Delhi City 3,4G,98.15,46.54,0.93,54.6,102,1,3.24
AIR104845,2025-06-15,Delhi,Delhi City 2,4G,98.11,37.99,0.76,51.4,46,0,3.84
AIR104846,2025-07-15,Maharashtra,Maharashtra City 1,4G,97.33,46.06,1.02,23.5,85,0,2.94
AIR104847,2025-08-15,Uttar Pradesh,Uttar Pradesh City 1,4G,98.91,27.02,1.56,49.7,62,1,2.95
AIR104848,2025-09-15,West Bengal,West Bengal City 3,4G,97.91,42,1.41,20.9,82,0,3.44
AIR104849,2025-10-15,West Bengal,West Bengal City 3,5G,99.13,131.58,0.28,23.2,48,0,4.33
AIR104850,2025-11-15,Tamil Nadu,Tamil Nadu City 1,5G,99.93,182.25,0.35,23.7,84,0,3.61
AIR104851,2025-12-15,Telangana,Telangana City 1,5G,98.55,113.74,0.63,20.6,70,0,3.47
AIR104852,2025-02-15,Karnataka,Karnataka City 2,5G,99.65,133.15,0.58,24.6,100,0,4.66
AIR104853,2025-03-15,Tamil Nadu,Tamil Nadu City 3,4G,97.96,46.08,1.42,22.6,145,0,3.51
AIR104854,2025-04-15,Maharashtra,Maharashtra City 1,4G,98.67,44.91,1.5,17.6,62,0,3.36
AIR104855,2025-05-15,Delhi,Delhi City 1,5G,97.62,205.47,0.95,10.9,82,0,3.27
AIR104856,2025-06-15,Gujarat,Gujarat City 3,4G,99,38.4,0.81,30.1,103,0,3.6
AIR104857,2025-07-15,Uttar Pradesh,Uttar Pradesh City 2,5G,98.76,121.41,0.77,13.8,60,0,4.08
AIR104858,2025-08-15,Kerala,Kerala City 2,5G,98.89,172.84,0.46,28,68,1,3.95
AIR104859,2025-09-15,Delhi,Delhi City 2,5G,99.68,137.63,0.72,22.6,118,0,3.72
AIR104860,2025-10-15,West Bengal,West Bengal City 2,4G,98.26,47.45,0.38,35.4,107,1,3.76
AIR104861,2025-11-15,Delhi,Delhi City 1,4G,98.61,46.86,1.06,44.3,86,0,3.73
AIR104862,2025-12-15,Uttar Pradesh,Uttar Pradesh City 3,4G,98.36,39.57,0.9,37.3,109,1,3.78
AIR104863,2025-02-15,Karnataka,Karnataka City 3,5G,99.06,188.24,0.47,28.7,78,1,3.91
AIR104864,2025-03-15,Maharashtra,Maharashtra City 1,5G,99.9,139.09,0.73,19.2,38,0,4.47
AIR104865,2025-04-15,Gujarat,Gujarat City 1,4G,98.32,37.51,0.95,46.4,62,0,3.57
AIR104866,2025-05-15,West Bengal,West Bengal City 1,4G,98.22,50.42,0.35,52,108,1,3.71
AIR104867,2025-06-15,West Bengal,West Bengal City 3,5G,98.51,172.14,0.44,15.1,65,0,3.56
AIR104868,2025-07-15,Rajasthan,Rajasthan City 3,5G,99.47,236.74,0.88,24.1,93,1,3.86
AIR104869,2025-08-15,Telangana,Telangana City 3,4G,97.39,66.94,0.66,40.5,124,0,4.23
AIR104870,2025-09-15,Karnataka,Karnataka City 2,4G,97.96,30.5,0.74,38.2,80,1,3.18
AIR104871,2025-10-15,West Bengal,West Bengal City 1,5G,99.08,122.4,0.68,13.3,56,0,3.88
AIR104872,2025-11-15,Telangana,Telangana City 1,4G,97.43,35.5,0.92,23.8,88,0,3.69
AIR104873,2025-12-15,West Bengal,West Bengal City 1,5G,99.03,156.21,0.26,21.7,22,1,4.21
AIR104874,2025-02-15,Maharashtra,Maharashtra City 3,4G,97.74,35.25,1.29,53.5,77,0,2.59
AIR104875,2025-03-15,Telangana,Telangana City 1,4G,98.56,43.43,1.3,30,115,0,3.13
AIR104876,2025-04-15,Uttar Pradesh,Uttar Pradesh City 1,5G,98.82,154.23,0.4,11.5,62,1,4.31
AIR104877,2025-05-15,Rajasthan,Rajasthan City 2,4G,98.37,50.03,0.63,22.2,145,1,3.48
AIR104878,2025-06-15,Maharashtra,Maharashtra City 3,4G,97.91,45.67,1.36,39.8,56,0,3.48
AIR104879,2025-07-15,Uttar Pradesh,Uttar Pradesh City 1,4G,97.06,54.36,1.5,53.9,78,0,3.39
AIR104880,2025-08-15,Gujarat,Gujarat City 3,5G,98.54,177.66,0.78,25.3,66,1,3.15
AIR104881,2025-09-15,Karnataka,Karnataka City 3,4G,96.68,56.38,0.81,39.5,149,1,2.7
AIR104882,2025-10-15,Karnataka,Karnataka City 3,4G,99.06,22.96,1.08,27,43,0,3.75
AIR104883,2025-11-15,Kerala,Kerala City 2,5G,99.09,152.4,0.34,19.1,32,0,4.07
AIR104884,2025-12-15,Kerala,Kerala City 3,4G,97.58,50.1,1.81,51.7,92,0,3.02
AIR104885,2025-02-15,Telangana,Telangana City 3,4G,97.19,43.18,1.84,39.2,99,1,2.95
AIR104886,2025-03-15,Karnataka,Karnataka City 3,4G,98.07,24.48,0.71,41.6,102,0,3.59
AIR104887,2025-04-15,Telangana,Telangana City 1,5G,99.55,169.1,0.65,21,42,1,4
AIR104888,2025-05-15,Kerala,Kerala City 2,4G,99.07,34.86,1.21,47.8,105,0,3.15
AIR104889,2025-06-15,Gujarat,Gujarat City 1,4G,98.14,32.67,1.69,37.3,91,0,3.04
AIR104890,2025-07-15,West Bengal,West Bengal City 2,4G,97.63,45.16,1.6,52.3,5,0,3.01
AIR104891,2025-08-15,Uttar Pradesh,Uttar Pradesh City 2,5G,98.08,156.12,0.79,23.4,97,0,3.99
AIR104892,2025-09-15,Delhi,Delhi City 3,5G,99.28,110.32,0.97,20,31,0,3.41
AIR104893,2025-10-15,Telangana,Telangana City 3,4G,98.17,36.04,1.07,32.4,38,1,3.96
AIR104894,2025-11-15,Gujarat,Gujarat City 1,4G,97.87,32.62,0.72,39.9,102,0,3.31
AIR104895,2025-12-15,Uttar Pradesh,Uttar Pradesh City 2,5G,98.56,150.94,0.62,19.5,51,1,3.78
AIR104896,2025-02-15,Karnataka,Karnataka City 3,4G,98.7,43.75,0.59,55.6,47,0,3.92
AIR104897,2025-03-15,West Bengal,West Bengal City 3,5G,98.8,101.49,0.69,15.7,49,0,4.03
AIR104898,2025-04-15,Uttar Pradesh,Uttar Pradesh City 3,4G,96.98,51.52,1.43,57.2,82,0,2.98
AIR104899,2025-05-15,Rajasthan,Rajasthan City 3,5G,99.36,122.58,0.96,18.1,126,1,4.36
AIR104900,2025-06-15,Kerala,Kerala City 1,4G,98.94,50.4,1.04,45.6,83,1,3.31
AIR104901,2025-07-15,Uttar Pradesh,Uttar Pradesh City 1,5G,98.41,116.08,0.54,14.6,42,1,3.86
AIR104902,2025-08-15,Delhi,Delhi City 3,4G,97.99,21.55,1.39,44.4,119,1,3.05
AIR104903,2025-09-15,Gujarat,Gujarat City 3,4G,98.82,39.18,1.48,36.3,73,0,3.49
AIR104904,2025-10-15,West Bengal,West Bengal City 3,4G,97.88,71.49,0.6,46.5,5,0,4.05
AIR104905,2025-11-15,Maharashtra,Maharashtra City 3,4G,98.28,65.84,0.84,36.3,49,0,3.2
AIR104906,2025-12-15,Uttar Pradesh,Uttar Pradesh City 3,4G,98.46,54.53,1.24,44,108,0,3.13
AIR104907,2025-02-15,Tamil Nadu,Tamil Nadu City 2,4G,99.33,65.39,1.12,44.6,96,0,3.88
AIR104908,2025-03-15,Delhi,Delhi City 2,5G,98.84,188.47,0.61,20.1,92,0,3.98
AIR104909,2025-04-15,Delhi,Delhi City 2,4G,98.7,50.91,0.98,50.6,89,0,3.15
AIR104910,2025-05-15,Tamil Nadu,Tamil Nadu City 2,5G,99.74,169.61,0.71,24.7,20,0,4.06
AIR104911,2025-06-15,Rajasthan,Rajasthan City 3,4G,98.6,34.46,1.02,32.4,87,1,3.87
AIR104912,2025-07-15,Maharashtra,Maharashtra City 2,4G,99.41,33.32,1.28,39.3,129,1,3.51
AIR104913,2025-08-15,Kerala,Kerala City 2,4G,98.65,53.45,0.25,24.5,57,0,4.31
AIR104914,2025-09-15,Gujarat,Gujarat City 1,5G,99.68,120.04,0.39,25.2,78,0,3.09
AIR104915,2025-10-15,West Bengal,West Bengal City 2,5G,98.69,183.72,0.79,20.4,39,0,3.38
AIR104916,2025-11-15,Gujarat,Gujarat City 2,4G,97.95,55.38,0.92,39.8,154,0,3.4
AIR104917,2025-12-15,Maharashtra,Maharashtra City 3,5G,99.41,213.59,0.62,17,20,0,3.94
AIR104918,2025-02-15,Gujarat,Gujarat City 2,4G,98.04,56.82,1.13,22.1,109,0,3.65
AIR104919,2025-03-15,Tamil Nadu,Tamil Nadu City 2,4G,96.95,34.46,0.92,42.7,95,1,3.37
AIR104920,2025-04-15,Delhi,Delhi City 3,4G,99.28,46.61,0.88,44.3,85,0,3.77
AIR104921,2025-05-15,Gujarat,Gujarat City 2,4G,98.74,36.24,1.31,41.9,83,0,3.25
AIR104922,2025-06-15,Telangana,Telangana City 3,4G,96.63,44.68,1.24,45.3,86,0,3.12
AIR104923,2025-07-15,Uttar Pradesh,Uttar Pradesh City 2,5G,99.37,141.38,0.32,21.5,116,0,4.49
AIR104924,2025-08-15,Maharashtra,Maharashtra City 1,4G,98.05,31.36,0.51,37.7,49,0,4.12
AIR104925,2025-09-15,Rajasthan,Rajasthan City 1,5G,99.92,150.74,0.66,15,117,0,3.57
AIR104926,2025-10-15,Telangana,Telangana City 2,4G,97.72,16.13,1.37,42.6,24,0,3.38
AIR104927,2025-11-15,Tamil Nadu,Tamil Nadu City 1,4G,97.48,39.8,1.09,55.8,110,0,3.03
AIR104928,2025-12-15,Karnataka,Karnataka City 3,5G,98.95,77.41,0.95,21.5,55,0,3.55
AIR104929,2025-02-15,Tamil Nadu,Tamil Nadu City 2,5G,98.85,188.07,0.43,20.7,54,1,3.64
AIR104930,2025-03-15,Rajasthan,Rajasthan City 3,5G,99.27,160.49,0.68,18.5,36,1,2.92
AIR104931,2025-04-15,Rajasthan,Rajasthan City 1,4G,97.28,36.26,1.14,40.9,54,0,3.3
AIR104932,2025-05-15,Telangana,Telangana City 3,5G,99.03,167.45,0.62,18.4,88,1,3.44
AIR104933,2025-06-15,Uttar Pradesh,Uttar Pradesh City 1,5G,98.83,110.36,0.42,21.1,42,0,3.8
AIR104934,2025-07-15,Maharashtra,Maharashtra City 1,4G,97,42.58,0.99,46.1,97,1,2.92
AIR104935,2025-08-15,Kerala,Kerala City 1,4G,98.58,57.23,1.64,52,95,1,3.49
AIR104936,2025-09-15,Delhi,Delhi City 3,4G,97.9,32.05,1.1,22.3,128,0,2.77
AIR104937,2025-10-15,Telangana,Telangana City 1,4G,97.56,33.53,0.98,37.9,67,1,2.95
AIR104938,2025-11-15,Rajasthan,Rajasthan City 2,4G,98.34,29.35,0.92,59.6,62,1,3.53
AIR104939,2025-12-15,Karnataka,Karnataka City 1,5G,99.83,87.01,0.93,22.7,10,1,3.4
AIR104940,2025-02-15,West Bengal,West Bengal City 2,4G,97.91,34.72,1.06,33.2,72,0,3.46
AIR104941,2025-03-15,Rajasthan,Rajasthan City 2,5G,99.12,139.41,0.54,21,115,0,3.83
AIR104942,2025-04-15,Uttar Pradesh,Uttar Pradesh City 2,5G,99.52,219.69,0.05,21.1,57,1,4.61
AIR104943,2025-05-15,Uttar Pradesh,Uttar Pradesh City 2,4G,99.16,50.05,1.4,44.2,42,1,3.19
AIR104944,2025-06-15,Rajasthan,Rajasthan City 3,4G,98.14,36.93,0.48,41.7,58,1,3.65
AIR104945,2025-07-15,Uttar Pradesh,Uttar Pradesh City 2,4G,97.66,39.99,1.53,21.5,83,1,3.62
AIR104946,2025-08-15,Telangana,Telangana City 1,5G,98.99,93.86,0.26,21.4,89,0,3.38
AIR104947,2025-09-15,Rajasthan,Rajasthan City 2,5G,98.94,160.45,0.55,16,86,0,4.13
AIR104948,2025-10-15,Rajasthan,Rajasthan City 1,4G,97.09,45.72,1.18,30.1,43,0,3.48
AIR104949,2025-11-15,Maharashtra,Maharashtra City 3,5G,98.83,182.56,0.56,22.6,128,0,3.5
AIR104950,2025-12-15,Delhi,Delhi City 2,4G,97.66,39.14,1.27,40.7,87,0,3.75
AIR104951,2025-02-15,Karnataka,Karnataka City 1,5G,99.92,167.28,0.93,23.7,169,0,3.8
AIR104952,2025-03-15,Uttar Pradesh,Uttar Pradesh City 3,4G,96.65,34.02,1,45,5,0,2.73
AIR104953,2025-04-15,Maharashtra,Maharashtra City 3,4G,98.11,38.75,0.64,35.2,139,0,3.4
AIR104954,2025-05-15,Kerala,Kerala City 1,4G,99.09,39.56,0.61,37,129,0,3.81
AIR104955,2025-06-15,Kerala,Kerala City 2,4G,97.92,32.93,1.56,42.8,76,0,3.92
AIR104956,2025-07-15,Gujarat,Gujarat City 3,4G,98.09,40.83,0.45,16.7,34,0,3.34
AIR104957,2025-08-15,Telangana,Telangana City 1,5G,98.99,181.69,0.22,18,120,0,4.32
AIR104958,2025-09-15,Telangana,Telangana City 2,4G,98.05,28.51,0.89,32.3,41,0,3.49
AIR104959,2025-10-15,Tamil Nadu,Tamil Nadu City 3,4G,97.07,43.29,1.07,31.2,94,0,3.67
AIR104960,2025-11-15,Karnataka,Karnataka City 1,4G,97.22,43.95,0.95,52.3,57,0,3.07
AIR104961,2025-12-15,Rajasthan,Rajasthan City 3,5G,99.55,143.74,0.42,18.9,9,1,3.52
AIR104962,2025-02-15,Uttar Pradesh,Uttar Pradesh City 3,5G,99,155.34,0.71,26.6,73,0,3.8
AIR104963,2025-03-15,Karnataka,Karnataka City 1,5G,98.04,114.18,0.9,24.3,33,0,3.69
AIR104964,2025-04-15,Gujarat,Gujarat City 3,4G,97.55,50.74,0.79,40.5,45,0,3.67
AIR104965,2025-05-15,Tamil Nadu,Tamil Nadu City 1,4G,96.96,55.1,1.1,37,103,1,3.19
AIR104966,2025-06-15,Maharashtra,Maharashtra City 2,5G,99.08,109.5,0.53,14.7,97,1,4.2
AIR104967,2025-07-15,Karnataka,Karnataka City 1,4G,97.78,49.92,0.34,36.4,24,0,3.42
AIR104968,2025-08-15,Maharashtra,Maharashtra City 2,4G,97.06,32.55,0.87,33,88,0,3.38
AIR104969,2025-09-15,Kerala,Kerala City 3,4G,97.6,43.94,1.02,34.1,96,0,3.67
AIR104970,2025-10-15,Uttar Pradesh,Uttar Pradesh City 1,4G,97.44,61.41,0.58,39.6,68,0,3.79
AIR104971,2025-11-15,Gujarat,Gujarat City 1,5G,98.74,193.64,0.47,22.2,49,1,3.48
AIR104972,2025-12-15,Rajasthan,Rajasthan City 1,4G,98.02,43.15,1.01,35.6,26,0,3.69
AIR104973,2025-02-15,Uttar Pradesh,Uttar Pradesh City 1,4G,97.26,57.9,1.2,36.3,80,0,3.09
AIR104974,2025-03-15,Delhi,Delhi City 2,4G,99.34,44.27,1.03,33.3,84,1,3.77
AIR104975,2025-04-15,Telangana,Telangana City 2,5G,98.37,164.54,0.27,27.9,16,0,3.59
AIR104976,2025-05-15,Gujarat,Gujarat City 3,4G,97.49,44.95,0.85,43.3,136,0,3.13
AIR104977,2025-06-15,Karnataka,Karnataka City 3,4G,98.52,40.68,1.01,42.1,153,0,3.27
AIR104978,2025-07-15,Uttar Pradesh,Uttar Pradesh City 3,4G,96.97,48.44,1.01,21.6,62,0,3.81
AIR104979,2025-08-15,West Bengal,West Bengal City 3,4G,96.8,39.13,1.18,29.4,103,1,3.51
AIR104980,2025-09-15,Telangana,Telangana City 1,4G,97.28,37.6,1.49,57.2,53,0,2.87
AIR104981,2025-10-15,Telangana,Telangana City 2,4G,98.81,52.45,0.69,36.3,104,0,3.67
AIR104982,2025-11-15,West Bengal,West Bengal City 2,4G,99.39,34.48,1.35,31.3,109,0,3.76
AIR104983,2025-12-15,Tamil Nadu,Tamil Nadu City 2,4G,97.33,62.87,1.13,24.6,59,1,3.39
AIR104984,2025-02-15,Tamil Nadu,Tamil Nadu City 2,5G,100,179.81,0.68,21,24,0,3.97
AIR104985,2025-03-15,West Bengal,West Bengal City 3,4G,99.56,19.33,0.75,45.5,115,0,3.94
AIR104986,2025-04-15,Delhi,Delhi City 1,4G,98.8,40.34,1.21,34.4,34,0,3.89
AIR104987,2025-05-15,Kerala,Kerala City 2,5G,99.44,79.9,0.71,21.9,60,1,4.32
AIR104988,2025-06-15,West Bengal,West Bengal City 1,5G,99.95,139.27,0.54,25,125,0,3.94
AIR104989,2025-07-15,Kerala,Kerala City 1,4G,98.91,48.14,1.33,34.7,89,0,3.32
AIR104990,2025-08-15,Uttar Pradesh,Uttar Pradesh City 1,5G,99.38,131.51,0.92,11.4,48,0,3.31
AIR104991,2025-09-15,Delhi,Delhi City 1,4G,96.28,57.14,0.97,39.1,57,0,2.79
AIR104992,2025-10-15,Gujarat,Gujarat City 2,4G,97.54,43.85,0.99,25.8,64,1,2.89
AIR104993,2025-11-15,Kerala,Kerala City 2,4G,98.01,43.09,1.14,26.6,34,1,3.67
AIR104994,2025-12-15,Telangana,Telangana City 2,4G,97.25,49.94,1.23,34.3,50,0,3.75
AIR104995,2025-02-15,Uttar Pradesh,Uttar Pradesh City 3,5G,99.44,146.57,0.77,24.8,29,1,4.14
AIR104996,2025-03-15,Telangana,Telangana City 2,4G,99.57,43.31,1.09,44.2,57,0,3.53
AIR104997,2025-04-15,Delhi,Delhi City 3,4G,98.54,29.33,1.34,12.8,26,0,3.19
AIR104998,2025-05-15,Kerala,Kerala City 3,5G,98.74,99.4,0.61,21.3,64,0,3.78
AIR104999,2025-06-15,Maharashtra,Maharashtra City 3,4G,97.24,57.39,1.26,42.6,75,0,3.45
AIR105000,2025-07-15,Delhi,Delhi City 2,5G,99.5,176.6,1.43,17.6,13,1,3.23
AIR105001,2025-08-15,Delhi,Delhi City 2,5G,98.61,223.79,0.61,22,71,1,4.41
AIR105002,2025-09-15,Maharashtra,Maharashtra City 2,4G,98.55,36.2,1.29,50.7,70,0,3.02
AIR105003,2025-10-15,Uttar Pradesh,Uttar Pradesh City 3,5G,99.2,73.84,0.06,24,80,0,3.38
AIR105004,2025-11-15,Kerala,Kerala City 3,4G,98.15,48.05,1.32,49.3,66,0,3.47
AIR105005,2025-12-15,Kerala,Kerala City 1,4G,100,31.59,0.84,16.4,14,1,3.89
AIR105006,2025-02-15,Telangana,Telangana City 3,4G,97.85,45.86,1.6,42.8,100,0,3.29
AIR105007,2025-03-15,Delhi,Delhi City 3,4G,97.16,37.54,1.1,31.8,54,0,3.06
AIR105008,2025-04-15,Delhi,Delhi City 2,4G,98.33,39.79,1.46,33.4,41,0,3.52
AIR105009,2025-05-15,Rajasthan,Rajasthan City 1,4G,98.18,36.07,0.89,30.2,85,0,3.58
AIR105010,2025-06-15,Gujarat,Gujarat City 1,4G,98.48,34.71,1.5,41.7,45,0,3.32
AIR105011,2025-07-15,Delhi,Delhi City 1,4G,97.84,26.28,1.22,40.9,95,0,3.4
AIR105012,2025-08-15,Karnataka,Karnataka City 2,5G,99.26,127.53,0.94,10.3,48,0,4.4
AIR105013,2025-09-15,Gujarat,Gujarat City 1,5G,98.78,126.65,0.71,18.3,27,0,4.44
AIR105014,2025-10-15,Karnataka,Karnataka City 1,4G,98.96,43.38,0.86,45.5,48,0,3.87
AIR105015,2025-11-15,Kerala,Kerala City 2,4G,98.01,49.53,1.39,35.6,90,0,2.83
AIR105016,2025-12-15,Gujarat,Gujarat City 1,4G,98.48,48.29,1.24,58,45,0,3.89
AIR105017,2025-02-15,Delhi,Delhi City 3,4G,98.55,50.12,0.63,32.3,12,0,3.74
AIR105018,2025-03-15,Maharashtra,Maharashtra City 3,4G,98.15,32.89,0.89,30.5,14,0,3.1
AIR105019,2025-04-15,Telangana,Telangana City 3,5G,99.1,181.58,1.17,16.7,5,0,3.85
AIR105020,2025-05-15,Karnataka,Karnataka City 3,4G,96.33,40.01,1.36,29.3,124,1,3.1
AIR105021,2025-06-15,Gujarat,Gujarat City 3,4G,98.75,52.47,0.92,31.2,35,1,3.3
AIR105022,2025-07-15,Delhi,Delhi City 3,5G,98.63,133.6,1.28,24,5,0,3.86
AIR105023,2025-08-15,Gujarat,Gujarat City 3,5G,99.06,143.34,0.7,26.1,80,0,3.57
AIR105024,2025-09-15,Delhi,Delhi City 3,4G,97.09,48.3,1.09,39.9,78,1,2.67
AIR105025,2025-10-15,Delhi,Delhi City 3,4G,98.54,59,0.83,46,58,0,3.94
AIR105026,2025-11-15,Delhi,Delhi City 2,5G,99.85,179.21,1.11,24.9,121,0,4.05
AIR105027,2025-12-15,Rajasthan,Rajasthan City 2,4G,98.35,44.09,1.67,32.4,71,1,3.55
AIR105028,2025-02-15,Telangana,Telangana City 3,4G,97.72,26.68,0.17,37,71,1,3.51
AIR105029,2025-03-15,Maharashtra,Maharashtra City 2,4G,96.65,51.84,1.44,30.4,44,0,3.1
AIR105030,2025-04-15,Maharashtra,Maharashtra City 2,4G,98.76,57.98,0.45,28.6,109,0,4.15
AIR105031,2025-05-15,Gujarat,Gujarat City 3,5G,99.01,133.14,0.35,20.8,33,0,3.84
AIR105032,2025-06-15,Gujarat,Gujarat City 3,4G,98.6,43.6,1.22,30,18,1,3.44
AIR105033,2025-07-15,Delhi,Delhi City 2,4G,99.22,42.56,0.86,48.5,108,0,3.56
AIR105034,2025-08-15,Rajasthan,Rajasthan City 3,4G,98.82,43.07,1.34,32.8,130,0,3.17
AIR105035,2025-09-15,Delhi,Delhi City 3,4G,97.89,44.47,1.25,31.2,86,0,3.46
AIR105036,2025-10-15,Rajasthan,Rajasthan City 3,4G,99.83,56.88,0.49,38.7,84,0,3.39
AIR105037,2025-11-15,Delhi,Delhi City 3,5G,98.63,67.55,0.53,20.5,83,0,3.65
AIR105038,2025-12-15,Karnataka,Karnataka City 2,4G,97.4,51.32,0.64,34.2,18,1,3.91
AIR105039,2025-02-15,Karnataka,Karnataka City 1,4G,97.97,50.92,0.48,44.5,55,0,3.67
AIR105040,2025-03-15,Kerala,Kerala City 2,5G,99.86,110.41,0.79,9.4,115,1,4.07
AIR105041,2025-04-15,Delhi,Delhi City 1,4G,99.71,59.73,1.36,38.4,117,0,3.55
AIR105042,2025-05-15,Telangana,Telangana City 1,4G,98.96,29.76,1.16,24.8,19,1,3.9
AIR105043,2025-06-15,Kerala,Kerala City 1,5G,99.53,92.28,0.88,10.5,59,0,3.48
AIR105044,2025-07-15,Gujarat,Gujarat City 2,4G,97.89,35.73,1.33,43.1,91,1,4.14
AIR105045,2025-08-15,Uttar Pradesh,Uttar Pradesh City 2,4G,99.79,39.08,1.22,44.9,99,0,3.48
AIR105046,2025-09-15,Delhi,Delhi City 2,4G,99.18,50.98,0.89,40,79,0,3.38
AIR105047,2025-10-15,Karnataka,Karnataka City 2,5G,99.02,137.27,0.45,16.3,98,1,3.77
AIR105048,2025-11-15,Uttar Pradesh,Uttar Pradesh City 2,4G,98.28,38.37,1.48,39.7,87,0,3.64
AIR105049,2025-12-15,Rajasthan,Rajasthan City 1,4G,98.63,61.65,1.31,34.2,75,0,3.4
AIR105050,2025-02-15,Uttar Pradesh,Uttar Pradesh City 2,4G,97.58,42.07,1.32,24.3,70,0,3.01
AIR105051,2025-03-15,Telangana,Telangana City 1,4G,97.59,48.29,0.84,28.8,44,0,3.57
AIR105052,2025-04-15,Delhi,Delhi City 2,4G,99.82,42.85,1.37,39.7,100,0,2.94
AIR105053,2025-05-15,Maharashtra,Maharashtra City 2,4G,98.16,66.23,1.38,35.4,37,0,3.45
AIR105054,2025-06-15,Uttar Pradesh,Uttar Pradesh City 3,4G,97.94,49.96,1.2,65.6,95,1,2.61
AIR105055,2025-07-15,Maharashtra,Maharashtra City 1,4G,98.86,52.9,1.05,53.2,104,1,3.27
AIR105056,2025-08-15,Rajasthan,Rajasthan City 2,4G,97.36,39.27,0.2,41.2,40,1,3.45
AIR105057,2025-09-15,Kerala,Kerala City 2,4G,98.21,63.89,1.55,35.9,74,1,3.55
AIR105058,2025-10-15,Maharashtra,Maharashtra City 2,4G,99.25,52.88,1.7,21.7,44,1,3.22
AIR105059,2025-11-15,Kerala,Kerala City 3,4G,96.96,34.18,0.65,55.3,14,0,3.47
AIR105060,2025-12-15,Karnataka,Karnataka City 1,5G,99.78,172.72,1.01,11.7,82,0,3.81
AIR105061,2025-02-15,Delhi,Delhi City 2,5G,99.34,156.14,0.26,9.5,62,0,4.15
AIR105062,2025-03-15,Uttar Pradesh,Uttar Pradesh City 2,4G,97.59,62.51,1.37,40.7,116,1,3.14
AIR105063,2025-04-15,Karnataka,Karnataka City 2,4G,99.13,17.8,1.53,45.9,96,1,3.95
AIR105064,2025-05-15,Karnataka,Karnataka City 3,4G,99.19,42.03,1.61,32.9,76,0,3.7
AIR105065,2025-06-15,West Bengal,West Bengal City 2,4G,98.56,42.92,1.65,29.3,5,1,2.87
AIR105066,2025-07-15,Tamil Nadu,Tamil Nadu City 1,4G,98.13,43.74,1.12,44.3,58,0,3.94
AIR105067,2025-08-15,Telangana,Telangana City 1,4G,99.47,30.89,1.18,27.6,74,0,3.72
AIR105068,2025-09-15,Kerala,Kerala City 1,5G,99.61,75.66,0.05,13.6,53,0,4.33
AIR105069,2025-10-15,West Bengal,West Bengal City 1,4G,98.31,37.21,0.61,47.4,5,0,3.24
AIR105070,2025-11-15,Tamil Nadu,Tamil Nadu City 2,4G,98.39,60.5,1.72,26,29,1,2.81
AIR105071,2025-12-15,Telangana,Telangana City 3,5G,99.09,130.31,0.53,28.8,134,0,3.23
AIR105072,2025-02-15,Kerala,Kerala City 3,4G,98.04,23.37,1.15,37.2,83,0,3.23
AIR105073,2025-03-15,Delhi,Delhi City 3,4G,97.33,58.46,1.18,51.1,77,0,3.53
AIR105074,2025-04-15,Telangana,Telangana City 2,4G,99.12,32.09,0.05,24,104,0,4.3
AIR105075,2025-05-15,Uttar Pradesh,Uttar Pradesh City 3,4G,96.62,55.66,0.73,43.4,61,1,2.87
AIR105076,2025-06-15,Karnataka,Karnataka City 1,4G,98.25,27.13,1.5,32.4,66,1,3.6
AIR105077,2025-07-15,Tamil Nadu,Tamil Nadu City 2,4G,97.62,29.79,0.74,41.8,104,0,3.4
AIR105078,2025-08-15,Tamil Nadu,Tamil Nadu City 3,4G,98.07,23.95,0.82,30.6,84,0,3.6
AIR105079,2025-09-15,Tamil Nadu,Tamil Nadu City 1,4G,96.6,46.19,1.25,44.3,110,0,2.61
AIR105080,2025-10-15,Kerala,Kerala City 1,5G,99.47,181.16,0.75,24.2,69,0,3.8
AIR105081,2025-11-15,Uttar Pradesh,Uttar Pradesh City 2,5G,99.69,76.4,0.95,11.4,111,0,4.28
AIR105082,2025-12-15,Telangana,Telangana City 2,4G,98.67,33.83,0.74,39,164,0,3.55
AIR105083,2025-02-15,Karnataka,Karnataka City 3,4G,98.22,59.48,0.86,42.4,38,0,3.41
AIR105084,2025-03-15,Uttar Pradesh,Uttar Pradesh City 3,4G,98.04,62.78,1.1,44.6,36,1,3.55
AIR105085,2025-04-15,West Bengal,West Bengal City 3,4G,98.53,47.95,1.17,18.6,42,0,3.24
AIR105086,2025-05-15,Delhi,Delhi City 2,4G,97.25,37.95,1.05,39.8,5,0,3.31
AIR105087,2025-06-15,Maharashtra,Maharashtra City 3,5G,98.97,185.91,0.59,21.1,87,0,3.87
AIR105088,2025-07-15,Uttar Pradesh,Uttar Pradesh City 3,5G,99.2,147.95,0.8,12.6,75,0,4.09
AIR105089,2025-08-15,West Bengal,West Bengal City 1,5G,99.81,126.11,0.67,15.8,104,1,4.5
AIR105090,2025-09-15,Karnataka,Karnataka City 1,5G,99.05,140.35,0.26,16,159,1,4.05
AIR105091,2025-10-15,Maharashtra,Maharashtra City 1,5G,99.38,71.3,0.44,10.5,117,0,3.91
AIR105092,2025-11-15,Maharashtra,Maharashtra City 3,4G,98.35,31.98,2.09,38.7,34,0,2.87
AIR105093,2025-12-15,Uttar Pradesh,Uttar Pradesh City 2,5G,98.74,146.62,0.44,16.7,19,0,3.68
AIR105094,2025-02-15,Tamil Nadu,Tamil Nadu City 1,4G,98.7,47.26,1.09,42.4,64,0,3.36
AIR105095,2025-03-15,Gujarat,Gujarat City 2,4G,99.95,32.89,1.05,26.8,63,0,4
AIR105096,2025-04-15,Karnataka,Karnataka City 3,4G,99.01,56.09,0.83,30.8,137,0,4.36
AIR105097,2025-05-15,Tamil Nadu,Tamil Nadu City 3,5G,99.49,60.15,0.7,22.4,61,0,4.01
AIR105098,2025-06-15,Karnataka,Karnataka City 1,4G,97.75,42.24,0.93,38.7,74,0,3.88
AIR105099,2025-07-15,Gujarat,Gujarat City 2,4G,98.34,13.67,0.67,76.3,85,0,3.16
AIR105100,2025-08-15,Delhi,Delhi City 1,4G,98.65,44.67,1.2,34.5,98,0,3.43
AIR105101,2025-09-15,Gujarat,Gujarat City 3,4G,99.1,50.17,0.54,35.9,25,1,3.69
AIR105102,2025-10-15,Rajasthan,Rajasthan City 2,4G,99.56,53.66,1.01,23.2,96,0,3.64
AIR105103,2025-11-15,Uttar Pradesh,Uttar Pradesh City 1,5G,98.69,186.37,0.47,24.9,61,1,3.66
AIR105104,2025-12-15,Uttar Pradesh,Uttar Pradesh City 3,5G,98.51,110.62,1.1,18.8,36,1,3.75
AIR105105,2025-02-15,West Bengal,West Bengal City 1,5G,98.96,209.96,0.8,23.2,5,1,3.69
AIR105106,2025-03-15,Tamil Nadu,Tamil Nadu City 2,4G,98.09,37.29,0.81,41,17,1,3.49
AIR105107,2025-04-15,West Bengal,West Bengal City 2,4G,97.41,48.12,0.99,51.6,82,1,2.98
AIR105108,2025-05-15,Rajasthan,Rajasthan City 2,4G,97.72,65.81,1.37,38.2,152,0,3.31
AIR105109,2025-06-15,Gujarat,Gujarat City 2,4G,97.38,55.71,0.92,27.2,109,1,3.87
AIR105110,2025-07-15,Uttar Pradesh,Uttar Pradesh City 2,4G,98.34,49.45,1.39,47,112,0,3.33
AIR105111,2025-08-15,Kerala,Kerala City 1,5G,99.09,104.78,0.59,11.5,97,0,3.51
AIR105112,2025-09-15,Gujarat,Gujarat City 1,4G,98.27,45.42,0.45,47.6,158,0,4.36
AIR105113,2025-10-15,Gujarat,Gujarat City 1,5G,99.76,115.67,0.72,22,33,1,3.88
AIR105114,2025-11-15,Rajasthan,Rajasthan City 1,5G,99.13,185.04,0.28,28,37,1,4.11
AIR105115,2025-12-15,Delhi,Delhi City 3,4G,98.45,56.42,0.78,40.9,117,0,3.64
AIR105116,2025-02-15,Karnataka,Karnataka City 3,5G,98.51,189.33,1.22,16.6,62,0,3.37
AIR105117,2025-03-15,Rajasthan,Rajasthan City 1,5G,98.79,90.15,0.66,10.6,128,0,4.01
AIR105118,2025-04-15,Karnataka,Karnataka City 3,4G,96.77,65.6,0.64,55.3,69,0,2.92
AIR105119,2025-05-15,Uttar Pradesh,Uttar Pradesh City 3,4G,97.12,77.76,1.15,39.3,61,0,3.4
AIR105120,2025-06-15,Rajasthan,Rajasthan City 2,4G,97.97,26.18,1.55,36.4,92,0,2.93
AIR105121,2025-07-15,Karnataka,Karnataka City 1,4G,99.29,45.56,0.81,30.3,77,0,4.07
AIR105122,2025-08-15,West Bengal,West Bengal City 3,4G,98.03,35.6,0.79,32.6,38,1,4.01
AIR105123,2025-09-15,Rajasthan,Rajasthan City 3,4G,98.84,44.3,0.93,54.4,64,0,3.68
AIR105124,2025-10-15,Uttar Pradesh,Uttar Pradesh City 1,4G,97.13,67.73,1.08,27.4,63,1,3.32
AIR105125,2025-11-15,Rajasthan,Rajasthan City 2,4G,98.85,63.41,0.73,52,112,0,3.89
AIR105126,2025-12-15,Uttar Pradesh,Uttar Pradesh City 1,4G,98.28,48.97,1.46,61.3,66,0,3.6
AIR105127,2025-02-15,Rajasthan,Rajasthan City 2,4G,97.61,50.03,0.95,27.6,9,0,3.93
AIR105128,2025-03-15,Karnataka,Karnataka City 3,4G,99.25,37.78,1.04,39.4,51,1,3.38
AIR105129,2025-04-15,Delhi,Delhi City 2,4G,98.88,60.06,1.22,42.8,80,0,3.99
AIR105130,2025-05-15,Telangana,Telangana City 2,4G,98.3,38.33,0.56,31.6,69,0,4.02
AIR105131,2025-06-15,Karnataka,Karnataka City 1,5G,98.05,142.15,0.69,17.7,56,0,3.14
AIR105132,2025-07-15,Tamil Nadu,Tamil Nadu City 3,4G,96.97,37.46,0.3,24.4,124,1,3.55
AIR105133,2025-08-15,Maharashtra,Maharashtra City 1,4G,97.87,37.27,0.63,40.3,46,0,3.66
AIR105134,2025-09-15,Delhi,Delhi City 1,4G,97.07,57.61,0.22,31.5,64,1,4.04
AIR105135,2025-10-15,West Bengal,West Bengal City 3,4G,98.24,41.06,0.63,32.9,56,0,4.03
AIR105136,2025-11-15,Gujarat,Gujarat City 1,4G,98.49,48.1,0.59,49.7,127,1,3.06
AIR105137,2025-12-15,Karnataka,Karnataka City 1,4G,98.66,40.49,1.22,48.9,24,1,3.61
AIR105138,2025-02-15,Rajasthan,Rajasthan City 2,5G,99.42,232.8,0.32,18.1,83,0,3.69
AIR105139,2025-03-15,Karnataka,Karnataka City 1,5G,99.4,198.07,0.37,20.1,37,0,3.68
AIR105140,2025-04-15,Kerala,Kerala City 3,4G,97.07,47.73,0.45,46.6,96,0,3.72
AIR105141,2025-05-15,Delhi,Delhi City 1,5G,98.53,117.54,0.42,14.3,12,1,3.54
AIR105142,2025-06-15,Telangana,Telangana City 2,4G,99.2,62.35,0.74,26.6,110,0,3.96
AIR105143,2025-07-15,West Bengal,West Bengal City 1,5G,98.97,140.57,0.52,25.9,119,0,4.19
AIR105144,2025-08-15,Kerala,Kerala City 1,4G,97.75,76.68,1.21,35.9,67,0,3.2
AIR105145,2025-09-15,Uttar Pradesh,Uttar Pradesh City 1,4G,98.78,39.94,0.66,34.2,29,0,3.9
AIR105146,2025-10-15,Kerala,Kerala City 2,4G,97.81,36.97,1.37,28.1,79,0,3.8
AIR105147,2025-11-15,Karnataka,Karnataka City 3,4G,98.26,42.91,1.12,30.7,64,0,3.8
AIR105148,2025-12-15,West Bengal,West Bengal City 3,5G,99.59,139.75,1.05,18.5,64,1,3.4
AIR105149,2025-02-15,Karnataka,Karnataka City 2,4G,97.03,33.03,1.02,42.6,17,0,3.13
AIR105150,2025-03-15,Uttar Pradesh,Uttar Pradesh City 2,4G,99.02,58.26,1.15,40.2,51,0,3.65
AIR105151,2025-04-15,Gujarat,Gujarat City 1,4G,98.88,43.11,0.87,33.6,71,1,3.71
AIR105152,2025-05-15,West Bengal,West Bengal City 3,4G,96.77,17.14,1.25,41.6,76,0,3.11
AIR105153,2025-06-15,Gujarat,Gujarat City 2,4G,95.49,57.01,1.13,38.2,47,1,3.11
AIR105154,2025-07-15,Delhi,Delhi City 3,5G,99.06,168.86,0.83,23.1,62,1,4.87
AIR105155,2025-08-15,Delhi,Delhi City 1,5G,99.16,168.7,0.75,13.2,125,0,3.1
AIR105156,2025-09-15,Gujarat,Gujarat City 2,4G,99.67,54.03,1.15,28.1,68,1,3.55
AIR105157,2025-10-15,Delhi,Delhi City 3,4G,98.88,43.8,0.75,26.3,108,1,3.44
AIR105158,2025-11-15,West Bengal,West Bengal City 3,4G,99.12,35.33,0.78,35.7,42,0,4.21
AIR105159,2025-12-15,Rajasthan,Rajasthan City 1,5G,98.97,103.61,0.84,27.9,81,0,3.51
AIR105160,2025-02-15,Tamil Nadu,Tamil Nadu City 2,5G,99.15,127.77,0.37,10.1,100,1,3.65
AIR105161,2025-03-15,Delhi,Delhi City 3,4G,96.45,46.89,0.52,23.4,80,0,3.86
AIR105162,2025-04-15,Delhi,Delhi City 1,5G,99.62,151.46,1,7.9,23,1,3.8
AIR105163,2025-05-15,Karnataka,Karnataka City 3,4G,97.74,66.96,0.58,33,54,1,3.42
AIR105164,2025-06-15,Gujarat,Gujarat City 1,4G,97.32,26.78,1.12,49.2,68,0,3.39
AIR105165,2025-07-15,Maharashtra,Maharashtra City 3,5G,98.87,204.38,0.6,17.6,102,0,4.15
AIR105166,2025-08-15,Telangana,Telangana City 3,4G,98.88,40.32,0.92,27.6,25,0,3.67
AIR105167,2025-09-15,Kerala,Kerala City 1,4G,98.23,50.42,1.33,30.8,93,1,3.49
AIR105168,2025-10-15,Delhi,Delhi City 2,4G,98.32,45.76,1.32,42.9,83,0,3.64
AIR105169,2025-11-15,Kerala,Kerala City 1,4G,98.18,30.36,1.09,27.4,35,0,3.81
AIR105170,2025-12-15,West Bengal,West Bengal City 2,4G,99.29,40.06,1.42,49.5,107,0,3.67
AIR105171,2025-02-15,Maharashtra,Maharashtra City 3,5G,98.79,175.42,0.84,13.9,83,0,4.04
AIR105172,2025-03-15,Telangana,Telangana City 3,4G,98.2,41.77,1.53,20.9,29,1,3.36
AIR105173,2025-04-15,Gujarat,Gujarat City 1,5G,99.04,131.17,0.84,12,55,1,4.11
AIR105174,2025-05-15,Tamil Nadu,Tamil Nadu City 1,4G,98.38,40.88,0.66,50.1,83,0,2.71
AIR105175,2025-06-15,Telangana,Telangana City 2,4G,99.32,53.23,1,31.6,72,0,3.3
AIR105176,2025-07-15,Telangana,Telangana City 2,5G,98.66,171.49,0.3,25.4,51,0,3.31
AIR105177,2025-08-15,Tamil Nadu,Tamil Nadu City 2,4G,97.91,56.49,1.67,28.1,92,1,3.05
AIR105178,2025-09-15,Rajasthan,Rajasthan City 1,4G,97.68,43.86,1.54,53.3,98,1,3.55
AIR105179,2025-10-15,Gujarat,Gujarat City 3,4G,96.91,38.13,0.77,25.2,48,0,3.15
AIR105180,2025-11-15,Karnataka,Karnataka City 1,4G,97.69,49.57,1.29,29.9,125,1,3.03
AIR105181,2025-12-15,Kerala,Kerala City 3,4G,97.22,43.11,0.2,17.2,5,0,3.93
AIR105182,2025-02-15,Delhi,Delhi City 1,5G,99.19,156.98,0.05,16.1,31,0,4.13
AIR105183,2025-03-15,Telangana,Telangana City 1,5G,99.63,124.41,0.57,35.5,67,0,3.65
AIR105184,2025-04-15,West Bengal,West Bengal City 2,4G,98.27,52.29,0.52,49.5,36,1,3.34
AIR105185,2025-05-15,Tamil Nadu,Tamil Nadu City 3,5G,98.92,170.69,0.45,15.8,91,0,4.32
AIR105186,2025-06-15,Kerala,Kerala City 1,5G,99.27,169.07,0.71,22.4,89,0,3.56
AIR105187,2025-07-15,Maharashtra,Maharashtra City 1,5G,99.58,162.26,0.25,28.4,76,0,4.18
AIR105188,2025-08-15,Tamil Nadu,Tamil Nadu City 3,4G,99.14,49.78,1.59,53,88,0,3.59
AIR105189,2025-09-15,Maharashtra,Maharashtra City 1,4G,98.25,22.83,1.3,50.6,67,0,2.95
AIR105190,2025-10-15,Gujarat,Gujarat City 3,4G,98.95,44.13,1.36,49.1,111,0,3.01
AIR105191,2025-11-15,Telangana,Telangana City 2,4G,98.24,50.59,1.57,35.1,100,0,3.69
AIR105192,2025-12-15,West Bengal,West Bengal City 2,4G,97.52,56.52,1.49,55.9,60,0,3.36
AIR105193,2025-02-15,Delhi,Delhi City 3,4G,97.8,45.36,1.38,50.9,41,0,3.38
AIR105194,2025-03-15,Maharashtra,Maharashtra City 2,4G,98.65,22.23,0.41,42.9,80,0,4.02
AIR105195,2025-04-15,Kerala,Kerala City 3,4G,98.59,51.53,1.71,29.1,60,1,3.94
AIR105196,2025-05-15,Rajasthan,Rajasthan City 1,4G,98.39,49.57,1.02,37.2,112,0,3.28
AIR105197,2025-06-15,Gujarat,Gujarat City 1,4G,98.26,62.45,1.09,24.1,58,0,3.76
AIR105198,2025-07-15,Rajasthan,Rajasthan City 3,5G,99.61,120.64,0.81,19.9,63,0,4.17
AIR105199,2025-08-15,Gujarat,Gujarat City 1,4G,97.52,45.62,0.5,38.6,111,0,3.31
AIR105200,2025-09-15,Karnataka,Karnataka City 2,5G,98.1,113.18,0.38,27.9,91,1,3.89
AIR105201,2025-10-15,Kerala,Kerala City 1,5G,98.9,173.08,0.71,21.4,5,0,3.8
AIR105202,2025-11-15,Rajasthan,Rajasthan City 1,5G,98.35,110.47,0.82,18.3,120,0,4.07
AIR105203,2025-12-15,West Bengal,West Bengal City 3,5G,98.96,184.77,0.7,20.6,38,0,3.28
AIR105204,2025-02-15,Telangana,Telangana City 2,5G,99.6,136,0.15,27.4,86,0,4.48
AIR105205,2025-03-15,Tamil Nadu,Tamil Nadu City 1,4G,97.12,64.86,1.18,21.1,120,1,4.14
AIR105206,2025-04-15,Delhi,Delhi City 1,5G,99.63,71.88,1.11,19.7,90,0,4.3
AIR105207,2025-05-15,Telangana,Telangana City 3,5G,99.4,159.42,0.72,34.8,67,0,3.2
AIR105208,2025-06-15,Telangana,Telangana City 3,5G,98.94,163.65,0.47,15.3,124,0,3.79
AIR105209,2025-07-15,Gujarat,Gujarat City 2,4G,98.82,41.94,1.63,33.9,84,0,3.56
AIR105210,2025-08-15,West Bengal,West Bengal City 1,4G,97.58,48.72,0.25,35.1,96,1,3.85
AIR105211,2025-09-15,Gujarat,Gujarat City 3,4G,98.65,56.86,0.96,47.8,86,1,3.35
AIR105212,2025-10-15,Uttar Pradesh,Uttar Pradesh City 3,4G,97.13,31.02,0.84,32.1,132,0,3.16
AIR105213,2025-11-15,Maharashtra,Maharashtra City 3,5G,99.13,133.19,0.67,28.5,53,1,4.04
AIR105214,2025-12-15,Delhi,Delhi City 2,4G,98.81,64.6,1.55,39.9,82,0,3.57
AIR105215,2025-02-15,Maharashtra,Maharashtra City 3,4G,98.01,47.94,1.06,28.4,121,0,3.28
AIR105216,2025-03-15,Tamil Nadu,Tamil Nadu City 2,4G,97.45,44.03,1.02,27.8,78,0,3.39
AIR105217,2025-04-15,Uttar Pradesh,Uttar Pradesh City 2,4G,98.56,39.42,1.3,45.4,5,0,3.29
AIR105218,2025-05-15,Kerala,Kerala City 1,4G,96.17,54.52,1.02,60.5,45,0,2.95
AIR105219,2025-06-15,Tamil Nadu,Tamil Nadu City 1,4G,99.1,34.79,0.9,25.3,70,0,3.72
AIR105220,2025-07-15,Tamil Nadu,Tamil Nadu City 2,4G,97.3,56.17,1.39,45,25,1,2.68
AIR105221,2025-08-15,Karnataka,Karnataka City 1,4G,99.4,39.13,1.55,21.9,94,1,3.44
AIR105222,2025-09-15,Delhi,Delhi City 1,4G,98.78,34.61,0.85,27.1,128,1,3.98
AIR105223,2025-10-15,Gujarat,Gujarat City 3,5G,99.6,151.02,0.53,23.5,158,0,4.53
AIR105224,2025-11-15,West Bengal,West Bengal City 1,5G,99.48,146.98,0.78,15.7,129,1,4.52
AIR105225,2025-12-15,Maharashtra,Maharashtra City 2,5G,99.69,131.68,0.83,21.1,96,0,4.56
AIR105226,2025-02-15,Tamil Nadu,Tamil Nadu City 1,4G,97.57,33.87,1.19,43.3,40,0,3.17
AIR105227,2025-03-15,Maharashtra,Maharashtra City 3,4G,97.8,36.59,1,36.3,61,1,3.87
AIR105228,2025-04-15,Maharashtra,Maharashtra City 2,4G,98.48,20.9,0.79,41.6,90,0,3.11
AIR105229,2025-05-15,Kerala,Kerala City 1,5G,99.32,178.28,0.58,20.7,9,0,3.69
AIR105230,2025-06-15,Delhi,Delhi City 2,5G,98.83,185.45,1.03,18.1,67,0,3.39
AIR105231,2025-07-15,Delhi,Delhi City 1,4G,97.82,19.08,0.94,34.6,47,1,3.22
AIR105232,2025-08-15,Rajasthan,Rajasthan City 3,5G,98.74,120.82,0.84,19.9,21,0,3.38
AIR105233,2025-09-15,Telangana,Telangana City 1,4G,98.18,49.72,0.7,26.9,58,0,3.01
AIR105234,2025-10-15,Delhi,Delhi City 2,4G,98.77,39.91,0.96,37.4,63,0,3.29
AIR105235,2025-11-15,Maharashtra,Maharashtra City 2,5G,98.52,135.52,0.5,25.5,47,1,3.59
AIR105236,2025-12-15,Gujarat,Gujarat City 2,4G,98.55,36.14,1.03,55.9,62,0,3.23
AIR105237,2025-02-15,Maharashtra,Maharashtra City 1,4G,99.42,36.67,1.32,32.3,98,0,3.69
AIR105238,2025-03-15,Gujarat,Gujarat City 1,5G,98.67,127.71,0.72,19.8,63,1,3.79
AIR105239,2025-04-15,Rajasthan,Rajasthan City 1,4G,98.29,15.51,0.29,38.5,100,0,3.68
AIR105240,2025-05-15,Gujarat,Gujarat City 3,4G,98.79,39.49,1.13,47.4,91,0,3.14
AIR105241,2025-06-15,Delhi,Delhi City 3,5G,98.81,210.04,0.72,19.2,10,0,3.56
AIR105242,2025-07-15,Kerala,Kerala City 3,4G,98.2,42.02,1.13,35.6,120,1,3.5
AIR105243,2025-08-15,Gujarat,Gujarat City 2,4G,99.26,58.83,1.32,33.9,18,1,3.76
AIR105244,2025-09-15,Maharashtra,Maharashtra City 2,4G,98.34,46.25,0.96,42.9,47,1,2.84
AIR105245,2025-10-15,West Bengal,West Bengal City 2,4G,98.76,47.37,1.45,54.2,40,0,3.68
AIR105246,2025-11-15,Delhi,Delhi City 2,4G,99.2,49.28,1.38,35.8,11,0,3.2
AIR105247,2025-12-15,West Bengal,West Bengal City 2,4G,99.64,33.8,1.2,38.2,57,0,3.24
AIR105248,2025-02-15,Uttar Pradesh,Uttar Pradesh City 1,4G,96.77,50.85,1.41,27.5,93,0,2.4
AIR105249,2025-03-15,Uttar Pradesh,Uttar Pradesh City 2,4G,96.87,65.7,1.09,44.9,89,0,3.35
AIR105250,2025-04-15,Maharashtra,Maharashtra City 1,5G,99.92,153.71,0.68,19.5,113,0,4.58
AIR105251,2025-05-15,Uttar Pradesh,Uttar Pradesh City 3,5G,99.63,130.17,0.39,11.2,174,0,3.93
AIR105252,2025-06-15,Telangana,Telangana City 3,5G,99.53,185.11,0.84,7.5,73,1,3.43
AIR105253,2025-07-15,Rajasthan,Rajasthan City 3,4G,99.11,41.8,1.2,31.8,73,1,3.6
AIR105254,2025-08-15,Delhi,Delhi City 3,4G,97.77,43.88,1.05,40.4,78,0,3.62
AIR105255,2025-09-15,West Bengal,West Bengal City 3,5G,98.49,153.12,0.84,21.2,79,0,3.6
AIR105256,2025-10-15,Maharashtra,Maharashtra City 2,4G,97.55,30,1.64,28.4,96,1,3.33
AIR105257,2025-11-15,Telangana,Telangana City 2,4G,97.22,35.67,0.66,41.8,65,1,3.86
AIR105258,2025-12-15,Maharashtra,Maharashtra City 2,5G,99.93,127.09,0.8,16.1,34,0,4.19
AIR105259,2025-02-15,Telangana,Telangana City 3,4G,96.77,38.14,1.31,33.5,40,0,2.99
AIR105260,2025-03-15,Uttar Pradesh,Uttar Pradesh City 3,4G,98.83,27.99,1.54,43.4,71,0,3.52
AIR105261,2025-04-15,Uttar Pradesh,Uttar Pradesh City 1,5G,99.67,95.61,0.67,22.8,76,0,3.93
AIR105262,2025-05-15,Gujarat,Gujarat City 2,5G,98.96,154.45,0.37,15.6,94,0,4.35
AIR105263,2025-06-15,Karnataka,Karnataka City 3,4G,99.68,64.97,0.64,15.5,149,0,3.81
AIR105264,2025-07-15,Maharashtra,Maharashtra City 3,4G,98.52,40.69,0.86,44.6,5,0,3.32
AIR105265,2025-08-15,Gujarat,Gujarat City 3,4G,99.19,46.72,0.85,42.6,87,0,3.16
AIR105266,2025-09-15,Delhi,Delhi City 1,5G,99.44,151.15,0.7,18.6,44,0,3.94
AIR105267,2025-10-15,Gujarat,Gujarat City 3,4G,99.09,20.1,1.32,26.6,65,1,3.58
AIR105268,2025-11-15,Tamil Nadu,Tamil Nadu City 1,4G,98.66,31.5,0.42,38.2,110,0,4
AIR105269,2025-12-15,Uttar Pradesh,Uttar Pradesh City 1,5G,98.71,188.85,0.76,21,93,0,4.23
AIR105270,2025-02-15,Tamil Nadu,Tamil Nadu City 2,4G,98.2,52.87,1.07,54.1,49,0,2.83
AIR105271,2025-03-15,Maharashtra,Maharashtra City 3,5G,100,149.61,0.26,14.9,72,0,3.91
AIR105272,2025-04-15,West Bengal,West Bengal City 1,5G,99.57,191,0.84,23.5,51,0,4.53
AIR105273,2025-05-15,West Bengal,West Bengal City 3,4G,97.58,49.72,2.12,27.8,64,1,2.83
AIR105274,2025-06-15,Delhi,Delhi City 2,5G,98.42,155.3,0.92,28.8,116,0,3.26
AIR105275,2025-07-15,Gujarat,Gujarat City 2,4G,97.91,54.51,0.73,25.7,67,1,3.19
AIR105276,2025-08-15,West Bengal,West Bengal City 1,5G,99.5,116.54,0.37,23.8,31,0,3.63
AIR105277,2025-09-15,Telangana,Telangana City 2,5G,98.86,61.44,0.8,24.3,38,1,4.05
AIR105278,2025-10-15,Telangana,Telangana City 2,4G,98.34,52.15,0.62,24.8,52,0,3.17
AIR105279,2025-11-15,Delhi,Delhi City 2,5G,99.76,211.05,0.36,16.4,67,0,3.7
AIR105280,2025-12-15,Rajasthan,Rajasthan City 3,5G,98.41,107.56,0.67,13.7,104,0,3.3
AIR105281,2025-02-15,Uttar Pradesh,Uttar Pradesh City 3,4G,99.2,49.92,0.53,46.8,72,0,3.66
AIR105282,2025-03-15,Gujarat,Gujarat City 1,4G,98.91,60.14,0.92,49.6,12,0,3.35
AIR105283,2025-04-15,Maharashtra,Maharashtra City 1,4G,98.5,33.7,0.75,27.4,84,0,3.77
AIR105284,2025-05-15,Kerala,Kerala City 2,4G,97.79,47.35,1.49,38.1,105,0,3.28
AIR105285,2025-06-15,Kerala,Kerala City 2,5G,99.18,137.34,0.67,18.7,52,0,3.93
AIR105286,2025-07-15,Kerala,Kerala City 1,5G,99.35,149.11,0.42,10.1,85,0,4.14
AIR105287,2025-08-15,West Bengal,West Bengal City 2,4G,98.1,38.47,0.94,41.8,95,0,2.92
AIR105288,2025-09-15,Rajasthan,Rajasthan City 1,4G,97.52,56.39,1.42,23.5,58,0,3.16
AIR105289,2025-10-15,Rajasthan,Rajasthan City 3,4G,97.96,45.1,1.18,22.9,50,0,3.62
AIR105290,2025-11-15,Gujarat,Gujarat City 2,4G,97.23,37.14,0.89,35.6,76,0,3.35
AIR105291,2025-12-15,Gujarat,Gujarat City 2,4G,99.49,59.1,0.33,50.3,49,0,4.48
AIR105292,2025-02-15,Rajasthan,Rajasthan City 2,4G,98.99,41.27,1.15,41.9,40,0,2.93
AIR105293,2025-03-15,Delhi,Delhi City 3,4G,97.18,35.97,0.83,36.5,60,0,3.24
AIR105294,2025-04-15,Gujarat,Gujarat City 3,5G,99.6,137.95,0.43,33.5,65,0,4.07
AIR105295,2025-05-15,Delhi,Delhi City 2,4G,96.6,56.68,0.92,34.9,79,0,3.18
AIR105296,2025-06-15,Tamil Nadu,Tamil Nadu City 1,4G,97.95,48.89,1.23,11.2,119,0,3.3
AIR105297,2025-07-15,Telangana,Telangana City 3,4G,98.03,34.22,1.46,22.8,61,0,3.22
AIR105298,2025-08-15,Uttar Pradesh,Uttar Pradesh City 2,5G,99.93,196.13,1.02,21.6,29,0,4.02
AIR105299,2025-09-15,Gujarat,Gujarat City 2,5G,99,170.25,0.58,11.6,56,1,3.93
AIR105300,2025-10-15,Rajasthan,Rajasthan City 3,5G,99.34,117.32,0.64,15.2,98,0,4.26
AIR105301,2025-11-15,Telangana,Telangana City 1,4G,97.82,59.65,1.15,54.3,136,0,3.62
AIR105302,2025-12-15,Telangana,Telangana City 2,4G,98.68,35.91,1.34,54.3,77,0,3.2
AIR105303,2025-02-15,Karnataka,Karnataka City 1,4G,99.27,31.68,1.09,32,59,0,3.78
AIR105304,2025-03-15,Rajasthan,Rajasthan City 1,4G,98.47,58.15,0.69,32,112,1,3.8
AIR105305,2025-04-15,Uttar Pradesh,Uttar Pradesh City 3,5G,99.17,146.24,0.89,10.5,110,0,2.99
AIR105306,2025-05-15,Rajasthan,Rajasthan City 2,5G,99.35,166.78,0.72,20.9,48,1,3.97
AIR105307,2025-06-15,Gujarat,Gujarat City 2,4G,98.2,40.96,1.49,13.5,101,0,3.63
AIR105308,2025-07-15,Maharashtra,Maharashtra City 1,4G,99.08,41.05,1.07,31,49,0,4.06
AIR105309,2025-08-15,Tamil Nadu,Tamil Nadu City 3,5G,98.14,148.95,0.82,22.5,144,0,3
AIR105310,2025-09-15,Delhi,Delhi City 3,4G,98.43,56.99,0.82,41.9,36,0,3.17
AIR105311,2025-10-15,Maharashtra,Maharashtra City 3,4G,97.39,46.17,1.35,30.3,101,0,3.73
AIR105312,2025-11-15,Tamil Nadu,Tamil Nadu City 1,5G,99.59,132.13,0.54,16.7,45,0,4.37
AIR105313,2025-12-15,Maharashtra,Maharashtra City 1,4G,97.59,51.45,1.34,30.7,47,0,3.04
AIR105314,2025-02-15,Delhi,Delhi City 2,5G,99.7,173.5,0.85,15.3,100,0,3.69
AIR105315,2025-03-15,West Bengal,West Bengal City 3,4G,97.64,54.46,1.29,31.7,44,0,3.52
AIR105316,2025-04-15,Rajasthan,Rajasthan City 1,5G,98.59,149.38,0.46,14.6,36,1,3.84
AIR105317,2025-05-15,Maharashtra,Maharashtra City 3,5G,99.04,75.83,0.59,18.6,38,1,4.14
AIR105318,2025-06-15,Gujarat,Gujarat City 1,5G,99.15,98.49,0.97,30.6,68,1,2.99
AIR105319,2025-07-15,Uttar Pradesh,Uttar Pradesh City 2,4G,97.58,19.96,1.53,65.1,92,1,2.74
AIR105320,2025-08-15,Kerala,Kerala City 3,4G,97.36,25.15,1.05,33.7,5,1,3.16
AIR105321,2025-09-15,Gujarat,Gujarat City 1,4G,97.73,67.77,1.18,36.9,92,0,3.36
AIR105322,2025-10-15,Delhi,Delhi City 3,4G,97.91,38.85,1.88,31.1,47,0,3.11
AIR105323,2025-11-15,Uttar Pradesh,Uttar Pradesh City 1,5G,99.02,180.63,0.88,27.1,106,1,3.36
AIR105324,2025-12-15,Gujarat,Gujarat City 1,4G,96.67,63,0.62,24,84,0,3.51
AIR105325,2025-02-15,Telangana,Telangana City 1,5G,98.41,157.31,0.89,10.2,51,0,3.71
AIR105326,2025-03-15,Rajasthan,Rajasthan City 3,4G,99.3,34.56,0.92,63,90,0,4.11
AIR105327,2025-04-15,Uttar Pradesh,Uttar Pradesh City 1,4G,98.5,23.84,0.68,23.7,75,1,3.27
AIR105328,2025-05-15,Telangana,Telangana City 2,5G,98.81,156.34,0.72,16.9,90,0,4.13
AIR105329,2025-06-15,Gujarat,Gujarat City 3,4G,99.07,38.03,0.98,49.3,148,1,3.02
AIR105330,2025-07-15,Tamil Nadu,Tamil Nadu City 2,5G,99.51,145.27,0.78,12.7,124,1,3.85
AIR105331,2025-08-15,Karnataka,Karnataka City 2,4G,98.34,59.32,1.09,21.8,128,1,3.14
AIR105332,2025-09-15,Tamil Nadu,Tamil Nadu City 3,5G,99.45,166.88,0.88,23.3,5,1,4.24
AIR105333,2025-10-15,Rajasthan,Rajasthan City 1,4G,97.24,39.39,1.15,35.8,59,0,2.9
AIR105334,2025-11-15,Uttar Pradesh,Uttar Pradesh City 2,5G,99.06,122.61,0.91,11.1,88,0,4.65
AIR105335,2025-12-15,Uttar Pradesh,Uttar Pradesh City 3,4G,97.15,57,1.11,45.9,56,1,3.71
AIR105336,2025-02-15,Rajasthan,Rajasthan City 1,4G,98.21,38.01,0.69,41.2,101,1,3.19
AIR105337,2025-03-15,Telangana,Telangana City 3,5G,98.81,171.55,1.03,23.2,84,0,3.51
AIR105338,2025-04-15,Karnataka,Karnataka City 3,5G,99.78,160.47,0.61,20.7,5,1,4.23
AIR105339,2025-05-15,Gujarat,Gujarat City 3,4G,98.4,33.71,0.53,26.4,42,1,3.73
AIR105340,2025-06-15,Delhi,Delhi City 1,4G,98.21,53.42,1.15,45.3,98,1,3.18
AIR105341,2025-07-15,Tamil Nadu,Tamil Nadu City 2,4G,98.51,45.58,0.78,21.3,73,1,4.18
AIR105342,2025-08-15,Tamil Nadu,Tamil Nadu City 2,4G,97.4,43.4,0.54,43.9,75,0,3.44
AIR105343,2025-09-15,Kerala,Kerala City 3,5G,99.13,168.3,0.6,30,65,0,3.81
AIR105344,2025-10-15,Karnataka,Karnataka City 3,4G,99.09,23.42,0.79,34.6,11,0,4.02
AIR105345,2025-11-15,Delhi,Delhi City 1,4G,98.58,52.59,0.63,35.6,30,0,3.98
AIR105346,2025-12-15,Tamil Nadu,Tamil Nadu City 3,4G,98.07,35.18,1.01,26.9,53,0,3.42
AIR105347,2025-02-15,Delhi,Delhi City 3,4G,99.25,45.83,0.78,44.8,70,0,3.66
AIR105348,2025-03-15,Gujarat,Gujarat City 3,5G,98.6,150.12,0.73,21.6,32,0,3.94
AIR105349,2025-04-15,Uttar Pradesh,Uttar Pradesh City 2,5G,99.42,165.89,0.5,19.9,118,0,4.27
AIR105350,2025-05-15,Delhi,Delhi City 3,4G,99.39,36.96,1.11,40.9,66,0,3.16
AIR105351,2025-06-15,Tamil Nadu,Tamil Nadu City 2,5G,98.88,150.4,0.77,22.3,5,0,3.91
AIR105352,2025-07-15,Telangana,Telangana City 1,4G,97.9,28.99,1.23,28.1,77,0,3.83
AIR105353,2025-08-15,Karnataka,Karnataka City 1,4G,97.86,70.43,0.55,34.9,66,0,3.49
AIR105354,2025-09-15,Rajasthan,Rajasthan City 2,4G,96.52,42.02,1.19,40,73,0,3.15
AIR105355,2025-10-15,Maharashtra,Maharashtra City 2,4G,97.37,65.62,1.5,32.7,29,0,2.99
AIR105356,2025-11-15,West Bengal,West Bengal City 2,4G,98.8,40.38,0.67,24.4,59,0,3.97
AIR105357,2025-12-15,West Bengal,West Bengal City 2,4G,97.54,42.15,0.96,52.5,51,0,2.67
AIR105358,2025-02-15,Maharashtra,Maharashtra City 3,5G,99.06,182.63,0.97,17,140,1,3.87
AIR105359,2025-03-15,Delhi,Delhi City 2,5G,99.73,83.45,0.53,18.9,91,1,3.75
AIR105360,2025-04-15,Karnataka,Karnataka City 2,5G,98.65,135.29,0.58,6.1,95,0,3.65
AIR105361,2025-05-15,Delhi,Delhi City 2,4G,98.35,32.98,1.4,30.2,56,0,3.84
AIR105362,2025-06-15,Rajasthan,Rajasthan City 3,4G,99.28,45.49,0.29,35.7,99,0,4.11
AIR105363,2025-07-15,Karnataka,Karnataka City 3,4G,98.8,45.02,0.95,60.3,106,0,3.38
AIR105364,2025-08-15,Maharashtra,Maharashtra City 3,4G,96.54,36.21,1.33,30.3,72,0,2.74
AIR105365,2025-09-15,Delhi,Delhi City 1,4G,99.49,49.63,1.19,34.9,55,0,3.51
AIR105366,2025-10-15,Kerala,Kerala City 3,4G,97.95,19.2,1.39,56.8,32,0,3.09
AIR105367,2025-11-15,Tamil Nadu,Tamil Nadu City 2,4G,98.71,37.43,1.3,39.6,144,0,3.81
AIR105368,2025-12-15,Telangana,Telangana City 3,4G,98.36,28.07,1.31,27.7,127,1,3.45
AIR105369,2025-02-15,Uttar Pradesh,Uttar Pradesh City 3,4G,97.54,42.51,0.99,33.2,33,1,3.09
AIR105370,2025-03-15,Telangana,Telangana City 2,4G,98.54,61.58,1.65,30.9,5,0,3.5
AIR105371,2025-04-15,Rajasthan,Rajasthan City 3,4G,97.72,20.4,1.18,34.7,20,0,3.73
AIR105372,2025-05-15,Delhi,Delhi City 1,4G,97.9,49.85,1.35,26.3,26,1,2.6
AIR105373,2025-06-15,Gujarat,Gujarat City 3,5G,98.68,120.76,0.63,21.3,65,1,3.68
AIR105374,2025-07-15,Karnataka,Karnataka City 1,4G,97.6,36.93,1.08,28.8,87,0,3.53
AIR105375,2025-08-15,Delhi,Delhi City 1,5G,99.11,203.07,0.4,24.5,165,1,3.31
AIR105376,2025-09-15,Karnataka,Karnataka City 1,4G,97.51,20.64,0.67,31,96,1,3.59
AIR105377,2025-10-15,Uttar Pradesh,Uttar Pradesh City 2,4G,99.21,33.49,0.82,42.5,89,1,4.1
AIR105378,2025-11-15,Kerala,Kerala City 3,5G,99.34,156.88,0.46,23.4,24,0,3.36
AIR105379,2025-12-15,Telangana,Telangana City 1,4G,98.6,23.93,0.93,48.5,88,0,3.52
AIR105380,2025-02-15,Tamil Nadu,Tamil Nadu City 1,4G,98.5,49.66,0.29,41.1,66,0,3.45
AIR105381,2025-03-15,Uttar Pradesh,Uttar Pradesh City 3,5G,99.53,113.75,0.79,25.7,64,1,4.08
AIR105382,2025-04-15,Uttar Pradesh,Uttar Pradesh City 2,4G,99.21,50.4,1.04,35.7,25,0,3.6
AIR105383,2025-05-15,Telangana,Telangana City 2,4G,97.59,52.05,0.66,49.4,75,0,3.26
AIR105384,2025-06-15,Uttar Pradesh,Uttar Pradesh City 1,5G,99.42,184.03,0.58,34.1,159,0,3.98
AIR105385,2025-07-15,Gujarat,Gujarat City 2,5G,98.92,136.95,0.72,28.8,49,0,3.89
AIR105386,2025-08-15,Gujarat,Gujarat City 3,4G,97.63,39.59,1.56,19,55,0,3.37
AIR105387,2025-09-15,West Bengal,West Bengal City 2,4G,98.53,50.41,1.02,52.6,125,0,3.79
AIR105388,2025-10-15,West Bengal,West Bengal City 3,5G,100,162.41,0.59,18.6,93,0,4.02
AIR105389,2025-11-15,Gujarat,Gujarat City 1,4G,98.15,56.59,1.64,30.9,94,0,3.2
AIR105390,2025-12-15,Maharashtra,Maharashtra City 3,4G,98.05,56.84,0.77,46.6,5,0,3.33
AIR105391,2025-02-15,Kerala,Kerala City 1,4G,99.21,34.54,1.09,28.8,65,0,3.56
AIR105392,2025-03-15,Karnataka,Karnataka City 3,5G,100,199.13,0.77,18.9,63,1,4.34
AIR105393,2025-04-15,Kerala,Kerala City 3,4G,97.47,35.39,1.26,31.5,120,0,3.74
AIR105394,2025-05-15,Rajasthan,Rajasthan City 2,5G,99,147.04,0.84,26.1,53,0,3.89
AIR105395,2025-06-15,Uttar Pradesh,Uttar Pradesh City 3,4G,98.73,70.78,0.26,31,123,0,3.77
AIR105396,2025-07-15,Tamil Nadu,Tamil Nadu City 1,4G,97.06,24.39,0.79,37.2,58,1,3.58
AIR105397,2025-08-15,Uttar Pradesh,Uttar Pradesh City 3,5G,99.86,137.29,0.51,22.7,101,1,4.35
AIR105398,2025-09-15,Kerala,Kerala City 1,5G,99.04,157.38,0.33,27,61,0,3.87
AIR105399,2025-10-15,Gujarat,Gujarat City 1,4G,97.82,38.3,1.36,42.1,116,0,3.45
AIR105400,2025-11-15,Telangana,Telangana City 3,4G,99.59,59.92,0.6,35.5,55,0,3.87
AIR105401,2025-12-15,Rajasthan,Rajasthan City 2,5G,100,126.91,0.59,19.5,69,1,4.13
AIR105402,2025-02-15,Gujarat,Gujarat City 3,4G,98.43,57.55,0.83,40,63,1,3.67
AIR105403,2025-03-15,Kerala,Kerala City 3,4G,99.77,40.2,1.17,41.8,68,1,3.66
AIR105404,2025-04-15,Telangana,Telangana City 2,4G,97.48,58.41,1.27,38.2,124,0,3
AIR105405,2025-05-15,Tamil Nadu,Tamil Nadu City 1,5G,98.87,125.58,0.79,14.1,91,0,3.52
AIR105406,2025-06-15,Kerala,Kerala City 3,5G,99.39,146.4,0.98,22.6,80,0,4.9
AIR105407,2025-07-15,Karnataka,Karnataka City 2,5G,98.79,122.61,0.22,23.1,62,1,4.22
AIR105408,2025-08-15,Delhi,Delhi City 2,4G,98.87,40.6,0.39,28.3,38,0,3.5
AIR105409,2025-09-15,Telangana,Telangana City 1,4G,98.4,69.26,1.16,24.8,83,1,3.73
AIR105410,2025-10-15,Kerala,Kerala City 2,4G,97.11,34.43,0.9,45.4,69,0,3.14
AIR105411,2025-11-15,Gujarat,Gujarat City 1,4G,98.92,53.75,0.97,51.6,88,0,3.96
AIR105412,2025-12-15,Karnataka,Karnataka City 3,4G,98.47,39.54,1.37,61.6,73,0,3.3
AIR105413,2025-02-15,Maharashtra,Maharashtra City 2,4G,98.28,54.86,1.37,44,59,0,3.31
AIR105414,2025-03-15,Telangana,Telangana City 3,4G,98.49,47.26,1.07,41,67,1,2.97
AIR105415,2025-04-15,Karnataka,Karnataka City 2,4G,99.49,54.79,1.02,40.1,134,0,3.57
AIR105416,2025-05-15,Gujarat,Gujarat City 2,5G,100,133.85,0.78,14.2,48,0,4.26
AIR105417,2025-06-15,Kerala,Kerala City 3,5G,98.98,146.66,1.06,24.3,135,1,3.97
AIR105418,2025-07-15,Uttar Pradesh,Uttar Pradesh City 2,4G,97.17,41.55,1.4,68.9,107,0,2.85
AIR105419,2025-08-15,Tamil Nadu,Tamil Nadu City 3,4G,97.59,36.5,0.97,46.9,90,0,3.83
AIR105420,2025-09-15,Uttar Pradesh,Uttar Pradesh City 3,4G,97.47,40.52,1.18,47.1,68,0,3.01
AIR105421,2025-10-15,Delhi,Delhi City 1,5G,99.31,143.79,0.56,14.9,69,0,4.05
AIR105422,2025-11-15,Karnataka,Karnataka City 3,4G,98.06,45.99,0.82,40.7,5,0,3.02
AIR105423,2025-12-15,Delhi,Delhi City 1,5G,99.42,212.63,0.31,26.3,55,0,4.17
AIR105424,2025-02-15,Tamil Nadu,Tamil Nadu City 3,4G,97.44,32.52,0.58,36.3,111,0,3.55
AIR105425,2025-03-15,Karnataka,Karnataka City 2,4G,97.49,55.49,0.76,25.7,55,1,2.92
AIR105426,2025-04-15,West Bengal,West Bengal City 3,5G,98.58,126.88,0.55,17.7,75,1,3.31
AIR105427,2025-05-15,Gujarat,Gujarat City 2,4G,98.19,40.24,0.95,36.4,70,0,4.05
AIR105428,2025-06-15,Karnataka,Karnataka City 1,4G,98.83,43.25,1.1,21.1,69,1,3.88
AIR105429,2025-07-15,Gujarat,Gujarat City 2,4G,98.38,46.05,1.57,29.6,32,0,3.89
AIR105430,2025-08-15,Uttar Pradesh,Uttar Pradesh City 3,4G,98.56,26.36,0.85,45.6,86,1,3.36
AIR105431,2025-09-15,Rajasthan,Rajasthan City 2,4G,98.32,10.6,1.7,48.1,62,0,3.19
AIR105432,2025-10-15,Telangana,Telangana City 1,4G,97.09,64.72,1.15,52.3,32,1,2.78
AIR105433,2025-11-15,Rajasthan,Rajasthan City 2,5G,100,129.77,0.15,10.7,27,1,4.03
AIR105434,2025-12-15,Kerala,Kerala City 2,5G,99.51,151.26,0.74,21,112,0,3.51
AIR105435,2025-02-15,Telangana,Telangana City 3,5G,98.49,179.75,0.56,16.1,117,1,3.74
AIR105436,2025-03-15,Telangana,Telangana City 3,4G,97.94,34.04,0.43,35.2,59,0,3.81
AIR105437,2025-04-15,Maharashtra,Maharashtra City 2,4G,98.41,31.93,0.96,46.6,34,0,3.4
AIR105438,2025-05-15,Telangana,Telangana City 1,4G,96.25,49.37,0.43,46,110,1,3.14
AIR105439,2025-06-15,Tamil Nadu,Tamil Nadu City 2,4G,97.53,49.1,0.68,39.4,109,0,3.75
AIR105440,2025-07-15,Rajasthan,Rajasthan City 1,4G,97.75,41.88,0.91,33.3,90,1,3.28
AIR105441,2025-08-15,Uttar Pradesh,Uttar Pradesh City 1,5G,99.8,109.91,0.54,18.6,82,1,3.69
AIR105442,2025-09-15,Gujarat,Gujarat City 1,4G,97.77,51.92,1.28,31.5,37,0,3.59
AIR105443,2025-10-15,Kerala,Kerala City 2,5G,99.34,184.83,0.2,32.3,82,0,3.43
AIR105444,2025-11-15,Telangana,Telangana City 1,4G,97.99,39.82,1.19,28.5,5,1,4.26
AIR105445,2025-12-15,Kerala,Kerala City 2,4G,97.45,43.77,1.24,20,71,0,3.75
AIR105446,2025-02-15,Uttar Pradesh,Uttar Pradesh City 1,4G,99.19,16.71,0.68,38.8,117,0,3.83
AIR105447,2025-03-15,Kerala,Kerala City 1,4G,99.08,40.19,0.44,33.6,135,0,4.28
AIR105448,2025-04-15,Uttar Pradesh,Uttar Pradesh City 2,4G,97.5,41.22,1.12,62.3,100,0,3.01
AIR105449,2025-05-15,Telangana,Telangana City 3,5G,98.02,128.1,0.77,20.6,64,1,3.25
AIR105450,2025-06-15,Uttar Pradesh,Uttar Pradesh City 3,5G,98.84,178.65,0.61,19.1,85,0,3.57
AIR105451,2025-07-15,Telangana,Telangana City 2,4G,97.06,43.99,1.07,45.8,68,0,2.96
AIR105452,2025-08-15,Maharashtra,Maharashtra City 2,4G,98.23,69.43,0.98,40.3,112,0,3.63
AIR105453,2025-09-15,Maharashtra,Maharashtra City 3,5G,99.48,247.63,0.51,18.6,98,1,4.31
AIR105454,2025-10-15,Uttar Pradesh,Uttar Pradesh City 3,5G,99.09,157.4,0.9,27.8,36,0,3.65
AIR105455,2025-11-15,Maharashtra,Maharashtra City 3,4G,96.91,25.28,1.12,44.8,48,0,3.28
AIR105456,2025-12-15,Gujarat,Gujarat City 2,5G,99.54,134.8,0.69,11.2,107,1,4.35
AIR105457,2025-02-15,Gujarat,Gujarat City 1,4G,97.97,51.2,1.16,48.3,45,0,3.62
AIR105458,2025-03-15,Maharashtra,Maharashtra City 2,4G,98.32,51.71,1.27,44.2,5,0,3.42
AIR105459,2025-04-15,Maharashtra,Maharashtra City 3,4G,98.28,30.07,0.94,35.8,62,0,3.11
AIR105460,2025-05-15,West Bengal,West Bengal City 1,4G,98.5,63.8,1.69,45.4,110,0,2.94
AIR105461,2025-06-15,West Bengal,West Bengal City 2,4G,96.09,64.68,1.08,44.3,51,0,3
AIR105462,2025-07-15,Telangana,Telangana City 3,4G,98.23,61.5,0.47,47,107,0,3.48
AIR105463,2025-08-15,Uttar Pradesh,Uttar Pradesh City 2,5G,98.99,119.07,0.67,21.2,5,0,3.55
AIR105464,2025-09-15,Delhi,Delhi City 1,5G,99.83,145.48,1.14,15.3,54,0,3.97
AIR105465,2025-10-15,Delhi,Delhi City 3,5G,99.56,165.51,0.56,26.6,50,1,3.82
AIR105466,2025-11-15,Maharashtra,Maharashtra City 2,4G,98.97,43.02,1.26,55.6,102,0,3.39
AIR105467,2025-12-15,Kerala,Kerala City 1,4G,98.98,32.63,1.16,56,37,0,4.09
AIR105468,2025-02-15,Maharashtra,Maharashtra City 1,4G,98.3,43.66,0.84,52.6,120,0,3.57
AIR105469,2025-03-15,West Bengal,West Bengal City 2,5G,99.2,135.87,0.49,22.5,121,0,3.76
AIR105470,2025-04-15,Telangana,Telangana City 1,4G,98.07,52.66,1.33,43.6,156,0,3.26
AIR105471,2025-05-15,Maharashtra,Maharashtra City 3,4G,98.94,37.38,0.8,28.6,37,0,4.24
AIR105472,2025-06-15,Rajasthan,Rajasthan City 1,4G,97.96,45.53,1.23,44.6,48,0,2.8
AIR105473,2025-07-15,Kerala,Kerala City 2,4G,98.25,30.53,0.83,46.4,150,1,3.37
AIR105474,2025-08-15,Rajasthan,Rajasthan City 3,4G,98.11,45.44,1.25,25.3,144,0,3.49
AIR105475,2025-09-15,Telangana,Telangana City 1,5G,99.27,135.59,1.04,23.9,98,0,3.91
AIR105476,2025-10-15,Telangana,Telangana City 1,4G,99.2,38.23,1.31,38.4,93,0,4.22
AIR105477,2025-11-15,Gujarat,Gujarat City 3,4G,97.77,61.86,0.43,27.9,79,0,3.6
AIR105478,2025-12-15,Karnataka,Karnataka City 3,4G,97.29,67.91,0.91,55.1,138,0,3.06
AIR105479,2025-02-15,Rajasthan,Rajasthan City 1,4G,98.74,40.49,1.6,65.4,51,1,3.18
AIR105480,2025-03-15,Gujarat,Gujarat City 3,4G,98.07,52.31,1.1,36.9,96,1,3.61
AIR105481,2025-04-15,West Bengal,West Bengal City 2,5G,98.58,142.3,0.38,17.6,76,0,3.93
AIR105482,2025-05-15,Tamil Nadu,Tamil Nadu City 1,4G,97.81,71.22,0.68,31.1,61,0,3.47
AIR105483,2025-06-15,Kerala,Kerala City 2,5G,99.68,167.98,1.01,22,37,1,3.61
AIR105484,2025-07-15,Tamil Nadu,Tamil Nadu City 1,4G,97.61,30.63,1.38,49.7,43,1,2.48
AIR105485,2025-08-15,Uttar Pradesh,Uttar Pradesh City 2,4G,99.44,45.11,1.42,34.7,34,0,3.5
AIR105486,2025-09-15,West Bengal,West Bengal City 2,5G,98.78,136.63,0.76,19.3,84,0,4.03
AIR105487,2025-10-15,West Bengal,West Bengal City 3,4G,97.17,32.36,1.27,35.9,48,0,3.03
AIR105488,2025-11-15,Tamil Nadu,Tamil Nadu City 1,4G,97.7,20.49,1.52,33.4,61,0,3.1
AIR105489,2025-12-15,Rajasthan,Rajasthan City 3,5G,99.4,204.14,0.12,16.9,104,0,4.22
AIR105490,2025-02-15,Karnataka,Karnataka City 3,4G,96.33,47.65,0.87,29.2,66,1,3.46
AIR105491,2025-03-15,Rajasthan,Rajasthan City 1,4G,97.66,47.72,0.87,40.3,71,1,3.96
AIR105492,2025-04-15,Tamil Nadu,Tamil Nadu City 2,5G,98.71,81.03,0.92,15.3,64,1,3.16
AIR105493,2025-05-15,Uttar Pradesh,Uttar Pradesh City 1,4G,98.02,43.37,0.71,8.6,103,0,3.72
AIR105494,2025-06-15,Rajasthan,Rajasthan City 1,4G,99.22,30.37,1.07,30.1,153,0,3.77
AIR105495,2025-07-15,Delhi,Delhi City 1,4G,98.52,50.4,1.14,32.4,72,0,3.77
AIR105496,2025-08-15,Rajasthan,Rajasthan City 3,4G,99.32,45.46,0.94,49.4,21,1,3.68
AIR105497,2025-09-15,Telangana,Telangana City 1,4G,98.73,70.86,1.15,39.8,16,1,3.34
AIR105498,2025-10-15,Gujarat,Gujarat City 1,4G,98.08,41.79,1.12,19.2,108,0,3.66
AIR105499,2025-11-15,Kerala,Kerala City 1,4G,97.38,46.66,1.26,52.1,122,0,3
AIR105500,2025-12-15,Rajasthan,Rajasthan City 2,4G,97.26,26.04,1.23,36.6,93,0,3.49
AIR105501,2025-02-15,Karnataka,Karnataka City 2,4G,98.45,30.84,1.58,41.7,67,1,2.75
AIR105502,2025-03-15,Karnataka,Karnataka City 2,4G,98.93,53.2,0.73,51.5,128,0,3.83
AIR105503,2025-04-15,Rajasthan,Rajasthan City 2,4G,98.31,70.41,0.83,25.2,51,1,3.51
AIR105504,2025-05-15,Maharashtra,Maharashtra City 3,5G,99.83,151.01,0.89,28.8,105,0,4
AIR105505,2025-06-15,West Bengal,West Bengal City 3,4G,98.75,41.73,1,28.1,5,0,4.05
AIR105506,2025-07-15,Rajasthan,Rajasthan City 1,5G,98.87,192.28,0.56,27.2,109,1,3.91
AIR105507,2025-08-15,West Bengal,West Bengal City 3,4G,98.58,46.96,1.02,33.1,7,1,3.51
AIR105508,2025-09-15,Delhi,Delhi City 2,4G,98.63,61.11,1.52,46.8,5,0,3.31
AIR105509,2025-10-15,Tamil Nadu,Tamil Nadu City 1,4G,97.31,37.12,0.65,30.6,78,0,2.83
AIR105510,2025-11-15,Delhi,Delhi City 1,5G,99.36,145.16,0.91,24.2,102,1,3.86
AIR105511,2025-12-15,Rajasthan,Rajasthan City 2,4G,98.53,32.56,1.1,44.1,5,0,3.59
AIR105512,2025-02-15,Karnataka,Karnataka City 2,5G,98.92,243.6,0.66,22.4,40,0,3.56
AIR105513,2025-03-15,Maharashtra,Maharashtra City 2,5G,98.93,182.38,0.56,26.4,85,0,4.09
AIR105514,2025-04-15,Uttar Pradesh,Uttar Pradesh City 3,4G,98.83,40.67,1.03,50,83,0,3.95
AIR105515,2025-05-15,West Bengal,West Bengal City 1,4G,99.96,53.37,0.14,28.1,62,0,4.36
AIR105516,2025-06-15,Gujarat,Gujarat City 2,4G,98.36,36.63,1.12,25.1,98,0,3.51
AIR105517,2025-07-15,West Bengal,West Bengal City 1,4G,99.47,30.33,1.09,31.3,52,0,3.74
AIR105518,2025-08-15,Telangana,Telangana City 1,4G,96.84,48.13,0.75,36,102,0,3.74
AIR105519,2025-09-15,Kerala,Kerala City 3,5G,100,148.49,0.89,21.5,50,1,4.27
AIR105520,2025-10-15,Rajasthan,Rajasthan City 1,4G,96.94,45.82,0.95,27.3,39,1,3.82
AIR105521,2025-11-15,Delhi,Delhi City 2,4G,97.8,62.72,0.78,40.2,72,0,3.69
AIR105522,2025-12-15,Gujarat,Gujarat City 2,4G,99.55,52.27,1.41,36.1,105,0,3.74
AIR105523,2025-02-15,Karnataka,Karnataka City 1,5G,99.12,96.73,0.58,11.4,5,0,4.28
AIR105524,2025-03-15,Karnataka,Karnataka City 1,4G,98.29,44.18,1.18,41.2,111,0,3.44
AIR105525,2025-04-15,Karnataka,Karnataka City 3,5G,99.81,111.86,0.55,25.4,64,1,4.08
AIR105526,2025-05-15,Uttar Pradesh,Uttar Pradesh City 2,5G,98.73,144.74,0.81,18.4,14,0,3.91
AIR105527,2025-06-15,Telangana,Telangana City 2,4G,97.88,30.53,1.48,55.4,59,0,2.88
AIR105528,2025-07-15,Karnataka,Karnataka City 1,4G,96.84,40.7,0.97,59.1,67,0,2.97
AIR105529,2025-08-15,Karnataka,Karnataka City 1,4G,98.54,35.91,0.83,38.6,34,0,3.5
AIR105530,2025-09-15,Rajasthan,Rajasthan City 1,4G,97.43,39.98,1.73,55.4,139,1,3.43
AIR105531,2025-10-15,Telangana,Telangana City 2,5G,98.8,126.57,0.53,18.3,75,0,3.73
AIR105532,2025-11-15,Maharashtra,Maharashtra City 1,4G,98.11,40.99,1.43,26.7,38,0,2.85
AIR105533,2025-12-15,Maharashtra,Maharashtra City 3,4G,97.9,24.8,1.36,31,5,0,3.45
AIR105534,2025-02-15,Telangana,Telangana City 3,4G,98.46,38.62,0.7,29.8,122,0,3.01
AIR105535,2025-03-15,Kerala,Kerala City 1,4G,99.64,37.64,1.24,32.4,76,0,3.45
AIR105536,2025-04-15,Uttar Pradesh,Uttar Pradesh City 3,4G,98.33,52.81,1.38,31.6,55,0,3.35
AIR105537,2025-05-15,Gujarat,Gujarat City 3,4G,98.13,48.87,0.76,33,80,0,3.63
AIR105538,2025-06-15,West Bengal,West Bengal City 3,5G,99.13,116.33,1.07,19.1,43,0,3.78
AIR105539,2025-07-15,Rajasthan,Rajasthan City 3,4G,98.22,48.08,1.22,41.5,133,1,3.6
AIR105540,2025-08-15,Tamil Nadu,Tamil Nadu City 3,4G,99.05,46.09,0.43,31.4,97,0,4.05
AIR105541,2025-09-15,Maharashtra,Maharashtra City 2,5G,99.65,182.3,0.5,19,115,0,3.95
AIR105542,2025-10-15,Telangana,Telangana City 1,5G,99.82,82.02,0.6,26.2,53,0,4.15
AIR105543,2025-11-15,Gujarat,Gujarat City 3,4G,96.34,62.25,1.16,26.7,49,1,3.08
AIR105544,2025-12-15,Telangana,Telangana City 1,4G,97.82,49.83,0.49,37.6,95,0,2.77
AIR105545,2025-02-15,West Bengal,West Bengal City 3,4G,98.24,51.9,0.97,34.5,85,0,3.69
AIR105546,2025-03-15,Gujarat,Gujarat City 2,4G,99.01,31.06,0.98,33.7,92,1,3.95
AIR105547,2025-04-15,Maharashtra,Maharashtra City 2,5G,98.81,161.59,0.47,16.5,84,1,4.2
AIR105548,2025-05-15,Karnataka,Karnataka City 3,4G,99.28,43.16,0.87,55,48,0,3.57
AIR105549,2025-06-15,Telangana,Telangana City 3,5G,99.68,119.13,0.85,10.4,33,1,3.63
AIR105550,2025-07-15,Tamil Nadu,Tamil Nadu City 3,4G,97.47,66.25,1,42.5,35,0,3.23
AIR105551,2025-08-15,Maharashtra,Maharashtra City 2,4G,97.73,47.72,1.29,50.6,65,1,2.35
AIR105552,2025-09-15,Delhi,Delhi City 2,4G,98.72,42.86,0.72,34.4,71,0,3.67
AIR105553,2025-10-15,Tamil Nadu,Tamil Nadu City 1,4G,99.32,28.95,1.42,44,120,0,3.96
AIR105554,2025-11-15,Kerala,Kerala City 2,4G,98.54,53.36,0.62,22.7,85,1,4.12
AIR105555,2025-12-15,Uttar Pradesh,Uttar Pradesh City 3,4G,97.81,51.09,0.64,36.8,98,0,3.59
AIR105556,2025-02-15,Maharashtra,Maharashtra City 1,4G,97.1,36.54,1.07,20.8,59,0,3.27
AIR105557,2025-03-15,Karnataka,Karnataka City 2,5G,99.4,148.39,0.41,17.4,105,0,4.15
AIR105558,2025-04-15,Maharashtra,Maharashtra City 2,4G,98.74,37.93,0.96,52.4,35,0,3.81
AIR105559,2025-05-15,West Bengal,West Bengal City 3,5G,99.13,160.42,0.38,20.7,92,1,3.45
AIR105560,2025-06-15,Gujarat,Gujarat City 1,4G,99.8,40.07,1.07,47.2,110,0,3.97
AIR105561,2025-07-15,Telangana,Telangana City 2,5G,98,148.15,0.83,23,42,0,3.47
AIR105562,2025-08-15,Gujarat,Gujarat City 2,5G,98.53,213.42,0.65,20.8,62,0,3.4
AIR105563,2025-09-15,Gujarat,Gujarat City 3,4G,97.34,47.6,1.47,30.8,58,1,3.65
AIR105564,2025-10-15,Maharashtra,Maharashtra City 1,5G,99.53,106.83,0.57,21,60,1,3.39
AIR105565,2025-11-15,West Bengal,West Bengal City 1,4G,99.26,29.76,1.16,25.8,90,1,3.9
AIR105566,2025-12-15,Telangana,Telangana City 1,5G,99.26,158.99,0.47,18.8,61,0,4.11
AIR105567,2025-02-15,Telangana,Telangana City 1,4G,98.64,32.34,0.59,25.4,94,1,4.3
AIR105568,2025-03-15,Gujarat,Gujarat City 3,4G,97.5,36.99,0.87,28.6,108,0,3.7
AIR105569,2025-04-15,Kerala,Kerala City 2,4G,97.47,29.68,0.74,42.3,7,1,3.17
AIR105570,2025-05-15,Uttar Pradesh,Uttar Pradesh City 2,4G,98.14,36.4,1.67,32.8,70,0,3.75
AIR105571,2025-06-15,West Bengal,West Bengal City 1,4G,97.67,53.74,0.97,28.6,70,0,3.58
AIR105572,2025-07-15,Kerala,Kerala City 1,5G,100,112.29,0.68,19.6,32,0,4.56
AIR105573,2025-08-15,Rajasthan,Rajasthan City 1,5G,99.09,132.08,0.87,19.3,86,1,4.06
AIR105574,2025-09-15,Rajasthan,Rajasthan City 2,4G,97.61,25.56,1.47,52,30,1,2.57
AIR105575,2025-10-15,Tamil Nadu,Tamil Nadu City 2,5G,99.56,175.15,0.16,19.9,80,0,4.18
AIR105576,2025-11-15,Gujarat,Gujarat City 1,5G,99.75,177.45,0.83,19.8,65,0,4.25
AIR105577,2025-12-15,Telangana,Telangana City 3,4G,97.45,45.22,1.11,44.6,71,0,3.26
AIR105578,2025-02-15,Maharashtra,Maharashtra City 2,4G,97.34,50.58,1.11,17.4,92,1,3.34
AIR105579,2025-03-15,Telangana,Telangana City 2,4G,97.41,30.53,1.49,41.3,23,0,3.44
AIR105580,2025-04-15,Telangana,Telangana City 1,5G,100,137.8,0.67,26.1,44,0,3.97
AIR105581,2025-05-15,Karnataka,Karnataka City 3,5G,98.83,117.61,0.45,25.6,76,0,3.22
AIR105582,2025-06-15,Telangana,Telangana City 1,4G,97.14,47.73,1.15,44,135,0,3.75
AIR105583,2025-07-15,Tamil Nadu,Tamil Nadu City 1,4G,98.9,20.92,1.09,52.2,34,0,3.59
AIR105584,2025-08-15,Kerala,Kerala City 3,5G,99.29,105.75,0.33,21.1,89,1,4.05
AIR105585,2025-09-15,Rajasthan,Rajasthan City 3,5G,98.97,185.65,0.73,24.4,80,0,3.69
AIR105586,2025-10-15,Telangana,Telangana City 3,5G,98.67,221.59,0.66,18.3,42,0,4.37
AIR105587,2025-11-15,Telangana,Telangana City 2,4G,98.67,66,1.03,38.6,158,1,3.44
AIR105588,2025-12-15,Karnataka,Karnataka City 1,4G,100,24.99,1.18,44.7,59,0,3.94
AIR105589,2025-02-15,West Bengal,West Bengal City 2,4G,99.23,68.69,0.37,42.3,175,0,3.78
AIR105590,2025-03-15,Maharashtra,Maharashtra City 3,4G,97.23,14.66,0.05,27.2,109,0,3.51
AIR105591,2025-04-15,West Bengal,West Bengal City 2,5G,100,172.43,0.77,22,112,0,3.87
AIR105592,2025-05-15,Maharashtra,Maharashtra City 3,4G,97.79,51.46,1.28,38.3,65,0,3.57
AIR105593,2025-06-15,Uttar Pradesh,Uttar Pradesh City 3,5G,98.39,149.4,0.86,27.2,144,0,2.9
AIR105594,2025-07-15,Telangana,Telangana City 1,4G,99.22,48.3,0.74,25.6,92,1,4
AIR105595,2025-08-15,Karnataka,Karnataka City 1,5G,99.85,182.75,0.7,15.4,93,1,3.92
AIR105596,2025-09-15,Delhi,Delhi City 1,4G,98.11,47.81,0.47,38.8,34,0,3.71
AIR105597,2025-10-15,Gujarat,Gujarat City 2,4G,97.27,43.03,0.8,40,48,1,3.75
AIR105598,2025-11-15,Rajasthan,Rajasthan City 1,4G,98.73,42.94,1.27,38.1,46,0,3.53
AIR105599,2025-12-15,Kerala,Kerala City 3,4G,99.08,62.86,1.5,26.1,56,1,3.6
AIR105600,2025-02-15,Rajasthan,Rajasthan City 1,5G,99.73,175.66,0.49,16.6,60,1,3.81
AIR105601,2025-03-15,Kerala,Kerala City 2,4G,98.3,37.76,0.62,37,15,0,3.88
AIR105602,2025-04-15,Uttar Pradesh,Uttar Pradesh City 1,4G,99.02,52.67,1.04,33.8,66,0,3.03
AIR105603,2025-05-15,West Bengal,West Bengal City 1,5G,99.06,173.38,0.73,5.5,99,0,4
AIR105604,2025-06-15,Tamil Nadu,Tamil Nadu City 1,5G,98.92,103.63,0.82,23.2,75,0,3.09
AIR105605,2025-07-15,Telangana,Telangana City 2,4G,97.57,40.7,1.35,24.6,16,1,3.28
AIR105606,2025-08-15,Delhi,Delhi City 3,5G,98.48,159.93,1.06,20.1,44,0,3.6
AIR105607,2025-09-15,Kerala,Kerala City 3,4G,98.7,33.9,0.87,43.8,97,0,3.35
AIR105608,2025-10-15,Gujarat,Gujarat City 3,4G,97.83,40.4,0.86,55.8,53,0,3.44
AIR105609,2025-11-15,Kerala,Kerala City 1,4G,99.83,55.58,1.49,56.9,76,0,3.41
AIR105610,2025-12-15,Tamil Nadu,Tamil Nadu City 1,4G,98.54,56.8,1.35,52.5,5,1,3.65
AIR105611,2025-02-15,Rajasthan,Rajasthan City 2,4G,98.66,46.96,1.09,41.6,42,0,3.47
AIR105612,2025-03-15,Karnataka,Karnataka City 3,4G,99.04,36.17,1.41,48.6,112,1,3.13
AIR105613,2025-04-15,Rajasthan,Rajasthan City 1,4G,98.42,51.01,1.36,42.5,120,0,3.49
AIR105614,2025-05-15,Uttar Pradesh,Uttar Pradesh City 1,5G,99.17,124.2,0.48,7.2,67,0,3.38
AIR105615,2025-06-15,Karnataka,Karnataka City 1,4G,97.74,31.96,0.96,40.6,54,0,3.42
AIR105616,2025-07-15,Rajasthan,Rajasthan City 2,5G,98.72,120.16,0.67,21.5,70,0,4.13
AIR105617,2025-08-15,Gujarat,Gujarat City 3,5G,99.67,162.28,1.02,17.2,65,0,4.21
AIR105618,2025-09-15,Rajasthan,Rajasthan City 2,4G,97.32,35.81,1.52,25.4,71,1,2.72
AIR105619,2025-10-15,Gujarat,Gujarat City 3,4G,99.49,28.99,0.2,41.6,108,0,3.92
AIR105620,2025-11-15,Gujarat,Gujarat City 3,4G,97.29,29.37,1.44,59.5,110,0,3.6
AIR105621,2025-12-15,Karnataka,Karnataka City 1,5G,98.61,186.32,0.43,8.2,123,0,3.64
AIR105622,2025-02-15,West Bengal,West Bengal City 1,4G,98.21,46.95,0.94,40.2,193,0,3.73
AIR105623,2025-03-15,Maharashtra,Maharashtra City 1,4G,98.56,34.66,1.5,35.4,185,0,3.37
AIR105624,2025-04-15,Telangana,Telangana City 1,5G,98.59,161.23,0.83,17.9,26,0,3.08
AIR105625,2025-05-15,Kerala,Kerala City 1,4G,97.79,40.83,0.48,36.8,19,1,3.83
AIR105626,2025-06-15,Maharashtra,Maharashtra City 3,4G,97.98,54.33,0.62,23.3,32,0,3.95
AIR105627,2025-07-15,Tamil Nadu,Tamil Nadu City 1,4G,98.23,34.61,1.11,33.5,54,1,3.38
AIR105628,2025-08-15,West Bengal,West Bengal City 1,5G,99.54,172.88,0.68,14.1,50,1,4.37
AIR105629,2025-09-15,Maharashtra,Maharashtra City 2,5G,99.36,182.48,0.82,26.7,21,0,4.29
AIR105630,2025-10-15,Karnataka,Karnataka City 2,4G,97.86,44.13,0.99,29.7,87,0,3.2
AIR105631,2025-11-15,Tamil Nadu,Tamil Nadu City 3,4G,98.51,43.57,0.93,36.3,65,0,3.35
AIR105632,2025-12-15,Delhi,Delhi City 3,5G,98.89,120.88,0.12,15.6,73,0,3.65
AIR105633,2025-02-15,West Bengal,West Bengal City 2,5G,99.37,177.52,0.52,28.1,44,0,3.98
AIR105634,2025-03-15,Maharashtra,Maharashtra City 2,5G,99.14,165.24,0.65,5,45,1,3.67
AIR105635,2025-04-15,Tamil Nadu,Tamil Nadu City 1,4G,96.55,49.53,0.78,42.9,75,0,3.99
AIR105636,2025-05-15,Delhi,Delhi City 1,5G,100,195.96,0.63,18.6,30,1,3.93
AIR105637,2025-06-15,Rajasthan,Rajasthan City 3,4G,97.57,39.51,1.1,39.7,92,1,3.37
AIR105638,2025-07-15,Tamil Nadu,Tamil Nadu City 2,4G,99.01,40.26,1.3,39.3,30,0,3.31
AIR105639,2025-08-15,Karnataka,Karnataka City 3,5G,99.73,213.06,0.57,9.6,136,0,4.62
AIR105640,2025-09-15,Rajasthan,Rajasthan City 1,4G,96.97,39.12,0.93,50.2,127,0,3.17
AIR105641,2025-10-15,Karnataka,Karnataka City 3,5G,99.53,106.4,0.32,43,85,0,3.74
AIR105642,2025-11-15,Maharashtra,Maharashtra City 3,4G,98.6,45.78,1.94,22.3,52,0,3.53
AIR105643,2025-12-15,Telangana,Telangana City 3,5G,98.8,116.71,0.94,8.4,84,1,4.43
AIR105644,2025-02-15,Maharashtra,Maharashtra City 1,4G,97.85,47.26,1.53,19.9,115,0,3.74
AIR105645,2025-03-15,Rajasthan,Rajasthan City 3,4G,99.48,30.94,1.2,48.5,62,0,3.54
AIR105646,2025-04-15,Gujarat,Gujarat City 1,4G,97.1,23.25,1.12,31.2,39,0,3.33
AIR105647,2025-05-15,Maharashtra,Maharashtra City 2,4G,97.37,28.47,0.89,34.7,34,0,3.44
AIR105648,2025-06-15,Rajasthan,Rajasthan City 3,5G,99.12,146.07,1.15,11.9,81,1,3.76
AIR105649,2025-07-15,Tamil Nadu,Tamil Nadu City 3,4G,98.29,69.27,1.06,34.9,119,1,3.56
AIR105650,2025-08-15,Uttar Pradesh,Uttar Pradesh City 1,4G,98.15,25.54,0.05,15.8,79,0,4.19
AIR105651,2025-09-15,Maharashtra,Maharashtra City 3,4G,96.96,46.08,1.05,52.1,72,0,3.45
AIR105652,2025-10-15,Tamil Nadu,Tamil Nadu City 1,5G,98.7,203,0.81,22.2,55,1,3.51
AIR105653,2025-11-15,Karnataka,Karnataka City 3,4G,97.95,33.91,0.86,33.4,118,0,3.2
AIR105654,2025-12-15,West Bengal,West Bengal City 2,4G,99.72,52.18,0.78,17.4,136,1,4.21
AIR105655,2025-02-15,Telangana,Telangana City 2,4G,97.78,52.61,1.06,28.5,31,0,3.23
AIR105656,2025-03-15,Karnataka,Karnataka City 2,5G,99.75,99.76,0.36,15.2,61,0,4.1
AIR105657,2025-04-15,Karnataka,Karnataka City 3,4G,97.84,56.02,1.08,36.6,162,0,3.67
AIR105658,2025-05-15,Rajasthan,Rajasthan City 3,4G,97.63,44.09,0.57,30.1,9,1,3.86
AIR105659,2025-06-15,Gujarat,Gujarat City 2,5G,98.8,217.15,0.96,22.8,22,1,3.46
AIR105660,2025-07-15,Kerala,Kerala City 2,5G,99.47,111.02,0.42,23.7,127,1,4.46
AIR105661,2025-08-15,Uttar Pradesh,Uttar Pradesh City 1,4G,97.66,53.05,0.05,36.8,99,0,3.89
AIR105662,2025-09-15,Gujarat,Gujarat City 1,5G,98.93,139.15,0.6,14.7,67,0,3.95
AIR105663,2025-10-15,Rajasthan,Rajasthan City 2,4G,98.7,40.81,1.45,48.4,50,1,4.05
AIR105664,2025-11-15,Telangana,Telangana City 2,4G,98.25,37.29,1.21,49.1,41,0,3.78
AIR105665,2025-12-15,Uttar Pradesh,Uttar Pradesh City 3,4G,97.75,46.57,0.76,45.4,30,1,3.82
AIR105666,2025-02-15,Uttar Pradesh,Uttar Pradesh City 2,5G,98.54,109.79,0.63,7.6,116,0,3.52
AIR105667,2025-03-15,Rajasthan,Rajasthan City 1,4G,98.71,21.77,1.25,20.3,129,0,3.78
AIR105668,2025-04-15,Delhi,Delhi City 1,4G,97.3,24.33,1.57,32,94,0,3.07
AIR105669,2025-05-15,Karnataka,Karnataka City 1,4G,99.08,55.15,0.87,33.9,93,1,3.37
AIR105670,2025-06-15,West Bengal,West Bengal City 1,5G,99.49,102.33,0.61,20.9,100,0,3.86
AIR105671,2025-07-15,Delhi,Delhi City 1,4G,97.88,25.09,0.27,42.1,91,0,4.09
AIR105672,2025-08-15,Rajasthan,Rajasthan City 1,4G,97.39,38.2,0.77,37.1,67,0,3.37
AIR105673,2025-09-15,Delhi,Delhi City 2,4G,98.84,34.32,1.24,42.8,41,0,3.5
AIR105674,2025-10-15,West Bengal,West Bengal City 1,4G,98.95,31.9,1.67,63.5,90,1,3.49
AIR105675,2025-11-15,Rajasthan,Rajasthan City 1,5G,99.21,252.83,0.77,11.2,19,0,3.96
AIR105676,2025-12-15,Rajasthan,Rajasthan City 1,4G,97.24,58.02,0.72,37.9,59,0,3.14
AIR105677,2025-02-15,Uttar Pradesh,Uttar Pradesh City 1,5G,99.41,181.24,0.64,28,29,1,4.05
AIR105678,2025-03-15,Delhi,Delhi City 2,4G,95.88,41.5,1.4,26.6,76,0,2.58
AIR105679,2025-04-15,Tamil Nadu,Tamil Nadu City 3,5G,98.29,175.18,0.91,15.6,93,0,3.43
AIR105680,2025-05-15,Maharashtra,Maharashtra City 3,4G,95.65,53.15,1.31,55.9,99,0,3.06
AIR105681,2025-06-15,Rajasthan,Rajasthan City 3,4G,97.86,49.61,0.78,30.4,129,0,3.34
AIR105682,2025-07-15,Delhi,Delhi City 3,5G,99.38,112.81,0.46,32.2,5,0,4.12
AIR105683,2025-08-15,Kerala,Kerala City 1,5G,98.37,149.04,0.89,13.6,66,1,4.02
AIR105684,2025-09-15,Telangana,Telangana City 3,4G,99.04,67.63,0.97,40,95,0,3.44
AIR105685,2025-10-15,Kerala,Kerala City 3,4G,98.33,43.15,1.44,45.6,78,0,3.39
AIR105686,2025-11-15,Delhi,Delhi City 2,4G,98.58,49.81,0.47,31.8,88,0,3.78
AIR105687,2025-12-15,Karnataka,Karnataka City 2,5G,99.11,117.07,0.46,19,5,1,3.81
AIR105688,2025-02-15,Karnataka,Karnataka City 2,4G,97.38,53.32,1.36,23.9,81,0,2.58
AIR105689,2025-03-15,Delhi,Delhi City 1,4G,98.54,57.34,1.33,43.3,90,0,3.05
AIR105690,2025-04-15,Uttar Pradesh,Uttar Pradesh City 1,4G,97.92,50.67,1.1,39.2,110,0,3.81
AIR105691,2025-05-15,Uttar Pradesh,Uttar Pradesh City 1,5G,99.82,172.28,0.55,22.4,69,1,4.29
AIR105692,2025-06-15,Rajasthan,Rajasthan City 2,4G,99.11,57.34,0.74,60.2,81,0,3.36
AIR105693,2025-07-15,West Bengal,West Bengal City 3,4G,97.84,56.2,0.78,27.1,73,0,3.43
AIR105694,2025-08-15,Maharashtra,Maharashtra City 2,4G,98.14,44.04,0.55,31.9,57,0,3.69
AIR105695,2025-09-15,Rajasthan,Rajasthan City 1,4G,98.4,52.28,1.57,36.5,59,0,2.71
AIR105696,2025-10-15,Kerala,Kerala City 2,4G,98.38,41.65,1,34.7,19,1,3.37
AIR105697,2025-11-15,Maharashtra,Maharashtra City 3,5G,100,149.44,0.17,18.2,42,1,4
AIR105698,2025-12-15,Kerala,Kerala City 1,5G,98.62,106.27,0.06,16.4,68,0,3.75
AIR105699,2025-02-15,Uttar Pradesh,Uttar Pradesh City 3,4G,96.7,28.12,1.02,28.8,84,0,2.93
AIR105700,2025-03-15,Delhi,Delhi City 3,5G,99.68,190.56,0.72,28.3,116,0,4.05
AIR105701,2025-04-15,West Bengal,West Bengal City 1,4G,99.73,36.22,1.15,43.7,60,1,4.11
AIR105702,2025-05-15,Kerala,Kerala City 3,4G,98.53,52.25,1.71,25.5,55,0,3.43
AIR105703,2025-06-15,Uttar Pradesh,Uttar Pradesh City 2,5G,99.78,158.67,0.78,24.8,64,0,4.47
AIR105704,2025-07-15,West Bengal,West Bengal City 3,4G,97.24,42.71,1.41,48.3,87,0,3.1
AIR105705,2025-08-15,Rajasthan,Rajasthan City 3,4G,98.09,59.01,0.94,36.4,41,1,3.57
AIR105706,2025-09-15,Delhi,Delhi City 3,5G,99.04,176.86,0.64,17.4,89,1,4.26
AIR105707,2025-10-15,Telangana,Telangana City 2,4G,99.08,40.31,0.89,50.5,55,1,3.85
AIR105708,2025-11-15,Karnataka,Karnataka City 3,5G,99.83,144.91,0.36,23.1,88,0,4.39
AIR105709,2025-12-15,Gujarat,Gujarat City 3,5G,99.03,136.7,0.76,10.6,91,0,3.67
AIR105710,2025-02-15,West Bengal,West Bengal City 2,4G,98.79,41.57,0.48,38.8,33,0,4.04
AIR105711,2025-03-15,Telangana,Telangana City 1,4G,96.56,42.7,0.99,47,106,0,2.45
AIR105712,2025-04-15,Telangana,Telangana City 1,4G,98.13,75.48,1.12,23.7,61,1,3.28
AIR105713,2025-05-15,West Bengal,West Bengal City 1,4G,98.45,34.26,1.8,46.4,50,1,2.81
AIR105714,2025-06-15,Telangana,Telangana City 3,4G,99.14,60.27,1.32,32.1,70,1,3.45
AIR105715,2025-07-15,Kerala,Kerala City 1,5G,99.2,157.45,0.43,20.4,75,1,3.27
AIR105716,2025-08-15,Telangana,Telangana City 2,4G,99.21,40.93,1.71,39.2,57,0,2.95
AIR105717,2025-09-15,Uttar Pradesh,Uttar Pradesh City 3,4G,99.32,52.71,0.71,49.5,83,1,3.76
AIR105718,2025-10-15,Maharashtra,Maharashtra City 3,4G,98.14,51.71,0.91,24.9,74,0,3.54
AIR105719,2025-11-15,Kerala,Kerala City 3,4G,97.13,36.43,0.78,32,91,0,3.42
AIR105720,2025-12-15,Telangana,Telangana City 1,5G,98.81,163.63,0.82,6.7,60,1,4.36
AIR105721,2025-02-15,Rajasthan,Rajasthan City 1,4G,98.88,32.6,0.8,23.7,35,0,4.1
AIR105722,2025-03-15,Karnataka,Karnataka City 1,5G,99.28,136.82,0.42,26.3,83,0,4.23
AIR105723,2025-04-15,Delhi,Delhi City 3,4G,98.26,34.95,1.2,37,71,0,3.71
AIR105724,2025-05-15,Telangana,Telangana City 2,4G,98.75,35.15,1.45,39.3,6,0,3.8
AIR105725,2025-06-15,Tamil Nadu,Tamil Nadu City 3,4G,99.43,57.35,1.53,25.3,71,0,3.72
AIR105726,2025-07-15,Karnataka,Karnataka City 2,4G,97.08,42.74,0.93,53.6,69,1,3.17
AIR105727,2025-08-15,Rajasthan,Rajasthan City 3,4G,99.18,53.46,1.19,31.7,69,0,3.72
AIR105728,2025-09-15,Uttar Pradesh,Uttar Pradesh City 2,4G,98.15,36.21,1.16,34.8,34,0,3.25
AIR105729,2025-10-15,Telangana,Telangana City 3,5G,99.21,118.96,0.55,31.2,84,0,3.83
AIR105730,2025-11-15,Uttar Pradesh,Uttar Pradesh City 3,4G,99.2,51.5,0.75,54.9,106,1,3.87
AIR105731,2025-12-15,Telangana,Telangana City 2,5G,99.44,217.19,0.47,22.2,127,0,3.21
AIR105732,2025-02-15,Gujarat,Gujarat City 2,4G,98.63,39.34,1.14,43.8,76,0,2.57
AIR105733,2025-03-15,Maharashtra,Maharashtra City 2,4G,97.65,50.14,1.13,22,125,0,3.25
AIR105734,2025-04-15,Uttar Pradesh,Uttar Pradesh City 2,4G,98.03,40.42,1.11,33.8,122,1,2.69
AIR105735,2025-05-15,Maharashtra,Maharashtra City 2,4G,99.38,63.18,0.89,52,91,0,3.74
AIR105736,2025-06-15,Karnataka,Karnataka City 2,5G,99.42,124.37,0.57,14.5,32,0,4.3
AIR105737,2025-07-15,Gujarat,Gujarat City 2,4G,99.23,38.89,0.93,38.5,57,0,4.23
AIR105738,2025-08-15,Delhi,Delhi City 2,4G,96.56,44.18,1.37,25.3,59,0,3.17
AIR105739,2025-09-15,Kerala,Kerala City 3,4G,99.26,66.03,0.56,29.4,100,0,3.97
AIR105740,2025-10-15,Maharashtra,Maharashtra City 2,4G,97.38,50.38,0.97,47,97,0,3.61
AIR105741,2025-11-15,Gujarat,Gujarat City 2,5G,98.81,170.29,0.15,19.6,5,0,4.1
AIR105742,2025-12-15,Maharashtra,Maharashtra City 3,4G,97.83,52.47,1.09,52.9,91,1,3.11
AIR105743,2025-02-15,West Bengal,West Bengal City 3,5G,99.61,117.35,0.51,23.7,82,0,3.8
AIR105744,2025-03-15,Rajasthan,Rajasthan City 1,4G,98.51,37.9,1.15,34.2,96,0,3.65
AIR105745,2025-04-15,Delhi,Delhi City 1,5G,99.02,211.51,0.63,14.3,103,1,3.71
AIR105746,2025-05-15,Rajasthan,Rajasthan City 2,5G,98.74,166.37,0.51,24.9,92,1,3.61
AIR105747,2025-06-15,Telangana,Telangana City 2,4G,98.51,56.68,1.35,53.9,41,1,3.21
AIR105748,2025-07-15,Maharashtra,Maharashtra City 1,4G,97.96,38.9,0.78,38.6,93,0,3.59
AIR105749,2025-08-15,Telangana,Telangana City 1,5G,98.87,115.52,0.55,10.9,46,0,5
AIR105750,2025-09-15,Tamil Nadu,Tamil Nadu City 2,4G,98.55,32.7,0.83,37.1,69,0,3.49
AIR105751,2025-10-15,Maharashtra,Maharashtra City 1,5G,98.29,151.76,0.72,13.4,5,0,3.7
AIR105752,2025-11-15,Gujarat,Gujarat City 2,4G,98.63,51.4,0.73,44.8,67,0,3.36
AIR105753,2025-12-15,Delhi,Delhi City 3,4G,98.38,56.21,1.03,38.1,66,1,3.52
AIR105754,2025-02-15,Telangana,Telangana City 3,5G,99.9,183.54,0.63,31.9,50,0,4.24
AIR105755,2025-03-15,Maharashtra,Maharashtra City 1,4G,99.41,67.8,1.28,49.1,104,0,3.36
AIR105756,2025-04-15,Tamil Nadu,Tamil Nadu City 3,4G,99.45,41.44,0.73,32.1,118,0,3.51
AIR105757,2025-05-15,Rajasthan,Rajasthan City 3,4G,95.63,60.57,1.6,50.3,85,0,2.5
AIR105758,2025-06-15,Gujarat,Gujarat City 3,4G,97.51,33.69,0.98,26.6,77,0,3.92
AIR105759,2025-07-15,West Bengal,West Bengal City 3,5G,98.7,160.35,0.72,15.3,121,0,3.9
AIR105760,2025-08-15,Maharashtra,Maharashtra City 2,5G,99.24,137.45,0.71,18.5,112,1,3.2
AIR105761,2025-09-15,West Bengal,West Bengal City 2,5G,98.58,238.65,0.46,17.3,30,0,4.21
AIR105762,2025-10-15,Karnataka,Karnataka City 1,4G,98.98,37.5,1.33,29.3,95,0,4.24
AIR105763,2025-11-15,Delhi,Delhi City 3,4G,97.66,28.9,1.37,40.2,55,0,3.68
AIR105764,2025-12-15,Maharashtra,Maharashtra City 3,5G,99.51,118.85,0.99,28.2,91,1,3.22
AIR105765,2025-02-15,Uttar Pradesh,Uttar Pradesh City 3,4G,97.57,54.9,1.19,50.2,72,0,3.27
AIR105766,2025-03-15,Tamil Nadu,Tamil Nadu City 1,4G,98.31,28.56,1.33,32.1,88,1,3.5
AIR105767,2025-04-15,Telangana,Telangana City 2,5G,98.41,100.73,0.51,10.8,48,1,4.54
AIR105768,2025-05-15,Uttar Pradesh,Uttar Pradesh City 3,4G,97.67,73.38,0.91,22.7,48,0,3.22
AIR105769,2025-06-15,Karnataka,Karnataka City 2,4G,96.8,25.46,1.5,55.9,46,0,3.14
AIR105770,2025-07-15,Delhi,Delhi City 1,4G,99.09,13.66,1.07,41.4,13,1,3.79
AIR105771,2025-08-15,Rajasthan,Rajasthan City 2,4G,98.29,24.66,1.32,42.2,74,0,3.52
AIR105772,2025-09-15,Gujarat,Gujarat City 3,4G,98.1,63.12,0.98,40.3,33,0,3.36
AIR105773,2025-10-15,West Bengal,West Bengal City 2,5G,99.78,169.43,0.45,10.8,51,0,4.4
AIR105774,2025-11-15,Karnataka,Karnataka City 2,4G,98.05,36.25,1.27,45.1,5,0,3.16
AIR105775,2025-12-15,Telangana,Telangana City 1,4G,99.05,37.27,1.08,38.3,119,0,3.38
AIR105776,2025-02-15,Gujarat,Gujarat City 1,5G,99.42,202.18,0.71,13.2,54,0,4.59
AIR105777,2025-03-15,Rajasthan,Rajasthan City 1,4G,97.89,58.89,0.86,22.8,121,0,3.36
AIR105778,2025-04-15,Telangana,Telangana City 1,4G,96.8,58.97,0.91,50.7,105,1,3.93
AIR105779,2025-05-15,Tamil Nadu,Tamil Nadu City 2,4G,97.76,56.85,1.05,32.2,122,0,2.93
AIR105780,2025-06-15,West Bengal,West Bengal City 2,5G,99.44,143.95,0.98,14.4,59,0,4.22
AIR105781,2025-07-15,Uttar Pradesh,Uttar Pradesh City 1,4G,98.5,44.22,0.67,66,70,0,3.21
AIR105782,2025-08-15,Maharashtra,Maharashtra City 1,4G,98.62,32.43,0.63,15.9,93,0,3.54
AIR105783,2025-09-15,Karnataka,Karnataka City 3,4G,98.77,62.1,0.61,46.8,110,0,3.96
AIR105784,2025-10-15,Maharashtra,Maharashtra City 3,4G,98.09,51.72,1.55,37.9,67,1,3.16
AIR105785,2025-11-15,Gujarat,Gujarat City 1,4G,97.48,46.34,0.81,24,100,0,3.04
AIR105786,2025-12-15,Maharashtra,Maharashtra City 2,4G,98.05,31.25,0.34,34.6,90,0,3.87
AIR105787,2025-02-15,Uttar Pradesh,Uttar Pradesh City 1,4G,97.45,17.77,1.8,31.4,56,0,3.58
AIR105788,2025-03-15,Kerala,Kerala City 2,4G,96.75,30.33,1.7,30.8,98,0,2.91
AIR105789,2025-04-15,Gujarat,Gujarat City 2,4G,98.53,51.27,1.65,41.9,46,0,3.21
AIR105790,2025-05-15,West Bengal,West Bengal City 3,4G,96.65,36.82,1.09,32.9,52,0,3.18
AIR105791,2025-06-15,Telangana,Telangana City 1,4G,97.32,63.04,1.39,38.8,104,0,3.36
AIR105792,2025-07-15,West Bengal,West Bengal City 1,5G,99.65,160.44,0.93,20.1,88,0,4.11
AIR105793,2025-08-15,Maharashtra,Maharashtra City 2,5G,99.42,168.42,0.73,31.1,5,1,3.37
AIR105794,2025-09-15,Delhi,Delhi City 1,5G,99.15,128.52,0.39,13,105,0,3.91
AIR105795,2025-10-15,Gujarat,Gujarat City 3,4G,96.54,19.72,0.96,37.1,81,0,2.81
AIR105796,2025-11-15,Telangana,Telangana City 3,4G,98.07,56.71,1.1,40,5,0,2.96
AIR105797,2025-12-15,Rajasthan,Rajasthan City 1,4G,98.12,41.27,1.61,40.3,72,0,2.81
AIR105798,2025-02-15,Tamil Nadu,Tamil Nadu City 1,4G,97.43,9.17,0.68,42.4,82,0,3.93
AIR105799,2025-03-15,West Bengal,West Bengal City 3,4G,98,40.7,1.17,40.4,32,0,3.49
AIR105800,2025-04-15,West Bengal,West Bengal City 1,4G,97.58,57.85,1.15,43.7,34,0,3.43
AIR105801,2025-05-15,Gujarat,Gujarat City 2,4G,98.47,33.27,1.25,36.3,82,1,3.75
AIR105802,2025-06-15,Delhi,Delhi City 1,4G,97.6,26.03,0.4,25.1,91,1,3.06
AIR105803,2025-07-15,Maharashtra,Maharashtra City 2,4G,97.61,25.81,0.52,34,72,1,3.88
AIR105804,2025-08-15,Maharashtra,Maharashtra City 1,4G,98.83,40.14,0.75,33,48,0,3.41
AIR105805,2025-09-15,Gujarat,Gujarat City 1,4G,98.03,54.47,1.26,28.5,102,1,3.62
AIR105806,2025-10-15,West Bengal,West Bengal City 3,4G,97.72,49.02,1.3,33.9,5,0,3.24
AIR105807,2025-11-15,Telangana,Telangana City 2,5G,99.25,135.35,0.85,19.8,29,0,3.83
AIR105808,2025-12-15,Tamil Nadu,Tamil Nadu City 3,4G,98.47,36.96,0.88,35.2,39,0,3.31
AIR105809,2025-02-15,Gujarat,Gujarat City 1,4G,96.84,52.91,0.86,31.1,144,1,3.25
AIR105810,2025-03-15,Telangana,Telangana City 3,5G,99.36,100.8,0.12,17.5,72,0,3.48
AIR105811,2025-04-15,Telangana,Telangana City 1,4G,98.11,39.63,1.14,25.1,102,0,2.92
AIR105812,2025-05-15,Rajasthan,Rajasthan City 1,4G,98.9,26.01,0.57,42.9,36,0,3.64
AIR105813,2025-06-15,Uttar Pradesh,Uttar Pradesh City 1,4G,96.47,43.51,0.49,44.6,106,0,3.96
AIR105814,2025-07-15,Kerala,Kerala City 2,4G,97.19,47.75,1.02,44.2,31,0,3.7
AIR105815,2025-08-15,Tamil Nadu,Tamil Nadu City 2,4G,99.29,65.72,0.83,51.7,119,1,3.45
AIR105816,2025-09-15,Karnataka,Karnataka City 2,4G,97.55,45.93,1.45,23.6,14,1,3.66
AIR105817,2025-10-15,Delhi,Delhi City 3,4G,97.55,48.4,1.02,46.5,39,0,3.36
AIR105818,2025-11-15,Kerala,Kerala City 1,5G,98.26,197.41,0.79,22,52,0,3.34
AIR105819,2025-12-15,Rajasthan,Rajasthan City 3,4G,98.63,39.23,1.11,26.9,122,0,3.53
AIR105820,2025-02-15,Tamil Nadu,Tamil Nadu City 3,4G,96.85,46.15,1.43,38.4,49,1,3.15
AIR105821,2025-03-15,Maharashtra,Maharashtra City 1,4G,98.11,65.91,1.93,38.4,99,0,2.9
AIR105822,2025-04-15,Kerala,Kerala City 3,4G,98.56,40.43,1.45,38.3,115,1,3.63
AIR105823,2025-05-15,Maharashtra,Maharashtra City 1,5G,99.37,120.42,0.58,17,110,0,4.02
AIR105824,2025-06-15,Delhi,Delhi City 1,4G,98.37,51.21,1.13,33.3,76,1,3.57
AIR105825,2025-07-15,Maharashtra,Maharashtra City 1,5G,98.67,122.2,0.36,29.6,45,1,3.55
AIR105826,2025-08-15,Delhi,Delhi City 1,4G,99.07,55.63,1.29,38,65,0,3.46
AIR105827,2025-09-15,Tamil Nadu,Tamil Nadu City 3,5G,100,141.74,0.68,26.6,77,0,3.91
AIR105828,2025-10-15,West Bengal,West Bengal City 3,4G,97.05,65.71,1.24,53.5,73,1,2.67
AIR105829,2025-11-15,Delhi,Delhi City 3,4G,97.78,48.16,1.44,35.1,65,0,2.96
AIR105830,2025-12-15,Telangana,Telangana City 2,5G,98.46,218.37,0.55,18.7,94,1,3.94
AIR105831,2025-02-15,Karnataka,Karnataka City 3,5G,99.88,99.77,1.04,17.8,105,0,3.8
AIR105832,2025-03-15,Karnataka,Karnataka City 3,4G,98.76,50.85,0.92,32.4,135,0,3.04
AIR105833,2025-04-15,Gujarat,Gujarat City 2,5G,98.9,147.93,0.76,17.7,105,0,3.43
AIR105834,2025-05-15,Karnataka,Karnataka City 1,4G,99.01,44.89,0.97,31.3,101,0,3.63
AIR105835,2025-06-15,Gujarat,Gujarat City 1,4G,96.52,41.7,0.79,17.5,61,0,3.33
AIR105836,2025-07-15,Karnataka,Karnataka City 1,4G,98.45,61.51,1.09,43.8,59,0,3.58
AIR105837,2025-08-15,Delhi,Delhi City 2,5G,98.79,87.84,0.8,16.6,78,0,3.44
AIR105838,2025-09-15,Telangana,Telangana City 3,5G,99.31,110.02,0.79,24.7,94,0,3.06
AIR105839,2025-10-15,West Bengal,West Bengal City 3,4G,99.02,50.09,0.46,36.4,86,0,3.47
AIR105840,2025-11-15,Maharashtra,Maharashtra City 3,4G,97.3,48.65,0.98,37.6,66,0,2.9
AIR105841,2025-12-15,Rajasthan,Rajasthan City 3,4G,98.39,31.86,1.79,52.4,117,1,3.76
AIR105842,2025-02-15,Karnataka,Karnataka City 2,4G,98.41,64.05,1.41,49.6,143,0,3.33
AIR105843,2025-03-15,West Bengal,West Bengal City 3,4G,98.4,28.99,1.47,48.3,23,0,3.51
AIR105844,2025-04-15,West Bengal,West Bengal City 1,4G,99.33,28.67,1.04,46.3,102,0,3.34
AIR105845,2025-05-15,Delhi,Delhi City 2,4G,98.17,66.37,0.98,32.6,17,1,3.44
AIR105846,2025-06-15,Tamil Nadu,Tamil Nadu City 2,4G,98.56,44.19,1.1,56.2,25,0,3
AIR105847,2025-07-15,Tamil Nadu,Tamil Nadu City 1,4G,99.03,47.69,0.74,39.5,72,0,3.36
AIR105848,2025-08-15,Karnataka,Karnataka City 1,5G,98.97,172.99,0.54,21.9,160,0,3.49
AIR105849,2025-09-15,Rajasthan,Rajasthan City 3,4G,98.07,41.46,1.05,18.4,60,1,2.57
AIR105850,2025-10-15,Karnataka,Karnataka City 1,4G,97.18,58.23,0.57,38.5,5,0,3.59
AIR105851,2025-11-15,Karnataka,Karnataka City 2,4G,98.65,52.24,1.05,34.8,163,0,3.36
AIR105852,2025-12-15,Gujarat,Gujarat City 2,4G,98.29,51.37,0.57,14.8,80,0,4.17
AIR105853,2025-02-15,Telangana,Telangana City 2,4G,98.79,30.71,1.44,47.1,72,0,3.12
AIR105854,2025-03-15,Telangana,Telangana City 3,4G,98.14,42.64,0.51,45.2,99,1,3.79
AIR105855,2025-04-15,Rajasthan,Rajasthan City 3,5G,99.6,146.09,0.56,19.4,17,1,3.13
AIR105856,2025-05-15,Gujarat,Gujarat City 1,4G,98.49,21.62,1.02,31.3,124,1,3.81
AIR105857,2025-06-15,West Bengal,West Bengal City 3,4G,99.35,34.35,0.67,49.8,58,0,4.03
AIR105858,2025-07-15,Gujarat,Gujarat City 3,4G,98.67,54.22,0.7,48.4,69,0,3.66
AIR105859,2025-08-15,Karnataka,Karnataka City 2,4G,97.06,31.74,0.86,21.6,98,0,3.31
AIR105860,2025-09-15,Tamil Nadu,Tamil Nadu City 2,5G,99.7,93.6,0.43,19.6,28,0,4.76
AIR105861,2025-10-15,Kerala,Kerala City 1,5G,99.43,132.88,0.72,22.2,63,0,3.58
AIR105862,2025-11-15,Rajasthan,Rajasthan City 2,4G,97.67,50.9,0.97,29.7,26,0,3.49
AIR105863,2025-12-15,West Bengal,West Bengal City 3,4G,97.81,53.96,0.59,42.2,17,0,3.4
AIR105864,2025-02-15,Delhi,Delhi City 1,5G,99.01,139.05,0.41,26,84,0,4.8
AIR105865,2025-03-15,Kerala,Kerala City 1,4G,98.13,50.83,0.62,44.6,97,1,3.25
AIR105866,2025-04-15,Kerala,Kerala City 2,5G,99.04,138.29,0.77,16.8,111,0,4.17
AIR105867,2025-05-15,Gujarat,Gujarat City 2,5G,99.43,131.34,0.85,6.8,86,0,4.21
AIR105868,2025-06-15,Maharashtra,Maharashtra City 2,4G,98.21,40.37,1.31,52.5,5,0,3.33
AIR105869,2025-07-15,Kerala,Kerala City 1,5G,99.24,145.67,0.76,21.1,61,0,3.8
AIR105870,2025-08-15,Karnataka,Karnataka City 2,5G,98.84,179.46,1.25,26.1,144,0,3.11
AIR105871,2025-09-15,Uttar Pradesh,Uttar Pradesh City 3,5G,99.31,139.05,0.57,11.5,66,0,3.48
AIR105872,2025-10-15,Tamil Nadu,Tamil Nadu City 1,4G,99.12,40.57,1.66,39.2,52,0,3.09
AIR105873,2025-11-15,Tamil Nadu,Tamil Nadu City 2,4G,98.53,62.16,1.72,29.6,57,1,2.82
AIR105874,2025-12-15,Uttar Pradesh,Uttar Pradesh City 3,4G,98.98,23.19,1.25,33.2,36,0,3.06
AIR105875,2025-02-15,Telangana,Telangana City 3,4G,98.53,46.1,1.55,50.2,87,1,3.33
AIR105876,2025-03-15,Karnataka,Karnataka City 2,4G,98.51,49.29,0.84,49,70,0,3.63
AIR105877,2025-04-15,Delhi,Delhi City 3,4G,98.05,53.6,0.57,32.7,134,1,3.78
AIR105878,2025-05-15,Kerala,Kerala City 1,4G,97.81,57.93,1.09,36.3,107,0,3.57
AIR105879,2025-06-15,Telangana,Telangana City 1,4G,98.9,30.58,1.04,32.8,18,0,3.91
AIR105880,2025-07-15,Karnataka,Karnataka City 3,4G,98.55,39.65,1.04,39.2,32,0,3.98
AIR105881,2025-08-15,Gujarat,Gujarat City 1,4G,97.92,52.76,1.42,32.4,94,0,3.39
AIR105882,2025-09-15,Tamil Nadu,Tamil Nadu City 2,5G,99.28,163.41,0.63,22.3,121,1,3.77
AIR105883,2025-10-15,Telangana,Telangana City 3,4G,98.05,46.89,1.09,53.3,92,0,3.02
AIR105884,2025-11-15,Rajasthan,Rajasthan City 1,4G,98.52,58.83,0.97,38.3,105,0,3.88
AIR105885,2025-12-15,Kerala,Kerala City 2,5G,99.08,121.09,0.05,26.8,74,1,3.92
AIR105886,2025-02-15,Kerala,Kerala City 2,4G,97.84,51.34,0.47,16.7,150,1,3.99
AIR105887,2025-03-15,Delhi,Delhi City 1,4G,97.31,59.6,0.83,45.8,101,0,3.49
AIR105888,2025-04-15,Maharashtra,Maharashtra City 3,5G,100,160.57,0.17,15.6,137,0,4.69
AIR105889,2025-05-15,Rajasthan,Rajasthan City 2,5G,100,171.4,0.23,15.6,61,1,4.01
AIR105890,2025-06-15,Kerala,Kerala City 2,4G,97.77,45.76,0.56,43.1,5,0,3.5
AIR105891,2025-07-15,West Bengal,West Bengal City 2,5G,99.24,173.14,0.75,26.7,85,0,4.08
AIR105892,2025-08-15,Rajasthan,Rajasthan City 2,5G,98.9,94.23,0.7,21.8,83,0,3.33
AIR105893,2025-09-15,Kerala,Kerala City 3,4G,98.59,52.12,0.7,51,98,0,3.16
AIR105894,2025-10-15,Uttar Pradesh,Uttar Pradesh City 1,4G,97.61,50.28,1,47.9,81,0,3.37
AIR105895,2025-11-15,Rajasthan,Rajasthan City 1,4G,98.19,28.5,0.88,33.6,92,0,3.48
AIR105896,2025-12-15,Karnataka,Karnataka City 1,4G,97.32,31.33,1.09,39.8,72,1,3.39
AIR105897,2025-02-15,Rajasthan,Rajasthan City 2,4G,98.73,32,1.04,28.1,101,1,3.41
AIR105898,2025-03-15,Delhi,Delhi City 3,5G,99.55,185.1,1.17,23.9,22,0,4.07
AIR105899,2025-04-15,Gujarat,Gujarat City 1,4G,97.27,46.48,0.77,24,79,0,3.24
AIR105900,2025-05-15,Gujarat,Gujarat City 3,5G,98.85,125.31,0.29,32.7,165,0,3.43
AIR105901,2025-06-15,Gujarat,Gujarat City 1,4G,99.48,42.19,1.46,37,82,0,3.79
AIR105902,2025-07-15,Karnataka,Karnataka City 2,4G,97.54,61.84,1.1,35.5,67,0,3.16
AIR105903,2025-08-15,Telangana,Telangana City 1,4G,99.37,47.29,1.32,41.4,116,0,3.25
AIR105904,2025-09-15,Gujarat,Gujarat City 2,4G,98.23,36.83,1.08,27.5,137,0,3.14
AIR105905,2025-10-15,Tamil Nadu,Tamil Nadu City 2,4G,98.11,42.9,1.07,43,102,0,3.28
AIR105906,2025-11-15,Karnataka,Karnataka City 1,5G,99.66,152.72,0.54,17.8,77,0,4.13
AIR105907,2025-12-15,Telangana,Telangana City 3,4G,97.98,48.12,1.33,43.6,115,0,4
AIR105908,2025-02-15,Tamil Nadu,Tamil Nadu City 2,4G,97.23,33.78,0.78,40.2,57,0,3.59
AIR105909,2025-03-15,Tamil Nadu,Tamil Nadu City 3,5G,98.6,163.9,0.46,23.6,158,0,4.02
AIR105910,2025-04-15,Tamil Nadu,Tamil Nadu City 1,4G,99.91,44.29,1.08,35.8,88,0,4.14
AIR105911,2025-05-15,West Bengal,West Bengal City 2,4G,97.06,29.68,0.88,49.6,72,0,3.51
AIR105912,2025-06-15,Delhi,Delhi City 3,4G,98.34,57.37,1.8,42,146,1,3.14
AIR105913,2025-07-15,Delhi,Delhi City 2,5G,99.24,131.4,0.78,20.6,65,1,4.43
AIR105914,2025-08-15,Karnataka,Karnataka City 1,4G,98.08,45.53,0.9,44.1,53,0,3.73
AIR105915,2025-09-15,Tamil Nadu,Tamil Nadu City 2,4G,97.56,42.52,1.1,35.8,108,1,3.27
AIR105916,2025-10-15,Uttar Pradesh,Uttar Pradesh City 1,4G,96.81,36.35,0.95,30.7,30,0,3.77
AIR105917,2025-11-15,Rajasthan,Rajasthan City 3,5G,98.78,199.74,0.54,21.4,79,0,3.83
AIR105918,2025-12-15,Telangana,Telangana City 2,4G,97.68,73.23,1.39,36.2,72,0,3.18
AIR105919,2025-02-15,Delhi,Delhi City 3,5G,99,137.87,0.79,19.8,69,0,3.93
AIR105920,2025-03-15,Gujarat,Gujarat City 1,4G,97.6,39.64,0.64,13.6,69,0,3.29
AIR105921,2025-04-15,Karnataka,Karnataka City 1,4G,98.61,47.9,1.1,29.2,75,0,2.93
AIR105922,2025-05-15,Telangana,Telangana City 3,5G,99.46,117.56,0.54,28.1,7,0,4.69
AIR105923,2025-06-15,Karnataka,Karnataka City 3,5G,99.66,128.64,0.71,17.6,10,1,4.24
AIR105924,2025-07-15,Uttar Pradesh,Uttar Pradesh City 1,4G,98.6,35.82,0.9,31,91,0,3.96
AIR105925,2025-08-15,West Bengal,West Bengal City 3,4G,98.2,40.72,1.06,17.5,70,0,3.82
AIR105926,2025-09-15,West Bengal,West Bengal City 1,4G,97.57,57.53,0.9,40.9,49,0,3.59
AIR105927,2025-10-15,Tamil Nadu,Tamil Nadu City 3,4G,98.89,45.66,0.58,44.3,99,0,3.72
AIR105928,2025-11-15,West Bengal,West Bengal City 1,5G,99.6,191.46,0.68,17.8,28,1,3.62
AIR105929,2025-12-15,Karnataka,Karnataka City 1,4G,98.5,59.07,0.45,40.3,100,0,3.43
AIR105930,2025-02-15,Gujarat,Gujarat City 2,4G,96,58.32,0.78,35.8,57,0,2.84
AIR105931,2025-03-15,Tamil Nadu,Tamil Nadu City 1,5G,99.55,123.52,0.78,15.3,87,0,3.93
AIR105932,2025-04-15,Kerala,Kerala City 1,4G,98.03,47.38,1.71,28.1,97,0,3.93
AIR105933,2025-05-15,Telangana,Telangana City 2,4G,97.89,53.16,0.55,54.1,33,1,3.39
AIR105934,2025-06-15,Uttar Pradesh,Uttar Pradesh City 2,5G,99.65,156.94,0.53,21.9,93,1,4.23
AIR105935,2025-07-15,Tamil Nadu,Tamil Nadu City 3,4G,97.59,29.98,0.85,59.9,80,1,3.34
AIR105936,2025-08-15,Karnataka,Karnataka City 3,5G,99.08,133.97,1.09,14.9,140,0,3.79
AIR105937,2025-09-15,Telangana,Telangana City 1,4G,98.37,40.34,0.91,26.5,90,1,3.88
AIR105938,2025-10-15,Gujarat,Gujarat City 3,4G,98.18,42.62,0.05,40.4,101,0,3.33
AIR105939,2025-11-15,Maharashtra,Maharashtra City 3,4G,97.49,48.61,1.18,48.5,92,0,2.91
AIR105940,2025-12-15,Uttar Pradesh,Uttar Pradesh City 1,4G,97.21,25.12,1.42,37.4,68,0,2.98
AIR105941,2025-02-15,Karnataka,Karnataka City 2,5G,99,130.85,0.99,18.2,58,1,3.25
AIR105942,2025-03-15,Uttar Pradesh,Uttar Pradesh City 2,5G,99.35,149.5,0.87,22.7,135,1,3.98
AIR105943,2025-04-15,Delhi,Delhi City 1,5G,100,158.52,0.83,15.4,110,0,4.02
AIR105944,2025-05-15,Maharashtra,Maharashtra City 1,4G,97.23,51.61,1.39,47.3,91,1,3.19
AIR105945,2025-06-15,Telangana,Telangana City 1,5G,99.43,132.8,0.82,21.4,80,0,3.65
AIR105946,2025-07-15,West Bengal,West Bengal City 1,5G,98.39,136.93,0.58,18.6,83,1,3.61
AIR105947,2025-08-15,Karnataka,Karnataka City 1,4G,97.88,63.76,0.89,35.6,69,0,3.34
AIR105948,2025-09-15,Uttar Pradesh,Uttar Pradesh City 1,5G,99.56,152.3,0.75,20.4,5,0,3.82
AIR105949,2025-10-15,Telangana,Telangana City 3,4G,97.83,42.69,1.21,51.9,63,0,3.29
AIR105950,2025-11-15,West Bengal,West Bengal City 3,4G,99,24.97,1.1,44.6,102,0,3.65
AIR105951,2025-12-15,Gujarat,Gujarat City 3,5G,98.17,112.77,0.56,21.6,64,0,3.19
AIR105952,2025-02-15,Gujarat,Gujarat City 2,4G,97.65,51.71,1.7,56.1,71,1,2.9
AIR105953,2025-03-15,Uttar Pradesh,Uttar Pradesh City 1,4G,99.44,40.08,1.27,32.7,5,1,3.71
AIR105954,2025-04-15,Tamil Nadu,Tamil Nadu City 1,4G,96.6,43.95,0.4,38.5,91,0,3.31
AIR105955,2025-05-15,Delhi,Delhi City 3,5G,99.25,169.06,0.47,21.4,63,0,3.64
AIR105956,2025-06-15,Tamil Nadu,Tamil Nadu City 2,4G,99.31,55.74,0.9,35.8,83,0,3.22
AIR105957,2025-07-15,Delhi,Delhi City 3,4G,97.32,26.23,1.25,44.4,9,0,3.09
AIR105958,2025-08-15,Karnataka,Karnataka City 1,4G,97.95,52.94,1.12,42.1,96,0,3.26
AIR105959,2025-09-15,Kerala,Kerala City 1,4G,97.3,33.28,1,34.8,50,0,3.74
AIR105960,2025-10-15,Uttar Pradesh,Uttar Pradesh City 3,5G,98.84,136.01,0.52,22,91,0,3.62
AIR105961,2025-11-15,Rajasthan,Rajasthan City 3,4G,99.3,36.86,1,36.9,60,0,3.99
AIR105962,2025-12-15,Uttar Pradesh,Uttar Pradesh City 1,4G,98.07,46.06,1.09,30.4,100,1,4.12
AIR105963,2025-02-15,Maharashtra,Maharashtra City 3,4G,96.57,64.64,1.32,37.3,37,1,3.72
AIR105964,2025-03-15,West Bengal,West Bengal City 1,5G,99.29,168.31,0.46,14.6,121,0,4.49
AIR105965,2025-04-15,Maharashtra,Maharashtra City 3,4G,98.37,51.89,1.41,31.3,34,1,4.02
AIR105966,2025-05-15,Gujarat,Gujarat City 2,5G,99.27,200.8,0.25,27.7,62,0,3.76
AIR105967,2025-06-15,Delhi,Delhi City 1,4G,99.45,39.99,1.56,39.9,104,1,3.61
AIR105968,2025-07-15,West Bengal,West Bengal City 2,4G,98.76,48.63,1,41.9,97,1,4.32
AIR105969,2025-08-15,Gujarat,Gujarat City 3,5G,98.42,107.67,0.78,25.7,32,0,3.65
AIR105970,2025-09-15,West Bengal,West Bengal City 2,5G,98.74,120.12,0.52,17.4,52,1,3.61
AIR105971,2025-10-15,Tamil Nadu,Tamil Nadu City 3,5G,99.37,234.6,0.84,23,91,0,3.91
AIR105972,2025-11-15,Gujarat,Gujarat City 2,5G,99.22,129.84,0.77,19.3,100,1,4.06
AIR105973,2025-12-15,Tamil Nadu,Tamil Nadu City 2,5G,99.4,194.53,0.89,26.2,112,1,3.9
AIR105974,2025-02-15,Tamil Nadu,Tamil Nadu City 2,5G,99.42,194.91,0.93,20.3,63,0,3.97
AIR105975,2025-03-15,West Bengal,West Bengal City 1,5G,99.61,81.8,0.58,17.3,68,0,3.13
AIR105976,2025-04-15,Telangana,Telangana City 2,4G,98.03,55.69,0.96,29.8,40,1,3.54
AIR105977,2025-05-15,Maharashtra,Maharashtra City 3,4G,96.64,40.81,1.34,21,76,1,3.28
AIR105978,2025-06-15,Gujarat,Gujarat City 3,4G,98.28,49.94,1.18,22.1,64,0,3.11
AIR105979,2025-07-15,Rajasthan,Rajasthan City 1,5G,99.46,196.37,0.18,17.3,8,0,4.38
AIR105980,2025-08-15,Telangana,Telangana City 1,4G,98.08,50.77,1.12,31,50,0,3.87
AIR105981,2025-09-15,Maharashtra,Maharashtra City 3,5G,98.84,158.16,1.14,14.7,52,1,3.67
AIR105982,2025-10-15,Gujarat,Gujarat City 2,4G,98.16,50.67,1.14,46.4,127,0,3.09
AIR105983,2025-11-15,Delhi,Delhi City 3,4G,98.38,41.15,1.24,21.6,125,1,3.86
AIR105984,2025-12-15,Maharashtra,Maharashtra City 1,4G,98.93,19.59,0.89,27.8,99,1,3.93
AIR105985,2025-02-15,Rajasthan,Rajasthan City 1,4G,97.66,47.43,0.51,24.2,5,1,3.94
AIR105986,2025-03-15,Uttar Pradesh,Uttar Pradesh City 3,4G,98.6,49.39,0.79,24.6,40,1,4.1
AIR105987,2025-04-15,Karnataka,Karnataka City 2,4G,97.27,39.89,1.07,34.2,52,0,2.93
AIR105988,2025-05-15,Tamil Nadu,Tamil Nadu City 2,5G,98.81,162.58,0.8,20.4,53,0,3.38
AIR105989,2025-06-15,Karnataka,Karnataka City 1,4G,99.2,51.15,1.14,42.6,125,0,4.53
AIR105990,2025-07-15,Telangana,Telangana City 3,4G,99.74,42.9,1.17,42.2,35,1,3.28
AIR105991,2025-08-15,Uttar Pradesh,Uttar Pradesh City 3,4G,97.59,43.26,1.05,28.6,70,1,3.5
AIR105992,2025-09-15,Tamil Nadu,Tamil Nadu City 1,5G,99.17,114.41,0.52,13.2,101,1,4.54
AIR105993,2025-10-15,Gujarat,Gujarat City 3,4G,98.74,56.31,1.31,39,46,0,3.44
AIR105994,2025-11-15,Telangana,Telangana City 1,4G,97.8,32.81,1.91,15.4,57,1,3.46
AIR105995,2025-12-15,Rajasthan,Rajasthan City 2,4G,98.13,33.13,1.18,38.3,34,0,3.62
AIR105996,2025-02-15,West Bengal,West Bengal City 2,4G,98.61,54.24,1.3,42.2,90,0,4.06
AIR105997,2025-03-15,Gujarat,Gujarat City 3,5G,99.68,189.23,0.86,16.8,82,0,3.84
AIR105998,2025-04-15,Maharashtra,Maharashtra City 2,5G,99.31,102.02,0.73,9.6,89,0,4.19
AIR105999,2025-05-15,West Bengal,West Bengal City 2,4G,97.45,42.79,0.9,42.7,74,1,3.62
AIR106000,2025-06-15,Telangana,Telangana City 1,4G,98.9,37.05,1.23,67.8,79,0,3.35
AIR106001,2025-07-15,Maharashtra,Maharashtra City 1,4G,98.8,59.82,0.47,25.9,65,1,3.32
AIR106002,2025-08-15,Rajasthan,Rajasthan City 3,4G,99.38,60.71,0.8,10.5,61,0,3.4
AIR106003,2025-09-15,Karnataka,Karnataka City 1,5G,98.85,88.59,0.27,24.4,72,0,4.08
AIR106004,2025-10-15,Maharashtra,Maharashtra City 3,4G,99.1,56,1.21,26,52,1,4.11
AIR106005,2025-11-15,Karnataka,Karnataka City 3,4G,99.36,58.33,0.85,31.7,78,0,3.71
AIR106006,2025-12-15,Tamil Nadu,Tamil Nadu City 1,4G,98.43,30.51,1.73,37.8,71,0,2.82
AIR106007,2025-02-15,Delhi,Delhi City 2,5G,99.37,149.74,0.5,22.8,32,0,4.05
AIR106008,2025-03-15,Kerala,Kerala City 2,5G,99.13,100.85,0.9,17.6,77,0,3.95
AIR106009,2025-04-15,Gujarat,Gujarat City 2,5G,99.09,104.69,0.65,22.7,8,1,3.65
AIR106010,2025-05-15,Kerala,Kerala City 2,4G,99.1,38.53,0.79,45.6,78,1,3.52
AIR106011,2025-06-15,Tamil Nadu,Tamil Nadu City 3,4G,98.68,45.15,1.32,34.4,97,0,3.3
AIR106012,2025-07-15,Maharashtra,Maharashtra City 2,4G,98.73,42.02,0.82,33.1,49,0,3.36
AIR106013,2025-08-15,Tamil Nadu,Tamil Nadu City 3,4G,97.67,23.44,1.35,31.6,95,0,3.04
AIR106014,2025-09-15,Kerala,Kerala City 1,4G,97.68,52.12,1.4,43.5,91,0,3.34
AIR106015,2025-10-15,Kerala,Kerala City 1,4G,97.22,39.46,1.24,40.3,109,0,3.08
AIR106016,2025-11-15,Gujarat,Gujarat City 3,4G,99.82,23.5,1,43.5,66,1,4.04
AIR106017,2025-12-15,West Bengal,West Bengal City 2,5G,99.67,150.31,0.53,14,92,0,4.37
AIR106018,2025-02-15,Uttar Pradesh,Uttar Pradesh City 3,4G,98.75,46.08,1.21,18.5,54,0,3.4
AIR106019,2025-03-15,Tamil Nadu,Tamil Nadu City 2,4G,97.43,54.01,1.28,54.6,103,0,3.21
AIR106020,2025-04-15,Delhi,Delhi City 2,4G,97.81,44.54,1.2,31.2,121,0,3.24
AIR106021,2025-05-15,Uttar Pradesh,Uttar Pradesh City 3,4G,97.26,45.86,2.12,34.3,35,1,3.2
AIR106022,2025-06-15,Tamil Nadu,Tamil Nadu City 3,4G,97.52,48.78,0.27,33.8,97,0,4.03
AIR106023,2025-07-15,Rajasthan,Rajasthan City 2,4G,98.26,36.8,1.17,36.4,67,0,3.47
AIR106024,2025-08-15,Telangana,Telangana City 3,4G,98.46,46.13,1.13,53.1,123,1,3.19
AIR106025,2025-09-15,Telangana,Telangana City 2,4G,98.24,54.73,1.22,34.2,95,0,3.41
AIR106026,2025-10-15,Kerala,Kerala City 3,4G,97.56,59.26,0.72,45.4,74,1,3.3
AIR106027,2025-11-15,Telangana,Telangana City 1,4G,98.05,66.9,1.06,45.9,76,0,3.06
AIR106028,2025-12-15,Karnataka,Karnataka City 2,4G,98.91,52.99,1.08,35.9,108,0,3.5
AIR106029,2025-02-15,Delhi,Delhi City 1,4G,99.11,32.12,1.23,40.2,90,1,3.27
AIR106030,2025-03-15,Telangana,Telangana City 3,4G,98.76,53.36,1.07,17.9,70,0,4.01
AIR106031,2025-04-15,Maharashtra,Maharashtra City 1,5G,99.86,153.2,0.5,18.8,77,1,4.75
AIR106032,2025-05-15,Karnataka,Karnataka City 3,4G,97.96,62.76,1.63,29.5,53,1,3.44
AIR106033,2025-06-15,Uttar Pradesh,Uttar Pradesh City 2,4G,97.66,33.04,1.34,32.1,151,1,3.45
AIR106034,2025-07-15,Karnataka,Karnataka City 3,5G,99.59,152.96,0.46,21,148,1,3.97
AIR106035,2025-08-15,Tamil Nadu,Tamil Nadu City 3,5G,98.17,189.35,0.17,20.8,61,0,4.14
AIR106036,2025-09-15,Kerala,Kerala City 2,5G,100,164.88,0.73,22.9,79,0,3.76
AIR106037,2025-10-15,Gujarat,Gujarat City 3,5G,99.05,146.61,0.83,19.2,118,0,3.85
AIR106038,2025-11-15,Gujarat,Gujarat City 2,4G,97.39,60.84,1.17,42.8,71,0,3.1
AIR106039,2025-12-15,Rajasthan,Rajasthan City 3,4G,96.64,45.31,0.81,31.8,61,0,3.11
AIR106040,2025-02-15,Delhi,Delhi City 2,4G,99.06,28.68,0.36,52.7,32,1,3.88
AIR106041,2025-03-15,Tamil Nadu,Tamil Nadu City 1,5G,99.87,128.23,0.61,21.4,71,0,4.77
AIR106042,2025-04-15,Gujarat,Gujarat City 3,4G,96.94,28.19,0.82,47.8,58,0,3.3
AIR106043,2025-05-15,Kerala,Kerala City 3,5G,99.91,215.75,0.73,20.5,80,1,4.06
AIR106044,2025-06-15,Uttar Pradesh,Uttar Pradesh City 3,4G,97.63,36.82,0.46,44.1,23,0,3.27
AIR106045,2025-07-15,Gujarat,Gujarat City 2,4G,97.79,40.02,0.81,35.9,99,1,3.25
AIR106046,2025-08-15,Maharashtra,Maharashtra City 3,5G,98.86,154.89,0.46,19.3,26,0,4.37
AIR106047,2025-09-15,Karnataka,Karnataka City 2,5G,100,171.92,0.66,11.2,81,0,4.5
AIR106048,2025-10-15,Gujarat,Gujarat City 3,5G,98.44,135.63,0.75,25.7,63,0,2.84
AIR106049,2025-11-15,Tamil Nadu,Tamil Nadu City 1,5G,99.03,47.93,0.95,32.5,94,0,3.85
AIR106050,2025-12-15,Telangana,Telangana City 3,4G,97.57,65.52,1.33,50.7,60,0,3.47
AIR106051,2025-02-15,Telangana,Telangana City 1,4G,97.27,57.64,1.56,22.2,36,0,3.04
AIR106052,2025-03-15,Uttar Pradesh,Uttar Pradesh City 2,5G,98.59,158.04,0.96,16.2,46,0,3.29
AIR106053,2025-04-15,Telangana,Telangana City 1,4G,98.42,55.62,1.03,39.4,44,0,3.25
AIR106054,2025-05-15,Uttar Pradesh,Uttar Pradesh City 3,4G,97.87,29.12,0.08,42,50,1,3.52
AIR106055,2025-06-15,Tamil Nadu,Tamil Nadu City 3,4G,98.15,42.26,1.38,31.2,56,1,3.68
AIR106056,2025-07-15,Delhi,Delhi City 2,4G,97.98,42.79,1.32,47,76,1,4.29
AIR106057,2025-08-15,Telangana,Telangana City 3,4G,98.9,50.78,0.59,33.1,143,1,3.52
AIR106058,2025-09-15,Rajasthan,Rajasthan City 3,5G,99.55,127.11,0.56,21.3,91,1,3.75
AIR106059,2025-10-15,Kerala,Kerala City 2,4G,98.25,52.95,1.2,17.6,95,0,3.52
AIR106060,2025-11-15,Karnataka,Karnataka City 2,4G,99.44,22.13,1.02,33.4,79,1,3.95
AIR106061,2025-12-15,Telangana,Telangana City 1,5G,99.35,169.28,0.54,15.8,74,0,3.33
AIR106062,2025-02-15,Uttar Pradesh,Uttar Pradesh City 2,4G,97.54,26.19,1.14,44,98,1,3.66
AIR106063,2025-03-15,Tamil Nadu,Tamil Nadu City 3,5G,99.54,71.06,0.98,21.4,46,0,4.17
AIR106064,2025-04-15,Telangana,Telangana City 2,4G,97.42,69.49,1.04,43,95,0,3.02
AIR106065,2025-05-15,Gujarat,Gujarat City 3,5G,98.62,228.95,0.37,5,37,0,3.57
AIR106066,2025-06-15,Telangana,Telangana City 1,4G,99.62,64.91,0.61,34.9,89,1,4.67
AIR106067,2025-07-15,Uttar Pradesh,Uttar Pradesh City 2,4G,98.69,47.54,1.4,38.9,77,0,3.82
AIR106068,2025-08-15,Maharashtra,Maharashtra City 3,5G,99.4,188.67,0.67,28.1,75,0,3.85
AIR106069,2025-09-15,Maharashtra,Maharashtra City 2,5G,99.04,197.42,0.89,16.7,43,1,4.23
AIR106070,2025-10-15,Telangana,Telangana City 2,4G,97.74,55.8,1.41,45.6,87,0,2.97
AIR106071,2025-11-15,Karnataka,Karnataka City 2,5G,100,156.99,0.45,16.7,87,1,4.64
AIR106072,2025-12-15,Tamil Nadu,Tamil Nadu City 2,4G,97.64,48.3,1.11,26.3,78,0,3.25
AIR106073,2025-02-15,Rajasthan,Rajasthan City 1,5G,98.98,130.94,0.26,21.8,5,0,4.31
AIR106074,2025-03-15,Rajasthan,Rajasthan City 3,4G,98.41,49.11,1.22,46.3,70,0,3.31
AIR106075,2025-04-15,Telangana,Telangana City 2,4G,96.39,24.48,1.29,35.5,88,0,2.78
AIR106076,2025-05-15,Telangana,Telangana City 3,4G,96.88,54.48,1.24,42.1,51,0,3.51
AIR106077,2025-06-15,Maharashtra,Maharashtra City 1,4G,99.16,56.41,1.21,42.8,43,0,3.17
AIR106078,2025-07-15,Uttar Pradesh,Uttar Pradesh City 3,4G,97.92,47.23,1.04,39.6,115,1,3.47
AIR106079,2025-08-15,Karnataka,Karnataka City 3,4G,97.7,47.54,1.1,52.4,53,0,3.82
AIR106080,2025-09-15,Telangana,Telangana City 1,4G,98.46,48.47,1.58,23,37,0,3.67
AIR106081,2025-10-15,Rajasthan,Rajasthan City 2,4G,99.16,45.4,1.28,53.9,84,1,3
AIR106082,2025-11-15,Tamil Nadu,Tamil Nadu City 3,4G,96.83,61.32,1.25,34,69,0,3.53
AIR106083,2025-12-15,Delhi,Delhi City 3,5G,99.57,163.42,0.4,17.2,76,0,4.35
AIR106084,2025-02-15,Gujarat,Gujarat City 2,4G,97.79,58.13,1.28,50.5,74,1,2.88
AIR106085,2025-03-15,Telangana,Telangana City 2,5G,99.47,177.88,0.75,18.5,52,0,3.56
AIR106086,2025-04-15,Uttar Pradesh,Uttar Pradesh City 3,5G,98.28,194.22,0.9,23.7,23,0,3.75
AIR106087,2025-05-15,Telangana,Telangana City 1,4G,98.24,72.52,0.96,47.6,106,0,3.22
AIR106088,2025-06-15,Uttar Pradesh,Uttar Pradesh City 2,5G,100,117.33,0.87,18.4,126,0,3.37
AIR106089,2025-07-15,Karnataka,Karnataka City 2,4G,97.7,36.53,1.79,49.2,30,0,2.78
AIR106090,2025-08-15,Delhi,Delhi City 1,4G,98.13,47.56,0.83,41.7,81,0,3.47
AIR106091,2025-09-15,Kerala,Kerala City 3,4G,98.21,29.17,0.96,37.5,101,1,3.81
AIR106092,2025-10-15,Tamil Nadu,Tamil Nadu City 2,4G,97.27,28.63,0.77,23.2,56,0,3.58
AIR106093,2025-11-15,Tamil Nadu,Tamil Nadu City 3,5G,99.38,190.77,0.98,10.5,94,0,3.16
AIR106094,2025-12-15,Uttar Pradesh,Uttar Pradesh City 3,4G,98.81,59.15,0.48,36.6,104,0,3.7
AIR106095,2025-02-15,Maharashtra,Maharashtra City 3,4G,98.71,37.13,0.69,46.5,89,0,3.73
AIR106096,2025-03-15,Uttar Pradesh,Uttar Pradesh City 1,5G,99.38,178.49,1.08,18.3,92,1,4.16
AIR106097,2025-04-15,Maharashtra,Maharashtra City 3,4G,97.71,47.27,1.17,38,119,0,3.15
AIR106098,2025-05-15,West Bengal,West Bengal City 3,4G,97.83,42.92,0.22,37.4,78,1,3.86
AIR106099,2025-06-15,Rajasthan,Rajasthan City 2,4G,98.44,30.01,1.42,46.4,58,1,3.49
AIR106100,2025-07-15,Tamil Nadu,Tamil Nadu City 2,5G,99.34,142.85,0.51,19.2,93,0,3.72
AIR106101,2025-08-15,Karnataka,Karnataka City 1,5G,99.15,181.53,0.55,14.4,82,1,3.75
AIR106102,2025-09-15,Uttar Pradesh,Uttar Pradesh City 1,4G,98.35,51.23,1.42,56,83,0,3.53
AIR106103,2025-10-15,Karnataka,Karnataka City 2,4G,99.22,42.03,1.42,46.8,64,0,3.13
AIR106104,2025-11-15,Delhi,Delhi City 2,4G,99.22,44.28,0.77,55.1,96,0,3.48
AIR106105,2025-12-15,Karnataka,Karnataka City 1,4G,97.73,25.68,1.71,40.8,108,1,3.56
AIR106106,2025-02-15,Telangana,Telangana City 3,5G,99.76,140.39,0.82,15.5,110,0,4.06
AIR106107,2025-03-15,Rajasthan,Rajasthan City 1,4G,98.06,48.13,1.11,38,38,1,3.53
AIR106108,2025-04-15,Telangana,Telangana City 3,4G,98.64,45.99,0.66,38,85,0,2.98
AIR106109,2025-05-15,Gujarat,Gujarat City 2,5G,100,172.92,0.77,19,45,0,4.2
AIR106110,2025-06-15,Uttar Pradesh,Uttar Pradesh City 2,5G,98.46,189.26,0.77,22.5,40,1,3.44
AIR106111,2025-07-15,Tamil Nadu,Tamil Nadu City 2,4G,98.16,46.73,1.54,39.1,50,0,2.94
AIR106112,2025-08-15,Uttar Pradesh,Uttar Pradesh City 3,4G,98.32,27.81,0.79,59.6,35,0,3.65
AIR106113,2025-09-15,Rajasthan,Rajasthan City 1,4G,99.64,39.57,0.43,38.1,46,0,3.9
AIR106114,2025-10-15,Kerala,Kerala City 3,4G,97.86,39.67,0.68,55.1,39,0,3.48
AIR106115,2025-11-15,Kerala,Kerala City 1,4G,97.82,50.77,0.79,23.6,42,0,3.33
AIR106116,2025-12-15,Gujarat,Gujarat City 1,4G,97.63,42.88,0.93,29.8,118,0,4.12
AIR106117,2025-02-15,Rajasthan,Rajasthan City 1,5G,99.36,141.32,0.14,17.8,46,1,4.38
AIR106118,2025-03-15,West Bengal,West Bengal City 2,5G,99.91,149.55,0.89,22.4,159,0,3.88
AIR106119,2025-04-15,West Bengal,West Bengal City 1,4G,98.27,31,0.43,25.6,5,0,4.55
AIR106120,2025-05-15,West Bengal,West Bengal City 2,4G,97.8,51.46,1.15,41.5,83,0,3.32
AIR106121,2025-06-15,Tamil Nadu,Tamil Nadu City 1,5G,99.81,145.53,0.1,17.8,80,0,4.6
AIR106122,2025-07-15,Tamil Nadu,Tamil Nadu City 1,5G,99.24,207.14,0.51,24.1,93,0,4.03
AIR106123,2025-08-15,West Bengal,West Bengal City 2,5G,100,187.61,0.87,20,52,0,4.07
AIR106124,2025-09-15,Kerala,Kerala City 2,4G,98.7,53,0.61,42.9,32,0,3.7
AIR106125,2025-10-15,Rajasthan,Rajasthan City 3,4G,97.21,41.7,1.06,23.8,8,1,3.29
AIR106126,2025-11-15,Karnataka,Karnataka City 1,5G,99.58,138.37,0.73,24,52,0,3.95
AIR106127,2025-12-15,Rajasthan,Rajasthan City 2,5G,99.24,145.44,0.77,18,29,0,3.58
AIR106128,2025-02-15,West Bengal,West Bengal City 3,4G,99.24,54.22,1.16,45.4,69,0,3.44
AIR106129,2025-03-15,Rajasthan,Rajasthan City 3,4G,98.15,50.77,1.24,34.6,44,0,3.67
AIR106130,2025-04-15,Delhi,Delhi City 2,5G,99.85,138.74,0.45,15,43,0,4.38
AIR106131,2025-05-15,Tamil Nadu,Tamil Nadu City 1,4G,99.43,24.94,1.52,34.5,98,1,3.83
AIR106132,2025-06-15,Tamil Nadu,Tamil Nadu City 3,5G,99.01,132.64,0.36,20.3,83,0,3.97
AIR106133,2025-07-15,Kerala,Kerala City 1,4G,97.49,37.02,0.78,41.7,40,0,3.8
AIR106134,2025-08-15,Karnataka,Karnataka City 1,5G,99.34,119.22,0.89,19.9,164,0,3.74
AIR106135,2025-09-15,West Bengal,West Bengal City 3,4G,98.47,54.02,1.65,33.2,79,0,3.76
AIR106136,2025-10-15,Uttar Pradesh,Uttar Pradesh City 2,4G,98.3,41.48,1.2,35.9,52,0,2.93
AIR106137,2025-11-15,Kerala,Kerala City 1,5G,98.26,167.93,1.38,19.3,38,0,3.5
AIR106138,2025-12-15,Kerala,Kerala City 2,5G,98.95,151.58,0.86,23.8,54,0,3.14
AIR106139,2025-02-15,Karnataka,Karnataka City 3,5G,99.03,140.1,0.62,23.7,61,0,4.15
AIR106140,2025-03-15,Telangana,Telangana City 1,4G,98.21,61.64,1.29,45.7,72,0,3.2
AIR106141,2025-04-15,West Bengal,West Bengal City 2,5G,99.38,178.39,0.5,33.6,29,1,4.66
AIR106142,2025-05-15,Uttar Pradesh,Uttar Pradesh City 2,4G,98.48,49.75,1.13,37.2,56,0,3.73
AIR106143,2025-06-15,Tamil Nadu,Tamil Nadu City 1,4G,98.84,43.2,1.02,50.1,52,0,3.73
AIR106144,2025-07-15,Karnataka,Karnataka City 2,5G,100,201.71,0.71,20.3,95,0,3.14
AIR106145,2025-08-15,Uttar Pradesh,Uttar Pradesh City 2,4G,99.34,56.15,1.34,51.5,106,0,3.44
AIR106146,2025-09-15,Delhi,Delhi City 3,4G,99.77,48.28,1.49,41.9,66,1,3.82
AIR106147,2025-10-15,Kerala,Kerala City 3,4G,99.07,45.6,0.57,28.4,87,1,3.79
AIR106148,2025-11-15,Karnataka,Karnataka City 2,4G,98.15,40.29,1.18,31.5,31,0,3.36
AIR106149,2025-12-15,Tamil Nadu,Tamil Nadu City 2,5G,98.49,100.85,0.78,14.6,52,0,3.59
AIR106150,2025-02-15,Rajasthan,Rajasthan City 1,4G,98.83,23.79,0.62,45.9,35,0,3.67
AIR106151,2025-03-15,Tamil Nadu,Tamil Nadu City 3,4G,97.7,41.75,1.2,10.5,79,1,3.32
AIR106152,2025-04-15,Delhi,Delhi City 1,5G,99.26,198.95,0.56,19,95,1,4.68
AIR106153,2025-05-15,Karnataka,Karnataka City 2,4G,99.18,45.15,0.62,43.1,5,0,4.21
AIR106154,2025-06-15,Delhi,Delhi City 1,4G,98.09,45.89,0.87,37.2,67,0,3.98
AIR106155,2025-07-15,West Bengal,West Bengal City 2,4G,98.26,44.19,0.96,42.9,39,1,2.74
AIR106156,2025-08-15,West Bengal,West Bengal City 3,4G,97.29,47.63,0.97,46.4,103,0,3.45
AIR106157,2025-09-15,Rajasthan,Rajasthan City 3,4G,98.24,40.72,0.38,54.5,129,0,2.91
AIR106158,2025-10-15,Kerala,Kerala City 2,5G,99.75,194.8,0.66,7.8,53,0,4.63
AIR106159,2025-11-15,Telangana,Telangana City 3,4G,98.07,17.75,1.11,36.8,22,0,3.66
AIR106160,2025-12-15,Maharashtra,Maharashtra City 2,4G,97.31,42.17,0.99,39.9,63,0,3.84
AIR106161,2025-02-15,Uttar Pradesh,Uttar Pradesh City 1,4G,98.69,24.17,0.52,36,57,0,3.39
AIR106162,2025-03-15,Delhi,Delhi City 2,4G,97.99,80.98,1.61,43.8,47,0,3.41
AIR106163,2025-04-15,Uttar Pradesh,Uttar Pradesh City 1,5G,99.22,156.39,0.58,17.4,138,0,3.6
AIR106164,2025-05-15,Rajasthan,Rajasthan City 2,4G,98.51,69.26,1.45,38.2,110,0,3.49
AIR106165,2025-06-15,Uttar Pradesh,Uttar Pradesh City 3,5G,100,97.47,0.57,15,42,1,3.86
AIR106166,2025-07-15,Uttar Pradesh,Uttar Pradesh City 2,4G,98.29,54.72,0.98,14.5,34,0,3.86
AIR106167,2025-08-15,Tamil Nadu,Tamil Nadu City 2,4G,99.18,41.93,0.87,41,141,0,3.31
AIR106168,2025-09-15,Karnataka,Karnataka City 2,4G,98.91,26.11,0.67,35.8,142,1,4.01
AIR106169,2025-10-15,Kerala,Kerala City 3,5G,99.49,118.58,0.45,17.9,27,0,3.94
AIR106170,2025-11-15,Maharashtra,Maharashtra City 2,4G,98.25,34.16,1.12,44.7,126,0,3.32
AIR106171,2025-12-15,Karnataka,Karnataka City 3,4G,96.54,56.57,0.63,31.4,132,1,3.28
AIR106172,2025-02-15,Tamil Nadu,Tamil Nadu City 2,5G,98.99,165.06,0.43,30.2,129,1,3.96
AIR106173,2025-03-15,Uttar Pradesh,Uttar Pradesh City 1,5G,99.57,167.49,1.01,15.5,32,0,3.62
AIR106174,2025-04-15,Maharashtra,Maharashtra City 2,4G,98.82,55.31,1.16,40,45,1,4.2
AIR106175,2025-05-15,Tamil Nadu,Tamil Nadu City 1,5G,99.31,130.2,0.88,16.7,69,1,4.32
AIR106176,2025-06-15,Tamil Nadu,Tamil Nadu City 3,5G,98.91,172.26,1.1,12,97,0,3.56
AIR106177,2025-07-15,Tamil Nadu,Tamil Nadu City 3,4G,98.71,44.85,0.7,29.6,95,0,3.29
AIR106178,2025-08-15,West Bengal,West Bengal City 2,4G,98.26,40.62,0.87,51.7,72,0,3.93
AIR106179,2025-09-15,Maharashtra,Maharashtra City 3,4G,98.91,33.31,0.97,35.6,59,1,3.38
AIR106180,2025-10-15,Tamil Nadu,Tamil Nadu City 2,4G,97.22,44.75,1.24,41,127,0,2.95
AIR106181,2025-11-15,Telangana,Telangana City 3,5G,99.47,88.64,0.61,33.9,48,0,4.1
AIR106182,2025-12-15,Uttar Pradesh,Uttar Pradesh City 1,4G,98.29,25.44,0.74,13.9,61,0,3.78
AIR106183,2025-02-15,Maharashtra,Maharashtra City 3,4G,97.62,25.95,0.98,36.7,111,0,3.35
AIR106184,2025-03-15,West Bengal,West Bengal City 1,5G,98.8,194.87,0.63,21,70,0,3.78
AIR106185,2025-04-15,Delhi,Delhi City 2,4G,99.12,32.62,1.79,10.6,83,0,3.38
AIR106186,2025-05-15,Delhi,Delhi City 2,5G,98.72,173.06,0.62,16.9,100,1,3.95
AIR106187,2025-06-15,Kerala,Kerala City 2,5G,98.41,143.88,0.55,19.2,96,0,4.15
AIR106188,2025-07-15,Gujarat,Gujarat City 1,5G,98.84,99.56,0.67,18.7,37,0,3.82
AIR106189,2025-08-15,Telangana,Telangana City 2,5G,99.6,165.58,0.66,11.3,31,0,4.01
AIR106190,2025-09-15,Delhi,Delhi City 2,4G,97.9,46.04,0.79,14.9,106,1,4.28
AIR106191,2025-10-15,West Bengal,West Bengal City 1,4G,98.54,44.5,0.54,33.2,72,0,3.94
AIR106192,2025-11-15,Gujarat,Gujarat City 3,4G,97.88,40.97,1.28,48.1,138,1,3.6
AIR106193,2025-12-15,Tamil Nadu,Tamil Nadu City 2,4G,98.32,43.9,1.04,47.9,81,0,3.08
AIR106194,2025-02-15,Tamil Nadu,Tamil Nadu City 3,4G,98.23,37.37,0.96,37.3,96,0,4.24
AIR106195,2025-03-15,Rajasthan,Rajasthan City 3,4G,97.84,39.45,0.82,46.6,81,0,3.31
AIR106196,2025-04-15,Uttar Pradesh,Uttar Pradesh City 2,5G,99.41,175.54,0.93,26.2,61,1,3.76
AIR106197,2025-05-15,Gujarat,Gujarat City 2,5G,99.15,194.36,0.71,23.9,149,0,3.69
AIR106198,2025-06-15,Uttar Pradesh,Uttar Pradesh City 1,4G,98.5,43.31,0.69,28.2,68,0,4.03
AIR106199,2025-07-15,West Bengal,West Bengal City 1,4G,98.73,33.55,0.71,38.9,41,0,3.78
AIR106200,2025-08-15,Telangana,Telangana City 2,4G,99.76,57.01,1.18,40.9,128,0,3.57
AIR106201,2025-09-15,Gujarat,Gujarat City 3,5G,99.51,189.56,0.6,11,85,0,4.61
AIR106202,2025-10-15,Delhi,Delhi City 1,5G,99.7,188.64,0.59,22.2,145,0,4.27
AIR106203,2025-11-15,Telangana,Telangana City 1,4G,98.65,75.87,0.95,29.2,37,1,4.19
AIR106204,2025-12-15,Rajasthan,Rajasthan City 2,4G,98.38,16.64,0.71,42.5,49,0,3.9
AIR106205,2025-02-15,Uttar Pradesh,Uttar Pradesh City 2,4G,97.51,45.84,1.48,34.3,84,0,3.1
AIR106206,2025-03-15,Uttar Pradesh,Uttar Pradesh City 2,5G,99.03,122.58,0.89,19.2,40,0,4.22
AIR106207,2025-04-15,Telangana,Telangana City 2,4G,99.06,62.3,0.72,45.9,155,1,3.58
AIR106208,2025-05-15,Tamil Nadu,Tamil Nadu City 1,4G,97.3,60.75,1.81,30.1,88,1,3.62
AIR106209,2025-06-15,Uttar Pradesh,Uttar Pradesh City 1,5G,98.8,116.35,0.77,11.9,129,0,4.25
AIR106210,2025-07-15,Rajasthan,Rajasthan City 1,5G,99.02,147.85,0.68,21.1,77,1,3.98
AIR106211,2025-08-15,Delhi,Delhi City 3,5G,99.65,142,0.95,8.5,52,0,3.71
AIR106212,2025-09-15,Maharashtra,Maharashtra City 1,4G,99.1,58.83,1.47,38.4,105,0,3.16
AIR106213,2025-10-15,Delhi,Delhi City 1,4G,99.18,41.57,0.46,47.3,106,1,3.82
AIR106214,2025-11-15,Delhi,Delhi City 2,4G,97.26,60.69,1.15,33.6,26,0,3.05
AIR106215,2025-12-15,Uttar Pradesh,Uttar Pradesh City 1,4G,98.85,47.1,0.93,50.6,93,0,4.07
AIR106216,2025-02-15,Karnataka,Karnataka City 1,4G,97.81,38.79,0.69,46.7,76,0,3.38
AIR106217,2025-03-15,Tamil Nadu,Tamil Nadu City 1,4G,98.44,52.81,0.61,34.5,80,0,3.65
AIR106218,2025-04-15,Uttar Pradesh,Uttar Pradesh City 2,4G,98.13,42.86,0.73,52.9,125,0,3.5
AIR106219,2025-05-15,Tamil Nadu,Tamil Nadu City 1,5G,99.31,156.46,0.85,20.3,109,1,4.09
AIR106220,2025-06-15,West Bengal,West Bengal City 1,4G,96.58,43.48,1.44,27.4,104,0,3.26
AIR106221,2025-07-15,Karnataka,Karnataka City 3,5G,99.55,175.91,0.95,31,82,0,4.07
AIR106222,2025-08-15,Uttar Pradesh,Uttar Pradesh City 3,4G,99.4,50.17,0.79,37.8,16,0,3.66
AIR106223,2025-09-15,Kerala,Kerala City 3,4G,98.14,33.55,0.82,34.2,28,0,3.82
AIR106224,2025-10-15,Delhi,Delhi City 3,4G,96.33,60.46,1,20.3,98,0,3.2
AIR106225,2025-11-15,West Bengal,West Bengal City 2,5G,98.82,184.4,0.77,13.5,95,0,3.5
AIR106226,2025-12-15,Karnataka,Karnataka City 3,4G,99.03,44.04,1.3,31.9,5,0,3.25
AIR106227,2025-02-15,Uttar Pradesh,Uttar Pradesh City 1,5G,99.6,107.07,0.28,15.4,29,0,3.55
AIR106228,2025-03-15,Rajasthan,Rajasthan City 3,4G,97.78,52.67,1.71,30.5,102,0,2.87
AIR106229,2025-04-15,Telangana,Telangana City 2,5G,99.48,197.3,1.1,14.7,59,0,3.96
AIR106230,2025-05-15,Telangana,Telangana City 3,4G,98.44,58.45,1.03,43.5,87,0,3.75
AIR106231,2025-06-15,Tamil Nadu,Tamil Nadu City 3,5G,98.46,178.15,0.13,31.7,50,0,3.75
AIR106232,2025-07-15,Karnataka,Karnataka City 2,4G,96.8,36.96,0.98,45.4,8,1,2.72
AIR106233,2025-08-15,Delhi,Delhi City 2,5G,99.31,145.33,0.78,25.7,5,0,3.98
AIR106234,2025-09-15,Delhi,Delhi City 2,4G,98.39,61.87,1.02,28.4,91,0,2.74
AIR106235,2025-10-15,Maharashtra,Maharashtra City 2,4G,98.43,49.77,1.26,32,79,0,3.42
AIR106236,2025-11-15,Telangana,Telangana City 2,5G,98.47,172.12,0.62,14.1,72,0,3.63
AIR106237,2025-12-15,West Bengal,West Bengal City 2,4G,96.67,46.71,1.12,35.2,112,0,3.04
AIR106238,2025-02-15,Karnataka,Karnataka City 1,4G,98.58,51.2,1.22,32.6,116,1,3.76
AIR106239,2025-03-15,Delhi,Delhi City 3,5G,98.65,141.34,0.85,19.3,99,0,3.72
AIR106240,2025-04-15,Maharashtra,Maharashtra City 3,4G,98.07,36.52,0.88,27.8,5,0,3.31
AIR106241,2025-05-15,Karnataka,Karnataka City 2,4G,98.67,55.12,1.52,27.5,39,0,3.57
AIR106242,2025-06-15,Gujarat,Gujarat City 2,4G,99.35,53.54,0.87,30.6,104,0,3.42
AIR106243,2025-07-15,Delhi,Delhi City 1,5G,99.27,136.27,0.25,12.7,124,1,3.94
AIR106244,2025-08-15,Gujarat,Gujarat City 1,4G,98.29,44.96,0.61,31.8,62,0,3.86
AIR106245,2025-09-15,Karnataka,Karnataka City 2,4G,98.68,46.98,0.69,38,119,1,3.97
AIR106246,2025-10-15,Delhi,Delhi City 1,5G,98.25,226.05,0.43,21.8,65,0,4.03
AIR106247,2025-11-15,Gujarat,Gujarat City 1,5G,98.98,109.09,0.6,22.1,37,0,3.91
AIR106248,2025-12-15,Kerala,Kerala City 2,5G,98.27,132.26,0.75,14.4,76,0,4.28
AIR106249,2025-02-15,Maharashtra,Maharashtra City 2,5G,99.65,98.8,0.54,26.9,64,0,4.54
AIR106250,2025-03-15,West Bengal,West Bengal City 2,4G,98.17,56.26,0.8,39.5,55,0,3.71
AIR106251,2025-04-15,Telangana,Telangana City 2,4G,99.72,40.15,0.99,38.8,118,0,3.91
AIR106252,2025-05-15,Maharashtra,Maharashtra City 3,4G,97.89,41.95,1.71,48.8,28,0,3.49
AIR106253,2025-06-15,Gujarat,Gujarat City 3,5G,98.32,174.49,0.33,18.6,64,0,3.24
AIR106254,2025-07-15,Delhi,Delhi City 2,5G,98.83,141.88,0.66,8,52,1,3.48
AIR106255,2025-08-15,Kerala,Kerala City 1,5G,99.56,143.32,1.11,19.3,55,1,4.48
AIR106256,2025-09-15,Kerala,Kerala City 2,4G,98.02,37.72,1.49,41.5,44,1,3.46
AIR106257,2025-10-15,Telangana,Telangana City 3,4G,98.26,37.69,0.77,53.3,30,1,3.51
AIR106258,2025-11-15,Kerala,Kerala City 1,4G,98.3,49.44,1.25,39,56,1,3.84
AIR106259,2025-12-15,Maharashtra,Maharashtra City 3,5G,98.16,178.36,0.51,15.5,94,1,4.19
AIR106260,2025-02-15,Uttar Pradesh,Uttar Pradesh City 2,5G,98.62,180.05,0.57,20.9,141,1,3.54
AIR106261,2025-03-15,Kerala,Kerala City 3,4G,96.54,53.21,1.47,29,125,1,2.86
AIR106262,2025-04-15,Telangana,Telangana City 3,4G,97.28,59.57,1.22,9.1,88,0,3.75
AIR106263,2025-05-15,Kerala,Kerala City 3,5G,99.89,132.85,0.55,24,57,0,4.21
AIR106264,2025-06-15,Kerala,Kerala City 1,5G,99.19,171.5,0.43,25.2,90,0,4.15
AIR106265,2025-07-15,Rajasthan,Rajasthan City 3,4G,98.65,45.9,1.49,42,57,0,3.36
AIR106266,2025-08-15,Maharashtra,Maharashtra City 1,4G,97.82,56.7,0.89,50.5,103,0,2.88
AIR106267,2025-09-15,Gujarat,Gujarat City 2,5G,99.41,181.07,0.78,22.4,37,0,3.35
AIR106268,2025-10-15,Tamil Nadu,Tamil Nadu City 2,5G,98.86,187.62,0.79,13.3,110,0,3.73
AIR106269,2025-11-15,Uttar Pradesh,Uttar Pradesh City 3,4G,98.88,41.87,0.72,39.3,80,0,3.55
AIR106270,2025-12-15,Kerala,Kerala City 1,4G,98.64,35.18,0.95,31.5,65,0,3.41
AIR106271,2025-02-15,West Bengal,West Bengal City 2,4G,98.04,40.87,1.36,33.1,89,1,2.97
AIR106272,2025-03-15,Kerala,Kerala City 1,4G,98.57,38.37,0.7,50.5,101,0,3.52
AIR106273,2025-04-15,Rajasthan,Rajasthan City 1,4G,97.67,38.05,0.56,50.9,108,1,3.13
AIR106274,2025-05-15,Gujarat,Gujarat City 3,4G,96.99,53.09,0.61,33.2,41,1,3.75
AIR106275,2025-06-15,West Bengal,West Bengal City 3,4G,96.95,29.87,1.22,38.7,48,0,2.93
AIR106276,2025-07-15,Uttar Pradesh,Uttar Pradesh City 1,5G,99.15,204.03,0.34,13.7,62,1,3.14
AIR106277,2025-08-15,West Bengal,West Bengal City 1,4G,98.4,61.99,0.46,43.4,55,0,4.53
AIR106278,2025-09-15,Maharashtra,Maharashtra City 3,4G,97.68,53.08,0.94,44,78,1,3.64
AIR106279,2025-10-15,Telangana,Telangana City 1,4G,97.48,42.31,1.22,41.1,125,0,2.87
AIR106280,2025-11-15,Telangana,Telangana City 3,4G,97.69,53.7,0.94,48,95,0,3.37
AIR106281,2025-12-15,Uttar Pradesh,Uttar Pradesh City 1,4G,97.71,30.83,0.92,41.1,79,1,3.43
AIR106282,2025-02-15,Gujarat,Gujarat City 3,4G,97.48,41.88,0.88,26.2,73,1,3.41
AIR106283,2025-03-15,Telangana,Telangana City 1,5G,99.57,121.93,0.86,31.3,74,0,3.22
AIR106284,2025-04-15,Karnataka,Karnataka City 3,5G,99.67,138.74,0.66,19.2,110,0,3.3
AIR106285,2025-05-15,Rajasthan,Rajasthan City 1,5G,100,180.17,0.78,15.9,78,0,3.62
AIR106286,2025-06-15,Uttar Pradesh,Uttar Pradesh City 2,4G,97.92,32.77,1.71,41.7,61,1,2.89
AIR106287,2025-07-15,Uttar Pradesh,Uttar Pradesh City 2,5G,99.86,130.85,0.67,24.8,51,1,4.13
AIR106288,2025-08-15,Tamil Nadu,Tamil Nadu City 1,4G,98.95,32.35,1.3,50.9,101,1,3.46
AIR106289,2025-09-15,Tamil Nadu,Tamil Nadu City 2,5G,99.74,147.7,0.52,15.6,107,0,3.51
AIR106290,2025-10-15,Maharashtra,Maharashtra City 1,4G,97.18,45.55,0.56,44.9,62,0,2.61
AIR106291,2025-11-15,Maharashtra,Maharashtra City 1,4G,98.84,54.43,1.05,23.5,115,1,2.74
AIR106292,2025-12-15,Tamil Nadu,Tamil Nadu City 2,4G,97.88,51.54,0.74,44.4,76,0,3.12
AIR106293,2025-02-15,Telangana,Telangana City 1,5G,99.55,106.32,0.74,9.3,33,0,3.6
AIR106294,2025-03-15,Delhi,Delhi City 3,5G,98.99,154.93,0.43,13.9,81,1,4.38
AIR106295,2025-04-15,Uttar Pradesh,Uttar Pradesh City 1,5G,99.01,199.46,0.05,8.3,88,0,3.71
AIR106296,2025-05-15,Karnataka,Karnataka City 1,4G,97.75,27.53,0.98,40.2,108,0,3.76
AIR106297,2025-06-15,Uttar Pradesh,Uttar Pradesh City 2,4G,98.19,18.69,0.81,38.7,80,1,3.42
AIR106298,2025-07-15,Kerala,Kerala City 3,5G,99.01,137.5,0.5,20.2,5,0,3.6
AIR106299,2025-08-15,Gujarat,Gujarat City 1,5G,99.01,148.38,0.89,21.8,63,0,3.6
AIR106300,2025-09-15,Rajasthan,Rajasthan City 1,5G,98.75,137.68,0.49,21.3,71,1,3.95
AIR106301,2025-10-15,Delhi,Delhi City 1,4G,96.51,46.96,0.79,33.5,87,0,2.92
AIR106302,2025-11-15,Karnataka,Karnataka City 1,4G,98.74,46.29,0.9,45.5,98,0,3.75
AIR106303,2025-12-15,Kerala,Kerala City 1,5G,99.53,102.64,0.72,30.2,82,0,4.12
AIR106304,2025-02-15,Maharashtra,Maharashtra City 1,4G,100,48.62,0.35,50.4,81,0,3.46
AIR106305,2025-03-15,Karnataka,Karnataka City 3,5G,99.49,206.12,0.6,29.8,28,0,3.7
AIR106306,2025-04-15,Tamil Nadu,Tamil Nadu City 3,4G,96.8,62.61,1.23,29.4,41,0,2.65
AIR106307,2025-05-15,Uttar Pradesh,Uttar Pradesh City 1,5G,98.8,129.77,0.68,28.6,72,1,3.92
AIR106308,2025-06-15,Karnataka,Karnataka City 1,4G,98.04,67.23,0.93,48.9,86,0,2.82
AIR106309,2025-07-15,Gujarat,Gujarat City 2,5G,98.76,158.99,1.03,24.8,128,0,3.71
AIR106310,2025-08-15,West Bengal,West Bengal City 3,4G,98.11,44.43,1.3,40.2,123,0,3.45
AIR106311,2025-09-15,Maharashtra,Maharashtra City 3,4G,99.04,59.95,0.6,33,84,0,3.29
AIR106312,2025-10-15,Rajasthan,Rajasthan City 1,4G,98.48,44.01,0.73,46.6,75,0,3.97
AIR106313,2025-11-15,Rajasthan,Rajasthan City 3,5G,99.13,208.58,0.14,31.1,96,1,4.28
AIR106314,2025-12-15,Karnataka,Karnataka City 3,5G,99.73,183.75,0.6,18.7,58,0,3.56
AIR106315,2025-02-15,West Bengal,West Bengal City 2,4G,98.52,29.87,0.91,35.2,7,1,3.97
AIR106316,2025-03-15,Uttar Pradesh,Uttar Pradesh City 2,5G,99.35,191.07,0.9,10.7,71,0,3.76
AIR106317,2025-04-15,Kerala,Kerala City 3,4G,97.31,54.09,1.38,46.8,84,0,3
AIR106318,2025-05-15,Delhi,Delhi City 3,4G,97.57,60.39,1.37,23.1,47,0,3.27
AIR106319,2025-06-15,Uttar Pradesh,Uttar Pradesh City 3,4G,98.88,34.71,0.74,24.8,100,0,4
AIR106320,2025-07-15,Kerala,Kerala City 1,5G,98.99,97.99,0.85,25.2,47,0,3.89
AIR106321,2025-08-15,Delhi,Delhi City 2,4G,98.7,44.67,0.78,45.8,44,0,3.49
AIR106322,2025-09-15,West Bengal,West Bengal City 1,4G,98.16,25.13,1.26,42.2,35,1,2.79
AIR106323,2025-10-15,Delhi,Delhi City 2,5G,98.43,120.19,0.45,22,77,0,3.67
AIR106324,2025-11-15,Uttar Pradesh,Uttar Pradesh City 2,5G,98.93,217.83,0.72,20,78,0,3.83
AIR106325,2025-12-15,Gujarat,Gujarat City 2,4G,97.26,41.5,0.93,38.1,97,1,3.55
AIR106326,2025-02-15,Karnataka,Karnataka City 3,5G,99.29,106.33,0.36,31.1,65,1,4.73
AIR106327,2025-03-15,Kerala,Kerala City 2,5G,99,160.37,0.52,20.2,120,0,3.92
AIR106328,2025-04-15,Gujarat,Gujarat City 1,4G,97.45,26.74,1.06,19.6,34,0,3.63
AIR106329,2025-05-15,Kerala,Kerala City 2,5G,98.67,135.49,0.47,21.1,88,0,4.15
AIR106330,2025-06-15,Karnataka,Karnataka City 1,4G,96.95,48.31,1.64,47.4,79,0,2.33
AIR106331,2025-07-15,Telangana,Telangana City 2,4G,98.57,50.03,1.39,38.6,66,0,3.41
AIR106332,2025-08-15,Delhi,Delhi City 2,4G,98.52,36.95,1.01,22.8,96,0,4.09
AIR106333,2025-09-15,West Bengal,West Bengal City 3,5G,99.69,146.65,0.53,25.2,71,0,3.8
AIR106334,2025-10-15,Telangana,Telangana City 1,4G,97.85,55.35,1.11,11.4,78,0,3.71
AIR106335,2025-11-15,Telangana,Telangana City 2,5G,99.11,168.26,0.76,19.8,85,0,3.34
AIR106336,2025-12-15,Rajasthan,Rajasthan City 2,4G,98.3,30.04,0.6,36.3,60,0,4.24
AIR106337,2025-02-15,Tamil Nadu,Tamil Nadu City 1,4G,98.05,33.22,1.31,35.8,5,0,3.57
AIR106338,2025-03-15,Uttar Pradesh,Uttar Pradesh City 2,4G,97.26,44.43,1.01,34.4,73,0,3.33
AIR106339,2025-04-15,Gujarat,Gujarat City 3,5G,100,158.14,0.1,20.5,66,0,4.3
AIR106340,2025-05-15,Gujarat,Gujarat City 1,4G,97.83,37.11,0.82,35.3,92,0,3.75
AIR106341,2025-06-15,Gujarat,Gujarat City 3,4G,99.38,42.89,1.89,19,48,0,3.9
AIR106342,2025-07-15,Gujarat,Gujarat City 1,4G,97.12,53.9,1.7,23.1,45,0,2.22
AIR106343,2025-08-15,Uttar Pradesh,Uttar Pradesh City 1,5G,98.09,205.15,0.87,16.6,28,0,3.84
AIR106344,2025-09-15,Telangana,Telangana City 1,4G,98.19,62.35,0.86,57.5,75,0,3.34
AIR106345,2025-10-15,Uttar Pradesh,Uttar Pradesh City 2,5G,99.09,136,0.89,18.2,176,0,3.97
AIR106346,2025-11-15,Gujarat,Gujarat City 1,4G,100,54.1,0.95,53.8,88,1,3.79
AIR106347,2025-12-15,Tamil Nadu,Tamil Nadu City 1,4G,97.66,51.1,0.67,40.9,97,0,3.26
AIR106348,2025-02-15,Maharashtra,Maharashtra City 1,4G,98.68,38.84,0.68,44.7,62,0,3.23
AIR106349,2025-03-15,Karnataka,Karnataka City 3,5G,99.11,129.88,0.84,31.4,70,1,4.16
AIR106350,2025-04-15,Gujarat,Gujarat City 1,4G,98.9,71.93,0.58,44.3,106,0,3.41
AIR106351,2025-05-15,West Bengal,West Bengal City 2,4G,98.15,43.6,0.65,48.4,62,1,3.88
AIR106352,2025-06-15,Maharashtra,Maharashtra City 1,4G,97.87,43.37,1.19,53,71,0,3.29
AIR106353,2025-07-15,Uttar Pradesh,Uttar Pradesh City 1,4G,98.37,52.86,0.44,34.2,34,0,3.05
AIR106354,2025-08-15,West Bengal,West Bengal City 3,4G,98.96,35.84,0.92,19,67,0,4.15
AIR106355,2025-09-15,West Bengal,West Bengal City 2,5G,99.16,187.27,0.8,6.6,65,0,3.83
AIR106356,2025-10-15,Kerala,Kerala City 2,4G,97.79,65.41,1.9,54.4,106,0,2.84
AIR106357,2025-11-15,West Bengal,West Bengal City 2,4G,98.02,53.6,1.41,32.3,16,0,3.16
AIR106358,2025-12-15,Gujarat,Gujarat City 1,4G,98.2,38.69,0.96,34.2,85,0,2.84
AIR106359,2025-02-15,Kerala,Kerala City 1,4G,98.59,50.21,0.47,35.3,5,1,3.33
AIR106360,2025-03-15,Rajasthan,Rajasthan City 2,5G,99.32,190.71,0.05,5.6,42,0,3.69
AIR106361,2025-04-15,Telangana,Telangana City 2,4G,98.01,29.47,0.54,18.8,108,0,3.84
AIR106362,2025-05-15,West Bengal,West Bengal City 3,5G,99.45,62.95,0.97,23.4,58,0,3.91
AIR106363,2025-06-15,Tamil Nadu,Tamil Nadu City 2,4G,97.76,39.23,1.36,40,109,0,2.81
AIR106364,2025-07-15,Karnataka,Karnataka City 1,5G,98.77,167.33,0.55,20.9,83,0,3.19
AIR106365,2025-08-15,West Bengal,West Bengal City 1,4G,98.48,61.65,0.8,48.2,115,0,4.01
AIR106366,2025-09-15,Rajasthan,Rajasthan City 1,4G,99.04,62.06,1.56,30.7,84,0,3.22
AIR106367,2025-10-15,Delhi,Delhi City 3,5G,100,115.69,0.66,6.5,82,0,4.46
AIR106368,2025-11-15,Uttar Pradesh,Uttar Pradesh City 2,5G,99.5,106.68,0.63,17.4,78,0,4.1
AIR106369,2025-12-15,Uttar Pradesh,Uttar Pradesh City 1,4G,97.4,56.43,0.28,38.8,96,0,4.13
AIR106370,2025-02-15,Rajasthan,Rajasthan City 3,4G,99.54,65.22,1.67,27,33,1,3.51
AIR106371,2025-03-15,Delhi,Delhi City 3,4G,99.53,41.41,0.33,37.8,30,0,4.33
AIR106372,2025-04-15,Uttar Pradesh,Uttar Pradesh City 1,5G,100,141.61,0.71,14,76,0,3.68
AIR106373,2025-05-15,Uttar Pradesh,Uttar Pradesh City 3,4G,98.22,25.45,1.57,46.9,83,1,3.39
AIR106374,2025-06-15,Uttar Pradesh,Uttar Pradesh City 3,5G,98.46,81.79,0.13,14.7,20,1,3.64
AIR106375,2025-07-15,Rajasthan,Rajasthan City 1,4G,97.97,45.53,0.95,39.8,74,0,3.59
AIR106376,2025-08-15,Telangana,Telangana City 3,4G,97.82,29.8,1,33.1,71,0,3.34
AIR106377,2025-09-15,Karnataka,Karnataka City 1,4G,98.82,50.09,1.25,31.2,43,1,3.47
AIR106378,2025-10-15,Rajasthan,Rajasthan City 1,4G,98.54,57.72,1.31,33.4,75,0,3.91
AIR106379,2025-11-15,Delhi,Delhi City 3,4G,99.59,35.49,1.37,38.9,69,0,3.73
AIR106380,2025-12-15,West Bengal,West Bengal City 1,4G,96.58,50.16,0.69,48.6,89,0,3.36
AIR106381,2025-02-15,Telangana,Telangana City 1,5G,99.42,103.35,0.49,10.4,75,0,4.78
AIR106382,2025-03-15,Telangana,Telangana City 2,4G,97.7,47.1,0.73,22.5,6,1,3.32
AIR106383,2025-04-15,West Bengal,West Bengal City 1,5G,99.56,142.12,0.09,27.3,76,1,4.39
AIR106384,2025-05-15,Tamil Nadu,Tamil Nadu City 2,4G,99,40.53,0.93,47.3,76,0,3.94
AIR106385,2025-06-15,Kerala,Kerala City 2,5G,99.25,108.41,0.05,24.3,86,0,4.09
AIR106386,2025-07-15,Karnataka,Karnataka City 2,5G,99.85,123.62,0.92,26,78,0,4.21
AIR106387,2025-08-15,Karnataka,Karnataka City 2,5G,99.6,181.79,0.75,18.7,38,0,3.73
AIR106388,2025-09-15,Tamil Nadu,Tamil Nadu City 3,5G,98.57,113.5,0.58,19.6,59,0,3.29
AIR106389,2025-10-15,Kerala,Kerala City 3,4G,96.79,46.88,0.81,43.6,64,1,3.41
AIR106390,2025-11-15,Karnataka,Karnataka City 1,5G,98.56,116.62,0.7,19.7,156,0,3.19
AIR106391,2025-12-15,Delhi,Delhi City 1,5G,99.1,96.76,0.89,9,75,0,3.75
AIR106392,2025-02-15,Maharashtra,Maharashtra City 1,4G,97.04,47.12,1.04,30.8,67,0,2.86
AIR106393,2025-03-15,Maharashtra,Maharashtra City 3,4G,97.86,63.45,0.98,34,59,0,3.75
AIR106394,2025-04-15,Karnataka,Karnataka City 2,4G,98.74,37.46,0.93,35.8,98,0,3.32
AIR106395,2025-05-15,Gujarat,Gujarat City 3,4G,97.25,30.51,0.35,42.3,42,0,3.91
AIR106396,2025-06-15,Karnataka,Karnataka City 3,4G,97.59,36.09,0.66,27.1,74,0,4.15
AIR106397,2025-07-15,West Bengal,West Bengal City 1,4G,98.37,43.89,0.65,31.5,133,0,3.58
AIR106398,2025-08-15,West Bengal,West Bengal City 1,4G,98.66,32.92,1.23,48.8,77,0,4.11
AIR106399,2025-09-15,Kerala,Kerala City 1,5G,98.91,103.26,0.42,16.7,65,0,4.11
AIR106400,2025-10-15,Uttar Pradesh,Uttar Pradesh City 2,4G,100,52.16,0.56,23.7,64,0,4.02
AIR106401,2025-11-15,Telangana,Telangana City 2,5G,97.53,131.92,0.45,21.6,120,1,4.13
AIR106402,2025-12-15,Delhi,Delhi City 3,4G,96.72,43.18,1.11,16.1,34,0,3.71
AIR106403,2025-02-15,Tamil Nadu,Tamil Nadu City 2,4G,96.84,55.37,0.88,52.8,66,0,2.67
AIR106404,2025-03-15,Karnataka,Karnataka City 1,4G,100,54.72,1.36,29,35,1,3.51
AIR106405,2025-04-15,Uttar Pradesh,Uttar Pradesh City 2,4G,98.06,37.55,1.35,43.1,23,1,3.63
AIR106406,2025-05-15,Uttar Pradesh,Uttar Pradesh City 2,4G,99.53,42.86,0.69,48.2,97,0,3.38
AIR106407,2025-06-15,Delhi,Delhi City 2,4G,98.83,65.57,0.95,50.6,94,0,3.29
AIR106408,2025-07-15,Tamil Nadu,Tamil Nadu City 2,4G,97.11,48.26,1.64,36.4,71,1,2.59
AIR106409,2025-08-15,West Bengal,West Bengal City 1,4G,97.61,58.17,1.72,43.3,73,1,3.2
AIR106410,2025-09-15,Rajasthan,Rajasthan City 1,4G,100,37.33,1.21,38.4,113,0,4.17
AIR106411,2025-10-15,Delhi,Delhi City 3,4G,97.67,33.43,1.08,37.6,46,0,3.47
AIR106412,2025-11-15,Uttar Pradesh,Uttar Pradesh City 3,4G,98.51,39.04,1.12,31.6,108,0,2.94
AIR106413,2025-12-15,Maharashtra,Maharashtra City 3,4G,98.21,40.6,1.32,43,131,0,3.34
AIR106414,2025-02-15,Karnataka,Karnataka City 2,4G,96.38,48.59,0.72,52.1,106,0,3.26
AIR106415,2025-03-15,Kerala,Kerala City 2,4G,99.92,52.18,0.95,39.1,65,0,3.6
AIR106416,2025-04-15,Maharashtra,Maharashtra City 1,4G,97.1,39.8,0.98,53,19,1,3.24
AIR106417,2025-05-15,Uttar Pradesh,Uttar Pradesh City 3,4G,98.21,30.5,1.56,56,21,0,2.47
AIR106418,2025-06-15,Telangana,Telangana City 1,4G,97.44,45.96,1.28,39.5,57,1,3.78
AIR106419,2025-07-15,Gujarat,Gujarat City 3,4G,99.01,60.97,0.9,46.5,66,0,4.18
AIR106420,2025-08-15,Tamil Nadu,Tamil Nadu City 3,4G,98.32,66.49,1.25,35.7,64,0,2.99
AIR106421,2025-09-15,West Bengal,West Bengal City 3,4G,99.38,21.11,1.38,43.4,61,1,3.53
AIR106422,2025-10-15,Karnataka,Karnataka City 2,4G,99.97,52.68,0.83,28.5,103,0,4.47
AIR106423,2025-11-15,Kerala,Kerala City 3,5G,100,142.52,0.55,22.6,74,0,3.93
AIR106424,2025-12-15,Rajasthan,Rajasthan City 3,5G,98.72,168.83,0.81,22,112,0,3.88
AIR106425,2025-02-15,West Bengal,West Bengal City 2,4G,97.7,46.63,1.52,27.2,106,0,3.21
AIR106426,2025-03-15,Karnataka,Karnataka City 3,5G,98.56,172.65,0.7,26.2,105,1,4.4
AIR106427,2025-04-15,Rajasthan,Rajasthan City 2,4G,98.89,54.82,0.76,40.9,60,1,3.58
AIR106428,2025-05-15,Kerala,Kerala City 2,4G,98.22,38.86,0.86,16,80,0,3.31
AIR106429,2025-06-15,Uttar Pradesh,Uttar Pradesh City 1,5G,100,99.61,0.67,25.9,119,1,4.41
AIR106430,2025-07-15,Gujarat,Gujarat City 2,5G,99.39,142.64,0.87,25.1,74,0,4.04
AIR106431,2025-08-15,Maharashtra,Maharashtra City 2,4G,98.48,37.53,0.64,27.1,121,0,3.75
AIR106432,2025-09-15,Maharashtra,Maharashtra City 2,4G,97.56,32.79,1.77,36.7,134,0,2.92
AIR106433,2025-10-15,Uttar Pradesh,Uttar Pradesh City 3,4G,98.06,54.74,1.08,20.9,94,0,2.89
AIR106434,2025-11-15,West Bengal,West Bengal City 1,4G,98.97,33.75,1.48,30.7,51,0,3.72
AIR106435,2025-12-15,Uttar Pradesh,Uttar Pradesh City 3,4G,97.27,59.62,1.68,43.9,68,0,3.2
AIR106436,2025-02-15,Uttar Pradesh,Uttar Pradesh City 2,4G,99.02,56.34,0.66,52.3,65,0,4.14
AIR106437,2025-03-15,Karnataka,Karnataka City 2,5G,98.93,155.78,0.18,24.9,82,0,4.39
AIR106438,2025-04-15,Karnataka,Karnataka City 1,4G,97.73,51.01,1.24,33.1,35,0,3.02
AIR106439,2025-05-15,Kerala,Kerala City 1,5G,99.6,167.23,1.02,25.1,37,0,2.79
AIR106440,2025-06-15,Gujarat,Gujarat City 2,4G,97.23,33.32,1.55,37.8,90,1,3.02
AIR106441,2025-07-15,Karnataka,Karnataka City 2,4G,99.35,66.22,0.98,36.9,62,0,3.97
AIR106442,2025-08-15,Kerala,Kerala City 3,4G,98.47,44.84,1.69,38.1,67,0,3.19
AIR106443,2025-09-15,Telangana,Telangana City 2,5G,99.22,130.55,0.82,18.6,26,0,3.27
AIR106444,2025-10-15,Uttar Pradesh,Uttar Pradesh City 3,4G,97.78,31.56,1.32,32.8,19,0,3.53
AIR106445,2025-11-15,Uttar Pradesh,Uttar Pradesh City 1,4G,99.35,60.41,0.05,45.3,113,1,3.94
AIR106446,2025-12-15,West Bengal,West Bengal City 3,4G,98,59.13,0.82,47,82,1,3.13
AIR106447,2025-02-15,Telangana,Telangana City 2,4G,98.81,47.45,1.14,35,55,0,3.85
AIR106448,2025-03-15,West Bengal,West Bengal City 3,4G,98.04,48.94,0.89,40.2,57,0,3.76
AIR106449,2025-04-15,Rajasthan,Rajasthan City 3,4G,98.85,49.01,1.69,44.6,89,0,3.17
AIR106450,2025-05-15,Kerala,Kerala City 1,4G,97.56,49.25,1.4,42.6,121,0,3.24
AIR106451,2025-06-15,Kerala,Kerala City 3,4G,97.42,54.76,0.95,43.9,60,0,3.93
AIR106452,2025-07-15,Uttar Pradesh,Uttar Pradesh City 2,4G,98.14,37.89,1.51,23.1,62,1,2.88
AIR106453,2025-08-15,Delhi,Delhi City 3,5G,99.48,183.81,0.45,18,35,0,3.8
AIR106454,2025-09-15,Rajasthan,Rajasthan City 3,4G,97.85,60.82,1.11,41.5,104,1,2.79
AIR106455,2025-10-15,Kerala,Kerala City 3,4G,98.04,31.59,0.8,23.3,52,0,3.36
AIR106456,2025-11-15,Karnataka,Karnataka City 2,4G,98.33,53.21,1.42,60.4,106,1,2.32
AIR106457,2025-12-15,Uttar Pradesh,Uttar Pradesh City 3,4G,97.76,49.97,0.83,42.1,90,0,3.29
AIR106458,2025-02-15,West Bengal,West Bengal City 2,4G,97.65,41.9,0.67,44.9,123,0,2.92
AIR106459,2025-03-15,Telangana,Telangana City 3,4G,98.35,37.22,0.98,37.9,33,1,3.31
AIR106460,2025-04-15,West Bengal,West Bengal City 1,5G,99.92,148.01,0.6,20.5,68,0,4.49
AIR106461,2025-05-15,Maharashtra,Maharashtra City 1,4G,97.63,60.75,1.29,51.7,55,0,3.44
AIR106462,2025-06-15,Delhi,Delhi City 1,4G,97.98,29.31,1.47,47.3,60,0,2.7
AIR106463,2025-07-15,Kerala,Kerala City 2,4G,98.56,44.7,0.75,33.4,65,1,3.92
AIR106464,2025-08-15,Gujarat,Gujarat City 2,4G,98.37,66.95,0.58,62.2,104,0,4.19
AIR106465,2025-09-15,Tamil Nadu,Tamil Nadu City 2,4G,99.32,54.66,0.3,27.5,105,1,3.21
AIR106466,2025-10-15,Delhi,Delhi City 3,5G,99.91,150.44,0.95,26.5,69,1,3.25
AIR106467,2025-11-15,Uttar Pradesh,Uttar Pradesh City 2,5G,99.63,150,0.76,16.4,50,0,3.5
AIR106468,2025-12-15,Kerala,Kerala City 2,5G,98.95,138,0.74,19.9,113,0,3.22
AIR106469,2025-02-15,Telangana,Telangana City 2,4G,99.22,29.64,1.17,42.4,95,0,3.35
AIR106470,2025-03-15,Kerala,Kerala City 2,5G,98.29,131.14,0.53,11.7,85,0,3.73
AIR106471,2025-04-15,Tamil Nadu,Tamil Nadu City 1,4G,98.08,37.08,1.06,39.7,63,1,2.78
AIR106472,2025-05-15,Telangana,Telangana City 3,5G,98.92,174.04,0.74,17.9,68,1,3.44
AIR106473,2025-06-15,West Bengal,West Bengal City 1,5G,98.79,176.43,0.75,20.2,93,0,4
AIR106474,2025-07-15,Telangana,Telangana City 3,4G,98.42,43.47,1.37,41.9,135,1,2.99
AIR106475,2025-08-15,Delhi,Delhi City 3,4G,98.46,39.5,1.16,32,5,0,3.79
AIR106476,2025-09-15,West Bengal,West Bengal City 1,4G,98.11,47.25,1.58,36.4,80,1,3.3
AIR106477,2025-10-15,Kerala,Kerala City 2,5G,99.65,157.16,0.84,23.5,66,0,4.1
AIR106478,2025-11-15,Uttar Pradesh,Uttar Pradesh City 1,4G,97.75,34.69,1.35,36.6,74,0,3.64
AIR106479,2025-12-15,Rajasthan,Rajasthan City 3,5G,99.28,218.46,1.13,28.2,49,0,3.61
AIR106480,2025-02-15,Uttar Pradesh,Uttar Pradesh City 3,4G,99,25.23,0.72,45.2,48,0,3.29
AIR106481,2025-03-15,Kerala,Kerala City 2,4G,97.73,38.42,0.4,38.5,81,0,3.03
AIR106482,2025-04-15,Tamil Nadu,Tamil Nadu City 1,4G,96.68,61.53,1.32,29.4,46,0,2.74
AIR106483,2025-05-15,Rajasthan,Rajasthan City 3,5G,100,104.71,0.58,33,80,0,3.87
AIR106484,2025-06-15,Kerala,Kerala City 1,4G,98.59,41.23,1.15,60.5,88,0,3.83
AIR106485,2025-07-15,Gujarat,Gujarat City 2,4G,97.7,55.57,0.39,26.6,73,1,3.88
AIR106486,2025-08-15,Delhi,Delhi City 2,4G,97.2,61.8,0.88,47.1,113,0,3.89
AIR106487,2025-09-15,Gujarat,Gujarat City 3,4G,97.83,45.02,1.24,27.9,97,1,3.26
AIR106488,2025-10-15,West Bengal,West Bengal City 2,5G,98.54,133.9,0.81,11.5,73,1,3.75
AIR106489,2025-11-15,Maharashtra,Maharashtra City 3,4G,98.68,40.74,0.73,42.2,90,0,3.44
AIR106490,2025-12-15,Kerala,Kerala City 3,5G,98.95,164.55,0.51,11.1,36,1,3.92
AIR106491,2025-02-15,Karnataka,Karnataka City 2,5G,97.95,123.84,0.82,23.2,68,0,3.6
AIR106492,2025-03-15,Karnataka,Karnataka City 2,4G,98.74,45.66,0.75,48,74,1,4.22
AIR106493,2025-04-15,Telangana,Telangana City 1,5G,99.55,88.01,0.25,32.3,21,0,4.22
AIR106494,2025-05-15,Uttar Pradesh,Uttar Pradesh City 1,5G,100,97.22,0.46,20.8,120,0,3.65
AIR106495,2025-06-15,Uttar Pradesh,Uttar Pradesh City 3,5G,99.46,183.56,0.63,14.6,68,0,4.4
AIR106496,2025-07-15,Uttar Pradesh,Uttar Pradesh City 1,5G,98.74,124.82,0.34,22.9,114,1,3.42
AIR106497,2025-08-15,Gujarat,Gujarat City 3,4G,97.59,58.54,1.36,28.5,99,0,3.38
AIR106498,2025-09-15,Delhi,Delhi City 2,4G,98.51,46.29,1.45,40.4,125,1,3.49
AIR106499,2025-10-15,Kerala,Kerala City 2,4G,98.5,43.04,1.22,35.2,35,0,3.88
AIR106500,2025-11-15,Tamil Nadu,Tamil Nadu City 1,5G,99.14,118.92,0.97,17.8,95,1,3.85
AIR106501,2025-12-15,Telangana,Telangana City 3,5G,99.78,114.88,0.57,22.9,90,1,3.56
AIR106502,2025-02-15,West Bengal,West Bengal City 3,4G,97.29,46.69,0.97,26.4,69,0,2.8
AIR106503,2025-03-15,Rajasthan,Rajasthan City 1,4G,98.44,56.3,0.88,34.7,66,0,3.49
AIR106504,2025-04-15,West Bengal,West Bengal City 3,4G,99.61,29,0.97,52.9,93,1,3.94
AIR106505,2025-05-15,Kerala,Kerala City 3,5G,98.86,168.8,0.84,12.9,74,0,3.85
AIR106506,2025-06-15,Maharashtra,Maharashtra City 2,4G,96.89,41.06,1.34,47.8,34,1,3.12
AIR106507,2025-07-15,Uttar Pradesh,Uttar Pradesh City 3,4G,98.95,48.63,1.18,42.8,123,1,3.75
AIR106508,2025-08-15,Rajasthan,Rajasthan City 3,4G,98.05,35.45,1.16,35.1,66,1,3.52
AIR106509,2025-09-15,Gujarat,Gujarat City 3,4G,98.76,38.71,1.04,43.5,5,0,4.08
AIR106510,2025-10-15,Kerala,Kerala City 1,4G,99.33,63.01,1.27,46.2,80,1,3.61
AIR106511,2025-11-15,Maharashtra,Maharashtra City 1,5G,99.78,190.39,0.76,21.2,82,0,3.95
AIR106512,2025-12-15,Gujarat,Gujarat City 1,4G,98.55,40.57,0.7,32,52,0,3.84
AIR106513,2025-02-15,Maharashtra,Maharashtra City 3,5G,100,183.67,0.66,5,20,0,3.37
AIR106514,2025-03-15,Uttar Pradesh,Uttar Pradesh City 3,4G,98.48,27.48,0.48,43.1,131,0,3.66
AIR106515,2025-04-15,Gujarat,Gujarat City 1,4G,99.41,40.21,1.63,25.5,16,0,3.76
AIR106516,2025-05-15,Delhi,Delhi City 1,4G,98.37,36.43,1.28,48.9,32,0,2.71
AIR106517,2025-06-15,Karnataka,Karnataka City 3,5G,98.98,158.56,1.26,13.8,19,0,3.83
AIR106518,2025-07-15,West Bengal,West Bengal City 3,5G,98.85,133.95,0.57,22,55,1,3.92
AIR106519,2025-08-15,Delhi,Delhi City 2,4G,98.92,42.97,1.09,41.8,164,1,3.86
AIR106520,2025-09-15,Rajasthan,Rajasthan City 1,5G,99.43,171.51,0.5,16.4,15,0,3.07
AIR106521,2025-10-15,Telangana,Telangana City 3,4G,98.48,39.02,0.46,45.5,109,0,3.5
AIR106522,2025-11-15,Karnataka,Karnataka City 1,4G,97.27,24.54,1.52,39.1,80,0,3.02
AIR106523,2025-12-15,Delhi,Delhi City 1,4G,98.85,35.59,1.59,42.7,32,1,3.5
AIR106524,2025-02-15,Kerala,Kerala City 1,5G,98.05,166.43,0.38,19,64,0,4.23
AIR106525,2025-03-15,Maharashtra,Maharashtra City 2,4G,98.28,28.42,0.82,41.1,61,0,3.42
AIR106526,2025-04-15,Rajasthan,Rajasthan City 3,4G,97.7,61.47,1.38,39.9,96,1,3.17
AIR106527,2025-05-15,Kerala,Kerala City 3,4G,99.66,26.34,0.62,52.5,138,0,4.1
AIR106528,2025-06-15,Karnataka,Karnataka City 1,4G,98.04,64.19,1.89,56.9,94,1,2.97
AIR106529,2025-07-15,Maharashtra,Maharashtra City 3,4G,97.51,23.45,1.72,53,111,1,2.09
AIR106530,2025-08-15,Rajasthan,Rajasthan City 2,4G,97.01,29.98,1.63,40,33,0,3.51
AIR106531,2025-09-15,Telangana,Telangana City 1,4G,97.48,40.9,1.49,47,55,1,3.2
AIR106532,2025-10-15,Karnataka,Karnataka City 2,5G,99.91,183.85,0.67,7.6,82,1,4.06
AIR106533,2025-11-15,Rajasthan,Rajasthan City 2,4G,98.2,35.73,0.49,71.9,25,1,3.72
AIR106534,2025-12-15,Delhi,Delhi City 3,4G,97.98,73.35,1.68,34.9,37,1,3.15
AIR106535,2025-02-15,Rajasthan,Rajasthan City 3,4G,96.46,29.55,0.9,38.1,24,0,3.32
AIR106536,2025-03-15,Karnataka,Karnataka City 2,4G,97.88,49.69,0.75,51.9,66,0,2.84
AIR106537,2025-04-15,Uttar Pradesh,Uttar Pradesh City 3,5G,99.68,104.51,0.51,29.4,52,0,3.87
AIR106538,2025-05-15,Delhi,Delhi City 2,4G,98.87,33.47,0.25,35.6,58,0,4.06
AIR106539,2025-06-15,Kerala,Kerala City 2,5G,99.35,123.61,0.81,13.5,45,0,4.49
AIR106540,2025-07-15,Karnataka,Karnataka City 1,5G,99.3,161.34,0.65,12.2,69,1,3.84
AIR106541,2025-08-15,Uttar Pradesh,Uttar Pradesh City 2,5G,98.61,143.93,0.62,19.2,17,0,3.9
AIR106542,2025-09-15,Tamil Nadu,Tamil Nadu City 2,4G,98.99,28.16,1.16,45,38,0,4.03
AIR106543,2025-10-15,Telangana,Telangana City 3,4G,97.99,51.86,1.32,34.6,91,0,3.25
AIR106544,2025-11-15,Uttar Pradesh,Uttar Pradesh City 1,4G,98.26,51.5,1.16,39.8,55,1,3.17
AIR106545,2025-12-15,Tamil Nadu,Tamil Nadu City 3,5G,99.83,137.01,0.9,14.9,56,0,3.99
AIR106546,2025-02-15,West Bengal,West Bengal City 1,4G,97.74,33.23,0.97,28.2,104,0,3.72
AIR106547,2025-03-15,Maharashtra,Maharashtra City 3,4G,97.48,73.1,0.57,29.2,93,0,3.58
AIR106548,2025-04-15,Uttar Pradesh,Uttar Pradesh City 2,4G,97.5,40.24,0.11,48.6,83,0,3.42
AIR106549,2025-05-15,Gujarat,Gujarat City 1,5G,99.52,172.47,1.25,9.4,81,0,3.53
AIR106550,2025-06-15,Telangana,Telangana City 1,5G,99.2,175.95,0.4,16.3,120,1,3.96
AIR106551,2025-07-15,Uttar Pradesh,Uttar Pradesh City 1,4G,98.63,45.09,0.44,33.8,75,0,3.91
AIR106552,2025-08-15,Tamil Nadu,Tamil Nadu City 1,4G,97.18,32.23,1.49,23.6,64,0,3.56
AIR106553,2025-09-15,Gujarat,Gujarat City 3,4G,99.54,46.57,2.1,19.9,65,1,3.16
AIR106554,2025-10-15,Telangana,Telangana City 3,4G,99.04,20.47,0.95,36.8,144,0,3.82
AIR106555,2025-11-15,Gujarat,Gujarat City 1,5G,98.75,120.15,0.43,31,78,0,3.73
AIR106556,2025-12-15,Delhi,Delhi City 1,5G,99.55,141.85,0.58,18.7,102,0,4.34
AIR106557,2025-02-15,Tamil Nadu,Tamil Nadu City 1,4G,97.45,50.16,1.21,33.2,132,0,3.05
AIR106558,2025-03-15,Rajasthan,Rajasthan City 3,4G,96.94,37.26,1.19,52.9,35,0,2.72
AIR106559,2025-04-15,Delhi,Delhi City 1,5G,99.5,189.13,0.39,23.5,151,0,3.79
AIR106560,2025-05-15,Telangana,Telangana City 1,5G,99.92,74.17,0.85,23.2,135,0,4.93
AIR106561,2025-06-15,Telangana,Telangana City 1,5G,99.62,134.4,0.65,20.6,100,0,3.82
AIR106562,2025-07-15,Karnataka,Karnataka City 3,5G,98.63,172.76,0.8,21.1,90,0,4.13
AIR106563,2025-08-15,Tamil Nadu,Tamil Nadu City 2,4G,98.85,36.89,1.46,34.4,58,0,3.32
AIR106564,2025-09-15,West Bengal,West Bengal City 2,5G,99.11,95.05,0.7,12.4,66,1,3.77
AIR106565,2025-10-15,West Bengal,West Bengal City 3,5G,98.91,163.65,0.77,30.3,77,0,3.72
AIR106566,2025-11-15,Telangana,Telangana City 2,4G,99.26,42.34,0.99,51.7,98,1,3.75
AIR106567,2025-12-15,West Bengal,West Bengal City 1,4G,97.93,55.49,1.03,51.3,93,0,3.72
AIR106568,2025-02-15,Maharashtra,Maharashtra City 1,5G,98.8,103.96,0.42,10,78,0,3.86
AIR106569,2025-03-15,Karnataka,Karnataka City 3,4G,96.62,30.59,0.88,32.2,132,0,4.21
AIR106570,2025-04-15,Telangana,Telangana City 3,4G,97.75,48.87,0.66,28.5,85,0,3.86
AIR106571,2025-05-15,West Bengal,West Bengal City 2,4G,98.16,33.94,0.78,31,62,0,3.68
AIR106572,2025-06-15,Tamil Nadu,Tamil Nadu City 2,4G,98.71,33.14,1.6,35.7,5,0,3.62
AIR106573,2025-07-15,Uttar Pradesh,Uttar Pradesh City 1,4G,98.85,51.24,0.78,30.1,141,1,4.01
AIR106574,2025-08-15,Rajasthan,Rajasthan City 3,4G,99.04,37.96,1.76,29.4,70,0,3.23
AIR106575,2025-09-15,Delhi,Delhi City 2,5G,99.19,166.12,0.84,18,107,0,3.74
AIR106576,2025-10-15,Delhi,Delhi City 2,5G,99.21,127.11,0.79,23.1,114,1,3.92
AIR106577,2025-11-15,Maharashtra,Maharashtra City 1,5G,99.43,138.46,0.61,30.3,82,0,4.09
AIR106578,2025-12-15,Gujarat,Gujarat City 1,4G,98.31,46.84,1.08,37.8,98,0,3.5
AIR106579,2025-02-15,Tamil Nadu,Tamil Nadu City 1,5G,99.18,91.07,0.56,13.9,50,0,3.99
AIR106580,2025-03-15,Gujarat,Gujarat City 1,4G,98.62,39.74,0.56,48.1,83,0,3.36
AIR106581,2025-04-15,Karnataka,Karnataka City 2,4G,98.21,29.37,0.44,25.3,89,0,3.81
AIR106582,2025-05-15,Rajasthan,Rajasthan City 3,4G,98.93,46.27,0.77,44.9,76,0,3.48
AIR106583,2025-06-15,Karnataka,Karnataka City 3,5G,98.81,110.12,0.85,9.1,80,0,4.22
AIR106584,2025-07-15,Telangana,Telangana City 1,4G,98.4,46.72,0.88,25.5,127,0,3.07
AIR106585,2025-08-15,Tamil Nadu,Tamil Nadu City 1,4G,97.54,43.25,0.05,35.1,125,0,4.08
AIR106586,2025-09-15,Telangana,Telangana City 2,4G,98.05,50.94,0.78,27.3,47,1,4.01
AIR106587,2025-10-15,Kerala,Kerala City 1,4G,97.81,24.93,1.32,36.7,92,0,3.3
AIR106588,2025-11-15,West Bengal,West Bengal City 3,5G,99.15,115.22,0.86,9,131,1,3.44
AIR106589,2025-12-15,Delhi,Delhi City 1,5G,99.43,150.08,1.14,17.6,76,0,3.22
AIR106590,2025-02-15,Uttar Pradesh,Uttar Pradesh City 3,4G,98.06,34.21,0.68,30,97,0,3.39
AIR106591,2025-03-15,Telangana,Telangana City 1,4G,98.09,51.58,0.83,41.8,76,0,3.9
AIR106592,2025-04-15,Gujarat,Gujarat City 1,4G,98.56,40,0.68,10,35,1,3.11
AIR106593,2025-05-15,Kerala,Kerala City 3,5G,100,110.14,0.62,30.5,55,0,4.53
AIR106594,2025-06-15,Delhi,Delhi City 2,4G,97.03,49.57,1.88,42.1,96,1,3.24
AIR106595,2025-07-15,Telangana,Telangana City 2,4G,98.06,32.67,0.34,44.6,63,0,3.79
AIR106596,2025-08-15,Kerala,Kerala City 1,4G,99.19,60.86,0.98,30.9,65,0,3.41
AIR106597,2025-09-15,Kerala,Kerala City 1,4G,99.35,49.21,1.72,26.5,106,0,3.75
AIR106598,2025-10-15,Tamil Nadu,Tamil Nadu City 3,4G,97.03,36.58,1.27,53.7,108,1,3.05
AIR106599,2025-11-15,Karnataka,Karnataka City 3,4G,100,32.77,0.9,43.3,86,0,3.64
AIR106600,2025-12-15,Kerala,Kerala City 1,4G,97.49,31.15,0.27,31.2,92,0,3.5
AIR106601,2025-02-15,Maharashtra,Maharashtra City 3,4G,97.41,45.25,1.73,37.6,46,0,3.21
AIR106602,2025-03-15,Karnataka,Karnataka City 2,5G,99.29,157.42,0.42,26.4,28,1,4.16
AIR106603,2025-04-15,Delhi,Delhi City 2,4G,97.68,23.01,1.12,54.9,83,0,3.64
AIR106604,2025-05-15,Delhi,Delhi City 3,4G,97.93,44.44,0.85,32.4,133,0,3.92
AIR106605,2025-06-15,Delhi,Delhi City 3,5G,98.39,149.13,0.97,19.3,81,0,3.45
AIR106606,2025-07-15,Delhi,Delhi City 3,5G,99.04,193.25,0.37,20.7,25,1,3.14
AIR106607,2025-08-15,Maharashtra,Maharashtra City 2,4G,99.08,41.47,0.66,46.2,79,0,3.6
AIR106608,2025-09-15,Telangana,Telangana City 1,5G,97.79,210.53,0.5,15.9,111,0,3.83
AIR106609,2025-10-15,Rajasthan,Rajasthan City 3,4G,99.99,70.93,0.76,32.1,96,0,4.08
AIR106610,2025-11-15,Kerala,Kerala City 3,5G,99.36,135.64,0.77,20.8,33,0,3.35
AIR106611,2025-12-15,Delhi,Delhi City 3,5G,98.8,170.49,0.9,20,68,1,4.03
AIR106612,2025-02-15,Karnataka,Karnataka City 1,4G,97.88,36.79,1.61,44.3,77,1,3.47
AIR106613,2025-03-15,Karnataka,Karnataka City 3,4G,99.02,51.59,1.02,37.8,77,0,2.97
AIR106614,2025-04-15,Kerala,Kerala City 3,4G,97.61,38.69,0.97,54.6,67,0,3.22
AIR106615,2025-05-15,Telangana,Telangana City 2,4G,98.69,52.52,0.71,38.9,64,0,3.77
AIR106616,2025-06-15,Uttar Pradesh,Uttar Pradesh City 3,4G,98.03,41.59,1.72,46.8,69,0,3.26
AIR106617,2025-07-15,Uttar Pradesh,Uttar Pradesh City 2,4G,97.75,35.09,1.25,41.9,100,0,3.24
AIR106618,2025-08-15,Rajasthan,Rajasthan City 1,4G,96.86,53.16,0.93,23.2,14,1,3.55
AIR106619,2025-09-15,Telangana,Telangana City 3,4G,98.57,57.86,1.14,32,76,1,3.49
AIR106620,2025-10-15,Kerala,Kerala City 3,4G,97.45,49.55,0.87,29.6,94,0,3.43
AIR106621,2025-11-15,Uttar Pradesh,Uttar Pradesh City 2,4G,98.7,40.98,0.82,37.7,67,0,3.78
AIR106622,2025-12-15,Uttar Pradesh,Uttar Pradesh City 1,4G,98.09,52.68,0.99,39.5,78,1,2.61
AIR106623,2025-02-15,Uttar Pradesh,Uttar Pradesh City 1,4G,98.17,56.52,1.21,47.6,124,1,3.43
AIR106624,2025-03-15,Gujarat,Gujarat City 2,5G,100,113.48,0.86,26.1,33,0,4.05
AIR106625,2025-04-15,Maharashtra,Maharashtra City 1,4G,97.07,41.76,1.12,54.3,88,1,3.01
AIR106626,2025-05-15,Kerala,Kerala City 1,5G,98.92,151.11,0.66,13.5,145,0,4.41
AIR106627,2025-06-15,West Bengal,West Bengal City 1,4G,97.51,40.76,1.49,49,94,0,3.46
AIR106628,2025-07-15,Tamil Nadu,Tamil Nadu City 1,5G,100,145.38,0.71,22.2,73,0,4.23
AIR106629,2025-08-15,Tamil Nadu,Tamil Nadu City 1,5G,98.35,160.8,0.76,21.5,35,1,3.07
AIR106630,2025-09-15,Telangana,Telangana City 1,4G,97.42,49.05,1.32,39.6,72,0,3.35
AIR106631,2025-10-15,Kerala,Kerala City 1,4G,97.56,37.22,1.13,20.9,144,0,4.02
AIR106632,2025-11-15,Kerala,Kerala City 1,4G,97.61,53.79,1.95,54.4,57,0,2.99
AIR106633,2025-12-15,Tamil Nadu,Tamil Nadu City 3,5G,99.31,162.15,0.72,17.8,101,1,3.78
AIR106634,2025-02-15,Rajasthan,Rajasthan City 2,4G,98.35,55.52,0.73,24.5,25,0,3.52
AIR106635,2025-03-15,Tamil Nadu,Tamil Nadu City 1,4G,97.44,55.15,1.58,45.5,63,1,2.97
AIR106636,2025-04-15,Kerala,Kerala City 2,4G,97.87,55.13,1.21,25.6,72,0,3.64
AIR106637,2025-05-15,Uttar Pradesh,Uttar Pradesh City 1,5G,99.57,137.06,1.04,27.3,65,0,4.07
AIR106638,2025-06-15,Rajasthan,Rajasthan City 1,4G,98.32,43.63,1.86,40.1,71,0,2.74
AIR106639,2025-07-15,Delhi,Delhi City 3,4G,97.99,90.42,1.08,57.9,106,0,3.18
AIR106640,2025-08-15,West Bengal,West Bengal City 2,4G,97.46,42.64,0.77,44.2,87,1,3.64
AIR106641,2025-09-15,Gujarat,Gujarat City 2,4G,99.88,56.43,1.21,34.4,56,0,3.27
AIR106642,2025-10-15,Maharashtra,Maharashtra City 3,4G,97.99,65.41,1.64,29.5,23,0,3.33
AIR106643,2025-11-15,Delhi,Delhi City 3,4G,98.56,47.68,0.72,40.4,73,0,3.68
AIR106644,2025-12-15,Karnataka,Karnataka City 2,5G,99.59,171.32,0.97,23.2,108,0,4.03
AIR106645,2025-02-15,Tamil Nadu,Tamil Nadu City 1,5G,99.23,104.23,0.45,17.1,5,0,3.41
AIR106646,2025-03-15,West Bengal,West Bengal City 1,5G,99.45,129.69,0.57,20.7,85,1,3.95
AIR106647,2025-04-15,Tamil Nadu,Tamil Nadu City 2,4G,97.79,44.46,0.76,43.1,84,1,2.81
AIR106648,2025-05-15,Tamil Nadu,Tamil Nadu City 1,5G,99.18,63.78,1.05,13,127,0,4.24
AIR106649,2025-06-15,Delhi,Delhi City 3,4G,97.95,57.34,0.9,56.7,74,0,3.05
AIR106650,2025-07-15,Uttar Pradesh,Uttar Pradesh City 3,4G,97.99,37.14,1.07,28.7,35,0,3.77
AIR106651,2025-08-15,Uttar Pradesh,Uttar Pradesh City 3,5G,98.32,177.19,0.83,8.1,56,1,3.59
AIR106652,2025-09-15,Gujarat,Gujarat City 2,5G,99.44,139.58,0.54,27,82,1,4.32
AIR106653,2025-10-15,Rajasthan,Rajasthan City 2,4G,98.34,71.26,1.26,44.3,37,0,3.18
AIR106654,2025-11-15,Tamil Nadu,Tamil Nadu City 2,5G,98.73,124.25,0.28,17.8,90,1,3.71
AIR106655,2025-12-15,Telangana,Telangana City 1,5G,98.71,164.31,0.7,27.8,116,0,3.7
AIR106656,2025-02-15,Uttar Pradesh,Uttar Pradesh City 2,4G,100,40.55,1.48,31.6,124,0,4
AIR106657,2025-03-15,Kerala,Kerala City 2,4G,97.84,33.68,1.39,40.2,80,0,3.7
AIR106658,2025-04-15,West Bengal,West Bengal City 3,5G,99.11,133.82,0.68,18.9,30,0,3.67
AIR106659,2025-05-15,Telangana,Telangana City 1,4G,97.64,28.5,0.67,37,120,0,3.17
AIR106660,2025-06-15,Delhi,Delhi City 1,4G,97.97,38.35,1.28,42.6,108,0,3.2
AIR106661,2025-07-15,Delhi,Delhi City 3,5G,99.57,165.04,0.93,22.3,81,0,3.61
AIR106662,2025-08-15,Gujarat,Gujarat City 1,4G,98.6,36.96,1.34,39.4,83,1,3.64
AIR106663,2025-09-15,Gujarat,Gujarat City 2,4G,99.1,46.2,0.65,39.3,160,1,4.06
AIR106664,2025-10-15,Rajasthan,Rajasthan City 1,4G,97.9,43.39,1.28,35,120,1,3.34
AIR106665,2025-11-15,Kerala,Kerala City 3,4G,98.51,30.75,1.2,49.3,5,1,2.99
AIR106666,2025-12-15,West Bengal,West Bengal City 1,5G,98.5,96.45,0.07,38.6,55,0,4.29
AIR106667,2025-02-15,Kerala,Kerala City 3,5G,99.02,98.31,0.71,22.4,6,0,4.04
AIR106668,2025-03-15,Karnataka,Karnataka City 2,4G,98.91,56.88,0.45,35,41,1,4.02
AIR106669,2025-04-15,Gujarat,Gujarat City 2,5G,99.29,164.73,0.66,25.4,16,1,3.84
AIR106670,2025-05-15,Rajasthan,Rajasthan City 3,5G,99.23,105.58,0.83,19.9,77,0,4.28
AIR106671,2025-06-15,Maharashtra,Maharashtra City 2,4G,96.97,32.67,0.49,40.1,44,0,3.57
AIR106672,2025-07-15,Tamil Nadu,Tamil Nadu City 2,5G,99.76,177.93,0.5,11.2,58,1,4.1
AIR106673,2025-08-15,Tamil Nadu,Tamil Nadu City 1,4G,96.82,38.35,1.38,38.2,83,0,3.38
AIR106674,2025-09-15,Maharashtra,Maharashtra City 2,4G,96.96,60.09,0.93,43.6,63,0,3.45
AIR106675,2025-10-15,Uttar Pradesh,Uttar Pradesh City 3,4G,98.66,21.08,1.68,33.4,101,1,3.79
AIR106676,2025-11-15,Kerala,Kerala City 2,4G,98.02,57.36,1.21,42.5,84,1,3.53
AIR106677,2025-12-15,Maharashtra,Maharashtra City 1,4G,98.5,39.9,1.35,24.2,68,1,3.35
AIR106678,2025-02-15,Rajasthan,Rajasthan City 3,4G,97.97,21.75,0.96,20.2,69,0,3.51
AIR106679,2025-03-15,West Bengal,West Bengal City 2,5G,99.79,186.76,0.71,22.7,78,0,3.7
AIR106680,2025-04-15,Maharashtra,Maharashtra City 2,4G,99.16,50.67,0.78,35,83,1,3.77
AIR106681,2025-05-15,Rajasthan,Rajasthan City 2,4G,99.25,39.81,1.4,43.5,58,0,3.29
AIR106682,2025-06-15,Gujarat,Gujarat City 3,4G,98.02,49.8,1.27,36.8,14,1,3.17
AIR106683,2025-07-15,Telangana,Telangana City 1,4G,97.3,64.91,0.97,43.1,108,1,3.15
AIR106684,2025-08-15,Delhi,Delhi City 3,4G,98.18,71.67,0.48,38.8,102,0,2.88
AIR106685,2025-09-15,Delhi,Delhi City 3,4G,97.53,36.61,0.86,30.4,93,1,3.92
AIR106686,2025-10-15,Karnataka,Karnataka City 1,4G,97.74,58.47,0.6,54.6,80,1,3.06
AIR106687,2025-11-15,Kerala,Kerala City 3,4G,99.72,42.87,1.44,31.5,104,0,3.83
AIR106688,2025-12-15,West Bengal,West Bengal City 3,4G,98.88,27.42,1.13,35.1,14,1,3.25
AIR106689,2025-02-15,Telangana,Telangana City 2,5G,99.04,124.98,0.55,22.6,75,0,3.88
AIR106690,2025-03-15,Telangana,Telangana City 3,5G,99.49,148.99,0.98,21.6,92,0,4.26
AIR106691,2025-04-15,Gujarat,Gujarat City 2,5G,100,172.03,0.65,27.8,64,0,3.89
AIR106692,2025-05-15,Maharashtra,Maharashtra City 3,4G,98.34,36.89,0.74,47.8,85,1,3.71
AIR106693,2025-06-15,Kerala,Kerala City 2,4G,97.85,43.58,1.2,24.5,97,0,3.39
AIR106694,2025-07-15,Tamil Nadu,Tamil Nadu City 2,5G,99.9,83.3,0.66,20.4,110,0,3.46
AIR106695,2025-08-15,Telangana,Telangana City 2,5G,99.48,87.41,0.13,24,92,0,3.42
AIR106696,2025-09-15,Rajasthan,Rajasthan City 1,4G,97.49,51.47,1.38,36.8,36,1,2.98
AIR106697,2025-10-15,Tamil Nadu,Tamil Nadu City 3,4G,99.36,54.64,1.76,18.2,87,0,3.46
AIR106698,2025-11-15,Karnataka,Karnataka City 3,4G,98.58,56.14,1.27,42.7,9,0,3.11
AIR106699,2025-12-15,Maharashtra,Maharashtra City 3,5G,99.28,220.09,0.49,11.3,47,0,4
AIR106700,2025-02-15,Maharashtra,Maharashtra City 1,4G,96.73,45.69,1.24,34.9,87,0,3.63
AIR106701,2025-03-15,West Bengal,West Bengal City 2,4G,98.16,47.19,1.11,37.3,33,1,3.46
AIR106702,2025-04-15,Telangana,Telangana City 3,5G,98.59,144.64,0.63,14.4,93,0,3.54
AIR106703,2025-05-15,Gujarat,Gujarat City 1,4G,95.93,46.36,1.21,35,58,0,3.18
AIR106704,2025-06-15,Uttar Pradesh,Uttar Pradesh City 1,4G,98.13,54.6,1.59,39.5,115,1,2.69
AIR106705,2025-07-15,Uttar Pradesh,Uttar Pradesh City 3,4G,98.09,45.06,0.39,38.2,129,0,3.37
AIR106706,2025-08-15,Delhi,Delhi City 2,4G,99.2,60.04,1.07,36.3,106,1,3.61
AIR106707,2025-09-15,Rajasthan,Rajasthan City 1,4G,97.74,42.18,1.1,25.3,95,0,3.09
AIR106708,2025-10-15,Tamil Nadu,Tamil Nadu City 3,4G,97.55,61.3,0.61,42.8,131,0,4.03
AIR106709,2025-11-15,Karnataka,Karnataka City 2,4G,97.65,28.98,0.8,30,128,0,3.62
AIR106710,2025-12-15,Delhi,Delhi City 1,5G,98.6,95.58,0.57,11.4,47,1,4.2
AIR106711,2025-02-15,Maharashtra,Maharashtra City 1,4G,99.12,59.87,1.1,49.5,75,0,3.74
AIR106712,2025-03-15,Tamil Nadu,Tamil Nadu City 3,4G,98.2,50.9,0.47,38.5,88,0,4
AIR106713,2025-04-15,Kerala,Kerala City 3,4G,97.74,50.73,0.93,45.6,128,0,3.26
AIR106714,2025-05-15,Telangana,Telangana City 2,5G,99.45,161.22,0.56,14,55,0,4.18
AIR106715,2025-06-15,Karnataka,Karnataka City 3,4G,98.72,46.55,2.02,30.4,112,1,3.61
AIR106716,2025-07-15,Kerala,Kerala City 3,4G,99.13,41.72,1.17,58.1,69,0,3.4
AIR106717,2025-08-15,Gujarat,Gujarat City 2,4G,99.15,51.47,1.1,56.9,88,1,3.93
AIR106718,2025-09-15,Telangana,Telangana City 3,4G,98.11,52.8,1.24,11.8,86,0,3.76
AIR106719,2025-10-15,Tamil Nadu,Tamil Nadu City 2,4G,98.57,36.37,0.66,35.6,79,1,3.77
AIR106720,2025-11-15,Telangana,Telangana City 2,5G,99.27,179.72,0.52,24.4,99,1,3.58
AIR106721,2025-12-15,Delhi,Delhi City 2,4G,98.14,44.33,1.02,33.5,70,0,2.83
AIR106722,2025-02-15,West Bengal,West Bengal City 3,5G,99.57,64.54,0.74,29.3,125,0,3.89
AIR106723,2025-03-15,Delhi,Delhi City 2,4G,98.81,58.28,1.55,39.3,121,0,3.93
AIR106724,2025-04-15,Gujarat,Gujarat City 3,5G,98.67,144.72,0.75,25.6,93,0,3.88
AIR106725,2025-05-15,Rajasthan,Rajasthan City 2,4G,98.85,57.73,1.79,50.3,77,0,2.95
AIR106726,2025-06-15,Kerala,Kerala City 3,4G,99.85,39.2,1.17,33.2,60,1,3.49
AIR106727,2025-07-15,Delhi,Delhi City 2,4G,97.54,62.93,0.45,22,64,0,3.22
AIR106728,2025-08-15,West Bengal,West Bengal City 1,4G,99.25,45.1,1.63,41.1,155,0,3.8
AIR106729,2025-09-15,Rajasthan,Rajasthan City 1,5G,99.67,154.64,0.6,18,114,0,3.85
AIR106730,2025-10-15,Delhi,Delhi City 1,4G,98.16,36,1.29,45.6,47,1,3.21
AIR106731,2025-11-15,Maharashtra,Maharashtra City 2,4G,97.76,52.9,1.42,49.8,73,0,3.59
AIR106732,2025-12-15,West Bengal,West Bengal City 3,4G,98.42,53.03,1.52,35.1,90,0,2.98
AIR106733,2025-02-15,Kerala,Kerala City 2,5G,100,127.53,0.54,30.5,27,0,3.55
AIR106734,2025-03-15,Karnataka,Karnataka City 2,4G,98.07,33.67,1.12,30.2,140,0,3.43
AIR106735,2025-04-15,Uttar Pradesh,Uttar Pradesh City 2,5G,98.95,91.25,0.7,23.5,151,0,4.14
AIR106736,2025-05-15,Rajasthan,Rajasthan City 2,5G,98.41,143.56,0.54,10.5,97,0,3.69
AIR106737,2025-06-15,Maharashtra,Maharashtra City 3,5G,99.34,158.59,0.89,17.5,77,1,4.65
AIR106738,2025-07-15,Karnataka,Karnataka City 2,4G,98.07,45.99,1.44,23,100,0,3.28
AIR106739,2025-08-15,Tamil Nadu,Tamil Nadu City 1,4G,98.21,52.09,0.85,38.7,24,0,3.55
AIR106740,2025-09-15,West Bengal,West Bengal City 1,4G,97.46,33.31,0.7,48.3,67,0,3.3
AIR106741,2025-10-15,Maharashtra,Maharashtra City 1,5G,99.31,166.84,0.92,14.8,73,0,3.36
AIR106742,2025-11-15,Telangana,Telangana City 2,5G,99.12,121.79,0.64,19.1,52,0,4.45
AIR106743,2025-12-15,Tamil Nadu,Tamil Nadu City 3,4G,97.66,53.7,1.45,20.8,60,1,3.02
AIR106744,2025-02-15,Tamil Nadu,Tamil Nadu City 3,5G,99.98,122.87,0.65,16.6,71,1,3.93
AIR106745,2025-03-15,Rajasthan,Rajasthan City 3,4G,98.09,38.03,0.84,36.3,153,0,3.21
AIR106746,2025-04-15,West Bengal,West Bengal City 2,4G,98.94,41.91,0.93,32,99,1,3.28
AIR106747,2025-05-15,Maharashtra,Maharashtra City 3,4G,98.27,27.41,0.65,31.7,64,1,3.71
AIR106748,2025-06-15,Gujarat,Gujarat City 1,5G,98.68,182.7,0.31,26.7,132,0,3.72
AIR106749,2025-07-15,Maharashtra,Maharashtra City 3,5G,99.17,170.15,0.96,26.6,84,0,3.52
AIR106750,2025-08-15,Delhi,Delhi City 2,5G,99.36,115.32,0.64,28.3,95,0,3.45
AIR106751,2025-09-15,Tamil Nadu,Tamil Nadu City 2,5G,99.66,158.42,0.71,24.3,30,0,3.86
AIR106752,2025-10-15,Kerala,Kerala City 3,4G,96.6,47.33,1.11,51.3,136,0,2.96
AIR106753,2025-11-15,Tamil Nadu,Tamil Nadu City 2,5G,99.07,184.15,0.64,33.2,5,1,3.78
AIR106754,2025-12-15,Tamil Nadu,Tamil Nadu City 3,4G,98.66,34.88,0.81,51.4,87,0,2.98
AIR106755,2025-02-15,Uttar Pradesh,Uttar Pradesh City 3,5G,98.23,153.71,0.42,29.3,73,0,3.74
AIR106756,2025-03-15,Telangana,Telangana City 1,5G,99.48,138.99,1,5,103,0,3.42
AIR106757,2025-04-15,Gujarat,Gujarat City 2,4G,97.6,47.52,1.54,40,100,1,3.33
AIR106758,2025-05-15,Karnataka,Karnataka City 1,4G,98.32,42.63,0.92,36.4,123,0,3.6
AIR106759,2025-06-15,Karnataka,Karnataka City 2,4G,97.84,47.51,0.33,51.9,61,0,3.77
AIR106760,2025-07-15,Telangana,Telangana City 3,5G,98.46,165.85,0.34,21.7,78,1,3.94
AIR106761,2025-08-15,Tamil Nadu,Tamil Nadu City 2,4G,97.79,41.25,1.14,45.9,92,0,3.17
AIR106762,2025-09-15,Karnataka,Karnataka City 3,4G,98.6,35.28,1.44,32.6,125,0,3.2
AIR106763,2025-10-15,West Bengal,West Bengal City 2,5G,99.58,204.04,0.35,17.3,40,0,4.63
AIR106764,2025-11-15,Gujarat,Gujarat City 1,4G,98.84,43.9,1.17,30.2,105,0,3.6
AIR106765,2025-12-15,Karnataka,Karnataka City 1,4G,97.76,34.05,1.34,29.6,98,0,2.91
AIR106766,2025-02-15,Telangana,Telangana City 3,4G,96.99,37,1.15,30.7,62,0,3.11
AIR106767,2025-03-15,Delhi,Delhi City 1,4G,99.54,39.44,0.49,41.1,83,0,3.77
AIR106768,2025-04-15,Karnataka,Karnataka City 3,5G,99.57,151.7,0.67,10.8,76,0,3.4
AIR106769,2025-05-15,Gujarat,Gujarat City 3,4G,99.27,52.04,1.58,46.3,82,1,3.17
AIR106770,2025-06-15,Rajasthan,Rajasthan City 3,4G,98.12,31.59,0.54,47.5,50,1,2.78
AIR106771,2025-07-15,Rajasthan,Rajasthan City 2,4G,97.98,58.24,1.03,36.5,43,1,3.35
AIR106772,2025-08-15,West Bengal,West Bengal City 3,4G,99.33,50.3,0.48,59.7,78,0,4.04
AIR106773,2025-09-15,Maharashtra,Maharashtra City 1,5G,99.97,143.65,0.61,16.3,57,1,3.6
AIR106774,2025-10-15,Maharashtra,Maharashtra City 2,5G,98.42,115.42,0.43,22.9,92,0,3.77
AIR106775,2025-11-15,Karnataka,Karnataka City 1,4G,97.71,49.29,2.18,49.8,76,0,2.43
AIR106776,2025-12-15,Kerala,Kerala City 3,4G,97.48,54.7,0.99,37.3,22,0,3.81
AIR106777,2025-02-15,Delhi,Delhi City 3,4G,98.72,64.64,0.88,44.8,105,0,3.45
AIR106778,2025-03-15,Telangana,Telangana City 1,4G,97.59,47.62,1.67,28.5,84,0,3.18
AIR106779,2025-04-15,Delhi,Delhi City 2,4G,98.6,61.54,1.06,29.2,84,0,3.42
AIR106780,2025-05-15,Rajasthan,Rajasthan City 1,5G,99.26,116.85,0.33,27,71,1,4.63
AIR106781,2025-06-15,Karnataka,Karnataka City 3,4G,99.7,56.87,0.93,44.1,55,0,3.56
AIR106782,2025-07-15,Gujarat,Gujarat City 2,4G,97.32,47.24,1.06,18.4,146,1,3.39
AIR106783,2025-08-15,Telangana,Telangana City 3,4G,99.13,47.74,0.56,38.8,99,0,4.04
AIR106784,2025-09-15,Delhi,Delhi City 3,4G,98.01,55.29,0.6,21.1,28,1,3.66
AIR106785,2025-10-15,Gujarat,Gujarat City 1,5G,98.85,162.52,0.57,22.2,34,1,3.31
AIR106786,2025-11-15,Telangana,Telangana City 3,4G,99.04,65.62,1.21,35.6,70,0,4.01
AIR106787,2025-12-15,Delhi,Delhi City 1,4G,98.96,54.64,1.13,34.4,60,1,4.29
AIR106788,2025-02-15,West Bengal,West Bengal City 2,4G,97.6,28.68,0.87,52.2,14,0,3.54
AIR106789,2025-03-15,Rajasthan,Rajasthan City 3,5G,99.21,160.89,0.61,15.4,60,1,4.06
AIR106790,2025-04-15,Tamil Nadu,Tamil Nadu City 3,4G,98.53,54.33,1.44,37.5,96,0,3.49
AIR106791,2025-05-15,Telangana,Telangana City 2,5G,99.16,165.5,0.87,17.9,130,1,4.38
AIR106792,2025-06-15,Rajasthan,Rajasthan City 1,4G,98.74,62.59,0.92,38.6,78,1,3.85
AIR106793,2025-07-15,Uttar Pradesh,Uttar Pradesh City 3,5G,98.56,158.47,0.71,15,62,1,3.74
AIR106794,2025-08-15,Kerala,Kerala City 2,5G,99.52,119,0.52,22.3,64,0,4.07
AIR106795,2025-09-15,Karnataka,Karnataka City 3,4G,97.63,48.57,1.57,19.2,87,1,3.56
AIR106796,2025-10-15,Uttar Pradesh,Uttar Pradesh City 1,5G,99.39,185.95,0.76,18.9,126,1,4.1
AIR106797,2025-11-15,Gujarat,Gujarat City 1,5G,99.89,156.77,0.9,27.9,50,1,3.84
AIR106798,2025-12-15,Telangana,Telangana City 1,4G,98.04,54.85,1.2,38.7,62,0,3.63
AIR106799,2025-02-15,Karnataka,Karnataka City 1,4G,99.5,66.73,1.15,48,34,0,3.14
AIR106800,2025-03-15,Karnataka,Karnataka City 2,4G,98.82,55.67,0.41,44.8,94,0,3.88
AIR106801,2025-04-15,Uttar Pradesh,Uttar Pradesh City 3,4G,98.56,40.95,1.17,51.6,61,1,3
AIR106802,2025-05-15,Uttar Pradesh,Uttar Pradesh City 2,5G,99.37,139.1,0.67,16.5,80,1,3.97
AIR106803,2025-06-15,Tamil Nadu,Tamil Nadu City 1,5G,99.1,134.28,0.77,31.8,63,1,3.73
AIR106804,2025-07-15,Delhi,Delhi City 1,4G,96.79,37.36,1.3,38.7,96,0,2.96
AIR106805,2025-08-15,Telangana,Telangana City 1,5G,99.45,204.69,0.59,13.5,149,0,3.1
AIR106806,2025-09-15,Rajasthan,Rajasthan City 1,4G,98.04,11.96,1.2,18.2,86,0,3.17
AIR106807,2025-10-15,Maharashtra,Maharashtra City 3,4G,98.42,62.35,0.4,28,83,1,3.6
AIR106808,2025-11-15,Telangana,Telangana City 1,5G,99.35,154.79,0.54,12.7,112,0,4.64
AIR106809,2025-12-15,Telangana,Telangana City 3,4G,98.51,53.6,0.81,36,92,1,3.81
AIR106810,2025-02-15,Telangana,Telangana City 1,4G,98.6,40,0.72,35.5,111,1,4.1
AIR106811,2025-03-15,Karnataka,Karnataka City 3,5G,99.07,160.11,0.43,13.6,111,0,3.72
AIR106812,2025-04-15,Gujarat,Gujarat City 3,4G,98.7,35.84,0.9,24.7,20,0,3.63
AIR106813,2025-05-15,Karnataka,Karnataka City 1,4G,98.45,33.31,0.78,36.3,120,1,3.94
AIR106814,2025-06-15,Gujarat,Gujarat City 2,4G,99.24,61.64,1.21,30.5,67,0,3.87
AIR106815,2025-07-15,Uttar Pradesh,Uttar Pradesh City 2,4G,98.64,20.08,1.15,39.7,43,0,3.51
AIR106816,2025-08-15,Maharashtra,Maharashtra City 2,5G,99.08,216.02,0.26,22.8,81,1,3.83
AIR106817,2025-09-15,Karnataka,Karnataka City 2,4G,100,44.99,1.04,30,77,0,4.13
AIR106818,2025-10-15,Gujarat,Gujarat City 2,4G,97.96,59.13,1.2,51.6,81,0,2.94
AIR106819,2025-11-15,Karnataka,Karnataka City 1,4G,99,30.69,1.03,22.6,88,0,3.59
AIR106820,2025-12-15,Kerala,Kerala City 1,4G,98.28,24.07,1.27,44.7,55,0,3.25
AIR106821,2025-02-15,Karnataka,Karnataka City 1,4G,98,81.35,1.36,22.7,82,0,3.03
AIR106822,2025-03-15,Maharashtra,Maharashtra City 1,4G,98.1,50,1,23.6,116,0,3.94
AIR106823,2025-04-15,Maharashtra,Maharashtra City 1,4G,98.84,30.91,0.7,39.2,46,0,3.39
AIR106824,2025-05-15,Gujarat,Gujarat City 1,4G,98.09,52.57,1.39,53.3,27,0,3.5
AIR106825,2025-06-15,Gujarat,Gujarat City 3,4G,96.84,26.68,0.72,26.5,70,0,3.14
AIR106826,2025-07-15,Uttar Pradesh,Uttar Pradesh City 3,5G,99.61,186.91,0.67,26.3,61,0,3.84
AIR106827,2025-08-15,Maharashtra,Maharashtra City 1,5G,98.75,171.54,0.68,7.8,100,0,4.41
AIR106828,2025-09-15,Maharashtra,Maharashtra City 1,5G,99.31,123.55,0.19,19.7,92,1,3.98
AIR106829,2025-10-15,Tamil Nadu,Tamil Nadu City 3,4G,96.4,50.27,1.01,26.3,153,1,3.83
AIR106830,2025-11-15,Telangana,Telangana City 3,4G,97.64,41.37,0.94,23.7,9,0,4.62
AIR106831,2025-12-15,West Bengal,West Bengal City 1,5G,99.07,109.9,0.32,28.2,103,1,3.34
AIR106832,2025-02-15,Karnataka,Karnataka City 3,4G,96.71,31.95,1.16,32.9,35,0,2.92
AIR106833,2025-03-15,Delhi,Delhi City 2,4G,98.15,42.73,1.32,48.9,52,0,3.16
AIR106834,2025-04-15,Uttar Pradesh,Uttar Pradesh City 2,5G,99.43,169.81,0.7,18.1,159,0,4.14
AIR106835,2025-05-15,Telangana,Telangana City 2,5G,98.58,225.99,1.08,16.6,72,0,3.34
AIR106836,2025-06-15,West Bengal,West Bengal City 3,5G,99.7,155.94,0.27,22.2,53,0,4.34
AIR106837,2025-07-15,Tamil Nadu,Tamil Nadu City 1,5G,99.7,128.19,0.64,5,127,0,3.98
AIR106838,2025-08-15,Delhi,Delhi City 1,5G,99.8,190.1,0.74,17,113,0,4.24
AIR106839,2025-09-15,Gujarat,Gujarat City 1,4G,99.93,26.06,1.33,40.4,42,1,3.46
AIR106840,2025-10-15,Maharashtra,Maharashtra City 3,5G,99.62,177.87,0.35,15.4,75,0,3.86
AIR106841,2025-11-15,Kerala,Kerala City 3,4G,98.34,32.87,0.89,35.7,105,0,3.55
AIR106842,2025-12-15,Uttar Pradesh,Uttar Pradesh City 2,5G,98.59,214.06,0.27,18.5,71,1,4.05
AIR106843,2025-02-15,Rajasthan,Rajasthan City 3,4G,97.17,73.29,0.59,40.4,5,0,2.75
AIR106844,2025-03-15,Maharashtra,Maharashtra City 2,4G,97.58,47.31,1.17,51.8,70,0,3.79
AIR106845,2025-04-15,Kerala,Kerala City 2,5G,98.94,110.13,1.08,17.6,97,1,3.59
AIR106846,2025-05-15,West Bengal,West Bengal City 1,4G,97.67,53.83,1.18,22.8,36,0,3.68
AIR106847,2025-06-15,Gujarat,Gujarat City 3,5G,98.68,162.85,1.2,17.1,40,0,3.15
AIR106848,2025-07-15,Delhi,Delhi City 1,4G,98.24,58.44,0.99,49.2,137,0,3.85
AIR106849,2025-08-15,West Bengal,West Bengal City 1,5G,98.99,133.14,1.1,19.4,126,0,3.35
AIR106850,2025-09-15,Maharashtra,Maharashtra City 3,5G,99.25,161.1,1.02,15.1,171,0,3.49
AIR106851,2025-10-15,Maharashtra,Maharashtra City 3,4G,97.3,42.63,0.82,42.9,93,0,3.88
AIR106852,2025-11-15,Delhi,Delhi City 2,4G,96.73,69.25,0.89,29.8,23,0,3.07
AIR106853,2025-12-15,Rajasthan,Rajasthan City 2,4G,97.67,27.59,0.95,34.5,10,0,3.66
AIR106854,2025-02-15,Kerala,Kerala City 2,5G,98.54,202.22,1,14.9,108,0,3.58
AIR106855,2025-03-15,West Bengal,West Bengal City 2,4G,98.66,50.15,0.94,25.7,111,0,3.3
AIR106856,2025-04-15,Gujarat,Gujarat City 1,4G,99.39,38.34,0.98,34.1,71,0,4.13
AIR106857,2025-05-15,Maharashtra,Maharashtra City 1,4G,98.57,34.81,0.96,44.3,129,1,3.79
AIR106858,2025-06-15,West Bengal,West Bengal City 3,4G,97.93,42.85,0.78,39,92,0,3.73
AIR106859,2025-07-15,Rajasthan,Rajasthan City 2,4G,98.76,57.08,1.64,43.7,84,1,3.19
AIR106860,2025-08-15,West Bengal,West Bengal City 2,4G,97.45,54.33,0.37,32.6,94,0,3.07
AIR106861,2025-09-15,Delhi,Delhi City 2,4G,98.72,43.72,0.53,33.2,105,0,3.72
AIR106862,2025-10-15,Gujarat,Gujarat City 1,5G,99.44,141.66,0.4,14.5,87,0,3.51
AIR106863,2025-11-15,Tamil Nadu,Tamil Nadu City 3,4G,99,25.99,1.2,55.4,5,0,3.68
AIR106864,2025-12-15,Delhi,Delhi City 1,5G,98.61,126.08,0.96,11.8,99,1,3.98
AIR106865,2025-02-15,West Bengal,West Bengal City 3,4G,99.17,46.75,1.02,41,6,0,3.09
AIR106866,2025-03-15,Tamil Nadu,Tamil Nadu City 3,4G,97.31,62.02,1.16,53,79,1,3.35
AIR106867,2025-04-15,Maharashtra,Maharashtra City 1,4G,98.79,22.13,0.18,27.2,83,0,3.94
AIR106868,2025-05-15,Tamil Nadu,Tamil Nadu City 1,4G,98.42,56.65,1.02,35.1,70,0,3.24
AIR106869,2025-06-15,Rajasthan,Rajasthan City 3,4G,97.64,53.91,1.72,53.1,78,0,2.8
AIR106870,2025-07-15,Karnataka,Karnataka City 1,5G,98.38,183.8,0.58,22.8,67,0,4.06
AIR106871,2025-08-15,Rajasthan,Rajasthan City 1,4G,98.14,25.81,0.77,40,70,1,3.61
AIR106872,2025-09-15,Delhi,Delhi City 3,5G,98.98,169.36,0.38,22.7,77,0,3.92
AIR106873,2025-10-15,Karnataka,Karnataka City 3,4G,97.7,63.78,1.4,43.9,88,1,2.91
AIR106874,2025-11-15,Delhi,Delhi City 2,4G,97.16,20.13,1.41,47.6,51,1,2.99
AIR106875,2025-12-15,Uttar Pradesh,Uttar Pradesh City 1,4G,98.87,68.5,0.85,44,100,0,3.36
AIR106876,2025-02-15,Gujarat,Gujarat City 3,5G,98.96,153.26,0.89,18.6,35,0,3.39
AIR106877,2025-03-15,Telangana,Telangana City 1,4G,99.88,47.48,0.71,30.4,23,0,4.58
AIR106878,2025-04-15,Maharashtra,Maharashtra City 1,5G,98.29,92.51,0.61,24.6,95,0,3.61
AIR106879,2025-05-15,Maharashtra,Maharashtra City 3,4G,98.25,54.99,0.66,45.5,22,0,3.81
AIR106880,2025-06-15,Uttar Pradesh,Uttar Pradesh City 2,4G,98.97,22.03,1.43,38.1,123,1,3.74
AIR106881,2025-07-15,West Bengal,West Bengal City 3,4G,99.04,31.21,0.69,44.6,129,0,4.21
AIR106882,2025-08-15,Kerala,Kerala City 3,5G,99.24,143.39,0.88,17.2,67,1,4.01
AIR106883,2025-09-15,Delhi,Delhi City 1,5G,99.69,121.21,0.19,14.7,75,1,4.43
AIR106884,2025-10-15,Telangana,Telangana City 2,4G,97.67,33.67,1.1,32.6,18,0,2.6
AIR106885,2025-11-15,Telangana,Telangana City 3,5G,99.46,150.23,0.7,28.9,80,0,3.98
AIR106886,2025-12-15,Rajasthan,Rajasthan City 1,4G,97.5,49.87,0.96,31.8,104,0,3.2
AIR106887,2025-02-15,Rajasthan,Rajasthan City 3,5G,100,87.32,0.39,13.2,66,0,4.42
AIR106888,2025-03-15,Kerala,Kerala City 1,5G,99.66,166.56,0.64,23.9,72,1,3.74
AIR106889,2025-04-15,West Bengal,West Bengal City 3,5G,100,124,0.46,18.1,43,0,4.03
AIR106890,2025-05-15,Uttar Pradesh,Uttar Pradesh City 2,5G,99.09,147.64,0.52,29.5,49,1,4.15
AIR106891,2025-06-15,Tamil Nadu,Tamil Nadu City 3,4G,96.83,55.61,0.89,35.8,25,0,3.11
AIR106892,2025-07-15,Rajasthan,Rajasthan City 1,4G,97.38,52.19,1.06,46,131,0,3.07
AIR106893,2025-08-15,West Bengal,West Bengal City 3,4G,99.39,39.56,1.35,53.3,68,0,3.25
AIR106894,2025-09-15,Gujarat,Gujarat City 2,4G,98.65,45.66,0.78,34.1,99,0,3.7
AIR106895,2025-10-15,Maharashtra,Maharashtra City 2,4G,98.29,41.32,1.16,32.4,96,0,3.14
AIR106896,2025-11-15,Maharashtra,Maharashtra City 2,4G,98.16,59.3,0.93,48.6,54,0,3.82
AIR106897,2025-12-15,West Bengal,West Bengal City 2,4G,97.43,36.53,0.79,24.2,68,0,3.08
AIR106898,2025-02-15,Kerala,Kerala City 1,4G,96.62,52.99,1.13,39.7,44,0,3.09
AIR106899,2025-03-15,Uttar Pradesh,Uttar Pradesh City 3,4G,97.46,39.84,0.95,36.3,91,0,3.06
AIR106900,2025-04-15,Telangana,Telangana City 2,4G,98.03,52.42,0.54,31.6,51,0,3.32
AIR106901,2025-05-15,Kerala,Kerala City 3,5G,98.72,133.47,0.74,17.5,77,0,3.46
AIR106902,2025-06-15,West Bengal,West Bengal City 1,4G,97.97,41.87,1.1,34.4,40,0,3.43
AIR106903,2025-07-15,Uttar Pradesh,Uttar Pradesh City 3,5G,99.91,148.36,0.5,22.4,88,1,3.74
AIR106904,2025-08-15,Uttar Pradesh,Uttar Pradesh City 3,4G,97.77,49.83,1.45,30.9,107,1,3.01
AIR106905,2025-09-15,Delhi,Delhi City 2,4G,98.3,39.93,1.03,46.8,116,0,3.99
AIR106906,2025-10-15,Karnataka,Karnataka City 2,4G,98.4,53.58,1.41,27.8,62,0,3.96
AIR106907,2025-11-15,Maharashtra,Maharashtra City 1,4G,97.87,61.32,1.38,37.9,38,0,3.36
AIR106908,2025-12-15,West Bengal,West Bengal City 3,4G,97.91,46.87,1.14,49.4,113,0,3.7
AIR106909,2025-02-15,Telangana,Telangana City 1,4G,98.84,28.88,1.11,18.8,44,0,3.83
AIR106910,2025-03-15,Karnataka,Karnataka City 1,4G,98.4,36.53,0.89,31,83,0,3.79
AIR106911,2025-04-15,Gujarat,Gujarat City 1,4G,97.89,57,1.15,29.7,133,1,4.13
AIR106912,2025-05-15,Rajasthan,Rajasthan City 2,5G,99.33,139.74,0.52,33.1,66,0,3.73
AIR106913,2025-06-15,Delhi,Delhi City 2,4G,96.59,34.59,0.55,45.2,68,0,3.25
AIR106914,2025-07-15,Rajasthan,Rajasthan City 3,4G,97.96,62.4,1.09,50.3,43,0,3.1
AIR106915,2025-08-15,Karnataka,Karnataka City 3,4G,98.07,57.16,1.19,34.5,138,1,3.57
AIR106916,2025-09-15,Karnataka,Karnataka City 3,4G,98.18,56.79,0.96,36,107,0,3.7
AIR106917,2025-10-15,Rajasthan,Rajasthan City 2,5G,100,104.08,0.05,6.6,88,1,4.36
AIR106918,2025-11-15,Telangana,Telangana City 2,4G,98.72,74.01,0.84,41.2,110,0,3.51
AIR106919,2025-12-15,Telangana,Telangana City 1,4G,97.19,44.44,1.59,52.6,39,0,3.63
AIR106920,2025-02-15,Tamil Nadu,Tamil Nadu City 2,4G,96.84,52.47,1.42,26.6,54,0,3.25
AIR106921,2025-03-15,Gujarat,Gujarat City 1,4G,98.05,47.23,0.88,35.5,80,0,3.54
AIR106922,2025-04-15,Telangana,Telangana City 1,4G,97.73,20.01,0.79,24.2,62,0,3.15
AIR106923,2025-05-15,Gujarat,Gujarat City 2,5G,99.74,124.88,0.8,26.5,50,1,3.73
AIR106924,2025-06-15,Gujarat,Gujarat City 1,4G,98.54,50.09,1.12,53.4,82,0,3.47
AIR106925,2025-07-15,Karnataka,Karnataka City 1,4G,98.17,57.07,1.09,33,90,0,3.42
AIR106926,2025-08-15,Gujarat,Gujarat City 3,4G,98.96,21.2,1.16,39.1,91,0,3.4
AIR106927,2025-09-15,Delhi,Delhi City 1,4G,98.46,41.12,0.75,19.4,55,0,3.68
AIR106928,2025-10-15,Rajasthan,Rajasthan City 2,4G,98.1,58.36,0.2,39.4,154,0,3.35
AIR106929,2025-11-15,Tamil Nadu,Tamil Nadu City 2,4G,97.28,32.59,0.9,38.5,43,1,3.59
AIR106930,2025-12-15,West Bengal,West Bengal City 1,4G,97.27,46.66,0.85,45.9,107,1,3.27
AIR106931,2025-02-15,Kerala,Kerala City 3,4G,97.92,43.9,1.04,26,38,0,3.42
AIR106932,2025-03-15,Tamil Nadu,Tamil Nadu City 2,4G,97.83,43.45,1.33,29.4,96,0,3.05
AIR106933,2025-04-15,Delhi,Delhi City 2,4G,98.83,32.6,1.25,39.8,73,0,4.17
AIR106934,2025-05-15,Tamil Nadu,Tamil Nadu City 3,4G,98.83,53,0.65,29.9,5,0,3.83
AIR106935,2025-06-15,Gujarat,Gujarat City 1,4G,96.94,38.98,1.38,37.4,22,0,3
AIR106936,2025-07-15,Karnataka,Karnataka City 2,4G,97.25,41.42,0.9,44.9,90,0,3.27
AIR106937,2025-08-15,Kerala,Kerala City 1,4G,96.84,61.06,0.82,26.7,106,1,3.09
AIR106938,2025-09-15,Telangana,Telangana City 1,5G,99.57,178.22,1.14,21.9,115,0,3.9
AIR106939,2025-10-15,Karnataka,Karnataka City 1,5G,98.99,147.21,0.52,27.8,9,0,4.3
AIR106940,2025-11-15,Gujarat,Gujarat City 1,5G,99.11,168.5,0.81,19.3,65,0,3.82
AIR106941,2025-12-15,Gujarat,Gujarat City 2,5G,98.57,106.07,0.79,21.2,29,0,3.74
AIR106942,2025-02-15,Kerala,Kerala City 3,5G,99.01,146.58,0.73,33.5,92,1,3.77
AIR106943,2025-03-15,Kerala,Kerala City 2,5G,98.38,145.7,0.47,21.8,78,0,3.48
AIR106944,2025-04-15,Maharashtra,Maharashtra City 3,5G,98.42,101.03,0.22,21.6,125,1,3.59
AIR106945,2025-05-15,Uttar Pradesh,Uttar Pradesh City 1,5G,99.64,136.16,0.25,26.1,80,0,4.69
AIR106946,2025-06-15,Uttar Pradesh,Uttar Pradesh City 3,4G,98.97,72.71,0.83,50.5,14,0,3.62
AIR106947,2025-07-15,Karnataka,Karnataka City 1,4G,97.44,38.08,1.22,36.3,20,0,3.43
AIR106948,2025-08-15,Telangana,Telangana City 2,5G,99.12,146.51,0.49,24.8,112,1,4.47
AIR106949,2025-09-15,Tamil Nadu,Tamil Nadu City 2,4G,97.18,42.24,0.51,56.8,30,0,3.63
AIR106950,2025-10-15,Gujarat,Gujarat City 3,5G,98.83,210.87,0.36,16.8,58,0,4.25
AIR106951,2025-11-15,Gujarat,Gujarat City 1,4G,97.59,64.73,0.98,34.6,71,0,3.18
AIR106952,2025-12-15,Maharashtra,Maharashtra City 1,4G,98.6,45.53,1.07,40.5,66,1,3.71
AIR106953,2025-02-15,Karnataka,Karnataka City 3,5G,98.84,135.21,0.57,14,45,0,4.12
AIR106954,2025-03-15,Karnataka,Karnataka City 1,5G,99.03,71.26,0.49,17.9,51,1,4.3
AIR106955,2025-04-15,Rajasthan,Rajasthan City 1,4G,96.41,68.73,0.48,25,58,1,3.33
AIR106956,2025-05-15,Kerala,Kerala City 1,5G,98.62,198.41,0.42,18.1,75,1,3.15
AIR106957,2025-06-15,Telangana,Telangana City 2,5G,98.58,149.57,0.37,14.9,99,0,3.47
AIR106958,2025-07-15,Kerala,Kerala City 2,4G,98.66,50.54,0.68,31.8,69,0,3.52
AIR106959,2025-08-15,Telangana,Telangana City 2,4G,98.03,40.66,1.46,27.8,59,0,3.91
AIR106960,2025-09-15,Delhi,Delhi City 1,4G,98.83,41.92,0.85,27,84,0,3.17
AIR106961,2025-10-15,West Bengal,West Bengal City 2,4G,97.52,40.27,1.06,38.1,42,0,2.81
AIR106962,2025-11-15,Uttar Pradesh,Uttar Pradesh City 1,4G,97.34,35.4,0.53,39.3,73,0,3.72
AIR106963,2025-12-15,Uttar Pradesh,Uttar Pradesh City 1,4G,98.15,42.93,1.14,40.8,57,0,4.11
AIR106964,2025-02-15,Telangana,Telangana City 3,4G,98.43,43.38,0.67,44.8,77,0,3.18
AIR106965,2025-03-15,Uttar Pradesh,Uttar Pradesh City 1,5G,99.67,137.87,0.55,8.9,56,0,4.29
AIR106966,2025-04-15,Kerala,Kerala City 2,4G,98.81,51.15,1.01,29.8,123,0,3.92
AIR106967,2025-05-15,Gujarat,Gujarat City 2,4G,97.53,36.46,1,53.9,117,0,3.8
AIR106968,2025-06-15,Kerala,Kerala City 1,4G,98.47,63.01,0.65,42.8,5,0,3.64
AIR106969,2025-07-15,Telangana,Telangana City 2,5G,99.04,145.65,0.82,20.9,46,1,3.58
AIR106970,2025-08-15,Karnataka,Karnataka City 1,5G,98.49,161.57,0.63,23.1,44,0,4.22
AIR106971,2025-09-15,Kerala,Kerala City 3,4G,98.73,14.01,1.56,40.3,87,0,3.16
AIR106972,2025-10-15,Uttar Pradesh,Uttar Pradesh City 1,5G,99.27,130.16,0.63,10.8,57,1,3.74
AIR106973,2025-11-15,Maharashtra,Maharashtra City 1,5G,98.7,155.96,0.61,14.5,115,0,3.5
AIR106974,2025-12-15,Rajasthan,Rajasthan City 3,5G,98.63,147.76,1.03,27.2,48,1,3.75
AIR106975,2025-02-15,Gujarat,Gujarat City 2,5G,98.46,149.2,0.98,14.8,120,0,3.76
AIR106976,2025-03-15,Uttar Pradesh,Uttar Pradesh City 3,4G,98.87,11.52,0.97,24,142,0,4.01
AIR106977,2025-04-15,Maharashtra,Maharashtra City 3,4G,97.96,41.53,0.86,37.6,83,0,3.52
AIR106978,2025-05-15,Telangana,Telangana City 1,4G,96.85,64.66,2.01,43.8,80,0,3.23
AIR106979,2025-06-15,Delhi,Delhi City 1,4G,99.93,53.46,0.59,29.9,111,0,3.99
AIR106980,2025-07-15,Maharashtra,Maharashtra City 3,4G,97.56,47.45,0.86,43.7,73,1,2.83
AIR106981,2025-08-15,West Bengal,West Bengal City 2,5G,100,148.17,0.48,13.9,106,1,4.37
AIR106982,2025-09-15,Delhi,Delhi City 3,4G,98.99,45.76,1,35.4,86,1,3.72
AIR106983,2025-10-15,Tamil Nadu,Tamil Nadu City 2,5G,100,95.64,0.93,14.8,144,1,4.39
AIR106984,2025-11-15,Gujarat,Gujarat City 3,4G,98.64,15.78,0.99,35.3,147,1,4.06
AIR106985,2025-12-15,Uttar Pradesh,Uttar Pradesh City 3,4G,97.2,51.29,1.73,44.3,112,0,3.09
AIR106986,2025-02-15,Tamil Nadu,Tamil Nadu City 2,4G,98.86,44.28,0.32,22.6,113,0,3.65
AIR106987,2025-03-15,Kerala,Kerala City 3,4G,99.39,47.04,0.63,31.2,36,0,3.56
AIR106988,2025-04-15,Telangana,Telangana City 1,5G,99.54,138.86,0.51,16.7,23,0,3.87
AIR106989,2025-05-15,Gujarat,Gujarat City 3,5G,98.44,106.56,0.52,11.9,32,0,4.13
AIR106990,2025-06-15,Karnataka,Karnataka City 1,4G,97.51,34.06,0.89,39.6,102,1,3.42
AIR106991,2025-07-15,Delhi,Delhi City 2,5G,98.85,102.28,0.81,16.6,101,0,3.75
AIR106992,2025-08-15,Karnataka,Karnataka City 2,5G,100,190.01,0.5,18.2,70,0,4.01
AIR106993,2025-09-15,Tamil Nadu,Tamil Nadu City 1,4G,97.91,21.85,1.52,46.2,110,0,3.26
AIR106994,2025-10-15,Maharashtra,Maharashtra City 3,4G,97.77,27.54,0.95,39.4,108,0,3.26
AIR106995,2025-11-15,Maharashtra,Maharashtra City 1,4G,98.23,35.69,1.27,47.4,20,0,3.73
AIR106996,2025-12-15,Telangana,Telangana City 1,4G,97.99,57.4,1.24,53.1,96,0,2.65
AIR106997,2025-02-15,Tamil Nadu,Tamil Nadu City 2,5G,98.96,151.76,0.4,17.2,115,0,3.86
AIR106998,2025-03-15,Rajasthan,Rajasthan City 1,4G,96.7,53.44,1.39,26.4,75,0,3.88
AIR106999,2025-04-15,Gujarat,Gujarat City 3,4G,97.97,32.38,1.07,51.6,76,0,3.17
AIR107000,2025-05-15,Delhi,Delhi City 1,4G,97.59,55.69,1.12,38.8,78,0,3.36
AIR107001,2025-06-15,Maharashtra,Maharashtra City 2,5G,99.67,123.42,0.86,22.5,65,1,3.86
AIR107002,2025-07-15,Maharashtra,Maharashtra City 3,5G,99.44,139.85,0.51,14.9,35,0,4.57
AIR107003,2025-08-15,Karnataka,Karnataka City 2,4G,96.19,40.65,1.55,40.6,99,0,3.13
AIR107004,2025-09-15,Karnataka,Karnataka City 1,4G,97.96,40.69,1.14,40.4,5,0,2.94
AIR107005,2025-10-15,Uttar Pradesh,Uttar Pradesh City 1,4G,98.75,36.47,1.39,37.1,81,0,3.96
AIR107006,2025-11-15,Kerala,Kerala City 2,5G,98.63,89.59,0.81,24.5,145,0,3.46
AIR107007,2025-12-15,Rajasthan,Rajasthan City 2,4G,99.8,46.98,1.18,19.3,85,0,3.59
AIR107008,2025-02-15,Karnataka,Karnataka City 3,5G,100,146,0.58,23,93,0,4.2
AIR107009,2025-03-15,Karnataka,Karnataka City 2,5G,98.93,139.98,0.78,20.4,43,1,3.63
AIR107010,2025-04-15,Gujarat,Gujarat City 2,4G,98.21,45.94,0.56,23.9,142,1,3.97
AIR107011,2025-05-15,Uttar Pradesh,Uttar Pradesh City 1,4G,98.53,54.23,1.22,41.2,97,0,3.26
AIR107012,2025-06-15,Karnataka,Karnataka City 1,4G,97.72,44.99,1.07,33.8,70,1,2.82
AIR107013,2025-07-15,Delhi,Delhi City 2,4G,97.78,37.2,1.42,42.3,54,0,3.44
AIR107014,2025-08-15,Gujarat,Gujarat City 2,4G,99.14,46.24,1.22,41.8,73,0,3.96
AIR107015,2025-09-15,Kerala,Kerala City 1,4G,97.31,53.92,0.62,22.7,62,1,3.09
AIR107016,2025-10-15,Tamil Nadu,Tamil Nadu City 3,4G,98.19,51.81,0.85,42.1,82,0,4.32
AIR107017,2025-11-15,Gujarat,Gujarat City 3,4G,99.02,54.82,1.19,49.6,19,0,3.56
AIR107018,2025-12-15,Tamil Nadu,Tamil Nadu City 3,5G,98.85,196.82,0.39,16.9,114,1,3.88
AIR107019,2025-02-15,Maharashtra,Maharashtra City 3,4G,99,44.27,1.06,42.2,84,0,3.89
AIR107020,2025-03-15,Uttar Pradesh,Uttar Pradesh City 1,4G,99.98,61.87,1.26,35,90,0,3.83
AIR107021,2025-04-15,Kerala,Kerala City 2,5G,100,146.85,0.42,11.1,69,0,4.09
AIR107022,2025-05-15,Uttar Pradesh,Uttar Pradesh City 3,4G,98.09,73.77,1.28,49.9,87,0,2.89
AIR107023,2025-06-15,Kerala,Kerala City 1,5G,98.74,184.11,0.93,11,75,0,3.51
AIR107024,2025-07-15,Uttar Pradesh,Uttar Pradesh City 2,5G,99.61,163.59,0.82,17,92,0,4.02
AIR107025,2025-08-15,Gujarat,Gujarat City 3,4G,96.46,34.6,0.94,44.1,29,0,3.22
AIR107026,2025-09-15,Uttar Pradesh,Uttar Pradesh City 2,4G,98.4,48.62,0.86,30.1,80,1,3.77
AIR107027,2025-10-15,West Bengal,West Bengal City 3,4G,98.46,47.81,1.05,45.6,65,0,3.81
AIR107028,2025-11-15,Kerala,Kerala City 2,4G,97.95,51.63,0.64,50.5,46,0,3.61
AIR107029,2025-12-15,Tamil Nadu,Tamil Nadu City 3,4G,97.4,47.01,1.16,30.6,128,0,3.47
AIR107030,2025-02-15,Kerala,Kerala City 3,5G,99.49,151.68,0.96,19.9,101,0,3.84
AIR107031,2025-03-15,Maharashtra,Maharashtra City 2,4G,98.05,47.89,0.81,40.3,44,0,3.52
AIR107032,2025-04-15,Delhi,Delhi City 2,4G,97.65,54.89,0.9,29.9,89,0,4.56
AIR107033,2025-05-15,West Bengal,West Bengal City 2,5G,100,126.78,0.64,17.1,54,1,4.33
AIR107034,2025-06-15,Telangana,Telangana City 1,5G,99.54,99.05,0.76,21.3,59,0,3.48
AIR107035,2025-07-15,Kerala,Kerala City 1,4G,97.87,44.92,0.95,38.4,69,0,3.2
AIR107036,2025-08-15,Karnataka,Karnataka City 2,4G,97.74,50.01,0.79,21.7,65,1,3.72
AIR107037,2025-09-15,Gujarat,Gujarat City 1,4G,97.89,44.38,1.18,36.4,63,0,3.4
AIR107038,2025-10-15,Gujarat,Gujarat City 3,5G,99.44,156.16,0.9,29.2,85,0,3.78
AIR107039,2025-11-15,Uttar Pradesh,Uttar Pradesh City 2,4G,98.56,33.01,1.21,34.7,71,0,3.64
AIR107040,2025-12-15,Uttar Pradesh,Uttar Pradesh City 1,5G,99.66,213.03,0.48,14.1,44,0,4.46
AIR107041,2025-02-15,Gujarat,Gujarat City 2,4G,98.55,39.83,0.81,35.2,115,0,3.47
AIR107042,2025-03-15,Rajasthan,Rajasthan City 3,5G,99.1,111.61,0.64,29.5,71,1,4.17
AIR107043,2025-04-15,West Bengal,West Bengal City 3,4G,98.34,47.77,1.43,26.9,86,0,3.64
AIR107044,2025-05-15,West Bengal,West Bengal City 1,5G,99.37,154.59,0.45,25,19,1,4.02
AIR107045,2025-06-15,Tamil Nadu,Tamil Nadu City 3,5G,99.32,162.03,0.79,5,98,0,3.27
AIR107046,2025-07-15,Kerala,Kerala City 2,4G,98.17,56.29,1.18,17,123,0,3.6
AIR107047,2025-08-15,Telangana,Telangana City 1,5G,99.1,108.86,0.63,30,94,0,4.29
AIR107048,2025-09-15,Gujarat,Gujarat City 2,5G,98.58,113.51,0.33,22.7,5,1,3.73
AIR107049,2025-10-15,Kerala,Kerala City 2,5G,98.47,214.3,0.57,36.9,135,1,4.48
AIR107050,2025-11-15,West Bengal,West Bengal City 2,4G,96.71,25.81,1.29,24.2,71,0,3.31
AIR107051,2025-12-15,Maharashtra,Maharashtra City 3,4G,98.6,47.12,1.29,37.5,106,0,3.46
AIR107052,2025-02-15,Gujarat,Gujarat City 2,5G,99.49,158.89,0.99,5.2,40,0,4.49
AIR107053,2025-03-15,Kerala,Kerala City 3,5G,100,157.56,0.6,19.5,39,0,3.94
AIR107054,2025-04-15,West Bengal,West Bengal City 2,4G,96.84,28.65,0.94,38.9,124,0,3.42
AIR107055,2025-05-15,Delhi,Delhi City 3,5G,98.67,111.59,0.85,17.1,87,0,3.11
AIR107056,2025-06-15,West Bengal,West Bengal City 3,4G,97.23,32,1.6,34.6,90,0,2.77
AIR107057,2025-07-15,Uttar Pradesh,Uttar Pradesh City 3,5G,100,135.56,0.97,22.8,61,0,4.04
AIR107058,2025-08-15,Karnataka,Karnataka City 2,4G,98.06,50.61,1.35,33.6,22,1,3.16
AIR107059,2025-09-15,Rajasthan,Rajasthan City 2,4G,96.84,35.55,1.3,44.2,165,0,3.14
AIR107060,2025-10-15,Rajasthan,Rajasthan City 3,4G,99.37,46.3,0.99,44.7,110,0,3.9
AIR107061,2025-11-15,Uttar Pradesh,Uttar Pradesh City 2,4G,98.72,42.35,1.09,30.4,119,0,4.09
AIR107062,2025-12-15,Uttar Pradesh,Uttar Pradesh City 3,4G,97.81,27.68,0.84,31,114,0,3.14
AIR107063,2025-02-15,Gujarat,Gujarat City 2,4G,97.15,42.1,1.18,48.9,51,0,3.57
AIR107064,2025-03-15,Delhi,Delhi City 3,4G,97.34,52.93,1.5,19.2,90,1,3.66
AIR107065,2025-04-15,Delhi,Delhi City 3,4G,96.79,55.51,1.03,41.2,87,0,3.44
AIR107066,2025-05-15,Gujarat,Gujarat City 1,5G,99.68,205.46,0.78,20.3,61,0,4.2
AIR107067,2025-06-15,Kerala,Kerala City 2,4G,98.39,44.01,0.43,39.1,83,0,3.61
AIR107068,2025-07-15,Gujarat,Gujarat City 2,4G,99.19,31.02,1.71,31.3,80,1,3.34
AIR107069,2025-08-15,Telangana,Telangana City 1,4G,98.85,39.92,1.2,36,89,0,3.66
AIR107070,2025-09-15,Telangana,Telangana City 3,5G,100,194.61,0.49,23.9,10,0,3.92
AIR107071,2025-10-15,Rajasthan,Rajasthan City 3,5G,99.38,99.77,0.45,21.2,109,0,4.05
AIR107072,2025-11-15,West Bengal,West Bengal City 1,4G,98.45,42.16,1.2,28.6,55,0,3.97
AIR107073,2025-12-15,Gujarat,Gujarat City 1,5G,99.19,133.73,0.85,13.9,96,0,3.38
AIR107074,2025-02-15,Gujarat,Gujarat City 3,5G,100,74.98,1.07,23.2,93,0,4.57
AIR107075,2025-03-15,Kerala,Kerala City 2,4G,97.7,48.27,1.53,49.3,81,1,3.39
AIR107076,2025-04-15,Tamil Nadu,Tamil Nadu City 1,5G,99.3,156.99,0.69,16.3,96,0,4.57
AIR107077,2025-05-15,Rajasthan,Rajasthan City 1,4G,98.32,50.9,1,51.8,46,0,3.22
AIR107078,2025-06-15,Rajasthan,Rajasthan City 1,4G,98.79,54.2,1,43.3,80,0,3.66
AIR107079,2025-07-15,Rajasthan,Rajasthan City 1,4G,97.78,57.29,0.74,49.1,137,0,3.59
AIR107080,2025-08-15,West Bengal,West Bengal City 1,4G,99.58,33.2,0.91,19.9,79,0,4.28
AIR107081,2025-09-15,Uttar Pradesh,Uttar Pradesh City 1,4G,100,54.89,1.05,33.9,31,1,3.34
AIR107082,2025-10-15,Maharashtra,Maharashtra City 3,4G,96.94,37.02,1.33,27,34,1,2.98
AIR107083,2025-11-15,Tamil Nadu,Tamil Nadu City 3,4G,98.59,50.09,1.69,38.7,22,1,2.74
AIR107084,2025-12-15,West Bengal,West Bengal City 1,4G,99.21,36.59,1.05,40.6,29,0,3.89
AIR107085,2025-02-15,Telangana,Telangana City 3,4G,97.75,45.95,0.89,19.4,42,0,3.68
AIR107086,2025-03-15,Kerala,Kerala City 2,4G,98.69,47.9,0.39,27.6,91,0,3.95
AIR107087,2025-04-15,Uttar Pradesh,Uttar Pradesh City 2,4G,97.71,63.67,1.38,29.5,113,0,3.01
AIR107088,2025-05-15,Telangana,Telangana City 1,5G,98.17,171.07,0.86,21,19,1,3.48
AIR107089,2025-06-15,Uttar Pradesh,Uttar Pradesh City 2,4G,98.1,64.1,1.16,27.3,72,0,3.68
AIR107090,2025-07-15,Delhi,Delhi City 2,4G,97.38,36.56,1.55,32.8,77,0,4.03
AIR107091,2025-08-15,Rajasthan,Rajasthan City 3,4G,98.02,36.3,0.83,39,77,0,3.09
AIR107092,2025-09-15,Uttar Pradesh,Uttar Pradesh City 3,4G,97.39,34.79,1.49,26.3,124,0,2.75
AIR107093,2025-10-15,Karnataka,Karnataka City 3,4G,98.2,70.28,0.97,42.1,82,0,3.09
AIR107094,2025-11-15,Rajasthan,Rajasthan City 3,4G,98.25,46.1,0.07,35.2,57,0,4.46
AIR107095,2025-12-15,Rajasthan,Rajasthan City 2,5G,98.32,152.55,0.68,8.2,48,1,3.74
AIR107096,2025-02-15,Kerala,Kerala City 1,4G,98.56,36.19,1.11,44.6,89,0,3.75
AIR107097,2025-03-15,Tamil Nadu,Tamil Nadu City 3,4G,98.41,43.44,1.14,43.1,106,1,3.72
AIR107098,2025-04-15,Telangana,Telangana City 2,4G,98.86,23.29,1.79,31.9,73,0,3.19
AIR107099,2025-05-15,Uttar Pradesh,Uttar Pradesh City 3,5G,98.31,189.3,0.05,18.6,18,0,3.97
AIR107100,2025-06-15,Uttar Pradesh,Uttar Pradesh City 2,5G,99.65,129.3,0.48,11,76,1,3.64
AIR107101,2025-07-15,Delhi,Delhi City 3,4G,98.53,41.52,1.22,41.9,83,0,2.96
AIR107102,2025-08-15,Rajasthan,Rajasthan City 1,4G,98.11,57.56,1.16,47.6,106,0,3.07
AIR107103,2025-09-15,Gujarat,Gujarat City 3,5G,99.74,98.56,0.76,15.4,113,0,4.34
AIR107104,2025-10-15,Maharashtra,Maharashtra City 1,4G,96.92,41.75,0.83,31.4,5,1,3.56
AIR107105,2025-11-15,Gujarat,Gujarat City 3,4G,97.28,32.75,1.29,49.4,81,0,3.09
AIR107106,2025-12-15,Uttar Pradesh,Uttar Pradesh City 3,4G,99.5,57.17,0.92,25.1,140,0,3.66
AIR107107,2025-02-15,Gujarat,Gujarat City 3,4G,97.28,33.62,0.58,36.9,93,0,3.95
AIR107108,2025-03-15,Kerala,Kerala City 2,5G,99.32,113.16,0.41,17.1,41,0,3.65
AIR107109,2025-04-15,Karnataka,Karnataka City 2,5G,100,120.32,1.31,17.1,78,0,3.93
AIR107110,2025-05-15,Uttar Pradesh,Uttar Pradesh City 1,5G,99.1,166.71,0.9,19,100,0,3.63
AIR107111,2025-06-15,Uttar Pradesh,Uttar Pradesh City 1,4G,97.87,36.49,1.1,29.8,124,0,3.33
AIR107112,2025-07-15,Karnataka,Karnataka City 2,4G,98.7,31.22,1.37,25.9,153,0,3.44
AIR107113,2025-08-15,Telangana,Telangana City 1,4G,98.38,46.96,1.48,40.6,70,0,3.32
AIR107114,2025-09-15,Karnataka,Karnataka City 1,5G,98.98,177.47,0.73,25.3,29,0,4.01
AIR107115,2025-10-15,Gujarat,Gujarat City 2,5G,99.45,164.79,1.15,15.3,46,0,4.15
AIR107116,2025-11-15,Kerala,Kerala City 2,4G,98.37,47.95,0.8,23.9,102,0,3.62
AIR107117,2025-12-15,Delhi,Delhi City 2,4G,98.01,44.87,0.65,45.7,50,0,3.63
AIR107118,2025-02-15,Telangana,Telangana City 2,4G,96.43,15.95,1.4,44.7,82,1,3.2
AIR107119,2025-03-15,West Bengal,West Bengal City 3,5G,100,186.5,0.47,14,26,0,4.29
AIR107120,2025-04-15,Delhi,Delhi City 2,4G,99.56,54.19,0.28,49.3,106,1,4.06
AIR107121,2025-05-15,Tamil Nadu,Tamil Nadu City 1,4G,99.21,37.76,1.09,30.7,47,0,3.88
AIR107122,2025-06-15,Tamil Nadu,Tamil Nadu City 3,4G,98.35,43.74,1.04,33.1,118,1,3.47
AIR107123,2025-07-15,Tamil Nadu,Tamil Nadu City 3,4G,98.11,49.19,1.08,26.7,75,0,4.32
AIR107124,2025-08-15,Tamil Nadu,Tamil Nadu City 1,5G,99.03,195.74,0.82,14.1,102,0,3.38
AIR107125,2025-09-15,Kerala,Kerala City 3,5G,98.92,173.3,0.22,22.6,129,0,3.85
AIR107126,2025-10-15,Delhi,Delhi City 1,5G,98.93,120.66,0.25,26.4,45,0,3.91
AIR107127,2025-11-15,Rajasthan,Rajasthan City 3,5G,98.36,129.37,1.11,12.9,75,1,3.38
AIR107128,2025-12-15,Maharashtra,Maharashtra City 3,4G,97.9,28.87,0.82,42.6,82,0,3.41
AIR107129,2025-02-15,Telangana,Telangana City 1,4G,97.96,22.68,0.9,26.3,38,0,3.47
AIR107130,2025-03-15,West Bengal,West Bengal City 1,4G,98.63,33.54,0.91,34.6,26,1,3.29
AIR107131,2025-04-15,Gujarat,Gujarat City 1,5G,98.84,232.48,0.88,34.6,86,1,4.11
AIR107132,2025-05-15,Uttar Pradesh,Uttar Pradesh City 1,4G,99.23,28.83,0.86,16.5,77,0,3.54
AIR107133,2025-06-15,Tamil Nadu,Tamil Nadu City 2,4G,98.4,49.21,0.55,39.8,35,0,3.55
AIR107134,2025-07-15,West Bengal,West Bengal City 2,4G,99.65,31.51,1.29,23.1,5,0,4.61
AIR107135,2025-08-15,Uttar Pradesh,Uttar Pradesh City 1,4G,98.28,51.17,0.39,29.8,80,0,3.71
AIR107136,2025-09-15,Maharashtra,Maharashtra City 2,5G,99.09,96.41,0.38,7.3,40,0,3.98
AIR107137,2025-10-15,West Bengal,West Bengal City 1,5G,99.09,129.67,0.52,24.2,100,0,4.28
AIR107138,2025-11-15,Delhi,Delhi City 1,4G,97.93,58.43,1.08,34.2,129,0,3.22
AIR107139,2025-12-15,West Bengal,West Bengal City 3,4G,100,57.96,1.12,21.8,90,0,3.33
AIR107140,2025-02-15,Tamil Nadu,Tamil Nadu City 1,5G,99.25,173.14,1.23,22.6,31,0,3.72
AIR107141,2025-03-15,Maharashtra,Maharashtra City 1,5G,99.54,156.64,0.4,28.1,91,0,4.05
AIR107142,2025-04-15,Gujarat,Gujarat City 1,4G,98.05,31.31,0.68,45.9,55,0,3.5
AIR107143,2025-05-15,Rajasthan,Rajasthan City 1,4G,96.76,37.9,1.14,26.4,112,1,2.8
AIR107144,2025-06-15,Karnataka,Karnataka City 3,4G,100,67.5,0.75,47.6,105,0,4.11
AIR107145,2025-07-15,Tamil Nadu,Tamil Nadu City 1,4G,98.5,29.71,1.24,45.7,83,1,3.38
AIR107146,2025-08-15,Uttar Pradesh,Uttar Pradesh City 3,5G,98.49,143.01,0.73,17.2,131,0,3.66
AIR107147,2025-09-15,Maharashtra,Maharashtra City 1,4G,98.04,28.09,1.37,22.5,95,1,3.79
AIR107148,2025-10-15,Delhi,Delhi City 3,4G,99.06,52.24,1.38,35.8,109,0,4.01
AIR107149,2025-11-15,Kerala,Kerala City 2,4G,98.29,35.31,1.03,47.4,56,0,3.71
AIR107150,2025-12-15,Maharashtra,Maharashtra City 3,4G,99.91,50.81,0.88,46.5,158,0,3.79
AIR107151,2025-02-15,Uttar Pradesh,Uttar Pradesh City 3,4G,97.85,33.88,0.41,29.2,78,0,3.76
AIR107152,2025-03-15,Karnataka,Karnataka City 1,4G,97.3,37.03,1.09,31.5,48,0,3.21
AIR107153,2025-04-15,Karnataka,Karnataka City 3,4G,98.49,43.21,1.38,45.3,17,0,3.57
AIR107154,2025-05-15,Telangana,Telangana City 3,4G,98.55,36.06,1.1,38.9,91,0,4.2
AIR107155,2025-06-15,Rajasthan,Rajasthan City 1,4G,97.42,31.94,1.15,22.4,69,1,3.97
AIR107156,2025-07-15,Uttar Pradesh,Uttar Pradesh City 2,4G,97.14,39.01,0.99,42.1,91,0,3.29
AIR107157,2025-08-15,Karnataka,Karnataka City 2,4G,97.54,47.43,0.95,51.7,12,0,3.66
AIR107158,2025-09-15,Telangana,Telangana City 2,4G,97.91,9.54,1.14,32.8,86,1,3.03
AIR107159,2025-10-15,Telangana,Telangana City 3,4G,97.62,47.32,1.15,23.3,68,0,3.15
AIR107160,2025-11-15,Telangana,Telangana City 1,4G,99.29,24.28,1.29,38.5,49,0,3.78
AIR107161,2025-12-15,Maharashtra,Maharashtra City 2,5G,100,102.67,0.84,9.9,134,1,3.59
AIR107162,2025-02-15,Telangana,Telangana City 2,5G,99.05,129.42,0.22,18.3,21,1,3.26
AIR107163,2025-03-15,Tamil Nadu,Tamil Nadu City 2,4G,96.45,42.59,0.79,33.9,67,0,3.41
AIR107164,2025-04-15,Uttar Pradesh,Uttar Pradesh City 2,5G,99.9,130.78,0.52,28.5,68,0,3.64
AIR107165,2025-05-15,Tamil Nadu,Tamil Nadu City 1,4G,98.39,31.18,0.66,36.8,94,0,3.84
AIR107166,2025-06-15,Kerala,Kerala City 2,4G,99.19,42.22,1.08,32.7,89,1,3.77
AIR107167,2025-07-15,Karnataka,Karnataka City 3,4G,98.16,25.26,0.93,44.9,8,0,2.98
AIR107168,2025-08-15,Rajasthan,Rajasthan City 3,4G,97.45,58.36,1.21,38,141,1,3.41
AIR107169,2025-09-15,Telangana,Telangana City 1,4G,98.41,30.21,1.32,60.8,31,0,3.5
AIR107170,2025-10-15,Delhi,Delhi City 2,4G,98.38,42.89,1.33,48.4,72,1,3.07
AIR107171,2025-11-15,Delhi,Delhi City 2,5G,99.23,93.8,0.73,23.2,41,0,3.31
AIR107172,2025-12-15,Karnataka,Karnataka City 3,4G,98.07,42.68,1.15,40.1,65,0,3.58
AIR107173,2025-02-15,Kerala,Kerala City 1,4G,97.88,43.15,1.43,45.6,132,0,3.43
AIR107174,2025-03-15,Delhi,Delhi City 3,4G,99.56,48.73,1.01,36.1,89,1,3.74
AIR107175,2025-04-15,Tamil Nadu,Tamil Nadu City 1,4G,98.15,62.22,0.94,31.7,141,0,4.4
AIR107176,2025-05-15,West Bengal,West Bengal City 1,5G,99.94,159.23,1.01,31.2,105,0,3.99
AIR107177,2025-06-15,Maharashtra,Maharashtra City 1,5G,99.3,189.68,1.14,22,119,0,4.07
AIR107178,2025-07-15,Gujarat,Gujarat City 3,5G,99.19,154.83,0.58,25.6,83,0,4.11
AIR107179,2025-08-15,Delhi,Delhi City 1,5G,99.43,152.23,1.18,23.9,92,0,3.61
AIR107180,2025-09-15,Rajasthan,Rajasthan City 3,4G,97.62,55.25,1,26,88,0,3.49
AIR107181,2025-10-15,Telangana,Telangana City 3,4G,98.11,47.55,0.92,38.9,91,0,3.14
AIR107182,2025-11-15,Rajasthan,Rajasthan City 2,4G,96.99,41.77,0.64,42.9,48,0,3.77
AIR107183,2025-12-15,Uttar Pradesh,Uttar Pradesh City 3,4G,98.39,42.62,0.37,43.5,69,1,3.7
AIR107184,2025-02-15,Maharashtra,Maharashtra City 3,5G,99.01,200.09,0.4,20.1,40,0,3.69
AIR107185,2025-03-15,Tamil Nadu,Tamil Nadu City 2,4G,97.31,33.15,1.56,45.9,65,1,2.61
AIR107186,2025-04-15,Kerala,Kerala City 2,4G,98.7,39.86,1.41,35.9,100,1,3.04
AIR107187,2025-05-15,Maharashtra,Maharashtra City 2,5G,100,164.47,0.6,20.4,68,1,3.8
AIR107188,2025-06-15,Gujarat,Gujarat City 1,5G,99.12,184.69,0.34,18.9,43,0,3.97
AIR107189,2025-07-15,West Bengal,West Bengal City 1,4G,98.04,32.81,1.15,46,121,1,3.02
AIR107190,2025-08-15,Delhi,Delhi City 2,4G,99.27,52.73,1.13,29.4,109,0,3.9
AIR107191,2025-09-15,Kerala,Kerala City 1,4G,98.71,65.34,2.13,24.1,77,0,3.44
AIR107192,2025-10-15,Kerala,Kerala City 2,4G,97.28,68.87,1.26,44.1,99,0,3.17
AIR107193,2025-11-15,Delhi,Delhi City 1,4G,97.78,52.9,1.15,30.8,78,0,4.36
AIR107194,2025-12-15,Delhi,Delhi City 3,4G,99.53,26.34,1.03,55.5,76,0,4.26
AIR107195,2025-02-15,Delhi,Delhi City 1,4G,98.9,66.99,0.83,40.6,67,0,3.73
AIR107196,2025-03-15,Delhi,Delhi City 1,4G,97.42,52.15,1.4,52.2,39,0,3.26
AIR107197,2025-04-15,Delhi,Delhi City 3,5G,99.78,164.26,0.52,17.9,76,0,4.18
AIR107198,2025-05-15,Kerala,Kerala City 2,5G,99.06,113.52,0.46,18.1,68,0,3.8
AIR107199,2025-06-15,Karnataka,Karnataka City 1,4G,97.96,63.2,1.35,30,98,1,2.58
AIR107200,2025-07-15,Karnataka,Karnataka City 1,5G,98.28,121.67,0.44,19.5,85,0,4.41
AIR107201,2025-08-15,Rajasthan,Rajasthan City 3,4G,98.6,34.61,1.31,27.7,76,1,3.61
AIR107202,2025-09-15,Karnataka,Karnataka City 3,4G,97.26,60.24,1.41,25.8,5,0,3.23
AIR107203,2025-10-15,Gujarat,Gujarat City 3,4G,98.28,5,0.61,27.2,75,1,3.32
AIR107204,2025-11-15,Karnataka,Karnataka City 3,4G,99.13,33.81,1.47,45,151,0,3.82
AIR107205,2025-12-15,Kerala,Kerala City 2,4G,98.52,66.97,0.98,31.7,93,0,3.6
AIR107206,2025-02-15,Delhi,Delhi City 1,5G,99.39,168.45,0.38,28.4,130,0,4.57
AIR107207,2025-03-15,Telangana,Telangana City 1,4G,97.79,65.1,0.98,54.4,50,1,3.21
AIR107208,2025-04-15,Telangana,Telangana City 1,5G,99.45,156.68,0.52,19.4,78,1,3.95
AIR107209,2025-05-15,Gujarat,Gujarat City 1,4G,95.82,29.56,1.15,49.1,90,0,3.68
AIR107210,2025-06-15,Uttar Pradesh,Uttar Pradesh City 2,4G,98.29,48.05,1.51,53.1,117,0,3.65
AIR107211,2025-07-15,Kerala,Kerala City 1,4G,97.39,54.92,1.01,32.1,63,1,3.1
AIR107212,2025-08-15,Tamil Nadu,Tamil Nadu City 2,4G,97.28,39.47,1.52,41.6,162,0,3.09
AIR107213,2025-09-15,Maharashtra,Maharashtra City 2,4G,98.46,49.7,0.79,51.1,143,0,3.7
AIR107214,2025-10-15,Rajasthan,Rajasthan City 3,5G,98.71,162.53,0.72,21.9,21,0,3.81
AIR107215,2025-11-15,Tamil Nadu,Tamil Nadu City 3,4G,98.07,48.72,0.66,23,70,0,3.18
AIR107216,2025-12-15,Kerala,Kerala City 1,4G,98.13,80.09,0.87,34.6,59,0,4.08
AIR107217,2025-02-15,Karnataka,Karnataka City 2,4G,97.7,37.54,0.96,39.7,32,0,3.73
AIR107218,2025-03-15,Delhi,Delhi City 3,4G,96.77,49.75,1.02,43.8,80,1,2.54
AIR107219,2025-04-15,Tamil Nadu,Tamil Nadu City 2,5G,98.89,183.12,0.58,7.9,89,0,3.91
AIR107220,2025-05-15,Maharashtra,Maharashtra City 3,5G,99.96,160.11,0.71,10.5,129,0,4.26
AIR107221,2025-06-15,Uttar Pradesh,Uttar Pradesh City 2,5G,98.99,198.16,0.77,25.4,88,0,3.72
AIR107222,2025-07-15,Telangana,Telangana City 1,4G,97.79,25.31,0.96,25.7,70,0,3.92
AIR107223,2025-08-15,Uttar Pradesh,Uttar Pradesh City 1,4G,98.09,50.52,0.81,41,99,0,3.48
AIR107224,2025-09-15,Maharashtra,Maharashtra City 2,4G,98.06,49.97,1.12,26.4,133,1,3.19
AIR107225,2025-10-15,Delhi,Delhi City 3,5G,99.01,158.81,0.18,21.6,5,0,4.61
AIR107226,2025-11-15,Karnataka,Karnataka City 3,4G,98.25,42.38,1.26,35.7,126,0,3.24
AIR107227,2025-12-15,Maharashtra,Maharashtra City 1,4G,97.41,60.16,1.21,49,116,0,3.08
AIR107228,2025-02-15,Rajasthan,Rajasthan City 1,4G,98.58,41.64,1.55,30,125,0,3.05
AIR107229,2025-03-15,Maharashtra,Maharashtra City 1,4G,97.83,32.77,1.44,41.4,5,1,3.34
AIR107230,2025-04-15,Kerala,Kerala City 3,5G,99.24,93.86,1.19,15.3,126,0,3.85
AIR107231,2025-05-15,Karnataka,Karnataka City 3,5G,99.13,159.21,0.75,21.4,74,0,3.49
AIR107232,2025-06-15,Delhi,Delhi City 1,4G,98.49,66.59,1.32,36.9,112,0,3.43
AIR107233,2025-07-15,Telangana,Telangana City 2,5G,99.14,118.45,0.34,24.7,62,0,3.82
AIR107234,2025-08-15,Telangana,Telangana City 3,4G,98.56,47.95,0.99,37.5,54,0,3.29
AIR107235,2025-09-15,Maharashtra,Maharashtra City 1,5G,100,152.12,0.51,23.1,127,0,3.61
AIR107236,2025-10-15,Kerala,Kerala City 2,5G,99.5,116.63,0.46,20.1,43,0,4.66
AIR107237,2025-11-15,Tamil Nadu,Tamil Nadu City 3,4G,97.22,32.94,1.24,32.6,46,1,3.23
AIR107238,2025-12-15,Uttar Pradesh,Uttar Pradesh City 2,5G,99.08,82.29,0.75,32.9,83,1,3.06
AIR107239,2025-02-15,Uttar Pradesh,Uttar Pradesh City 2,4G,97.78,41.54,1.24,63.1,52,0,2.7
AIR107240,2025-03-15,Uttar Pradesh,Uttar Pradesh City 3,4G,99.25,26.95,1.01,35.5,95,0,3.2
AIR107241,2025-04-15,Tamil Nadu,Tamil Nadu City 1,4G,98.17,48.08,0.61,41.3,29,0,3.88
AIR107242,2025-05-15,Kerala,Kerala City 2,4G,97.62,30.76,0.96,47.8,88,0,3.14
AIR107243,2025-06-15,Uttar Pradesh,Uttar Pradesh City 1,4G,97.41,8.22,1.22,33.1,22,0,3.28
AIR107244,2025-07-15,Rajasthan,Rajasthan City 3,4G,98.79,43.33,1.67,43.2,102,1,3.46
AIR107245,2025-08-15,Tamil Nadu,Tamil Nadu City 2,5G,99.61,198.39,0.68,18.4,25,1,3.22
AIR107246,2025-09-15,Tamil Nadu,Tamil Nadu City 2,4G,97.03,37.94,1.09,37.9,21,1,3.43
AIR107247,2025-10-15,Delhi,Delhi City 2,5G,99.15,101.36,0.75,18.9,109,0,3.74
AIR107248,2025-11-15,Delhi,Delhi City 2,4G,96.61,25.17,1.01,38.4,113,0,3
AIR107249,2025-12-15,Karnataka,Karnataka City 2,4G,98.86,62.29,0.88,32.7,79,1,3.37
AIR107250,2025-02-15,Rajasthan,Rajasthan City 3,4G,98.22,50.13,0.87,32.7,54,0,3.25
AIR107251,2025-03-15,Rajasthan,Rajasthan City 2,4G,98.06,58.03,0.24,34.2,30,1,3.12
AIR107252,2025-04-15,Karnataka,Karnataka City 3,5G,98.27,62.1,0.57,23.2,81,0,3.81
AIR107253,2025-05-15,Rajasthan,Rajasthan City 1,4G,97.69,69.72,1.6,29.6,90,1,2.92
AIR107254,2025-06-15,Gujarat,Gujarat City 3,4G,98.69,39.75,1.24,31.4,31,0,3.13
AIR107255,2025-07-15,West Bengal,West Bengal City 2,5G,99.55,159.76,0.98,18.4,90,1,3.83
AIR107256,2025-08-15,Uttar Pradesh,Uttar Pradesh City 1,4G,97.78,48.5,1.73,63.7,136,0,2.79
AIR107257,2025-09-15,Delhi,Delhi City 3,5G,99.48,165.5,1.06,18.1,70,1,3.88
AIR107258,2025-10-15,Karnataka,Karnataka City 3,4G,96.91,50.96,1.17,46.4,88,1,3.25
AIR107259,2025-11-15,Karnataka,Karnataka City 3,5G,98.7,162.02,0.62,30.9,66,0,4.44
AIR107260,2025-12-15,Rajasthan,Rajasthan City 2,5G,98.81,199.98,0.73,29.3,32,0,3.44
AIR107261,2025-02-15,Tamil Nadu,Tamil Nadu City 2,5G,98.96,177.27,0.76,23.6,77,0,3.88
AIR107262,2025-03-15,Telangana,Telangana City 3,4G,98.42,51.76,0.78,36.1,88,1,3.7
AIR107263,2025-04-15,Maharashtra,Maharashtra City 3,4G,98.13,32.25,1.36,46.4,65,1,3.58
AIR107264,2025-05-15,Maharashtra,Maharashtra City 1,5G,99.05,117.86,0.93,21,51,0,2.65
AIR107265,2025-06-15,Karnataka,Karnataka City 2,4G,98.4,49.72,1.02,21.5,86,0,3.2
AIR107266,2025-07-15,Uttar Pradesh,Uttar Pradesh City 2,4G,96.71,49.42,0.87,54.1,110,1,3.2
AIR107267,2025-08-15,Gujarat,Gujarat City 1,5G,99.86,177.01,0.86,17.1,140,0,3.59
AIR107268,2025-09-15,Uttar Pradesh,Uttar Pradesh City 3,4G,97.73,58.78,1.12,45.6,83,0,3.52
AIR107269,2025-10-15,Karnataka,Karnataka City 3,4G,98.9,67.63,0.65,28.2,105,0,3.79
AIR107270,2025-11-15,Uttar Pradesh,Uttar Pradesh City 1,5G,98.95,128.73,0.29,23.3,42,0,3.45
AIR107271,2025-12-15,Delhi,Delhi City 3,4G,98.64,32.39,1.05,38.4,133,0,3.65
AIR107272,2025-02-15,Uttar Pradesh,Uttar Pradesh City 3,4G,98.32,27.61,1.74,24.6,75,0,3.2
AIR107273,2025-03-15,Rajasthan,Rajasthan City 1,5G,99.38,99.39,0.7,16,143,0,3.84
AIR107274,2025-04-15,Rajasthan,Rajasthan City 1,5G,98.45,160.94,0.28,19.8,81,0,3.74
AIR107275,2025-05-15,Gujarat,Gujarat City 1,4G,97.36,26.16,1.71,25.5,105,0,3.15
AIR107276,2025-06-15,Delhi,Delhi City 3,5G,99.21,126.43,0.59,21.7,63,1,4.08
AIR107277,2025-07-15,Telangana,Telangana City 1,5G,99.01,161.25,0.18,11.3,120,0,4.19
AIR107278,2025-08-15,Tamil Nadu,Tamil Nadu City 3,4G,98.39,47.53,1.68,22.4,61,1,3.67
AIR107279,2025-09-15,Delhi,Delhi City 2,4G,98.17,53.74,0.66,29.3,70,1,4.2
AIR107280,2025-10-15,Kerala,Kerala City 2,4G,98.48,44.48,1.08,32.5,7,0,3.47
AIR107281,2025-11-15,West Bengal,West Bengal City 1,5G,99.63,159.2,1.17,22.5,127,0,3.51
AIR107282,2025-12-15,Karnataka,Karnataka City 3,5G,99.15,147.63,0.66,23.1,64,1,3.93
AIR107283,2025-02-15,Kerala,Kerala City 3,4G,99.11,40.21,1.28,26.3,108,0,4.3
AIR107284,2025-03-15,Gujarat,Gujarat City 3,5G,99.61,157.69,0.77,30.3,127,1,3.6
AIR107285,2025-04-15,Kerala,Kerala City 1,5G,99.86,164.48,0.85,22.7,41,1,3.69
AIR107286,2025-05-15,Rajasthan,Rajasthan City 3,4G,98.57,53.5,1.15,31,76,1,3.48
AIR107287,2025-06-15,Uttar Pradesh,Uttar Pradesh City 3,5G,98.89,201.86,0.71,27.1,41,0,3.79
AIR107288,2025-07-15,Tamil Nadu,Tamil Nadu City 3,4G,99.43,33.67,1.17,40.9,84,0,3.53
AIR107289,2025-08-15,Maharashtra,Maharashtra City 2,5G,99.87,179.18,0.9,21.3,86,0,4.08
AIR107290,2025-09-15,Karnataka,Karnataka City 3,4G,97.82,59.9,1.2,37.7,42,1,3.83
AIR107291,2025-10-15,Maharashtra,Maharashtra City 2,4G,98.13,60.17,1.18,42.1,55,0,2.65
AIR107292,2025-11-15,Uttar Pradesh,Uttar Pradesh City 3,4G,97.54,38.75,1.21,46.4,85,0,3.82
AIR107293,2025-12-15,Rajasthan,Rajasthan City 3,4G,98.74,30.85,0.64,42.8,44,0,4.32
AIR107294,2025-02-15,Rajasthan,Rajasthan City 3,5G,98.47,153.02,0.78,20.1,74,0,3.15
AIR107295,2025-03-15,Uttar Pradesh,Uttar Pradesh City 2,4G,97.81,7.28,1.38,47.9,83,0,3.05
AIR107296,2025-04-15,Karnataka,Karnataka City 3,5G,98.49,109.84,1.18,21.2,52,0,3.64
AIR107297,2025-05-15,Maharashtra,Maharashtra City 1,4G,98.44,27.66,1.16,26.9,45,1,3.72
AIR107298,2025-06-15,Delhi,Delhi City 3,4G,98.49,58.93,1.19,42.7,107,0,3.24
AIR107299,2025-07-15,Rajasthan,Rajasthan City 2,5G,98.19,167.48,0.93,20,87,0,3.72
AIR107300,2025-08-15,Maharashtra,Maharashtra City 2,5G,99.3,197.58,0.91,20.7,5,0,4.07
AIR107301,2025-09-15,Telangana,Telangana City 1,5G,98.88,139.32,0.71,24.3,87,0,3.73
AIR107302,2025-10-15,Maharashtra,Maharashtra City 1,5G,100,110.79,0.74,24.5,106,0,3.91
AIR107303,2025-11-15,Telangana,Telangana City 1,4G,97.93,64.01,1.7,40.7,61,1,3.64
AIR107304,2025-12-15,Telangana,Telangana City 2,4G,98.99,56.91,0.87,46.4,94,0,2.76
AIR107305,2025-02-15,Rajasthan,Rajasthan City 3,4G,98.17,56.28,0.95,34.1,144,1,3.55
AIR107306,2025-03-15,Karnataka,Karnataka City 3,4G,100,55.63,1.56,36,84,0,3.02
AIR107307,2025-04-15,Gujarat,Gujarat City 1,5G,98.3,84.02,0.95,21.3,54,1,4.23
AIR107308,2025-05-15,Rajasthan,Rajasthan City 1,5G,99.14,100.81,0.75,22.3,58,0,3.33
AIR107309,2025-06-15,Karnataka,Karnataka City 3,4G,98.01,16.9,0.58,33.3,39,0,3.62
AIR107310,2025-07-15,Karnataka,Karnataka City 1,5G,98.61,159.88,0.9,14.7,92,1,3.64
AIR107311,2025-08-15,Kerala,Kerala City 3,5G,98.26,181.31,0.21,22.2,32,1,4.31
AIR107312,2025-09-15,Uttar Pradesh,Uttar Pradesh City 3,5G,98.51,105.06,0.74,8.7,102,1,3.35
AIR107313,2025-10-15,Uttar Pradesh,Uttar Pradesh City 3,4G,99.49,57.91,1.22,44.6,135,0,3.75
AIR107314,2025-11-15,Uttar Pradesh,Uttar Pradesh City 3,4G,96.48,50.56,1.17,48.6,5,1,3.28
AIR107315,2025-12-15,West Bengal,West Bengal City 2,5G,100,141.46,0.69,17.6,24,0,3.97
AIR107316,2025-02-15,Rajasthan,Rajasthan City 3,5G,99.92,160.31,0.27,22.2,48,0,4.46
AIR107317,2025-03-15,Karnataka,Karnataka City 1,4G,98.07,44.37,1.55,52.2,31,1,3.16
AIR107318,2025-04-15,Kerala,Kerala City 1,5G,98.43,156.77,0.53,20.1,112,0,4.31
AIR107319,2025-05-15,Telangana,Telangana City 1,4G,99.25,35.32,0.84,55.2,53,0,4.12
AIR107320,2025-06-15,Gujarat,Gujarat City 1,4G,98.3,40.51,0.36,25.2,16,0,3.44
AIR107321,2025-07-15,Gujarat,Gujarat City 2,5G,98.28,112.11,0.36,23,79,0,3.11
AIR107322,2025-08-15,Telangana,Telangana City 3,4G,98.12,44.34,1.07,50.8,72,0,3.62
AIR107323,2025-09-15,Maharashtra,Maharashtra City 3,4G,98.12,61.25,1.32,33.5,85,1,3.14
AIR107324,2025-10-15,Maharashtra,Maharashtra City 1,4G,97.38,44.27,1.25,37.1,56,0,3.07
AIR107325,2025-11-15,Uttar Pradesh,Uttar Pradesh City 1,4G,98.18,40.41,1.49,53.1,89,0,3.6
AIR107326,2025-12-15,Rajasthan,Rajasthan City 1,4G,99.13,28.99,0.51,23,17,0,4.15
AIR107327,2025-02-15,West Bengal,West Bengal City 3,4G,98.66,31.28,0.58,34.1,15,0,4.11
AIR107328,2025-03-15,Kerala,Kerala City 2,5G,99.57,132.09,0.6,28,90,1,3.64
AIR107329,2025-04-15,Gujarat,Gujarat City 2,5G,99.06,152.83,0.91,21.1,49,0,3.56
AIR107330,2025-05-15,Uttar Pradesh,Uttar Pradesh City 2,4G,97.45,74.03,0.7,21.5,101,1,4.13
AIR107331,2025-06-15,Tamil Nadu,Tamil Nadu City 2,4G,97.71,40.88,1.51,45,73,0,2.79
AIR107332,2025-07-15,Uttar Pradesh,Uttar Pradesh City 1,5G,98.37,168.33,0.98,19.2,103,0,3.53
AIR107333,2025-08-15,Tamil Nadu,Tamil Nadu City 3,4G,97.34,53.3,1.54,35.1,84,0,3.63
AIR107334,2025-09-15,Delhi,Delhi City 1,4G,98.02,38.74,1.93,32,78,0,2.96
AIR107335,2025-10-15,Karnataka,Karnataka City 2,4G,97.57,33.19,1.21,40.9,112,0,2.88
AIR107336,2025-11-15,Telangana,Telangana City 1,4G,97.43,50.14,1.77,43.1,110,0,2.78
AIR107337,2025-12-15,Karnataka,Karnataka City 2,4G,98.9,28.92,1.16,42.4,89,0,3.04
AIR107338,2025-02-15,Uttar Pradesh,Uttar Pradesh City 3,4G,98.25,73.12,0.77,48.7,64,1,3.58
AIR107339,2025-03-15,Karnataka,Karnataka City 2,5G,99.43,190.81,0.33,28.2,104,0,4.46
AIR107340,2025-04-15,Kerala,Kerala City 1,5G,99.34,170.58,0.56,22.8,121,1,4.03
AIR107341,2025-05-15,Delhi,Delhi City 3,5G,99.68,172.89,0.63,20.8,32,0,4.08
AIR107342,2025-06-15,West Bengal,West Bengal City 2,4G,98.76,62.39,1.78,54.1,41,0,3.37
AIR107343,2025-07-15,Delhi,Delhi City 2,5G,99.2,127.66,0.8,25,82,0,4.58
AIR107344,2025-08-15,Gujarat,Gujarat City 3,4G,99.03,49.68,1.15,47.3,96,0,3.78
AIR107345,2025-09-15,Kerala,Kerala City 1,4G,97.59,23.28,0.97,27.1,72,1,3.7
AIR107346,2025-10-15,Karnataka,Karnataka City 3,5G,99.46,149.65,0.93,21,45,1,3.55
AIR107347,2025-11-15,West Bengal,West Bengal City 1,4G,99.39,51.73,0.84,57.4,68,1,3.11
AIR107348,2025-12-15,Karnataka,Karnataka City 2,4G,98.43,59.81,1.28,35.7,110,0,3.28
AIR107349,2025-02-15,Rajasthan,Rajasthan City 2,4G,98.12,53.74,0.69,40.9,116,1,4.06
AIR107350,2025-03-15,Rajasthan,Rajasthan City 3,5G,99.39,189.09,0.91,20,97,1,3.43
AIR107351,2025-04-15,Maharashtra,Maharashtra City 2,4G,99.94,57.21,1.37,45.4,122,0,3.66
AIR107352,2025-05-15,Delhi,Delhi City 3,5G,98.87,143.12,0.91,9.6,100,0,3.47
AIR107353,2025-06-15,West Bengal,West Bengal City 2,5G,99.21,203.53,0.47,12.9,54,1,3.85
AIR107354,2025-07-15,Rajasthan,Rajasthan City 2,5G,98.13,145.2,0.45,19.9,106,0,3.74
AIR107355,2025-08-15,Maharashtra,Maharashtra City 1,4G,98.55,44.84,0.64,37.8,43,0,4.28
AIR107356,2025-09-15,Kerala,Kerala City 3,4G,96.27,64.34,0.99,30.7,35,1,3.2
AIR107357,2025-10-15,West Bengal,West Bengal City 3,4G,97.5,19.56,1.03,39.4,75,1,3.32
AIR107358,2025-11-15,Maharashtra,Maharashtra City 2,4G,98.09,42.66,0.61,40.8,49,1,4.22
AIR107359,2025-12-15,Telangana,Telangana City 1,5G,99,114.8,1.03,14,37,0,4.38
AIR107360,2025-02-15,West Bengal,West Bengal City 1,4G,97.92,54.76,1.14,38,104,0,2.95
AIR107361,2025-03-15,Uttar Pradesh,Uttar Pradesh City 3,5G,99.1,204.21,0.52,25.9,29,0,3.83
AIR107362,2025-04-15,Maharashtra,Maharashtra City 3,4G,99.23,36.45,1.21,38.3,94,0,3.63
AIR107363,2025-05-15,Karnataka,Karnataka City 2,5G,99.41,172.74,0.39,16.1,57,0,4.18
AIR107364,2025-06-15,Uttar Pradesh,Uttar Pradesh City 3,4G,97.02,52,0.46,39.5,79,0,3.67
AIR107365,2025-07-15,Telangana,Telangana City 2,4G,98.55,49.83,0.54,32.5,76,0,3.91
AIR107366,2025-08-15,Rajasthan,Rajasthan City 1,5G,98.58,212.61,0.73,10.1,58,0,3.62
AIR107367,2025-09-15,Tamil Nadu,Tamil Nadu City 3,4G,98.24,39.71,0.99,37.9,47,0,3.72
AIR107368,2025-10-15,Maharashtra,Maharashtra City 1,4G,98.93,49.26,0.76,45.6,69,0,3.57
AIR107369,2025-11-15,Kerala,Kerala City 1,4G,97.86,36.78,0.42,27.5,90,0,4.03
AIR107370,2025-12-15,Maharashtra,Maharashtra City 2,4G,97.76,48.67,1.42,35.3,24,0,2.92
AIR107371,2025-02-15,Tamil Nadu,Tamil Nadu City 1,5G,98.62,171.4,0.32,26.2,122,0,4.31
AIR107372,2025-03-15,Telangana,Telangana City 2,5G,99.6,179.84,0.64,20.3,122,0,3.97
AIR107373,2025-04-15,Telangana,Telangana City 2,4G,97.82,39.79,1.7,49.6,53,0,3.3
AIR107374,2025-05-15,Uttar Pradesh,Uttar Pradesh City 1,4G,98.33,43.36,0.96,22.8,90,1,3.81
AIR107375,2025-06-15,West Bengal,West Bengal City 1,5G,98.65,148.64,0.52,17.5,68,0,4.03
AIR107376,2025-07-15,Kerala,Kerala City 2,5G,100,122.36,0.5,18.5,106,1,4.76
AIR107377,2025-08-15,Uttar Pradesh,Uttar Pradesh City 2,5G,99.29,98.9,0.68,20.6,125,0,3.71
AIR107378,2025-09-15,Kerala,Kerala City 1,5G,99.8,129.3,1.01,22.1,26,0,4.26
AIR107379,2025-10-15,Kerala,Kerala City 2,4G,99.16,56.3,1.12,38.9,117,1,4.23
AIR107380,2025-11-15,Tamil Nadu,Tamil Nadu City 2,4G,97.55,41.09,0.58,23.6,42,0,3.55
AIR107381,2025-12-15,Uttar Pradesh,Uttar Pradesh City 3,4G,98.43,46.4,0.85,39.5,87,1,4.02
AIR107382,2025-02-15,Kerala,Kerala City 3,4G,99.51,42.86,0.52,22.5,64,0,4.37
AIR107383,2025-03-15,Gujarat,Gujarat City 3,5G,98.81,167.1,0.55,6.3,118,0,4.09
AIR107384,2025-04-15,Tamil Nadu,Tamil Nadu City 3,4G,99.28,48.67,0.69,29.3,58,0,3.93
AIR107385,2025-05-15,Telangana,Telangana City 3,5G,99.64,179.1,0.1,27.3,37,0,4.85
AIR107386,2025-06-15,Tamil Nadu,Tamil Nadu City 2,4G,98.52,40.45,1.06,37.3,75,0,3.58
AIR107387,2025-07-15,Karnataka,Karnataka City 2,5G,100,205.22,0.25,28.6,83,0,4.65
AIR107388,2025-08-15,Karnataka,Karnataka City 3,4G,96.26,41.62,1.5,46.4,61,0,3.15
AIR107389,2025-09-15,Kerala,Kerala City 1,4G,99.23,42.28,1.72,38.3,62,0,4.31
AIR107390,2025-10-15,Uttar Pradesh,Uttar Pradesh City 3,4G,98.51,53.59,1.2,32.9,87,1,3.2
AIR107391,2025-11-15,Telangana,Telangana City 1,5G,98.02,141.7,0.6,17,100,0,4.42
AIR107392,2025-12-15,Tamil Nadu,Tamil Nadu City 2,4G,97.83,46.66,1.5,29.3,91,0,3.1
AIR107393,2025-02-15,Uttar Pradesh,Uttar Pradesh City 1,5G,99.83,145.9,0.56,16.1,95,0,3.52
AIR107394,2025-03-15,Tamil Nadu,Tamil Nadu City 2,4G,98.05,43.13,1.06,44.8,43,1,3.32
AIR107395,2025-04-15,Tamil Nadu,Tamil Nadu City 1,4G,97.84,44.08,1.22,52.2,73,0,3.36
AIR107396,2025-05-15,Gujarat,Gujarat City 2,5G,98.69,129,0.26,36.1,102,0,4.28
AIR107397,2025-06-15,Karnataka,Karnataka City 2,4G,98.75,80.17,0.47,59.1,61,1,4.17
AIR107398,2025-07-15,Tamil Nadu,Tamil Nadu City 3,4G,97.43,53.87,0.72,37.5,96,0,3.35
AIR107399,2025-08-15,Gujarat,Gujarat City 2,4G,98.84,40.31,1.12,34.8,80,1,3.42
AIR107400,2025-09-15,Karnataka,Karnataka City 3,5G,98.97,123.19,0.75,16.5,65,0,3.61
AIR107401,2025-10-15,Gujarat,Gujarat City 3,4G,98.12,24.72,0.8,51.6,100,0,3.37
AIR107402,2025-11-15,Uttar Pradesh,Uttar Pradesh City 3,4G,98.4,39.7,0.46,30.4,107,0,4.4
AIR107403,2025-12-15,West Bengal,West Bengal City 1,4G,97.35,61.1,0.77,32.5,84,0,3.46
AIR107404,2025-02-15,Karnataka,Karnataka City 1,4G,97.68,70.03,0.92,16.5,70,0,2.96
AIR107405,2025-03-15,Rajasthan,Rajasthan City 2,4G,96.33,38.16,1.46,32.7,92,0,2.78
AIR107406,2025-04-15,West Bengal,West Bengal City 3,5G,99.09,184.43,0.2,21.4,39,1,3.54
AIR107407,2025-05-15,Uttar Pradesh,Uttar Pradesh City 3,5G,98.51,141.06,0.39,24.9,116,0,4.69
AIR107408,2025-06-15,Tamil Nadu,Tamil Nadu City 2,4G,98.07,57.9,1,33.1,24,1,3.54
AIR107409,2025-07-15,Telangana,Telangana City 3,5G,98.98,171.6,0.65,23.1,27,0,4.05
AIR107410,2025-08-15,Uttar Pradesh,Uttar Pradesh City 2,5G,99.88,181.57,0.13,11.9,62,0,3.56
AIR107411,2025-09-15,Gujarat,Gujarat City 3,5G,99.41,139.77,0.78,18.3,65,0,4.03
AIR107412,2025-10-15,Gujarat,Gujarat City 1,4G,98.4,43.97,1.08,17.3,54,0,3.33
AIR107413,2025-11-15,Gujarat,Gujarat City 2,4G,99.04,41.98,0.89,37.6,154,0,3.9
AIR107414,2025-12-15,Gujarat,Gujarat City 2,5G,99.76,150.47,0.59,20.6,24,0,4.31
AIR107415,2025-02-15,Uttar Pradesh,Uttar Pradesh City 1,4G,97.99,62.44,1.4,41.2,110,1,3.61
AIR107416,2025-03-15,Telangana,Telangana City 2,4G,97.54,52.02,1.08,19.4,14,0,3.05
AIR107417,2025-04-15,Maharashtra,Maharashtra City 1,5G,100,154.21,1.17,18.1,97,0,4.34
AIR107418,2025-05-15,Gujarat,Gujarat City 3,4G,98.52,46.52,0.32,60,65,0,3.9
AIR107419,2025-06-15,Maharashtra,Maharashtra City 1,4G,98.78,47.96,1.35,56.7,40,1,3.26
AIR107420,2025-07-15,Telangana,Telangana City 1,4G,98.78,55.22,1.28,21.5,87,1,3.71
AIR107421,2025-08-15,Telangana,Telangana City 2,5G,98.7,157.35,0.64,25,75,0,3.84
AIR107422,2025-09-15,West Bengal,West Bengal City 3,4G,98.46,61.62,0.78,42.3,20,1,3.87
AIR107423,2025-10-15,Karnataka,Karnataka City 1,5G,99.25,116.35,0.77,21.5,108,0,3.84
AIR107424,2025-11-15,Rajasthan,Rajasthan City 3,4G,98.55,43.89,1.26,29.7,132,1,3.66
AIR107425,2025-12-15,Kerala,Kerala City 1,4G,97.86,44.65,1.23,49.9,154,1,3.22
AIR107426,2025-02-15,Rajasthan,Rajasthan City 2,4G,98.51,42.34,0.68,36.5,85,0,3.95
AIR107427,2025-03-15,Uttar Pradesh,Uttar Pradesh City 1,4G,98.22,45.3,1.14,15,134,0,3.56
AIR107428,2025-04-15,Kerala,Kerala City 1,4G,97.5,50.53,1.38,40,54,0,3.28
AIR107429,2025-05-15,Telangana,Telangana City 3,4G,98.03,33.89,0.85,35,60,0,3.79
AIR107430,2025-06-15,Rajasthan,Rajasthan City 1,5G,98.86,175.57,1.15,16.5,124,0,3.96
AIR107431,2025-07-15,Delhi,Delhi City 2,4G,97.91,49.85,0.8,34,111,0,2.86
AIR107432,2025-08-15,Karnataka,Karnataka City 2,4G,98.06,35.88,0.75,67.4,106,0,2.76
AIR107433,2025-09-15,Rajasthan,Rajasthan City 1,4G,97.17,30.85,1.34,36.1,103,0,3.28
AIR107434,2025-10-15,Karnataka,Karnataka City 1,5G,98.39,95.32,0.57,15.3,96,0,3.61
AIR107435,2025-11-15,Maharashtra,Maharashtra City 3,4G,99.73,65.48,0.66,47.5,97,0,3.93
AIR107436,2025-12-15,Uttar Pradesh,Uttar Pradesh City 3,4G,98.62,63.98,1.1,51.8,101,0,3.44
AIR107437,2025-02-15,Karnataka,Karnataka City 2,5G,100,155.29,0.63,27.1,114,0,3.82
AIR107438,2025-03-15,Maharashtra,Maharashtra City 3,4G,97.86,29.23,1.06,52.9,42,0,3.56
AIR107439,2025-04-15,Gujarat,Gujarat City 1,4G,97.37,57.23,1.1,34.8,86,0,2.7
AIR107440,2025-05-15,Maharashtra,Maharashtra City 2,4G,98.88,69.38,1.48,41.6,100,0,3.4
AIR107441,2025-06-15,Uttar Pradesh,Uttar Pradesh City 3,5G,99.64,68.91,0.68,16.7,9,0,3.52
AIR107442,2025-07-15,West Bengal,West Bengal City 2,4G,97.81,45.16,1.32,17.1,80,0,3.71
AIR107443,2025-08-15,Gujarat,Gujarat City 1,4G,98.97,51.58,1.16,40.3,41,1,3.75
AIR107444,2025-09-15,Telangana,Telangana City 3,5G,98.44,141.76,0.42,15.7,21,0,3.34
AIR107445,2025-10-15,Tamil Nadu,Tamil Nadu City 1,4G,98.06,47.86,0.59,23.7,54,0,3.54
AIR107446,2025-11-15,Maharashtra,Maharashtra City 1,5G,99.72,135.83,0.49,13.5,112,0,3.65
AIR107447,2025-12-15,Maharashtra,Maharashtra City 2,4G,97.62,33.36,1.39,38.3,70,1,3.47
AIR107448,2025-02-15,Karnataka,Karnataka City 2,4G,99.44,56.4,1.28,29.2,80,0,3.6
AIR107449,2025-03-15,Telangana,Telangana City 2,4G,97.37,47.92,1.33,44.4,91,0,2.99
AIR107450,2025-04-15,Rajasthan,Rajasthan City 3,4G,98.53,51.28,1.3,28.5,31,0,3.19
AIR107451,2025-05-15,Delhi,Delhi City 3,4G,98.68,40.38,0.92,36.6,66,0,3.26
AIR107452,2025-06-15,Kerala,Kerala City 2,4G,99.51,37.9,1.12,52.4,44,0,3.58
AIR107453,2025-07-15,Maharashtra,Maharashtra City 3,4G,98.06,24.56,1.48,47.9,56,1,3.07
AIR107454,2025-08-15,Rajasthan,Rajasthan City 3,5G,99.15,206.73,0.67,23.5,10,0,3.4
AIR107455,2025-09-15,Delhi,Delhi City 2,4G,98.48,57.05,0.59,38.2,110,1,3.48
AIR107456,2025-10-15,Kerala,Kerala City 1,5G,99.19,146.09,0.6,11.2,65,0,4.18
AIR107457,2025-11-15,Tamil Nadu,Tamil Nadu City 3,5G,98.98,127.83,0.26,17.2,9,0,3.33
AIR107458,2025-12-15,Karnataka,Karnataka City 3,5G,98.62,127.65,0.66,37.8,77,0,4.13
AIR107459,2025-02-15,Rajasthan,Rajasthan City 1,5G,99.13,130.22,0.66,24.9,119,1,3.89
AIR107460,2025-03-15,Karnataka,Karnataka City 1,4G,98.02,32.18,0.73,50.3,84,1,3.5
AIR107461,2025-04-15,Kerala,Kerala City 1,5G,99.15,146.29,0.24,16.6,121,1,4.76
AIR107462,2025-05-15,West Bengal,West Bengal City 2,5G,99.36,180.13,0.6,20.3,87,1,3.54
AIR107463,2025-06-15,Maharashtra,Maharashtra City 1,5G,98.87,231.03,0.63,20.9,94,0,3.8
AIR107464,2025-07-15,Gujarat,Gujarat City 2,4G,98.42,30.93,1.07,51.9,5,1,3.32
AIR107465,2025-08-15,Delhi,Delhi City 1,5G,99.71,172.38,0.68,20.8,28,0,3.52
AIR107466,2025-09-15,Telangana,Telangana City 1,5G,98.95,139.04,0.34,23.5,98,0,4.59
AIR107467,2025-10-15,Uttar Pradesh,Uttar Pradesh City 2,5G,99.01,179.36,0.68,20.2,67,0,4.37
AIR107468,2025-11-15,Maharashtra,Maharashtra City 2,4G,97.95,47.78,0.94,53.2,54,0,3.35
AIR107469,2025-12-15,Gujarat,Gujarat City 1,4G,98.18,35.46,1.07,49.6,22,0,3.8
AIR107470,2025-02-15,Uttar Pradesh,Uttar Pradesh City 1,5G,98.65,150.32,0.48,15.2,65,0,4.16
AIR107471,2025-03-15,Rajasthan,Rajasthan City 1,4G,97.33,53.26,1.78,48.6,37,0,2.84
AIR107472,2025-04-15,Uttar Pradesh,Uttar Pradesh City 3,4G,98.88,28.55,1.24,18.9,66,0,3.7
AIR107473,2025-05-15,Tamil Nadu,Tamil Nadu City 1,5G,98.93,99.85,0.8,13.3,80,1,3.77
AIR107474,2025-06-15,Maharashtra,Maharashtra City 2,4G,98.48,40.51,1.18,47.5,71,0,3.67
AIR107475,2025-07-15,Karnataka,Karnataka City 3,4G,98.04,62.7,1.62,37.7,92,0,3.43
AIR107476,2025-08-15,West Bengal,West Bengal City 2,4G,98.4,48.34,1,34.7,43,0,3.91
AIR107477,2025-09-15,Telangana,Telangana City 3,4G,98.92,42.5,1.54,32.3,64,1,3.51
AIR107478,2025-10-15,Karnataka,Karnataka City 3,4G,97.22,57.56,0.92,44,34,1,2.66
AIR107479,2025-11-15,Gujarat,Gujarat City 2,4G,98.07,25.19,0.77,37.3,22,1,3.74
AIR107480,2025-12-15,Maharashtra,Maharashtra City 3,4G,99.17,27.19,1.01,46.9,109,1,4.08
AIR107481,2025-02-15,West Bengal,West Bengal City 2,4G,98.31,64.17,1.05,41.2,59,1,3.75
AIR107482,2025-03-15,Uttar Pradesh,Uttar Pradesh City 1,5G,98.94,137.23,0.66,19.4,109,0,3.85
AIR107483,2025-04-15,Maharashtra,Maharashtra City 3,4G,99.55,36.95,1.08,33.2,86,1,4.47
AIR107484,2025-05-15,Uttar Pradesh,Uttar Pradesh City 2,4G,99.18,41.36,1.03,52.8,102,1,2.98
AIR107485,2025-06-15,Rajasthan,Rajasthan City 3,4G,97.21,69.35,1.2,44.4,54,0,3.6
AIR107486,2025-07-15,Tamil Nadu,Tamil Nadu City 2,5G,98.73,177.4,0.76,19.2,54,0,3.74
AIR107487,2025-08-15,Kerala,Kerala City 1,5G,98.79,101.55,0.86,24.7,5,0,3.46
AIR107488,2025-09-15,Maharashtra,Maharashtra City 1,4G,99.07,47.1,0.56,40.7,97,0,4.2
AIR107489,2025-10-15,Gujarat,Gujarat City 3,4G,96.12,36.36,1.55,43.3,31,0,3.33
AIR107490,2025-11-15,Uttar Pradesh,Uttar Pradesh City 3,4G,98.77,60.14,0.95,39.8,85,0,3.78
AIR107491,2025-12-15,Karnataka,Karnataka City 2,5G,98.98,166.17,0.58,18.7,38,0,4.96
AIR107492,2025-02-15,Rajasthan,Rajasthan City 2,4G,98.55,50.44,0.96,35.8,92,0,4.1
AIR107493,2025-03-15,Gujarat,Gujarat City 3,4G,97.31,41.89,1.01,43.7,121,1,3.31
AIR107494,2025-04-15,Telangana,Telangana City 2,5G,99.18,114.25,0.56,24.1,117,0,3.04
AIR107495,2025-05-15,Kerala,Kerala City 2,5G,99.39,108.81,0.58,30.7,96,1,4.62
AIR107496,2025-06-15,Rajasthan,Rajasthan City 2,4G,99.45,58.71,1.32,36.5,59,0,3.11
AIR107497,2025-07-15,Tamil Nadu,Tamil Nadu City 3,5G,99.35,169.05,0.59,14.1,37,0,4.16
AIR107498,2025-08-15,Kerala,Kerala City 1,4G,98.68,31.43,1.32,32.8,94,0,3.15
AIR107499,2025-09-15,Uttar Pradesh,Uttar Pradesh City 1,5G,99.68,173.36,0.98,13.3,68,0,4.21
AIR107500,2025-10-15,Gujarat,Gujarat City 2,4G,97.14,34.3,1.26,27.6,5,1,4.01
AIR107501,2025-11-15,Telangana,Telangana City 3,4G,98.79,50.63,0.89,48.1,140,0,3.56
AIR107502,2025-12-15,Delhi,Delhi City 2,5G,99.02,126.4,0.62,20.9,78,0,3.68
AIR107503,2025-02-15,Tamil Nadu,Tamil Nadu City 1,4G,99.31,34.15,1.18,13.3,129,1,3.71
AIR107504,2025-03-15,West Bengal,West Bengal City 2,4G,97.63,32.77,0.84,37.1,111,0,3.48
AIR107505,2025-04-15,Uttar Pradesh,Uttar Pradesh City 1,4G,98.68,54.24,0.78,39.8,36,1,4.04
AIR107506,2025-05-15,Delhi,Delhi City 3,4G,98.06,42.99,1.86,40.2,79,0,2.95
AIR107507,2025-06-15,Maharashtra,Maharashtra City 2,4G,99.26,34.01,1.14,43.3,62,0,3.38
AIR107508,2025-07-15,Telangana,Telangana City 3,5G,99.09,134.44,0.75,23.7,148,0,3.57
AIR107509,2025-08-15,Karnataka,Karnataka City 2,4G,98.34,35.09,1.38,34.7,129,0,3.7
AIR107510,2025-09-15,West Bengal,West Bengal City 2,4G,98.07,47.91,0.82,30.8,48,0,3.1
AIR107511,2025-10-15,Gujarat,Gujarat City 2,4G,99.16,49.93,0.96,43.4,119,1,4.28
AIR107512,2025-11-15,Telangana,Telangana City 2,4G,98.58,45.87,1.41,43,58,1,2.59
AIR107513,2025-12-15,Kerala,Kerala City 2,4G,96.75,39.83,0.3,49.2,56,0,3.89
AIR107514,2025-02-15,Rajasthan,Rajasthan City 3,4G,97.43,31.4,0.82,44.8,84,1,2.95
AIR107515,2025-03-15,Kerala,Kerala City 3,4G,96.35,46.96,0.58,33.8,102,0,3.17
AIR107516,2025-04-15,Kerala,Kerala City 1,4G,98.74,34.23,1.73,44.2,109,0,3.74
AIR107517,2025-05-15,Maharashtra,Maharashtra City 2,5G,99.87,165.26,1.01,23.8,76,1,4.33
AIR107518,2025-06-15,Tamil Nadu,Tamil Nadu City 1,4G,98.65,44.53,1.06,24.9,74,0,3.46
AIR107519,2025-07-15,Karnataka,Karnataka City 3,4G,97.96,49.6,1.14,50.4,89,0,2.8
AIR107520,2025-08-15,West Bengal,West Bengal City 1,4G,99.18,63.62,0.64,47.3,11,0,3.64
AIR107521,2025-09-15,Tamil Nadu,Tamil Nadu City 3,5G,99.55,94.22,0.41,14.5,42,0,3.73
AIR107522,2025-10-15,Telangana,Telangana City 2,4G,97.81,38.32,0.89,30.4,98,1,3.26
AIR107523,2025-11-15,Kerala,Kerala City 1,5G,99.27,185.54,0.23,19.8,91,0,4.41
AIR107524,2025-12-15,Maharashtra,Maharashtra City 1,4G,97.33,46.66,0.75,37.4,55,0,3.5
AIR107525,2025-02-15,Telangana,Telangana City 1,4G,98.15,30.67,0.53,42.8,55,0,3.4
AIR107526,2025-03-15,Rajasthan,Rajasthan City 1,5G,98.67,128.65,0.47,13.7,94,0,3.67
AIR107527,2025-04-15,Karnataka,Karnataka City 2,5G,99.5,153.14,1.14,7.8,70,1,3.87
AIR107528,2025-05-15,West Bengal,West Bengal City 3,4G,98.76,30.52,1.34,20.7,158,1,4.14
AIR107529,2025-06-15,Rajasthan,Rajasthan City 3,4G,99,44.51,1.13,20.3,173,1,3.73
AIR107530,2025-07-15,Maharashtra,Maharashtra City 2,4G,97.37,45.3,1.14,7.1,55,0,3.39
AIR107531,2025-08-15,Karnataka,Karnataka City 3,5G,99.98,211.04,0.26,22,80,1,4.09
AIR107532,2025-09-15,Telangana,Telangana City 1,5G,98.84,145.37,0.71,15.9,49,1,2.95
AIR107533,2025-10-15,Kerala,Kerala City 2,4G,97.19,35.4,0.97,41.3,5,1,3.57
AIR107534,2025-11-15,Kerala,Kerala City 3,4G,98.43,66.19,0.6,53.2,49,0,3.36
AIR107535,2025-12-15,Uttar Pradesh,Uttar Pradesh City 2,4G,97.14,31.68,0.83,30.8,37,0,3.53
AIR107536,2025-02-15,Kerala,Kerala City 2,4G,99.13,65.64,1.31,40.4,37,0,3.53
AIR107537,2025-03-15,Delhi,Delhi City 3,4G,98.87,45.76,1.71,25.6,59,0,3.74
AIR107538,2025-04-15,Kerala,Kerala City 3,4G,100,29.35,1.23,43.6,5,0,3.42
AIR107539,2025-05-15,Delhi,Delhi City 2,4G,97.86,36.09,1.2,42.4,123,0,3.37
AIR107540,2025-06-15,Gujarat,Gujarat City 2,4G,98.61,50.76,1.07,39.2,120,1,4.37
AIR107541,2025-07-15,Delhi,Delhi City 3,4G,98.28,60.68,1.53,34.9,34,0,3.56
AIR107542,2025-08-15,Karnataka,Karnataka City 2,4G,98.12,35.22,1.07,38.1,42,0,3.65
AIR107543,2025-09-15,Rajasthan,Rajasthan City 3,4G,99.37,39.12,0.55,33.2,66,0,3.74
AIR107544,2025-10-15,Karnataka,Karnataka City 2,4G,97.97,32.68,0.68,39.2,50,0,3.92
AIR107545,2025-11-15,Rajasthan,Rajasthan City 2,4G,98.24,37.5,0.82,28.9,5,0,3.6
AIR107546,2025-12-15,Uttar Pradesh,Uttar Pradesh City 2,5G,98.74,163.13,0.54,11.7,116,0,4.15
AIR107547,2025-02-15,Gujarat,Gujarat City 3,4G,98.97,36.93,1.68,56.8,113,0,3.85
AIR107548,2025-03-15,Rajasthan,Rajasthan City 1,4G,97.68,47.84,1.09,30,83,1,3.86
AIR107549,2025-04-15,Rajasthan,Rajasthan City 3,4G,99.03,34.83,1.09,44.1,131,0,3.91
AIR107550,2025-05-15,Maharashtra,Maharashtra City 2,4G,98.76,45.5,1.09,53.7,127,0,3.56
AIR107551,2025-06-15,Tamil Nadu,Tamil Nadu City 1,4G,98.26,64.23,1.09,41,54,0,3.53
AIR107552,2025-07-15,Tamil Nadu,Tamil Nadu City 1,4G,97.9,29.98,1.29,43.9,76,0,3.35
AIR107553,2025-08-15,Maharashtra,Maharashtra City 2,4G,99.32,54.35,1.07,48.8,40,0,3.94
AIR107554,2025-09-15,Kerala,Kerala City 3,4G,99.3,30.34,1.66,32.8,85,0,3.19
AIR107555,2025-10-15,Maharashtra,Maharashtra City 1,4G,97.45,42.83,1.42,19.5,12,1,3.52
AIR107556,2025-11-15,Rajasthan,Rajasthan City 1,5G,99.91,159.38,0.28,21.1,92,0,4.88
AIR107557,2025-12-15,Rajasthan,Rajasthan City 3,5G,99.52,145.73,0.35,17,84,1,3.77
AIR107558,2025-02-15,Maharashtra,Maharashtra City 3,5G,99.95,131.4,0.43,30.6,144,0,3.64
AIR107559,2025-03-15,Maharashtra,Maharashtra City 1,4G,97.65,33.46,0.97,28,68,0,3.83
AIR107560,2025-04-15,Kerala,Kerala City 3,5G,98.33,181.13,0.43,20.1,105,0,4.08
AIR107561,2025-05-15,Karnataka,Karnataka City 1,5G,99.49,173.45,1.12,19.7,91,1,3.99
AIR107562,2025-06-15,Gujarat,Gujarat City 2,5G,99.23,137.63,0.61,28,91,0,4.18
AIR107563,2025-07-15,Telangana,Telangana City 3,4G,97.9,57.32,0.79,29.1,44,0,3.37
AIR107564,2025-08-15,Rajasthan,Rajasthan City 1,5G,99.44,150.23,0.73,34.1,149,0,4.25
AIR107565,2025-09-15,Gujarat,Gujarat City 3,4G,99.13,54.18,1.15,39.4,82,1,3.99
AIR107566,2025-10-15,Maharashtra,Maharashtra City 3,4G,97.84,49.45,1.16,38.1,92,0,3.06
AIR107567,2025-11-15,Kerala,Kerala City 1,4G,98.84,48.37,0.73,34,122,0,3.59
AIR107568,2025-12-15,Delhi,Delhi City 2,5G,98.97,145.31,0.42,20.4,97,0,3.9
AIR107569,2025-02-15,Kerala,Kerala City 1,5G,99.47,178.02,0.93,16.1,96,0,3.75
AIR107570,2025-03-15,West Bengal,West Bengal City 3,4G,99.04,20.59,1.11,42.8,107,1,3.58
AIR107571,2025-04-15,West Bengal,West Bengal City 1,4G,98.7,45.48,0.24,28.4,98,0,4.25
AIR107572,2025-05-15,Gujarat,Gujarat City 3,4G,97.3,47.57,1.47,38.3,93,0,2.57
AIR107573,2025-06-15,Tamil Nadu,Tamil Nadu City 1,4G,98.41,32.52,0.83,23.9,96,0,3.72
AIR107574,2025-07-15,West Bengal,West Bengal City 2,4G,97.28,15.5,0.86,50.5,57,1,3.22
AIR107575,2025-08-15,West Bengal,West Bengal City 2,4G,97.73,35.85,1.74,43,31,0,3.17
AIR107576,2025-09-15,Karnataka,Karnataka City 2,5G,99.73,155.04,0.43,29.5,72,0,3.89
AIR107577,2025-10-15,Delhi,Delhi City 2,4G,98.94,74.69,1.3,12.4,49,0,3.63
AIR107578,2025-11-15,Karnataka,Karnataka City 1,4G,98.4,16.37,1.48,42.7,82,0,2.66
AIR107579,2025-12-15,Delhi,Delhi City 2,5G,98.66,151,0.65,27.2,119,1,3.12
AIR107580,2025-02-15,Uttar Pradesh,Uttar Pradesh City 1,5G,99.53,111.59,0.77,27.4,131,0,4.06
AIR107581,2025-03-15,Telangana,Telangana City 3,5G,99.77,121.76,0.63,32,19,1,3.79
AIR107582,2025-04-15,Rajasthan,Rajasthan City 3,4G,97.03,30.58,1.08,27.9,88,0,3.86
AIR107583,2025-05-15,West Bengal,West Bengal City 3,5G,98.11,130.58,1.22,17.4,124,0,4.13
AIR107584,2025-06-15,Rajasthan,Rajasthan City 2,4G,98.43,16.4,1.39,33.4,56,0,3.06
AIR107585,2025-07-15,West Bengal,West Bengal City 2,5G,99.51,153.1,0.48,13.2,91,0,4.38
AIR107586,2025-08-15,Karnataka,Karnataka City 2,5G,98.77,180.14,0.48,18.5,45,0,4.1
AIR107587,2025-09-15,Telangana,Telangana City 3,5G,98.95,198.95,0.91,18.5,74,0,4.18
AIR107588,2025-10-15,Karnataka,Karnataka City 3,4G,97.65,26.39,0.2,63.6,73,0,3.59
AIR107589,2025-11-15,Karnataka,Karnataka City 3,4G,99.95,27.41,1.39,38,74,1,3.54
AIR107590,2025-12-15,Delhi,Delhi City 3,5G,99.62,115.57,0.69,23.3,139,0,3.33
AIR107591,2025-02-15,Tamil Nadu,Tamil Nadu City 1,5G,99.41,179.96,0.67,15.6,116,0,4.12
AIR107592,2025-03-15,Kerala,Kerala City 1,4G,98.21,44.19,1.33,21.4,82,0,3.63
AIR107593,2025-04-15,Gujarat,Gujarat City 2,5G,98.56,74.63,0.83,16.9,98,0,3.32
AIR107594,2025-05-15,Rajasthan,Rajasthan City 2,4G,97.32,40.31,1.23,37.9,104,0,3.45
AIR107595,2025-06-15,Uttar Pradesh,Uttar Pradesh City 3,4G,98.36,43.03,0.98,47.1,53,0,2.92
AIR107596,2025-07-15,West Bengal,West Bengal City 1,5G,98.6,176.13,1.01,20.9,48,0,3.74
AIR107597,2025-08-15,Karnataka,Karnataka City 1,4G,98.81,40.29,1.52,34.4,66,1,3.72
AIR107598,2025-09-15,Tamil Nadu,Tamil Nadu City 2,4G,99.14,61.31,1.19,33,97,1,3
AIR107599,2025-10-15,Karnataka,Karnataka City 1,5G,98.29,124.23,0.78,28.5,38,1,3.55
AIR107600,2025-11-15,Telangana,Telangana City 2,4G,97.55,47.56,0.95,33.9,44,0,2.9
AIR107601,2025-12-15,Delhi,Delhi City 3,4G,98.2,44.75,1.54,38,59,0,3.51
AIR107602,2025-02-15,Uttar Pradesh,Uttar Pradesh City 3,5G,98.44,146.25,0.62,18.8,29,0,3.83
AIR107603,2025-03-15,Kerala,Kerala City 2,5G,98.82,116.73,0.35,19.3,56,0,4.25
AIR107604,2025-04-15,Telangana,Telangana City 3,4G,98.28,43.92,1.19,58.3,51,0,3.45
AIR107605,2025-05-15,Maharashtra,Maharashtra City 3,4G,99.46,54.45,1.18,15.6,45,0,4.05
AIR107606,2025-06-15,Uttar Pradesh,Uttar Pradesh City 1,4G,98.74,52.84,0.71,45.3,88,1,4.22
AIR107607,2025-07-15,Karnataka,Karnataka City 1,5G,99.34,127.44,0.73,10.8,178,1,3.77
AIR107608,2025-08-15,Telangana,Telangana City 1,4G,97.46,61.03,0.64,43.4,78,1,3.03
AIR107609,2025-09-15,Kerala,Kerala City 1,4G,98.71,42.88,1.38,38.7,47,0,3.7
AIR107610,2025-10-15,Tamil Nadu,Tamil Nadu City 1,5G,99.21,137.72,1.14,22.3,92,0,3.94
AIR107611,2025-11-15,Tamil Nadu,Tamil Nadu City 2,4G,98.16,56.87,1.34,29.7,64,0,3.14
AIR107612,2025-12-15,Rajasthan,Rajasthan City 2,4G,98.23,44.33,1.26,49.9,84,0,3.27
AIR107613,2025-02-15,Kerala,Kerala City 1,5G,99.4,148.41,0.68,18.5,31,1,4.41
AIR107614,2025-03-15,Tamil Nadu,Tamil Nadu City 3,4G,98.45,54.6,1.1,49.8,115,0,3.7
AIR107615,2025-04-15,Telangana,Telangana City 3,4G,96.93,43.63,0.91,28.1,62,0,3.96
AIR107616,2025-05-15,Rajasthan,Rajasthan City 2,5G,99.06,172.59,0.58,26.2,78,0,3.18
AIR107617,2025-06-15,Tamil Nadu,Tamil Nadu City 2,5G,99.44,145.8,0.43,18.7,114,0,4.07
AIR107618,2025-07-15,Uttar Pradesh,Uttar Pradesh City 2,4G,96.91,23.99,0.47,15.1,72,0,3.09
AIR107619,2025-08-15,Delhi,Delhi City 3,4G,98.77,49.94,1.51,42,37,0,4.16
AIR107620,2025-09-15,Maharashtra,Maharashtra City 2,5G,99.07,90.23,0.79,20.7,74,0,4.73
AIR107621,2025-10-15,Kerala,Kerala City 3,5G,99.74,135.19,0.33,23.2,100,1,3.66
AIR107622,2025-11-15,Telangana,Telangana City 2,4G,98.26,46.21,0.62,34,91,0,3.7
AIR107623,2025-12-15,West Bengal,West Bengal City 3,4G,97.1,62.94,0.91,36.6,46,0,3.49
AIR107624,2025-02-15,Karnataka,Karnataka City 2,4G,97.2,26.8,0.79,37.3,45,1,3.11
AIR107625,2025-03-15,Telangana,Telangana City 2,5G,98.63,153.82,0.85,27.8,78,0,4.1
AIR107626,2025-04-15,Tamil Nadu,Tamil Nadu City 3,4G,96.86,49.28,1.66,47.7,70,0,2.66
AIR107627,2025-05-15,Telangana,Telangana City 2,5G,98.53,99.11,0.46,16.7,113,0,3.84
AIR107628,2025-06-15,West Bengal,West Bengal City 1,5G,99.41,130.51,0.63,25.2,159,0,3.96
AIR107629,2025-07-15,Karnataka,Karnataka City 3,5G,100,152.12,0.66,21.8,73,0,3.75
AIR107630,2025-08-15,Rajasthan,Rajasthan City 2,5G,99.23,188.41,0.73,5,89,1,3.71
AIR107631,2025-09-15,Tamil Nadu,Tamil Nadu City 3,5G,99.15,203.24,1,6.6,126,0,3.12
AIR107632,2025-10-15,Gujarat,Gujarat City 2,4G,98.91,37.35,0.25,32.2,35,0,3.72
AIR107633,2025-11-15,Tamil Nadu,Tamil Nadu City 1,4G,98.08,46.51,0.81,39.3,32,0,3.27
AIR107634,2025-12-15,Maharashtra,Maharashtra City 2,5G,100,184.84,0.56,18.7,61,1,3.82
AIR107635,2025-02-15,Gujarat,Gujarat City 2,4G,97.79,49.84,0.8,40.5,116,0,3.22
AIR107636,2025-03-15,Maharashtra,Maharashtra City 1,4G,99.31,36.91,1.54,36.6,22,1,3.35
AIR107637,2025-04-15,West Bengal,West Bengal City 3,4G,97.78,43.22,1.41,35.7,90,1,2.96
AIR107638,2025-05-15,Kerala,Kerala City 2,4G,98.31,56.6,0.62,23.2,21,0,4.04
AIR107639,2025-06-15,Karnataka,Karnataka City 2,5G,99.56,179.56,0.71,18.6,162,0,3.81
AIR107640,2025-07-15,Delhi,Delhi City 1,5G,98.98,143.2,0.71,13.4,5,0,4.32
AIR107641,2025-08-15,Rajasthan,Rajasthan City 3,4G,96.98,30.03,1.07,28,87,0,3.64
AIR107642,2025-09-15,Delhi,Delhi City 3,5G,99.58,171.16,0.53,30.5,35,0,4.61
AIR107643,2025-10-15,Uttar Pradesh,Uttar Pradesh City 1,4G,97.72,40.54,0.35,18.7,143,0,3.86
AIR107644,2025-11-15,Uttar Pradesh,Uttar Pradesh City 1,5G,99.08,166.25,0.7,23.8,82,1,3.8
AIR107645,2025-12-15,West Bengal,West Bengal City 2,4G,98.3,51.6,1.43,54.5,71,0,2.95
AIR107646,2025-02-15,Kerala,Kerala City 1,5G,99.16,120.25,0.43,11.8,85,0,4.03
AIR107647,2025-03-15,Uttar Pradesh,Uttar Pradesh City 1,4G,98.75,45.69,0.98,35.4,95,0,3.31
AIR107648,2025-04-15,Tamil Nadu,Tamil Nadu City 1,4G,97.87,52.88,0.56,32.8,44,1,2.93
AIR107649,2025-05-15,Telangana,Telangana City 3,5G,98.61,132.06,0.47,11.7,38,1,4.1
AIR107650,2025-06-15,Maharashtra,Maharashtra City 1,4G,97.99,47.08,1.38,17.3,26,1,3.64
AIR107651,2025-07-15,Uttar Pradesh,Uttar Pradesh City 2,5G,99.05,130.54,0.05,19.8,81,0,4.39
AIR107652,2025-08-15,West Bengal,West Bengal City 2,4G,98.43,60.71,0.91,37.7,89,0,2.98
AIR107653,2025-09-15,Maharashtra,Maharashtra City 2,4G,97.8,50.72,1.47,54.5,71,0,3.67
AIR107654,2025-10-15,Tamil Nadu,Tamil Nadu City 1,4G,97.61,44.77,1.11,42.4,142,0,3.22
AIR107655,2025-11-15,Kerala,Kerala City 3,4G,98.02,32.87,1.08,22.6,69,0,3.53
AIR107656,2025-12-15,Karnataka,Karnataka City 1,4G,99.69,41.52,0.75,42.3,60,0,3.62
AIR107657,2025-02-15,Delhi,Delhi City 1,5G,99.13,221.51,0.49,20.5,54,0,3.72
AIR107658,2025-03-15,Tamil Nadu,Tamil Nadu City 2,4G,96.72,42,1.44,16.9,44,0,3.11
AIR107659,2025-04-15,Rajasthan,Rajasthan City 1,5G,97.94,189.82,1.05,16.6,48,0,3.4
AIR107660,2025-05-15,Gujarat,Gujarat City 3,4G,97.79,52.45,0.46,37.5,31,0,3.42
AIR107661,2025-06-15,West Bengal,West Bengal City 2,4G,97.68,44.44,0.81,46.1,170,1,4.07
AIR107662,2025-07-15,Delhi,Delhi City 3,4G,97.65,36.02,0.5,34.6,135,0,3.58
AIR107663,2025-08-15,Rajasthan,Rajasthan City 3,4G,98.99,18.76,1.03,19.9,22,0,3.44
AIR107664,2025-09-15,Karnataka,Karnataka City 3,5G,99.8,168.28,0.36,11.4,132,0,3.84
AIR107665,2025-10-15,Rajasthan,Rajasthan City 1,4G,97.54,40.26,1.24,24.4,101,0,2.92
AIR107666,2025-11-15,Kerala,Kerala City 1,4G,98.24,75.09,1.29,43.4,60,0,3.5
AIR107667,2025-12-15,Gujarat,Gujarat City 1,4G,98.48,61.54,1.11,47.6,52,0,2.79
AIR107668,2025-02-15,Maharashtra,Maharashtra City 1,4G,97.96,31.6,1.31,25.7,31,0,3.86
AIR107669,2025-03-15,Delhi,Delhi City 2,4G,98.41,59.35,1.11,44.4,114,0,2.98
AIR107670,2025-04-15,Gujarat,Gujarat City 1,4G,98.46,46.16,1.39,28,133,0,2.82
AIR107671,2025-05-15,Telangana,Telangana City 2,4G,96.38,57.52,0.23,33.5,130,0,3.51
AIR107672,2025-06-15,Tamil Nadu,Tamil Nadu City 3,5G,99.4,99.53,0.74,29.1,171,0,3.94
AIR107673,2025-07-15,Telangana,Telangana City 2,5G,99,240.76,0.89,13.3,54,1,3.69
AIR107674,2025-08-15,Tamil Nadu,Tamil Nadu City 1,4G,96.84,39.69,1.06,30.3,88,0,2.27
AIR107675,2025-09-15,Kerala,Kerala City 2,4G,98.91,33.65,1.06,28.6,141,0,3.35
AIR107676,2025-10-15,Gujarat,Gujarat City 1,5G,98.57,186.51,0.59,14.9,52,0,4.24
AIR107677,2025-11-15,Karnataka,Karnataka City 1,5G,99.45,194.85,0.72,23.3,98,0,4.32
AIR107678,2025-12-15,Uttar Pradesh,Uttar Pradesh City 2,5G,99.47,182.72,0.88,26.9,83,0,3.44
AIR107679,2025-02-15,Rajasthan,Rajasthan City 2,5G,99.62,126.81,1.12,30.2,84,0,3.76
AIR107680,2025-03-15,Uttar Pradesh,Uttar Pradesh City 3,4G,97.99,27.99,1.16,38.7,62,0,3.24
AIR107681,2025-04-15,Gujarat,Gujarat City 3,5G,98.78,188.36,0.64,28.8,26,1,3.54
AIR107682,2025-05-15,Telangana,Telangana City 3,5G,99.35,193.89,1.05,5.3,105,0,3.83
AIR107683,2025-06-15,Uttar Pradesh,Uttar Pradesh City 3,4G,98.46,41.96,1.46,55,76,0,3.06
AIR107684,2025-07-15,West Bengal,West Bengal City 3,4G,98.35,34.14,0.59,38.8,100,0,3.78
AIR107685,2025-08-15,Uttar Pradesh,Uttar Pradesh City 2,4G,98.43,56.3,0.84,53.8,24,0,4.2
AIR107686,2025-09-15,Tamil Nadu,Tamil Nadu City 3,4G,96.88,28.28,1.22,38.6,119,0,3.21
AIR107687,2025-10-15,West Bengal,West Bengal City 2,4G,97.73,66.84,0.59,34.9,89,1,3.51
AIR107688,2025-11-15,Delhi,Delhi City 3,4G,99.01,44.77,1.13,17.3,119,1,3.33
AIR107689,2025-12-15,Uttar Pradesh,Uttar Pradesh City 1,4G,97.66,18.55,1.11,27.5,68,0,4.2
AIR107690,2025-02-15,West Bengal,West Bengal City 3,4G,96.9,49.46,0.92,35.5,105,0,3.91
AIR107691,2025-03-15,Gujarat,Gujarat City 1,4G,99.8,48.02,0.71,26.9,64,1,4.22
AIR107692,2025-04-15,Rajasthan,Rajasthan City 2,5G,99.2,178.09,0.72,26.3,95,0,3.22
AIR107693,2025-05-15,Delhi,Delhi City 3,4G,99.27,66.73,0.89,44.6,104,0,3.75
AIR107694,2025-06-15,Karnataka,Karnataka City 2,5G,98.38,108.53,0.89,24.5,58,1,3.6
AIR107695,2025-07-15,Karnataka,Karnataka City 3,5G,98.89,133.18,0.54,16.7,65,0,3.17
AIR107696,2025-08-15,Kerala,Kerala City 2,5G,99.55,191.72,0.73,15.7,83,1,3.5
AIR107697,2025-09-15,Uttar Pradesh,Uttar Pradesh City 3,5G,98.87,147.58,1.1,22.3,129,0,3.91
AIR107698,2025-10-15,Rajasthan,Rajasthan City 3,4G,97.51,39.47,1.15,21.3,75,0,3.55
AIR107699,2025-11-15,Maharashtra,Maharashtra City 1,4G,98.77,41.29,1.09,45.3,107,0,3.37
AIR107700,2025-12-15,West Bengal,West Bengal City 2,4G,100,44.61,0.8,13.6,59,0,4.21
AIR107701,2025-02-15,Delhi,Delhi City 2,5G,99.41,100.24,0.7,21.4,39,0,3.98
AIR107702,2025-03-15,Gujarat,Gujarat City 2,4G,99.02,40.71,0.45,38.5,80,0,3.63
AIR107703,2025-04-15,Uttar Pradesh,Uttar Pradesh City 2,4G,99.17,45.46,1.09,58.3,32,0,2.92
AIR107704,2025-05-15,Gujarat,Gujarat City 2,5G,98.71,153.45,0.74,19.8,73,0,3.66
AIR107705,2025-06-15,Maharashtra,Maharashtra City 1,5G,98.16,216.8,0.39,6.5,32,0,4.18
AIR107706,2025-07-15,Kerala,Kerala City 3,5G,99,103.39,1.28,25.5,108,0,3.71
AIR107707,2025-08-15,Maharashtra,Maharashtra City 1,4G,99.01,33.62,1.2,36.2,32,0,3.38
AIR107708,2025-09-15,Tamil Nadu,Tamil Nadu City 2,4G,97,35.9,0.94,26.2,94,1,3.98
AIR107709,2025-10-15,Telangana,Telangana City 2,4G,98.43,35.65,1.31,28.6,33,0,3.76
AIR107710,2025-11-15,Delhi,Delhi City 3,4G,98.23,38.83,0.88,54.3,94,0,3.57
AIR107711,2025-12-15,Telangana,Telangana City 1,5G,99.59,105.55,0.76,18,108,0,3.67
AIR107712,2025-02-15,Maharashtra,Maharashtra City 3,4G,97.65,50.91,1.57,39.7,70,0,3.72
AIR107713,2025-03-15,Kerala,Kerala City 3,4G,99.35,56.39,1.56,53,85,0,3.35
AIR107714,2025-04-15,Kerala,Kerala City 1,5G,98.41,230.33,0.64,18.3,14,1,4.04
AIR107715,2025-05-15,Karnataka,Karnataka City 3,4G,99.13,49.8,1.16,50.9,46,0,3.85
AIR107716,2025-06-15,Uttar Pradesh,Uttar Pradesh City 1,5G,98.94,172.06,0.34,16.8,92,1,3.89
AIR107717,2025-07-15,Karnataka,Karnataka City 1,5G,99.17,117.74,0.83,11.2,39,0,4.37
AIR107718,2025-08-15,Delhi,Delhi City 2,5G,99.5,127.62,0.56,17,72,0,4.55
AIR107719,2025-09-15,Delhi,Delhi City 3,4G,98.09,47.4,0.29,54.4,81,0,3.51
AIR107720,2025-10-15,Delhi,Delhi City 2,4G,99.26,57.22,1.19,18.9,40,1,3.88
AIR107721,2025-11-15,Gujarat,Gujarat City 3,5G,99.09,154.07,0.51,14.1,82,0,3.48
AIR107722,2025-12-15,Karnataka,Karnataka City 3,5G,98.34,90.63,0.87,18.8,58,0,4
AIR107723,2025-02-15,Gujarat,Gujarat City 2,4G,96.85,49.88,1.79,31.5,99,0,4
AIR107724,2025-03-15,Telangana,Telangana City 2,4G,98.72,41.17,1.44,38.4,80,0,3.7
AIR107725,2025-04-15,Uttar Pradesh,Uttar Pradesh City 2,4G,99.83,41.66,0.49,29.5,134,0,3.9
AIR107726,2025-05-15,Maharashtra,Maharashtra City 1,5G,99.66,106.56,0.51,12.9,36,0,4
AIR107727,2025-06-15,West Bengal,West Bengal City 3,4G,98.46,57.03,1.54,31.9,118,0,2.43
AIR107728,2025-07-15,Karnataka,Karnataka City 1,4G,97.61,61.22,0.81,46.3,147,0,3.83
AIR107729,2025-08-15,West Bengal,West Bengal City 3,4G,96.87,53.96,1.3,49.6,146,0,3.3
AIR107730,2025-09-15,Kerala,Kerala City 3,4G,98.97,34.66,1.29,51.3,97,0,3.69
AIR107731,2025-10-15,Karnataka,Karnataka City 1,5G,99.97,148.58,1,32.9,87,1,3.87
AIR107732,2025-11-15,Telangana,Telangana City 1,4G,97.3,78.78,0.85,18,44,0,2.93
AIR107733,2025-12-15,Karnataka,Karnataka City 3,4G,97.95,39.34,1.43,39,129,0,3.34
AIR107734,2025-02-15,Gujarat,Gujarat City 2,4G,97.96,40.99,1.13,21.7,85,0,3.53
AIR107735,2025-03-15,Uttar Pradesh,Uttar Pradesh City 2,4G,98.61,45.36,1.03,48.6,76,1,3.44
AIR107736,2025-04-15,Maharashtra,Maharashtra City 2,4G,98.25,26.24,0.73,40.4,100,0,3.27
AIR107737,2025-05-15,Rajasthan,Rajasthan City 2,4G,99.09,33.44,0.71,35.3,79,0,4.08
AIR107738,2025-06-15,Maharashtra,Maharashtra City 3,4G,99.73,51.32,0.75,34.2,64,0,3.94
AIR107739,2025-07-15,Maharashtra,Maharashtra City 2,5G,99.79,116.96,0.74,19.2,63,0,4
AIR107740,2025-08-15,Kerala,Kerala City 2,4G,96.53,37.18,1.38,29,29,1,3.65
AIR107741,2025-09-15,Telangana,Telangana City 2,5G,99.89,190.53,0.75,25.3,149,1,3.7
AIR107742,2025-10-15,West Bengal,West Bengal City 3,4G,98.79,37.13,0.48,26.9,101,0,3.37
AIR107743,2025-11-15,Telangana,Telangana City 1,4G,98.88,40.62,0.85,41.1,97,1,3.8
AIR107744,2025-12-15,Rajasthan,Rajasthan City 2,4G,99.4,55.01,1.63,38.2,71,0,2.97
AIR107745,2025-02-15,Kerala,Kerala City 3,4G,99.16,55.39,0.95,33,51,0,3.93
AIR107746,2025-03-15,Uttar Pradesh,Uttar Pradesh City 3,4G,98.51,45.32,0.8,26.1,72,1,3.77
AIR107747,2025-04-15,Maharashtra,Maharashtra City 2,4G,96.64,42.52,0.65,41.2,30,0,3.47
AIR107748,2025-05-15,Gujarat,Gujarat City 1,4G,98.7,27.13,1.19,53.3,132,0,3.84
AIR107749,2025-06-15,Kerala,Kerala City 1,4G,98.93,25.95,1.4,43.6,88,0,2.88
AIR107750,2025-07-15,Delhi,Delhi City 1,4G,99.61,47.96,1.7,37.3,100,0,3.46
AIR107751,2025-08-15,Karnataka,Karnataka City 3,4G,99.3,59.83,0.78,47.2,85,0,3.69
AIR107752,2025-09-15,Telangana,Telangana City 2,4G,99.27,47.03,0.44,31.5,129,0,3.5
AIR107753,2025-10-15,Kerala,Kerala City 2,5G,99.15,119.65,0.71,30.9,90,0,3.79
AIR107754,2025-11-15,Delhi,Delhi City 3,4G,98.35,69.16,1.29,27.9,84,1,3.73
AIR107755,2025-12-15,West Bengal,West Bengal City 2,5G,98.85,154.09,0.37,12.2,48,0,3.82
AIR107756,2025-02-15,Rajasthan,Rajasthan City 2,4G,97.46,29.37,0.86,37.9,114,1,4.07
AIR107757,2025-03-15,Rajasthan,Rajasthan City 1,5G,99.56,171.88,0.69,20.9,85,0,3.4
AIR107758,2025-04-15,Maharashtra,Maharashtra City 2,4G,97.94,39.03,1.1,56.3,120,0,3.15
AIR107759,2025-05-15,Maharashtra,Maharashtra City 2,5G,99.07,164.21,0.65,13.8,49,0,3.56
AIR107760,2025-06-15,Kerala,Kerala City 3,4G,99.42,37.33,1.29,40.6,44,0,3.81
AIR107761,2025-07-15,Kerala,Kerala City 3,4G,96.06,44.78,1.09,44.3,157,0,3.31
AIR107762,2025-08-15,Uttar Pradesh,Uttar Pradesh City 1,4G,98.95,29.6,0.98,45.2,89,0,3.17
AIR107763,2025-09-15,Karnataka,Karnataka City 3,4G,99.55,44.45,1.25,30.5,5,0,3.76
AIR107764,2025-10-15,Tamil Nadu,Tamil Nadu City 1,5G,98.75,183.82,0.99,15.7,121,0,3.62
AIR107765,2025-11-15,West Bengal,West Bengal City 1,4G,98.39,72.21,1.42,35.6,112,1,3.38
AIR107766,2025-12-15,Maharashtra,Maharashtra City 2,4G,98.99,42.69,1.59,28.9,34,1,3.29
AIR107767,2025-02-15,Tamil Nadu,Tamil Nadu City 1,4G,98.46,39.33,0.43,42.3,66,0,3.92
AIR107768,2025-03-15,Tamil Nadu,Tamil Nadu City 2,4G,97.84,67.32,1.33,8.3,34,0,3.1
AIR107769,2025-04-15,Karnataka,Karnataka City 1,4G,99.35,26.9,0.83,39.1,74,0,3.2
AIR107770,2025-05-15,Gujarat,Gujarat City 3,4G,97.07,74.72,1.06,49,19,1,3.54
AIR107771,2025-06-15,Gujarat,Gujarat City 3,4G,97.82,48.88,0.88,22.6,117,0,3.05
AIR107772,2025-07-15,Maharashtra,Maharashtra City 3,4G,97.86,58.49,0.23,20.9,66,0,4.56
AIR107773,2025-08-15,Delhi,Delhi City 1,4G,98.09,40.55,0.9,38,84,0,3.77
AIR107774,2025-09-15,Karnataka,Karnataka City 1,4G,97.94,28.3,0.16,38.1,95,1,3.69
AIR107775,2025-10-15,Karnataka,Karnataka City 2,4G,96.87,30.24,1.24,39.6,107,0,2.5
AIR107776,2025-11-15,Telangana,Telangana City 2,4G,98.91,50.42,0.96,33.4,60,0,3.62
AIR107777,2025-12-15,Tamil Nadu,Tamil Nadu City 2,4G,98.87,68.19,1.22,30.1,63,0,3.72
AIR107778,2025-02-15,Telangana,Telangana City 2,5G,98.21,104.89,0.82,24.8,114,0,3.52
AIR107779,2025-03-15,Tamil Nadu,Tamil Nadu City 1,5G,99.37,189.9,0.77,28,54,0,3.7
AIR107780,2025-04-15,Gujarat,Gujarat City 1,5G,99.99,187.71,0.94,19.4,14,0,3.73
AIR107781,2025-05-15,Maharashtra,Maharashtra City 2,4G,98.11,59.6,1.08,27.3,114,1,3.36
AIR107782,2025-06-15,West Bengal,West Bengal City 1,5G,99.51,156.85,0.59,19,90,0,3.72
AIR107783,2025-07-15,Gujarat,Gujarat City 1,4G,98.04,25.04,0.89,16.6,146,1,3.48
AIR107784,2025-08-15,Karnataka,Karnataka City 1,4G,98.78,47.8,1.27,40.4,84,1,3.14
AIR107785,2025-09-15,West Bengal,West Bengal City 1,4G,99.92,50.39,0.91,52.7,70,0,3.71
AIR107786,2025-10-15,Kerala,Kerala City 2,5G,99.97,140.33,0.63,17.9,74,1,4.39
AIR107787,2025-11-15,West Bengal,West Bengal City 2,5G,100,148.94,0.87,16.6,131,0,3.88
AIR107788,2025-12-15,West Bengal,West Bengal City 1,4G,98.24,8.17,0.7,37.6,5,0,3.51
AIR107789,2025-02-15,Gujarat,Gujarat City 3,4G,97.76,18.89,1.05,42.5,74,0,3.53
AIR107790,2025-03-15,Karnataka,Karnataka City 2,5G,99.49,168.8,0.7,24,138,0,3.92
AIR107791,2025-04-15,West Bengal,West Bengal City 2,5G,99.01,172.53,0.61,24.2,63,0,3.82
AIR107792,2025-05-15,Gujarat,Gujarat City 3,5G,100,140.32,0.44,19.5,113,0,4.37
AIR107793,2025-06-15,Gujarat,Gujarat City 2,4G,96.71,47.57,0.9,31.8,94,1,3.46
AIR107794,2025-07-15,West Bengal,West Bengal City 3,4G,97.86,51.76,0.95,41.4,63,0,3.35
AIR107795,2025-08-15,Tamil Nadu,Tamil Nadu City 3,4G,98.11,38.36,1.54,41.8,54,0,3.41
AIR107796,2025-09-15,Karnataka,Karnataka City 1,5G,99.64,218.44,0.98,28.4,52,0,4.15
AIR107797,2025-10-15,Rajasthan,Rajasthan City 2,5G,98.72,159.57,0.69,22.1,108,0,3.99
AIR107798,2025-11-15,West Bengal,West Bengal City 3,4G,98.22,41.89,1.25,27.3,87,1,3.52
AIR107799,2025-12-15,Telangana,Telangana City 1,4G,97.22,51.9,1.06,47.6,77,0,3.27
AIR107800,2025-02-15,Telangana,Telangana City 2,5G,98.94,150.46,0.48,21.1,95,0,3.83
AIR107801,2025-03-15,Kerala,Kerala City 1,4G,97.93,33.23,1.89,35.2,79,0,3.15
AIR107802,2025-04-15,Karnataka,Karnataka City 1,5G,98.99,174.98,1.22,7.2,7,0,3.54
AIR107803,2025-05-15,Gujarat,Gujarat City 3,4G,98.82,48.94,0.72,37.5,95,0,3.38
AIR107804,2025-06-15,Uttar Pradesh,Uttar Pradesh City 2,5G,99.42,187.04,0.95,16.2,156,0,3.74
AIR107805,2025-07-15,Maharashtra,Maharashtra City 1,5G,99.24,145.35,1.04,16.1,64,1,2.89
AIR107806,2025-08-15,Delhi,Delhi City 3,4G,97.09,24.77,1.54,32.1,130,0,3.27
AIR107807,2025-09-15,Uttar Pradesh,Uttar Pradesh City 3,5G,98.57,149.67,0.74,12.9,25,0,3.58
AIR107808,2025-10-15,Karnataka,Karnataka City 1,4G,98.91,46.79,0.65,53.7,32,0,4.85
AIR107809,2025-11-15,Karnataka,Karnataka City 1,5G,99.19,131.89,0.57,19.1,141,0,3.47
AIR107810,2025-12-15,West Bengal,West Bengal City 3,5G,99.17,162.41,0.69,17.7,86,0,3.99
AIR107811,2025-02-15,West Bengal,West Bengal City 1,4G,98.99,67.69,0.92,39,97,0,4.72
AIR107812,2025-03-15,Uttar Pradesh,Uttar Pradesh City 1,4G,97.92,49.24,1.04,41.9,5,0,3.68
AIR107813,2025-04-15,Gujarat,Gujarat City 2,4G,99.24,58.38,1.46,32.2,134,0,3.58
AIR107814,2025-05-15,Kerala,Kerala City 3,5G,99.91,143.64,0.44,30,21,0,3.74
AIR107815,2025-06-15,West Bengal,West Bengal City 1,5G,99.1,63.59,0.73,9.4,55,0,4.42
AIR107816,2025-07-15,Delhi,Delhi City 3,4G,99.91,67.68,0.85,18.8,55,0,4.5
AIR107817,2025-08-15,Delhi,Delhi City 2,5G,99.15,168.22,0.74,15.5,73,0,4.43
AIR107818,2025-09-15,Kerala,Kerala City 3,4G,99.14,36.52,1.31,48.6,76,1,3.79
AIR107819,2025-10-15,Tamil Nadu,Tamil Nadu City 3,4G,98.18,48.23,0.45,45.4,53,1,3.98
AIR107820,2025-11-15,Tamil Nadu,Tamil Nadu City 3,4G,97.51,45.75,1.23,30,102,1,3.72
AIR107821,2025-12-15,Karnataka,Karnataka City 2,4G,97.67,44.14,0.75,59.2,109,0,3.47
AIR107822,2025-02-15,West Bengal,West Bengal City 2,4G,98.2,51.07,0.92,18.7,5,0,3.61
AIR107823,2025-03-15,Telangana,Telangana City 3,5G,97.75,143.81,0.69,21.7,145,0,3.56
AIR107824,2025-04-15,Uttar Pradesh,Uttar Pradesh City 3,4G,98.07,28.25,1.2,31.8,37,1,4.15
AIR107825,2025-05-15,Rajasthan,Rajasthan City 2,5G,98.98,124.03,0.87,17.3,75,0,3.41
AIR107826,2025-06-15,Kerala,Kerala City 1,4G,96.76,41.91,0.74,38.4,80,0,2.84
AIR107827,2025-07-15,Karnataka,Karnataka City 2,4G,97.46,37.71,0.93,23.1,19,0,3.7
AIR107828,2025-08-15,Telangana,Telangana City 3,4G,97.76,32.07,1.15,34.9,94,0,3.47
AIR107829,2025-09-15,West Bengal,West Bengal City 1,5G,98.98,156.22,0.61,27.4,100,0,4.15
AIR107830,2025-10-15,Telangana,Telangana City 1,5G,99.53,146.37,0.6,17.8,62,0,3.96
AIR107831,2025-11-15,Telangana,Telangana City 1,5G,99.12,114.39,0.45,14.1,32,0,4.36
AIR107832,2025-12-15,Kerala,Kerala City 2,5G,99.21,165.41,1.04,9.3,76,1,3.39
AIR107833,2025-02-15,Karnataka,Karnataka City 2,4G,98.71,45.03,1.37,31,90,0,3.35
AIR107834,2025-03-15,Gujarat,Gujarat City 2,4G,99.54,20.24,0.92,38.1,55,0,4.34
AIR107835,2025-04-15,Delhi,Delhi City 2,5G,99.29,193.28,0.84,20.9,117,1,4.19
AIR107836,2025-05-15,Uttar Pradesh,Uttar Pradesh City 3,5G,99.79,142.38,0.92,16.7,16,0,4.08
AIR107837,2025-06-15,Karnataka,Karnataka City 1,4G,98.43,44.34,1.24,13.2,62,1,3.44
AIR107838,2025-07-15,Rajasthan,Rajasthan City 3,5G,99.76,171.98,0.52,14.9,136,0,3.84
AIR107839,2025-08-15,Telangana,Telangana City 2,5G,99.63,170.1,1.16,24.3,64,1,3.61
AIR107840,2025-09-15,Gujarat,Gujarat City 2,5G,99.62,118.77,0.38,8.9,72,0,3.97
AIR107841,2025-10-15,Kerala,Kerala City 3,5G,99.43,119.09,0.2,19.9,50,0,3.6
AIR107842,2025-11-15,Maharashtra,Maharashtra City 1,4G,98.29,46.48,0.48,49.5,90,0,3.78
AIR107843,2025-12-15,Uttar Pradesh,Uttar Pradesh City 1,4G,98.39,38.75,1.71,21.7,82,0,4.15
AIR107844,2025-02-15,Uttar Pradesh,Uttar Pradesh City 2,4G,97.03,36.59,0.74,43.9,83,0,3.1
AIR107845,2025-03-15,Delhi,Delhi City 2,4G,96.72,53.14,1.62,35.7,45,0,2.9
AIR107846,2025-04-15,Maharashtra,Maharashtra City 2,5G,99.53,199.85,0.7,14.8,71,0,4.1
AIR107847,2025-05-15,West Bengal,West Bengal City 2,4G,96.93,42.89,1.26,29.7,96,0,2.7
AIR107848,2025-06-15,Maharashtra,Maharashtra City 1,4G,97.54,60.62,1.26,38.5,69,1,3.56
AIR107849,2025-07-15,Telangana,Telangana City 3,4G,98.52,41.65,0.73,20.6,95,1,4.35
AIR107850,2025-08-15,Telangana,Telangana City 1,5G,99.46,174.57,0.63,12.1,73,0,4.04
AIR107851,2025-09-15,Telangana,Telangana City 3,4G,97.33,46.07,0.97,44.1,86,1,3.29
AIR107852,2025-10-15,Telangana,Telangana City 2,4G,97.71,23.27,0.56,37.2,114,0,3.98
AIR107853,2025-11-15,Karnataka,Karnataka City 2,4G,99.4,50.2,0.97,44.2,75,0,3.14
AIR107854,2025-12-15,Uttar Pradesh,Uttar Pradesh City 3,4G,98.3,32.47,0.69,39.1,83,0,3.78
AIR107855,2025-02-15,Maharashtra,Maharashtra City 2,5G,99.47,113.65,0.79,17.2,119,1,3.92
AIR107856,2025-03-15,Uttar Pradesh,Uttar Pradesh City 1,5G,99.18,107.95,0.91,30.7,37,0,3.2
AIR107857,2025-04-15,Rajasthan,Rajasthan City 2,4G,99.4,43.2,1.3,32.5,87,1,3.13
AIR107858,2025-05-15,Maharashtra,Maharashtra City 2,5G,98.34,108.92,0.49,22.1,113,0,3.89
AIR107859,2025-06-15,Karnataka,Karnataka City 2,4G,98.68,37.75,0.87,40.5,142,0,3.44
AIR107860,2025-07-15,Rajasthan,Rajasthan City 2,5G,99.66,149.53,0.62,17.9,60,0,4.06
AIR107861,2025-08-15,Uttar Pradesh,Uttar Pradesh City 1,4G,98.11,47.71,0.96,48.6,125,0,3.45
AIR107862,2025-09-15,Rajasthan,Rajasthan City 3,5G,98.41,181.64,0.49,17.7,26,0,3.73
AIR107863,2025-10-15,Delhi,Delhi City 2,4G,97.31,23.05,0.89,53.1,123,0,3.37
AIR107864,2025-11-15,Rajasthan,Rajasthan City 2,4G,97.07,47.28,1.18,60,37,0,3.25
AIR107865,2025-12-15,Maharashtra,Maharashtra City 1,4G,97.96,39.63,1.61,33.8,92,0,3.18
AIR107866,2025-02-15,Telangana,Telangana City 1,4G,100,63.37,1.35,38.7,83,1,4.29
AIR107867,2025-03-15,Telangana,Telangana City 1,5G,99.04,146.59,1.03,19.9,73,0,4.06
AIR107868,2025-04-15,West Bengal,West Bengal City 2,4G,98.39,56.29,1.24,51.6,91,0,3.42
AIR107869,2025-05-15,Uttar Pradesh,Uttar Pradesh City 3,4G,98.11,46.91,1.28,40.6,44,1,2.97
AIR107870,2025-06-15,Delhi,Delhi City 1,5G,98.73,76.45,0.71,20.7,44,1,3.81
AIR107871,2025-07-15,Maharashtra,Maharashtra City 1,4G,99.73,64.58,0.4,32.1,36,1,3.53
AIR107872,2025-08-15,Maharashtra,Maharashtra City 1,5G,99.4,78.85,1.04,23.9,61,1,3.4
AIR107873,2025-09-15,Kerala,Kerala City 3,4G,97.45,35.19,1.22,53.4,76,0,3.03
AIR107874,2025-10-15,Tamil Nadu,Tamil Nadu City 2,4G,99.43,32.88,1.18,32.8,72,0,2.93
AIR107875,2025-11-15,Uttar Pradesh,Uttar Pradesh City 2,5G,98.94,169,0.51,16.1,73,0,4
AIR107876,2025-12-15,Maharashtra,Maharashtra City 2,4G,97.82,57.57,0.95,18.6,34,0,3.87
AIR107877,2025-02-15,Gujarat,Gujarat City 1,4G,97.89,38.06,0.78,23.8,121,0,3.12
AIR107878,2025-03-15,Maharashtra,Maharashtra City 2,5G,99.33,153.14,0.38,15.5,76,0,4.1
AIR107879,2025-04-15,Kerala,Kerala City 1,4G,98.48,64.47,0.54,41.1,59,1,3.36
AIR107880,2025-05-15,Rajasthan,Rajasthan City 3,5G,98.14,124.41,0.52,23.9,60,0,3.69
AIR107881,2025-06-15,Karnataka,Karnataka City 3,5G,99.26,105.63,0.65,9.8,101,0,4.29
AIR107882,2025-07-15,Karnataka,Karnataka City 2,4G,97.78,64.9,0.98,46.1,82,0,3.54
AIR107883,2025-08-15,Gujarat,Gujarat City 1,5G,99.46,148.83,0.61,22.3,14,0,3.5
AIR107884,2025-09-15,Gujarat,Gujarat City 1,4G,97.47,52.19,1.87,42.7,50,0,3.09
AIR107885,2025-10-15,West Bengal,West Bengal City 2,4G,97.71,41.94,1.6,44.9,5,0,2.26
AIR107886,2025-11-15,Karnataka,Karnataka City 3,5G,99.46,209.09,0.77,38.4,117,0,3.42
AIR107887,2025-12-15,Rajasthan,Rajasthan City 3,5G,98.45,158.6,0.88,23.5,50,0,3.03
AIR107888,2025-02-15,Karnataka,Karnataka City 3,5G,98.32,149.06,0.29,32.7,97,0,3.87
AIR107889,2025-03-15,Tamil Nadu,Tamil Nadu City 3,5G,99.11,174.59,0.51,21.6,82,0,4.05
AIR107890,2025-04-15,Uttar Pradesh,Uttar Pradesh City 3,4G,98.58,53.43,0.95,49.8,86,1,3.85
AIR107891,2025-05-15,Karnataka,Karnataka City 2,4G,97.79,33.59,0.7,23.6,82,0,2.66
AIR107892,2025-06-15,Telangana,Telangana City 2,4G,98.44,27.62,1.26,48.2,126,1,3.88
AIR107893,2025-07-15,West Bengal,West Bengal City 2,4G,98.82,39.84,1.38,25.7,103,0,3.99
AIR107894,2025-08-15,Kerala,Kerala City 3,4G,98.16,49.32,1.12,52.4,88,0,3.4
AIR107895,2025-09-15,Gujarat,Gujarat City 3,5G,98.9,137.85,0.64,28.3,125,0,4.04
AIR107896,2025-10-15,Tamil Nadu,Tamil Nadu City 2,4G,97.85,53.51,0.47,28.7,107,0,3.06
AIR107897,2025-11-15,Gujarat,Gujarat City 2,5G,98.91,138.41,0.59,22,49,0,3.37
AIR107898,2025-12-15,West Bengal,West Bengal City 3,5G,98.3,178.84,1.05,27.3,50,0,2.95
AIR107899,2025-02-15,Maharashtra,Maharashtra City 1,4G,99.07,50.12,1.39,22.7,14,1,3.76
AIR107900,2025-03-15,Tamil Nadu,Tamil Nadu City 2,4G,98.62,37.88,0.8,34,29,1,3.9
AIR107901,2025-04-15,Delhi,Delhi City 3,4G,97.81,37.43,1.56,42.2,137,0,2.77
AIR107902,2025-05-15,Tamil Nadu,Tamil Nadu City 3,4G,99.26,57.71,1.38,26,22,0,3.86
AIR107903,2025-06-15,West Bengal,West Bengal City 2,5G,99,151.38,0.57,24.9,62,0,3.45
AIR107904,2025-07-15,Kerala,Kerala City 1,4G,96.78,52.87,1.15,33.2,134,1,3.26
AIR107905,2025-08-15,Tamil Nadu,Tamil Nadu City 3,5G,99.37,170.04,0.68,14.2,93,0,4.24
AIR107906,2025-09-15,West Bengal,West Bengal City 2,5G,98.95,133.01,0.79,5.8,159,0,3.42
AIR107907,2025-10-15,Rajasthan,Rajasthan City 3,4G,97.84,48.04,1.2,29.6,78,0,3.47
AIR107908,2025-11-15,Uttar Pradesh,Uttar Pradesh City 3,5G,98.63,229.86,0.68,22.7,47,0,3.75
AIR107909,2025-12-15,Karnataka,Karnataka City 3,4G,97.54,65.73,0.87,27.6,80,1,4.07
AIR107910,2025-02-15,Rajasthan,Rajasthan City 3,4G,99.31,54.46,1.32,34.8,51,0,3.49
AIR107911,2025-03-15,West Bengal,West Bengal City 1,4G,97.44,67.56,1.04,34.2,86,0,3.95
AIR107912,2025-04-15,Telangana,Telangana City 2,4G,97.69,64.72,1.41,23.9,54,0,2.71
AIR107913,2025-05-15,Maharashtra,Maharashtra City 2,4G,98.32,25.06,1.24,46.1,126,1,4.11
AIR107914,2025-06-15,Karnataka,Karnataka City 2,5G,99.65,209.15,0.54,22.5,47,0,4.1
AIR107915,2025-07-15,Telangana,Telangana City 2,4G,97.78,36.38,1.47,36.4,103,0,3.17
AIR107916,2025-08-15,Kerala,Kerala City 2,4G,98.82,60.43,0.92,36.6,53,0,3.78
AIR107917,2025-09-15,Gujarat,Gujarat City 1,4G,98.8,60.76,0.8,31.9,72,0,4.36
AIR107918,2025-10-15,Delhi,Delhi City 3,4G,97.5,55.28,1.22,29.4,69,0,2.61
AIR107919,2025-11-15,Karnataka,Karnataka City 3,4G,97.15,26.75,1.23,47.8,75,0,2.8
AIR107920,2025-12-15,Rajasthan,Rajasthan City 2,5G,99.18,57.4,0.93,5,94,0,3.4
AIR107921,2025-02-15,Maharashtra,Maharashtra City 3,4G,98.14,60.2,1.19,40.9,131,0,3.17
AIR107922,2025-03-15,Telangana,Telangana City 3,4G,98.57,48.76,1.28,33.6,85,0,4.04
AIR107923,2025-04-15,West Bengal,West Bengal City 3,4G,98.16,47.79,0.67,41.1,16,1,3.97
AIR107924,2025-05-15,Karnataka,Karnataka City 2,5G,98.69,121.23,1.01,29.4,79,0,3.22
AIR107925,2025-06-15,Gujarat,Gujarat City 2,4G,98.04,48.57,0.65,62.9,89,0,3.67
AIR107926,2025-07-15,West Bengal,West Bengal City 1,5G,99.1,120.33,0.58,17.2,38,0,3.85
AIR107927,2025-08-15,Telangana,Telangana City 2,4G,97.65,51.86,0.81,26.7,93,0,3.8
AIR107928,2025-09-15,Maharashtra,Maharashtra City 1,4G,98.03,41.12,1.24,40.8,72,0,3.39
AIR107929,2025-10-15,Tamil Nadu,Tamil Nadu City 2,4G,97.11,25.75,0.19,43.6,64,0,3.5
AIR107930,2025-11-15,Gujarat,Gujarat City 3,4G,96.99,27.6,1.28,40.8,81,1,2.94
AIR107931,2025-12-15,West Bengal,West Bengal City 1,4G,97.21,44.89,1.64,31.6,80,0,2.98
AIR107932,2025-02-15,Gujarat,Gujarat City 1,5G,98.99,109.32,0.81,16,119,0,4
AIR107933,2025-03-15,Kerala,Kerala City 1,4G,97.24,54.11,0.89,43.4,42,0,3.02
AIR107934,2025-04-15,West Bengal,West Bengal City 2,5G,99.94,172.57,0.78,31.6,98,0,4.53
AIR107935,2025-05-15,Karnataka,Karnataka City 1,4G,98.74,63.09,1.15,47.8,96,0,3.27
AIR107936,2025-06-15,Tamil Nadu,Tamil Nadu City 2,4G,97.21,67.03,0.9,21.9,125,1,3.59
AIR107937,2025-07-15,Tamil Nadu,Tamil Nadu City 1,4G,97.21,54.85,1.53,27.7,97,1,3.64
AIR107938,2025-08-15,Delhi,Delhi City 2,4G,98.1,53.11,1.19,24.9,68,0,3.81
AIR107939,2025-09-15,Gujarat,Gujarat City 1,5G,98.68,145.8,0.87,13.3,73,0,3.19
AIR107940,2025-10-15,Rajasthan,Rajasthan City 3,5G,99.13,112.54,0.81,21.3,44,0,3.31
AIR107941,2025-11-15,Tamil Nadu,Tamil Nadu City 3,5G,98.91,203.82,0.46,23,84,1,3.95
AIR107942,2025-12-15,Tamil Nadu,Tamil Nadu City 1,4G,99.22,47.65,1.4,18.6,36,0,3.22
AIR107943,2025-02-15,Kerala,Kerala City 2,4G,99.12,44.74,1.33,37.1,91,0,3.82
AIR107944,2025-03-15,Uttar Pradesh,Uttar Pradesh City 2,5G,99.49,198.19,0.48,19.7,71,1,4.39
AIR107945,2025-04-15,Kerala,Kerala City 2,4G,99,46.03,1.6,41.9,74,0,3.29
AIR107946,2025-05-15,Kerala,Kerala City 3,5G,99.33,119.65,0.76,11.2,97,1,4.31
AIR107947,2025-06-15,Uttar Pradesh,Uttar Pradesh City 3,4G,97.78,58.36,1.38,45,96,0,3.37
AIR107948,2025-07-15,Gujarat,Gujarat City 3,5G,100,81.68,0.83,40.8,60,0,3.17
AIR107949,2025-08-15,West Bengal,West Bengal City 2,5G,98.45,136.95,0.77,15.4,44,0,3.7
AIR107950,2025-09-15,Maharashtra,Maharashtra City 2,5G,99.25,78.98,0.48,24.6,78,1,3.75
AIR107951,2025-10-15,Rajasthan,Rajasthan City 2,4G,98.64,30.94,1.52,30.6,82,0,3.47
AIR107952,2025-11-15,Tamil Nadu,Tamil Nadu City 1,4G,98.02,40.75,1.12,31.7,49,0,2.74
AIR107953,2025-12-15,Delhi,Delhi City 1,4G,98.09,64.22,1.41,57.1,96,0,2.72
AIR107954,2025-02-15,Rajasthan,Rajasthan City 1,5G,98.85,156.46,0.41,6.6,79,0,3.63
AIR107955,2025-03-15,West Bengal,West Bengal City 3,5G,99.04,109.51,0.68,9.1,44,0,3.84
AIR107956,2025-04-15,Uttar Pradesh,Uttar Pradesh City 3,4G,98.08,33.82,1,48.7,47,0,3.8
AIR107957,2025-05-15,Rajasthan,Rajasthan City 2,4G,98.12,39.63,0.89,11.2,118,1,3.69
AIR107958,2025-06-15,Tamil Nadu,Tamil Nadu City 1,4G,97.11,51.45,1.26,53.3,11,0,3.25
AIR107959,2025-07-15,Rajasthan,Rajasthan City 2,5G,99.28,174.3,0.86,22.6,58,0,3.28
AIR107960,2025-08-15,Maharashtra,Maharashtra City 1,4G,98.1,55.95,1.27,26.3,132,0,3.4
AIR107961,2025-09-15,Uttar Pradesh,Uttar Pradesh City 1,4G,98.02,39.63,1.04,34.2,94,0,3.14
AIR107962,2025-10-15,Rajasthan,Rajasthan City 2,4G,99.49,54.42,1.39,43.9,63,1,3.81
AIR107963,2025-11-15,Tamil Nadu,Tamil Nadu City 2,4G,98.84,24.59,0.94,26.2,156,1,3.36
AIR107964,2025-12-15,Tamil Nadu,Tamil Nadu City 1,5G,98.37,132.48,0.78,18.8,97,0,3.7
AIR107965,2025-02-15,Rajasthan,Rajasthan City 1,4G,98.51,74.77,1.09,31.6,61,1,3.57
AIR107966,2025-03-15,Gujarat,Gujarat City 3,4G,99.1,50.11,1.3,52.6,97,0,2.94
AIR107967,2025-04-15,Delhi,Delhi City 2,4G,98.03,58.75,0.57,57.9,52,0,3.57
AIR107968,2025-05-15,Telangana,Telangana City 2,4G,98.79,36.31,0.91,40.1,68,1,3.52
AIR107969,2025-06-15,Kerala,Kerala City 2,4G,97.35,58.47,1.35,38.1,66,0,3.23
AIR107970,2025-07-15,Uttar Pradesh,Uttar Pradesh City 2,4G,98.39,33.68,1.04,45.3,23,0,3.4
AIR107971,2025-08-15,Telangana,Telangana City 1,5G,99.36,101.73,0.57,27.7,46,0,4.17
AIR107972,2025-09-15,West Bengal,West Bengal City 3,4G,98.33,59.68,0.72,28.4,65,0,3.54
AIR107973,2025-10-15,West Bengal,West Bengal City 2,5G,99.37,175.82,0.8,16.8,42,0,3.72
AIR107974,2025-11-15,Tamil Nadu,Tamil Nadu City 1,5G,98.95,134.28,0.66,23.9,186,0,4.17
AIR107975,2025-12-15,West Bengal,West Bengal City 1,5G,99.27,122.21,0.57,24.4,104,0,4.37
AIR107976,2025-02-15,Gujarat,Gujarat City 1,5G,98.88,194.94,0.68,19,22,0,4.24
AIR107977,2025-03-15,Delhi,Delhi City 1,4G,98.38,65.22,1.5,50.8,103,0,2.97
AIR107978,2025-04-15,West Bengal,West Bengal City 1,4G,97.31,55.75,0.57,35.5,45,0,3.74
AIR107979,2025-05-15,Maharashtra,Maharashtra City 2,5G,99.03,139.55,0.86,30.8,67,1,4.17
AIR107980,2025-06-15,Delhi,Delhi City 2,4G,98.58,41.52,1.05,35.4,99,1,3.87
AIR107981,2025-07-15,Gujarat,Gujarat City 3,4G,97.43,20.94,1.24,22.7,66,0,3.27
AIR107982,2025-08-15,Telangana,Telangana City 2,4G,99.41,34.48,1.15,32.7,133,0,4.19
AIR107983,2025-09-15,Delhi,Delhi City 1,4G,99.37,61.12,0.83,33.7,100,0,3.66
AIR107984,2025-10-15,Delhi,Delhi City 3,4G,97.42,19.2,1.26,37,71,0,3.02
AIR107985,2025-11-15,Telangana,Telangana City 1,4G,100,27.56,0.49,35.1,111,1,4.03
AIR107986,2025-12-15,Gujarat,Gujarat City 1,4G,98.16,47.7,0.59,38.2,73,0,3.41
AIR107987,2025-02-15,West Bengal,West Bengal City 2,5G,99.31,153.62,0.97,18.4,67,0,3.81
AIR107988,2025-03-15,Tamil Nadu,Tamil Nadu City 1,4G,98.87,33.36,1.81,51.4,65,0,3.26
AIR107989,2025-04-15,Uttar Pradesh,Uttar Pradesh City 2,5G,98.7,153.43,0.82,11.5,84,0,4.66
AIR107990,2025-05-15,Telangana,Telangana City 1,4G,99.29,38.45,0.95,49.1,62,0,3.86
AIR107991,2025-06-15,Telangana,Telangana City 3,4G,99.83,39.72,0.84,26.8,60,0,3.67
AIR107992,2025-07-15,Telangana,Telangana City 1,4G,98.54,8.52,1.23,35.3,86,0,4.1
AIR107993,2025-08-15,Telangana,Telangana City 2,4G,98.53,43.16,0.46,46.6,114,0,4.2
AIR107994,2025-09-15,Uttar Pradesh,Uttar Pradesh City 1,4G,98.56,28.08,0.54,35.5,107,0,4.1
AIR107995,2025-10-15,Uttar Pradesh,Uttar Pradesh City 2,4G,98.33,36.59,1.04,30.5,13,0,3.94
AIR107996,2025-11-15,West Bengal,West Bengal City 2,5G,99.07,107.69,0.3,9.2,73,0,3.84
AIR107997,2025-12-15,Rajasthan,Rajasthan City 3,5G,99.73,165.42,0.83,19.8,89,1,3.79
AIR107998,2025-02-15,Rajasthan,Rajasthan City 2,4G,97.4,41.72,0.64,38,82,0,3.52
AIR107999,2025-03-15,Karnataka,Karnataka City 3,4G,98.88,40.94,1.3,36.9,105,0,3.53
AIR108000,2025-04-15,Telangana,Telangana City 3,4G,98.04,27.92,0.24,40.2,53,0,3.67
AIR108001,2025-05-15,Telangana,Telangana City 1,4G,97.36,45.21,0.92,59.4,64,0,2.93
AIR108002,2025-06-15,Delhi,Delhi City 3,4G,99.16,53.42,0.78,50.3,56,1,4
AIR108003,2025-07-15,Rajasthan,Rajasthan City 2,5G,98.79,154.09,0.8,21.8,78,1,3.85
AIR108004,2025-08-15,West Bengal,West Bengal City 2,4G,96.38,39.21,1.37,38.4,73,0,3.12
AIR108005,2025-09-15,Tamil Nadu,Tamil Nadu City 3,5G,99.42,83.19,0.96,27.5,60,0,3.68
AIR108006,2025-10-15,Karnataka,Karnataka City 1,5G,99.21,151.38,0.7,19,74,0,4.35
AIR108007,2025-11-15,Karnataka,Karnataka City 3,5G,99,153.2,0.92,23,59,0,4.05
AIR108008,2025-12-15,West Bengal,West Bengal City 3,4G,98.1,51.43,1.42,37.5,17,0,3.35
AIR108009,2025-02-15,Tamil Nadu,Tamil Nadu City 2,5G,99.02,117.67,0.29,26.6,67,0,3.76
AIR108010,2025-03-15,Delhi,Delhi City 1,5G,98.45,149,1.1,10.6,61,0,3.37
AIR108011,2025-04-15,Uttar Pradesh,Uttar Pradesh City 1,4G,98.09,36.93,1.04,52.8,58,1,3.56
AIR108012,2025-05-15,Kerala,Kerala City 1,4G,98.97,19.42,0.91,38.3,51,0,4.32
AIR108013,2025-06-15,Rajasthan,Rajasthan City 1,5G,99.58,174.76,0.72,21,18,0,3.55
AIR108014,2025-07-15,Telangana,Telangana City 2,5G,99.38,157.59,0.51,21.1,63,0,3.63
AIR108015,2025-08-15,West Bengal,West Bengal City 1,4G,99.03,42.89,1.49,33.3,72,0,3.28
AIR108016,2025-09-15,Rajasthan,Rajasthan City 1,4G,97.05,49.05,1.08,30.6,42,0,3.35
AIR108017,2025-10-15,Telangana,Telangana City 1,4G,96.58,63.55,1.52,47.6,99,1,3.35
AIR108018,2025-11-15,Kerala,Kerala City 2,4G,97.41,30.37,1.48,41.3,58,0,2.94
AIR108019,2025-12-15,Kerala,Kerala City 2,4G,98.47,34.48,0.72,19.4,99,1,4.06
AIR108020,2025-02-15,Uttar Pradesh,Uttar Pradesh City 1,4G,98.99,57.87,1.56,29.3,32,0,3.1
AIR108021,2025-03-15,Gujarat,Gujarat City 2,4G,97.35,34.44,1.17,28,92,0,3.67
AIR108022,2025-04-15,Kerala,Kerala City 3,5G,98.91,194.23,0.88,15.3,127,1,2.99
AIR108023,2025-05-15,Rajasthan,Rajasthan City 1,5G,99.45,184.28,0.82,18.7,63,0,3.4
AIR108024,2025-06-15,Maharashtra,Maharashtra City 2,4G,97.85,60.94,0.9,34.2,126,0,3.11
AIR108025,2025-07-15,Maharashtra,Maharashtra City 1,5G,98.61,154.58,0.97,17.5,29,0,3.25
AIR108026,2025-08-15,Telangana,Telangana City 1,4G,98.8,33.52,1.45,22.8,70,0,4.19
AIR108027,2025-09-15,Telangana,Telangana City 2,4G,97.57,59.83,0.05,51.6,49,0,4.05
AIR108028,2025-10-15,Gujarat,Gujarat City 3,5G,99,130.18,0.63,16.6,114,1,3.48
AIR108029,2025-11-15,Maharashtra,Maharashtra City 1,4G,97.95,28.74,1.07,41.1,59,0,3.01
AIR108030,2025-12-15,Telangana,Telangana City 3,4G,98.03,58.04,0.99,29.4,76,0,3.37
AIR108031,2025-02-15,Kerala,Kerala City 2,4G,97.88,47.58,1.53,37.1,49,1,3.68
AIR108032,2025-03-15,Telangana,Telangana City 1,4G,95.88,26.3,0.56,54,100,0,3.13
AIR108033,2025-04-15,Karnataka,Karnataka City 2,5G,98.42,128.68,0.47,21.1,90,0,3.97
AIR108034,2025-05-15,Gujarat,Gujarat City 2,5G,98.52,215.69,0.73,20.2,73,1,3.76
AIR108035,2025-06-15,West Bengal,West Bengal City 2,5G,98.36,119.13,0.73,14.5,88,0,4.05
AIR108036,2025-07-15,Tamil Nadu,Tamil Nadu City 2,5G,99.01,117.54,0.73,14.3,81,1,3.87
AIR108037,2025-08-15,Delhi,Delhi City 1,5G,98.41,144.18,0.55,23.2,83,0,3.55
AIR108038,2025-09-15,Tamil Nadu,Tamil Nadu City 3,5G,98.87,115,0.8,21.5,86,0,4
AIR108039,2025-10-15,Tamil Nadu,Tamil Nadu City 3,4G,97.65,43.96,1.07,41.4,98,0,2.83
AIR108040,2025-11-15,Uttar Pradesh,Uttar Pradesh City 1,5G,99.03,149.18,0.36,17.5,54,0,4.75
AIR108041,2025-12-15,West Bengal,West Bengal City 1,4G,97.81,38,1.17,28.3,86,1,3.59
AIR108042,2025-02-15,Telangana,Telangana City 3,5G,99.16,201.91,0.75,16.3,74,0,3.31
AIR108043,2025-03-15,Uttar Pradesh,Uttar Pradesh City 3,4G,99.06,31.83,0.77,46.7,13,1,4.2
AIR108044,2025-04-15,Tamil Nadu,Tamil Nadu City 1,5G,99.18,124.42,0.72,12.2,61,0,4.25
AIR108045,2025-05-15,Karnataka,Karnataka City 2,5G,98.99,163.31,1.01,26.6,60,1,3.86
AIR108046,2025-06-15,Delhi,Delhi City 1,5G,99.43,196.83,0.6,26.1,59,0,3.75
AIR108047,2025-07-15,Tamil Nadu,Tamil Nadu City 3,5G,98.87,112.04,0.58,22,77,1,3.76
AIR108048,2025-08-15,Maharashtra,Maharashtra City 2,4G,98.82,42.93,1.13,36.8,93,0,3.86
AIR108049,2025-09-15,West Bengal,West Bengal City 3,4G,97.58,51.09,0.86,38.2,47,0,3.33
AIR108050,2025-10-15,West Bengal,West Bengal City 2,4G,98.29,61.37,0.95,29.5,22,0,3.14
AIR108051,2025-11-15,West Bengal,West Bengal City 3,4G,98.24,66.68,0.24,40.7,54,1,3.76
AIR108052,2025-12-15,Gujarat,Gujarat City 2,4G,98.47,56.19,0.73,48.7,104,0,3.1
AIR108053,2025-02-15,Gujarat,Gujarat City 1,4G,98.45,30.46,0.8,57.3,51,1,3.59
AIR108054,2025-03-15,Kerala,Kerala City 1,4G,97.52,61.12,0.84,48,115,1,2.64
AIR108055,2025-04-15,Rajasthan,Rajasthan City 2,5G,99.53,122.68,0.64,37.4,117,0,3.79
AIR108056,2025-05-15,Delhi,Delhi City 2,5G,99.01,166.39,1.04,24.8,80,0,3.88
AIR108057,2025-06-15,Uttar Pradesh,Uttar Pradesh City 1,4G,97.88,39.58,0.42,46,26,1,3.89
AIR108058,2025-07-15,Telangana,Telangana City 1,4G,96.88,50.11,0.98,60.1,44,1,2.71
AIR108059,2025-08-15,Tamil Nadu,Tamil Nadu City 2,4G,96.06,72.99,1.21,37.8,107,0,3.14
AIR108060,2025-09-15,Rajasthan,Rajasthan City 2,4G,98.56,42.05,0.65,34.1,63,0,3.36
AIR108061,2025-10-15,Telangana,Telangana City 1,4G,99.39,79,0.37,37.1,35,1,4.04
AIR108062,2025-11-15,Uttar Pradesh,Uttar Pradesh City 3,4G,97.32,55.36,1.15,33.3,59,0,3.14
AIR108063,2025-12-15,Rajasthan,Rajasthan City 1,4G,98.75,39.34,1.01,45.3,93,0,3.28
AIR108064,2025-02-15,Telangana,Telangana City 2,4G,97.12,56.26,0.87,40.3,69,0,2.83
AIR108065,2025-03-15,Karnataka,Karnataka City 2,4G,98.17,32.93,0.37,51.2,108,0,3.27
AIR108066,2025-04-15,Gujarat,Gujarat City 3,4G,98.68,39.43,0.64,36.2,16,0,2.97
AIR108067,2025-05-15,Uttar Pradesh,Uttar Pradesh City 1,5G,99.27,192.43,0.52,13.8,66,0,3.62
AIR108068,2025-06-15,Delhi,Delhi City 2,5G,99.27,120.18,0.68,5,147,0,4.21
AIR108069,2025-07-15,Maharashtra,Maharashtra City 1,4G,97.27,59.04,1.02,40.6,64,0,3.22
AIR108070,2025-08-15,Karnataka,Karnataka City 2,4G,98.22,45.78,0.73,41.7,129,1,3.99
AIR108071,2025-09-15,Gujarat,Gujarat City 3,4G,98.36,41.69,1.49,46,59,0,2.76
AIR108072,2025-10-15,West Bengal,West Bengal City 1,4G,100,42.13,1.21,40.2,58,0,3.8
AIR108073,2025-11-15,Gujarat,Gujarat City 1,4G,100,23.02,1.33,31.8,25,1,4.68
AIR108074,2025-12-15,Rajasthan,Rajasthan City 3,4G,98.76,40.11,1.64,42.7,136,0,3.63
AIR108075,2025-02-15,Kerala,Kerala City 2,4G,97.73,45.89,1.58,35.4,128,1,2.62
AIR108076,2025-03-15,Karnataka,Karnataka City 2,4G,98.33,71.32,1.4,27.8,93,1,3.26
AIR108077,2025-04-15,West Bengal,West Bengal City 1,5G,99.57,176.16,0.91,32.7,22,1,4.38
AIR108078,2025-05-15,Rajasthan,Rajasthan City 3,4G,97.51,48.91,0.45,26.7,5,1,3.55
AIR108079,2025-06-15,Uttar Pradesh,Uttar Pradesh City 1,4G,99.12,29.03,0.51,45.7,71,0,4.11
AIR108080,2025-07-15,Delhi,Delhi City 1,4G,98.9,49.79,0.74,33.9,60,0,3.66
AIR108081,2025-08-15,Gujarat,Gujarat City 2,4G,98.64,48.92,0.89,33.8,59,1,3.31
AIR108082,2025-09-15,Uttar Pradesh,Uttar Pradesh City 2,5G,99.08,148.39,0.54,8.4,45,1,4.37
AIR108083,2025-10-15,West Bengal,West Bengal City 2,4G,96.82,46.15,1.21,45.7,70,0,3.25
AIR108084,2025-11-15,Rajasthan,Rajasthan City 2,4G,98.11,46.76,1.6,51,81,0,3.44
AIR108085,2025-12-15,Kerala,Kerala City 2,4G,97.36,50.06,1.04,43,93,0,3.53
AIR108086,2025-02-15,Gujarat,Gujarat City 3,4G,97.48,42.25,1.35,42.2,75,0,3.53
AIR108087,2025-03-15,Delhi,Delhi City 1,4G,98.7,47.06,0.54,23.7,40,0,3.81
AIR108088,2025-04-15,Kerala,Kerala City 3,4G,100,44.52,1.12,27.9,97,0,4.04
AIR108089,2025-05-15,Telangana,Telangana City 1,5G,98.97,160.04,0.53,19.7,72,0,3.83
AIR108090,2025-06-15,Rajasthan,Rajasthan City 2,4G,98.36,52.97,0.74,36.5,120,0,3.41
AIR108091,2025-07-15,Uttar Pradesh,Uttar Pradesh City 3,4G,97.37,64.66,0.84,43.7,17,0,3.84
AIR108092,2025-08-15,Gujarat,Gujarat City 1,4G,97.53,32.58,1.02,51.4,113,1,2.67
AIR108093,2025-09-15,Gujarat,Gujarat City 2,5G,100,149.04,0.8,16.3,9,0,3.94
AIR108094,2025-10-15,West Bengal,West Bengal City 2,5G,98.78,198.16,0.99,25.5,54,0,3.22
AIR108095,2025-11-15,Delhi,Delhi City 3,5G,99.57,152.16,0.58,20.1,8,0,3.58
AIR108096,2025-12-15,Maharashtra,Maharashtra City 3,5G,99.52,181.05,0.89,13.8,57,0,4.42
AIR108097,2025-02-15,Telangana,Telangana City 3,5G,99.54,170.52,0.37,21.8,92,0,4.21
AIR108098,2025-03-15,Kerala,Kerala City 2,5G,98.61,119.15,1.02,21.3,103,0,3.22
AIR108099,2025-04-15,Karnataka,Karnataka City 1,5G,98.96,188.8,0.53,22.4,103,0,4.15
AIR108100,2025-05-15,Karnataka,Karnataka City 1,5G,99.36,198.87,1.02,28.6,136,0,4.09
AIR108101,2025-06-15,Gujarat,Gujarat City 3,4G,98,22.71,0.91,34.4,55,0,3.18
AIR108102,2025-07-15,West Bengal,West Bengal City 1,4G,98.05,35.04,1.06,39.8,95,1,3.19
AIR108103,2025-08-15,Tamil Nadu,Tamil Nadu City 2,5G,99.68,153.59,0.81,13.5,124,0,4.35
AIR108104,2025-09-15,Gujarat,Gujarat City 1,5G,98.88,151.61,0.45,24.5,81,1,4.07
AIR108105,2025-10-15,Karnataka,Karnataka City 2,5G,99.18,139.02,0.63,10.3,106,0,4.25
AIR108106,2025-11-15,Karnataka,Karnataka City 3,5G,100,114.94,0.74,9.3,140,1,3.61
AIR108107,2025-12-15,Telangana,Telangana City 1,5G,99.72,126.21,0.54,10.5,100,1,4.33
AIR108108,2025-02-15,Uttar Pradesh,Uttar Pradesh City 2,4G,99.95,35.34,1.02,42.1,47,0,3.72
AIR108109,2025-03-15,Tamil Nadu,Tamil Nadu City 3,4G,98.92,37.13,1.59,38.3,77,0,2.91
AIR108110,2025-04-15,Gujarat,Gujarat City 3,4G,98.56,42.77,1.16,41.1,71,0,3.3
AIR108111,2025-05-15,Telangana,Telangana City 3,4G,98.83,68.02,0.78,53.6,33,0,3.64
AIR108112,2025-06-15,West Bengal,West Bengal City 3,4G,98.38,32.82,1.16,42.3,36,0,3.24
AIR108113,2025-07-15,Telangana,Telangana City 1,4G,98.41,31.75,1.14,46,113,0,3.38
AIR108114,2025-08-15,Gujarat,Gujarat City 2,4G,98.03,49.73,0.8,30.3,96,1,3.43
AIR108115,2025-09-15,Rajasthan,Rajasthan City 1,5G,99.57,181.61,0.69,22.6,97,0,3.48
AIR108116,2025-10-15,Maharashtra,Maharashtra City 2,4G,98.32,36.16,0.51,27,86,0,4.33
AIR108117,2025-11-15,Gujarat,Gujarat City 3,5G,99.53,149.87,0.69,8,77,1,3.66
AIR108118,2025-12-15,Delhi,Delhi City 1,5G,98.67,91.98,0.3,19.1,53,0,4.17
AIR108119,2025-02-15,Karnataka,Karnataka City 3,4G,98.04,28.39,0.19,50.7,135,0,3.9
AIR108120,2025-03-15,Tamil Nadu,Tamil Nadu City 2,4G,98.17,35.87,0.53,34.3,80,0,3.64
AIR108121,2025-04-15,Tamil Nadu,Tamil Nadu City 3,5G,99.19,216.37,0.68,11.8,21,0,3.57
AIR108122,2025-05-15,Uttar Pradesh,Uttar Pradesh City 1,5G,99.07,70.75,1.04,20.6,60,1,3.9
AIR108123,2025-06-15,Maharashtra,Maharashtra City 1,4G,98.1,34.49,1.28,45.6,70,1,3.27
AIR108124,2025-07-15,Delhi,Delhi City 2,4G,98.39,17.47,1.5,29.9,73,1,3.44
AIR108125,2025-08-15,Karnataka,Karnataka City 2,4G,96.1,45.09,1.08,37.5,114,0,2.9
AIR108126,2025-09-15,Tamil Nadu,Tamil Nadu City 1,4G,98.11,42.32,0.44,46,70,1,3.6
AIR108127,2025-10-15,Delhi,Delhi City 1,4G,98.34,44.88,1.36,45.6,81,1,3.5
AIR108128,2025-11-15,Telangana,Telangana City 1,4G,99.36,32.54,1.23,57.7,108,0,3.76
AIR108129,2025-12-15,Uttar Pradesh,Uttar Pradesh City 1,4G,98.72,40.76,0.87,55,108,1,3.6
AIR108130,2025-02-15,Gujarat,Gujarat City 2,5G,98.51,141.2,0.7,20.4,27,1,3.98
AIR108131,2025-03-15,Gujarat,Gujarat City 1,5G,99.59,161.79,0.82,24.3,101,0,4.23
AIR108132,2025-04-15,Rajasthan,Rajasthan City 2,5G,99.41,133.16,0.46,8.9,100,0,4.37
AIR108133,2025-05-15,Karnataka,Karnataka City 1,5G,98.99,160.2,0.22,23.5,142,1,4.19
AIR108134,2025-06-15,Delhi,Delhi City 1,5G,98.88,157.56,0.55,20.3,75,0,3.77
AIR108135,2025-07-15,Kerala,Kerala City 3,4G,96.54,44.14,1.5,33.6,90,0,2.82
AIR108136,2025-08-15,Tamil Nadu,Tamil Nadu City 3,4G,98.47,38.06,1.01,46.1,91,0,3.91
AIR108137,2025-09-15,West Bengal,West Bengal City 1,5G,99.67,123.34,0.59,26.4,83,0,3.78
AIR108138,2025-10-15,West Bengal,West Bengal City 2,5G,99.31,142.57,0.48,22.6,22,0,4.02
AIR108139,2025-11-15,Gujarat,Gujarat City 1,4G,97.6,53.68,0.54,53.2,31,1,3.73
AIR108140,2025-12-15,Kerala,Kerala City 3,4G,99.46,47.15,1.5,63.9,63,1,3.6
AIR108141,2025-02-15,West Bengal,West Bengal City 1,5G,99.43,196.23,0.33,10.2,33,1,4
AIR108142,2025-03-15,Maharashtra,Maharashtra City 3,4G,97.45,50.67,1.07,37.6,72,0,2.83
AIR108143,2025-04-15,Maharashtra,Maharashtra City 1,4G,97.86,35.15,0.54,51.3,46,1,3.64
AIR108144,2025-05-15,Karnataka,Karnataka City 1,5G,100,183.41,0.51,15,44,0,3.95
AIR108145,2025-06-15,Kerala,Kerala City 2,4G,96.43,35.49,1.73,48.4,36,0,2.6
AIR108146,2025-07-15,Maharashtra,Maharashtra City 3,5G,99.94,74.63,0.44,26.5,74,0,4.23
AIR108147,2025-08-15,Maharashtra,Maharashtra City 3,5G,99.58,123.79,0.88,18.4,98,1,3.33
AIR108148,2025-09-15,Gujarat,Gujarat City 3,4G,98.03,8.76,0.97,45.1,86,1,3.07
AIR108149,2025-10-15,West Bengal,West Bengal City 2,4G,99.03,47.32,0.59,34,45,0,4.07
AIR108150,2025-11-15,Karnataka,Karnataka City 1,4G,98.18,60.83,0.82,27.9,144,0,3.28
AIR108151,2025-12-15,Delhi,Delhi City 2,4G,98.61,43.8,1.29,35.3,53,0,3
AIR108152,2025-02-15,Telangana,Telangana City 1,5G,100,108.83,0.93,21.8,92,0,4.27
AIR108153,2025-03-15,Tamil Nadu,Tamil Nadu City 2,4G,98.86,38.93,1.17,23.4,67,0,3.5
AIR108154,2025-04-15,Tamil Nadu,Tamil Nadu City 2,4G,98.41,48.56,1.09,31.7,108,1,3.65
AIR108155,2025-05-15,Uttar Pradesh,Uttar Pradesh City 3,4G,100,65.48,1.19,31.9,62,0,4.52
AIR108156,2025-06-15,Telangana,Telangana City 2,4G,97.06,5,0.97,23.5,125,0,3.81
AIR108157,2025-07-15,Telangana,Telangana City 1,4G,98.53,53.72,0.94,42.9,75,0,3.5
AIR108158,2025-08-15,Tamil Nadu,Tamil Nadu City 2,4G,98.66,37.76,0.78,25.6,37,0,3.88
AIR108159,2025-09-15,Tamil Nadu,Tamil Nadu City 2,4G,96.77,44.37,1.7,47.3,80,0,3.39
AIR108160,2025-10-15,Delhi,Delhi City 1,4G,97.71,11.51,1.17,22.8,96,0,3.15
AIR108161,2025-11-15,Kerala,Kerala City 3,4G,97.36,36.07,0.94,46.3,67,0,3.83
AIR108162,2025-12-15,Kerala,Kerala City 1,5G,98.23,174.25,1.1,22.9,85,0,3.28
AIR108163,2025-02-15,Delhi,Delhi City 1,4G,97.89,49.22,0.53,49.8,111,0,3.37
AIR108164,2025-03-15,West Bengal,West Bengal City 1,5G,99.24,178.04,0.93,27.4,39,0,3.39
AIR108165,2025-04-15,Telangana,Telangana City 2,4G,99.09,53.69,1,30.1,52,0,3.83
AIR108166,2025-05-15,Rajasthan,Rajasthan City 2,5G,99.11,155.48,0.42,12.4,102,0,3.13
AIR108167,2025-06-15,Telangana,Telangana City 1,4G,98.16,59.58,1.35,49.3,34,1,3.42
AIR108168,2025-07-15,Uttar Pradesh,Uttar Pradesh City 1,5G,99.86,138.91,0.52,28.4,51,0,3.68
AIR108169,2025-08-15,Tamil Nadu,Tamil Nadu City 3,4G,96.82,38.83,1.19,35.2,75,0,2.71
AIR108170,2025-09-15,Telangana,Telangana City 2,5G,99.68,157.7,0.85,12.8,115,1,4.25
AIR108171,2025-10-15,Tamil Nadu,Tamil Nadu City 2,4G,98.36,26.84,1.53,30.1,90,0,2.97
AIR108172,2025-11-15,Telangana,Telangana City 2,5G,100,133.83,0.82,15.7,55,0,4.11
AIR108173,2025-12-15,Uttar Pradesh,Uttar Pradesh City 2,5G,100,172.95,0.54,13,38,0,3.67
AIR108174,2025-02-15,West Bengal,West Bengal City 1,4G,97.87,60.06,1.21,35,76,1,3.66
AIR108175,2025-03-15,Rajasthan,Rajasthan City 1,4G,97.31,39.8,1.34,30.9,77,0,3.99
AIR108176,2025-04-15,Maharashtra,Maharashtra City 3,4G,98.39,40.84,0.84,46,71,0,3.39
AIR108177,2025-05-15,Delhi,Delhi City 2,4G,98.66,74.77,0.88,37.9,86,0,3.48
AIR108178,2025-06-15,Delhi,Delhi City 2,5G,98.53,128.66,0.97,17.2,68,0,4.09
AIR108179,2025-07-15,Rajasthan,Rajasthan City 1,4G,98.71,48.92,1.12,48.5,97,0,3.44
AIR108180,2025-08-15,Telangana,Telangana City 3,4G,97.59,38.11,0.91,42.4,54,0,3.32
AIR108181,2025-09-15,Maharashtra,Maharashtra City 1,4G,97.77,52.36,1.15,42,146,1,3.31
AIR108182,2025-10-15,Uttar Pradesh,Uttar Pradesh City 2,4G,96.2,58.87,0.49,32.7,46,0,3.14
AIR108183,2025-11-15,Kerala,Kerala City 2,5G,99.05,193.41,0.73,20,45,0,4.08
AIR108184,2025-12-15,Telangana,Telangana City 3,5G,100,138.75,0.91,24.7,111,0,4.22
AIR108185,2025-02-15,West Bengal,West Bengal City 1,4G,97.41,51.33,1.17,36.5,118,0,3.75
AIR108186,2025-03-15,Tamil Nadu,Tamil Nadu City 2,5G,98.85,148.41,0.34,15.5,70,0,3.45
AIR108187,2025-04-15,Karnataka,Karnataka City 2,5G,100,193.96,0.37,20.4,71,0,3.88
AIR108188,2025-05-15,Telangana,Telangana City 3,4G,97.75,41,0.81,34.5,98,1,3.49
AIR108189,2025-06-15,Karnataka,Karnataka City 2,5G,98.78,112.83,1.02,18.6,114,0,3.75
AIR108190,2025-07-15,Telangana,Telangana City 2,4G,96.99,50.24,1.02,48.3,118,0,3.1
AIR108191,2025-08-15,Rajasthan,Rajasthan City 1,4G,98.59,50.36,1.14,57.7,51,0,3.16
AIR108192,2025-09-15,Karnataka,Karnataka City 3,4G,98.88,42.61,1.06,31.1,62,0,3.51
AIR108193,2025-10-15,Telangana,Telangana City 3,5G,99.17,156.56,1.07,16.8,96,0,4.28
AIR108194,2025-11-15,Delhi,Delhi City 3,4G,99.06,40.56,1.11,35.7,79,1,3.67
AIR108195,2025-12-15,Karnataka,Karnataka City 1,4G,97.93,64.92,1.34,36.2,72,0,3.24
AIR108196,2025-02-15,Telangana,Telangana City 3,4G,98.26,52.36,1.04,29.5,21,0,3.26
AIR108197,2025-03-15,Kerala,Kerala City 2,4G,96,47.43,0.95,32.9,119,0,3.11
AIR108198,2025-04-15,Tamil Nadu,Tamil Nadu City 3,5G,98.91,80.58,0.75,22.9,53,0,3.74
AIR108199,2025-05-15,Kerala,Kerala City 2,4G,97.3,34.07,1.03,50.4,18,0,3.42
AIR108200,2025-06-15,Maharashtra,Maharashtra City 3,4G,98.95,41.27,1.04,22.4,63,0,3.34
AIR108201,2025-07-15,Telangana,Telangana City 3,4G,98.86,28.65,1.21,42.5,57,0,3.46
AIR108202,2025-08-15,Gujarat,Gujarat City 1,4G,99.14,54.61,1.24,46.6,92,1,3.02
AIR108203,2025-09-15,West Bengal,West Bengal City 3,4G,96.32,65.06,0.45,41.9,54,1,3.58
AIR108204,2025-10-15,Kerala,Kerala City 3,4G,98.35,28.61,1.43,27.2,53,1,3.32
AIR108205,2025-11-15,Karnataka,Karnataka City 1,4G,98.47,34.04,1.4,38.2,114,0,4.13
AIR108206,2025-12-15,Rajasthan,Rajasthan City 2,4G,96.7,48.22,1.15,43.1,33,0,3.19
AIR108207,2025-02-15,West Bengal,West Bengal City 3,4G,97.04,45.72,0.52,49.5,77,1,3.37
AIR108208,2025-03-15,Gujarat,Gujarat City 3,4G,99.92,46.3,0.78,22.6,39,0,3.36
AIR108209,2025-04-15,Uttar Pradesh,Uttar Pradesh City 2,5G,98.75,162.64,0.63,19.5,62,0,3.79
AIR108210,2025-05-15,Telangana,Telangana City 1,4G,97.91,66.4,1.32,36.3,46,0,3.18
AIR108211,2025-06-15,Rajasthan,Rajasthan City 3,5G,99.15,118.08,0.67,10.5,76,0,4.14
AIR108212,2025-07-15,Telangana,Telangana City 1,4G,97.23,69.65,1.54,42.7,29,0,3.16
AIR108213,2025-08-15,Maharashtra,Maharashtra City 2,4G,98.41,38.81,1.38,33.8,84,0,2.89
AIR108214,2025-09-15,Gujarat,Gujarat City 2,4G,98.78,38.88,0.96,31.4,32,0,3.45
AIR108215,2025-10-15,Telangana,Telangana City 1,4G,97.07,44.94,1.22,33.7,11,0,3.66
AIR108216,2025-11-15,Karnataka,Karnataka City 2,5G,99.64,180.33,0.96,18.4,34,0,3.62
AIR108217,2025-12-15,Maharashtra,Maharashtra City 2,5G,98.31,120.55,0.58,12,77,0,3.86
AIR108218,2025-02-15,Delhi,Delhi City 3,4G,99.14,47.72,0.77,50.8,105,0,3.56
AIR108219,2025-03-15,Uttar Pradesh,Uttar Pradesh City 1,4G,99.52,55.03,0.52,42.7,5,1,4.21
AIR108220,2025-04-15,Gujarat,Gujarat City 3,5G,98.7,218.61,0.43,27.2,122,0,3.64
AIR108221,2025-05-15,Tamil Nadu,Tamil Nadu City 1,5G,99.36,79.86,0.47,24,130,0,4.33
AIR108222,2025-06-15,Rajasthan,Rajasthan City 3,5G,98.76,205.5,0.78,26.2,79,1,3.94
AIR108223,2025-07-15,Kerala,Kerala City 2,5G,99.4,147.8,0.62,14.2,121,0,3.35
AIR108224,2025-08-15,Telangana,Telangana City 1,5G,98.93,184,0.56,36.1,34,0,3.63
AIR108225,2025-09-15,Rajasthan,Rajasthan City 1,4G,98.67,50.84,1.26,30.8,72,0,3.91
AIR108226,2025-10-15,Rajasthan,Rajasthan City 1,5G,99.84,130.71,0.74,19.9,89,0,4
AIR108227,2025-11-15,Tamil Nadu,Tamil Nadu City 1,5G,99.56,182.72,0.48,21.2,68,1,3.83
AIR108228,2025-12-15,Tamil Nadu,Tamil Nadu City 2,5G,98.84,183.19,1.07,18.9,13,0,3.5
AIR108229,2025-02-15,Maharashtra,Maharashtra City 2,4G,97.51,27.22,1.59,36.4,125,0,2.98
AIR108230,2025-03-15,Gujarat,Gujarat City 2,4G,98.98,32.99,1.01,42.9,69,0,3.98
AIR108231,2025-04-15,Karnataka,Karnataka City 3,5G,99.79,133.96,0.47,15.3,15,1,3.89
AIR108232,2025-05-15,Uttar Pradesh,Uttar Pradesh City 2,5G,99.25,103.74,0.56,6.2,22,1,4.03
AIR108233,2025-06-15,Tamil Nadu,Tamil Nadu City 3,5G,99.23,154.11,0.63,12.3,59,0,4.05
AIR108234,2025-07-15,Tamil Nadu,Tamil Nadu City 3,4G,99.38,46.72,1.21,50,91,1,3.54
AIR108235,2025-08-15,Kerala,Kerala City 2,4G,97.01,58.28,1.05,51.7,139,0,3.54
AIR108236,2025-09-15,Delhi,Delhi City 2,4G,97.8,31.22,1.68,37.9,73,0,2.45
AIR108237,2025-10-15,Tamil Nadu,Tamil Nadu City 2,5G,99.97,141.34,1.09,21.3,114,0,3.72
AIR108238,2025-11-15,Delhi,Delhi City 3,4G,98.06,15.41,0.9,24,78,0,3.12
AIR108239,2025-12-15,Maharashtra,Maharashtra City 1,5G,99.16,170.39,0.53,30.6,57,0,3.73
AIR108240,2025-02-15,Karnataka,Karnataka City 2,4G,98.06,59.45,0.96,46,85,1,3.51
AIR108241,2025-03-15,Rajasthan,Rajasthan City 3,4G,100,64.43,1.22,47.3,77,0,3.79
AIR108242,2025-04-15,Tamil Nadu,Tamil Nadu City 3,4G,97.79,66.25,1.01,56.8,60,1,3.1
AIR108243,2025-05-15,Telangana,Telangana City 2,4G,98.09,42.57,1.44,16,35,1,2.96
AIR108244,2025-06-15,Delhi,Delhi City 3,4G,99.75,43.12,0.98,62,104,1,4.02
AIR108245,2025-07-15,Kerala,Kerala City 2,5G,98.8,80.11,0.68,30.9,81,0,3.19
AIR108246,2025-08-15,Uttar Pradesh,Uttar Pradesh City 3,5G,99.85,132.55,0.71,26.6,162,0,3.53
AIR108247,2025-09-15,Kerala,Kerala City 1,4G,99.38,49.36,1.29,43.1,31,0,3.4
AIR108248,2025-10-15,Tamil Nadu,Tamil Nadu City 3,5G,99.49,188.29,0.75,12.5,67,0,3.66
AIR108249,2025-11-15,Gujarat,Gujarat City 2,4G,99.17,58.28,0.91,26.9,116,1,3.85
AIR108250,2025-12-15,Rajasthan,Rajasthan City 1,5G,99.5,216.66,0.63,25.1,66,1,3.73
AIR108251,2025-02-15,Karnataka,Karnataka City 2,5G,99.27,160.21,0.86,22.5,131,0,3.49
AIR108252,2025-03-15,Telangana,Telangana City 3,4G,98.67,51.35,0.85,33.6,86,0,3.73
AIR108253,2025-04-15,Gujarat,Gujarat City 1,4G,97.88,44.24,1.19,43.9,35,0,2.86
AIR108254,2025-05-15,Kerala,Kerala City 1,4G,99.15,39.53,1.52,25.7,114,0,3.4
AIR108255,2025-06-15,Delhi,Delhi City 3,5G,98.69,183.24,0.69,13.9,5,1,3.73
AIR108256,2025-07-15,Delhi,Delhi City 1,4G,98.81,60.86,1.11,56.3,74,1,3.41
AIR108257,2025-08-15,Gujarat,Gujarat City 1,5G,98.78,175.7,0.57,21.9,44,0,4.1
AIR108258,2025-09-15,Delhi,Delhi City 1,4G,98.46,55.62,0.79,33.7,56,0,3.64
AIR108259,2025-10-15,Kerala,Kerala City 2,5G,99.19,143.58,0.45,13.7,74,0,3.4
AIR108260,2025-11-15,Gujarat,Gujarat City 2,5G,99.23,142.28,0.69,20.2,103,0,4.03
AIR108261,2025-12-15,Kerala,Kerala City 1,4G,98.66,81.43,1.2,32.3,113,0,3.54
AIR108262,2025-02-15,Telangana,Telangana City 3,5G,99.81,169.45,0.49,29,71,0,4.13
AIR108263,2025-03-15,Rajasthan,Rajasthan City 3,5G,99.5,156.44,0.74,14.4,40,0,4.04
AIR108264,2025-04-15,Uttar Pradesh,Uttar Pradesh City 2,5G,99.67,107.23,1.06,19.7,49,0,3.5
AIR108265,2025-05-15,Telangana,Telangana City 3,4G,97.93,69.62,1.14,28.4,42,1,3.64
AIR108266,2025-06-15,Telangana,Telangana City 1,4G,97.28,40.15,1.46,39.4,45,0,3.27
AIR108267,2025-07-15,Delhi,Delhi City 3,4G,97.8,38.7,0.95,15.9,48,0,3.3
AIR108268,2025-08-15,Tamil Nadu,Tamil Nadu City 2,4G,97.72,69.01,0.96,33.1,128,0,3.61
AIR108269,2025-09-15,West Bengal,West Bengal City 2,4G,96.39,50.36,0.98,32.1,6,0,3.13
AIR108270,2025-10-15,Delhi,Delhi City 1,4G,98.21,46.39,1.17,44.4,61,0,3.76
AIR108271,2025-11-15,Tamil Nadu,Tamil Nadu City 2,4G,97.12,49.95,0.94,54,57,1,3.61
AIR108272,2025-12-15,Kerala,Kerala City 2,4G,97.98,44.37,1.44,64.5,62,1,3.7
AIR108273,2025-02-15,West Bengal,West Bengal City 2,4G,98.24,33.71,0.65,38.4,57,0,4.2
AIR108274,2025-03-15,Delhi,Delhi City 3,4G,97.67,60.01,0.94,32.9,31,1,3.54
AIR108275,2025-04-15,West Bengal,West Bengal City 2,5G,99.02,126.83,1.19,16.9,93,0,3.54
AIR108276,2025-05-15,West Bengal,West Bengal City 3,5G,99.24,122.67,0.92,15.2,98,0,3.87
AIR108277,2025-06-15,Maharashtra,Maharashtra City 2,4G,97.39,32.64,0.93,40.5,32,0,3.35
AIR108278,2025-07-15,Rajasthan,Rajasthan City 2,5G,99.03,277.22,0.61,17.1,114,0,4.65
AIR108279,2025-08-15,Maharashtra,Maharashtra City 3,4G,98.74,45.6,1.33,35,112,0,3.75
AIR108280,2025-09-15,Tamil Nadu,Tamil Nadu City 3,5G,98.98,150.35,0.81,26.3,58,1,3.98
AIR108281,2025-10-15,Karnataka,Karnataka City 1,4G,100,61.64,1.24,46.6,104,1,4.13
AIR108282,2025-11-15,Gujarat,Gujarat City 1,4G,97.64,46.34,1.43,54.5,44,1,3.32
AIR108283,2025-12-15,Uttar Pradesh,Uttar Pradesh City 3,4G,98.03,52.6,1.07,50,49,1,2.93
AIR108284,2025-02-15,Karnataka,Karnataka City 2,4G,97.63,57.07,0.67,27.2,42,0,2.77
AIR108285,2025-03-15,Gujarat,Gujarat City 1,4G,97.36,46.22,0.93,51.8,79,0,2.86
AIR108286,2025-04-15,Tamil Nadu,Tamil Nadu City 3,4G,97.62,51.91,1.52,41.1,36,0,2.95
AIR108287,2025-05-15,Tamil Nadu,Tamil Nadu City 3,4G,97.51,44.17,1.21,23.8,127,0,3.33
AIR108288,2025-06-15,Kerala,Kerala City 2,5G,99.77,167.73,0.93,10,5,1,3.66
AIR108289,2025-07-15,Uttar Pradesh,Uttar Pradesh City 3,4G,97.7,35.76,1,33.7,96,0,4.46
AIR108290,2025-08-15,Rajasthan,Rajasthan City 1,4G,97.8,54.11,0.51,30.3,106,0,4.18
AIR108291,2025-09-15,West Bengal,West Bengal City 2,4G,97.7,40.13,1.1,36.8,117,0,3.53
AIR108292,2025-10-15,Maharashtra,Maharashtra City 3,5G,98.16,166.99,0.64,18.3,103,0,3.52
AIR108293,2025-11-15,Maharashtra,Maharashtra City 3,4G,98.03,33.96,1.23,45.4,64,1,3.7
AIR108294,2025-12-15,Tamil Nadu,Tamil Nadu City 2,4G,100,59.04,0.96,22.3,114,0,4.26
AIR108295,2025-02-15,Maharashtra,Maharashtra City 2,4G,98.53,16.3,1.42,41.7,29,0,4.21
AIR108296,2025-03-15,Tamil Nadu,Tamil Nadu City 2,4G,98.71,52.37,0.43,48.5,60,0,3.55
AIR108297,2025-04-15,West Bengal,West Bengal City 1,4G,96.64,26.4,0.68,34.8,28,0,3.21
AIR108298,2025-05-15,Tamil Nadu,Tamil Nadu City 1,4G,98.19,47.4,1,47.5,137,0,2.72
AIR108299,2025-06-15,Kerala,Kerala City 3,4G,97.63,31.72,0.7,34.1,49,0,3.63
AIR108300,2025-07-15,Rajasthan,Rajasthan City 3,4G,98.47,45.13,1.5,36.1,38,0,3.84
AIR108301,2025-08-15,Telangana,Telangana City 2,4G,98.94,53.66,1.1,10.6,65,0,4.23
AIR108302,2025-09-15,Delhi,Delhi City 3,4G,98.26,31.45,0.48,43.8,77,0,3.26
AIR108303,2025-10-15,Rajasthan,Rajasthan City 3,4G,98.08,41.05,0.19,40.5,7,0,3.61
AIR108304,2025-11-15,Rajasthan,Rajasthan City 2,5G,99.55,101.62,0.35,22.4,87,0,3.46
AIR108305,2025-12-15,Karnataka,Karnataka City 1,4G,97.97,63.14,1.09,47.4,31,0,3.07
AIR108306,2025-02-15,Uttar Pradesh,Uttar Pradesh City 1,5G,98.61,201.61,1.03,18,79,0,4.55
AIR108307,2025-03-15,Uttar Pradesh,Uttar Pradesh City 1,4G,98,60.01,1.14,32.6,100,0,3.19
AIR108308,2025-04-15,Gujarat,Gujarat City 3,4G,97.38,42.51,1.16,38.1,62,0,2.83
AIR108309,2025-05-15,Delhi,Delhi City 2,5G,99.6,175.14,0.05,26.1,80,0,4.79
AIR108310,2025-06-15,West Bengal,West Bengal City 1,4G,98.37,48.19,1.1,40,26,0,3.41
AIR108311,2025-07-15,Telangana,Telangana City 3,4G,96.91,61,0.66,17.2,28,1,3.79
AIR108312,2025-08-15,Telangana,Telangana City 2,4G,98.28,44.22,1.16,37,136,0,3.11
AIR108313,2025-09-15,Uttar Pradesh,Uttar Pradesh City 1,4G,97.61,52.74,1.75,8.5,60,1,3.16
AIR108314,2025-10-15,Rajasthan,Rajasthan City 1,5G,99.1,81.02,0.59,25.7,28,0,3.94
AIR108315,2025-11-15,Kerala,Kerala City 2,4G,98.78,22.08,1.48,25.3,107,0,4.01
AIR108316,2025-12-15,Gujarat,Gujarat City 3,4G,98.66,68.14,1.33,46.4,65,1,3.93
AIR108317,2025-02-15,Tamil Nadu,Tamil Nadu City 3,5G,99.48,131.38,0.15,23,85,0,4.07
AIR108318,2025-03-15,Gujarat,Gujarat City 1,5G,98.92,73.7,0.62,22.2,151,0,3.62
AIR108319,2025-04-15,Karnataka,Karnataka City 2,5G,99.36,128.26,1.13,18.9,51,0,3.42
AIR108320,2025-05-15,Gujarat,Gujarat City 3,4G,97.72,41.65,0.85,31.6,113,0,4.22
AIR108321,2025-06-15,Rajasthan,Rajasthan City 2,5G,99.46,115.08,0.77,21.8,27,1,4.21
AIR108322,2025-07-15,West Bengal,West Bengal City 2,5G,99.34,200.94,0.84,15.5,85,0,4.22
AIR108323,2025-08-15,Rajasthan,Rajasthan City 1,5G,99.26,92.42,0.07,22,17,0,4.33
AIR108324,2025-09-15,Uttar Pradesh,Uttar Pradesh City 2,5G,99.17,117.56,0.85,29,20,1,2.85
AIR108325,2025-10-15,West Bengal,West Bengal City 2,5G,98.84,150.1,0.75,30.4,53,0,4.07
AIR108326,2025-11-15,Maharashtra,Maharashtra City 2,4G,98.18,26.33,1.05,44.9,75,0,3.77
AIR108327,2025-12-15,West Bengal,West Bengal City 3,4G,99.7,34.61,1.19,40.7,39,0,3.42
AIR108328,2025-02-15,Gujarat,Gujarat City 1,5G,98.21,99.14,0.7,23.1,102,1,3.23
AIR108329,2025-03-15,Gujarat,Gujarat City 1,4G,98.42,24.13,1.62,36.8,88,0,3.61
AIR108330,2025-04-15,Gujarat,Gujarat City 2,4G,97.73,49.35,0.43,31.3,58,0,3.86
AIR108331,2025-05-15,Maharashtra,Maharashtra City 2,4G,99.02,45.35,0.46,30.7,52,0,3.53
AIR108332,2025-06-15,Uttar Pradesh,Uttar Pradesh City 3,5G,100,124.14,0.62,17.5,132,0,4.12
AIR108333,2025-07-15,Tamil Nadu,Tamil Nadu City 1,4G,98.41,33.47,1.18,41.4,116,0,3.51
AIR108334,2025-08-15,Delhi,Delhi City 3,4G,96.09,51.7,1.13,36.6,62,0,2.57
AIR108335,2025-09-15,Uttar Pradesh,Uttar Pradesh City 1,4G,99.04,46.72,0.37,34.3,77,0,4.46
AIR108336,2025-10-15,Gujarat,Gujarat City 3,4G,98.32,53.86,0.95,27.7,79,1,2.79
AIR108337,2025-11-15,Uttar Pradesh,Uttar Pradesh City 2,4G,97.68,49.78,0.58,43.9,79,1,3.47
AIR108338,2025-12-15,Karnataka,Karnataka City 3,4G,98.9,31.41,1.3,31.1,144,0,3.34
AIR108339,2025-02-15,Telangana,Telangana City 2,5G,98.35,90.97,0.14,17.8,80,0,3.54
AIR108340,2025-03-15,Telangana,Telangana City 1,5G,99.73,202.53,0.52,20.6,7,1,3.98
AIR108341,2025-04-15,Delhi,Delhi City 1,5G,99.1,230.09,0.89,12.8,54,0,4.17
AIR108342,2025-05-15,Delhi,Delhi City 2,4G,97.77,55.92,1.19,34.2,7,0,3.12
AIR108343,2025-06-15,Tamil Nadu,Tamil Nadu City 1,4G,97.85,62.19,1.06,29.3,68,0,3.55
AIR108344,2025-07-15,Karnataka,Karnataka City 3,4G,97.52,47.85,0.7,48.1,80,1,3.51
AIR108345,2025-08-15,Rajasthan,Rajasthan City 2,4G,97.98,40.12,0.21,27.3,76,0,3.67
AIR108346,2025-09-15,Uttar Pradesh,Uttar Pradesh City 1,4G,98.8,27.19,0.85,46.7,93,0,3.25
AIR108347,2025-10-15,West Bengal,West Bengal City 3,5G,98.8,203.36,0.56,13.6,48,1,3.32
AIR108348,2025-11-15,West Bengal,West Bengal City 3,4G,98.45,52.21,1.49,31.2,35,0,3.47
AIR108349,2025-12-15,Rajasthan,Rajasthan City 1,4G,96.53,56.24,0.87,32.8,11,0,3.26
AIR108350,2025-02-15,Telangana,Telangana City 1,5G,98.88,185.16,0.35,20.8,25,0,4.18
AIR108351,2025-03-15,Rajasthan,Rajasthan City 3,4G,98.54,5,1.78,50.1,48,0,2.74
AIR108352,2025-04-15,Uttar Pradesh,Uttar Pradesh City 2,5G,99.76,126.45,0.82,30.2,99,1,3.86
AIR108353,2025-05-15,Karnataka,Karnataka City 1,5G,99.01,158.57,0.56,24.6,89,1,3.29
AIR108354,2025-06-15,Gujarat,Gujarat City 1,4G,98.95,29.4,1.66,32.5,110,1,3.98
AIR108355,2025-07-15,Maharashtra,Maharashtra City 2,4G,97.3,37.25,1.48,17.3,71,0,3.54
AIR108356,2025-08-15,Gujarat,Gujarat City 2,5G,99.15,170.92,0.88,15,152,1,3.77
AIR108357,2025-09-15,Maharashtra,Maharashtra City 1,4G,98.13,26.26,1.19,38.7,77,0,3.46
AIR108358,2025-10-15,West Bengal,West Bengal City 2,4G,97.75,53.11,0.43,46.9,77,0,4.53
AIR108359,2025-11-15,Delhi,Delhi City 3,5G,99.94,144.09,0.57,11.3,5,0,4.47
AIR108360,2025-12-15,Uttar Pradesh,Uttar Pradesh City 3,4G,98.72,44.39,0.64,28.7,90,0,3.94
AIR108361,2025-02-15,Gujarat,Gujarat City 3,4G,98.26,62.72,1.03,50,17,0,2.92
AIR108362,2025-03-15,Rajasthan,Rajasthan City 1,4G,98.7,51.69,1.06,34.6,125,1,3.41
AIR108363,2025-04-15,Karnataka,Karnataka City 2,5G,98.47,65.5,0.81,10.1,83,0,3.72
AIR108364,2025-05-15,Karnataka,Karnataka City 3,4G,97.59,45.86,0.7,42.4,78,1,2.98
AIR108365,2025-06-15,Telangana,Telangana City 2,4G,97.86,55.38,1.12,37,53,0,3.63
AIR108366,2025-07-15,Karnataka,Karnataka City 3,4G,97.41,50.57,0.29,54.4,87,0,4.16
AIR108367,2025-08-15,Karnataka,Karnataka City 2,4G,97.6,37.36,0.48,34.1,104,1,3
AIR108368,2025-09-15,Delhi,Delhi City 3,5G,98.61,116.08,0.73,28.5,79,0,3.76
AIR108369,2025-10-15,Rajasthan,Rajasthan City 3,5G,99.88,201.48,0.77,31.7,113,0,4.36
AIR108370,2025-11-15,West Bengal,West Bengal City 3,4G,98.29,62.67,0.83,33.2,5,0,3.04
AIR108371,2025-12-15,Karnataka,Karnataka City 3,4G,98.65,73.74,0.98,48.2,101,0,4.01
AIR108372,2025-02-15,West Bengal,West Bengal City 3,4G,99.63,61.57,0.13,59.7,30,1,4.08
AIR108373,2025-03-15,Delhi,Delhi City 3,4G,97.89,30.68,0.93,29.1,121,0,3
AIR108374,2025-04-15,Karnataka,Karnataka City 3,4G,98.87,49.81,1.13,29.1,73,0,3.64
AIR108375,2025-05-15,Uttar Pradesh,Uttar Pradesh City 3,4G,98.7,57.74,0.85,30.4,28,0,4.05
AIR108376,2025-06-15,Telangana,Telangana City 3,4G,97.58,26.01,0.66,40.7,75,1,3.8
AIR108377,2025-07-15,Gujarat,Gujarat City 2,4G,98.11,47.66,1.28,39.4,45,0,3.7
AIR108378,2025-08-15,Uttar Pradesh,Uttar Pradesh City 2,5G,99.6,105.45,0.29,33.8,131,0,4.58
AIR108379,2025-09-15,Kerala,Kerala City 1,5G,98.34,174.18,0.58,7.9,26,0,3.96
AIR108380,2025-10-15,Tamil Nadu,Tamil Nadu City 3,4G,97.29,50.18,0.98,39.3,53,0,2.94
AIR108381,2025-11-15,Karnataka,Karnataka City 2,4G,96.53,33.59,1.48,35.9,45,0,3.16
AIR108382,2025-12-15,West Bengal,West Bengal City 2,5G,99.46,198.62,0.67,18.4,84,0,3.82
AIR108383,2025-02-15,Tamil Nadu,Tamil Nadu City 2,5G,99.19,175.23,0.73,13.2,92,1,3.8
AIR108384,2025-03-15,Maharashtra,Maharashtra City 2,4G,98.42,30.39,0.88,42.4,95,1,3.61
AIR108385,2025-04-15,Karnataka,Karnataka City 2,5G,98.6,175.41,0.83,17.9,51,1,3.57
AIR108386,2025-05-15,Kerala,Kerala City 2,5G,99.03,158.6,0.26,22.5,83,0,4.23
AIR108387,2025-06-15,Delhi,Delhi City 1,4G,98.49,32.42,0.78,45.3,136,0,3.4
AIR108388,2025-07-15,Telangana,Telangana City 2,4G,97.9,46.16,1.22,51.4,5,0,3.39
AIR108389,2025-08-15,Kerala,Kerala City 1,4G,98.06,43.61,0.83,43.4,41,0,3.45
AIR108390,2025-09-15,West Bengal,West Bengal City 1,4G,98.61,66.13,1.18,29.8,66,0,3.24
AIR108391,2025-10-15,Delhi,Delhi City 3,4G,98.42,54.76,1.29,42.8,20,0,3.23
AIR108392,2025-11-15,Gujarat,Gujarat City 3,5G,100,166.84,0.74,26.8,32,0,3.81
AIR108393,2025-12-15,Delhi,Delhi City 3,5G,100,126.76,0.61,26.4,13,1,4.29
AIR108394,2025-02-15,Karnataka,Karnataka City 2,4G,97.71,37.34,1.22,47,99,0,3.03
AIR108395,2025-03-15,Tamil Nadu,Tamil Nadu City 3,4G,97.28,63.94,1.27,16.1,116,0,3.27
AIR108396,2025-04-15,Tamil Nadu,Tamil Nadu City 2,5G,99.47,109.39,0.34,26.3,54,0,3.29
AIR108397,2025-05-15,West Bengal,West Bengal City 2,4G,97.82,47.94,0.95,27.4,50,0,3.41
AIR108398,2025-06-15,Delhi,Delhi City 3,4G,99.36,37.62,1.37,30.9,103,0,3.04
AIR108399,2025-07-15,Kerala,Kerala City 3,5G,98.17,200.04,0.55,19.3,89,0,3.69
AIR108400,2025-08-15,West Bengal,West Bengal City 1,4G,99.27,54.25,0.67,23.8,47,0,4.34
AIR108401,2025-09-15,Telangana,Telangana City 1,4G,97.9,54.13,1.31,37.8,124,0,3.44
AIR108402,2025-10-15,West Bengal,West Bengal City 2,4G,97.69,49.26,0.56,52.3,87,0,2.99
AIR108403,2025-11-15,West Bengal,West Bengal City 2,4G,97.91,40.97,1.04,43.8,32,1,3.69
AIR108404,2025-12-15,Gujarat,Gujarat City 3,4G,98.96,52.52,1.2,42.9,29,0,3.65
AIR108405,2025-02-15,Uttar Pradesh,Uttar Pradesh City 3,4G,99.14,34.77,1.66,43.3,28,0,3.29
AIR108406,2025-03-15,Karnataka,Karnataka City 1,4G,97.99,36.16,1.47,42.4,81,0,3.65
AIR108407,2025-04-15,Gujarat,Gujarat City 3,4G,99.11,63.07,1.03,35.1,5,0,3.27
AIR108408,2025-05-15,Tamil Nadu,Tamil Nadu City 2,4G,98.01,76,0.86,21.6,91,1,3.7
AIR108409,2025-06-15,Tamil Nadu,Tamil Nadu City 3,4G,98.36,42.6,1.28,41.9,81,0,3.55
AIR108410,2025-07-15,Maharashtra,Maharashtra City 1,4G,97.84,58.79,0.76,24.8,58,0,3.86
AIR108411,2025-08-15,Maharashtra,Maharashtra City 2,5G,98.66,173.82,0.66,21.8,45,0,3.93
AIR108412,2025-09-15,Kerala,Kerala City 1,4G,99.7,43.58,0.8,29.1,73,0,3.59
AIR108413,2025-10-15,Tamil Nadu,Tamil Nadu City 1,4G,98.83,42.14,0.92,40.2,118,0,3.85
AIR108414,2025-11-15,Uttar Pradesh,Uttar Pradesh City 2,4G,98.01,62.68,0.92,39.2,134,0,3.01
AIR108415,2025-12-15,Gujarat,Gujarat City 1,4G,96.83,41.7,0.38,44.1,105,0,3.38
AIR108416,2025-02-15,Telangana,Telangana City 3,5G,99.79,188.67,0.43,19.6,97,0,4.15
AIR108417,2025-03-15,Uttar Pradesh,Uttar Pradesh City 3,4G,98.66,58.91,1.08,42.1,63,0,3.44
AIR108418,2025-04-15,Maharashtra,Maharashtra City 1,5G,98.94,243.55,0.76,18.4,63,0,3.36
AIR108419,2025-05-15,Delhi,Delhi City 3,4G,99.6,54.64,1.04,28.6,61,1,3.7
AIR108420,2025-06-15,Uttar Pradesh,Uttar Pradesh City 1,4G,99.33,24.82,1.02,37.8,106,1,3.44
AIR108421,2025-07-15,Uttar Pradesh,Uttar Pradesh City 3,5G,99.29,80.26,0.74,17.9,79,1,3.42
AIR108422,2025-08-15,Uttar Pradesh,Uttar Pradesh City 1,4G,98.32,62.01,1.29,44.8,43,1,2.89
AIR108423,2025-09-15,Uttar Pradesh,Uttar Pradesh City 3,4G,98.38,47.55,1.09,47.4,108,1,3.3
AIR108424,2025-10-15,Uttar Pradesh,Uttar Pradesh City 2,5G,99.08,122.08,1.07,29,5,1,3.2
AIR108425,2025-11-15,Maharashtra,Maharashtra City 2,5G,98.82,148.13,0.9,8.9,95,0,4.01
AIR108426,2025-12-15,Tamil Nadu,Tamil Nadu City 3,4G,97.7,41.17,1.53,34,49,1,3.83
AIR108427,2025-02-15,West Bengal,West Bengal City 1,4G,98.1,32.59,0.94,35.3,123,0,3.4
AIR108428,2025-03-15,Uttar Pradesh,Uttar Pradesh City 3,4G,98.33,28.14,1.13,30.6,111,0,4.03
AIR108429,2025-04-15,Uttar Pradesh,Uttar Pradesh City 1,4G,97.7,47.37,1.22,46.8,5,1,3.08
AIR108430,2025-05-15,Karnataka,Karnataka City 3,4G,98.78,53.32,1.34,47.2,62,1,3.32
AIR108431,2025-06-15,Tamil Nadu,Tamil Nadu City 3,5G,98.86,167.74,1.12,15.5,60,1,2.85
AIR108432,2025-07-15,West Bengal,West Bengal City 2,4G,97.8,20.14,1.25,26.7,125,0,2.66
AIR108433,2025-08-15,Telangana,Telangana City 1,5G,99.85,198.76,0.54,20.3,72,0,3.86
AIR108434,2025-09-15,Telangana,Telangana City 1,4G,98.7,60.85,0.05,58.7,76,0,3.97
AIR108435,2025-10-15,Delhi,Delhi City 1,4G,98.28,34.58,1.21,36,211,0,3.13
AIR108436,2025-11-15,Rajasthan,Rajasthan City 1,5G,99.43,139.17,1.13,7.9,66,0,4.61
AIR108437,2025-12-15,Gujarat,Gujarat City 1,4G,97.95,66.56,0.86,27.3,107,0,3.45
AIR108438,2025-02-15,Karnataka,Karnataka City 2,4G,97.92,34.98,0.91,29.1,73,0,3.7
AIR108439,2025-03-15,Tamil Nadu,Tamil Nadu City 3,4G,98.88,51.65,0.9,29.4,77,1,3.42
AIR108440,2025-04-15,Tamil Nadu,Tamil Nadu City 1,5G,99.64,198.3,0.92,25.3,74,1,4.26
AIR108441,2025-05-15,Rajasthan,Rajasthan City 1,4G,98.08,31.72,1.29,34.5,55,0,3.2
AIR108442,2025-06-15,Delhi,Delhi City 3,4G,98.5,37.77,1.18,46.5,55,0,3.92
AIR108443,2025-07-15,Kerala,Kerala City 2,4G,98.7,27.2,1.25,46.1,86,1,3.56
AIR108444,2025-08-15,Maharashtra,Maharashtra City 2,4G,97.28,39.59,1.27,45.7,79,0,2.79
AIR108445,2025-09-15,Delhi,Delhi City 2,5G,98.89,123.87,0.59,22.1,58,0,3.53
AIR108446,2025-10-15,West Bengal,West Bengal City 3,4G,98.56,43.86,1.23,45.7,61,0,3.83
AIR108447,2025-11-15,Delhi,Delhi City 3,4G,98.62,64.52,1.06,31.6,48,0,3.5
AIR108448,2025-12-15,Rajasthan,Rajasthan City 2,4G,97.99,39.88,0.82,34.1,77,0,3.37
AIR108449,2025-02-15,Rajasthan,Rajasthan City 2,5G,99.42,172.99,0.65,6.2,99,1,4.37
AIR108450,2025-03-15,Gujarat,Gujarat City 3,5G,99.15,173.15,0.83,23.3,91,0,3.47
AIR108451,2025-04-15,Karnataka,Karnataka City 2,5G,99.29,171.29,0.9,18.8,41,0,4.27
AIR108452,2025-05-15,Uttar Pradesh,Uttar Pradesh City 1,4G,98.87,44.66,1.09,41.8,111,0,3.55
AIR108453,2025-06-15,Telangana,Telangana City 3,4G,96.53,64.56,1.39,40.8,103,0,3.08
AIR108454,2025-07-15,Rajasthan,Rajasthan City 2,4G,98.23,39.58,0.87,36.3,77,0,3.58
AIR108455,2025-08-15,Gujarat,Gujarat City 1,5G,98.97,186.73,0.8,7.2,84,1,3.48
AIR108456,2025-09-15,Maharashtra,Maharashtra City 3,5G,99.43,94.37,0.91,20.4,109,1,4.49
AIR108457,2025-10-15,Telangana,Telangana City 3,5G,99.03,187.92,0.41,12.1,63,0,3.21
AIR108458,2025-11-15,Kerala,Kerala City 1,4G,97.42,61.81,0.93,45.2,55,0,2.97
AIR108459,2025-12-15,Tamil Nadu,Tamil Nadu City 3,4G,98.31,47.8,0.67,42.1,88,0,3.78
AIR108460,2025-02-15,Maharashtra,Maharashtra City 2,4G,97.61,39.24,1.75,19.5,134,0,3.2
AIR108461,2025-03-15,Kerala,Kerala City 3,5G,99.17,133.15,0.82,22.5,84,1,2.83
AIR108462,2025-04-15,Telangana,Telangana City 2,4G,98.15,51.51,0.59,63.6,92,0,4.1
AIR108463,2025-05-15,Maharashtra,Maharashtra City 1,5G,99.08,263.39,0.73,19.4,79,1,3.77
AIR108464,2025-06-15,Gujarat,Gujarat City 1,4G,98.14,44.77,1.21,28.8,92,0,3.5
AIR108465,2025-07-15,Kerala,Kerala City 3,4G,98.12,35.76,1.03,39.1,12,0,3.14
AIR108466,2025-08-15,Tamil Nadu,Tamil Nadu City 1,4G,98.35,27.64,1.9,41.8,43,0,2.96
AIR108467,2025-09-15,Uttar Pradesh,Uttar Pradesh City 1,4G,97.45,45.2,0.96,31.8,104,1,3.15
AIR108468,2025-10-15,Gujarat,Gujarat City 3,4G,98.88,47.5,0.9,50.3,18,0,3.85
AIR108469,2025-11-15,West Bengal,West Bengal City 2,4G,98.8,38.92,1.39,30.5,82,1,3.26
AIR108470,2025-12-15,Tamil Nadu,Tamil Nadu City 3,4G,98.16,52.27,0.68,47.7,90,1,3.2
AIR108471,2025-02-15,Karnataka,Karnataka City 3,4G,98.46,47.66,1.37,27.8,83,0,4.2
AIR108472,2025-03-15,Delhi,Delhi City 2,5G,99.59,172.53,0.67,13.8,33,0,4.21
AIR108473,2025-04-15,Karnataka,Karnataka City 2,5G,99.58,118.54,0.55,24.6,93,0,4.1
AIR108474,2025-05-15,Rajasthan,Rajasthan City 2,4G,98.6,35.75,0.92,56,26,0,3.74
AIR108475,2025-06-15,Uttar Pradesh,Uttar Pradesh City 3,4G,98.57,41.38,0.57,41.9,66,0,3.12
AIR108476,2025-07-15,West Bengal,West Bengal City 2,4G,98.42,54.97,1.32,37.1,57,0,3.4
AIR108477,2025-08-15,West Bengal,West Bengal City 1,5G,99.08,167.48,0.16,23.4,55,0,4.28
AIR108478,2025-09-15,Delhi,Delhi City 2,4G,96.48,59.92,1.42,35.7,36,1,3.34
AIR108479,2025-10-15,Kerala,Kerala City 1,4G,97.29,34.71,0.68,37,81,0,3.41
AIR108480,2025-11-15,Delhi,Delhi City 2,5G,99.01,177.7,0.65,13.7,96,1,3.91
AIR108481,2025-12-15,Rajasthan,Rajasthan City 1,4G,97.35,53.83,1.34,42.5,84,0,3.33
AIR108482,2025-02-15,Karnataka,Karnataka City 1,5G,98.15,142.1,0.75,32.2,106,0,3.3
AIR108483,2025-03-15,West Bengal,West Bengal City 1,4G,97.55,63.27,1.02,40.7,30,0,2.9
AIR108484,2025-04-15,Karnataka,Karnataka City 1,4G,98.38,43.66,1.51,28.3,135,0,2.97
AIR108485,2025-05-15,Tamil Nadu,Tamil Nadu City 1,4G,95.65,58.94,1.14,22.9,46,0,3.32
AIR108486,2025-06-15,Uttar Pradesh,Uttar Pradesh City 2,5G,99.66,141.1,0.54,24.4,71,0,3.86
AIR108487,2025-07-15,Maharashtra,Maharashtra City 3,5G,99.01,166.83,1.19,16.2,75,1,3.62
AIR108488,2025-08-15,Rajasthan,Rajasthan City 3,4G,97.42,53.24,1.22,39.1,11,0,3.03
AIR108489,2025-09-15,Maharashtra,Maharashtra City 3,4G,98.92,47.73,1.04,31.5,42,1,3.18
AIR108490,2025-10-15,Rajasthan,Rajasthan City 3,4G,99.55,37.73,0.83,30.9,109,1,4.16
AIR108491,2025-11-15,Telangana,Telangana City 3,5G,99.34,68.12,0.42,21.6,18,0,4.1
AIR108492,2025-12-15,Uttar Pradesh,Uttar Pradesh City 1,4G,97.67,50.12,0.79,29,50,1,3.14
AIR108493,2025-02-15,Tamil Nadu,Tamil Nadu City 2,5G,99.41,123.67,0.63,27.3,72,1,4.21
AIR108494,2025-03-15,Uttar Pradesh,Uttar Pradesh City 1,4G,96.78,43.46,1.6,45.3,73,0,2.77
AIR108495,2025-04-15,Kerala,Kerala City 2,4G,98.28,49.94,0.96,40.5,84,0,3.31
AIR108496,2025-05-15,Rajasthan,Rajasthan City 2,4G,97.34,45.22,0.29,36.6,89,0,3.12
AIR108497,2025-06-15,Maharashtra,Maharashtra City 2,5G,99.81,174.58,0.81,23,27,0,4.07
AIR108498,2025-07-15,Rajasthan,Rajasthan City 2,5G,99.61,174.07,0.21,14.6,71,0,3.95
AIR108499,2025-08-15,Kerala,Kerala City 3,4G,98.14,46.27,0.89,20.9,38,0,2.84
AIR108500,2025-09-15,Rajasthan,Rajasthan City 2,4G,99.09,34.42,1.12,29.7,128,0,3.82
AIR108501,2025-10-15,Uttar Pradesh,Uttar Pradesh City 2,4G,98.46,50.25,0.57,50.1,77,0,3.22
AIR108502,2025-11-15,Gujarat,Gujarat City 3,4G,98.44,33.68,1.44,19.2,129,0,3.63
AIR108503,2025-12-15,Rajasthan,Rajasthan City 1,5G,99.73,236.93,0.16,10.5,66,0,4.5
AIR108504,2025-02-15,Telangana,Telangana City 1,4G,98.9,37.48,0.89,46.6,52,1,4.2
AIR108505,2025-03-15,Telangana,Telangana City 1,5G,99.51,202.78,0.45,16.9,131,1,4.22
AIR108506,2025-04-15,West Bengal,West Bengal City 1,5G,98.89,167.45,0.62,28.7,62,0,3.69
AIR108507,2025-05-15,Telangana,Telangana City 2,5G,99.44,166.47,0.49,9.6,56,1,4
AIR108508,2025-06-15,Rajasthan,Rajasthan City 3,5G,99.78,163.69,0.92,17.8,69,0,3.87
AIR108509,2025-07-15,Rajasthan,Rajasthan City 3,4G,99.17,56.97,1.13,31.8,82,0,3.6
AIR108510,2025-08-15,Gujarat,Gujarat City 1,5G,98.76,145.04,0.77,23.2,54,0,3.62
AIR108511,2025-09-15,Telangana,Telangana City 3,4G,98.05,47.55,0.69,46,119,1,3.29
AIR108512,2025-10-15,Karnataka,Karnataka City 2,4G,97.53,62.16,1.11,41.9,51,1,3.17
AIR108513,2025-11-15,Rajasthan,Rajasthan City 1,5G,98.78,112.35,0.7,24,66,1,3.71
AIR108514,2025-12-15,Tamil Nadu,Tamil Nadu City 2,4G,97.79,38.9,0.76,43.2,43,0,3.12
AIR108515,2025-02-15,Tamil Nadu,Tamil Nadu City 2,5G,98.35,132.4,0.44,16.2,110,1,3.81
AIR108516,2025-03-15,Maharashtra,Maharashtra City 2,5G,98.94,127.28,0.07,18.8,19,0,3.35
AIR108517,2025-04-15,Gujarat,Gujarat City 2,5G,99.27,54.54,0.63,11.2,68,0,4.01
AIR108518,2025-05-15,Kerala,Kerala City 2,4G,98.55,59.03,1.71,23.4,110,0,3.44
AIR108519,2025-06-15,Karnataka,Karnataka City 1,5G,98.79,172.84,0.09,21.5,36,1,3.76
AIR108520,2025-07-15,Rajasthan,Rajasthan City 2,4G,99.29,16.44,1.37,31.5,107,0,3.88
AIR108521,2025-08-15,Uttar Pradesh,Uttar Pradesh City 1,5G,99.58,211.18,0.68,19.3,49,1,3.9
AIR108522,2025-09-15,Delhi,Delhi City 3,4G,97.55,42.65,1.09,30.4,44,0,3.12
AIR108523,2025-10-15,Delhi,Delhi City 2,4G,98.28,34.66,0.97,23.5,67,0,3.61
AIR108524,2025-11-15,Kerala,Kerala City 2,4G,97.86,50.55,0.97,41.7,152,0,3.54
AIR108525,2025-12-15,West Bengal,West Bengal City 3,4G,96.48,33.14,0.8,39.6,176,1,3.3
AIR108526,2025-02-15,Uttar Pradesh,Uttar Pradesh City 1,4G,100,42.47,1.04,39.5,93,1,3.66
AIR108527,2025-03-15,Delhi,Delhi City 2,4G,97.31,55.32,1.09,37,115,1,3.67
AIR108528,2025-04-15,Kerala,Kerala City 3,4G,96.72,47.35,1.14,34.7,138,0,2.93
AIR108529,2025-05-15,Delhi,Delhi City 3,5G,99.15,186.44,0.44,26.7,83,1,3.69
AIR108530,2025-06-15,Gujarat,Gujarat City 2,4G,98.03,63.65,0.55,60.2,110,0,3.18
AIR108531,2025-07-15,Maharashtra,Maharashtra City 1,4G,99,43.11,0.93,40.8,111,1,3.14
AIR108532,2025-08-15,West Bengal,West Bengal City 1,4G,97.63,49.06,0.93,38.1,63,0,2.91
AIR108533,2025-09-15,Gujarat,Gujarat City 2,5G,99.17,180.41,0.82,16.8,82,0,3.99
AIR108534,2025-10-15,Uttar Pradesh,Uttar Pradesh City 3,4G,98.48,33.21,0.97,34,146,1,2.73
AIR108535,2025-11-15,Kerala,Kerala City 2,4G,97.94,27.29,1.69,53.7,76,1,2.93
AIR108536,2025-12-15,Karnataka,Karnataka City 1,4G,97.37,36.01,1.07,41.4,36,0,3.05
AIR108537,2025-02-15,Uttar Pradesh,Uttar Pradesh City 3,4G,98.88,65.13,1.06,26.4,138,0,3.48
AIR108538,2025-03-15,Uttar Pradesh,Uttar Pradesh City 2,4G,98.32,41.95,1.28,26.8,91,0,3.04
AIR108539,2025-04-15,Telangana,Telangana City 3,4G,98.2,54.3,1.37,34.1,89,1,4.01
AIR108540,2025-05-15,Karnataka,Karnataka City 1,5G,98.89,168.74,1.08,11,65,0,3.44
AIR108541,2025-06-15,Tamil Nadu,Tamil Nadu City 1,4G,98.44,41.64,0.67,36.5,121,0,3.35
AIR108542,2025-07-15,Telangana,Telangana City 1,4G,97.58,72.06,1.02,20.6,50,0,3.45
AIR108543,2025-08-15,Kerala,Kerala City 2,4G,99.02,43.06,0.69,43,91,0,3.53
AIR108544,2025-09-15,Tamil Nadu,Tamil Nadu City 3,4G,99.27,34.98,0.99,29.4,74,0,3.25
AIR108545,2025-10-15,Delhi,Delhi City 2,5G,99.78,91.81,0.67,26.7,64,0,4.46
AIR108546,2025-11-15,Delhi,Delhi City 2,4G,98.03,25.64,1.08,44.3,39,0,3.01
AIR108547,2025-12-15,Uttar Pradesh,Uttar Pradesh City 2,5G,99.84,131.72,0.36,17.1,61,0,4.17
AIR108548,2025-02-15,Telangana,Telangana City 2,5G,99.43,169.24,0.82,15.4,101,0,3.45
AIR108549,2025-03-15,Rajasthan,Rajasthan City 3,4G,98.53,48.45,1.78,48.6,5,0,2.59
AIR108550,2025-04-15,Karnataka,Karnataka City 3,5G,99.5,131.44,0.73,31.6,92,1,3.79
AIR108551,2025-05-15,Tamil Nadu,Tamil Nadu City 2,4G,97.64,42.85,0.56,24.7,88,0,3.68
AIR108552,2025-06-15,Karnataka,Karnataka City 2,4G,100,29.78,0.89,26.2,104,0,3.55
AIR108553,2025-07-15,Telangana,Telangana City 1,4G,97.68,56.29,1.13,30,50,0,3.22
AIR108554,2025-08-15,Uttar Pradesh,Uttar Pradesh City 1,4G,99.14,65.16,0.53,44,38,1,4
AIR108555,2025-09-15,Gujarat,Gujarat City 3,4G,97.34,27.6,0.7,49.1,73,0,3.19
AIR108556,2025-10-15,Delhi,Delhi City 1,4G,97.64,50.36,1.16,39.4,31,1,3.11
AIR108557,2025-11-15,Tamil Nadu,Tamil Nadu City 3,4G,97.77,23.91,1.07,28.3,50,1,3.6
AIR108558,2025-12-15,Tamil Nadu,Tamil Nadu City 3,4G,98.64,37.67,1.23,30.7,91,0,3.16
AIR108559,2025-02-15,Kerala,Kerala City 3,4G,98.41,71.46,0.57,36.7,119,0,3.98
AIR108560,2025-03-15,Tamil Nadu,Tamil Nadu City 1,4G,100,57.49,1.37,54.9,112,0,3.32
AIR108561,2025-04-15,Telangana,Telangana City 1,4G,96.83,50.31,0.73,54.5,85,0,2.97
AIR108562,2025-05-15,Tamil Nadu,Tamil Nadu City 3,4G,96.77,23.82,0.73,25.8,48,0,3.88
AIR108563,2025-06-15,Tamil Nadu,Tamil Nadu City 3,4G,97.72,56.19,1.61,29.8,11,0,2.88
AIR108564,2025-07-15,Karnataka,Karnataka City 2,4G,98.45,48.2,1.51,50.2,43,1,3.29
AIR108565,2025-08-15,Uttar Pradesh,Uttar Pradesh City 3,4G,98.52,40.93,1.28,25.3,142,0,3.87
AIR108566,2025-09-15,Maharashtra,Maharashtra City 3,4G,98.13,32.61,1.27,24.5,10,0,2.97
AIR108567,2025-10-15,Tamil Nadu,Tamil Nadu City 2,4G,97.4,31.48,0.53,38.8,50,1,3.08
AIR108568,2025-11-15,Rajasthan,Rajasthan City 3,5G,99.21,152.58,0.82,19.6,82,1,3.98
AIR108569,2025-12-15,Uttar Pradesh,Uttar Pradesh City 3,4G,97.43,52.78,1.1,49.2,84,0,3.42
AIR108570,2025-02-15,West Bengal,West Bengal City 3,4G,98.17,43.69,1.73,37.8,91,0,2.84
AIR108571,2025-03-15,Kerala,Kerala City 2,4G,98.92,45.96,1.55,51.2,68,0,3.46
AIR108572,2025-04-15,Karnataka,Karnataka City 1,4G,96.43,59.65,0.99,37.5,73,0,3.74
AIR108573,2025-05-15,Kerala,Kerala City 3,4G,99.08,29.02,0.71,42.3,5,1,3.39
AIR108574,2025-06-15,Gujarat,Gujarat City 2,4G,96.71,21.36,0.76,28.8,89,0,3.13
AIR108575,2025-07-15,Tamil Nadu,Tamil Nadu City 3,4G,97.29,54.42,1.15,41.9,41,0,3.43
AIR108576,2025-08-15,Delhi,Delhi City 2,4G,100,30.22,1.08,24,5,0,4.3
AIR108577,2025-09-15,Rajasthan,Rajasthan City 3,5G,99.4,144.87,1.05,27.7,104,0,4.38
AIR108578,2025-10-15,Karnataka,Karnataka City 2,4G,98.99,41.16,1.04,47.7,40,1,3.59
AIR108579,2025-11-15,Kerala,Kerala City 1,4G,99.32,43.25,0.91,25.5,72,0,3.83
AIR108580,2025-12-15,Tamil Nadu,Tamil Nadu City 1,5G,99.15,177.13,0.61,19,93,0,3.79
AIR108581,2025-02-15,Delhi,Delhi City 1,4G,96.85,43.82,1.32,48.4,16,0,3.77
AIR108582,2025-03-15,Delhi,Delhi City 3,5G,99.08,244.45,0.57,34.6,22,1,3.46
AIR108583,2025-04-15,Gujarat,Gujarat City 2,4G,97.41,41.25,1.3,31.8,137,1,3.42
AIR108584,2025-05-15,Uttar Pradesh,Uttar Pradesh City 3,4G,98.48,47.59,0.8,31.6,105,1,3.36
AIR108585,2025-06-15,Rajasthan,Rajasthan City 3,4G,97.67,55.86,1.32,39.2,47,0,3.02
AIR108586,2025-07-15,Maharashtra,Maharashtra City 2,5G,99.44,111.09,0.98,22.8,60,0,3.88
AIR108587,2025-08-15,Rajasthan,Rajasthan City 3,4G,98.69,60.24,1.35,35.6,65,1,3.12
AIR108588,2025-09-15,Gujarat,Gujarat City 2,5G,99.5,146.16,0.85,15.5,100,1,4.1
AIR108589,2025-10-15,Telangana,Telangana City 2,4G,98.15,51.76,1.54,34.9,79,0,3
AIR108590,2025-11-15,Uttar Pradesh,Uttar Pradesh City 1,4G,98.51,65.56,0.94,35.1,54,1,3.45
AIR108591,2025-12-15,Karnataka,Karnataka City 1,5G,98.47,161.63,0.49,22,74,1,3.55
AIR108592,2025-02-15,Uttar Pradesh,Uttar Pradesh City 1,4G,97.48,63.29,0.91,35.4,5,1,3.53
AIR108593,2025-03-15,Gujarat,Gujarat City 2,5G,98.65,199.93,0.39,25.7,66,1,3.68
AIR108594,2025-04-15,Gujarat,Gujarat City 1,4G,97.77,46.33,1.86,13.2,56,1,3.76
AIR108595,2025-05-15,Karnataka,Karnataka City 2,5G,100,142.66,0.47,19.4,98,0,3.83
AIR108596,2025-06-15,Karnataka,Karnataka City 3,4G,98.86,32.77,1.03,49,70,0,2.89
AIR108597,2025-07-15,Karnataka,Karnataka City 1,4G,97.66,18.37,0.7,34.5,29,0,4.25
AIR108598,2025-08-15,Uttar Pradesh,Uttar Pradesh City 2,5G,99.51,130.57,0.87,8.4,119,0,4.09
AIR108599,2025-09-15,Tamil Nadu,Tamil Nadu City 2,4G,98.78,56.51,0.96,45.7,77,0,3.88
AIR108600,2025-10-15,Kerala,Kerala City 2,4G,98.39,40.58,1.06,19.7,55,1,3.44
AIR108601,2025-11-15,West Bengal,West Bengal City 2,4G,97.92,42.32,0.77,37.4,85,0,3.99
AIR108602,2025-12-15,Karnataka,Karnataka City 1,4G,98.31,54.06,0.61,33.7,90,0,3.45
AIR108603,2025-02-15,Kerala,Kerala City 1,5G,99.78,92.69,0.46,25.3,127,0,4.81
AIR108604,2025-03-15,West Bengal,West Bengal City 1,4G,97.36,39.75,1.36,38.8,86,0,3.07
AIR108605,2025-04-15,Uttar Pradesh,Uttar Pradesh City 2,4G,97.92,55.24,0.79,32.8,52,1,4.24
AIR108606,2025-05-15,Kerala,Kerala City 3,4G,97.89,56.34,1.07,38.2,49,0,3.55
AIR108607,2025-06-15,Karnataka,Karnataka City 2,5G,99.28,147.44,0.36,16,5,1,3.77
AIR108608,2025-07-15,Maharashtra,Maharashtra City 3,4G,97.07,35.5,0.97,37.3,55,1,2.97
AIR108609,2025-08-15,Gujarat,Gujarat City 1,4G,98.19,54.73,1.24,36.9,84,0,3.17
AIR108610,2025-09-15,Kerala,Kerala City 2,4G,96.22,48.64,1.18,46.2,68,0,3.27
AIR108611,2025-10-15,Delhi,Delhi City 2,4G,98.2,33.9,1.58,58.7,23,0,3.63
AIR108612,2025-11-15,Delhi,Delhi City 1,5G,99.36,156.78,0.05,29.7,99,0,3.64
AIR108613,2025-12-15,Kerala,Kerala City 2,4G,98.07,39.74,0.86,42.7,65,1,3.55
AIR108614,2025-02-15,Karnataka,Karnataka City 3,4G,98.28,61.62,1.02,22.1,73,0,3.71
AIR108615,2025-03-15,Rajasthan,Rajasthan City 3,4G,98.7,33.07,1.11,39.5,20,0,3.86
AIR108616,2025-04-15,Karnataka,Karnataka City 3,5G,98.13,82.43,0.65,21.5,92,0,3.13
AIR108617,2025-05-15,Uttar Pradesh,Uttar Pradesh City 2,4G,97.83,60.6,0.81,36.8,65,1,3.09
AIR108618,2025-06-15,Karnataka,Karnataka City 2,4G,98.26,53.06,0.96,27.4,103,0,3.82
AIR108619,2025-07-15,Uttar Pradesh,Uttar Pradesh City 3,4G,97.36,39.07,0.85,47,85,0,3.05
AIR108620,2025-08-15,Rajasthan,Rajasthan City 2,5G,98.83,144.39,0.23,19.4,19,0,4.39
AIR108621,2025-09-15,Maharashtra,Maharashtra City 3,4G,98.4,44.77,1.19,41.9,54,1,2.8
AIR108622,2025-10-15,Uttar Pradesh,Uttar Pradesh City 1,4G,97.93,37.42,0.99,32.1,95,0,3.21
AIR108623,2025-11-15,Telangana,Telangana City 3,4G,97.35,39.88,1.24,18.9,116,0,3.59
AIR108624,2025-12-15,Delhi,Delhi City 1,4G,96.98,26.41,1.35,40.4,87,0,3.06
AIR108625,2025-02-15,Gujarat,Gujarat City 1,5G,99.1,91.35,0.92,18.4,54,0,3.52
AIR108626,2025-03-15,Delhi,Delhi City 1,4G,98.56,35.85,1.37,38.9,38,0,3.21
AIR108627,2025-04-15,Uttar Pradesh,Uttar Pradesh City 3,5G,99.82,105.1,0.49,8.1,100,0,4.16
AIR108628,2025-05-15,Telangana,Telangana City 3,4G,97.08,42.48,1.16,38.4,124,0,2.76
AIR108629,2025-06-15,Tamil Nadu,Tamil Nadu City 2,4G,98.51,27.66,0.36,53.5,88,1,3.82
AIR108630,2025-07-15,Maharashtra,Maharashtra City 2,4G,97.35,40.44,1.16,37.1,67,1,3.62
AIR108631,2025-08-15,Maharashtra,Maharashtra City 1,5G,100,118.23,0.57,17,99,0,4.28
AIR108632,2025-09-15,Tamil Nadu,Tamil Nadu City 3,4G,97.96,39.32,1.66,43.3,68,0,3.19
AIR108633,2025-10-15,Gujarat,Gujarat City 2,5G,98.67,129.88,0.77,9.1,112,0,3.84
AIR108634,2025-11-15,Rajasthan,Rajasthan City 2,4G,98.44,49.26,0.49,35.3,82,0,3.23
AIR108635,2025-12-15,West Bengal,West Bengal City 2,4G,98.13,51.66,1.42,32.8,65,1,3.38
AIR108636,2025-02-15,Telangana,Telangana City 3,5G,99.01,113.65,0.52,23.1,76,0,3.97
AIR108637,2025-03-15,Uttar Pradesh,Uttar Pradesh City 2,5G,98.96,185.57,0.8,20.7,142,0,4.07
AIR108638,2025-04-15,West Bengal,West Bengal City 1,4G,99.53,37.48,0.97,27,154,1,4.02
AIR108639,2025-05-15,Gujarat,Gujarat City 3,4G,97.89,54.29,1.46,50.8,117,0,3.08
AIR108640,2025-06-15,Rajasthan,Rajasthan City 2,4G,98.89,47.73,1.74,37.5,45,0,3.44
AIR108641,2025-07-15,Maharashtra,Maharashtra City 2,4G,97.67,42.8,1.72,25.9,72,0,3.52
AIR108642,2025-08-15,Uttar Pradesh,Uttar Pradesh City 3,4G,98.37,43.13,1.07,40.2,80,0,3.28
AIR108643,2025-09-15,Uttar Pradesh,Uttar Pradesh City 2,4G,97.81,59.99,1.51,36.1,50,0,3.48
AIR108644,2025-10-15,Rajasthan,Rajasthan City 2,4G,99.08,63.8,1.39,28.1,75,0,4.14
AIR108645,2025-11-15,Delhi,Delhi City 1,4G,98.96,42.73,1.12,34.7,44,0,3.86
AIR108646,2025-12-15,Telangana,Telangana City 3,5G,99.57,220.49,0.71,12.2,31,0,3.79
AIR108647,2025-02-15,Rajasthan,Rajasthan City 2,4G,98.47,19.17,0.61,32.2,74,0,4.12
AIR108648,2025-03-15,Karnataka,Karnataka City 3,4G,98.75,50.04,0.88,46.5,156,0,4.01
AIR108649,2025-04-15,Karnataka,Karnataka City 3,5G,99.67,133.15,0.74,12.1,76,1,4.17
AIR108650,2025-05-15,Rajasthan,Rajasthan City 1,4G,98.28,56,1.43,25.2,74,0,3.12
AIR108651,2025-06-15,Maharashtra,Maharashtra City 1,4G,98.64,56.58,0.92,36.2,76,0,3.92
AIR108652,2025-07-15,Rajasthan,Rajasthan City 3,4G,99.44,43.53,0.62,42.1,77,0,3.9
AIR108653,2025-08-15,Kerala,Kerala City 1,4G,98.05,28.96,1.28,48.3,27,1,3.25
AIR108654,2025-09-15,Gujarat,Gujarat City 1,5G,99.68,145.47,0.88,16.9,131,0,3.35
AIR108655,2025-10-15,Karnataka,Karnataka City 2,4G,97.88,36.09,1.67,30.1,110,0,3.04
AIR108656,2025-11-15,West Bengal,West Bengal City 1,4G,99.28,61.88,0.61,40.4,18,1,4
AIR108657,2025-12-15,Rajasthan,Rajasthan City 1,4G,98,53.53,1.28,36,97,1,4.06
AIR108658,2025-02-15,Karnataka,Karnataka City 2,5G,98.68,92.18,0.55,23.4,81,1,3.8
AIR108659,2025-03-15,Gujarat,Gujarat City 2,5G,99.39,156.76,0.25,29.3,106,1,3.36
AIR108660,2025-04-15,Gujarat,Gujarat City 3,4G,99,36.93,1.23,42.8,50,0,2.87
AIR108661,2025-05-15,West Bengal,West Bengal City 1,4G,98,9.67,1.25,48.9,83,0,3.46
AIR108662,2025-06-15,Uttar Pradesh,Uttar Pradesh City 2,4G,98.86,28.11,1.04,31.3,58,0,3.11
AIR108663,2025-07-15,Kerala,Kerala City 1,4G,98.55,26.27,0.73,64.5,103,0,3.25
AIR108664,2025-08-15,Rajasthan,Rajasthan City 3,4G,96.96,56,0.97,47.8,85,1,2.7
AIR108665,2025-09-15,Tamil Nadu,Tamil Nadu City 1,4G,97.27,37.66,0.76,47.1,105,1,3.61
AIR108666,2025-10-15,Rajasthan,Rajasthan City 1,5G,98.09,136.94,0.85,20.7,68,1,3.75
AIR108667,2025-11-15,Uttar Pradesh,Uttar Pradesh City 1,4G,98.48,44.88,0.99,26,39,0,3.35
AIR108668,2025-12-15,Telangana,Telangana City 2,4G,97.72,71.4,1.41,50.1,124,0,3.65
AIR108669,2025-02-15,Delhi,Delhi City 2,5G,99.69,73.38,0.74,18.2,96,0,3.53
AIR108670,2025-03-15,Maharashtra,Maharashtra City 3,4G,97.78,37.91,1.37,31.8,44,1,3.54
AIR108671,2025-04-15,Uttar Pradesh,Uttar Pradesh City 1,4G,97.48,37.07,1.02,58.9,103,1,2.88
AIR108672,2025-05-15,Gujarat,Gujarat City 3,4G,97.85,39.64,1.45,28,67,0,3.13
AIR108673,2025-06-15,Tamil Nadu,Tamil Nadu City 3,4G,98.45,50.09,1.45,36.3,63,0,2.93
AIR108674,2025-07-15,Maharashtra,Maharashtra City 2,5G,99.26,180.69,0.49,15.4,13,1,3.94
AIR108675,2025-08-15,Karnataka,Karnataka City 1,5G,99.11,190.52,0.84,21.4,105,0,3.94
AIR108676,2025-09-15,Rajasthan,Rajasthan City 1,4G,99.38,45.64,0.05,46.9,107,0,4.01
AIR108677,2025-10-15,Maharashtra,Maharashtra City 3,5G,99.47,104.34,0.4,21.3,76,1,4.03
AIR108678,2025-11-15,Karnataka,Karnataka City 1,5G,99.41,98.39,0.63,14.1,67,1,3.98
AIR108679,2025-12-15,Delhi,Delhi City 2,4G,97.87,37.92,1.01,48.4,52,0,3.3
AIR108680,2025-02-15,Karnataka,Karnataka City 3,5G,98.79,153.83,0.7,31.7,36,0,4.5
AIR108681,2025-03-15,Tamil Nadu,Tamil Nadu City 3,4G,97.48,18.39,0.67,38,116,1,3.13
AIR108682,2025-04-15,Gujarat,Gujarat City 2,4G,98.13,41.91,1.81,56,52,0,2.87
AIR108683,2025-05-15,Uttar Pradesh,Uttar Pradesh City 2,4G,96.97,34.26,1.62,41,111,0,2.69
AIR108684,2025-06-15,West Bengal,West Bengal City 2,4G,98.51,22.72,1.02,33.7,90,0,3.18
AIR108685,2025-07-15,Uttar Pradesh,Uttar Pradesh City 2,5G,98.5,135.08,0.8,12.2,50,0,3.45
AIR108686,2025-08-15,Uttar Pradesh,Uttar Pradesh City 2,5G,98.92,106.72,1.01,10.9,60,0,3.66
AIR108687,2025-09-15,Karnataka,Karnataka City 2,5G,98.45,180.32,0.38,11.6,50,0,4.31
AIR108688,2025-10-15,Rajasthan,Rajasthan City 3,4G,98.46,45.71,0.79,48.6,24,0,4.09
AIR108689,2025-11-15,Maharashtra,Maharashtra City 1,4G,97.36,27.3,0.73,43.6,100,1,3.13
AIR108690,2025-12-15,West Bengal,West Bengal City 1,4G,97.86,36.5,0.24,39.5,30,1,3.94
AIR108691,2025-02-15,West Bengal,West Bengal City 3,4G,98.22,35.89,0.88,51.3,89,0,3.74
AIR108692,2025-03-15,Maharashtra,Maharashtra City 1,4G,98.01,42.09,1.34,42.9,70,0,3.71
AIR108693,2025-04-15,Maharashtra,Maharashtra City 1,4G,97.44,68.91,1.13,37.2,21,0,2.89
AIR108694,2025-05-15,Gujarat,Gujarat City 3,4G,97.65,64.97,1.12,55.1,83,1,3.6
AIR108695,2025-06-15,Tamil Nadu,Tamil Nadu City 1,4G,98.52,26.26,0.52,21.9,48,1,3.64
AIR108696,2025-07-15,Delhi,Delhi City 1,4G,98.73,45.28,0.58,35.2,137,1,4.23
AIR108697,2025-08-15,Tamil Nadu,Tamil Nadu City 3,4G,97.85,36.73,0.59,29.5,75,0,3.53
AIR108698,2025-09-15,Maharashtra,Maharashtra City 1,5G,99.13,167.68,0.36,16.7,67,0,4.23
AIR108699,2025-10-15,Rajasthan,Rajasthan City 2,4G,97.08,27.59,1.07,25.5,89,0,3.25
AIR108700,2025-11-15,Kerala,Kerala City 3,4G,97.35,69.58,1.28,44.6,5,1,2.85
AIR108701,2025-12-15,Kerala,Kerala City 1,5G,98.93,92.62,0.48,16.2,43,0,3.77
AIR108702,2025-02-15,Delhi,Delhi City 1,5G,99.07,205.9,0.68,20.9,63,0,3.93
AIR108703,2025-03-15,Maharashtra,Maharashtra City 2,5G,99.64,160.9,0.72,14.8,54,0,3.81
AIR108704,2025-04-15,Kerala,Kerala City 3,4G,97.06,46.98,1.35,26.5,140,1,3.18
AIR108705,2025-05-15,Delhi,Delhi City 3,4G,99.2,33.58,0.9,35.7,44,1,3.62
AIR108706,2025-06-15,West Bengal,West Bengal City 1,5G,99.28,144.6,0.48,18.8,94,0,3.99
AIR108707,2025-07-15,Delhi,Delhi City 2,5G,99.29,113.93,0.64,14.6,56,0,4.06
AIR108708,2025-08-15,West Bengal,West Bengal City 2,4G,97.45,30.09,0.61,34.7,108,0,3.75
AIR108709,2025-09-15,Gujarat,Gujarat City 2,4G,98.85,46.99,1.32,23,38,1,3.68
AIR108710,2025-10-15,Kerala,Kerala City 2,4G,97.71,50.61,1.02,51.1,84,0,3.51
AIR108711,2025-11-15,Delhi,Delhi City 2,4G,96.69,26.71,1.11,46.5,81,1,2.58
AIR108712,2025-12-15,Delhi,Delhi City 2,4G,97.6,46.35,1.43,37.9,93,0,2.76
AIR108713,2025-02-15,Delhi,Delhi City 3,4G,98.92,45.89,1.49,15.2,114,0,2.65
AIR108714,2025-03-15,Rajasthan,Rajasthan City 1,5G,99.81,244.12,0.7,18.7,9,0,4.17
AIR108715,2025-04-15,Delhi,Delhi City 1,4G,97.73,40.64,2,26.7,33,1,2.85
AIR108716,2025-05-15,Rajasthan,Rajasthan City 2,5G,98.52,110.26,0.21,20.7,89,1,3.68
AIR108717,2025-06-15,Uttar Pradesh,Uttar Pradesh City 3,4G,97.72,30.89,0.54,46,86,1,3.69
AIR108718,2025-07-15,Gujarat,Gujarat City 3,4G,98.08,28.23,0.94,33.2,15,0,3.67
AIR108719,2025-08-15,Uttar Pradesh,Uttar Pradesh City 2,4G,99.3,43.93,1.1,33.6,60,1,4.2
AIR108720,2025-09-15,Telangana,Telangana City 1,5G,98.44,172.15,0.87,21.9,12,0,3.93
AIR108721,2025-10-15,Uttar Pradesh,Uttar Pradesh City 2,4G,99.65,57.7,1.05,39.6,97,0,3.56
AIR108722,2025-11-15,Maharashtra,Maharashtra City 3,4G,97.38,45.88,0.69,23.5,42,0,3.57
AIR108723,2025-12-15,West Bengal,West Bengal City 2,5G,99.34,196.13,0.75,24.1,96,1,3.93
AIR108724,2025-02-15,Maharashtra,Maharashtra City 1,4G,98.96,46.15,1.69,29.1,64,0,3.33
AIR108725,2025-03-15,Tamil Nadu,Tamil Nadu City 1,5G,99.06,185.27,0.64,13,113,0,3.46
AIR108726,2025-04-15,Uttar Pradesh,Uttar Pradesh City 3,5G,98.26,175.67,0.44,20.5,54,0,4.22
AIR108727,2025-05-15,Kerala,Kerala City 2,5G,99.68,189.2,0.74,24.1,120,0,4.03
AIR108728,2025-06-15,Karnataka,Karnataka City 2,4G,99.68,44.64,1.16,34.1,93,0,3.93
AIR108729,2025-07-15,Uttar Pradesh,Uttar Pradesh City 3,4G,99.24,27.11,0.79,13.1,40,1,4.26
AIR108730,2025-08-15,Gujarat,Gujarat City 2,5G,99.09,102.8,0.35,16.3,68,1,3.92
AIR108731,2025-09-15,Uttar Pradesh,Uttar Pradesh City 3,4G,98.22,28.42,0.73,57.4,35,1,2.96
AIR108732,2025-10-15,Rajasthan,Rajasthan City 2,4G,97.78,67.83,0.91,43,92,0,3.23
AIR108733,2025-11-15,Tamil Nadu,Tamil Nadu City 1,5G,98.71,123.36,0.89,12.1,79,1,3.57
AIR108734,2025-12-15,Delhi,Delhi City 3,4G,99.36,46.08,0.73,46.7,140,1,4.04
AIR108735,2025-02-15,Tamil Nadu,Tamil Nadu City 2,5G,99.18,148.32,0.84,12.8,31,0,4.21
AIR108736,2025-03-15,Tamil Nadu,Tamil Nadu City 2,5G,99.09,142.84,0.05,23.6,79,0,4.03
AIR108737,2025-04-15,West Bengal,West Bengal City 2,5G,99.31,114.77,0.72,13.8,131,0,4.56
AIR108738,2025-05-15,Karnataka,Karnataka City 3,4G,98.12,41.3,1.34,46.3,85,0,3.36
AIR108739,2025-06-15,Tamil Nadu,Tamil Nadu City 1,4G,98.06,55.41,1.54,35.6,37,0,2.91
AIR108740,2025-07-15,West Bengal,West Bengal City 2,4G,97.99,59.91,1.33,32.7,116,0,2.83
AIR108741,2025-08-15,Delhi,Delhi City 3,4G,97.53,31.97,1.05,38.4,67,0,3.25
AIR108742,2025-09-15,Maharashtra,Maharashtra City 2,4G,98.11,35.25,0.64,29.8,59,0,3.75
AIR108743,2025-10-15,Delhi,Delhi City 1,4G,98.17,59.63,0.4,40.7,48,0,3.6
AIR108744,2025-11-15,Kerala,Kerala City 1,4G,98.73,35.73,1.68,40.2,91,1,3.32
AIR108745,2025-12-15,Tamil Nadu,Tamil Nadu City 1,4G,98.11,41.78,0.61,35.3,90,1,2.83
AIR108746,2025-02-15,Tamil Nadu,Tamil Nadu City 3,5G,98.9,142.35,0.47,27.2,61,0,3.9
AIR108747,2025-03-15,Maharashtra,Maharashtra City 2,4G,98.66,57.03,1.04,44.4,71,1,3.84
AIR108748,2025-04-15,Gujarat,Gujarat City 3,4G,98.78,48.56,1.33,41.5,110,0,3.24
AIR108749,2025-05-15,Tamil Nadu,Tamil Nadu City 2,4G,98.32,20.79,1.15,25.4,74,0,3.39
AIR108750,2025-06-15,Karnataka,Karnataka City 3,5G,99.78,134.55,0.46,15.2,86,0,3.98
AIR108751,2025-07-15,Telangana,Telangana City 2,4G,98.39,39.46,1.37,31.7,117,0,3.49
AIR108752,2025-08-15,Tamil Nadu,Tamil Nadu City 3,4G,96.98,43.15,1,30.8,113,1,3.4
AIR108753,2025-09-15,Telangana,Telangana City 2,4G,97.86,61.79,0.98,41,88,1,3.13
AIR108754,2025-10-15,Delhi,Delhi City 3,4G,97.48,48.54,1.44,35.4,94,1,2.4
AIR108755,2025-11-15,Uttar Pradesh,Uttar Pradesh City 1,5G,99.16,183.56,0.53,28.9,53,1,4.54
AIR108756,2025-12-15,Gujarat,Gujarat City 3,5G,100,169.4,1.02,17.3,59,0,4.34
AIR108757,2025-02-15,West Bengal,West Bengal City 1,4G,98.4,43.81,0.89,47.6,53,0,3.28
AIR108758,2025-03-15,Rajasthan,Rajasthan City 1,5G,99.16,156.07,0.62,15.3,88,0,3.99
AIR108759,2025-04-15,Gujarat,Gujarat City 2,5G,98.99,109.54,0.94,21,12,0,3.78
AIR108760,2025-05-15,Rajasthan,Rajasthan City 1,5G,99.37,159.92,0.79,15.2,52,0,3.83
AIR108761,2025-06-15,Delhi,Delhi City 1,4G,99.19,30.74,1.39,46.5,17,1,4.11
AIR108762,2025-07-15,Gujarat,Gujarat City 2,4G,99.63,46.28,0.78,39.1,97,1,4.28
AIR108763,2025-08-15,West Bengal,West Bengal City 3,4G,98.26,58.08,0.63,32.5,131,1,3.62
AIR108764,2025-09-15,Rajasthan,Rajasthan City 3,4G,97.57,52.24,0.66,40.8,76,0,3.41
AIR108765,2025-10-15,Maharashtra,Maharashtra City 1,4G,98.05,54.15,1.04,47.5,56,0,2.62
AIR108766,2025-11-15,Karnataka,Karnataka City 3,5G,99.59,120.66,0.68,5.8,28,1,4.38
AIR108767,2025-12-15,Gujarat,Gujarat City 1,5G,99.66,183.93,0.79,22.3,50,0,4.54
AIR108768,2025-02-15,Delhi,Delhi City 3,5G,99.63,119.31,0.45,12.7,67,0,4.08
AIR108769,2025-03-15,Tamil Nadu,Tamil Nadu City 3,4G,97.5,48.47,1.33,34.2,116,1,3.34
AIR108770,2025-04-15,West Bengal,West Bengal City 3,4G,98.26,42.17,0.97,46,96,1,3.23
AIR108771,2025-05-15,Rajasthan,Rajasthan City 1,4G,98.46,52.58,0.89,34.4,21,0,2.74
AIR108772,2025-06-15,Rajasthan,Rajasthan City 2,4G,97.84,41.59,1.34,61.1,85,0,3.27
AIR108773,2025-07-15,Karnataka,Karnataka City 3,5G,99.35,107.44,0.53,19.2,51,1,3.48
AIR108774,2025-08-15,Rajasthan,Rajasthan City 3,4G,98.81,52.65,0.89,53.2,113,0,3.26
AIR108775,2025-09-15,Telangana,Telangana City 3,5G,99.14,147.66,0.54,17.3,71,0,3.88
AIR108776,2025-10-15,Kerala,Kerala City 1,4G,98.25,26.8,1.24,33.8,115,1,4.11
AIR108777,2025-11-15,Telangana,Telangana City 2,4G,98.05,38.42,1.44,42.8,40,0,3.09
AIR108778,2025-12-15,Rajasthan,Rajasthan City 1,4G,98.12,59.7,0.8,50,100,1,3.89
AIR108779,2025-02-15,West Bengal,West Bengal City 3,4G,99.04,52.56,2.28,38.2,80,0,3.3
AIR108780,2025-03-15,Gujarat,Gujarat City 1,4G,98.68,64.65,1.05,28.9,125,1,3.24
AIR108781,2025-04-15,Delhi,Delhi City 3,4G,98.36,33.91,0.73,41.9,39,0,3.2
AIR108782,2025-05-15,Tamil Nadu,Tamil Nadu City 3,4G,99.53,23.86,2.14,51,150,0,3.24
AIR108783,2025-06-15,Gujarat,Gujarat City 1,5G,99.32,168.35,0.67,30.3,85,0,3.99
AIR108784,2025-07-15,Maharashtra,Maharashtra City 3,5G,99.4,150.64,0.93,17.9,105,0,4.46
AIR108785,2025-08-15,Gujarat,Gujarat City 3,5G,98.75,160.92,0.36,10,90,0,3.68
AIR108786,2025-09-15,Gujarat,Gujarat City 2,5G,99.34,128.95,1,12.6,129,0,4.48
AIR108787,2025-10-15,Delhi,Delhi City 1,5G,99.15,172.82,0.32,17.2,45,0,4.05
AIR108788,2025-11-15,Karnataka,Karnataka City 1,4G,99.39,41.49,1.25,44.8,35,0,3.98
AIR108789,2025-12-15,Rajasthan,Rajasthan City 3,4G,97.73,61.79,1.17,36.5,101,0,3.42
AIR108790,2025-02-15,Karnataka,Karnataka City 3,4G,97.57,24.45,0.82,31.5,71,0,3.56
AIR108791,2025-03-15,Maharashtra,Maharashtra City 1,5G,99.49,97.83,0.82,19,37,1,3.24
AIR108792,2025-04-15,Uttar Pradesh,Uttar Pradesh City 1,4G,97.67,45.71,1.16,30.7,90,1,3.7
AIR108793,2025-05-15,Tamil Nadu,Tamil Nadu City 1,4G,97.32,48.81,0.97,36.7,102,0,2.63
AIR108794,2025-06-15,Telangana,Telangana City 3,5G,99.79,160.9,1.07,24.5,86,0,4.6
AIR108795,2025-07-15,Tamil Nadu,Tamil Nadu City 2,4G,98.34,56.55,1.13,15.8,55,1,3.58
AIR108796,2025-08-15,Rajasthan,Rajasthan City 2,5G,99.14,218.56,0.46,27.1,72,1,3.86
AIR108797,2025-09-15,Tamil Nadu,Tamil Nadu City 3,5G,99.82,158.51,0.63,23.5,88,0,3.93
AIR108798,2025-10-15,Kerala,Kerala City 3,4G,97.12,55.75,0.65,28.8,46,0,3.69
AIR108799,2025-11-15,Telangana,Telangana City 3,5G,99.16,162.26,0.72,9.3,37,0,3.25
AIR108800,2025-12-15,Maharashtra,Maharashtra City 1,5G,99.94,91.61,0.55,19,98,0,3.73
AIR108801,2025-02-15,Rajasthan,Rajasthan City 3,4G,98.83,49.15,1.5,33.3,85,0,3.38
AIR108802,2025-03-15,West Bengal,West Bengal City 1,5G,99.09,139.54,0.38,21.9,59,0,3.78
AIR108803,2025-04-15,Maharashtra,Maharashtra City 2,5G,98.75,196.64,0.72,7.7,112,0,3.69
AIR108804,2025-05-15,Kerala,Kerala City 3,4G,100,27.86,1.29,26,148,0,3.26
AIR108805,2025-06-15,Telangana,Telangana City 3,4G,97.87,43.21,1.08,41.1,5,0,3.44
AIR108806,2025-07-15,Delhi,Delhi City 1,4G,98.48,40.03,1.92,39,112,0,3.51
AIR108807,2025-08-15,Kerala,Kerala City 1,4G,98.24,49.81,0.82,42.2,183,0,3.87
AIR108808,2025-09-15,Maharashtra,Maharashtra City 1,4G,97.17,48.25,1.23,50.4,75,0,3.58
AIR108809,2025-10-15,Rajasthan,Rajasthan City 2,5G,99.22,165.43,1.04,15.1,95,1,3.52
AIR108810,2025-11-15,Uttar Pradesh,Uttar Pradesh City 2,4G,97.82,34.81,0.74,34.4,88,0,4.13
AIR108811,2025-12-15,Rajasthan,Rajasthan City 3,5G,99.4,161.61,0.81,26.8,78,0,3.49
AIR108812,2025-02-15,Telangana,Telangana City 3,4G,99.77,50.29,0.53,32,128,0,3.84
AIR108813,2025-03-15,Uttar Pradesh,Uttar Pradesh City 1,4G,97.68,42.36,1.08,41.3,109,0,2.61
AIR108814,2025-04-15,Karnataka,Karnataka City 2,4G,97.54,58,0.85,41.7,102,0,3.4
AIR108815,2025-05-15,Telangana,Telangana City 3,5G,99.82,108.35,0.83,18.2,126,1,4.2
AIR108816,2025-06-15,Telangana,Telangana City 1,4G,99.16,51.67,1.09,32.2,37,1,3.49
AIR108817,2025-07-15,Kerala,Kerala City 1,4G,97.74,46.84,1.08,25.1,126,1,3.45
AIR108818,2025-08-15,Rajasthan,Rajasthan City 2,5G,99.53,149.11,1.2,37.1,60,0,3.93
AIR108819,2025-09-15,Maharashtra,Maharashtra City 2,4G,98.47,54.74,0.81,34.5,114,0,3.61
AIR108820,2025-10-15,Delhi,Delhi City 3,4G,99.47,37.58,1,42.1,31,0,3.79
AIR108821,2025-11-15,Tamil Nadu,Tamil Nadu City 3,4G,98.26,51.63,1.98,39.1,5,0,3.7
AIR108822,2025-12-15,Gujarat,Gujarat City 1,5G,99.82,109.88,0.58,22.2,73,1,4.26
AIR108823,2025-02-15,Delhi,Delhi City 1,4G,98.39,54.8,1.24,32.1,44,0,3.36
AIR108824,2025-03-15,Tamil Nadu,Tamil Nadu City 1,4G,99.29,44.95,1.25,40,123,0,3.51
AIR108825,2025-04-15,Karnataka,Karnataka City 3,4G,98.42,30.12,1.13,28.2,70,0,3.77
AIR108826,2025-05-15,Maharashtra,Maharashtra City 2,5G,99.75,110.06,0.49,19.9,34,0,3.77
AIR108827,2025-06-15,Rajasthan,Rajasthan City 3,4G,98.27,64.96,0.75,49.8,44,1,3.56
AIR108828,2025-07-15,West Bengal,West Bengal City 2,4G,98.05,66.56,0.87,22.3,21,0,3.73
AIR108829,2025-08-15,Telangana,Telangana City 3,4G,98.62,35.83,1.1,37.8,94,1,3.99
AIR108830,2025-09-15,Delhi,Delhi City 3,4G,98.4,48.21,1.21,44.7,84,0,3.47
AIR108831,2025-10-15,Tamil Nadu,Tamil Nadu City 2,5G,98.19,133.88,0.5,15.9,57,0,4.15
AIR108832,2025-11-15,West Bengal,West Bengal City 3,4G,97.23,64.78,0.88,31.2,125,0,3.27
AIR108833,2025-12-15,Delhi,Delhi City 3,5G,98.84,157.55,0.32,15.4,69,0,4.04
AIR108834,2025-02-15,Maharashtra,Maharashtra City 1,5G,98.47,131.84,1.16,29,5,0,3.44
AIR108835,2025-03-15,Rajasthan,Rajasthan City 2,5G,99.64,147.65,0.49,8.2,121,1,4.08
AIR108836,2025-04-15,Uttar Pradesh,Uttar Pradesh City 2,4G,98.79,21.23,1.27,22,132,1,3.6
AIR108837,2025-05-15,Delhi,Delhi City 1,5G,99.76,100.08,1.04,14,41,0,4.25
AIR108838,2025-06-15,Delhi,Delhi City 2,4G,97.59,48.73,0.82,31.6,10,0,3.74
AIR108839,2025-07-15,Rajasthan,Rajasthan City 1,5G,99.42,161.46,0.45,13,74,0,3.92
AIR108840,2025-08-15,Karnataka,Karnataka City 2,4G,97.1,40.6,0.72,41.7,115,0,2.67
AIR108841,2025-09-15,Kerala,Kerala City 2,5G,98.29,90.91,0.75,20.1,73,0,4.18
AIR108842,2025-10-15,Delhi,Delhi City 2,4G,97.23,51.98,0.84,22.9,63,0,2.78
AIR108843,2025-11-15,Rajasthan,Rajasthan City 2,5G,97.93,90.46,0.6,13.6,132,0,3.66
AIR108844,2025-12-15,Kerala,Kerala City 1,5G,98.03,133.28,0.75,21.9,42,1,3.55
AIR108845,2025-02-15,Rajasthan,Rajasthan City 1,5G,99.63,128.85,0.53,16.8,121,0,4.36
AIR108846,2025-03-15,Rajasthan,Rajasthan City 2,5G,100,146.78,0.34,10.3,102,1,4.52
AIR108847,2025-04-15,Karnataka,Karnataka City 3,4G,97.6,54.06,1.15,22.5,77,0,3.09
AIR108848,2025-05-15,Rajasthan,Rajasthan City 1,4G,96.34,32.26,1.12,36.5,84,0,3.17
AIR108849,2025-06-15,Maharashtra,Maharashtra City 2,5G,98.9,147.27,0.79,25.6,87,0,3.63
AIR108850,2025-07-15,Delhi,Delhi City 1,5G,99.65,181.93,0.49,18.5,64,0,3.77
AIR108851,2025-08-15,Tamil Nadu,Tamil Nadu City 3,4G,97.7,51.09,1.17,44.7,85,0,3.02
AIR108852,2025-09-15,Tamil Nadu,Tamil Nadu City 3,4G,98.71,51.64,1.37,36,117,0,3.34
AIR108853,2025-10-15,Tamil Nadu,Tamil Nadu City 3,4G,99.5,29.51,0.76,31.2,76,0,3.7
AIR108854,2025-11-15,Rajasthan,Rajasthan City 2,4G,99.11,52.21,0.86,38.8,79,1,4.26
AIR108855,2025-12-15,West Bengal,West Bengal City 2,4G,98.84,32.16,0.61,37.1,68,0,4.39
AIR108856,2025-02-15,Kerala,Kerala City 3,4G,99.5,23.71,0.6,19,53,1,3.53
AIR108857,2025-03-15,Kerala,Kerala City 1,4G,99.13,48.87,1.22,29.6,95,0,3.64
AIR108858,2025-04-15,Rajasthan,Rajasthan City 1,4G,99.67,67.01,1.26,22.8,120,1,3.61
AIR108859,2025-05-15,Maharashtra,Maharashtra City 3,4G,98.37,36.75,1,47.4,55,1,3.3
AIR108860,2025-06-15,Maharashtra,Maharashtra City 2,4G,98.64,50.87,1.68,44.4,40,0,3.82
AIR108861,2025-07-15,Telangana,Telangana City 1,4G,97.15,50.57,0.8,46.2,71,0,3.63
AIR108862,2025-08-15,Rajasthan,Rajasthan City 1,5G,98.95,116.08,0.5,19.8,69,0,3.96
AIR108863,2025-09-15,Gujarat,Gujarat City 1,4G,98.81,27.1,1.43,34,82,1,3.31
AIR108864,2025-10-15,Karnataka,Karnataka City 2,5G,99.41,102.62,0.93,11.9,84,0,4.28
AIR108865,2025-11-15,Tamil Nadu,Tamil Nadu City 3,5G,98.69,88.74,0.97,15.1,152,0,3.87
AIR108866,2025-12-15,Karnataka,Karnataka City 2,4G,99.61,56.99,1.31,32.7,145,0,3.75
AIR108867,2025-02-15,Tamil Nadu,Tamil Nadu City 1,4G,98.19,22.49,0.83,42.1,107,0,3.07
AIR108868,2025-03-15,Uttar Pradesh,Uttar Pradesh City 3,4G,98.61,58.7,0.96,27.6,58,0,3.54
AIR108869,2025-04-15,Uttar Pradesh,Uttar Pradesh City 2,4G,97.97,44.61,1.34,44.4,72,1,3.14
AIR108870,2025-05-15,Rajasthan,Rajasthan City 3,4G,99,60.47,1.38,48.6,5,0,3.11
AIR108871,2025-06-15,Uttar Pradesh,Uttar Pradesh City 1,4G,98.75,27.58,1.3,67.5,79,0,4.17
AIR108872,2025-07-15,West Bengal,West Bengal City 2,4G,98.76,38,1.44,41.5,104,0,3.02
AIR108873,2025-08-15,Telangana,Telangana City 3,4G,98.84,45.91,0.34,31.7,69,0,4.4
AIR108874,2025-09-15,Maharashtra,Maharashtra City 2,5G,99.29,118.73,0.36,20.4,54,1,3.81
AIR108875,2025-10-15,West Bengal,West Bengal City 1,4G,100,42.93,0.65,55.6,93,0,3.61
AIR108876,2025-11-15,Karnataka,Karnataka City 3,5G,99.21,198.49,0.43,5,47,1,4.16
AIR108877,2025-12-15,Karnataka,Karnataka City 1,4G,98,43.33,1.09,65.1,5,0,3.15
AIR108878,2025-02-15,Uttar Pradesh,Uttar Pradesh City 3,4G,97.55,68.16,1.24,53.2,9,0,3.68
AIR108879,2025-03-15,Maharashtra,Maharashtra City 1,4G,98.2,33.19,1.7,51.4,70,0,3.12
AIR108880,2025-04-15,Telangana,Telangana City 1,5G,99.61,228.99,0.58,11.7,107,1,3.41
AIR108881,2025-05-15,Tamil Nadu,Tamil Nadu City 2,4G,98.05,32.88,1.4,22.9,75,0,3.24
AIR108882,2025-06-15,West Bengal,West Bengal City 1,4G,99.25,51.23,0.83,37.2,17,0,3.92
AIR108883,2025-07-15,Telangana,Telangana City 2,5G,98.96,133.61,0.79,18.8,87,0,3.51
AIR108884,2025-08-15,Delhi,Delhi City 1,4G,98.93,46.66,1.46,45.4,31,1,3.8
AIR108885,2025-09-15,Kerala,Kerala City 1,4G,96.67,35.54,0.75,31.6,73,0,3.24
AIR108886,2025-10-15,Uttar Pradesh,Uttar Pradesh City 1,5G,98.05,121.12,1.04,25.9,86,0,2.78
AIR108887,2025-11-15,Tamil Nadu,Tamil Nadu City 3,5G,99.25,159.78,1.01,23.6,140,0,4.17
AIR108888,2025-12-15,Delhi,Delhi City 2,4G,97.4,55.39,1.28,16.3,48,1,3.15
AIR108889,2025-02-15,Tamil Nadu,Tamil Nadu City 3,4G,97.46,51.04,0.98,22.7,96,1,2.98
AIR108890,2025-03-15,Tamil Nadu,Tamil Nadu City 2,5G,98.51,121.25,0.52,10.4,77,0,3.31
AIR108891,2025-04-15,Uttar Pradesh,Uttar Pradesh City 1,5G,99.66,127.14,0.25,23,59,1,4.18
AIR108892,2025-05-15,Tamil Nadu,Tamil Nadu City 3,4G,97.76,72.91,0.61,56.1,5,0,3.78
AIR108893,2025-06-15,Telangana,Telangana City 2,5G,99.07,144.21,0.39,21.4,114,0,3.53
AIR108894,2025-07-15,Telangana,Telangana City 1,4G,98.95,48.14,1.33,26.5,114,1,3.53
AIR108895,2025-08-15,Delhi,Delhi City 2,4G,97.88,40.84,1.54,24.4,121,0,3.01
AIR108896,2025-09-15,Karnataka,Karnataka City 2,4G,97.15,41.98,0.92,44.5,140,0,3.63
AIR108897,2025-10-15,Maharashtra,Maharashtra City 1,4G,98.17,48.68,1.03,52.1,54,0,3.14
AIR108898,2025-11-15,West Bengal,West Bengal City 3,4G,97.81,34.21,0.72,42.1,57,0,3.55
AIR108899,2025-12-15,West Bengal,West Bengal City 1,4G,99.01,52.43,1.36,17.1,80,0,3.75
AIR108900,2025-02-15,Gujarat,Gujarat City 3,4G,99.45,23.07,1.03,35.3,86,0,3.54
AIR108901,2025-03-15,Uttar Pradesh,Uttar Pradesh City 2,4G,97.36,46.87,0.85,37.1,99,0,3.05
AIR108902,2025-04-15,Rajasthan,Rajasthan City 2,4G,98.55,35.35,0.27,46.7,38,1,3.56
AIR108903,2025-05-15,Rajasthan,Rajasthan City 2,5G,99.63,190.15,0.37,17.7,93,0,4.22
AIR108904,2025-06-15,Delhi,Delhi City 3,5G,99.21,165.15,0.98,35.7,57,0,3.44
AIR108905,2025-07-15,Tamil Nadu,Tamil Nadu City 1,4G,98.51,32.09,1.34,26.3,52,0,3.56
AIR108906,2025-08-15,Tamil Nadu,Tamil Nadu City 3,5G,98.36,157.04,0.49,21.3,116,0,3.93
AIR108907,2025-09-15,Uttar Pradesh,Uttar Pradesh City 2,4G,98.19,30.81,0.88,28.7,50,1,3.83
AIR108908,2025-10-15,Kerala,Kerala City 2,4G,97.42,60.74,1.05,41.1,57,0,3.37
AIR108909,2025-11-15,Karnataka,Karnataka City 1,5G,99.46,180.14,0.56,18.8,75,1,3.8
AIR108910,2025-12-15,Gujarat,Gujarat City 3,4G,97.43,39.49,1.1,34.6,90,0,3.31
AIR108911,2025-02-15,Telangana,Telangana City 2,4G,98.4,55.1,0.71,42.2,80,0,3.65
AIR108912,2025-03-15,Tamil Nadu,Tamil Nadu City 3,4G,97,58.51,0.87,38.7,28,0,2.73
AIR108913,2025-04-15,Gujarat,Gujarat City 3,4G,96.94,58.92,1.89,49.2,31,1,3.22
AIR108914,2025-05-15,West Bengal,West Bengal City 1,4G,99.37,53.68,1.56,27.9,57,0,3.59
AIR108915,2025-06-15,Kerala,Kerala City 1,5G,99.62,97.85,0.72,15.1,60,1,4.28
AIR108916,2025-07-15,Telangana,Telangana City 2,4G,97.01,47.14,1.05,41.1,134,0,3.85
AIR108917,2025-08-15,Uttar Pradesh,Uttar Pradesh City 1,5G,99.84,153.83,0.47,19,75,0,4.32
AIR108918,2025-09-15,Gujarat,Gujarat City 3,5G,99.28,160.61,0.32,12.6,15,0,3.99
AIR108919,2025-10-15,Delhi,Delhi City 1,4G,97.69,31.89,1.02,34.4,45,0,3.38
AIR108920,2025-11-15,Telangana,Telangana City 3,4G,98.2,38.2,1.47,50.3,63,0,3.51
AIR108921,2025-12-15,Uttar Pradesh,Uttar Pradesh City 2,4G,97.12,43.53,0.89,31.1,91,0,3.09
AIR108922,2025-02-15,Rajasthan,Rajasthan City 3,4G,98.68,30.21,0.84,36.5,109,0,3.74
AIR108923,2025-03-15,Uttar Pradesh,Uttar Pradesh City 1,4G,97.72,61.35,1.36,23.2,112,0,2.99
AIR108924,2025-04-15,Uttar Pradesh,Uttar Pradesh City 1,5G,98.46,184.66,0.7,21.9,59,0,3.47
AIR108925,2025-05-15,Telangana,Telangana City 2,5G,99.3,86.46,0.59,20.4,145,1,3.51
AIR108926,2025-06-15,Kerala,Kerala City 1,4G,99.27,24.55,0.99,31.3,32,1,3.74
AIR108927,2025-07-15,Telangana,Telangana City 2,4G,99.2,46.83,1.01,41.2,28,0,3.97
AIR108928,2025-08-15,Maharashtra,Maharashtra City 2,4G,97.18,29.57,1.25,41.5,141,1,2.81
AIR108929,2025-09-15,Karnataka,Karnataka City 1,4G,98.59,60.13,0.37,30.8,52,0,3.91
AIR108930,2025-10-15,Kerala,Kerala City 3,5G,99.37,134.34,0.79,15,94,1,3.47
AIR108931,2025-11-15,Delhi,Delhi City 2,5G,99.25,172.2,0.34,25.7,30,0,3.75
AIR108932,2025-12-15,Kerala,Kerala City 3,4G,97.09,50.95,1.13,45.7,28,0,2.77
AIR108933,2025-02-15,West Bengal,West Bengal City 1,4G,97.7,43.18,0.75,29.6,126,0,4.1
AIR108934,2025-03-15,Delhi,Delhi City 3,5G,99.97,177.1,0.97,16.4,50,0,3.84
AIR108935,2025-04-15,Rajasthan,Rajasthan City 3,4G,96.7,56.35,0.94,24.3,23,0,3.17
AIR108936,2025-05-15,Telangana,Telangana City 3,4G,97.32,42.62,0.99,32.3,89,1,3.51
AIR108937,2025-06-15,Uttar Pradesh,Uttar Pradesh City 3,4G,98.26,44.18,0.96,33,42,1,3.32
AIR108938,2025-07-15,Telangana,Telangana City 1,4G,97.13,30.36,1.11,37.4,140,1,3.35
AIR108939,2025-08-15,West Bengal,West Bengal City 1,4G,98.2,56.71,0.63,32.1,76,0,3.2
AIR108940,2025-09-15,Gujarat,Gujarat City 3,4G,98.73,46.16,0.53,35.1,84,0,3.27
AIR108941,2025-10-15,West Bengal,West Bengal City 1,4G,99.13,52.5,1.09,30.2,118,0,3.12
AIR108942,2025-11-15,Maharashtra,Maharashtra City 1,4G,99.6,40.36,0.85,40.5,135,0,3.63
AIR108943,2025-12-15,Uttar Pradesh,Uttar Pradesh City 2,4G,98.8,23.31,1.07,54.2,110,1,4.15
AIR108944,2025-02-15,Uttar Pradesh,Uttar Pradesh City 1,4G,97.25,35.45,1.2,37.8,43,0,3.06
AIR108945,2025-03-15,Tamil Nadu,Tamil Nadu City 3,4G,98.61,17.12,0.84,29,66,1,3.29
AIR108946,2025-04-15,Gujarat,Gujarat City 1,5G,99.34,73.06,0.41,28.6,87,1,4.23
AIR108947,2025-05-15,Tamil Nadu,Tamil Nadu City 1,4G,97.46,58.99,1.59,27.8,61,0,3.15
AIR108948,2025-06-15,Rajasthan,Rajasthan City 1,4G,99.08,31.82,1.35,41.1,73,0,3.68
AIR108949,2025-07-15,Karnataka,Karnataka City 1,5G,98.89,191.15,0.61,27.1,27,0,3.91
AIR108950,2025-08-15,Karnataka,Karnataka City 2,4G,98.23,32.94,0.6,33.9,71,1,3.63
AIR108951,2025-09-15,Telangana,Telangana City 3,5G,99.15,138.86,0.53,15.5,96,0,4.01
AIR108952,2025-10-15,Karnataka,Karnataka City 3,4G,97.8,30.69,0.63,45.6,64,0,3.32
AIR108953,2025-11-15,Uttar Pradesh,Uttar Pradesh City 1,4G,97.97,52.12,0.87,30.4,133,0,3.72
AIR108954,2025-12-15,West Bengal,West Bengal City 1,4G,98.95,42.14,1.17,42.4,55,1,3.94
AIR108955,2025-02-15,Gujarat,Gujarat City 2,4G,98.61,53.4,0.83,27.2,78,0,3.8
AIR108956,2025-03-15,Telangana,Telangana City 1,4G,96.48,59.42,0.13,35.8,58,0,4.47
AIR108957,2025-04-15,Telangana,Telangana City 2,4G,97,32.71,0.82,31.1,107,0,3
AIR108958,2025-05-15,Gujarat,Gujarat City 3,5G,99.17,124.19,0.66,20.7,78,0,3.72
AIR108959,2025-06-15,Uttar Pradesh,Uttar Pradesh City 3,4G,97.94,27.65,0.82,42,107,0,2.94
AIR108960,2025-07-15,Rajasthan,Rajasthan City 2,4G,97.55,33.2,1.02,45.9,117,1,3.56
AIR108961,2025-08-15,Rajasthan,Rajasthan City 3,4G,99.88,50.49,1.22,25,105,0,3.9
AIR108962,2025-09-15,Telangana,Telangana City 1,5G,99.28,101.57,0.81,15.1,96,0,3.82
AIR108963,2025-10-15,Rajasthan,Rajasthan City 1,5G,98.87,175.42,1.02,27.7,111,0,4.1
AIR108964,2025-11-15,Uttar Pradesh,Uttar Pradesh City 2,5G,99.58,221.29,0.49,16.1,146,0,3.87
AIR108965,2025-12-15,Maharashtra,Maharashtra City 3,4G,97.39,40.24,1.38,19.3,23,1,3.52
AIR108966,2025-02-15,Maharashtra,Maharashtra City 3,4G,98.09,78.11,1.3,51.8,50,1,3.13
AIR108967,2025-03-15,Tamil Nadu,Tamil Nadu City 2,4G,96.94,46.19,0.94,38.3,7,0,2.81
AIR108968,2025-04-15,Kerala,Kerala City 2,4G,99.16,44.82,1.02,26.5,136,1,4.25
AIR108969,2025-05-15,Delhi,Delhi City 3,5G,98.88,152.12,0.6,24.4,73,1,4.21
AIR108970,2025-06-15,Karnataka,Karnataka City 2,5G,98.51,141.34,0.62,25.2,90,0,4.33
AIR108971,2025-07-15,Rajasthan,Rajasthan City 1,4G,98.42,48.84,1.1,19.1,109,0,4.03
AIR108972,2025-08-15,Maharashtra,Maharashtra City 3,4G,97.85,42.07,0.74,35.3,120,0,4.03
AIR108973,2025-09-15,West Bengal,West Bengal City 2,4G,97.58,37.63,1.11,36.2,15,1,3.56
AIR108974,2025-10-15,Gujarat,Gujarat City 2,4G,96.87,52.48,1.29,60.3,68,0,2.85
AIR108975,2025-11-15,Kerala,Kerala City 2,4G,97.94,39.12,0.96,39.9,35,0,4.73
AIR108976,2025-12-15,Tamil Nadu,Tamil Nadu City 3,4G,98.38,56.05,1.2,40,71,1,3.26
AIR108977,2025-02-15,Delhi,Delhi City 1,5G,99.88,176.72,0.9,10.8,14,1,4.27
AIR108978,2025-03-15,Maharashtra,Maharashtra City 1,4G,98.85,37.27,1.11,34.2,64,0,3.3
AIR108979,2025-04-15,Tamil Nadu,Tamil Nadu City 3,5G,98.97,159.97,0.76,17.2,87,1,3.55
AIR108980,2025-05-15,Kerala,Kerala City 2,4G,97.91,52.58,1.45,38.4,87,1,3.34
AIR108981,2025-06-15,Gujarat,Gujarat City 3,4G,97.32,62.25,0.99,31,146,1,2.56
AIR108982,2025-07-15,Karnataka,Karnataka City 3,4G,97.26,34.16,0.75,50.7,40,0,3.09
AIR108983,2025-08-15,Maharashtra,Maharashtra City 2,4G,98.07,46.16,0.99,56.2,9,1,3.15
AIR108984,2025-09-15,Gujarat,Gujarat City 3,4G,98.07,55.8,1.67,33.1,88,0,3.43
AIR108985,2025-10-15,Delhi,Delhi City 1,4G,96.52,60.77,1.5,40.2,5,1,3.5
AIR108986,2025-11-15,Rajasthan,Rajasthan City 3,4G,100,57.06,1.01,50.9,121,0,4.23
AIR108987,2025-12-15,Kerala,Kerala City 2,5G,97.85,160.86,0.46,28.5,88,0,4.23
AIR108988,2025-02-15,Delhi,Delhi City 3,4G,99.13,51.03,1.46,42.4,64,1,3.92
AIR108989,2025-03-15,Karnataka,Karnataka City 1,5G,98.82,135.33,0.61,11.8,14,1,4.15
AIR108990,2025-04-15,Gujarat,Gujarat City 3,4G,98.61,74.68,1.17,37.7,65,0,3.55
AIR108991,2025-05-15,Uttar Pradesh,Uttar Pradesh City 3,4G,97.97,49.49,1.03,42.6,5,0,3.78
AIR108992,2025-06-15,Karnataka,Karnataka City 3,4G,97.85,43.13,1.03,45.7,113,0,3.5
AIR108993,2025-07-15,Telangana,Telangana City 3,5G,99.63,129.7,0.61,10.3,63,0,3.79
AIR108994,2025-08-15,Maharashtra,Maharashtra City 2,4G,97.8,44.77,1.11,26.1,100,1,3.19
AIR108995,2025-09-15,Rajasthan,Rajasthan City 1,4G,99.09,69.03,0.24,32.7,87,1,4.3
AIR108996,2025-10-15,Kerala,Kerala City 1,4G,97.05,71.09,0.88,27.7,74,0,3.39
AIR108997,2025-11-15,West Bengal,West Bengal City 1,4G,98.04,37.85,0.64,48.1,30,1,3.57
AIR108998,2025-12-15,Gujarat,Gujarat City 3,5G,99.11,112.88,0.39,22.3,28,0,4.4
AIR108999,2025-02-15,Uttar Pradesh,Uttar Pradesh City 1,4G,98.71,44.69,0.9,17.6,14,0,4.06
AIR109000,2025-03-15,West Bengal,West Bengal City 2,4G,96.43,22.68,1.38,18.8,76,0,2.85
AIR109001,2025-04-15,Maharashtra,Maharashtra City 3,5G,99.26,243.56,0.62,22.7,30,0,4.15
AIR109002,2025-05-15,Maharashtra,Maharashtra City 3,4G,97.34,45.26,1.33,12.7,131,1,3.03
AIR109003,2025-06-15,Kerala,Kerala City 1,4G,98.64,53.8,1.85,33.6,102,1,3.59
AIR109004,2025-07-15,Uttar Pradesh,Uttar Pradesh City 3,4G,96.44,29.41,0.9,31.8,129,0,3.12
AIR109005,2025-08-15,Maharashtra,Maharashtra City 3,5G,98.82,74.36,0.27,18.7,53,1,4.3
AIR109006,2025-09-15,West Bengal,West Bengal City 1,5G,97.93,173.34,0.61,20.1,76,0,3.42
AIR109007,2025-10-15,Uttar Pradesh,Uttar Pradesh City 2,4G,98.23,25.97,1.18,32.3,51,0,3.68
AIR109008,2025-11-15,West Bengal,West Bengal City 2,5G,99.12,115.11,0.66,23.9,46,1,3.23
AIR109009,2025-12-15,Karnataka,Karnataka City 1,4G,99.91,44.47,0.8,33.2,118,0,4.24
AIR109010,2025-02-15,Delhi,Delhi City 2,4G,97.73,38.86,1.71,40.3,60,0,2.5
AIR109011,2025-03-15,Uttar Pradesh,Uttar Pradesh City 2,4G,98.69,34.26,1.52,35.6,100,1,3.75
AIR109012,2025-04-15,Tamil Nadu,Tamil Nadu City 2,4G,97.78,49.17,0.49,53.4,78,0,3.33
AIR109013,2025-05-15,Delhi,Delhi City 3,4G,98.42,50.23,0.69,34,79,1,3.78
AIR109014,2025-06-15,Delhi,Delhi City 3,5G,99.42,167.5,0.29,5.1,79,0,4.12
AIR109015,2025-07-15,Uttar Pradesh,Uttar Pradesh City 3,5G,98.43,168.55,0.8,16.1,102,0,3.67
AIR109016,2025-08-15,Rajasthan,Rajasthan City 2,5G,100,138.89,0.53,14.8,42,0,3.74
AIR109017,2025-09-15,Maharashtra,Maharashtra City 3,4G,96.75,46.87,0.95,40.1,60,1,3.59
AIR109018,2025-10-15,Karnataka,Karnataka City 2,4G,98.09,30,1.39,38.9,59,0,3
AIR109019,2025-11-15,Rajasthan,Rajasthan City 1,4G,98.26,50.45,0.95,39.4,81,1,3.27
AIR109020,2025-12-15,Rajasthan,Rajasthan City 2,4G,97.91,47.82,1.33,45.3,78,1,3.73
AIR109021,2025-02-15,Tamil Nadu,Tamil Nadu City 3,5G,99.26,150.37,0.18,23.2,50,0,4.23
AIR109022,2025-03-15,Gujarat,Gujarat City 2,4G,99.6,34.14,1.08,56.8,100,0,3.45
AIR109023,2025-04-15,Uttar Pradesh,Uttar Pradesh City 3,5G,98.64,73.83,0.8,26.1,110,0,3.98
AIR109024,2025-05-15,West Bengal,West Bengal City 3,5G,99.33,192.59,0.39,24.9,190,0,3.8
AIR109025,2025-06-15,Maharashtra,Maharashtra City 1,4G,97.61,11.9,1.39,46.8,59,0,2.89
AIR109026,2025-07-15,Rajasthan,Rajasthan City 1,4G,98.46,58.37,1.55,30.3,79,0,3.09
AIR109027,2025-08-15,Karnataka,Karnataka City 3,4G,98.12,40.67,0.53,18.8,65,1,3.86
AIR109028,2025-09-15,Gujarat,Gujarat City 2,4G,99.42,58.46,1.05,28.5,85,0,4.35
AIR109029,2025-10-15,Tamil Nadu,Tamil Nadu City 1,4G,98.14,14.97,0.76,29.7,117,0,3.55
AIR109030,2025-11-15,Telangana,Telangana City 1,4G,98.19,33.51,0.83,33.4,106,0,3.63
AIR109031,2025-12-15,Maharashtra,Maharashtra City 3,4G,99.02,52.18,0.41,33.9,156,0,4
AIR109032,2025-02-15,Telangana,Telangana City 2,5G,99.24,141.13,0.61,8.6,77,0,3.48
AIR109033,2025-03-15,Delhi,Delhi City 1,4G,98.69,61.02,1.22,44.8,81,0,3
AIR109034,2025-04-15,Rajasthan,Rajasthan City 1,4G,99.2,55.98,0.9,53.4,16,0,3.75
AIR109035,2025-05-15,Kerala,Kerala City 2,4G,98.37,44.67,1.13,39.2,111,0,2.86
AIR109036,2025-06-15,Maharashtra,Maharashtra City 1,5G,100,168.97,0.55,17,68,1,4.08
AIR109037,2025-07-15,West Bengal,West Bengal City 2,5G,99.18,172.75,1.02,26.8,53,1,3.5
AIR109038,2025-08-15,Gujarat,Gujarat City 3,4G,98.03,58.14,0.62,49.4,74,0,3.9
AIR109039,2025-09-15,Karnataka,Karnataka City 1,5G,99.3,190.99,0.97,15.7,131,0,4
AIR109040,2025-10-15,Maharashtra,Maharashtra City 3,5G,99.23,127.98,0.92,21.9,110,1,4.12
AIR109041,2025-11-15,West Bengal,West Bengal City 2,5G,99.1,162.12,0.4,24.6,93,1,3.66
AIR109042,2025-12-15,Uttar Pradesh,Uttar Pradesh City 3,4G,98.39,61.8,1.02,43,59,1,3.06
AIR109043,2025-02-15,Telangana,Telangana City 3,5G,98.57,150.64,0.19,12.7,62,1,4.02
AIR109044,2025-03-15,Uttar Pradesh,Uttar Pradesh City 3,4G,99.16,53.78,0.92,38.1,123,0,3.66
AIR109045,2025-04-15,Gujarat,Gujarat City 2,5G,98.84,143.75,0.91,18.1,49,1,3.69
AIR109046,2025-05-15,Tamil Nadu,Tamil Nadu City 2,4G,98.35,34.18,0.84,25.8,62,0,2.92
AIR109047,2025-06-15,Rajasthan,Rajasthan City 2,5G,99.34,187.07,0.5,21.1,52,1,4.05
AIR109048,2025-07-15,Maharashtra,Maharashtra City 2,5G,98.04,178.26,0.76,12.6,145,0,3.65
AIR109049,2025-08-15,Kerala,Kerala City 2,4G,97.45,53.52,0.66,43.8,63,1,3.42
AIR109050,2025-09-15,Telangana,Telangana City 1,5G,98.8,223.66,0.78,23.5,57,0,4.08
AIR109051,2025-10-15,Telangana,Telangana City 1,4G,97.63,38.03,0.33,42.5,86,1,3.29
AIR109052,2025-11-15,Maharashtra,Maharashtra City 1,4G,98.1,35.1,1.78,39.7,88,1,3.52
AIR109053,2025-12-15,Delhi,Delhi City 3,4G,98.62,47.25,1.42,39.1,18,0,3.7
AIR109054,2025-02-15,Uttar Pradesh,Uttar Pradesh City 3,5G,99.06,130.17,0.51,23.5,43,0,3.89
AIR109055,2025-03-15,Telangana,Telangana City 2,4G,98.96,15.28,0.86,23.6,138,1,3.78
AIR109056,2025-04-15,West Bengal,West Bengal City 2,4G,98.27,60.92,1.86,40,5,0,3.11
AIR109057,2025-05-15,Karnataka,Karnataka City 1,5G,98.95,210.66,0.75,19,37,0,4.14
AIR109058,2025-06-15,Rajasthan,Rajasthan City 2,5G,99.36,156.29,0.75,22.7,80,1,3.61
AIR109059,2025-07-15,Telangana,Telangana City 3,5G,99.05,180.18,0.53,23.3,91,0,4.44
AIR109060,2025-08-15,West Bengal,West Bengal City 2,4G,98.5,52.8,0.6,24.1,61,0,2.64
AIR109061,2025-09-15,Gujarat,Gujarat City 1,4G,97.69,41.63,1.38,40.3,100,0,3.07
AIR109062,2025-10-15,Gujarat,Gujarat City 2,4G,98.15,72.09,1.82,38.6,55,0,3.2
AIR109063,2025-11-15,Rajasthan,Rajasthan City 3,4G,98.35,63.15,0.67,9,109,0,3.77
AIR109064,2025-12-15,Delhi,Delhi City 1,4G,98.87,54.64,1.09,47.8,45,1,4.32
AIR109065,2025-02-15,Kerala,Kerala City 2,4G,98.25,14.61,0.53,39.8,83,0,3.29
AIR109066,2025-03-15,Rajasthan,Rajasthan City 3,5G,99.47,164.68,0.13,20.8,47,0,4.39
AIR109067,2025-04-15,Tamil Nadu,Tamil Nadu City 1,4G,98.27,41.32,0.78,31.6,67,0,2.78
AIR109068,2025-05-15,Delhi,Delhi City 1,4G,96.21,49.34,1.41,49.2,123,1,2.89
AIR109069,2025-06-15,Telangana,Telangana City 3,4G,97.83,35.51,1.3,36.8,100,0,3.05
AIR109070,2025-07-15,Rajasthan,Rajasthan City 2,4G,97.45,49.98,0.45,51.2,82,0,3.76
AIR109071,2025-08-15,Uttar Pradesh,Uttar Pradesh City 2,4G,97.92,35.97,0.05,26.3,125,1,3.52
AIR109072,2025-09-15,Gujarat,Gujarat City 2,4G,97.27,54.07,0.99,54.3,5,0,3.61
AIR109073,2025-10-15,West Bengal,West Bengal City 1,5G,100,108.57,0.53,14.5,85,0,4.32
AIR109074,2025-11-15,Rajasthan,Rajasthan City 1,4G,97.56,48.64,0.69,39,96,0,4.23
AIR109075,2025-12-15,Uttar Pradesh,Uttar Pradesh City 2,4G,98.51,48.02,2.01,48.1,133,0,2.87
AIR109076,2025-02-15,Delhi,Delhi City 1,5G,99.33,135.16,0.58,11.9,71,0,3.8
AIR109077,2025-03-15,Tamil Nadu,Tamil Nadu City 1,5G,100,155.55,0.68,23.6,5,0,3.67
AIR109078,2025-04-15,West Bengal,West Bengal City 3,5G,99.29,190.61,0.92,20.2,59,0,3.49
AIR109079,2025-05-15,Karnataka,Karnataka City 2,5G,98.88,163.14,0.93,23.8,106,0,4.24
AIR109080,2025-06-15,Tamil Nadu,Tamil Nadu City 2,5G,98.55,114.32,0.29,15.3,62,0,3.66
AIR109081,2025-07-15,Telangana,Telangana City 2,4G,97.85,40.35,0.32,42.8,46,0,3.7
AIR109082,2025-08-15,Uttar Pradesh,Uttar Pradesh City 1,5G,99.18,138.04,0.45,17,64,0,4.21
AIR109083,2025-09-15,Rajasthan,Rajasthan City 1,4G,97.98,51.77,1.32,33.3,114,0,3.22
AIR109084,2025-10-15,Rajasthan,Rajasthan City 1,4G,96.9,36.57,1.15,32.9,106,0,3.2
AIR109085,2025-11-15,Maharashtra,Maharashtra City 2,4G,97.73,41.21,1.29,40.5,30,0,3.01
AIR109086,2025-12-15,Gujarat,Gujarat City 1,4G,97.56,38.53,0.87,42.6,70,0,2.91
AIR109087,2025-02-15,Telangana,Telangana City 2,4G,98.91,64.24,0.56,55.3,28,0,3.85
AIR109088,2025-03-15,Uttar Pradesh,Uttar Pradesh City 1,4G,97.45,41.16,1.03,37.8,109,0,3.4
AIR109089,2025-04-15,Rajasthan,Rajasthan City 2,4G,99.99,31.81,0.96,34.7,126,0,4.1
AIR109090,2025-05-15,Karnataka,Karnataka City 3,5G,100,137.7,0.73,9.1,77,0,3.94
AIR109091,2025-06-15,West Bengal,West Bengal City 1,5G,99.88,155.11,0.62,28.8,68,1,3.95
AIR109092,2025-07-15,Telangana,Telangana City 2,4G,98.36,40.77,1.14,27.5,92,1,3.08
AIR109093,2025-08-15,Delhi,Delhi City 3,5G,98.78,133.58,0.55,19.3,135,0,4.23
AIR109094,2025-09-15,Karnataka,Karnataka City 3,4G,98.92,36.45,1.09,36.6,38,0,4.04
AIR109095,2025-10-15,West Bengal,West Bengal City 1,5G,98.83,186.47,0.48,27.5,47,0,3.84
AIR109096,2025-11-15,Kerala,Kerala City 2,4G,98.3,64.17,1.18,26.9,35,0,3.3
AIR109097,2025-12-15,Gujarat,Gujarat City 1,4G,97.63,43.39,0.96,49,21,0,4.11
AIR109098,2025-02-15,Telangana,Telangana City 3,4G,98.78,59.45,1.32,31.4,73,0,3.14
AIR109099,2025-03-15,Uttar Pradesh,Uttar Pradesh City 1,4G,98.12,47,1.61,48.1,43,0,3.14
AIR109100,2025-04-15,Tamil Nadu,Tamil Nadu City 2,4G,98.56,36.75,1.09,41.3,54,0,3.45
AIR109101,2025-05-15,West Bengal,West Bengal City 3,4G,98.93,37.14,0.93,41.5,70,0,3.21
AIR109102,2025-06-15,Delhi,Delhi City 1,4G,99.29,49.49,0.99,27.9,54,0,3.59
AIR109103,2025-07-15,Rajasthan,Rajasthan City 1,4G,98.48,22.44,1.12,43.2,145,0,3.2
AIR109104,2025-08-15,Tamil Nadu,Tamil Nadu City 1,4G,99.51,47.62,1.44,43.2,57,0,3.72
AIR109105,2025-09-15,Karnataka,Karnataka City 1,5G,99,194.3,0.92,23.8,89,0,3.42
AIR109106,2025-10-15,Gujarat,Gujarat City 1,4G,97.86,58.22,0.99,32.2,65,0,3.67
AIR109107,2025-11-15,Uttar Pradesh,Uttar Pradesh City 3,4G,97.63,59.57,1.39,51.1,95,0,3.04
AIR109108,2025-12-15,Tamil Nadu,Tamil Nadu City 3,5G,99.86,209.22,0.21,13.9,77,1,4.76
AIR109109,2025-02-15,Delhi,Delhi City 2,5G,98.57,166.66,0.4,19.8,29,1,3.82
AIR109110,2025-03-15,West Bengal,West Bengal City 1,4G,97.73,36.03,0.52,21.1,90,0,3.62
AIR109111,2025-04-15,Uttar Pradesh,Uttar Pradesh City 2,5G,98.76,138.13,0.73,21,27,0,4.15
AIR109112,2025-05-15,Kerala,Kerala City 3,4G,95.47,41.54,1.25,35,39,0,2.18
AIR109113,2025-06-15,Rajasthan,Rajasthan City 1,4G,99.03,13.47,1.05,31.3,8,0,4.31
AIR109114,2025-07-15,Gujarat,Gujarat City 2,4G,97.68,44.12,0.96,47.4,96,0,3.12
AIR109115,2025-08-15,Tamil Nadu,Tamil Nadu City 1,4G,98.51,38.52,0.89,34.2,115,1,4.02
AIR109116,2025-09-15,Gujarat,Gujarat City 1,4G,97.14,73.44,1.29,54.5,92,0,3.25
AIR109117,2025-10-15,Gujarat,Gujarat City 2,4G,98.34,30.88,1.42,50.3,56,0,3.17
AIR109118,2025-11-15,Gujarat,Gujarat City 3,4G,98.35,74.08,1.36,32.7,168,0,3.63
AIR109119,2025-12-15,West Bengal,West Bengal City 2,5G,99.75,146.13,1.03,16.6,96,0,3.95
AIR109120,2025-02-15,Gujarat,Gujarat City 2,4G,98.91,25.78,1.31,24.6,52,0,3.6
AIR109121,2025-03-15,Kerala,Kerala City 2,4G,97.05,47.38,0.48,36.7,87,0,3.42
AIR109122,2025-04-15,Karnataka,Karnataka City 1,4G,98.13,52.02,0.69,28.5,88,0,3.37
AIR109123,2025-05-15,Delhi,Delhi City 3,5G,98.18,117.88,0.58,20.9,124,0,3.9
AIR109124,2025-06-15,Uttar Pradesh,Uttar Pradesh City 3,4G,97.69,29.21,0.45,30,87,0,3.73
AIR109125,2025-07-15,Kerala,Kerala City 1,5G,99.27,136.09,0.24,27.8,80,1,4.18
AIR109126,2025-08-15,Uttar Pradesh,Uttar Pradesh City 3,5G,98.92,129.83,0.66,15.4,108,0,4.42
AIR109127,2025-09-15,Delhi,Delhi City 2,4G,97.05,40.05,1.15,50.1,150,1,3.07
AIR109128,2025-10-15,Karnataka,Karnataka City 3,5G,98.6,172.87,0.68,18.6,57,0,3.55
AIR109129,2025-11-15,Telangana,Telangana City 1,4G,97.43,26.37,1.16,51,75,0,3.05
AIR109130,2025-12-15,Uttar Pradesh,Uttar Pradesh City 3,4G,97.96,49.92,0.77,57.7,86,0,3.01
AIR109131,2025-02-15,Uttar Pradesh,Uttar Pradesh City 1,4G,99.06,50.51,1.14,33.1,78,0,4.16
AIR109132,2025-03-15,Karnataka,Karnataka City 2,4G,98.64,26.4,1,48.9,73,0,3.6
AIR109133,2025-04-15,Tamil Nadu,Tamil Nadu City 1,4G,99.12,51.06,0.82,27.6,68,0,3.75
AIR109134,2025-05-15,Kerala,Kerala City 3,4G,98.57,7.88,1.32,35.1,80,0,2.7
AIR109135,2025-06-15,Tamil Nadu,Tamil Nadu City 2,4G,98.3,31.17,0.99,46.3,49,0,3.2
AIR109136,2025-07-15,Tamil Nadu,Tamil Nadu City 3,5G,99.27,177.35,0.42,23.4,49,1,4.01
AIR109137,2025-08-15,Tamil Nadu,Tamil Nadu City 1,4G,97.01,53.7,1.01,35.3,62,0,3.19
AIR109138,2025-09-15,Gujarat,Gujarat City 2,5G,99.12,186.78,0.55,29.3,77,0,4.29
AIR109139,2025-10-15,Rajasthan,Rajasthan City 1,4G,98.62,36.76,1.02,40.9,113,0,3.38
AIR109140,2025-11-15,Uttar Pradesh,Uttar Pradesh City 3,4G,98.9,53.83,1.37,41.5,89,1,3.19
AIR109141,2025-12-15,Tamil Nadu,Tamil Nadu City 1,5G,98.72,185.94,0.61,22.5,127,1,4.26
AIR109142,2025-02-15,Kerala,Kerala City 3,4G,97.53,37.52,0.86,36.5,20,1,2.89
AIR109143,2025-03-15,Rajasthan,Rajasthan City 3,4G,98.22,17.1,0.83,31.8,94,0,3.31
AIR109144,2025-04-15,Rajasthan,Rajasthan City 2,4G,97.24,50.91,1.3,13.1,35,0,3.29
AIR109145,2025-05-15,Tamil Nadu,Tamil Nadu City 2,4G,97.82,58.13,0.93,51.9,53,0,3.69
AIR109146,2025-06-15,West Bengal,West Bengal City 1,4G,97.87,45.2,1.26,56,124,0,3.53
AIR109147,2025-07-15,Tamil Nadu,Tamil Nadu City 3,4G,97.8,57.13,1.38,35.1,62,0,3.68
AIR109148,2025-08-15,West Bengal,West Bengal City 3,5G,99.15,181.37,0.26,18.2,34,0,3.72
AIR109149,2025-09-15,Tamil Nadu,Tamil Nadu City 2,4G,96.9,36.55,0.72,44,87,0,3.59
AIR109150,2025-10-15,Kerala,Kerala City 2,4G,98.58,59.35,0.9,39.4,44,1,3.67
AIR109151,2025-11-15,West Bengal,West Bengal City 2,4G,98.34,57.66,1.23,37.7,90,0,3.07
AIR109152,2025-12-15,Gujarat,Gujarat City 2,4G,97.25,41.97,0.95,15.5,67,0,3.82
AIR109153,2025-02-15,Rajasthan,Rajasthan City 1,4G,98.48,51.15,1.71,43.2,124,0,3.35
AIR109154,2025-03-15,Tamil Nadu,Tamil Nadu City 1,4G,97.95,66.25,1.1,40.7,114,0,3.43
AIR109155,2025-04-15,Rajasthan,Rajasthan City 1,4G,97.47,39.87,1.22,42.2,13,0,3.23
AIR109156,2025-05-15,Tamil Nadu,Tamil Nadu City 1,5G,98.16,152.96,0.82,20.9,86,0,3.72
AIR109157,2025-06-15,Uttar Pradesh,Uttar Pradesh City 2,4G,98.19,53,1.13,40.3,90,1,3.25
AIR109158,2025-07-15,Uttar Pradesh,Uttar Pradesh City 1,5G,98.15,92.79,0.97,18.9,112,0,3.59
AIR109159,2025-08-15,Maharashtra,Maharashtra City 1,4G,97.61,44.11,1.58,35.9,91,0,3.35
AIR109160,2025-09-15,Tamil Nadu,Tamil Nadu City 1,4G,98.54,18.39,1.33,35,40,0,3
AIR109161,2025-10-15,Maharashtra,Maharashtra City 2,5G,98.95,138.78,0.36,25.4,102,0,3.21
AIR109162,2025-11-15,Karnataka,Karnataka City 3,5G,98.29,117.31,1.17,18.9,36,0,3.48
AIR109163,2025-12-15,Karnataka,Karnataka City 2,4G,97.34,49.5,0.9,29.2,48,0,3.1
AIR109164,2025-02-15,Rajasthan,Rajasthan City 3,5G,99.57,201.93,0.73,5,111,0,4.26
AIR109165,2025-03-15,West Bengal,West Bengal City 3,5G,99.44,174.39,0.4,18.8,90,1,4.22
AIR109166,2025-04-15,Tamil Nadu,Tamil Nadu City 1,5G,99.57,129.92,0.14,16.5,118,0,4.12
AIR109167,2025-05-15,Delhi,Delhi City 1,4G,97.78,38.35,1.25,36.9,99,0,3.23
AIR109168,2025-06-15,Tamil Nadu,Tamil Nadu City 1,5G,99.8,113.37,0.57,18.4,76,0,4.05
AIR109169,2025-07-15,Tamil Nadu,Tamil Nadu City 2,5G,100,144.96,0.92,19.4,105,1,3.56
AIR109170,2025-08-15,Delhi,Delhi City 2,4G,97.51,36.95,1.36,52.5,59,0,3.64
AIR109171,2025-09-15,Karnataka,Karnataka City 1,5G,98.97,166.84,0.55,24.4,56,1,3.81
AIR109172,2025-10-15,Maharashtra,Maharashtra City 2,5G,99.18,181.36,0.99,20.3,56,1,3.57
AIR109173,2025-11-15,Rajasthan,Rajasthan City 2,4G,99.42,34.37,0.8,23.8,81,1,3.37
AIR109174,2025-12-15,Karnataka,Karnataka City 3,4G,98.37,38.69,1.15,35.2,74,1,3.46
AIR109175,2025-02-15,Delhi,Delhi City 2,4G,97.84,43.13,1.14,35.4,130,0,3.86
AIR109176,2025-03-15,Tamil Nadu,Tamil Nadu City 3,4G,98.49,48.58,0.99,34.2,42,0,3.49
AIR109177,2025-04-15,Karnataka,Karnataka City 1,4G,98.72,52.6,0.64,41.6,40,0,3.96
AIR109178,2025-05-15,Kerala,Kerala City 2,4G,96.8,25.98,0.83,51.9,52,0,2.77
AIR109179,2025-06-15,Uttar Pradesh,Uttar Pradesh City 3,4G,97.53,38.22,1.53,30.7,95,1,2.95
AIR109180,2025-07-15,Tamil Nadu,Tamil Nadu City 2,5G,98.93,180.26,0.96,31.2,97,0,4.13
AIR109181,2025-08-15,Telangana,Telangana City 3,5G,99.09,166.84,0.75,16.2,57,1,4.09
AIR109182,2025-09-15,Delhi,Delhi City 3,4G,97.84,46.04,1.36,31.4,39,0,3.36
AIR109183,2025-10-15,Gujarat,Gujarat City 2,5G,99.96,169.32,0.4,21.2,94,0,3.92
AIR109184,2025-11-15,West Bengal,West Bengal City 1,4G,97.56,38.17,1.03,45.4,28,0,3.56
AIR109185,2025-12-15,Gujarat,Gujarat City 3,5G,99.15,183.02,0.51,16.8,108,0,3.96
AIR109186,2025-02-15,Karnataka,Karnataka City 1,5G,98.54,118.36,0.77,23.6,15,0,3.84
AIR109187,2025-03-15,Tamil Nadu,Tamil Nadu City 2,4G,96.82,56.19,0.36,47.5,59,0,4.24
AIR109188,2025-04-15,West Bengal,West Bengal City 2,4G,98.83,44.19,1.7,30.6,53,0,3.37
AIR109189,2025-05-15,West Bengal,West Bengal City 1,4G,98.54,55.64,1.22,22.2,107,0,2.77
AIR109190,2025-06-15,Rajasthan,Rajasthan City 2,5G,99.24,191.57,0.78,22.1,62,0,3.87
AIR109191,2025-07-15,Gujarat,Gujarat City 3,5G,98.79,121.24,0.41,21,89,0,3.75
AIR109192,2025-08-15,Tamil Nadu,Tamil Nadu City 1,4G,98.15,44.41,0.94,55.4,44,0,2.64
AIR109193,2025-09-15,Rajasthan,Rajasthan City 2,4G,99.7,46.74,1.58,51.4,5,0,3.12
AIR109194,2025-10-15,Maharashtra,Maharashtra City 2,4G,97.63,53.73,1.34,57.4,93,1,4.28
AIR109195,2025-11-15,Gujarat,Gujarat City 1,4G,98.42,53.94,0.81,36.6,76,0,3.17
AIR109196,2025-12-15,Uttar Pradesh,Uttar Pradesh City 3,5G,99.81,114.59,0.86,34.1,51,1,4.23
AIR109197,2025-02-15,Uttar Pradesh,Uttar Pradesh City 1,4G,98.43,58.68,0.71,39.6,102,0,3.69
AIR109198,2025-03-15,Rajasthan,Rajasthan City 2,5G,99.56,163.72,0.69,18.5,122,0,3.93
AIR109199,2025-04-15,Maharashtra,Maharashtra City 2,5G,99.32,163.82,0.34,21.8,115,1,4.32
AIR109200,2025-05-15,Kerala,Kerala City 1,5G,99.18,157.96,0.05,17.4,59,0,3.83
AIR109201,2025-06-15,Kerala,Kerala City 3,4G,98.17,58.31,1.38,35.6,159,0,3.18
AIR109202,2025-07-15,Uttar Pradesh,Uttar Pradesh City 3,4G,98.32,56.89,1.25,47,24,0,3.12
AIR109203,2025-08-15,Telangana,Telangana City 3,4G,98.83,47.15,1.61,33.2,121,0,3.66
AIR109204,2025-09-15,Delhi,Delhi City 1,5G,99.7,96.34,0.61,27.1,74,0,3.38
AIR109205,2025-10-15,Delhi,Delhi City 3,4G,97.93,72.59,0.97,22.4,56,1,4.03
AIR109206,2025-11-15,Telangana,Telangana City 3,4G,98.99,41.26,0.97,45.3,80,0,4.06
AIR109207,2025-12-15,Rajasthan,Rajasthan City 3,5G,98.63,111.44,0.56,22.3,121,1,3.76
AIR109208,2025-02-15,Delhi,Delhi City 3,4G,97.6,5,1.28,52.6,5,1,3.4
AIR109209,2025-03-15,Delhi,Delhi City 2,4G,98.55,26.89,1.05,40,106,1,2.89
AIR109210,2025-04-15,Gujarat,Gujarat City 1,4G,98,60.51,1.15,24.8,53,0,3.61
AIR109211,2025-05-15,Gujarat,Gujarat City 1,4G,97.11,42.62,0.53,26.3,84,0,4.66
AIR109212,2025-06-15,Telangana,Telangana City 3,4G,98.56,39.19,1.3,38.9,151,0,3.65
AIR109213,2025-07-15,Tamil Nadu,Tamil Nadu City 1,4G,97.88,52.98,1.21,39.6,42,0,3.45
AIR109214,2025-08-15,Maharashtra,Maharashtra City 1,5G,98.9,171.42,0.69,22.2,98,0,4.05
AIR109215,2025-09-15,Rajasthan,Rajasthan City 2,5G,98.59,186.39,0.58,18.9,51,1,4.1
AIR109216,2025-10-15,Gujarat,Gujarat City 1,4G,98.7,50.53,0.73,46.8,5,0,3.93
AIR109217,2025-11-15,Gujarat,Gujarat City 2,5G,99.59,104.15,0.45,25,160,0,3.85
AIR109218,2025-12-15,Kerala,Kerala City 1,4G,98.06,52.27,1,51.5,114,1,3.57
AIR109219,2025-02-15,Maharashtra,Maharashtra City 2,4G,98.56,24.04,0.79,36.2,57,1,3.45
AIR109220,2025-03-15,Kerala,Kerala City 2,5G,98.54,166.53,0.42,12.5,73,0,4.57
AIR109221,2025-04-15,Tamil Nadu,Tamil Nadu City 1,5G,99.32,131.51,0.59,15.4,63,0,3.73
AIR109222,2025-05-15,Maharashtra,Maharashtra City 2,4G,98.81,49.18,1.55,47.8,47,0,2.84
AIR109223,2025-06-15,Delhi,Delhi City 2,4G,97.72,50.14,1.17,34.1,44,0,3.36
AIR109224,2025-07-15,Kerala,Kerala City 1,5G,99.26,121.24,0.73,12,69,0,4.8
AIR109225,2025-08-15,Uttar Pradesh,Uttar Pradesh City 2,4G,97.75,34.96,0.73,18.9,121,1,3.32
AIR109226,2025-09-15,Rajasthan,Rajasthan City 2,5G,99.27,126.74,0.71,19.1,46,0,4.16
AIR109227,2025-10-15,Delhi,Delhi City 2,4G,98.8,54,1.2,29.1,97,0,3.56
AIR109228,2025-11-15,Maharashtra,Maharashtra City 2,5G,99.66,168.83,0.61,26.4,87,0,3.08
AIR109229,2025-12-15,Uttar Pradesh,Uttar Pradesh City 2,4G,97.84,65.87,1.46,52.7,66,1,2.7
AIR109230,2025-02-15,Tamil Nadu,Tamil Nadu City 3,4G,99.19,39.46,0.77,55.7,60,0,3.96
AIR109231,2025-03-15,Uttar Pradesh,Uttar Pradesh City 2,4G,97.27,45.33,0.82,48.6,91,0,3.21
AIR109232,2025-04-15,Gujarat,Gujarat City 2,4G,98.72,29.98,1.1,37.3,98,0,3.18
AIR109233,2025-05-15,Telangana,Telangana City 2,5G,99.67,159.57,0.29,24.5,5,0,3.76
AIR109234,2025-06-15,Uttar Pradesh,Uttar Pradesh City 2,4G,99.1,37.17,1.17,39.6,62,0,3.79
AIR109235,2025-07-15,West Bengal,West Bengal City 1,4G,98.14,31.3,1.01,43.2,70,0,3.78
AIR109236,2025-08-15,Tamil Nadu,Tamil Nadu City 3,4G,98.97,56.54,1.38,23.1,63,0,4.01
AIR109237,2025-09-15,Delhi,Delhi City 1,4G,97.84,56.39,1.01,31.1,182,0,3.34
AIR109238,2025-10-15,Kerala,Kerala City 3,4G,99.79,18.76,0.82,59.7,58,0,3.43
AIR109239,2025-11-15,Karnataka,Karnataka City 2,4G,98.41,33.07,1.7,33.9,110,1,3.54
AIR109240,2025-12-15,Tamil Nadu,Tamil Nadu City 2,4G,98.66,38.18,1.42,43.8,63,0,3.89
AIR109241,2025-02-15,West Bengal,West Bengal City 3,4G,99.11,50.71,0.6,24.8,96,1,4.21
AIR109242,2025-03-15,Gujarat,Gujarat City 3,5G,98.66,134.85,0.52,20.5,91,0,3.93
AIR109243,2025-04-15,Kerala,Kerala City 1,5G,99.05,166.69,0.66,19,70,0,3.94
AIR109244,2025-05-15,Rajasthan,Rajasthan City 3,5G,98.88,99.7,0.07,27.4,144,1,3.95
AIR109245,2025-06-15,Karnataka,Karnataka City 2,4G,98.5,62.87,1.22,46.5,85,0,3.36
AIR109246,2025-07-15,Uttar Pradesh,Uttar Pradesh City 1,4G,99.19,35.98,1.15,49.3,63,1,4
AIR109247,2025-08-15,West Bengal,West Bengal City 3,4G,98.92,51.42,1.56,48.9,56,0,3.68
AIR109248,2025-09-15,Uttar Pradesh,Uttar Pradesh City 3,4G,96.76,54.6,1.07,44.4,88,0,3.09
AIR109249,2025-10-15,Rajasthan,Rajasthan City 1,4G,97.09,27.86,1.33,40.1,113,0,3.7
AIR109250,2025-11-15,Tamil Nadu,Tamil Nadu City 3,4G,98.78,44.12,1.17,48.1,132,1,3.15
AIR109251,2025-12-15,Telangana,Telangana City 2,4G,99.56,65.79,0.42,40.4,36,1,3.92
AIR109252,2025-02-15,West Bengal,West Bengal City 1,5G,98.18,116.54,0.69,14,60,0,3.69
AIR109253,2025-03-15,Maharashtra,Maharashtra City 3,5G,99.12,123.93,0.63,19.6,62,1,3.86
AIR109254,2025-04-15,Delhi,Delhi City 2,5G,99.83,187.1,1.08,5,51,0,4.05
AIR109255,2025-05-15,Maharashtra,Maharashtra City 3,4G,98.32,59.62,0.97,26.6,116,0,3.54
AIR109256,2025-06-15,Telangana,Telangana City 1,4G,97.59,70.92,0.77,35.6,57,0,3.56
AIR109257,2025-07-15,Rajasthan,Rajasthan City 3,4G,97.77,20.05,0.92,28.2,56,0,3.01
AIR109258,2025-08-15,Maharashtra,Maharashtra City 3,4G,98.08,72.49,1.17,58.3,76,0,3.31
AIR109259,2025-09-15,Gujarat,Gujarat City 3,4G,98.4,51.89,1.52,35.1,7,1,3.35
AIR109260,2025-10-15,West Bengal,West Bengal City 2,4G,99.41,54.01,1.5,44.7,59,0,3.48
AIR109261,2025-11-15,Gujarat,Gujarat City 2,4G,97.55,40.93,0.77,31.4,129,0,4.02
AIR109262,2025-12-15,Karnataka,Karnataka City 3,5G,99.69,115.93,0.22,18.8,135,0,3.88
AIR109263,2025-02-15,Telangana,Telangana City 3,5G,99.22,149.58,0.74,20.4,107,0,3.73
AIR109264,2025-03-15,Karnataka,Karnataka City 1,4G,97.69,46.02,1.17,37,66,0,3.31
AIR109265,2025-04-15,Karnataka,Karnataka City 3,4G,97.66,34.83,1.15,45.1,26,0,3.49
AIR109266,2025-05-15,Karnataka,Karnataka City 1,5G,98.94,218.09,0.64,25.1,148,0,3.63
AIR109267,2025-06-15,Tamil Nadu,Tamil Nadu City 2,4G,97.55,33.09,1.62,10.1,161,0,3.43
AIR109268,2025-07-15,Tamil Nadu,Tamil Nadu City 3,4G,96.99,57.88,1.26,48,5,0,3.16
AIR109269,2025-08-15,Telangana,Telangana City 1,4G,98.2,59.71,1.32,46.8,110,1,3.31
AIR109270,2025-09-15,Kerala,Kerala City 2,4G,97.85,56.77,1.11,48.5,71,1,3.16
AIR109271,2025-10-15,Maharashtra,Maharashtra City 1,4G,97.62,43.92,0.78,17.7,160,0,4.19
AIR109272,2025-11-15,Tamil Nadu,Tamil Nadu City 2,5G,99.77,165.88,1.14,13,81,0,4.64
AIR109273,2025-12-15,Uttar Pradesh,Uttar Pradesh City 3,4G,98.32,35.77,0.7,39.6,57,0,4.19
AIR109274,2025-02-15,Gujarat,Gujarat City 1,4G,98.44,44.78,0.93,56.8,88,0,2.88
AIR109275,2025-03-15,Tamil Nadu,Tamil Nadu City 3,4G,99.02,38.44,1.5,33.6,44,1,3.6
AIR109276,2025-04-15,Rajasthan,Rajasthan City 1,5G,99.23,181.51,0.45,26.8,5,0,3.74
AIR109277,2025-05-15,Karnataka,Karnataka City 2,4G,98.05,47.3,1.05,38.5,70,0,3.87
AIR109278,2025-06-15,Tamil Nadu,Tamil Nadu City 1,4G,99.06,52.05,0.65,39.1,18,0,4.32
AIR109279,2025-07-15,Telangana,Telangana City 1,4G,97.04,41.5,1,48.8,75,0,3.3
AIR109280,2025-08-15,Gujarat,Gujarat City 3,4G,98.45,52.5,1.02,25.6,12,0,3.64
AIR109281,2025-09-15,Gujarat,Gujarat City 3,4G,99.38,44.81,0.32,22.3,97,0,3.56
AIR109282,2025-10-15,Kerala,Kerala City 3,4G,96.74,20.09,1.86,30.8,38,1,2.42
AIR109283,2025-11-15,Delhi,Delhi City 2,5G,99.94,134.54,0.62,34,78,1,4.2
AIR109284,2025-12-15,Delhi,Delhi City 3,5G,99.26,123.53,0.71,17.3,24,1,3.91
AIR109285,2025-02-15,Maharashtra,Maharashtra City 1,4G,98.35,50.54,0.94,39,23,1,3.54
AIR109286,2025-03-15,Uttar Pradesh,Uttar Pradesh City 2,4G,99.12,39.02,0.59,56.7,51,0,3.95
AIR109287,2025-04-15,West Bengal,West Bengal City 3,4G,98.5,33.91,1.4,40.9,88,1,3.63
AIR109288,2025-05-15,Telangana,Telangana City 1,5G,99.87,119.79,0.54,27.1,28,1,3.68
AIR109289,2025-06-15,Rajasthan,Rajasthan City 1,4G,97.86,53.63,1.35,42,113,0,3.14
AIR109290,2025-07-15,Tamil Nadu,Tamil Nadu City 2,5G,99.02,73.94,0.45,21,53,0,4.22
AIR109291,2025-08-15,Telangana,Telangana City 1,5G,99.44,208.68,0.74,24.2,87,0,3.22
AIR109292,2025-09-15,Uttar Pradesh,Uttar Pradesh City 3,5G,99.47,126.8,0.93,14.6,77,0,4.01
AIR109293,2025-10-15,Delhi,Delhi City 1,5G,98.88,116.38,0.93,21.5,90,0,3.93
AIR109294,2025-11-15,Telangana,Telangana City 3,5G,99.93,175.35,0.71,20.3,38,0,3.88
AIR109295,2025-12-15,Tamil Nadu,Tamil Nadu City 3,4G,98.33,29.23,0.49,27.2,54,0,3.36
AIR109296,2025-02-15,Kerala,Kerala City 2,4G,98.79,54.93,1.49,44.6,57,0,3.51
AIR109297,2025-03-15,Maharashtra,Maharashtra City 1,4G,97.84,62.55,1.38,36.1,59,1,3.86
AIR109298,2025-04-15,Kerala,Kerala City 2,4G,97.45,34.47,1.19,39.5,44,0,3.04
AIR109299,2025-05-15,Delhi,Delhi City 2,4G,98.06,42.18,1.7,36,28,0,3.41
AIR109300,2025-06-15,Karnataka,Karnataka City 2,4G,96.95,31.69,0.78,45.3,148,0,2.42
AIR109301,2025-07-15,Delhi,Delhi City 3,4G,98.62,40.01,0.62,13.4,82,0,4.42
AIR109302,2025-08-15,Maharashtra,Maharashtra City 3,4G,98.59,52.93,0.93,24.4,59,0,3.03
AIR109303,2025-09-15,Tamil Nadu,Tamil Nadu City 3,4G,98.36,43.04,0.82,57.5,54,0,4.29
AIR109304,2025-10-15,Uttar Pradesh,Uttar Pradesh City 3,4G,97.16,53.94,0.71,49.2,146,0,3.07
AIR109305,2025-11-15,West Bengal,West Bengal City 1,4G,97.44,72.35,1.66,31.3,105,0,2.49
AIR109306,2025-12-15,Kerala,Kerala City 1,4G,99.51,37.82,0.6,42.4,57,0,4.01
AIR109307,2025-02-15,Delhi,Delhi City 3,5G,99.48,130.98,0.68,28.1,78,1,4.29
AIR109308,2025-03-15,Uttar Pradesh,Uttar Pradesh City 3,4G,98.79,40.22,1.25,51.6,81,0,3.12
AIR109309,2025-04-15,Kerala,Kerala City 1,4G,100,53.58,1.61,34.9,73,0,3.35
AIR109310,2025-05-15,Delhi,Delhi City 2,4G,97.96,45.83,1.02,45.9,73,0,2.93
AIR109311,2025-06-15,Maharashtra,Maharashtra City 2,4G,98.6,47.84,1.07,39,107,1,3.51
AIR109312,2025-07-15,Kerala,Kerala City 3,4G,98.14,45.26,1.08,30,103,0,3.59
AIR109313,2025-08-15,Delhi,Delhi City 2,5G,100,133.9,0.46,22.8,121,0,4.7
AIR109314,2025-09-15,Tamil Nadu,Tamil Nadu City 3,4G,98.62,49.79,0.56,51.6,86,0,4.15
AIR109315,2025-10-15,Maharashtra,Maharashtra City 3,4G,98.62,47.07,0.71,48,40,0,3.77
AIR109316,2025-11-15,Uttar Pradesh,Uttar Pradesh City 3,4G,99.39,58.8,1.3,38.9,121,0,3.53
AIR109317,2025-12-15,Uttar Pradesh,Uttar Pradesh City 1,4G,97.62,42.95,0.88,42,37,1,3.05
AIR109318,2025-02-15,West Bengal,West Bengal City 2,5G,99.69,97.53,0.43,16.7,131,0,4.45
AIR109319,2025-03-15,Telangana,Telangana City 1,4G,98.16,47.52,0.42,44.1,28,0,3.67
AIR109320,2025-04-15,Karnataka,Karnataka City 2,5G,98.73,146.82,1.08,19.1,40,0,3.33
AIR109321,2025-05-15,Tamil Nadu,Tamil Nadu City 1,4G,98.34,60.95,0.76,36.5,5,1,3.86
AIR109322,2025-06-15,Maharashtra,Maharashtra City 1,5G,99.47,147.93,0.74,9.9,114,0,3.37
AIR109323,2025-07-15,Kerala,Kerala City 3,4G,97.04,41.45,1.27,49.2,102,1,2.91
AIR109324,2025-08-15,Uttar Pradesh,Uttar Pradesh City 3,4G,99.01,29.9,0.92,42.8,50,1,3.78
AIR109325,2025-09-15,Tamil Nadu,Tamil Nadu City 1,5G,99.1,93.28,1,14.2,71,0,3.5
AIR109326,2025-10-15,Maharashtra,Maharashtra City 2,4G,98.94,70.96,0.64,42,45,0,4.17
AIR109327,2025-11-15,Maharashtra,Maharashtra City 2,4G,98.23,37.06,1.38,32.9,63,0,3.35
AIR109328,2025-12-15,Kerala,Kerala City 3,4G,100,45.14,0.74,24.5,135,1,3.77
AIR109329,2025-02-15,Maharashtra,Maharashtra City 3,4G,98.54,48.59,1.03,47.6,78,1,3.24
AIR109330,2025-03-15,Rajasthan,Rajasthan City 2,4G,98.38,46.17,0.89,40.1,34,0,3.84
AIR109331,2025-04-15,Tamil Nadu,Tamil Nadu City 2,4G,98.27,33.72,0.85,42.2,55,0,3.72
AIR109332,2025-05-15,Delhi,Delhi City 2,4G,97.59,58.91,0.05,26.1,34,0,3.56
AIR109333,2025-06-15,Uttar Pradesh,Uttar Pradesh City 3,4G,97.98,45.64,1.49,26.5,75,0,3.49
AIR109334,2025-07-15,Uttar Pradesh,Uttar Pradesh City 2,4G,97.85,70.82,1.27,32.1,21,0,3.55
AIR109335,2025-08-15,Delhi,Delhi City 3,4G,98.68,42.24,1.01,43.1,99,0,3.18
AIR109336,2025-09-15,Tamil Nadu,Tamil Nadu City 1,5G,98.95,171.71,0.59,17.6,35,1,4.21
AIR109337,2025-10-15,Karnataka,Karnataka City 1,4G,99.09,39.21,0.83,45.3,52,1,4.19
AIR109338,2025-11-15,Tamil Nadu,Tamil Nadu City 1,5G,98.5,118.93,0.71,18.8,198,1,3.57
AIR109339,2025-12-15,Gujarat,Gujarat City 2,4G,97.13,44.21,0.67,53,63,1,3.56
AIR109340,2025-02-15,Maharashtra,Maharashtra City 3,4G,98.81,35.85,0.61,25.8,122,1,3.96
AIR109341,2025-03-15,Telangana,Telangana City 2,4G,97.53,57.46,1.29,45.6,34,0,2.87
AIR109342,2025-04-15,Kerala,Kerala City 3,4G,99.16,43.41,0.05,38.8,100,0,3.8
AIR109343,2025-05-15,Rajasthan,Rajasthan City 2,5G,99.33,146.87,0.6,25.4,75,1,3.67
AIR109344,2025-06-15,Telangana,Telangana City 1,4G,98.69,25.65,0.43,54.9,52,0,4.42
AIR109345,2025-07-15,Delhi,Delhi City 3,4G,97.69,53.54,1.43,50.4,73,1,2.43
AIR109346,2025-08-15,Kerala,Kerala City 2,5G,98.92,94.07,0.66,8,111,0,3.9
AIR109347,2025-09-15,Kerala,Kerala City 3,5G,99.72,163.24,1.17,13.7,118,1,4.44
AIR109348,2025-10-15,Kerala,Kerala City 3,4G,99.09,50.62,1.25,49.5,18,0,3.76
AIR109349,2025-11-15,Uttar Pradesh,Uttar Pradesh City 2,4G,97.44,54.11,0.97,21.3,20,0,4.03
AIR109350,2025-12-15,Rajasthan,Rajasthan City 2,4G,98.96,31.9,1.52,31.9,86,0,3.2
AIR109351,2025-02-15,Uttar Pradesh,Uttar Pradesh City 3,4G,98.93,53.97,0.8,29.5,62,1,4
AIR109352,2025-03-15,Maharashtra,Maharashtra City 3,4G,98.08,40.24,1.04,22,52,0,3.57
AIR109353,2025-04-15,Gujarat,Gujarat City 1,4G,99.63,48.81,0.67,30.6,71,0,3.95
AIR109354,2025-05-15,West Bengal,West Bengal City 3,5G,99.6,150.09,0.85,15.3,48,0,3.73
AIR109355,2025-06-15,Rajasthan,Rajasthan City 1,4G,96.53,59.78,0.57,31.1,55,0,3.42
AIR109356,2025-07-15,Telangana,Telangana City 1,4G,98.49,49.37,1.34,42.7,72,0,3.71
AIR109357,2025-08-15,Maharashtra,Maharashtra City 1,5G,98.9,135.55,0.99,23.9,83,0,3.4
AIR109358,2025-09-15,Tamil Nadu,Tamil Nadu City 3,4G,97.89,78.53,1.03,24.2,122,0,2.88
AIR109359,2025-10-15,Delhi,Delhi City 1,4G,99.06,65.67,1.11,20.4,34,1,3.79
AIR109360,2025-11-15,Gujarat,Gujarat City 3,5G,99.59,103.97,0.88,23.1,82,0,3.78
AIR109361,2025-12-15,Maharashtra,Maharashtra City 3,4G,98.99,38.55,0.76,32,65,1,3.9
AIR109362,2025-02-15,Tamil Nadu,Tamil Nadu City 2,4G,98.2,42.66,1.14,34.9,62,0,4.14
AIR109363,2025-03-15,Gujarat,Gujarat City 3,4G,98.03,46.18,1.14,44.8,60,0,3.39
AIR109364,2025-04-15,Tamil Nadu,Tamil Nadu City 3,4G,97.21,29.9,1.44,27.6,97,0,3.58
AIR109365,2025-05-15,Rajasthan,Rajasthan City 1,5G,98.59,177.36,0.52,22.9,12,1,3.46
AIR109366,2025-06-15,Tamil Nadu,Tamil Nadu City 3,4G,98.95,38.39,1.13,32.9,91,1,2.77
AIR109367,2025-07-15,Gujarat,Gujarat City 3,4G,97.79,62.08,1.45,47.9,86,0,3.58
AIR109368,2025-08-15,Tamil Nadu,Tamil Nadu City 2,4G,97.96,54.02,0.74,41,65,0,3.03
AIR109369,2025-09-15,Telangana,Telangana City 2,5G,99.08,132.25,0.58,26.4,67,0,4.23
AIR109370,2025-10-15,Maharashtra,Maharashtra City 1,4G,98.58,43.41,1.35,41.4,48,0,3.45
AIR109371,2025-11-15,Gujarat,Gujarat City 1,4G,99.64,25.59,0.49,21.1,40,0,4.31
AIR109372,2025-12-15,Telangana,Telangana City 2,5G,99.29,135.83,0.41,14.6,67,1,3.87
AIR109373,2025-02-15,Tamil Nadu,Tamil Nadu City 2,5G,98.79,92.84,0.75,26.6,80,1,3.77
AIR109374,2025-03-15,Tamil Nadu,Tamil Nadu City 3,4G,98.71,45.69,1.33,44.6,77,1,3.48
AIR109375,2025-04-15,Kerala,Kerala City 1,4G,97.26,39.12,0.93,45.5,115,0,3.36
AIR109376,2025-05-15,Gujarat,Gujarat City 1,4G,98.3,61.31,1.11,22.4,72,0,4.06
AIR109377,2025-06-15,Rajasthan,Rajasthan City 3,4G,100,43.84,0.63,30.5,69,0,4.03
AIR109378,2025-07-15,Tamil Nadu,Tamil Nadu City 3,4G,99.66,70.22,1.15,18,104,0,3.89
AIR109379,2025-08-15,Delhi,Delhi City 1,4G,99.17,17.62,0.83,42,90,1,3.28
AIR109380,2025-09-15,Uttar Pradesh,Uttar Pradesh City 2,4G,96.9,37.3,1.31,58.8,5,0,3.87
AIR109381,2025-10-15,West Bengal,West Bengal City 2,4G,99.39,73.85,0.97,39.1,64,1,3.74
AIR109382,2025-11-15,Uttar Pradesh,Uttar Pradesh City 3,5G,98.49,156.78,0.73,17.2,70,0,3.65
AIR109383,2025-12-15,Rajasthan,Rajasthan City 1,4G,98.43,53.82,1.43,47.7,79,1,3.51
AIR109384,2025-02-15,Maharashtra,Maharashtra City 3,4G,98.21,33.66,0.91,40.6,69,0,4.29
AIR109385,2025-03-15,Karnataka,Karnataka City 2,5G,99.52,180.37,0.41,16.8,25,1,3.99
AIR109386,2025-04-15,Delhi,Delhi City 2,4G,98.18,41.47,1.57,45.3,138,0,3.57
AIR109387,2025-05-15,Karnataka,Karnataka City 3,4G,97.92,30,1.13,31.1,58,0,2.92
AIR109388,2025-06-15,Tamil Nadu,Tamil Nadu City 2,4G,96.63,43.78,0.97,42.2,118,0,2.95
AIR109389,2025-07-15,Maharashtra,Maharashtra City 1,4G,97.21,30.82,0.12,36.1,26,0,3.83
AIR109390,2025-08-15,Telangana,Telangana City 3,4G,98.71,29.68,0.97,26.6,150,1,3.81
AIR109391,2025-09-15,Tamil Nadu,Tamil Nadu City 3,4G,99.27,24.89,1.27,35.3,125,1,3.59
AIR109392,2025-10-15,Karnataka,Karnataka City 3,4G,98.32,34.46,1.52,25.9,26,0,2.52
AIR109393,2025-11-15,Tamil Nadu,Tamil Nadu City 2,4G,98.79,51.76,0.66,35.8,48,1,3.79
AIR109394,2025-12-15,West Bengal,West Bengal City 1,4G,97.99,63.59,1.07,21.1,113,1,2.85
AIR109395,2025-02-15,Kerala,Kerala City 3,4G,97.99,55.66,1.01,45.4,82,1,3.01
AIR109396,2025-03-15,West Bengal,West Bengal City 3,4G,97.76,51.92,1.27,38.9,92,0,3.13
AIR109397,2025-04-15,Maharashtra,Maharashtra City 2,4G,97.03,44.46,1.4,30.2,36,1,3.24
AIR109398,2025-05-15,Telangana,Telangana City 1,5G,99.52,153.5,0.99,7.7,61,1,4.15
AIR109399,2025-06-15,West Bengal,West Bengal City 3,4G,98.03,32.23,0.7,35.1,121,1,3.45
AIR109400,2025-07-15,Gujarat,Gujarat City 2,4G,99.08,49.71,0.78,35.6,63,0,3.88
AIR109401,2025-08-15,Telangana,Telangana City 3,5G,98.09,97.63,0.59,17.5,73,0,3.44
AIR109402,2025-09-15,Karnataka,Karnataka City 2,4G,98.64,46.7,0.53,40,116,0,4.01
AIR109403,2025-10-15,West Bengal,West Bengal City 1,5G,98.46,103.88,0.57,25.5,93,1,3.97
AIR109404,2025-11-15,Kerala,Kerala City 2,5G,98.96,117.69,0.78,20.8,92,0,3.88
AIR109405,2025-12-15,Telangana,Telangana City 3,4G,97.35,44.65,0.96,22.6,86,1,3.46
AIR109406,2025-02-15,Tamil Nadu,Tamil Nadu City 3,5G,98.8,157.31,0.54,19.2,57,0,4.05
AIR109407,2025-03-15,Kerala,Kerala City 2,4G,98.99,34.52,0.69,36,67,1,3.75
AIR109408,2025-04-15,Tamil Nadu,Tamil Nadu City 1,5G,99.55,154.4,0.55,18.3,63,0,4.37
AIR109409,2025-05-15,West Bengal,West Bengal City 1,4G,100,27.48,0.77,28.5,60,0,3.78
AIR109410,2025-06-15,Delhi,Delhi City 3,4G,97.28,48.3,1.01,58.8,68,0,3.03
AIR109411,2025-07-15,Delhi,Delhi City 3,5G,99.08,150.35,0.62,24.2,91,0,4.1
AIR109412,2025-08-15,Karnataka,Karnataka City 2,4G,97.41,43.89,1.44,46.5,137,0,3.17
AIR109413,2025-09-15,Kerala,Kerala City 2,5G,99.01,120.59,0.67,29.5,155,0,4.14
AIR109414,2025-10-15,Tamil Nadu,Tamil Nadu City 2,4G,98.37,61.84,0.81,41.4,47,1,3.64
AIR109415,2025-11-15,Rajasthan,Rajasthan City 1,4G,96.96,19.94,1.72,33.3,94,0,2.88
AIR109416,2025-12-15,Kerala,Kerala City 1,4G,98.11,39.2,1.11,40.9,63,1,3.17
AIR109417,2025-02-15,Gujarat,Gujarat City 3,4G,99.32,35.63,1.15,29.7,18,0,3.4
AIR109418,2025-03-15,Karnataka,Karnataka City 3,4G,98.21,34.4,0.56,49.7,55,0,3.63
AIR109419,2025-04-15,Uttar Pradesh,Uttar Pradesh City 3,4G,98.51,53.31,0.18,45.7,44,1,4.17
AIR109420,2025-05-15,Uttar Pradesh,Uttar Pradesh City 2,4G,98.82,44.76,0.34,29.2,81,0,3.98
AIR109421,2025-06-15,Tamil Nadu,Tamil Nadu City 1,5G,100,142.03,0.69,20.2,77,1,4.17
AIR109422,2025-07-15,Delhi,Delhi City 3,4G,99.45,54.79,0.43,27.4,128,0,3.09
AIR109423,2025-08-15,Telangana,Telangana City 3,5G,98.93,128.92,0.05,32.5,75,0,4.44
AIR109424,2025-09-15,Gujarat,Gujarat City 3,4G,99.21,50.18,1.26,43.7,98,1,3.83
AIR109425,2025-10-15,Uttar Pradesh,Uttar Pradesh City 3,4G,98.5,36.57,1.14,40,5,0,3.57
AIR109426,2025-11-15,Tamil Nadu,Tamil Nadu City 3,4G,98.26,40.77,1.25,29.7,78,0,3.46
AIR109427,2025-12-15,Tamil Nadu,Tamil Nadu City 3,5G,98.75,221.4,0.67,11,62,0,3.32
AIR109428,2025-02-15,West Bengal,West Bengal City 1,4G,98.85,39.39,0.53,50.6,38,1,3.72
AIR109429,2025-03-15,Delhi,Delhi City 3,4G,97.88,47.14,0.71,34.7,131,1,3.64
AIR109430,2025-04-15,Kerala,Kerala City 1,5G,98.96,157.56,0.62,18.7,73,0,3.79
AIR109431,2025-05-15,Telangana,Telangana City 2,4G,96.43,63.52,0.83,32.3,63,0,3.77
AIR109432,2025-06-15,West Bengal,West Bengal City 1,5G,99.33,132.85,0.69,18.9,25,0,4.15
AIR109433,2025-07-15,Uttar Pradesh,Uttar Pradesh City 2,4G,97.63,27.95,1.18,24,31,1,3.1
AIR109434,2025-08-15,Telangana,Telangana City 1,4G,98.14,38.46,1.28,49,161,0,3.28
AIR109435,2025-09-15,Karnataka,Karnataka City 1,4G,98.67,39.95,1.24,31.4,30,0,3.7
AIR109436,2025-10-15,Delhi,Delhi City 3,4G,97.73,40.02,1,38.6,100,1,3.6
AIR109437,2025-11-15,Uttar Pradesh,Uttar Pradesh City 1,5G,98.8,131.99,0.77,12.1,54,0,3.73
AIR109438,2025-12-15,Tamil Nadu,Tamil Nadu City 1,5G,98.03,135.48,1.15,12.8,102,0,3.56
AIR109439,2025-02-15,Uttar Pradesh,Uttar Pradesh City 3,4G,98.93,31.72,0.78,44.7,51,0,3.16
AIR109440,2025-03-15,Rajasthan,Rajasthan City 2,5G,99.55,147.8,0.36,19.2,91,1,4.28
AIR109441,2025-04-15,Maharashtra,Maharashtra City 3,4G,97.81,41.89,1.32,49.4,51,0,3.33
AIR109442,2025-05-15,Maharashtra,Maharashtra City 3,4G,97.32,41.11,0.28,7.2,19,0,3.06
AIR109443,2025-06-15,Uttar Pradesh,Uttar Pradesh City 3,4G,98.54,47.57,0.3,34.4,123,0,3.73
AIR109444,2025-07-15,Rajasthan,Rajasthan City 2,4G,99.39,42.74,1.22,36.7,8,1,4.13
AIR109445,2025-08-15,Uttar Pradesh,Uttar Pradesh City 1,4G,97.83,41.09,1.49,26.4,34,0,3.09
AIR109446,2025-09-15,Maharashtra,Maharashtra City 1,4G,98.3,59.45,1.22,22.9,127,0,3.97
AIR109447,2025-10-15,West Bengal,West Bengal City 3,4G,98.52,49.25,0.9,46.8,71,1,3.14
AIR109448,2025-11-15,Karnataka,Karnataka City 3,5G,99.59,217.76,1.02,10.3,69,0,3.99
AIR109449,2025-12-15,Maharashtra,Maharashtra City 1,5G,100,197.63,0.78,28.2,110,0,3.76
AIR109450,2025-02-15,Karnataka,Karnataka City 1,4G,97.2,43.72,1.64,36.4,139,1,2.95
AIR109451,2025-03-15,Tamil Nadu,Tamil Nadu City 1,4G,99.17,26.76,1.11,31.3,64,1,3.95
AIR109452,2025-04-15,Karnataka,Karnataka City 2,4G,97.96,52.07,1.12,36.9,100,0,3.72
AIR109453,2025-05-15,West Bengal,West Bengal City 2,5G,99.75,106.41,0.57,18.8,96,0,4.09
AIR109454,2025-06-15,Rajasthan,Rajasthan City 3,4G,98.34,54.27,1.53,34.9,60,0,3.51
AIR109455,2025-07-15,Karnataka,Karnataka City 2,4G,99.74,39.23,0.54,35.1,63,0,3.02
AIR109456,2025-08-15,Telangana,Telangana City 3,5G,98.88,168.31,0.54,27.6,82,1,3.73
AIR109457,2025-09-15,Kerala,Kerala City 1,4G,99,41.93,1.06,37.6,91,0,3.84
AIR109458,2025-10-15,Maharashtra,Maharashtra City 1,4G,97.95,58.59,1.2,46,78,0,3.66
AIR109459,2025-11-15,Rajasthan,Rajasthan City 3,4G,96.99,49.3,1.13,38.7,68,0,3.76
AIR109460,2025-12-15,Gujarat,Gujarat City 1,4G,97.76,45.12,1.02,29.8,58,0,3.63
AIR109461,2025-02-15,Tamil Nadu,Tamil Nadu City 3,5G,99.65,100.6,0.5,26.5,35,0,3.75
AIR109462,2025-03-15,Kerala,Kerala City 3,4G,96.77,40.93,0.7,37.8,18,0,3.12
AIR109463,2025-04-15,Telangana,Telangana City 3,4G,98.73,44.25,1.21,41.6,54,0,3.42
AIR109464,2025-05-15,Delhi,Delhi City 2,4G,98.14,53.29,1.25,47.6,99,0,3.62
AIR109465,2025-06-15,West Bengal,West Bengal City 3,4G,98.66,37.32,0.96,35.4,6,0,3.17
AIR109466,2025-07-15,Uttar Pradesh,Uttar Pradesh City 3,4G,98.47,39.38,0.82,46.5,42,1,3.06
AIR109467,2025-08-15,Kerala,Kerala City 3,4G,98.18,58.84,1,33,64,1,3.87
AIR109468,2025-09-15,Rajasthan,Rajasthan City 2,4G,98.97,36.74,0.99,29,93,1,4.02
AIR109469,2025-10-15,Rajasthan,Rajasthan City 1,4G,97.08,26.03,0.67,36.3,106,0,3.56
AIR109470,2025-11-15,Rajasthan,Rajasthan City 2,4G,98.97,29.51,0.92,42.7,106,0,3.65
AIR109471,2025-12-15,Tamil Nadu,Tamil Nadu City 3,4G,98.04,48.68,1.24,43.3,118,0,2.9
AIR109472,2025-02-15,Karnataka,Karnataka City 2,5G,98.12,201.09,0.41,11.4,47,1,3.67
AIR109473,2025-03-15,Maharashtra,Maharashtra City 1,4G,99.34,71.21,1.45,41.8,69,0,3.5
AIR109474,2025-04-15,Delhi,Delhi City 1,5G,99.62,198.28,0.51,27.3,29,1,3.89
AIR109475,2025-05-15,Uttar Pradesh,Uttar Pradesh City 3,4G,98.68,23.12,1.23,48.2,60,0,3.84
AIR109476,2025-06-15,Rajasthan,Rajasthan City 1,5G,99.88,129,0.61,9.3,53,0,3.58
AIR109477,2025-07-15,Uttar Pradesh,Uttar Pradesh City 2,4G,99.33,56.1,1.38,48,46,1,3.14
AIR109478,2025-08-15,Gujarat,Gujarat City 2,4G,99.66,42.11,0.97,48.9,46,0,3.75
AIR109479,2025-09-15,Tamil Nadu,Tamil Nadu City 1,4G,98.76,40.29,1.18,42.8,117,0,3.5
AIR109480,2025-10-15,Rajasthan,Rajasthan City 3,4G,99,40.65,0.83,41.4,47,0,3.94
AIR109481,2025-11-15,Gujarat,Gujarat City 3,5G,98.5,113.35,0.71,18,103,0,4.63
AIR109482,2025-12-15,Delhi,Delhi City 2,4G,97.68,47.68,0.75,26.7,94,1,3.81
AIR109483,2025-02-15,Delhi,Delhi City 1,4G,98.2,49.77,1.34,22.8,54,0,3.31
AIR109484,2025-03-15,Maharashtra,Maharashtra City 2,5G,98.76,119.56,0.55,16.1,31,0,3.32
AIR109485,2025-04-15,Telangana,Telangana City 2,4G,97.83,40.14,0.82,55.7,70,0,3.4
AIR109486,2025-05-15,Maharashtra,Maharashtra City 2,4G,97.82,59.98,1,51,110,0,2.81
AIR109487,2025-06-15,Karnataka,Karnataka City 3,4G,97.59,39.13,0.52,40.6,66,0,3.73
AIR109488,2025-07-15,Uttar Pradesh,Uttar Pradesh City 1,4G,98.23,49.81,1.88,39.2,77,0,2.8
AIR109489,2025-08-15,West Bengal,West Bengal City 1,5G,99.23,205.51,0.9,16.2,67,0,3.64
AIR109490,2025-09-15,Delhi,Delhi City 3,4G,96.64,37.21,0.75,38.1,108,0,2.68
AIR109491,2025-10-15,West Bengal,West Bengal City 2,4G,95.95,48.59,1,63.8,104,1,3.32
AIR109492,2025-11-15,Tamil Nadu,Tamil Nadu City 2,4G,98.61,31.57,0.59,37.5,10,1,4.71
AIR109493,2025-12-15,Kerala,Kerala City 3,4G,98.28,34.71,1.54,42.1,66,1,3.43
AIR109494,2025-02-15,Rajasthan,Rajasthan City 1,4G,98.19,54.26,1.76,27,127,0,2.35
AIR109495,2025-03-15,Tamil Nadu,Tamil Nadu City 3,4G,98.98,28.26,0.57,27.6,135,0,3.32
AIR109496,2025-04-15,Delhi,Delhi City 1,4G,96.94,47.79,1.33,42.8,18,0,2.46
AIR109497,2025-05-15,Gujarat,Gujarat City 1,5G,99.29,156.78,1.04,23.1,84,1,3.38
AIR109498,2025-06-15,Uttar Pradesh,Uttar Pradesh City 1,4G,99.34,57.36,1.44,28.6,94,0,3.81
AIR109499,2025-07-15,West Bengal,West Bengal City 2,4G,97.89,70.29,0.99,52.5,75,0,3
AIR109500,2025-08-15,Maharashtra,Maharashtra City 2,4G,98.03,45.38,1.1,49.4,79,0,3.02
AIR109501,2025-09-15,Kerala,Kerala City 3,5G,98.59,173.51,0.16,25.2,17,0,3.85
AIR109502,2025-10-15,Telangana,Telangana City 3,4G,98,48.1,1.49,50.5,118,0,3.4
AIR109503,2025-11-15,Tamil Nadu,Tamil Nadu City 2,5G,99.87,150.12,1.16,34.9,84,0,3.54
AIR109504,2025-12-15,Telangana,Telangana City 3,5G,99.27,184.89,0.34,17.9,63,0,4.04
AIR109505,2025-02-15,West Bengal,West Bengal City 2,5G,98.72,118.14,0.58,21.3,74,0,3.87
AIR109506,2025-03-15,West Bengal,West Bengal City 2,4G,97.21,47.95,0.57,40.8,62,0,3.51
AIR109507,2025-04-15,Rajasthan,Rajasthan City 1,4G,99.29,66.21,0.55,32,24,1,3.61
AIR109508,2025-05-15,Gujarat,Gujarat City 1,4G,98.37,52.69,0.97,61,92,1,3.57
AIR109509,2025-06-15,Gujarat,Gujarat City 2,5G,99.2,165.38,0.77,27.7,59,1,3.86
AIR109510,2025-07-15,Karnataka,Karnataka City 1,5G,98.54,88.64,0.61,26.3,73,0,4
AIR109511,2025-08-15,Maharashtra,Maharashtra City 2,5G,99.29,168.9,0.41,33.2,47,0,3.85
AIR109512,2025-09-15,Delhi,Delhi City 1,4G,98.93,51.32,1.23,42.7,20,0,3.77
AIR109513,2025-10-15,Delhi,Delhi City 3,4G,98.58,18.61,0.95,47.7,133,0,3.97
AIR109514,2025-11-15,West Bengal,West Bengal City 3,4G,99.19,30.85,1.65,37.5,91,0,3.22
AIR109515,2025-12-15,Tamil Nadu,Tamil Nadu City 2,4G,97.84,36.7,1.21,44,132,0,3.34
AIR109516,2025-02-15,Uttar Pradesh,Uttar Pradesh City 2,4G,98.29,33.52,1.05,48.5,36,1,3.87
AIR109517,2025-03-15,Delhi,Delhi City 1,4G,98.36,54.19,0.71,58.9,39,1,3.79
AIR109518,2025-04-15,Delhi,Delhi City 1,5G,99.53,132.74,0.69,26.9,108,0,3.93
AIR109519,2025-05-15,Tamil Nadu,Tamil Nadu City 2,4G,98.28,28.4,0.51,41.1,77,1,4.07
AIR109520,2025-06-15,Maharashtra,Maharashtra City 3,5G,99.54,170.09,0.69,13.6,99,0,4.02
AIR109521,2025-07-15,Kerala,Kerala City 3,5G,98.93,146.5,0.91,24,113,0,3.77
AIR109522,2025-08-15,Gujarat,Gujarat City 2,4G,98.73,47.25,1.34,47.6,24,0,3.76
AIR109523,2025-09-15,Rajasthan,Rajasthan City 3,4G,98.39,38.15,0.9,28.1,14,0,3.83
AIR109524,2025-10-15,Rajasthan,Rajasthan City 2,4G,97.63,56.41,0.67,41.8,57,0,3.78
AIR109525,2025-11-15,Rajasthan,Rajasthan City 1,4G,97.98,48.85,0.38,55.8,82,0,3.58
AIR109526,2025-12-15,Tamil Nadu,Tamil Nadu City 3,4G,96.97,41.33,0.75,33.2,56,0,3.45
AIR109527,2025-02-15,Rajasthan,Rajasthan City 3,4G,97.83,56.3,0.79,32.7,154,0,3.81
AIR109528,2025-03-15,West Bengal,West Bengal City 1,5G,98.86,136.45,0.89,19.9,5,0,3.99
AIR109529,2025-04-15,Karnataka,Karnataka City 1,4G,98.96,45.07,0.85,31.9,64,1,3.32
AIR109530,2025-05-15,Tamil Nadu,Tamil Nadu City 3,5G,98.63,144.84,0.54,20.3,72,1,3.74
AIR109531,2025-06-15,Tamil Nadu,Tamil Nadu City 3,5G,99.87,147,0.59,17.7,9,0,4.47
AIR109532,2025-07-15,Gujarat,Gujarat City 2,4G,98.94,63.1,1.63,24,58,1,3.5
AIR109533,2025-08-15,Rajasthan,Rajasthan City 2,4G,99.19,40.26,1.49,40.8,111,0,3.29
AIR109534,2025-09-15,Telangana,Telangana City 3,5G,99.8,145.63,0.67,28.4,75,1,4.2
AIR109535,2025-10-15,Kerala,Kerala City 2,4G,98.72,27.98,0.88,24.6,20,0,3.79
AIR109536,2025-11-15,Karnataka,Karnataka City 1,4G,97.53,50.88,1.26,16.7,47,1,3.54
AIR109537,2025-12-15,Tamil Nadu,Tamil Nadu City 2,5G,100,123.67,0.56,8.2,67,0,4.02
AIR109538,2025-02-15,Karnataka,Karnataka City 2,4G,98.17,58.44,1.7,26.1,129,0,3.39
AIR109539,2025-03-15,Tamil Nadu,Tamil Nadu City 3,4G,97.34,36.73,1.16,56.9,55,0,3.39
AIR109540,2025-04-15,Maharashtra,Maharashtra City 2,4G,98.45,25.07,0.79,31.2,27,0,3.84
AIR109541,2025-05-15,Gujarat,Gujarat City 3,4G,97.83,48.89,1.01,25.8,68,0,3.94
AIR109542,2025-06-15,West Bengal,West Bengal City 3,5G,99.87,175.42,0.25,20.5,56,0,4.16
AIR109543,2025-07-15,Maharashtra,Maharashtra City 3,5G,98.76,171.75,0.28,5.8,90,1,3.92
AIR109544,2025-08-15,Uttar Pradesh,Uttar Pradesh City 1,4G,96.85,54.96,1.6,38.1,104,0,3.88
AIR109545,2025-09-15,Rajasthan,Rajasthan City 2,5G,99.35,63.68,0.8,21.1,88,0,4.39
AIR109546,2025-10-15,Uttar Pradesh,Uttar Pradesh City 2,5G,99.8,142.25,0.92,17.2,97,0,4.12
AIR109547,2025-11-15,Kerala,Kerala City 2,4G,97.97,38.66,0.63,30.5,93,1,3.21
AIR109548,2025-12-15,Telangana,Telangana City 3,4G,98.56,41.02,1.25,28.2,68,0,3.39
AIR109549,2025-02-15,West Bengal,West Bengal City 1,4G,98.83,51.03,1.4,40.4,55,1,3.47
AIR109550,2025-03-15,Maharashtra,Maharashtra City 3,4G,97.92,52.14,1.4,46.2,60,0,3.34
AIR109551,2025-04-15,Karnataka,Karnataka City 2,4G,100,32.71,1.43,30.6,75,0,3.06
AIR109552,2025-05-15,Karnataka,Karnataka City 3,4G,98,44.06,1.31,39.9,99,0,3.59
AIR109553,2025-06-15,Kerala,Kerala City 3,4G,99.71,77.74,0.86,44.5,95,0,3.93
AIR109554,2025-07-15,Tamil Nadu,Tamil Nadu City 2,5G,98.54,160.84,0.72,12.7,126,0,4.25
AIR109555,2025-08-15,Karnataka,Karnataka City 3,5G,99.4,101.96,0.27,19.7,130,1,4.08
AIR109556,2025-09-15,Rajasthan,Rajasthan City 3,4G,98.81,72.05,1.3,54.9,108,1,3.1
AIR109557,2025-10-15,Telangana,Telangana City 1,5G,99.49,123.27,0.93,10.7,90,0,4.18
AIR109558,2025-11-15,Gujarat,Gujarat City 3,4G,97.59,35.79,0.81,51.8,21,0,3.51
AIR109559,2025-12-15,Rajasthan,Rajasthan City 1,4G,97.86,60.97,1.17,29.8,61,0,2.82
AIR109560,2025-02-15,Telangana,Telangana City 2,4G,97.45,27.03,1.39,41.4,64,0,3.07
AIR109561,2025-03-15,Kerala,Kerala City 1,5G,99.34,148.97,0.92,22.9,18,1,3.76
AIR109562,2025-04-15,Rajasthan,Rajasthan City 3,5G,98.67,164.89,0.55,13.8,85,0,3.55
AIR109563,2025-05-15,Gujarat,Gujarat City 2,5G,98.9,171.92,0.57,19.3,97,1,3.43
AIR109564,2025-06-15,Gujarat,Gujarat City 3,5G,99.4,133.2,0.81,30.3,88,0,4.24
AIR109565,2025-07-15,Delhi,Delhi City 3,4G,99.19,29.01,0.6,43.8,22,1,4.26
AIR109566,2025-08-15,Tamil Nadu,Tamil Nadu City 1,5G,98.48,233.77,0.61,20.4,50,1,3.71
AIR109567,2025-09-15,Kerala,Kerala City 3,4G,98.78,30.96,0.79,42.8,5,0,3.92
AIR109568,2025-10-15,Rajasthan,Rajasthan City 1,4G,99.24,44.89,0.4,31.7,66,0,4.42
AIR109569,2025-11-15,West Bengal,West Bengal City 2,4G,98.94,47.5,1.24,44,99,0,3.44
AIR109570,2025-12-15,West Bengal,West Bengal City 2,5G,98.64,227.61,0.55,9,10,0,3.49
AIR109571,2025-02-15,Kerala,Kerala City 3,4G,99.24,38.14,1.54,38.5,91,0,4.02
AIR109572,2025-03-15,Rajasthan,Rajasthan City 1,4G,97.48,36.36,1.61,40.6,118,0,3.54
AIR109573,2025-04-15,Maharashtra,Maharashtra City 3,4G,97.9,62.61,0.89,47.2,39,0,4.29
AIR109574,2025-05-15,Maharashtra,Maharashtra City 3,4G,98.61,35.44,1.14,49.3,29,0,2.92
AIR109575,2025-06-15,Tamil Nadu,Tamil Nadu City 3,4G,98.29,27.47,0.73,22.1,48,0,4.22
AIR109576,2025-07-15,Rajasthan,Rajasthan City 3,4G,96.45,72.5,0.86,32,68,0,3.56
AIR109577,2025-08-15,Gujarat,Gujarat City 1,4G,96.29,44.75,1.03,45.7,92,1,3.79
AIR109578,2025-09-15,Karnataka,Karnataka City 3,5G,99.23,153.69,0.67,21,36,1,3.78
AIR109579,2025-10-15,West Bengal,West Bengal City 2,5G,98.87,119.64,0.64,25,96,1,3.87
AIR109580,2025-11-15,Rajasthan,Rajasthan City 1,4G,98.51,46.96,0.67,43.5,62,0,3.43
AIR109581,2025-12-15,Rajasthan,Rajasthan City 3,5G,99.33,106.09,0.65,11.3,27,0,3.79
AIR109582,2025-02-15,Karnataka,Karnataka City 1,4G,97.73,32.64,1.02,40.5,96,0,3.11
AIR109583,2025-03-15,Karnataka,Karnataka City 3,4G,98.86,36.28,1.13,37.3,178,0,3.31
AIR109584,2025-04-15,Telangana,Telangana City 2,4G,98.73,33.16,0.84,61.3,17,0,3.49
AIR109585,2025-05-15,Delhi,Delhi City 2,4G,96.97,58.93,0.66,48.4,82,0,2.97
AIR109586,2025-06-15,Tamil Nadu,Tamil Nadu City 2,4G,97.45,44.36,1.59,30.7,105,0,3.43
AIR109587,2025-07-15,West Bengal,West Bengal City 1,4G,97.91,58.85,0.78,45.7,75,0,3.2
AIR109588,2025-08-15,Karnataka,Karnataka City 2,4G,97.79,51.73,1.45,43,103,0,3.27
AIR109589,2025-09-15,Maharashtra,Maharashtra City 3,4G,97.96,78.24,0.84,25.9,76,1,3.56
AIR109590,2025-10-15,Kerala,Kerala City 3,5G,99.42,90.79,0.86,26.4,80,1,4.26
AIR109591,2025-11-15,Maharashtra,Maharashtra City 3,4G,97.56,37.41,0.35,23.8,72,0,3.94
AIR109592,2025-12-15,Telangana,Telangana City 1,5G,99.05,60.9,0.78,12.9,89,0,4.21
AIR109593,2025-02-15,Telangana,Telangana City 1,4G,98.46,51.94,0.95,40.4,56,0,3.06
AIR109594,2025-03-15,Karnataka,Karnataka City 2,5G,99.2,184.28,0.55,24.1,137,0,3.82
AIR109595,2025-04-15,Telangana,Telangana City 1,4G,97.67,52.14,1.34,27,124,0,3.26
AIR109596,2025-05-15,Gujarat,Gujarat City 3,5G,99.14,191.3,0.83,16.7,38,0,3.92
AIR109597,2025-06-15,Uttar Pradesh,Uttar Pradesh City 3,5G,99.32,142.83,0.92,19.6,5,1,3.59
AIR109598,2025-07-15,Rajasthan,Rajasthan City 3,4G,98.19,36.09,1.49,40.6,68,1,2.8
AIR109599,2025-08-15,Rajasthan,Rajasthan City 1,4G,97.89,40.93,0.91,36.9,42,0,3.48
AIR109600,2025-09-15,Karnataka,Karnataka City 3,4G,98.54,32.56,0.76,46.1,83,0,3.26
AIR109601,2025-10-15,Telangana,Telangana City 2,5G,99.41,135.7,0.22,22.8,52,0,3.94
AIR109602,2025-11-15,Kerala,Kerala City 1,4G,96.68,34.47,1.14,30.8,84,1,3.16
AIR109603,2025-12-15,Gujarat,Gujarat City 3,4G,97.53,51.15,1.07,45.8,89,0,2.81
AIR109604,2025-02-15,Tamil Nadu,Tamil Nadu City 3,4G,98.2,65.94,0.52,37,7,1,3.79
AIR109605,2025-03-15,Telangana,Telangana City 1,4G,97.25,26.49,0.88,37,135,0,2.69
AIR109606,2025-04-15,Gujarat,Gujarat City 1,4G,97.66,53.81,0.63,36.2,49,1,3.29
AIR109607,2025-05-15,Delhi,Delhi City 2,5G,99.25,141.99,0.74,25.6,83,0,3.9
AIR109608,2025-06-15,Tamil Nadu,Tamil Nadu City 1,4G,97.47,42.02,0.77,37.4,97,0,3.81
AIR109609,2025-07-15,Rajasthan,Rajasthan City 3,5G,99.61,116.97,0.82,18.1,53,0,3.83
AIR109610,2025-08-15,Delhi,Delhi City 2,4G,99.5,33.71,0.87,41,25,0,4.33
AIR109611,2025-09-15,Karnataka,Karnataka City 3,4G,98.7,52.62,1.41,26.8,100,0,3.18
AIR109612,2025-10-15,West Bengal,West Bengal City 3,4G,97.11,37.34,0.78,45.9,128,0,2.68
AIR109613,2025-11-15,Karnataka,Karnataka City 3,5G,99.22,160,0.56,17.4,65,0,3.32
AIR109614,2025-12-15,Kerala,Kerala City 1,4G,98.45,24.9,1.14,41.5,26,1,3.48
AIR109615,2025-02-15,Gujarat,Gujarat City 1,4G,97.57,50.57,1.12,43,41,0,3.12
AIR109616,2025-03-15,West Bengal,West Bengal City 3,4G,97.66,57.16,0.86,19.2,53,0,3.66
AIR109617,2025-04-15,Tamil Nadu,Tamil Nadu City 1,4G,99.5,33.66,0.34,51.5,91,1,3.94
AIR109618,2025-05-15,Tamil Nadu,Tamil Nadu City 3,5G,99.19,187.13,0.8,23.6,40,0,3.58
AIR109619,2025-06-15,Delhi,Delhi City 1,4G,99.86,27.34,0.45,28.5,103,0,3.95
AIR109620,2025-07-15,Kerala,Kerala City 1,4G,97.2,41.04,1.56,33.6,56,0,2.48
AIR109621,2025-08-15,Rajasthan,Rajasthan City 1,4G,96.51,46.08,1.46,33.1,20,1,3.11
AIR109622,2025-09-15,Telangana,Telangana City 2,4G,99.5,47.02,1.24,31.8,74,0,3.87
AIR109623,2025-10-15,Telangana,Telangana City 1,4G,98.44,58.29,1.01,45.6,87,0,3.76
AIR109624,2025-11-15,West Bengal,West Bengal City 2,4G,98.08,59.1,1.69,34.3,60,0,3.41
AIR109625,2025-12-15,Kerala,Kerala City 2,4G,98.51,50.91,1.88,23.2,99,0,3.22
AIR109626,2025-02-15,Kerala,Kerala City 2,4G,97.05,26.11,0.69,21.1,5,0,4.58
AIR109627,2025-03-15,Tamil Nadu,Tamil Nadu City 3,4G,97.75,50.76,1.06,21.5,59,0,4.09
AIR109628,2025-04-15,Rajasthan,Rajasthan City 1,4G,98.96,28.77,0.99,38.6,99,0,3.43
AIR109629,2025-05-15,Gujarat,Gujarat City 3,4G,97.65,43.73,1.24,31.6,86,0,3.24
AIR109630,2025-06-15,Rajasthan,Rajasthan City 2,4G,97.64,48.47,1.23,25.4,66,0,3.46
AIR109631,2025-07-15,Maharashtra,Maharashtra City 1,4G,99.12,40.23,0.46,44.4,67,0,4.11
AIR109632,2025-08-15,Kerala,Kerala City 3,4G,98.16,63.47,0.69,40.4,114,1,3.49
AIR109633,2025-09-15,Karnataka,Karnataka City 2,5G,99.45,81.32,1.08,23.5,55,0,3.76
AIR109634,2025-10-15,Uttar Pradesh,Uttar Pradesh City 3,4G,97.06,46.7,0.98,19.1,66,0,3.21
AIR109635,2025-11-15,Kerala,Kerala City 3,4G,98.2,61.49,0.96,40.9,67,0,3.72
AIR109636,2025-12-15,West Bengal,West Bengal City 1,4G,99.31,35.11,0.49,31.1,77,0,3.72
AIR109637,2025-02-15,Karnataka,Karnataka City 1,4G,96.76,41.73,0.79,49.4,5,1,3.72
AIR109638,2025-03-15,West Bengal,West Bengal City 3,5G,98.95,132.81,0.27,27.8,98,0,3.59
AIR109639,2025-04-15,Delhi,Delhi City 1,4G,99.17,51.06,1.2,34.5,29,0,3.58
AIR109640,2025-05-15,Uttar Pradesh,Uttar Pradesh City 1,4G,98.51,45.67,1.59,44,99,0,3.68
AIR109641,2025-06-15,Uttar Pradesh,Uttar Pradesh City 3,4G,97.55,26.32,0.6,59,86,0,3.73
AIR109642,2025-07-15,Tamil Nadu,Tamil Nadu City 1,5G,99.68,127.38,0.55,17,5,1,4.09
AIR109643,2025-08-15,Kerala,Kerala City 1,5G,98.91,186.86,0.68,21.5,102,0,3.84
AIR109644,2025-09-15,Tamil Nadu,Tamil Nadu City 2,4G,96.4,54.94,1.07,48.2,97,0,3.45
AIR109645,2025-10-15,Telangana,Telangana City 1,5G,99.47,205.99,0.57,27,72,0,4.46
AIR109646,2025-11-15,West Bengal,West Bengal City 2,4G,96.95,23.97,1.2,48.8,54,0,3.01
AIR109647,2025-12-15,Maharashtra,Maharashtra City 3,4G,98.42,23.1,0.97,29.1,159,1,3.85
AIR109648,2025-02-15,Maharashtra,Maharashtra City 2,4G,96.93,36.5,1,24.6,58,1,3.71
AIR109649,2025-03-15,Telangana,Telangana City 3,4G,98.89,28.66,0.65,32.2,125,0,3.4
AIR109650,2025-04-15,Delhi,Delhi City 1,4G,98.12,38.07,1.28,29.3,59,1,3.15
AIR109651,2025-05-15,Maharashtra,Maharashtra City 1,5G,98.92,139.65,0.49,16.4,75,0,4.16
AIR109652,2025-06-15,West Bengal,West Bengal City 2,4G,97.26,33.82,1.28,42.9,96,1,3.49
AIR109653,2025-07-15,Maharashtra,Maharashtra City 3,4G,97.64,53.74,0.77,44,104,0,3.74
AIR109654,2025-08-15,Telangana,Telangana City 1,4G,98.12,38.64,0.65,28.6,32,1,3.98
AIR109655,2025-09-15,Karnataka,Karnataka City 2,4G,97.95,48.8,0.67,41.5,107,0,4.01
AIR109656,2025-10-15,Tamil Nadu,Tamil Nadu City 2,4G,98.4,25.83,0.91,35,24,1,3.96
AIR109657,2025-11-15,Gujarat,Gujarat City 2,4G,98.34,56.41,1.41,37.3,27,0,2.96
AIR109658,2025-12-15,West Bengal,West Bengal City 1,4G,98.94,60.71,0.65,45.5,73,1,3.5
AIR109659,2025-02-15,Tamil Nadu,Tamil Nadu City 3,4G,99.89,40.97,1.35,29.2,52,0,3.24
AIR109660,2025-03-15,Uttar Pradesh,Uttar Pradesh City 1,4G,98.01,38.09,1.33,38.9,52,0,3.55
AIR109661,2025-04-15,Rajasthan,Rajasthan City 1,4G,98.06,45.57,0.76,43.7,82,0,3.22
AIR109662,2025-05-15,Maharashtra,Maharashtra City 3,4G,98.5,41.97,0.5,40.7,73,0,3.68
AIR109663,2025-06-15,Maharashtra,Maharashtra City 2,4G,97.57,39.1,1.19,34.6,19,1,3.48
AIR109664,2025-07-15,Delhi,Delhi City 1,4G,97.09,73.17,1.1,31.9,104,0,2.88
AIR109665,2025-08-15,Tamil Nadu,Tamil Nadu City 2,4G,97.55,56.97,0.61,47.1,148,0,3.11
AIR109666,2025-09-15,Rajasthan,Rajasthan City 2,4G,98.18,49.57,1.02,24.4,104,1,3.73
AIR109667,2025-10-15,Maharashtra,Maharashtra City 3,5G,99.43,123.19,0.58,25.5,111,0,3.68
AIR109668,2025-11-15,Uttar Pradesh,Uttar Pradesh City 3,5G,99.01,144.06,0.71,20.2,53,0,4.06
AIR109669,2025-12-15,Delhi,Delhi City 3,5G,99.4,177.99,0.58,16.2,83,0,3.31
AIR109670,2025-02-15,Tamil Nadu,Tamil Nadu City 2,4G,98.41,38.77,1.93,19.1,69,0,2.78
AIR109671,2025-03-15,Delhi,Delhi City 2,4G,97.93,58.11,0.11,39.6,91,1,3.53
AIR109672,2025-04-15,Tamil Nadu,Tamil Nadu City 1,4G,99.1,32.93,0.87,23.9,46,0,3.69
AIR109673,2025-05-15,Kerala,Kerala City 2,4G,97.22,50.39,0.98,28,93,0,2.73
AIR109674,2025-06-15,Kerala,Kerala City 3,4G,98.78,35.31,0.68,34.3,118,0,4.08
AIR109675,2025-07-15,Telangana,Telangana City 3,5G,99.53,143.02,0.22,28.2,48,1,3.31
AIR109676,2025-08-15,West Bengal,West Bengal City 3,4G,98.93,37.46,0.83,38.4,80,0,4.29
AIR109677,2025-09-15,Delhi,Delhi City 3,4G,98.13,47.56,1.57,36.4,29,0,3.02
AIR109678,2025-10-15,Telangana,Telangana City 2,4G,98.85,46.8,0.73,37.8,60,0,3.44
AIR109679,2025-11-15,Delhi,Delhi City 3,4G,98.46,50.39,1.11,29.2,52,0,3.94
AIR109680,2025-12-15,Maharashtra,Maharashtra City 1,4G,97.37,57.76,0.54,32.1,50,0,4.08
AIR109681,2025-02-15,Gujarat,Gujarat City 2,4G,96.54,53.28,0.8,42.1,100,0,2.84
AIR109682,2025-03-15,Delhi,Delhi City 3,4G,99.4,55.88,0.63,11.4,81,1,3.77
AIR109683,2025-04-15,Maharashtra,Maharashtra City 1,5G,99.98,170.17,0.65,26.2,17,0,3.52
AIR109684,2025-05-15,Rajasthan,Rajasthan City 3,4G,99.2,43.35,1.14,28.1,50,0,3.34
AIR109685,2025-06-15,Kerala,Kerala City 2,5G,98.69,205.25,0.8,9.9,86,1,3.53
AIR109686,2025-07-15,Telangana,Telangana City 2,4G,98.98,31.44,0.82,48.8,5,1,3.2
AIR109687,2025-08-15,Gujarat,Gujarat City 1,4G,97.41,38.35,0.78,32.2,84,1,3.66
AIR109688,2025-09-15,Uttar Pradesh,Uttar Pradesh City 2,4G,98.33,20.49,1,45.3,78,0,4.06
AIR109689,2025-10-15,Kerala,Kerala City 1,5G,99.54,151.01,1.15,30.4,85,0,3.8
AIR109690,2025-11-15,Telangana,Telangana City 3,4G,97.41,40.48,0.98,44.3,27,1,3.45
AIR109691,2025-12-15,Gujarat,Gujarat City 2,4G,98.69,62.2,1.45,31.8,103,1,3.2
AIR109692,2025-02-15,Uttar Pradesh,Uttar Pradesh City 3,4G,98.16,47.51,1.04,33.4,92,0,3.69
AIR109693,2025-03-15,Karnataka,Karnataka City 3,4G,98.52,35.16,0.93,31.1,105,0,3.86
AIR109694,2025-04-15,Maharashtra,Maharashtra City 2,4G,98.25,26.13,0.94,19.1,30,0,3.69
AIR109695,2025-05-15,Karnataka,Karnataka City 3,5G,99.21,172.96,0.76,12.6,47,0,3.44
AIR109696,2025-06-15,Maharashtra,Maharashtra City 1,4G,98.57,29.51,1.08,28.1,5,0,3.4
AIR109697,2025-07-15,Tamil Nadu,Tamil Nadu City 1,4G,98.5,50.79,0.82,48.8,36,0,2.98
AIR109698,2025-08-15,West Bengal,West Bengal City 1,5G,98.9,63.46,0.83,15.8,79,0,3.97
AIR109699,2025-09-15,Gujarat,Gujarat City 2,5G,98.9,149.64,0.67,20,94,0,4.16
AIR109700,2025-10-15,Karnataka,Karnataka City 3,4G,98.43,47.72,0.11,47.8,42,0,4.09
AIR109701,2025-11-15,West Bengal,West Bengal City 3,4G,97.26,29.2,1.25,46,121,1,4.08
AIR109702,2025-12-15,Gujarat,Gujarat City 3,4G,99.02,32.8,1.64,23.6,76,0,3.48
AIR109703,2025-02-15,Telangana,Telangana City 3,5G,99.31,136.83,1.07,22.9,46,0,3.78
AIR109704,2025-03-15,Tamil Nadu,Tamil Nadu City 1,5G,98.7,206.05,0.92,35.4,72,0,3.58
AIR109705,2025-04-15,Telangana,Telangana City 2,5G,99.03,218.11,0.64,27,83,0,3.58
AIR109706,2025-05-15,Maharashtra,Maharashtra City 1,4G,98.2,52.17,1.11,29.5,54,0,3.32
AIR109707,2025-06-15,West Bengal,West Bengal City 1,4G,98.63,30.29,1.07,27.2,92,0,3.68
AIR109708,2025-07-15,Gujarat,Gujarat City 2,4G,99.07,58.09,1.49,22.6,5,0,4.23
AIR109709,2025-08-15,Delhi,Delhi City 2,4G,97.15,33.1,1.42,29.2,15,0,3.34
AIR109710,2025-09-15,West Bengal,West Bengal City 1,5G,98.18,198.01,0.64,13.5,121,0,3.92
AIR109711,2025-10-15,Rajasthan,Rajasthan City 3,4G,97.35,53.47,0.61,48.1,103,1,2.92
AIR109712,2025-11-15,Uttar Pradesh,Uttar Pradesh City 2,4G,98.02,45.13,0.63,33.6,61,0,3.96
AIR109713,2025-12-15,Karnataka,Karnataka City 2,5G,98.89,110.62,0.67,16.2,113,1,4.01
AIR109714,2025-02-15,Gujarat,Gujarat City 1,4G,98.88,52.68,1.77,37.9,108,0,2.79
AIR109715,2025-03-15,Kerala,Kerala City 3,4G,98.64,45.19,1.04,37.7,87,1,3.36
AIR109716,2025-04-15,Kerala,Kerala City 2,5G,98.67,169.35,0.8,26,53,1,3.78
AIR109717,2025-05-15,Uttar Pradesh,Uttar Pradesh City 1,5G,98.84,81.27,0.31,30.3,119,0,4.23
AIR109718,2025-06-15,Maharashtra,Maharashtra City 2,5G,100,185.2,0.87,21.2,20,1,3.67
AIR109719,2025-07-15,West Bengal,West Bengal City 3,4G,98.12,53.9,0.72,32.7,60,0,3.97
AIR109720,2025-08-15,West Bengal,West Bengal City 1,4G,98.29,60.9,0.91,48.2,47,0,2.98
AIR109721,2025-09-15,Kerala,Kerala City 1,4G,97.52,33.08,0.72,43,145,0,3.54
AIR109722,2025-10-15,West Bengal,West Bengal City 3,5G,98.54,228.01,1.3,13.6,65,0,3.09
AIR109723,2025-11-15,Uttar Pradesh,Uttar Pradesh City 1,4G,98.54,44.59,1.19,27,68,1,4.2
AIR109724,2025-12-15,West Bengal,West Bengal City 3,5G,98.33,144.92,0.82,17.1,29,0,3.44
AIR109725,2025-02-15,Maharashtra,Maharashtra City 1,4G,98.23,48.48,1.12,37.3,32,0,3.41
AIR109726,2025-03-15,Karnataka,Karnataka City 3,4G,97.92,56.72,1.01,30.9,48,0,3.15
AIR109727,2025-04-15,Rajasthan,Rajasthan City 2,5G,98.91,178.4,0.22,15.4,59,1,3.56
AIR109728,2025-05-15,Karnataka,Karnataka City 2,5G,98.04,129.23,0.62,19.2,63,0,4.13
AIR109729,2025-06-15,Rajasthan,Rajasthan City 2,4G,98.62,53.47,0.49,48.2,85,0,3.63
AIR109730,2025-07-15,Delhi,Delhi City 1,5G,99.65,127.12,0.94,16.6,72,0,3.8
AIR109731,2025-08-15,Karnataka,Karnataka City 3,5G,98.46,185.96,0.52,14.7,51,0,3.89
AIR109732,2025-09-15,Uttar Pradesh,Uttar Pradesh City 3,5G,98.9,166.58,0.36,18.2,71,0,4.21
AIR109733,2025-10-15,Tamil Nadu,Tamil Nadu City 2,5G,99.64,162.29,0.81,21.1,70,0,4.17
AIR109734,2025-11-15,Delhi,Delhi City 2,5G,100,215.38,0.73,16.8,140,0,4.08
AIR109735,2025-12-15,Rajasthan,Rajasthan City 2,4G,97.19,32.32,0.34,43.8,83,0,3.26
AIR109736,2025-02-15,Rajasthan,Rajasthan City 3,4G,99.33,38.91,0.81,42.6,33,0,3.77
AIR109737,2025-03-15,Delhi,Delhi City 2,4G,97.95,52.54,1.1,48,134,1,3.52
AIR109738,2025-04-15,Rajasthan,Rajasthan City 1,4G,97.62,32.27,1.02,26,50,0,3.14
AIR109739,2025-05-15,Gujarat,Gujarat City 2,4G,98.44,52.26,1.01,33,52,1,3.04
AIR109740,2025-06-15,Tamil Nadu,Tamil Nadu City 2,4G,99.76,44.88,1.21,21.9,79,0,3.97
AIR109741,2025-07-15,Uttar Pradesh,Uttar Pradesh City 3,4G,97.49,15.91,0.87,31.2,5,0,3.71
AIR109742,2025-08-15,Gujarat,Gujarat City 1,5G,99.5,173.08,0.41,14.2,60,0,4.04
AIR109743,2025-09-15,Rajasthan,Rajasthan City 3,5G,99.38,98.03,0.35,15.5,18,1,4.56
AIR109744,2025-10-15,Karnataka,Karnataka City 1,4G,97.4,35.15,0.74,37.1,108,0,3.43
AIR109745,2025-11-15,Gujarat,Gujarat City 1,4G,97.68,36.02,1.42,56.3,135,1,3.04
AIR109746,2025-12-15,Karnataka,Karnataka City 2,5G,100,119.8,0.86,22.5,5,0,4.42
AIR109747,2025-02-15,Delhi,Delhi City 2,5G,99.27,174.91,0.35,5,143,0,4.22
AIR109748,2025-03-15,West Bengal,West Bengal City 3,5G,99.09,97.77,0.08,18.8,84,0,4.37
AIR109749,2025-04-15,Telangana,Telangana City 3,5G,98.68,162.19,0.57,23.8,54,0,3.95
AIR109750,2025-05-15,Rajasthan,Rajasthan City 3,5G,99.27,162.92,0.88,17,103,0,3.26
AIR109751,2025-06-15,Telangana,Telangana City 1,4G,98.04,31.71,1.14,28,62,0,3.91
AIR109752,2025-07-15,Tamil Nadu,Tamil Nadu City 3,4G,97.28,32.25,1.2,46,84,1,2.97
AIR109753,2025-08-15,Karnataka,Karnataka City 1,5G,98.72,176.39,0.4,20.9,137,1,4.22
AIR109754,2025-09-15,Gujarat,Gujarat City 1,4G,98.41,37.96,1.35,37.5,21,0,2.92
AIR109755,2025-10-15,Telangana,Telangana City 1,5G,98.87,216.09,0.66,24.5,56,0,3.93
AIR109756,2025-11-15,Maharashtra,Maharashtra City 1,4G,99.55,41.33,0.71,26.4,94,0,3.67
AIR109757,2025-12-15,Rajasthan,Rajasthan City 1,5G,99.83,114.2,0.58,17.8,74,0,4.39
AIR109758,2025-02-15,Telangana,Telangana City 2,4G,98.18,44.49,0.68,41.8,67,0,3.46
AIR109759,2025-03-15,Gujarat,Gujarat City 1,4G,98.55,41.79,0.85,32.2,72,0,3.78
AIR109760,2025-04-15,Gujarat,Gujarat City 1,4G,97.95,52.74,1.58,18.3,107,0,3.38
AIR109761,2025-05-15,Tamil Nadu,Tamil Nadu City 2,5G,99.7,146.07,0.91,11.2,120,0,3.65
AIR109762,2025-06-15,Kerala,Kerala City 2,4G,97.64,42.57,1.44,26.1,48,0,3.47
AIR109763,2025-07-15,Uttar Pradesh,Uttar Pradesh City 2,5G,99.14,122.12,0.65,15.6,105,0,4
AIR109764,2025-08-15,Maharashtra,Maharashtra City 3,5G,98.54,133.63,0.74,12.7,101,1,4.38
AIR109765,2025-09-15,Telangana,Telangana City 3,5G,98.86,64.31,0.77,13.6,92,0,3.94
AIR109766,2025-10-15,Uttar Pradesh,Uttar Pradesh City 1,5G,98.35,156.42,0.6,30,60,0,3.39
AIR109767,2025-11-15,Maharashtra,Maharashtra City 1,4G,98.72,38.61,1.35,38.4,112,0,3.93
AIR109768,2025-12-15,Kerala,Kerala City 1,4G,97.7,11.42,1.29,42,84,0,3.42
AIR109769,2025-02-15,Telangana,Telangana City 1,4G,97.64,51.34,0.56,45.8,29,0,3.22
AIR109770,2025-03-15,Maharashtra,Maharashtra City 2,5G,98.32,131.17,0.76,28.6,40,1,3.24
AIR109771,2025-04-15,Uttar Pradesh,Uttar Pradesh City 3,5G,99.51,161.87,0.61,22.3,107,1,3.72
AIR109772,2025-05-15,Karnataka,Karnataka City 2,4G,99.75,32,1.04,50.2,89,0,4.17
AIR109773,2025-06-15,Gujarat,Gujarat City 3,4G,98.23,45.49,1.4,55.1,110,0,3.06
AIR109774,2025-07-15,West Bengal,West Bengal City 2,4G,95.76,47.39,1.02,35.4,22,1,2.41
AIR109775,2025-08-15,Delhi,Delhi City 1,4G,98.42,44.58,0.84,28.1,26,1,3.61
AIR109776,2025-09-15,Rajasthan,Rajasthan City 3,4G,98.49,35.64,1.14,44.4,59,0,3.44
AIR109777,2025-10-15,West Bengal,West Bengal City 1,4G,98.99,45.32,0.83,30.3,57,0,3.54
AIR109778,2025-11-15,Telangana,Telangana City 3,4G,99.23,28.5,1.06,16.3,47,0,3.98
AIR109779,2025-12-15,Telangana,Telangana City 3,4G,100,52.02,1.23,50.9,128,0,3.4
AIR109780,2025-02-15,Maharashtra,Maharashtra City 1,4G,98.15,50.28,1.01,36.2,106,0,3.51
AIR109781,2025-03-15,Gujarat,Gujarat City 1,4G,98.39,65.67,1.08,39.7,66,0,3.36
AIR109782,2025-04-15,Kerala,Kerala City 1,4G,98.47,31.66,1.35,47.4,112,0,2.38
AIR109783,2025-05-15,Tamil Nadu,Tamil Nadu City 2,4G,97.92,39.43,1.16,42.8,89,0,3.51
AIR109784,2025-06-15,Maharashtra,Maharashtra City 3,4G,98.01,42.8,1.62,50.3,108,1,3.17
AIR109785,2025-07-15,Tamil Nadu,Tamil Nadu City 3,4G,97.62,32.98,1.64,40,52,1,2.86
AIR109786,2025-08-15,Delhi,Delhi City 3,4G,97.88,32.88,1.2,36,174,0,3.04
AIR109787,2025-09-15,Uttar Pradesh,Uttar Pradesh City 1,4G,98.1,40.87,0.83,37.3,88,0,3.61
AIR109788,2025-10-15,Maharashtra,Maharashtra City 3,5G,99.21,178.65,0.26,20.4,92,1,3.84
AIR109789,2025-11-15,Delhi,Delhi City 3,4G,98.54,55.52,0.52,41.7,24,0,3.68
AIR109790,2025-12-15,Rajasthan,Rajasthan City 1,4G,97.3,41.6,0.71,58.3,78,0,3.23
AIR109791,2025-02-15,Maharashtra,Maharashtra City 1,4G,97.12,48.99,1.1,45.4,92,0,2.73
AIR109792,2025-03-15,Gujarat,Gujarat City 3,4G,97.81,48.04,0.87,50.2,25,0,3.8
AIR109793,2025-04-15,Gujarat,Gujarat City 2,5G,98.14,166.88,0.76,15,47,0,2.92
AIR109794,2025-05-15,Telangana,Telangana City 1,4G,98.52,51.68,1.08,32.8,98,0,2.83
AIR109795,2025-06-15,Rajasthan,Rajasthan City 2,4G,98.32,38.9,1.44,13.1,95,0,3.79
AIR109796,2025-07-15,Telangana,Telangana City 2,4G,98.79,70.82,1.16,47.4,108,0,3.09
AIR109797,2025-08-15,Tamil Nadu,Tamil Nadu City 2,4G,97.22,43.72,1.13,40.3,66,0,3.18
AIR109798,2025-09-15,West Bengal,West Bengal City 2,4G,98.78,35.1,0.62,43,55,0,4.08
AIR109799,2025-10-15,Kerala,Kerala City 1,4G,97.73,29.08,1.4,36.7,102,0,3.72
AIR109800,2025-11-15,Rajasthan,Rajasthan City 3,4G,96.91,27,0.4,35.2,103,1,3.38
AIR109801,2025-12-15,Uttar Pradesh,Uttar Pradesh City 3,4G,98.05,85.86,0.7,16.5,68,0,3.4
AIR109802,2025-02-15,Kerala,Kerala City 1,4G,99.05,47.14,1.04,34.5,77,0,2.85
AIR109803,2025-03-15,Kerala,Kerala City 1,5G,99.2,164.43,0.3,17.6,113,0,3.18
AIR109804,2025-04-15,Karnataka,Karnataka City 2,4G,98.11,34.33,1.72,31.2,50,0,3.5
AIR109805,2025-05-15,Maharashtra,Maharashtra City 2,4G,97.59,52.85,1.14,36.2,46,0,3.69
AIR109806,2025-06-15,Uttar Pradesh,Uttar Pradesh City 1,4G,98.07,35.14,0.66,42.3,77,0,3.33
AIR109807,2025-07-15,Rajasthan,Rajasthan City 3,4G,99.93,49.97,0.58,42.8,105,0,3.59
AIR109808,2025-08-15,Telangana,Telangana City 2,5G,99.99,198.22,0.05,30.8,13,0,4.37
AIR109809,2025-09-15,Tamil Nadu,Tamil Nadu City 1,4G,98.22,47.97,1.08,25.4,71,1,3.74
AIR109810,2025-10-15,Maharashtra,Maharashtra City 1,4G,97.44,21.93,0.81,28.8,83,0,3.72
AIR109811,2025-11-15,Karnataka,Karnataka City 1,4G,96.6,61.27,1.12,46.8,106,0,3.17
AIR109812,2025-12-15,Tamil Nadu,Tamil Nadu City 2,5G,99.48,160.35,0.84,23.9,88,0,3.76
AIR109813,2025-02-15,Rajasthan,Rajasthan City 1,4G,97.93,69.51,1.31,22.1,73,0,3.84
AIR109814,2025-03-15,West Bengal,West Bengal City 3,5G,99.33,152.1,0.19,16.7,68,0,3.68
AIR109815,2025-04-15,Kerala,Kerala City 1,5G,99.64,85.72,0.77,5,116,0,4.06
AIR109816,2025-05-15,Karnataka,Karnataka City 2,4G,98.07,40.61,1.03,52.2,124,0,3.7
AIR109817,2025-06-15,Tamil Nadu,Tamil Nadu City 3,5G,99.03,148.02,0.74,14.5,54,1,4.02
AIR109818,2025-07-15,Telangana,Telangana City 3,4G,98.51,41.44,0.5,37,35,0,3.97
AIR109819,2025-08-15,Karnataka,Karnataka City 1,5G,99.16,162.88,0.8,29.7,89,0,3.78
AIR109820,2025-09-15,Tamil Nadu,Tamil Nadu City 1,5G,99.2,161.53,1.2,16.5,74,0,3.89
AIR109821,2025-10-15,Karnataka,Karnataka City 3,4G,97.34,37.9,1.11,40,54,0,3.71
AIR109822,2025-11-15,Telangana,Telangana City 1,4G,97.69,63.29,0.66,34.5,62,0,3.66
AIR109823,2025-12-15,Telangana,Telangana City 2,5G,99.52,148.24,0.47,22.5,91,0,4.07
AIR109824,2025-02-15,Uttar Pradesh,Uttar Pradesh City 3,4G,98.96,43.04,1.3,33.7,32,0,3.39
AIR109825,2025-03-15,Gujarat,Gujarat City 1,4G,97.48,33.83,1.1,42.5,179,0,3.37
AIR109826,2025-04-15,Kerala,Kerala City 3,4G,97.81,42.13,0.38,46.5,64,0,3.66
AIR109827,2025-05-15,Maharashtra,Maharashtra City 1,5G,98.75,182.4,0.74,18.5,111,0,3.79
AIR109828,2025-06-15,Maharashtra,Maharashtra City 1,5G,100,159.38,0.76,15.3,63,0,3.71
AIR109829,2025-07-15,Rajasthan,Rajasthan City 2,4G,99.21,64.36,1.02,31.8,63,0,3.88
AIR109830,2025-08-15,Delhi,Delhi City 1,5G,100,143.5,0.84,21.9,115,0,3.92
AIR109831,2025-09-15,Rajasthan,Rajasthan City 1,4G,98.32,26.03,0.7,34.6,37,0,4.39
AIR109832,2025-10-15,Delhi,Delhi City 1,5G,98.99,92,0.22,17.5,54,1,3.83
AIR109833,2025-11-15,Karnataka,Karnataka City 2,4G,97.79,28.44,1.49,40.4,26,0,2.74
AIR109834,2025-12-15,Delhi,Delhi City 1,4G,98.22,50.31,1.17,55.7,74,1,3.3
AIR109835,2025-02-15,Gujarat,Gujarat City 1,4G,97.44,54.64,0.87,43.8,105,1,3.15
AIR109836,2025-03-15,Gujarat,Gujarat City 1,4G,95.37,61.51,1.19,37.3,98,0,2.86
AIR109837,2025-04-15,Kerala,Kerala City 3,4G,99.08,25.84,0.72,51.8,82,0,3.87
AIR109838,2025-05-15,Tamil Nadu,Tamil Nadu City 2,5G,99.19,180.41,0.28,24.6,21,0,3.74
AIR109839,2025-06-15,Maharashtra,Maharashtra City 3,4G,97.79,28.27,1.18,47.9,76,0,3.33
AIR109840,2025-07-15,Kerala,Kerala City 2,5G,99.81,170.72,0.71,15.9,42,0,4.04
AIR109841,2025-08-15,Gujarat,Gujarat City 2,4G,98.18,51.26,1.2,52.6,57,1,2.87
AIR109842,2025-09-15,Tamil Nadu,Tamil Nadu City 3,5G,99.49,107.6,0.76,20.3,128,0,4.14
AIR109843,2025-10-15,Rajasthan,Rajasthan City 2,4G,98.01,31.22,0.84,42.6,64,0,3.13
AIR109844,2025-11-15,Maharashtra,Maharashtra City 2,5G,98.74,164.4,0.69,24,58,0,4.34
AIR109845,2025-12-15,Uttar Pradesh,Uttar Pradesh City 3,4G,98.5,22.5,1.12,34.1,107,0,2.68
AIR109846,2025-02-15,Maharashtra,Maharashtra City 1,5G,97.62,157.57,0.65,24.3,28,0,3.7
AIR109847,2025-03-15,Karnataka,Karnataka City 2,5G,99.21,193.58,0.57,19.2,15,0,4.38
AIR109848,2025-04-15,West Bengal,West Bengal City 3,4G,99.21,67.45,0.56,39.4,104,1,3.68
AIR109849,2025-05-15,Maharashtra,Maharashtra City 2,4G,97.97,46.42,1.38,45.7,33,1,3.17
AIR109850,2025-06-15,Gujarat,Gujarat City 3,5G,98.92,93.54,0.55,26.3,5,1,4.29
AIR109851,2025-07-15,Karnataka,Karnataka City 1,5G,99.22,144.98,0.97,16,5,0,4.01
AIR109852,2025-08-15,Telangana,Telangana City 2,4G,97.42,30.8,0.99,56.1,95,0,3.64
AIR109853,2025-09-15,Delhi,Delhi City 1,4G,97,29.37,1.19,40.7,75,0,3.31
AIR109854,2025-10-15,Rajasthan,Rajasthan City 1,4G,98.54,49.52,0.72,50.2,117,0,3.48
AIR109855,2025-11-15,Uttar Pradesh,Uttar Pradesh City 3,4G,97.28,59.39,0.53,34.5,93,1,3.62
AIR109856,2025-12-15,Rajasthan,Rajasthan City 2,4G,97.41,51.1,1.07,40,80,0,3.06
AIR109857,2025-02-15,Telangana,Telangana City 2,4G,97.93,26.86,1.21,41.1,100,0,3.51
AIR109858,2025-03-15,West Bengal,West Bengal City 2,4G,99.06,45.21,0.77,39.3,27,0,3.99
AIR109859,2025-04-15,Maharashtra,Maharashtra City 2,4G,99.27,43.02,0.99,33.1,117,0,3.32
AIR109860,2025-05-15,Kerala,Kerala City 2,5G,99.53,98.45,0.78,26.8,51,0,4.31
AIR109861,2025-06-15,Karnataka,Karnataka City 3,5G,98.99,178,0.32,25.8,34,0,3.21
AIR109862,2025-07-15,Uttar Pradesh,Uttar Pradesh City 2,5G,98.95,178.76,0.68,23.6,122,0,3.57
AIR109863,2025-08-15,Telangana,Telangana City 1,5G,98.98,165.88,0.92,15.7,129,1,4.19
AIR109864,2025-09-15,West Bengal,West Bengal City 1,4G,99.51,35.35,0.75,38.4,74,0,3.74
AIR109865,2025-10-15,Rajasthan,Rajasthan City 2,5G,99.03,138.32,0.61,10.9,49,1,3.78
AIR109866,2025-11-15,Telangana,Telangana City 3,5G,99.2,106.64,0.7,13.5,77,1,3.52
AIR109867,2025-12-15,Uttar Pradesh,Uttar Pradesh City 3,5G,99.7,91.85,1.05,20.2,79,0,3.78
AIR109868,2025-02-15,Uttar Pradesh,Uttar Pradesh City 2,5G,99.83,159.43,0.93,19.1,92,0,3.17
AIR109869,2025-03-15,West Bengal,West Bengal City 1,4G,97.69,60.98,1.37,41.1,41,0,2.98
AIR109870,2025-04-15,Rajasthan,Rajasthan City 2,4G,97.52,66.86,0.86,31.1,119,0,3.31
AIR109871,2025-05-15,Gujarat,Gujarat City 2,4G,98.44,52.84,1.05,27.3,63,0,3.86
AIR109872,2025-06-15,Uttar Pradesh,Uttar Pradesh City 2,5G,99.25,183.38,0.41,22.1,73,0,4.22
AIR109873,2025-07-15,Karnataka,Karnataka City 3,4G,98.39,42.2,0.91,38.3,67,0,3.43
AIR109874,2025-08-15,Karnataka,Karnataka City 3,5G,98.48,155.08,0.74,17.9,16,0,4.15
AIR109875,2025-09-15,Delhi,Delhi City 1,4G,97.12,48.2,1.5,56.5,50,0,3.39
AIR109876,2025-10-15,Rajasthan,Rajasthan City 1,4G,98.52,60.2,1.49,36.6,57,0,3.51
AIR109877,2025-11-15,Telangana,Telangana City 2,4G,98.18,41.41,1.21,12.5,61,1,3.94
AIR109878,2025-12-15,Karnataka,Karnataka City 1,4G,96.58,33.75,0.79,40.8,76,0,2.72
AIR109879,2025-02-15,West Bengal,West Bengal City 2,4G,98.37,34.84,1.67,39.3,55,0,3.27
AIR109880,2025-03-15,Telangana,Telangana City 1,4G,97.65,14.67,0.87,48,118,0,3.97
AIR109881,2025-04-15,Rajasthan,Rajasthan City 2,4G,97.91,37.7,0.87,41.3,93,0,3.27
AIR109882,2025-05-15,West Bengal,West Bengal City 3,5G,99.14,150.16,0.57,20.5,64,1,3.97
AIR109883,2025-06-15,Maharashtra,Maharashtra City 2,4G,97.88,47.9,0.97,17.3,100,0,3.25
AIR109884,2025-07-15,Tamil Nadu,Tamil Nadu City 3,5G,98.97,141.9,0.78,19.2,64,0,3.75
AIR109885,2025-08-15,Karnataka,Karnataka City 3,4G,96.19,31.48,0.77,33.1,110,0,3.07
AIR109886,2025-09-15,Karnataka,Karnataka City 1,4G,98.31,51.73,1.26,31.4,52,1,3.59
AIR109887,2025-10-15,Delhi,Delhi City 1,4G,97.54,51.31,0.93,41.3,112,0,3.64
AIR109888,2025-11-15,Gujarat,Gujarat City 3,5G,99.71,148.26,0.79,22.3,63,0,4.56
AIR109889,2025-12-15,Delhi,Delhi City 2,4G,97.37,37.92,1.13,45.3,135,1,3.2
AIR109890,2025-02-15,Rajasthan,Rajasthan City 2,4G,98.69,40,0.9,34.5,103,0,3.64
AIR109891,2025-03-15,Delhi,Delhi City 1,5G,100,118.23,0.87,17.5,77,0,4.12
AIR109892,2025-04-15,Gujarat,Gujarat City 2,4G,99.47,28.06,0.82,50.4,157,1,3.27
AIR109893,2025-05-15,Gujarat,Gujarat City 2,4G,98.81,58.82,1.23,40.2,63,1,3.87
AIR109894,2025-06-15,Uttar Pradesh,Uttar Pradesh City 2,5G,100,206.47,0.58,20.2,187,0,4.25
AIR109895,2025-07-15,Uttar Pradesh,Uttar Pradesh City 3,4G,97.84,69.57,0.59,59.7,63,0,3.3
AIR109896,2025-08-15,Tamil Nadu,Tamil Nadu City 3,4G,98.88,48.05,0.49,45.5,112,0,3.99
AIR109897,2025-09-15,West Bengal,West Bengal City 2,4G,98.35,50.43,0.36,56.9,71,0,3.28
AIR109898,2025-10-15,Maharashtra,Maharashtra City 1,4G,99.24,28.36,1.16,35.6,92,0,3.65
AIR109899,2025-11-15,Gujarat,Gujarat City 2,4G,98.03,47.52,0.64,45.5,45,0,3.23
AIR109900,2025-12-15,Maharashtra,Maharashtra City 1,4G,98.98,56.55,0.59,42.1,123,1,3.47
AIR109901,2025-02-15,Karnataka,Karnataka City 3,5G,98.63,143.98,1.03,30.7,91,0,3.51
AIR109902,2025-03-15,Kerala,Kerala City 2,4G,98.75,46.43,1.57,30.8,80,1,3.42
AIR109903,2025-04-15,Tamil Nadu,Tamil Nadu City 2,4G,98.08,41.81,1.16,56.5,124,0,3.27
AIR109904,2025-05-15,Rajasthan,Rajasthan City 1,5G,100,178.09,0.24,22.4,69,0,3.59
AIR109905,2025-06-15,Telangana,Telangana City 1,4G,97.84,40.32,0.95,36.8,100,0,3.08
AIR109906,2025-07-15,Maharashtra,Maharashtra City 2,5G,100,81.15,0.46,13,76,0,4.16
AIR109907,2025-08-15,Delhi,Delhi City 2,5G,99.3,201.76,0.73,12.9,51,0,4.2
AIR109908,2025-09-15,Gujarat,Gujarat City 1,4G,98.74,59.42,1.11,32.7,16,0,3.74
AIR109909,2025-10-15,Maharashtra,Maharashtra City 3,4G,98.22,47.15,0.71,35.9,42,0,3.69
AIR109910,2025-11-15,Telangana,Telangana City 1,5G,98.86,153.38,0.56,19.5,8,0,3.5
AIR109911,2025-12-15,Gujarat,Gujarat City 2,5G,98.48,207.33,0.66,21,24,0,3.77
AIR109912,2025-02-15,Rajasthan,Rajasthan City 3,4G,98.41,50.37,0.88,34.4,100,0,3.04
AIR109913,2025-03-15,Kerala,Kerala City 3,4G,99.46,51.32,0.86,33.7,45,1,4.15
AIR109914,2025-04-15,Delhi,Delhi City 3,4G,98.91,58.54,0.8,31.4,53,0,3.97
AIR109915,2025-05-15,Maharashtra,Maharashtra City 3,4G,99.08,30.61,1.1,42.4,63,0,3.84
AIR109916,2025-06-15,Uttar Pradesh,Uttar Pradesh City 2,4G,96.35,57.53,1.03,39.2,69,1,3.39
AIR109917,2025-07-15,Tamil Nadu,Tamil Nadu City 3,4G,99.64,53.29,0.64,47.1,32,0,4.05
AIR109918,2025-08-15,Maharashtra,Maharashtra City 1,5G,98.21,124.1,0.79,18,108,0,3.32
AIR109919,2025-09-15,Maharashtra,Maharashtra City 1,4G,97.27,29.9,1.09,50.5,103,0,2.63
AIR109920,2025-10-15,Telangana,Telangana City 1,5G,99.88,138.94,0.67,18.3,119,0,3.8
AIR109921,2025-11-15,Telangana,Telangana City 2,4G,97.67,33.21,1.09,46.8,66,0,3.56
AIR109922,2025-12-15,Tamil Nadu,Tamil Nadu City 3,4G,97.52,37.36,1.37,47.7,72,0,3.62
AIR109923,2025-02-15,Maharashtra,Maharashtra City 1,4G,98.42,36.62,1.14,45.8,67,0,3.78
AIR109924,2025-03-15,West Bengal,West Bengal City 1,4G,97.67,52.44,0.78,47.3,127,1,3.16
AIR109925,2025-04-15,Rajasthan,Rajasthan City 1,4G,98.41,48.17,1.04,44,73,0,3.79
AIR109926,2025-05-15,Telangana,Telangana City 3,5G,98.97,112.59,0.1,21.7,42,0,4.18
AIR109927,2025-06-15,Telangana,Telangana City 1,4G,99.01,63.13,0.98,33,72,0,4.1
AIR109928,2025-07-15,West Bengal,West Bengal City 3,5G,100,177.58,0.38,24,79,0,4.93
AIR109929,2025-08-15,Gujarat,Gujarat City 3,4G,96.88,39.06,0.66,50.7,137,1,3.18
AIR109930,2025-09-15,Maharashtra,Maharashtra City 3,4G,97.33,32.34,1.08,34.7,103,0,3.29
AIR109931,2025-10-15,Tamil Nadu,Tamil Nadu City 2,4G,98.65,58.34,0.78,29.3,102,0,3.49
AIR109932,2025-11-15,Telangana,Telangana City 2,5G,99.04,200.43,0.8,12.7,46,0,4.46
AIR109933,2025-12-15,Tamil Nadu,Tamil Nadu City 3,4G,98.54,52.7,0.55,44.7,85,1,3.64
AIR109934,2025-02-15,Tamil Nadu,Tamil Nadu City 3,4G,99.86,16.46,1.08,48.1,106,1,3.43
AIR109935,2025-03-15,Rajasthan,Rajasthan City 2,5G,98.53,187.61,0.71,15.7,95,0,4.68
AIR109936,2025-04-15,Uttar Pradesh,Uttar Pradesh City 2,5G,98.45,149.94,0.53,17.1,40,0,3.91
AIR109937,2025-05-15,Telangana,Telangana City 3,4G,96.97,50.9,1,46.8,51,0,3.45
AIR109938,2025-06-15,Delhi,Delhi City 2,5G,98.52,171.17,0.75,26.4,41,1,3.47
AIR109939,2025-07-15,Gujarat,Gujarat City 1,4G,99.24,38.95,0.85,18.6,61,1,4.18
AIR109940,2025-08-15,Tamil Nadu,Tamil Nadu City 3,5G,99.96,174.16,0.5,27.6,42,0,4.04
AIR109941,2025-09-15,Telangana,Telangana City 3,4G,99.05,42.91,0.45,39.2,123,0,3.48
AIR109942,2025-10-15,Gujarat,Gujarat City 2,4G,99.7,45.6,0.75,44.4,137,0,4.33
AIR109943,2025-11-15,Delhi,Delhi City 1,4G,97.5,33.95,0.79,41.5,73,0,3.75
AIR109944,2025-12-15,Telangana,Telangana City 2,4G,99.58,45.47,1.89,14.7,82,0,3.33
AIR109945,2025-02-15,Maharashtra,Maharashtra City 1,4G,97.53,41.91,1.21,46.9,59,0,2.52
AIR109946,2025-03-15,Tamil Nadu,Tamil Nadu City 1,5G,98.62,202.93,0.72,10.5,56,1,4.29
AIR109947,2025-04-15,Delhi,Delhi City 3,5G,99.55,212.86,0.78,28,47,1,3.59
AIR109948,2025-05-15,Maharashtra,Maharashtra City 1,4G,97.81,40.28,1.2,31,47,0,3.25
AIR109949,2025-06-15,Tamil Nadu,Tamil Nadu City 3,4G,97.97,56.51,1.25,28.8,58,0,3.99
AIR109950,2025-07-15,Karnataka,Karnataka City 1,4G,98.16,47.36,0.87,15.9,43,0,3.37
AIR109951,2025-08-15,Kerala,Kerala City 3,4G,97.87,42.19,1.18,37.6,129,1,3.82
AIR109952,2025-09-15,West Bengal,West Bengal City 1,5G,98.98,147.71,0.8,22.5,58,0,3.85
AIR109953,2025-10-15,Tamil Nadu,Tamil Nadu City 2,4G,98.33,49.91,1.15,40,79,0,3.27
AIR109954,2025-11-15,Delhi,Delhi City 1,4G,99.69,42.89,0.62,32.3,105,0,3.6
AIR109955,2025-12-15,Delhi,Delhi City 2,4G,99,30.9,1.58,23.4,93,0,3.85
AIR109956,2025-02-15,Kerala,Kerala City 1,4G,97.28,16,0.99,43.6,45,0,3.64
AIR109957,2025-03-15,Telangana,Telangana City 1,4G,98.94,65.96,1.32,25.4,129,0,2.76
AIR109958,2025-04-15,West Bengal,West Bengal City 3,4G,98.1,43.22,0.97,18,52,0,4.71
AIR109959,2025-05-15,Gujarat,Gujarat City 1,4G,98.26,34.59,1.28,55.2,58,0,3.71
AIR109960,2025-06-15,Tamil Nadu,Tamil Nadu City 1,4G,99.71,35.41,1.29,39.1,33,1,4.14
AIR109961,2025-07-15,Telangana,Telangana City 1,4G,97.81,55.95,0.95,47.6,111,1,3.46
AIR109962,2025-08-15,Maharashtra,Maharashtra City 2,4G,98.16,69.62,0.43,28,38,0,3.29
AIR109963,2025-09-15,Gujarat,Gujarat City 3,4G,99.53,57.02,1.24,31.4,63,1,3.63
AIR109964,2025-10-15,West Bengal,West Bengal City 3,5G,99.4,97.58,0.51,12.6,52,0,4.41
AIR109965,2025-11-15,Telangana,Telangana City 1,4G,98.45,65.21,0.85,34.8,30,1,3.38
AIR109966,2025-12-15,Uttar Pradesh,Uttar Pradesh City 1,5G,99.2,231.58,0.18,28.3,107,0,3.86
AIR109967,2025-02-15,Gujarat,Gujarat City 2,4G,97.98,21.21,1.33,39,88,0,3.08
AIR109968,2025-03-15,Rajasthan,Rajasthan City 1,4G,97.69,65,0.96,44.6,17,0,3.47
AIR109969,2025-04-15,Rajasthan,Rajasthan City 3,4G,97.15,34.12,0.85,39.6,40,0,3.56
AIR109970,2025-05-15,Tamil Nadu,Tamil Nadu City 3,4G,97.69,48.44,1.33,30.3,63,0,3.67
AIR109971,2025-06-15,Tamil Nadu,Tamil Nadu City 2,5G,98.4,167.47,0.41,10.6,39,1,3.73
AIR109972,2025-07-15,Tamil Nadu,Tamil Nadu City 2,4G,97.43,34.28,0.91,27,32,1,3.09
AIR109973,2025-08-15,West Bengal,West Bengal City 3,4G,98.01,54.46,0.85,29.2,21,0,3.21
AIR109974,2025-09-15,Uttar Pradesh,Uttar Pradesh City 2,5G,99.19,101.55,1.02,18.7,39,0,4.09
AIR109975,2025-10-15,Telangana,Telangana City 1,4G,98.26,49.76,1.17,50.8,46,1,3.42
AIR109976,2025-11-15,Maharashtra,Maharashtra City 1,4G,99.98,31.11,0.94,22.6,108,0,4.35
AIR109977,2025-12-15,Karnataka,Karnataka City 2,4G,98.7,47.27,1.6,44.9,53,0,3.53
AIR109978,2025-02-15,Delhi,Delhi City 3,4G,96.71,35.29,1.33,33,14,1,3.4
AIR109979,2025-03-15,Maharashtra,Maharashtra City 2,4G,97.41,53.64,0.56,52.8,87,0,3.3
AIR109980,2025-04-15,Telangana,Telangana City 3,4G,96.27,61.18,0.93,41.7,19,0,3.4
AIR109981,2025-05-15,Uttar Pradesh,Uttar Pradesh City 2,5G,99.39,133.49,1.2,16.2,55,0,3.9
AIR109982,2025-06-15,West Bengal,West Bengal City 2,5G,99.86,142.99,0.21,25.4,90,0,4.31
AIR109983,2025-07-15,Gujarat,Gujarat City 2,4G,98.39,23.02,0.35,34.8,54,0,3.16
AIR109984,2025-08-15,Maharashtra,Maharashtra City 1,4G,97.62,29.34,0.73,36.7,82,0,3.92
AIR109985,2025-09-15,Gujarat,Gujarat City 1,4G,99.52,27.81,1.47,56.2,72,0,3.13
AIR109986,2025-10-15,Karnataka,Karnataka City 3,4G,97.51,41.72,0.74,37.2,93,0,3.06
AIR109987,2025-11-15,Telangana,Telangana City 2,4G,98.76,55.8,1.06,20.8,5,0,3.45
AIR109988,2025-12-15,Uttar Pradesh,Uttar Pradesh City 1,5G,100,135.16,0.62,23.5,68,0,4.1
AIR109989,2025-02-15,Telangana,Telangana City 2,5G,99.65,157.89,0.62,23.2,52,1,4.28
AIR109990,2025-03-15,Delhi,Delhi City 3,4G,97.83,24.36,1.9,39.3,26,1,2.78
AIR109991,2025-04-15,West Bengal,West Bengal City 1,4G,97.28,59.83,1.17,36.1,163,0,3.74
AIR109992,2025-05-15,Delhi,Delhi City 3,4G,96.92,53.1,0.79,44.8,30,0,3.36
AIR109993,2025-06-15,Telangana,Telangana City 1,4G,98.6,50.18,1,23.6,53,0,3.92
AIR109994,2025-07-15,Delhi,Delhi City 2,4G,98.9,37.43,0.98,37.5,93,0,3.59
AIR109995,2025-08-15,Kerala,Kerala City 3,4G,98.65,49.79,1.12,45.9,99,0,3.32
AIR109996,2025-09-15,Telangana,Telangana City 1,4G,98.23,38.03,0.95,42,65,0,3.35
AIR109997,2025-10-15,Uttar Pradesh,Uttar Pradesh City 1,4G,96.9,44.3,1.2,49.6,58,0,2.54
AIR109998,2025-11-15,Maharashtra,Maharashtra City 2,4G,98.28,54.97,1.13,20.5,96,0,3.09
AIR109999,2025-12-15,Uttar Pradesh,Uttar Pradesh City 3,5G,99.45,140.69,0.57,15.8,72,0,4.4
AIR110000,2025-02-15,Kerala,Kerala City 3,4G,99.81,46.55,2.31,45.5,102,0,3.05
