Customer_ID,Usage_Date,State,City,Network_Type,Customer_Segment,Tenure_Years,Data_Usage_GB,Voice_Usage_Min,Customer_Satisfaction,NPS_Score
AIR100001,2025-02-15,Telangana,Telangana City 3,4G,Prepaid,5.8,1,20,3.71,33
AIR100002,2025-03-15,Delhi,Delhi City 2,5G,Prepaid,5.8,46.89,335,3.56,28
AIR100003,2025-04-15,West Bengal,West Bengal City 3,5G,Postpaid,4.2,13.34,748,3.49,25
AIR100004,2025-05-15,Kerala,Kerala City 1,5G,Enterprise,5.4,52.53,339,4.4,47
AIR100005,2025-06-15,Telangana,Telangana City 2,4G,Postpaid,1.4,10.33,159,3.31,-17
AIR100006,2025-07-15,Uttar Pradesh,Uttar Pradesh City 3,4G,Broadband,1.8,8.2,200,3.99,54
AIR100007,2025-08-15,Maharashtra,Maharashtra City 3,4G,Prepaid,6.4,27.6,398,2.95,18
AIR100008,2025-09-15,Telangana,Telangana City 2,4G,Prepaid,3.1,22.5,268,3.26,16
AIR100009,2025-10-15,West Bengal,West Bengal City 3,4G,Postpaid,1.6,18.31,301,3.93,42
AIR100010,2025-11-15,Kerala,Kerala City 3,4G,Postpaid,2.7,11.91,587,3.51,16
AIR100011,2025-12-15,Delhi,Delhi City 1,4G,Prepaid,2.4,6.3,237,2.95,-24
AIR100012,2025-02-15,West Bengal,West Bengal City 1,4G,Broadband,0.3,28.6,355,3.66,21
AIR100013,2025-03-15,West Bengal,West Bengal City 1,4G,Prepaid,1.8,29.75,581,3.51,23
AIR100014,2025-04-15,Maharashtra,Maharashtra City 1,5G,Prepaid,5.9,49.8,408,4.13,18
AIR100015,2025-05-15,Gujarat,Gujarat City 1,4G,Postpaid,4.4,13.98,129,2.86,-16
AIR100016,2025-06-15,Kerala,Kerala City 1,5G,Postpaid,0.8,55.41,316,3.82,23
AIR100017,2025-07-15,Karnataka,Karnataka City 2,4G,Prepaid,6.3,17.16,688,3.27,-1
AIR100018,2025-08-15,West Bengal,West Bengal City 1,4G,Prepaid,4.5,6.55,247,3.4,8
AIR100019,2025-09-15,Gujarat,Gujarat City 3,4G,Postpaid,3.8,11.08,174,3.38,11
AIR100020,2025-10-15,Karnataka,Karnataka City 2,5G,Postpaid,5,47.93,568,3.56,5
AIR100021,2025-11-15,Kerala,Kerala City 3,4G,Postpaid,2.1,26.85,195,3.59,7
AIR100022,2025-12-15,Tamil Nadu,Tamil Nadu City 1,5G,Postpaid,2.3,21.24,574,3.64,26
AIR100023,2025-02-15,Uttar Pradesh,Uttar Pradesh City 1,4G,Prepaid,4.7,21.78,347,3.51,25
AIR100024,2025-03-15,Gujarat,Gujarat City 3,4G,Enterprise,5.8,17.24,528,2.64,-7
AIR100025,2025-04-15,Rajasthan,Rajasthan City 3,5G,Broadband,5.1,34.81,433,3.93,24
AIR100026,2025-05-15,Tamil Nadu,Tamil Nadu City 3,4G,Prepaid,2.9,19.6,516,3.3,8
AIR100027,2025-06-15,Uttar Pradesh,Uttar Pradesh City 2,5G,Prepaid,3.9,30.45,539,3.62,25
AIR100028,2025-07-15,Maharashtra,Maharashtra City 1,4G,Prepaid,0.7,27.93,608,3.31,-5
AIR100029,2025-08-15,Telangana,Telangana City 3,4G,Postpaid,5.1,20.86,444,3.16,13
AIR100030,2025-09-15,Delhi,Delhi City 1,5G,Broadband,4.4,1,532,4.22,45
AIR100031,2025-10-15,Rajasthan,Rajasthan City 3,5G,Postpaid,3.1,51.13,527,4.19,32
AIR100032,2025-11-15,Maharashtra,Maharashtra City 1,4G,Broadband,1.5,14.59,427,3.16,-3
AIR100033,2025-12-15,Kerala,Kerala City 2,5G,Prepaid,3.2,42.47,476,4.19,40
AIR100034,2025-02-15,Maharashtra,Maharashtra City 1,4G,Postpaid,0.8,10.13,479,3.46,5
AIR100035,2025-03-15,Telangana,Telangana City 3,5G,Prepaid,4.6,22.94,651,4.05,54
AIR100036,2025-04-15,Kerala,Kerala City 1,4G,Prepaid,4.9,20.79,576,3.7,13
AIR100037,2025-05-15,Rajasthan,Rajasthan City 2,4G,Postpaid,2.2,28.35,227,3.14,12
AIR100038,2025-06-15,Telangana,Telangana City 2,4G,Prepaid,2,21.72,141,2.87,7
AIR100039,2025-07-15,Karnataka,Karnataka City 1,4G,Postpaid,3.4,23.11,493,3.84,12
AIR100040,2025-08-15,Delhi,Delhi City 3,4G,Postpaid,1.5,26.46,218,3,0
AIR100041,2025-09-15,Rajasthan,Rajasthan City 2,4G,Broadband,5.6,4.77,565,3.43,19
AIR100042,2025-10-15,Karnataka,Karnataka City 2,4G,Prepaid,5.7,17.81,460,4.08,30
AIR100043,2025-11-15,Uttar Pradesh,Uttar Pradesh City 1,5G,Postpaid,4.4,58.09,225,3.35,8
AIR100044,2025-12-15,Rajasthan,Rajasthan City 2,4G,Enterprise,2.6,26.34,773,3.11,-4
AIR100045,2025-02-15,Uttar Pradesh,Uttar Pradesh City 2,4G,Broadband,5.3,28.57,312,3.42,28
AIR100046,2025-03-15,Kerala,Kerala City 3,4G,Postpaid,0.6,10.8,470,3.74,30
AIR100047,2025-04-15,Karnataka,Karnataka City 3,5G,Postpaid,1.9,46.75,475,3.14,13
AIR100048,2025-05-15,Delhi,Delhi City 3,4G,Prepaid,1.7,9.36,305,3.3,20
AIR100049,2025-06-15,Telangana,Telangana City 1,4G,Postpaid,5.9,18.63,484,3.8,27
AIR100050,2025-07-15,West Bengal,West Bengal City 2,4G,Postpaid,6.2,1,192,3.44,-2
AIR100051,2025-08-15,Maharashtra,Maharashtra City 1,4G,Postpaid,6.4,17.16,468,3.38,22
AIR100052,2025-09-15,Tamil Nadu,Tamil Nadu City 2,4G,Postpaid,2.3,10.58,323,3.82,6
AIR100053,2025-10-15,Delhi,Delhi City 2,4G,Prepaid,4.7,23.96,284,3.5,10
AIR100054,2025-11-15,Karnataka,Karnataka City 2,4G,Prepaid,6.5,18.04,508,3.52,7
AIR100055,2025-12-15,West Bengal,West Bengal City 3,4G,Postpaid,6.4,17.3,575,3.46,22
AIR100056,2025-02-15,Delhi,Delhi City 1,4G,Prepaid,3.8,10.89,257,2.82,-9
AIR100057,2025-03-15,Karnataka,Karnataka City 1,4G,Prepaid,3.6,14.48,204,4.32,55
AIR100058,2025-04-15,Gujarat,Gujarat City 2,4G,Prepaid,2.3,8.24,614,3.64,29
AIR100059,2025-05-15,Gujarat,Gujarat City 1,5G,Prepaid,2,43.02,124,4.32,56
AIR100060,2025-06-15,Uttar Pradesh,Uttar Pradesh City 3,5G,Broadband,2.8,36.13,292,3.2,8
AIR100061,2025-07-15,Delhi,Delhi City 1,4G,Postpaid,3,33.79,314,3.6,22
AIR100062,2025-08-15,Gujarat,Gujarat City 2,4G,Prepaid,6.1,28.91,362,3.79,29
AIR100063,2025-09-15,Karnataka,Karnataka City 3,4G,Postpaid,1.5,13.55,516,3.37,5
AIR100064,2025-10-15,Uttar Pradesh,Uttar Pradesh City 3,4G,Prepaid,3.6,16.99,390,3.13,-17
AIR100065,2025-11-15,Karnataka,Karnataka City 2,4G,Postpaid,3.1,15.63,686,4.02,43
AIR100066,2025-12-15,Uttar Pradesh,Uttar Pradesh City 1,4G,Prepaid,1.4,13.35,583,3.1,8
AIR100067,2025-02-15,Delhi,Delhi City 2,5G,Broadband,4.8,29.47,645,4.22,56
AIR100068,2025-03-15,West Bengal,West Bengal City 1,5G,Prepaid,1.1,11.12,524,3.71,15
AIR100069,2025-04-15,Telangana,Telangana City 1,4G,Postpaid,0.9,16.63,455,2.87,-8
AIR100070,2025-05-15,Rajasthan,Rajasthan City 3,4G,Broadband,5.2,20.11,397,3.64,22
AIR100071,2025-06-15,West Bengal,West Bengal City 2,5G,Enterprise,4.1,44.63,312,3.66,24
AIR100072,2025-07-15,Kerala,Kerala City 3,5G,Prepaid,1.5,45.2,555,4.03,12
AIR100073,2025-08-15,Karnataka,Karnataka City 2,5G,Postpaid,0.7,19.95,512,3.23,-2
AIR100074,2025-09-15,Kerala,Kerala City 2,4G,Prepaid,4.9,10.17,342,3.9,31
AIR100075,2025-10-15,West Bengal,West Bengal City 3,4G,Postpaid,1.6,27.45,488,2.97,-2
AIR100076,2025-11-15,Uttar Pradesh,Uttar Pradesh City 2,4G,Prepaid,3.1,28.71,426,4.41,51
AIR100077,2025-12-15,Rajasthan,Rajasthan City 2,4G,Broadband,6.3,24.18,138,4.01,22
AIR100078,2025-02-15,Rajasthan,Rajasthan City 1,4G,Prepaid,3.4,19.33,365,3.57,20
AIR100079,2025-03-15,Tamil Nadu,Tamil Nadu City 2,4G,Postpaid,2.4,32.31,341,3.56,22
AIR100080,2025-04-15,Rajasthan,Rajasthan City 2,5G,Postpaid,4.1,48.18,358,3.1,4
AIR100081,2025-05-15,Telangana,Telangana City 3,5G,Enterprise,2.8,34.64,204,3.89,24
AIR100082,2025-06-15,Rajasthan,Rajasthan City 3,4G,Postpaid,1.8,21.02,176,3.34,0
AIR100083,2025-07-15,West Bengal,West Bengal City 2,5G,Prepaid,2.3,33.84,315,3.74,22
AIR100084,2025-08-15,Tamil Nadu,Tamil Nadu City 1,4G,Prepaid,2.1,33.72,304,3.02,14
AIR100085,2025-09-15,West Bengal,West Bengal City 1,5G,Prepaid,1.7,27.74,441,3.83,26
AIR100086,2025-10-15,West Bengal,West Bengal City 3,4G,Postpaid,2.7,14.59,369,3.4,25
AIR100087,2025-11-15,Maharashtra,Maharashtra City 2,4G,Postpaid,2.1,13.13,323,3.59,20
AIR100088,2025-12-15,Tamil Nadu,Tamil Nadu City 2,4G,Postpaid,3.3,19.71,718,3.86,24
AIR100089,2025-02-15,West Bengal,West Bengal City 1,4G,Prepaid,2.7,27.37,427,3.48,26
AIR100090,2025-03-15,Maharashtra,Maharashtra City 1,4G,Postpaid,4.5,29.33,259,3.47,33
AIR100091,2025-04-15,Maharashtra,Maharashtra City 1,4G,Postpaid,2.6,17.72,416,3.44,33
AIR100092,2025-05-15,Tamil Nadu,Tamil Nadu City 3,5G,Enterprise,5.7,14.76,498,3.61,30
AIR100093,2025-06-15,Kerala,Kerala City 2,4G,Postpaid,5.5,6.45,420,3.24,-6
AIR100094,2025-07-15,Uttar Pradesh,Uttar Pradesh City 3,4G,Prepaid,0.6,1.98,180,4.06,23
AIR100095,2025-08-15,Telangana,Telangana City 2,4G,Prepaid,6.4,39.57,516,3.35,14
AIR100096,2025-09-15,Uttar Pradesh,Uttar Pradesh City 3,4G,Prepaid,1.9,31.75,544,3.35,18
AIR100097,2025-10-15,Rajasthan,Rajasthan City 2,4G,Postpaid,4.5,7.75,36,3.7,38
AIR100098,2025-11-15,Telangana,Telangana City 1,5G,Postpaid,3.9,18.98,453,3.98,39
AIR100099,2025-12-15,Rajasthan,Rajasthan City 1,4G,Prepaid,2.5,10,326,3.34,6
AIR100100,2025-02-15,West Bengal,West Bengal City 1,4G,Prepaid,5.2,18.75,221,3.88,32
AIR100101,2025-03-15,Karnataka,Karnataka City 3,5G,Prepaid,3.6,22.85,870,4.02,47
AIR100102,2025-04-15,Tamil Nadu,Tamil Nadu City 1,4G,Broadband,4.7,43.02,755,3.2,5
AIR100103,2025-05-15,Telangana,Telangana City 2,4G,Prepaid,0.9,14.04,451,3.4,4
AIR100104,2025-06-15,Telangana,Telangana City 3,5G,Prepaid,3.4,44.49,288,4.48,56
AIR100105,2025-07-15,West Bengal,West Bengal City 2,4G,Prepaid,6.2,23.35,488,2.81,1
AIR100106,2025-08-15,Kerala,Kerala City 3,4G,Prepaid,1.2,28.25,636,3.16,12
AIR100107,2025-09-15,Maharashtra,Maharashtra City 2,5G,Postpaid,0.9,37.39,521,3.56,22
AIR100108,2025-10-15,West Bengal,West Bengal City 2,4G,Broadband,6.2,1.01,553,3.42,13
AIR100109,2025-11-15,Gujarat,Gujarat City 3,4G,Prepaid,1.2,5.17,244,3.86,29
AIR100110,2025-12-15,Maharashtra,Maharashtra City 3,5G,Postpaid,3.3,31.18,540,4.11,20
AIR100111,2025-02-15,Tamil Nadu,Tamil Nadu City 1,4G,Prepaid,4.3,14.94,611,3.23,16
AIR100112,2025-03-15,Maharashtra,Maharashtra City 1,4G,Enterprise,2.6,30.98,507,2.89,-7
AIR100113,2025-04-15,Kerala,Kerala City 2,5G,Prepaid,5,37.4,563,3.26,14
AIR100114,2025-05-15,Maharashtra,Maharashtra City 2,5G,Prepaid,6.2,27.7,320,4.01,23
AIR100115,2025-06-15,Tamil Nadu,Tamil Nadu City 2,4G,Postpaid,4.7,19.77,200,3.29,17
AIR100116,2025-07-15,Kerala,Kerala City 3,4G,Prepaid,2.5,12.42,265,4.04,37
AIR100117,2025-08-15,Uttar Pradesh,Uttar Pradesh City 3,5G,Prepaid,5.4,21.15,402,4.29,47
AIR100118,2025-09-15,Telangana,Telangana City 1,5G,Postpaid,3.5,29.91,524,4.05,63
AIR100119,2025-10-15,Telangana,Telangana City 2,4G,Postpaid,2.2,26.74,368,3.36,22
AIR100120,2025-11-15,Rajasthan,Rajasthan City 1,4G,Postpaid,1.7,18.83,645,4.11,25
AIR100121,2025-12-15,Uttar Pradesh,Uttar Pradesh City 3,4G,Postpaid,1.9,28.56,598,3.62,7
AIR100122,2025-02-15,Uttar Pradesh,Uttar Pradesh City 3,5G,Postpaid,4.4,21.14,635,3.7,30
AIR100123,2025-03-15,Maharashtra,Maharashtra City 3,5G,Postpaid,5.5,59.28,727,3.48,19
AIR100124,2025-04-15,Telangana,Telangana City 1,5G,Postpaid,5,37.32,698,3.91,45
AIR100125,2025-05-15,Tamil Nadu,Tamil Nadu City 3,5G,Postpaid,6.1,64.61,732,3.68,30
AIR100126,2025-06-15,Delhi,Delhi City 2,4G,Prepaid,6.4,44.15,650,4.04,31
AIR100127,2025-07-15,Delhi,Delhi City 1,4G,Prepaid,3.5,11.41,645,3.71,29
AIR100128,2025-08-15,Kerala,Kerala City 3,5G,Prepaid,3.9,50.43,410,4.11,39
AIR100129,2025-09-15,Telangana,Telangana City 1,5G,Prepaid,1,33.81,439,4.07,24
AIR100130,2025-10-15,Telangana,Telangana City 1,4G,Postpaid,6.1,33.54,461,4.06,20
AIR100131,2025-11-15,Delhi,Delhi City 3,4G,Prepaid,2.4,3.35,432,3.38,18
AIR100132,2025-12-15,Telangana,Telangana City 3,5G,Prepaid,4.2,16.67,146,4.41,47
AIR100133,2025-02-15,Maharashtra,Maharashtra City 1,4G,Prepaid,1.4,1.49,489,2.87,-1
AIR100134,2025-03-15,Gujarat,Gujarat City 1,4G,Prepaid,5.5,5.24,602,3.33,2
AIR100135,2025-04-15,Karnataka,Karnataka City 3,4G,Postpaid,6.2,20.42,280,3.59,18
AIR100136,2025-05-15,Uttar Pradesh,Uttar Pradesh City 2,4G,Postpaid,2.5,23.28,315,2.76,-11
AIR100137,2025-06-15,Rajasthan,Rajasthan City 1,4G,Postpaid,0.6,18.25,450,3.36,8
AIR100138,2025-07-15,Kerala,Kerala City 1,5G,Prepaid,2.4,13.89,130,4.46,66
AIR100139,2025-08-15,Gujarat,Gujarat City 2,4G,Broadband,4.8,26.79,121,3.31,20
AIR100140,2025-09-15,Delhi,Delhi City 3,4G,Enterprise,1.4,14.45,291,3.56,23
AIR100141,2025-10-15,Uttar Pradesh,Uttar Pradesh City 3,4G,Postpaid,6.1,17.28,364,3.23,-6
AIR100142,2025-11-15,Telangana,Telangana City 2,5G,Broadband,6.7,41.64,288,3.98,29
AIR100143,2025-12-15,Rajasthan,Rajasthan City 3,5G,Postpaid,5.7,35.39,356,3.56,31
AIR100144,2025-02-15,Telangana,Telangana City 3,5G,Broadband,0.6,7.51,299,3.56,19
AIR100145,2025-03-15,Tamil Nadu,Tamil Nadu City 1,5G,Broadband,1.8,37.07,480,4.2,37
AIR100146,2025-04-15,Tamil Nadu,Tamil Nadu City 1,4G,Enterprise,3.8,9.73,45,3.63,22
AIR100147,2025-05-15,Rajasthan,Rajasthan City 1,4G,Postpaid,5.9,13.97,184,3.61,34
AIR100148,2025-06-15,Rajasthan,Rajasthan City 2,4G,Postpaid,3.7,21.17,640,3.69,33
AIR100149,2025-07-15,Delhi,Delhi City 3,4G,Postpaid,4.7,6.88,334,3.04,22
AIR100150,2025-08-15,Rajasthan,Rajasthan City 3,5G,Prepaid,1.1,38.14,415,4.02,32
AIR100151,2025-09-15,Maharashtra,Maharashtra City 1,4G,Prepaid,3.6,1,718,3.47,17
AIR100152,2025-10-15,Telangana,Telangana City 1,5G,Broadband,2.2,12.43,252,3.67,10
AIR100153,2025-11-15,Gujarat,Gujarat City 2,4G,Prepaid,6.7,18.76,590,3.91,21
AIR100154,2025-12-15,West Bengal,West Bengal City 3,4G,Postpaid,4.4,27.24,354,3.5,25
AIR100155,2025-02-15,Rajasthan,Rajasthan City 2,4G,Prepaid,0.2,23.74,325,3.77,22
AIR100156,2025-03-15,Kerala,Kerala City 3,4G,Prepaid,1.2,13.02,434,3.75,37
AIR100157,2025-04-15,Tamil Nadu,Tamil Nadu City 2,4G,Broadband,2.2,20.43,331,3.58,33
AIR100158,2025-05-15,Maharashtra,Maharashtra City 1,4G,Broadband,6.1,22.15,386,3.47,17
AIR100159,2025-06-15,Uttar Pradesh,Uttar Pradesh City 2,4G,Postpaid,0.6,14.15,592,3.25,-12
AIR100160,2025-07-15,West Bengal,West Bengal City 2,4G,Prepaid,6,20.25,604,3.48,27
AIR100161,2025-08-15,Gujarat,Gujarat City 1,4G,Postpaid,4.8,15.23,68,3.43,13
AIR100162,2025-09-15,West Bengal,West Bengal City 3,4G,Prepaid,0.8,26.2,429,4.48,40
AIR100163,2025-10-15,Rajasthan,Rajasthan City 3,4G,Prepaid,6.2,9.8,382,3.98,35
AIR100164,2025-11-15,Delhi,Delhi City 1,4G,Prepaid,1.7,8.89,138,3.49,30
AIR100165,2025-12-15,Tamil Nadu,Tamil Nadu City 2,4G,Postpaid,2.6,15.67,744,2.76,-22
AIR100166,2025-02-15,Tamil Nadu,Tamil Nadu City 2,4G,Prepaid,1.3,12.62,631,3.84,30
AIR100167,2025-03-15,Uttar Pradesh,Uttar Pradesh City 2,4G,Postpaid,0.5,13.65,595,2.94,9
AIR100168,2025-04-15,Delhi,Delhi City 3,4G,Prepaid,2.7,38.57,646,3.95,17
AIR100169,2025-05-15,Telangana,Telangana City 2,4G,Prepaid,0.5,17.23,586,3.32,14
AIR100170,2025-06-15,Karnataka,Karnataka City 3,5G,Prepaid,6,52.55,526,3.47,7
AIR100171,2025-07-15,Maharashtra,Maharashtra City 2,4G,Enterprise,2.2,26.88,316,3.57,30
AIR100172,2025-08-15,Tamil Nadu,Tamil Nadu City 1,5G,Postpaid,5.6,32.57,606,3.47,-1
AIR100173,2025-09-15,Kerala,Kerala City 1,4G,Prepaid,4.8,11.25,410,4.18,51
AIR100174,2025-10-15,Tamil Nadu,Tamil Nadu City 3,4G,Postpaid,6.5,21.23,506,2.77,-14
AIR100175,2025-11-15,West Bengal,West Bengal City 3,5G,Broadband,3.8,50.08,707,4.32,34
AIR100176,2025-12-15,Tamil Nadu,Tamil Nadu City 1,4G,Postpaid,4.9,11.67,744,3.69,24
AIR100177,2025-02-15,Tamil Nadu,Tamil Nadu City 1,5G,Postpaid,1,41.9,281,3.86,42
AIR100178,2025-03-15,Karnataka,Karnataka City 2,4G,Prepaid,4.9,30.32,454,3.83,21
AIR100179,2025-04-15,Karnataka,Karnataka City 1,4G,Postpaid,0.4,37.37,142,3.95,38
AIR100180,2025-05-15,Gujarat,Gujarat City 3,5G,Postpaid,0.7,37.69,419,3.47,13
AIR100181,2025-06-15,Telangana,Telangana City 1,4G,Postpaid,2.3,9.44,444,3.01,4
AIR100182,2025-07-15,Kerala,Kerala City 3,4G,Broadband,3.9,27.87,506,3.7,24
AIR100183,2025-08-15,Tamil Nadu,Tamil Nadu City 3,4G,Prepaid,4.7,19.9,438,3.58,11
AIR100184,2025-09-15,Tamil Nadu,Tamil Nadu City 2,4G,Prepaid,3.7,22.38,274,3.52,35
AIR100185,2025-10-15,Maharashtra,Maharashtra City 2,4G,Broadband,1.7,13.03,367,3.39,3
AIR100186,2025-11-15,Karnataka,Karnataka City 2,4G,Postpaid,6.8,19.13,473,3.44,11
AIR100187,2025-12-15,Kerala,Kerala City 2,5G,Prepaid,5.1,19.33,397,3.71,28
AIR100188,2025-02-15,Uttar Pradesh,Uttar Pradesh City 1,5G,Prepaid,5.1,36.4,579,4.08,21
AIR100189,2025-03-15,Gujarat,Gujarat City 2,4G,Broadband,2.8,1.45,141,3.01,-1
AIR100190,2025-04-15,Telangana,Telangana City 1,5G,Prepaid,6.3,30.44,598,3.98,26
AIR100191,2025-05-15,Delhi,Delhi City 2,4G,Prepaid,2.2,18.52,425,3.12,10
AIR100192,2025-06-15,Telangana,Telangana City 2,4G,Prepaid,2,7.89,660,3.59,14
AIR100193,2025-07-15,West Bengal,West Bengal City 3,5G,Broadband,1.7,9.12,388,4.69,54
AIR100194,2025-08-15,Tamil Nadu,Tamil Nadu City 1,5G,Broadband,6.5,54.33,20,3.93,47
AIR100195,2025-09-15,Gujarat,Gujarat City 3,5G,Postpaid,2,35.76,266,3.58,16
AIR100196,2025-10-15,West Bengal,West Bengal City 2,4G,Postpaid,1.2,2.6,350,3.65,27
AIR100197,2025-11-15,Kerala,Kerala City 1,4G,Prepaid,6.2,19.36,542,3.35,28
AIR100198,2025-12-15,Delhi,Delhi City 2,5G,Prepaid,6.1,34.13,375,4.09,46
AIR100199,2025-02-15,Karnataka,Karnataka City 3,4G,Broadband,5.6,21.72,351,3.77,9
AIR100200,2025-03-15,Gujarat,Gujarat City 1,5G,Prepaid,0.9,62.37,266,4.05,44
AIR100201,2025-04-15,Gujarat,Gujarat City 3,4G,Postpaid,6.2,14.62,699,3.78,14
AIR100202,2025-05-15,Tamil Nadu,Tamil Nadu City 2,5G,Postpaid,6.3,32.61,330,3.77,18
AIR100203,2025-06-15,Rajasthan,Rajasthan City 2,4G,Prepaid,6.4,18.91,537,3.06,-5
AIR100204,2025-07-15,Gujarat,Gujarat City 2,4G,Postpaid,4,13.59,420,3.43,-8
AIR100205,2025-08-15,Maharashtra,Maharashtra City 1,4G,Postpaid,5.9,37.15,157,3.55,11
AIR100206,2025-09-15,Delhi,Delhi City 3,5G,Postpaid,3.8,39.92,87,4.35,51
AIR100207,2025-10-15,Delhi,Delhi City 3,5G,Prepaid,6,1,436,3.56,12
AIR100208,2025-11-15,Maharashtra,Maharashtra City 2,4G,Prepaid,4.6,42.12,745,3.64,38
AIR100209,2025-12-15,Uttar Pradesh,Uttar Pradesh City 3,4G,Postpaid,1.7,26.12,327,3.82,24
AIR100210,2025-02-15,Maharashtra,Maharashtra City 1,4G,Enterprise,2.5,29.54,181,4.11,48
AIR100211,2025-03-15,Maharashtra,Maharashtra City 2,4G,Prepaid,1.9,20.69,392,2.94,5
AIR100212,2025-04-15,Delhi,Delhi City 2,4G,Enterprise,3.7,1,424,4.34,56
AIR100213,2025-05-15,Telangana,Telangana City 2,4G,Postpaid,5.1,8.13,276,3.53,24
AIR100214,2025-06-15,Delhi,Delhi City 1,4G,Broadband,5.3,23.3,649,4.3,49
AIR100215,2025-07-15,Rajasthan,Rajasthan City 2,4G,Prepaid,2.5,11.3,309,4.37,56
AIR100216,2025-08-15,Tamil Nadu,Tamil Nadu City 2,5G,Prepaid,2.7,14.43,337,4.33,46
AIR100217,2025-09-15,West Bengal,West Bengal City 2,5G,Prepaid,1,40.32,544,3.59,24
AIR100218,2025-10-15,Telangana,Telangana City 2,4G,Prepaid,1.8,15.81,385,2.34,-27
AIR100219,2025-11-15,Karnataka,Karnataka City 3,4G,Enterprise,4.6,12.51,533,3.46,20
AIR100220,2025-12-15,West Bengal,West Bengal City 2,5G,Prepaid,3.4,22.84,225,3.52,25
AIR100221,2025-02-15,Tamil Nadu,Tamil Nadu City 1,5G,Postpaid,5.4,42.11,453,3.01,-8
AIR100222,2025-03-15,Rajasthan,Rajasthan City 2,4G,Prepaid,0.9,27.17,221,3.42,25
AIR100223,2025-04-15,Rajasthan,Rajasthan City 2,5G,Postpaid,2.3,17.75,776,3.9,34
AIR100224,2025-05-15,Karnataka,Karnataka City 3,4G,Prepaid,2.2,17.21,460,3.3,-8
AIR100225,2025-06-15,Telangana,Telangana City 2,4G,Prepaid,6.1,15.85,385,3.27,15
AIR100226,2025-07-15,Uttar Pradesh,Uttar Pradesh City 3,4G,Prepaid,4.3,13.24,176,4.73,68
AIR100227,2025-08-15,Maharashtra,Maharashtra City 1,4G,Postpaid,1.5,28.03,474,3.64,29
AIR100228,2025-09-15,Telangana,Telangana City 3,5G,Prepaid,4.6,25.69,186,3.84,31
AIR100229,2025-10-15,Uttar Pradesh,Uttar Pradesh City 2,4G,Prepaid,1.5,4.17,426,2.8,3
AIR100230,2025-11-15,Rajasthan,Rajasthan City 1,4G,Prepaid,6.4,19.03,204,3.34,11
AIR100231,2025-12-15,Delhi,Delhi City 2,5G,Enterprise,0.9,33.97,357,4.02,23
AIR100232,2025-02-15,Tamil Nadu,Tamil Nadu City 3,5G,Postpaid,4.5,19.66,359,3.51,7
AIR100233,2025-03-15,Karnataka,Karnataka City 1,5G,Postpaid,4.7,14.95,344,3.42,8
AIR100234,2025-04-15,Tamil Nadu,Tamil Nadu City 1,4G,Postpaid,0.3,11.64,313,3.31,1
AIR100235,2025-05-15,Kerala,Kerala City 3,4G,Prepaid,2.6,20.56,493,2.95,20
AIR100236,2025-06-15,Kerala,Kerala City 3,5G,Postpaid,5.3,38.44,593,4.44,59
AIR100237,2025-07-15,Telangana,Telangana City 1,4G,Prepaid,1.7,15.85,512,2.74,-3
AIR100238,2025-08-15,Rajasthan,Rajasthan City 1,4G,Prepaid,1.7,29.07,142,3.34,11
AIR100239,2025-09-15,Rajasthan,Rajasthan City 3,4G,Postpaid,3.2,7.34,174,3.39,-5
AIR100240,2025-10-15,Maharashtra,Maharashtra City 2,4G,Postpaid,5.4,32.47,358,3.49,26
AIR100241,2025-11-15,Maharashtra,Maharashtra City 1,4G,Prepaid,2.1,46.36,379,3.39,4
AIR100242,2025-12-15,Maharashtra,Maharashtra City 3,4G,Prepaid,2.5,14.66,291,3.52,14
AIR100243,2025-02-15,Delhi,Delhi City 2,4G,Postpaid,3.1,32.71,289,3.48,25
AIR100244,2025-03-15,West Bengal,West Bengal City 1,4G,Postpaid,3.5,7.01,398,3.25,-5
AIR100245,2025-04-15,Gujarat,Gujarat City 1,4G,Prepaid,2.4,13.66,511,3.55,30
AIR100246,2025-05-15,West Bengal,West Bengal City 3,4G,Prepaid,0.7,21.28,414,3.39,11
AIR100247,2025-06-15,Tamil Nadu,Tamil Nadu City 2,5G,Broadband,2,35.89,201,3.39,6
AIR100248,2025-07-15,West Bengal,West Bengal City 1,5G,Postpaid,5.2,46.98,452,4,34
AIR100249,2025-08-15,Delhi,Delhi City 2,4G,Enterprise,6.1,27.16,216,3.48,28
AIR100250,2025-09-15,Tamil Nadu,Tamil Nadu City 2,4G,Prepaid,5.1,18.07,598,2.77,-21
AIR100251,2025-10-15,West Bengal,West Bengal City 1,4G,Postpaid,2.9,35.24,520,3.27,16
AIR100252,2025-11-15,Delhi,Delhi City 2,4G,Prepaid,2.8,22.29,278,3.69,10
AIR100253,2025-12-15,Gujarat,Gujarat City 1,4G,Postpaid,2.5,9.78,390,3.8,31
AIR100254,2025-02-15,West Bengal,West Bengal City 2,4G,Prepaid,2.6,1,366,4.18,49
AIR100255,2025-03-15,Delhi,Delhi City 1,5G,Prepaid,1.9,22.86,804,3.89,40
AIR100256,2025-04-15,Maharashtra,Maharashtra City 3,4G,Prepaid,5.3,11.67,597,3.22,-6
AIR100257,2025-05-15,Rajasthan,Rajasthan City 1,4G,Postpaid,0.6,30.38,166,3.46,23
AIR100258,2025-06-15,Maharashtra,Maharashtra City 1,4G,Postpaid,5.3,26.56,585,3.46,19
AIR100259,2025-07-15,Rajasthan,Rajasthan City 1,5G,Postpaid,1.2,36,361,3.78,22
AIR100260,2025-08-15,Karnataka,Karnataka City 2,4G,Broadband,1.5,12.18,172,3.48,26
AIR100261,2025-09-15,Karnataka,Karnataka City 3,5G,Postpaid,0.8,34.51,503,3.94,34
AIR100262,2025-10-15,Karnataka,Karnataka City 2,4G,Postpaid,4.4,20.19,403,4.09,53
AIR100263,2025-11-15,Gujarat,Gujarat City 2,5G,Enterprise,3.7,52.25,209,3.26,3
AIR100264,2025-12-15,Maharashtra,Maharashtra City 1,5G,Postpaid,2.1,40.97,312,3.57,15
AIR100265,2025-02-15,Rajasthan,Rajasthan City 2,5G,Prepaid,2,15.12,433,3.91,36
AIR100266,2025-03-15,Delhi,Delhi City 1,4G,Enterprise,4.6,9.09,226,3.55,17
AIR100267,2025-04-15,Tamil Nadu,Tamil Nadu City 3,4G,Prepaid,0.4,16.32,413,3.1,9
AIR100268,2025-05-15,Delhi,Delhi City 2,4G,Postpaid,5.7,12.61,323,3.18,2
AIR100269,2025-06-15,Tamil Nadu,Tamil Nadu City 2,5G,Prepaid,0.7,32.39,99,3.22,8
AIR100270,2025-07-15,Kerala,Kerala City 2,4G,Postpaid,6.2,15.65,520,3.74,32
AIR100271,2025-08-15,Delhi,Delhi City 1,4G,Postpaid,4.5,30.9,494,3.69,34
AIR100272,2025-09-15,West Bengal,West Bengal City 1,4G,Prepaid,3.1,10.83,422,3.74,20
AIR100273,2025-10-15,West Bengal,West Bengal City 2,4G,Postpaid,6.7,1,325,4.06,29
AIR100274,2025-11-15,Telangana,Telangana City 2,4G,Postpaid,6.5,21.32,61,3.92,37
AIR100275,2025-12-15,Maharashtra,Maharashtra City 3,4G,Prepaid,2.3,30.41,526,4.03,31
AIR100276,2025-02-15,Tamil Nadu,Tamil Nadu City 3,4G,Prepaid,3,13.83,531,3.29,-1
AIR100277,2025-03-15,Tamil Nadu,Tamil Nadu City 3,4G,Prepaid,2,9.13,357,3.56,22
AIR100278,2025-04-15,Maharashtra,Maharashtra City 3,5G,Broadband,5.2,22.36,270,4.17,51
AIR100279,2025-05-15,Gujarat,Gujarat City 3,5G,Postpaid,0.8,29.72,202,3.48,13
AIR100280,2025-06-15,Telangana,Telangana City 1,5G,Broadband,3.2,27.96,521,3.64,16
AIR100281,2025-07-15,Gujarat,Gujarat City 3,4G,Prepaid,4.5,11.75,597,2.92,-2
AIR100282,2025-08-15,Gujarat,Gujarat City 3,5G,Prepaid,1.9,12.52,575,4.16,58
AIR100283,2025-09-15,Gujarat,Gujarat City 2,4G,Prepaid,2.3,20.24,296,3.65,23
AIR100284,2025-10-15,Maharashtra,Maharashtra City 1,4G,Prepaid,4.4,25.51,141,4.12,52
AIR100285,2025-11-15,Gujarat,Gujarat City 3,4G,Postpaid,4.9,7.93,86,3.3,12
AIR100286,2025-12-15,West Bengal,West Bengal City 3,4G,Enterprise,3.6,20.19,578,3.22,10
AIR100287,2025-02-15,Karnataka,Karnataka City 3,4G,Prepaid,5.5,22.49,346,2.83,-1
AIR100288,2025-03-15,Kerala,Kerala City 2,5G,Enterprise,3.1,56.28,538,4.89,71
AIR100289,2025-04-15,Tamil Nadu,Tamil Nadu City 2,4G,Prepaid,6.3,15.54,389,3.05,13
AIR100290,2025-05-15,Tamil Nadu,Tamil Nadu City 2,4G,Broadband,1.4,35.87,407,2.91,-13
AIR100291,2025-06-15,Kerala,Kerala City 3,4G,Prepaid,5.1,13.95,582,3.3,1
AIR100292,2025-07-15,Maharashtra,Maharashtra City 2,4G,Broadband,6.2,26.65,523,3.38,25
AIR100293,2025-08-15,Delhi,Delhi City 3,4G,Prepaid,4.1,26.18,251,2.89,5
AIR100294,2025-09-15,Maharashtra,Maharashtra City 1,4G,Broadband,3.6,19.9,540,3.38,16
AIR100295,2025-10-15,Tamil Nadu,Tamil Nadu City 3,5G,Prepaid,4.5,15.77,544,4.61,52
AIR100296,2025-11-15,Tamil Nadu,Tamil Nadu City 2,4G,Prepaid,5.1,13.82,204,3.89,29
AIR100297,2025-12-15,Kerala,Kerala City 1,4G,Postpaid,4.2,8.72,446,3.02,17
AIR100298,2025-02-15,Gujarat,Gujarat City 3,5G,Prepaid,4,27.18,604,3.69,33
AIR100299,2025-03-15,Maharashtra,Maharashtra City 1,5G,Postpaid,5.3,28.86,622,4.44,61
AIR100300,2025-04-15,Rajasthan,Rajasthan City 1,5G,Enterprise,5.6,52.7,326,3.27,15
AIR100301,2025-05-15,Kerala,Kerala City 1,4G,Postpaid,0.6,25.95,346,3.09,13
AIR100302,2025-06-15,West Bengal,West Bengal City 3,4G,Postpaid,2.1,4.32,393,3.01,-16
AIR100303,2025-07-15,Tamil Nadu,Tamil Nadu City 2,4G,Prepaid,1.2,11.25,93,3.42,2
AIR100304,2025-08-15,Kerala,Kerala City 3,5G,Postpaid,1,58.24,429,3.16,3
AIR100305,2025-09-15,Maharashtra,Maharashtra City 2,5G,Postpaid,6.1,50.81,301,3.78,7
AIR100306,2025-10-15,Tamil Nadu,Tamil Nadu City 3,4G,Broadband,4.5,1,384,3.62,17
AIR100307,2025-11-15,Delhi,Delhi City 3,4G,Prepaid,4.2,13.95,466,4.07,43
AIR100308,2025-12-15,Kerala,Kerala City 3,5G,Postpaid,6.5,47.44,213,3.95,29
AIR100309,2025-02-15,Telangana,Telangana City 2,4G,Prepaid,1.5,13.83,650,2.87,-25
AIR100310,2025-03-15,Tamil Nadu,Tamil Nadu City 3,4G,Prepaid,5.2,19.48,127,2.94,-7
AIR100311,2025-04-15,Maharashtra,Maharashtra City 1,4G,Prepaid,4.7,8.99,340,3.24,33
AIR100312,2025-05-15,Karnataka,Karnataka City 3,4G,Prepaid,2.4,34.08,274,3.71,27
AIR100313,2025-06-15,Rajasthan,Rajasthan City 1,5G,Prepaid,3.5,42.67,475,3.62,19
AIR100314,2025-07-15,Uttar Pradesh,Uttar Pradesh City 2,4G,Prepaid,1.1,34.89,626,3.57,20
AIR100315,2025-08-15,Gujarat,Gujarat City 2,4G,Broadband,5.9,24.23,452,3.78,13
AIR100316,2025-09-15,Uttar Pradesh,Uttar Pradesh City 3,4G,Prepaid,1,7.97,217,3.82,32
AIR100317,2025-10-15,Maharashtra,Maharashtra City 3,4G,Broadband,1.3,12.45,497,3.46,25
AIR100318,2025-11-15,West Bengal,West Bengal City 3,4G,Prepaid,1.5,37.26,325,3.12,-14
AIR100319,2025-12-15,West Bengal,West Bengal City 1,4G,Prepaid,3.4,22.39,434,3.48,20
AIR100320,2025-02-15,Karnataka,Karnataka City 2,4G,Postpaid,2.4,15.64,122,3.52,18
AIR100321,2025-03-15,Gujarat,Gujarat City 1,5G,Postpaid,5.2,30.94,47,3.26,9
AIR100322,2025-04-15,Telangana,Telangana City 1,5G,Postpaid,3.6,28.88,253,3.78,32
AIR100323,2025-05-15,Karnataka,Karnataka City 3,4G,Postpaid,3.9,12.6,109,3.38,4
AIR100324,2025-06-15,Uttar Pradesh,Uttar Pradesh City 3,4G,Prepaid,6.3,29.98,841,3.02,6
AIR100325,2025-07-15,Karnataka,Karnataka City 1,5G,Postpaid,0.6,1,454,3.72,14
AIR100326,2025-08-15,Uttar Pradesh,Uttar Pradesh City 1,4G,Postpaid,3.1,21.28,474,3.59,17
AIR100327,2025-09-15,Tamil Nadu,Tamil Nadu City 3,5G,Prepaid,3.4,25.71,641,4.35,45
AIR100328,2025-10-15,West Bengal,West Bengal City 3,4G,Broadband,1.3,21.76,619,3.24,17
AIR100329,2025-11-15,Tamil Nadu,Tamil Nadu City 1,5G,Postpaid,1.1,38.86,574,3.42,7
AIR100330,2025-12-15,Rajasthan,Rajasthan City 3,5G,Prepaid,2.6,19.15,476,3.85,20
AIR100331,2025-02-15,Gujarat,Gujarat City 3,4G,Broadband,5,21.1,791,3.6,30
AIR100332,2025-03-15,Telangana,Telangana City 1,5G,Broadband,2.7,32.24,552,3.87,37
AIR100333,2025-04-15,Uttar Pradesh,Uttar Pradesh City 1,5G,Postpaid,3,1,189,3.75,9
AIR100334,2025-05-15,Telangana,Telangana City 2,4G,Prepaid,1.3,23.67,435,3.16,6
AIR100335,2025-06-15,Uttar Pradesh,Uttar Pradesh City 1,4G,Broadband,1.6,29,554,3.56,16
AIR100336,2025-07-15,Maharashtra,Maharashtra City 3,4G,Prepaid,4,4.92,235,3.67,32
AIR100337,2025-08-15,Karnataka,Karnataka City 1,5G,Prepaid,6.3,46.29,292,3.34,15
AIR100338,2025-09-15,Rajasthan,Rajasthan City 1,4G,Prepaid,5.7,15.38,366,3.86,37
AIR100339,2025-10-15,West Bengal,West Bengal City 1,4G,Postpaid,3.1,34.34,696,3.59,15
AIR100340,2025-11-15,Uttar Pradesh,Uttar Pradesh City 2,4G,Broadband,5.6,12.57,451,3.23,11
AIR100341,2025-12-15,Telangana,Telangana City 2,5G,Postpaid,2.4,1.88,638,3.62,15
AIR100342,2025-02-15,Rajasthan,Rajasthan City 3,4G,Enterprise,4.6,26.26,328,3.93,45
AIR100343,2025-03-15,Delhi,Delhi City 2,4G,Prepaid,5.1,18.7,454,3.28,5
AIR100344,2025-04-15,Delhi,Delhi City 1,5G,Prepaid,4.6,29.13,282,3.77,43
AIR100345,2025-05-15,Tamil Nadu,Tamil Nadu City 2,4G,Postpaid,4.3,16.02,423,3.62,23
AIR100346,2025-06-15,West Bengal,West Bengal City 1,4G,Enterprise,3.7,19.1,301,2.73,-3
AIR100347,2025-07-15,Maharashtra,Maharashtra City 2,4G,Postpaid,3.3,1.63,246,3.53,-1
AIR100348,2025-08-15,Telangana,Telangana City 2,4G,Prepaid,0.6,37.11,20,3.1,-7
AIR100349,2025-09-15,Karnataka,Karnataka City 2,4G,Prepaid,2.8,16.59,243,4.08,45
AIR100350,2025-10-15,Karnataka,Karnataka City 1,4G,Prepaid,6.1,7.41,308,3.22,24
AIR100351,2025-11-15,Telangana,Telangana City 2,4G,Prepaid,2.4,1,78,2.88,-20
AIR100352,2025-12-15,Gujarat,Gujarat City 1,4G,Prepaid,2.2,19.16,602,3.63,-2
AIR100353,2025-02-15,Maharashtra,Maharashtra City 1,4G,Broadband,4.3,18.11,451,3.71,21
AIR100354,2025-03-15,Rajasthan,Rajasthan City 3,4G,Postpaid,1.5,6.1,332,2.98,-10
AIR100355,2025-04-15,Uttar Pradesh,Uttar Pradesh City 2,5G,Postpaid,2.7,46.25,445,4.21,42
AIR100356,2025-05-15,Gujarat,Gujarat City 3,4G,Prepaid,6.2,32.49,720,3.79,16
AIR100357,2025-06-15,Uttar Pradesh,Uttar Pradesh City 3,5G,Prepaid,5.1,31.97,505,3.65,26
AIR100358,2025-07-15,Uttar Pradesh,Uttar Pradesh City 1,5G,Postpaid,1.1,21.5,153,4.67,65
AIR100359,2025-08-15,Gujarat,Gujarat City 2,4G,Broadband,4.8,27.99,404,3.58,22
AIR100360,2025-09-15,Tamil Nadu,Tamil Nadu City 1,5G,Postpaid,3.9,22.26,376,3.53,8
AIR100361,2025-10-15,Delhi,Delhi City 1,4G,Broadband,1.2,16.91,20,3.28,-4
AIR100362,2025-11-15,Uttar Pradesh,Uttar Pradesh City 2,5G,Broadband,3,9.08,396,3.82,9
AIR100363,2025-12-15,Gujarat,Gujarat City 1,4G,Prepaid,3.6,31.31,395,3.17,5
AIR100364,2025-02-15,Gujarat,Gujarat City 2,5G,Prepaid,5.5,61.08,200,3.77,41
AIR100365,2025-03-15,Kerala,Kerala City 2,4G,Postpaid,0.8,19.76,421,3.11,4
AIR100366,2025-04-15,Tamil Nadu,Tamil Nadu City 1,5G,Prepaid,1.4,14.26,569,4,22
AIR100367,2025-05-15,West Bengal,West Bengal City 1,4G,Prepaid,0.6,17.11,20,3.28,-7
AIR100368,2025-06-15,Kerala,Kerala City 3,5G,Prepaid,1.9,44.83,654,3.69,28
AIR100369,2025-07-15,Kerala,Kerala City 1,4G,Prepaid,6.1,3.23,553,2.69,-22
AIR100370,2025-08-15,Telangana,Telangana City 2,4G,Broadband,4,31.27,350,3.8,22
AIR100371,2025-09-15,Delhi,Delhi City 3,4G,Prepaid,6.5,19.67,542,3.01,7
AIR100372,2025-10-15,Gujarat,Gujarat City 2,4G,Prepaid,6.7,18.82,283,2.58,-15
AIR100373,2025-11-15,Delhi,Delhi City 3,4G,Postpaid,1.1,24.85,367,4,41
AIR100374,2025-12-15,Maharashtra,Maharashtra City 1,5G,Postpaid,3.3,36.73,443,4.03,50
AIR100375,2025-02-15,Telangana,Telangana City 1,4G,Postpaid,2.8,16.58,549,3.18,23
AIR100376,2025-03-15,West Bengal,West Bengal City 1,5G,Broadband,4.4,40.84,537,3.78,29
AIR100377,2025-04-15,Delhi,Delhi City 2,4G,Postpaid,0.4,28.81,348,3.54,11
AIR100378,2025-05-15,Karnataka,Karnataka City 3,5G,Postpaid,2.4,47.92,166,3.79,21
AIR100379,2025-06-15,Uttar Pradesh,Uttar Pradesh City 2,4G,Prepaid,4.8,24.62,408,3.59,19
AIR100380,2025-07-15,Maharashtra,Maharashtra City 3,4G,Postpaid,5,11.27,20,3.02,-6
AIR100381,2025-08-15,Tamil Nadu,Tamil Nadu City 1,5G,Postpaid,3.5,12.36,402,3.52,4
AIR100382,2025-09-15,West Bengal,West Bengal City 2,4G,Broadband,2.5,10.05,519,3.71,32
AIR100383,2025-10-15,Maharashtra,Maharashtra City 1,4G,Enterprise,3.3,11.23,318,3.95,31
AIR100384,2025-11-15,Uttar Pradesh,Uttar Pradesh City 2,4G,Postpaid,2.7,15.11,542,3,-14
AIR100385,2025-12-15,Telangana,Telangana City 1,4G,Postpaid,6,12.02,136,3.43,29
AIR100386,2025-02-15,Uttar Pradesh,Uttar Pradesh City 2,4G,Prepaid,4,24.55,618,4.09,59
AIR100387,2025-03-15,Kerala,Kerala City 2,5G,Prepaid,5.4,24.41,456,3.81,53
AIR100388,2025-04-15,Uttar Pradesh,Uttar Pradesh City 3,4G,Prepaid,1.1,16.22,594,3.43,10
AIR100389,2025-05-15,Kerala,Kerala City 1,4G,Prepaid,2.2,30.44,511,3.04,9
AIR100390,2025-06-15,Telangana,Telangana City 3,4G,Prepaid,4.9,11.65,474,3.05,9
AIR100391,2025-07-15,Rajasthan,Rajasthan City 3,4G,Prepaid,5.5,17.08,420,3.14,-3
AIR100392,2025-08-15,Kerala,Kerala City 1,4G,Postpaid,2.1,18.81,224,3.46,6
AIR100393,2025-09-15,Tamil Nadu,Tamil Nadu City 2,5G,Postpaid,1.1,40.96,710,4.24,45
AIR100394,2025-10-15,Uttar Pradesh,Uttar Pradesh City 3,5G,Postpaid,5.5,31.24,490,2.93,1
AIR100395,2025-11-15,Uttar Pradesh,Uttar Pradesh City 1,4G,Postpaid,6.5,20.63,418,3.35,17
AIR100396,2025-12-15,Tamil Nadu,Tamil Nadu City 2,5G,Prepaid,2.4,53.02,104,3.25,12
AIR100397,2025-02-15,Karnataka,Karnataka City 3,4G,Enterprise,2,19.76,322,3.87,24
AIR100398,2025-03-15,Gujarat,Gujarat City 3,5G,Prepaid,5.2,49.37,698,3.31,12
AIR100399,2025-04-15,Rajasthan,Rajasthan City 3,4G,Broadband,2.3,13.92,246,3.58,28
AIR100400,2025-05-15,West Bengal,West Bengal City 2,4G,Prepaid,1,3.2,411,2.57,-11
AIR100401,2025-06-15,Kerala,Kerala City 3,4G,Postpaid,4.1,3.5,445,3.68,12
AIR100402,2025-07-15,Tamil Nadu,Tamil Nadu City 2,4G,Prepaid,3.9,20.46,354,3.03,1
AIR100403,2025-08-15,Telangana,Telangana City 3,4G,Prepaid,1.3,24.97,520,3.48,16
AIR100404,2025-09-15,Kerala,Kerala City 1,4G,Prepaid,1.4,23.93,911,3.89,40
AIR100405,2025-10-15,Gujarat,Gujarat City 3,4G,Postpaid,4.7,20.74,232,3.1,2
AIR100406,2025-11-15,Telangana,Telangana City 1,4G,Prepaid,3.6,26.94,860,3.6,12
AIR100407,2025-12-15,Maharashtra,Maharashtra City 1,4G,Postpaid,2.5,17,249,2.98,3
AIR100408,2025-02-15,Uttar Pradesh,Uttar Pradesh City 1,5G,Prepaid,3.7,48.37,402,4.1,38
AIR100409,2025-03-15,Maharashtra,Maharashtra City 2,4G,Prepaid,2,9.91,536,3.23,14
AIR100410,2025-04-15,Kerala,Kerala City 1,4G,Broadband,1.2,21.74,446,3.33,10
AIR100411,2025-05-15,Gujarat,Gujarat City 3,4G,Broadband,2.5,19.57,441,3.14,-2
AIR100412,2025-06-15,Rajasthan,Rajasthan City 2,5G,Postpaid,4.4,35.65,584,3.99,41
AIR100413,2025-07-15,Kerala,Kerala City 1,5G,Prepaid,1.9,50.8,293,3.96,28
AIR100414,2025-08-15,Tamil Nadu,Tamil Nadu City 2,4G,Prepaid,0.8,6.98,435,2.99,12
AIR100415,2025-09-15,Delhi,Delhi City 2,4G,Enterprise,3,17.34,417,3.68,39
AIR100416,2025-10-15,Kerala,Kerala City 2,4G,Prepaid,6.3,17.07,458,3.36,15
AIR100417,2025-11-15,Uttar Pradesh,Uttar Pradesh City 3,5G,Broadband,1.1,53.66,353,4.1,39
AIR100418,2025-12-15,Uttar Pradesh,Uttar Pradesh City 1,4G,Prepaid,6.5,6.73,251,3.26,5
AIR100419,2025-02-15,Kerala,Kerala City 2,4G,Enterprise,3.2,9.14,580,3.68,29
AIR100420,2025-03-15,Telangana,Telangana City 2,4G,Prepaid,1.6,16.65,460,3.16,-7
AIR100421,2025-04-15,Delhi,Delhi City 2,4G,Prepaid,5.1,22.51,604,3.23,31
AIR100422,2025-05-15,Tamil Nadu,Tamil Nadu City 1,4G,Postpaid,5.5,19.9,650,3.32,26
AIR100423,2025-06-15,Kerala,Kerala City 2,4G,Enterprise,4,20.12,458,3.1,1
AIR100424,2025-07-15,Telangana,Telangana City 2,4G,Enterprise,3.9,7.58,617,3.27,8
AIR100425,2025-08-15,Uttar Pradesh,Uttar Pradesh City 3,4G,Postpaid,5.7,24.79,358,3.67,31
AIR100426,2025-09-15,Uttar Pradesh,Uttar Pradesh City 1,4G,Postpaid,1.1,31.21,267,3.45,15
AIR100427,2025-10-15,Gujarat,Gujarat City 3,4G,Postpaid,2.5,19.62,532,3.95,39
AIR100428,2025-11-15,Kerala,Kerala City 1,4G,Postpaid,4.4,27.72,468,2.84,-15
AIR100429,2025-12-15,Delhi,Delhi City 1,5G,Broadband,2.7,29.61,335,4.01,45
AIR100430,2025-02-15,Karnataka,Karnataka City 1,4G,Postpaid,0.5,1.69,609,3.45,19
AIR100431,2025-03-15,Delhi,Delhi City 3,4G,Postpaid,1.9,17.41,238,2.57,-14
AIR100432,2025-04-15,Uttar Pradesh,Uttar Pradesh City 3,4G,Postpaid,3.8,10.93,385,2.84,-3
AIR100433,2025-05-15,Uttar Pradesh,Uttar Pradesh City 3,4G,Postpaid,1.8,33.61,286,2.72,-26
AIR100434,2025-06-15,Maharashtra,Maharashtra City 3,4G,Broadband,1.4,27.98,184,3.33,11
AIR100435,2025-07-15,Uttar Pradesh,Uttar Pradesh City 2,4G,Prepaid,3.2,19.05,319,4.14,46
AIR100436,2025-08-15,Tamil Nadu,Tamil Nadu City 2,4G,Prepaid,2.1,14.12,471,3.55,11
AIR100437,2025-09-15,West Bengal,West Bengal City 2,4G,Postpaid,5.7,33.65,769,3.8,27
AIR100438,2025-10-15,Kerala,Kerala City 1,4G,Prepaid,1.5,1.58,622,4.04,26
AIR100439,2025-11-15,Delhi,Delhi City 2,4G,Postpaid,2.9,12.71,416,2.96,-3
AIR100440,2025-12-15,West Bengal,West Bengal City 1,4G,Broadband,5.2,3.3,408,2.97,-11
AIR100441,2025-02-15,Telangana,Telangana City 3,4G,Postpaid,2,17.5,949,3.04,-2
AIR100442,2025-03-15,Karnataka,Karnataka City 1,4G,Broadband,2.7,21.09,541,2.87,-3
AIR100443,2025-04-15,Tamil Nadu,Tamil Nadu City 1,4G,Prepaid,2.3,25.65,269,3.68,25
AIR100444,2025-05-15,Delhi,Delhi City 2,4G,Broadband,4.4,14.72,529,3.81,14
AIR100445,2025-06-15,West Bengal,West Bengal City 3,4G,Postpaid,0.9,21.05,290,3.95,48
AIR100446,2025-07-15,Karnataka,Karnataka City 3,4G,Prepaid,1.4,26.13,326,3.73,32
AIR100447,2025-08-15,Maharashtra,Maharashtra City 2,5G,Postpaid,3.2,42,611,4.5,38
AIR100448,2025-09-15,Tamil Nadu,Tamil Nadu City 3,5G,Enterprise,0.8,30.48,323,4,37
AIR100449,2025-10-15,Tamil Nadu,Tamil Nadu City 3,4G,Prepaid,4,24.82,789,3.61,4
AIR100450,2025-11-15,Maharashtra,Maharashtra City 3,4G,Postpaid,3.3,14.16,280,4.02,33
AIR100451,2025-12-15,Kerala,Kerala City 2,4G,Broadband,3.7,16.62,267,3.58,38
AIR100452,2025-02-15,Maharashtra,Maharashtra City 3,4G,Prepaid,1.4,22.37,537,3.5,31
AIR100453,2025-03-15,Tamil Nadu,Tamil Nadu City 1,5G,Postpaid,4.3,37.14,459,3.62,20
AIR100454,2025-04-15,Tamil Nadu,Tamil Nadu City 1,5G,Postpaid,4.9,8.44,460,3.52,22
AIR100455,2025-05-15,West Bengal,West Bengal City 3,5G,Prepaid,2.7,27.96,569,3.23,3
AIR100456,2025-06-15,Uttar Pradesh,Uttar Pradesh City 2,4G,Postpaid,2.7,25.74,624,3.79,35
AIR100457,2025-07-15,Karnataka,Karnataka City 2,4G,Prepaid,1.5,12.01,441,3.6,29
AIR100458,2025-08-15,Maharashtra,Maharashtra City 2,5G,Postpaid,1.9,22.79,458,4.09,69
AIR100459,2025-09-15,Karnataka,Karnataka City 3,4G,Prepaid,3.6,15.39,551,3.42,27
AIR100460,2025-10-15,Maharashtra,Maharashtra City 3,5G,Prepaid,5,57.18,465,4.08,22
AIR100461,2025-11-15,Telangana,Telangana City 1,4G,Postpaid,4.8,25.18,538,3.59,17
AIR100462,2025-12-15,Tamil Nadu,Tamil Nadu City 2,4G,Prepaid,3.5,24.15,532,2.92,9
AIR100463,2025-02-15,Uttar Pradesh,Uttar Pradesh City 1,4G,Prepaid,4.9,20.02,497,3.67,42
AIR100464,2025-03-15,West Bengal,West Bengal City 1,4G,Broadband,5.1,17.1,133,3.14,6
AIR100465,2025-04-15,Uttar Pradesh,Uttar Pradesh City 2,4G,Broadband,4.1,1,475,3.45,18
AIR100466,2025-05-15,Uttar Pradesh,Uttar Pradesh City 3,4G,Broadband,0.5,26.15,394,3.19,4
AIR100467,2025-06-15,Uttar Pradesh,Uttar Pradesh City 3,4G,Postpaid,4.5,14.68,597,2.82,2
AIR100468,2025-07-15,Karnataka,Karnataka City 1,4G,Broadband,6.3,13.21,450,3.66,20
AIR100469,2025-08-15,Maharashtra,Maharashtra City 1,4G,Broadband,1.5,21.36,799,3.23,-5
AIR100470,2025-09-15,Rajasthan,Rajasthan City 1,4G,Prepaid,5.2,13.7,782,4.07,22
AIR100471,2025-10-15,Telangana,Telangana City 1,5G,Prepaid,2.6,34.01,712,3.7,21
AIR100472,2025-11-15,Delhi,Delhi City 2,4G,Prepaid,6.4,20.31,501,3.11,7
AIR100473,2025-12-15,Uttar Pradesh,Uttar Pradesh City 1,4G,Postpaid,1.8,15.93,607,3.54,27
AIR100474,2025-02-15,Kerala,Kerala City 1,5G,Broadband,5.4,29.48,220,3.63,12
AIR100475,2025-03-15,Karnataka,Karnataka City 3,5G,Postpaid,5.8,33.7,317,3.64,28
AIR100476,2025-04-15,West Bengal,West Bengal City 3,4G,Postpaid,2.2,10.71,178,3.46,14
AIR100477,2025-05-15,Delhi,Delhi City 3,5G,Prepaid,6.2,58.3,344,3.5,19
AIR100478,2025-06-15,Rajasthan,Rajasthan City 2,4G,Prepaid,6.4,11.94,441,3.91,38
AIR100479,2025-07-15,Kerala,Kerala City 2,4G,Postpaid,1.8,14.1,83,2.92,8
AIR100480,2025-08-15,Rajasthan,Rajasthan City 3,4G,Enterprise,2,5.05,280,3.47,8
AIR100481,2025-09-15,Delhi,Delhi City 3,4G,Prepaid,1,21.56,384,2.95,-21
AIR100482,2025-10-15,Uttar Pradesh,Uttar Pradesh City 1,5G,Broadband,3.9,40.62,491,4.62,59
AIR100483,2025-11-15,Kerala,Kerala City 1,5G,Prepaid,2.8,52.43,106,3.69,32
AIR100484,2025-12-15,Rajasthan,Rajasthan City 2,5G,Postpaid,5.7,12.17,323,4.15,45
AIR100485,2025-02-15,West Bengal,West Bengal City 2,5G,Postpaid,2.9,43.93,476,3.94,25
AIR100486,2025-03-15,Maharashtra,Maharashtra City 1,4G,Broadband,0.4,29.79,559,3.62,20
AIR100487,2025-04-15,Tamil Nadu,Tamil Nadu City 3,5G,Prepaid,1.9,47.09,241,3.84,23
AIR100488,2025-05-15,Maharashtra,Maharashtra City 1,5G,Prepaid,3.9,41.47,535,4.11,43
AIR100489,2025-06-15,Delhi,Delhi City 2,5G,Prepaid,1.7,48.94,459,3.95,38
AIR100490,2025-07-15,Karnataka,Karnataka City 2,5G,Broadband,6.3,28.56,645,4.39,50
AIR100491,2025-08-15,Tamil Nadu,Tamil Nadu City 1,5G,Prepaid,4.4,25.04,402,3.75,28
AIR100492,2025-09-15,Telangana,Telangana City 1,4G,Prepaid,6.2,19.95,507,3.79,41
AIR100493,2025-10-15,West Bengal,West Bengal City 1,5G,Postpaid,4.9,14.65,328,3.7,33
AIR100494,2025-11-15,Telangana,Telangana City 2,5G,Postpaid,1.6,46.7,20,3.41,16
AIR100495,2025-12-15,Kerala,Kerala City 3,5G,Broadband,4.5,44.72,207,3.96,33
AIR100496,2025-02-15,Tamil Nadu,Tamil Nadu City 1,4G,Broadband,2.9,13.02,207,2.82,-15
AIR100497,2025-03-15,Telangana,Telangana City 2,4G,Postpaid,5.8,9.31,635,3.24,3
AIR100498,2025-04-15,Telangana,Telangana City 2,5G,Broadband,6.2,61.86,720,3.28,2
AIR100499,2025-05-15,Rajasthan,Rajasthan City 2,4G,Postpaid,3.5,3.95,369,2.83,-10
AIR100500,2025-06-15,Maharashtra,Maharashtra City 1,4G,Prepaid,3.8,15.49,565,3.23,-7
AIR100501,2025-07-15,Rajasthan,Rajasthan City 1,4G,Broadband,4.6,22.04,273,3.07,-11
AIR100502,2025-08-15,Tamil Nadu,Tamil Nadu City 3,4G,Postpaid,1.5,19.2,639,3.02,-4
AIR100503,2025-09-15,Tamil Nadu,Tamil Nadu City 2,4G,Prepaid,0.8,10.26,422,3.62,19
AIR100504,2025-10-15,Delhi,Delhi City 1,4G,Postpaid,6.1,9.04,412,3.45,3
AIR100505,2025-11-15,Rajasthan,Rajasthan City 2,4G,Prepaid,0.9,10.52,453,3.5,6
AIR100506,2025-12-15,Gujarat,Gujarat City 2,4G,Prepaid,5.2,11.78,298,3.06,20
AIR100507,2025-02-15,Maharashtra,Maharashtra City 3,4G,Postpaid,4.4,15.07,326,3.64,39
AIR100508,2025-03-15,Tamil Nadu,Tamil Nadu City 1,4G,Broadband,1.9,15.61,356,3.45,15
AIR100509,2025-04-15,Delhi,Delhi City 1,4G,Postpaid,1.8,16.82,310,3.44,16
AIR100510,2025-05-15,Rajasthan,Rajasthan City 2,4G,Prepaid,5.4,23.23,307,3.59,10
AIR100511,2025-06-15,Maharashtra,Maharashtra City 2,4G,Enterprise,4.9,20.05,465,3.96,31
AIR100512,2025-07-15,Rajasthan,Rajasthan City 3,5G,Prepaid,1.7,28.25,588,3.75,12
AIR100513,2025-08-15,Telangana,Telangana City 3,4G,Prepaid,5,22.21,369,3.21,18
AIR100514,2025-09-15,Delhi,Delhi City 3,4G,Prepaid,4,21.29,583,2.85,-7
AIR100515,2025-10-15,Maharashtra,Maharashtra City 3,5G,Prepaid,1.3,45.26,552,3.71,18
AIR100516,2025-11-15,Uttar Pradesh,Uttar Pradesh City 3,4G,Prepaid,5.5,27.66,201,2.85,-2
AIR100517,2025-12-15,Kerala,Kerala City 3,5G,Postpaid,1.6,33.3,464,3.92,21
AIR100518,2025-02-15,Kerala,Kerala City 2,5G,Broadband,3.9,19.59,735,3.92,41
AIR100519,2025-03-15,Maharashtra,Maharashtra City 3,4G,Enterprise,0.7,22.64,660,3.87,41
AIR100520,2025-04-15,Rajasthan,Rajasthan City 2,4G,Broadband,2.3,14.27,192,3.68,11
AIR100521,2025-05-15,Delhi,Delhi City 2,4G,Postpaid,5.1,14.24,538,3.66,38
AIR100522,2025-06-15,Kerala,Kerala City 1,4G,Postpaid,4.7,2.92,730,3.92,15
AIR100523,2025-07-15,Delhi,Delhi City 2,4G,Broadband,6.2,21.6,376,3.52,31
AIR100524,2025-08-15,Kerala,Kerala City 2,4G,Postpaid,3.3,5.89,53,4.41,67
AIR100525,2025-09-15,Telangana,Telangana City 3,5G,Postpaid,2.9,1.8,390,2.96,-8
AIR100526,2025-10-15,Rajasthan,Rajasthan City 2,4G,Postpaid,6.1,15.96,598,3.92,29
AIR100527,2025-11-15,Telangana,Telangana City 3,4G,Prepaid,2.4,14.56,637,2.67,2
AIR100528,2025-12-15,Kerala,Kerala City 3,4G,Postpaid,5.5,25.35,447,3.38,11
AIR100529,2025-02-15,Uttar Pradesh,Uttar Pradesh City 3,4G,Postpaid,1.6,11.59,616,3.93,32
AIR100530,2025-03-15,Uttar Pradesh,Uttar Pradesh City 1,4G,Postpaid,2.6,27.11,361,3.74,4
AIR100531,2025-04-15,Telangana,Telangana City 3,4G,Prepaid,2.1,16.21,207,3.5,11
AIR100532,2025-05-15,Uttar Pradesh,Uttar Pradesh City 2,4G,Postpaid,4.4,12.84,369,3.64,10
AIR100533,2025-06-15,Kerala,Kerala City 3,5G,Broadband,4.3,57.96,601,3.73,24
AIR100534,2025-07-15,Maharashtra,Maharashtra City 3,4G,Enterprise,6.4,29.02,633,3.11,6
AIR100535,2025-08-15,Telangana,Telangana City 3,4G,Prepaid,1.1,9.79,760,3.7,25
AIR100536,2025-09-15,Karnataka,Karnataka City 1,4G,Prepaid,4.1,1,96,3,11
AIR100537,2025-10-15,Rajasthan,Rajasthan City 2,4G,Postpaid,2,26.8,253,3.31,23
AIR100538,2025-11-15,Uttar Pradesh,Uttar Pradesh City 1,4G,Prepaid,5.2,1,351,3.82,47
AIR100539,2025-12-15,Uttar Pradesh,Uttar Pradesh City 2,5G,Prepaid,6.5,23.07,373,3.6,15
AIR100540,2025-02-15,Tamil Nadu,Tamil Nadu City 1,5G,Prepaid,1.6,35.43,115,3.24,-11
AIR100541,2025-03-15,Gujarat,Gujarat City 2,4G,Broadband,3.2,27.43,653,3.59,16
AIR100542,2025-04-15,Telangana,Telangana City 1,4G,Postpaid,5,6.99,576,3.49,31
AIR100543,2025-05-15,West Bengal,West Bengal City 3,4G,Postpaid,4.4,35.95,454,3.27,0
AIR100544,2025-06-15,Uttar Pradesh,Uttar Pradesh City 1,4G,Postpaid,2.5,5.11,462,3.55,15
AIR100545,2025-07-15,Rajasthan,Rajasthan City 1,4G,Postpaid,4.1,31.25,116,3.32,22
AIR100546,2025-08-15,Karnataka,Karnataka City 3,4G,Prepaid,0.6,17.69,442,3.66,25
AIR100547,2025-09-15,Uttar Pradesh,Uttar Pradesh City 3,4G,Postpaid,2.5,36.65,288,3.02,4
AIR100548,2025-10-15,Karnataka,Karnataka City 2,4G,Prepaid,5,14.45,256,3.47,7
AIR100549,2025-11-15,Kerala,Kerala City 2,5G,Postpaid,2.6,33.23,505,4.09,37
AIR100550,2025-12-15,Kerala,Kerala City 2,5G,Prepaid,1.3,39.33,213,3.9,22
AIR100551,2025-02-15,Gujarat,Gujarat City 1,4G,Postpaid,5.6,13.33,130,3.21,12
AIR100552,2025-03-15,Maharashtra,Maharashtra City 2,4G,Postpaid,3.3,24.74,150,3.18,1
AIR100553,2025-04-15,West Bengal,West Bengal City 1,5G,Prepaid,1.5,24.35,453,4.55,61
AIR100554,2025-05-15,Tamil Nadu,Tamil Nadu City 1,4G,Prepaid,4.8,15.76,476,3.78,32
AIR100555,2025-06-15,Gujarat,Gujarat City 2,5G,Prepaid,5.6,34.05,354,3.6,4
AIR100556,2025-07-15,Delhi,Delhi City 2,4G,Postpaid,0.9,25.15,336,3.72,30
AIR100557,2025-08-15,Tamil Nadu,Tamil Nadu City 1,4G,Prepaid,0.9,8.23,688,3.12,7
AIR100558,2025-09-15,Telangana,Telangana City 3,4G,Prepaid,1.8,16.31,351,3.12,13
AIR100559,2025-10-15,Rajasthan,Rajasthan City 3,5G,Postpaid,0.9,1,20,4.11,47
AIR100560,2025-11-15,Delhi,Delhi City 1,4G,Postpaid,5.9,21.19,573,3.48,8
AIR100561,2025-12-15,Delhi,Delhi City 2,4G,Prepaid,2.9,16.29,257,3,-3
AIR100562,2025-02-15,Gujarat,Gujarat City 1,4G,Postpaid,3,17.2,311,3.65,21
AIR100563,2025-03-15,Maharashtra,Maharashtra City 1,5G,Broadband,6.2,29.2,494,4.51,43
AIR100564,2025-04-15,Gujarat,Gujarat City 2,5G,Broadband,5.4,1,354,3.7,26
AIR100565,2025-05-15,Telangana,Telangana City 3,5G,Prepaid,6.1,22.41,450,4.56,37
AIR100566,2025-06-15,Uttar Pradesh,Uttar Pradesh City 1,5G,Broadband,2.2,48.81,567,3.94,35
AIR100567,2025-07-15,Uttar Pradesh,Uttar Pradesh City 3,4G,Postpaid,5.1,2.89,673,2.58,-29
AIR100568,2025-08-15,Maharashtra,Maharashtra City 3,4G,Enterprise,3.5,12.62,283,3.98,22
AIR100569,2025-09-15,Telangana,Telangana City 2,4G,Postpaid,4.3,18.39,305,3.95,6
AIR100570,2025-10-15,Maharashtra,Maharashtra City 1,4G,Postpaid,4.7,22.27,632,3.26,7
AIR100571,2025-11-15,Karnataka,Karnataka City 1,5G,Postpaid,4.1,46.01,463,3.97,20
AIR100572,2025-12-15,Uttar Pradesh,Uttar Pradesh City 3,5G,Postpaid,2.4,18.87,341,3.6,24
AIR100573,2025-02-15,Delhi,Delhi City 3,4G,Postpaid,0.5,15.15,304,3.6,10
AIR100574,2025-03-15,West Bengal,West Bengal City 2,4G,Prepaid,0.6,4.99,666,3.66,11
AIR100575,2025-04-15,Rajasthan,Rajasthan City 3,5G,Prepaid,1.2,50.72,140,4.32,62
AIR100576,2025-05-15,Telangana,Telangana City 2,4G,Prepaid,3.5,28.47,592,3.78,38
AIR100577,2025-06-15,Tamil Nadu,Tamil Nadu City 1,4G,Broadband,4,8.16,662,3.57,7
AIR100578,2025-07-15,Maharashtra,Maharashtra City 2,4G,Postpaid,6.2,10.01,558,3.73,16
AIR100579,2025-08-15,Rajasthan,Rajasthan City 3,4G,Postpaid,1.2,16.99,550,2.81,-16
AIR100580,2025-09-15,Tamil Nadu,Tamil Nadu City 1,4G,Postpaid,3.6,7.15,232,3.77,35
AIR100581,2025-10-15,Rajasthan,Rajasthan City 2,4G,Prepaid,1.4,9.41,340,3.66,23
AIR100582,2025-11-15,West Bengal,West Bengal City 1,4G,Prepaid,3.7,11.27,505,3.39,9
AIR100583,2025-12-15,Tamil Nadu,Tamil Nadu City 2,5G,Postpaid,1.4,21.76,501,3.89,32
AIR100584,2025-02-15,Gujarat,Gujarat City 3,4G,Enterprise,5.9,26.37,655,3.4,4
AIR100585,2025-03-15,Kerala,Kerala City 3,4G,Prepaid,4.1,38.02,434,3.12,12
AIR100586,2025-04-15,Gujarat,Gujarat City 1,5G,Prepaid,5.8,15.83,402,3.67,19
AIR100587,2025-05-15,Uttar Pradesh,Uttar Pradesh City 1,4G,Prepaid,0.4,19.63,302,3.81,18
AIR100588,2025-06-15,Kerala,Kerala City 1,4G,Prepaid,6,34.65,384,2.98,-10
AIR100589,2025-07-15,Gujarat,Gujarat City 2,5G,Prepaid,5.9,22.4,730,3.91,24
AIR100590,2025-08-15,Kerala,Kerala City 3,4G,Postpaid,3.3,43.79,442,2.96,-7
AIR100591,2025-09-15,Kerala,Kerala City 1,5G,Prepaid,3.9,52.04,457,3.27,3
AIR100592,2025-10-15,Delhi,Delhi City 1,4G,Prepaid,2.8,26.64,450,2.86,1
AIR100593,2025-11-15,Maharashtra,Maharashtra City 1,4G,Postpaid,3.6,21.19,684,2.79,-1
AIR100594,2025-12-15,Maharashtra,Maharashtra City 2,4G,Enterprise,4.7,27.84,332,2.94,-1
AIR100595,2025-02-15,Delhi,Delhi City 1,4G,Prepaid,0.2,9.11,174,2.92,-4
AIR100596,2025-03-15,Rajasthan,Rajasthan City 1,5G,Postpaid,1.3,39.22,196,3.55,19
AIR100597,2025-04-15,Karnataka,Karnataka City 2,4G,Prepaid,5.1,3.35,412,3.49,7
AIR100598,2025-05-15,Rajasthan,Rajasthan City 2,5G,Broadband,1.4,40.38,252,4.24,41
AIR100599,2025-06-15,Tamil Nadu,Tamil Nadu City 1,5G,Postpaid,1.5,53.62,320,3.67,36
AIR100600,2025-07-15,Tamil Nadu,Tamil Nadu City 1,4G,Broadband,4.4,22.16,411,3.71,46
AIR100601,2025-08-15,Kerala,Kerala City 2,5G,Prepaid,6.1,23.02,390,4.26,32
AIR100602,2025-09-15,Gujarat,Gujarat City 3,4G,Postpaid,3.2,11.24,533,3.65,33
AIR100603,2025-10-15,Gujarat,Gujarat City 2,4G,Postpaid,2,27.3,598,3.6,25
AIR100604,2025-11-15,Maharashtra,Maharashtra City 3,5G,Prepaid,5.6,52.24,310,4.04,39
AIR100605,2025-12-15,Telangana,Telangana City 1,4G,Prepaid,1.6,20.94,360,3.9,23
AIR100606,2025-02-15,Rajasthan,Rajasthan City 1,4G,Postpaid,0.3,19.54,213,4.14,44
AIR100607,2025-03-15,Uttar Pradesh,Uttar Pradesh City 3,4G,Postpaid,4.5,10.08,632,2.82,-4
AIR100608,2025-04-15,West Bengal,West Bengal City 2,4G,Prepaid,5.7,22.52,696,3,-6
AIR100609,2025-05-15,Gujarat,Gujarat City 1,4G,Postpaid,4.3,8.18,502,3.46,24
AIR100610,2025-06-15,West Bengal,West Bengal City 3,4G,Prepaid,2,21.39,551,3.36,19
AIR100611,2025-07-15,Kerala,Kerala City 2,4G,Prepaid,4,9.61,566,3.96,51
AIR100612,2025-08-15,West Bengal,West Bengal City 3,4G,Postpaid,6.4,29.54,637,3.4,18
AIR100613,2025-09-15,Uttar Pradesh,Uttar Pradesh City 2,4G,Prepaid,6.5,20.7,205,3.44,10
AIR100614,2025-10-15,Delhi,Delhi City 2,4G,Prepaid,1.7,8.55,551,3.82,36
AIR100615,2025-11-15,Uttar Pradesh,Uttar Pradesh City 2,4G,Prepaid,4.5,11.03,446,3.34,0
AIR100616,2025-12-15,West Bengal,West Bengal City 2,5G,Postpaid,3.1,19.41,532,3.36,7
AIR100617,2025-02-15,Uttar Pradesh,Uttar Pradesh City 3,4G,Postpaid,1.1,23.37,653,3.39,15
AIR100618,2025-03-15,Karnataka,Karnataka City 3,4G,Enterprise,0.4,8.81,189,3.5,24
AIR100619,2025-04-15,Kerala,Kerala City 3,4G,Prepaid,5.3,6.01,672,3.4,13
AIR100620,2025-05-15,Rajasthan,Rajasthan City 3,4G,Postpaid,2.5,25.2,230,3.23,17
AIR100621,2025-06-15,Delhi,Delhi City 3,4G,Prepaid,1.1,14.51,453,2.97,-1
AIR100622,2025-07-15,Gujarat,Gujarat City 2,5G,Postpaid,6,45.92,172,3.96,25
AIR100623,2025-08-15,Tamil Nadu,Tamil Nadu City 1,5G,Postpaid,4.6,10.52,541,3.75,35
AIR100624,2025-09-15,Rajasthan,Rajasthan City 1,5G,Prepaid,1.6,10.82,525,3.82,20
AIR100625,2025-10-15,Tamil Nadu,Tamil Nadu City 3,5G,Postpaid,2.5,18.06,321,3.43,45
AIR100626,2025-11-15,Kerala,Kerala City 3,4G,Prepaid,6,8.97,160,2.88,-1
AIR100627,2025-12-15,Delhi,Delhi City 1,4G,Prepaid,5.1,19.98,413,3.19,4
AIR100628,2025-02-15,Maharashtra,Maharashtra City 2,5G,Prepaid,4.3,32.78,386,3.5,16
AIR100629,2025-03-15,Gujarat,Gujarat City 3,5G,Postpaid,1.5,39.11,221,3.44,8
AIR100630,2025-04-15,Karnataka,Karnataka City 2,5G,Postpaid,1.1,41.24,373,3.63,10
AIR100631,2025-05-15,Maharashtra,Maharashtra City 1,5G,Prepaid,1,32.42,683,4.18,47
AIR100632,2025-06-15,Kerala,Kerala City 1,5G,Prepaid,1.8,27.33,153,3.38,2
AIR100633,2025-07-15,Rajasthan,Rajasthan City 3,4G,Prepaid,3.1,1,290,3.5,4
AIR100634,2025-08-15,Karnataka,Karnataka City 2,5G,Prepaid,5.4,21.43,750,4.09,51
AIR100635,2025-09-15,Uttar Pradesh,Uttar Pradesh City 3,5G,Postpaid,6.6,54.56,370,3.56,13
AIR100636,2025-10-15,West Bengal,West Bengal City 1,5G,Postpaid,4.9,51.02,322,3.55,31
AIR100637,2025-11-15,Karnataka,Karnataka City 2,4G,Prepaid,1.5,14.01,372,2.92,-13
AIR100638,2025-12-15,Kerala,Kerala City 3,5G,Prepaid,6.9,36.67,415,3.76,17
AIR100639,2025-02-15,Telangana,Telangana City 3,5G,Broadband,5.4,54.14,274,4.33,55
AIR100640,2025-03-15,West Bengal,West Bengal City 3,4G,Prepaid,3.9,1,135,3.4,19
AIR100641,2025-04-15,Tamil Nadu,Tamil Nadu City 1,4G,Prepaid,1.6,12.38,454,3.16,8
AIR100642,2025-05-15,Gujarat,Gujarat City 3,4G,Postpaid,3.2,34.2,598,3.56,30
AIR100643,2025-06-15,Tamil Nadu,Tamil Nadu City 2,5G,Postpaid,2.8,40.8,355,3.82,26
AIR100644,2025-07-15,Karnataka,Karnataka City 3,4G,Postpaid,5.2,17.57,751,3.09,5
AIR100645,2025-08-15,Tamil Nadu,Tamil Nadu City 1,4G,Broadband,1.8,4.71,821,3.66,36
AIR100646,2025-09-15,Kerala,Kerala City 3,4G,Prepaid,1.2,3.31,728,3.5,31
AIR100647,2025-10-15,Uttar Pradesh,Uttar Pradesh City 1,4G,Postpaid,2.3,4.82,447,4.2,33
AIR100648,2025-11-15,Rajasthan,Rajasthan City 1,4G,Prepaid,4.8,16.12,384,3.85,31
AIR100649,2025-12-15,Gujarat,Gujarat City 2,4G,Postpaid,4.5,10.19,223,3.46,35
AIR100650,2025-02-15,Tamil Nadu,Tamil Nadu City 2,5G,Broadband,2.9,40.68,171,4.76,56
AIR100651,2025-03-15,Tamil Nadu,Tamil Nadu City 3,5G,Postpaid,3.2,35.39,349,3.69,25
AIR100652,2025-04-15,Karnataka,Karnataka City 1,4G,Postpaid,3.3,19.65,517,3.6,8
AIR100653,2025-05-15,Rajasthan,Rajasthan City 1,5G,Broadband,3.1,38.7,295,4.05,38
AIR100654,2025-06-15,Maharashtra,Maharashtra City 2,5G,Prepaid,0.6,33.38,593,3.37,7
AIR100655,2025-07-15,Tamil Nadu,Tamil Nadu City 2,4G,Postpaid,3,29.64,295,3.34,-4
AIR100656,2025-08-15,Kerala,Kerala City 3,4G,Broadband,0.8,14.73,472,3.59,27
AIR100657,2025-09-15,Telangana,Telangana City 1,4G,Postpaid,5.8,20.51,289,3.42,6
AIR100658,2025-10-15,Gujarat,Gujarat City 2,5G,Prepaid,3.5,56.31,464,3.92,26
AIR100659,2025-11-15,Tamil Nadu,Tamil Nadu City 3,4G,Prepaid,4,28.79,581,3.75,33
AIR100660,2025-12-15,Kerala,Kerala City 1,4G,Prepaid,3.8,32.33,386,3.96,38
AIR100661,2025-02-15,Kerala,Kerala City 1,5G,Prepaid,3,27.11,302,3.69,38
AIR100662,2025-03-15,Gujarat,Gujarat City 2,4G,Postpaid,1.7,13.51,517,3.96,33
AIR100663,2025-04-15,Maharashtra,Maharashtra City 3,5G,Prepaid,4.9,12.21,509,4.52,46
AIR100664,2025-05-15,Kerala,Kerala City 2,5G,Prepaid,3.4,55.8,462,3.58,23
AIR100665,2025-06-15,Telangana,Telangana City 3,4G,Prepaid,2.8,19.48,890,3.59,29
AIR100666,2025-07-15,Kerala,Kerala City 1,5G,Postpaid,5,39.56,469,3.75,35
AIR100667,2025-08-15,Kerala,Kerala City 3,4G,Postpaid,4.1,29.18,512,4.07,31
AIR100668,2025-09-15,Kerala,Kerala City 3,4G,Postpaid,6.4,18.26,478,4.22,44
AIR100669,2025-10-15,Uttar Pradesh,Uttar Pradesh City 3,4G,Prepaid,1.9,33.13,188,3.18,14
AIR100670,2025-11-15,Uttar Pradesh,Uttar Pradesh City 3,4G,Prepaid,1.2,14.46,651,3.26,6
AIR100671,2025-12-15,Maharashtra,Maharashtra City 3,5G,Prepaid,3.8,37.39,402,3.46,21
AIR100672,2025-02-15,Tamil Nadu,Tamil Nadu City 2,4G,Prepaid,6.1,12.01,345,3.46,16
AIR100673,2025-03-15,Kerala,Kerala City 3,4G,Prepaid,1.1,9.79,251,3.38,10
AIR100674,2025-04-15,Rajasthan,Rajasthan City 3,5G,Postpaid,0.4,14.63,626,2.91,12
AIR100675,2025-05-15,Tamil Nadu,Tamil Nadu City 1,4G,Prepaid,5.1,30.78,827,2.75,-4
AIR100676,2025-06-15,Maharashtra,Maharashtra City 3,5G,Broadband,4.4,32.45,114,4.82,69
AIR100677,2025-07-15,Delhi,Delhi City 1,4G,Postpaid,3.4,20.72,225,2.9,-18
AIR100678,2025-08-15,Tamil Nadu,Tamil Nadu City 2,5G,Prepaid,3.9,29.8,613,3.36,6
AIR100679,2025-09-15,Tamil Nadu,Tamil Nadu City 2,4G,Postpaid,2.9,4.33,529,3.77,35
AIR100680,2025-10-15,West Bengal,West Bengal City 3,4G,Postpaid,3.6,9.51,442,3.31,12
AIR100681,2025-11-15,Karnataka,Karnataka City 2,4G,Postpaid,3.2,15.85,458,3.22,7
AIR100682,2025-12-15,West Bengal,West Bengal City 3,4G,Broadband,1.6,9.53,175,3.11,-3
AIR100683,2025-02-15,Telangana,Telangana City 2,5G,Prepaid,3.8,37.36,522,3.84,27
AIR100684,2025-03-15,Uttar Pradesh,Uttar Pradesh City 3,4G,Broadband,1.1,14.73,436,3.48,1
AIR100685,2025-04-15,Uttar Pradesh,Uttar Pradesh City 3,4G,Prepaid,3.8,12.32,405,4.06,42
AIR100686,2025-05-15,Karnataka,Karnataka City 1,4G,Broadband,3.8,23.33,588,3.86,34
AIR100687,2025-06-15,Gujarat,Gujarat City 1,5G,Prepaid,2.6,36.09,447,4.19,46
AIR100688,2025-07-15,Gujarat,Gujarat City 1,5G,Prepaid,3.9,47.74,36,4.17,30
AIR100689,2025-08-15,Maharashtra,Maharashtra City 1,4G,Postpaid,1.3,14.83,498,3.33,31
AIR100690,2025-09-15,Karnataka,Karnataka City 3,4G,Prepaid,6,1,20,3.55,28
AIR100691,2025-10-15,Tamil Nadu,Tamil Nadu City 2,4G,Prepaid,5.3,4.02,579,3.51,12
AIR100692,2025-11-15,Gujarat,Gujarat City 3,4G,Prepaid,2.9,6.39,194,3.67,6
AIR100693,2025-12-15,Kerala,Kerala City 1,4G,Postpaid,4.3,24.59,524,3.32,12
AIR100694,2025-02-15,Rajasthan,Rajasthan City 1,4G,Broadband,1.1,18.55,639,3.18,-8
AIR100695,2025-03-15,Tamil Nadu,Tamil Nadu City 2,4G,Postpaid,6.1,14.65,154,4.02,48
AIR100696,2025-04-15,Telangana,Telangana City 1,5G,Broadband,2.8,36.75,781,4.75,63
AIR100697,2025-05-15,Kerala,Kerala City 3,4G,Postpaid,1.3,34.35,210,3.54,25
AIR100698,2025-06-15,Kerala,Kerala City 3,5G,Prepaid,2.1,37.62,658,3.03,-9
AIR100699,2025-07-15,Karnataka,Karnataka City 3,4G,Prepaid,5.2,18.4,463,2.91,6
AIR100700,2025-08-15,Maharashtra,Maharashtra City 3,5G,Postpaid,0.8,33.59,588,3.43,20
AIR100701,2025-09-15,Telangana,Telangana City 3,4G,Prepaid,3.1,16.34,253,3.42,12
AIR100702,2025-10-15,Gujarat,Gujarat City 2,4G,Prepaid,2.7,22.5,287,3.45,18
AIR100703,2025-11-15,Karnataka,Karnataka City 3,5G,Postpaid,1.6,29.82,310,3.43,23
AIR100704,2025-12-15,Gujarat,Gujarat City 1,4G,Postpaid,6.3,19.12,954,4.1,27
AIR100705,2025-02-15,Karnataka,Karnataka City 1,4G,Prepaid,3.5,7.78,426,3.68,20
AIR100706,2025-03-15,Karnataka,Karnataka City 1,4G,Broadband,1.6,18.1,688,2.94,11
AIR100707,2025-04-15,Karnataka,Karnataka City 1,5G,Postpaid,5,41.24,258,3.78,37
AIR100708,2025-05-15,Maharashtra,Maharashtra City 2,4G,Postpaid,1.1,10,343,3.76,17
AIR100709,2025-06-15,Karnataka,Karnataka City 1,5G,Enterprise,6.4,35.67,212,3.72,16
AIR100710,2025-07-15,Delhi,Delhi City 2,4G,Prepaid,6.5,10.33,705,3.37,23
AIR100711,2025-08-15,Rajasthan,Rajasthan City 1,4G,Postpaid,4.1,34.43,77,3.48,31
AIR100712,2025-09-15,Gujarat,Gujarat City 2,4G,Broadband,1.3,11.99,314,3.26,4
AIR100713,2025-10-15,Tamil Nadu,Tamil Nadu City 2,4G,Postpaid,1.6,32.9,359,3.65,8
AIR100714,2025-11-15,West Bengal,West Bengal City 2,4G,Postpaid,2.5,4.5,382,3.17,-6
AIR100715,2025-12-15,Telangana,Telangana City 1,4G,Prepaid,4.7,7.67,342,3.14,9
AIR100716,2025-02-15,Uttar Pradesh,Uttar Pradesh City 2,4G,Postpaid,0.3,27.71,896,3.39,10
AIR100717,2025-03-15,Maharashtra,Maharashtra City 3,4G,Prepaid,0.8,18.54,424,3.98,39
AIR100718,2025-04-15,Tamil Nadu,Tamil Nadu City 3,4G,Enterprise,1.1,31.28,384,3.54,18
AIR100719,2025-05-15,Kerala,Kerala City 1,5G,Broadband,4.3,54.75,558,4.52,55
AIR100720,2025-06-15,Delhi,Delhi City 3,5G,Broadband,4.4,21.94,586,4.34,52
AIR100721,2025-07-15,Uttar Pradesh,Uttar Pradesh City 3,5G,Postpaid,4.1,56.59,729,3.45,25
AIR100722,2025-08-15,West Bengal,West Bengal City 3,4G,Prepaid,4.4,3.81,20,3.95,32
AIR100723,2025-09-15,Tamil Nadu,Tamil Nadu City 1,5G,Prepaid,1.1,21.98,141,4.02,57
AIR100724,2025-10-15,Uttar Pradesh,Uttar Pradesh City 1,4G,Broadband,2.4,12.84,437,3.56,3
AIR100725,2025-11-15,Tamil Nadu,Tamil Nadu City 3,4G,Prepaid,2,21.45,208,3.52,18
AIR100726,2025-12-15,Delhi,Delhi City 1,5G,Prepaid,3.1,35.25,155,3.35,14
AIR100727,2025-02-15,West Bengal,West Bengal City 2,5G,Postpaid,2.3,32.8,608,3.8,38
AIR100728,2025-03-15,Kerala,Kerala City 3,4G,Prepaid,5,30.41,186,3.58,22
AIR100729,2025-04-15,Karnataka,Karnataka City 1,4G,Postpaid,2.5,30.41,642,2.9,-12
AIR100730,2025-05-15,Gujarat,Gujarat City 1,4G,Postpaid,2.5,10.91,195,3.72,42
AIR100731,2025-06-15,Kerala,Kerala City 3,4G,Postpaid,2.5,28.9,426,3.31,4
AIR100732,2025-07-15,Karnataka,Karnataka City 1,5G,Broadband,6.1,32.45,535,3.75,15
AIR100733,2025-08-15,Maharashtra,Maharashtra City 3,4G,Prepaid,3.6,23.7,465,4.19,44
AIR100734,2025-09-15,Rajasthan,Rajasthan City 1,5G,Prepaid,3,19.09,298,3.49,43
AIR100735,2025-10-15,Telangana,Telangana City 2,4G,Prepaid,3.7,1,547,3.85,34
AIR100736,2025-11-15,Telangana,Telangana City 3,5G,Enterprise,5,46.07,138,4.32,38
AIR100737,2025-12-15,Gujarat,Gujarat City 2,5G,Prepaid,6.7,42.8,517,3.21,21
AIR100738,2025-02-15,West Bengal,West Bengal City 3,4G,Prepaid,4.5,20.4,375,3.51,28
AIR100739,2025-03-15,Delhi,Delhi City 1,4G,Postpaid,3.4,24.89,376,3.54,14
AIR100740,2025-04-15,West Bengal,West Bengal City 2,5G,Prepaid,4.8,43.93,669,3.99,45
AIR100741,2025-05-15,Delhi,Delhi City 1,4G,Enterprise,6.3,15.29,736,4.25,55
AIR100742,2025-06-15,West Bengal,West Bengal City 3,5G,Broadband,1.1,33.12,368,4.06,27
AIR100743,2025-07-15,Rajasthan,Rajasthan City 3,4G,Postpaid,5.5,26.73,399,3.37,-6
AIR100744,2025-08-15,Maharashtra,Maharashtra City 3,4G,Postpaid,4.8,22.37,610,3.22,25
AIR100745,2025-09-15,Maharashtra,Maharashtra City 3,5G,Prepaid,3,32.28,547,4.05,43
AIR100746,2025-10-15,Karnataka,Karnataka City 3,4G,Postpaid,5.3,17.84,151,3.6,25
AIR100747,2025-11-15,Uttar Pradesh,Uttar Pradesh City 2,5G,Postpaid,6,14.94,449,3.51,22
AIR100748,2025-12-15,Maharashtra,Maharashtra City 3,4G,Prepaid,2.9,31.25,212,3.76,20
AIR100749,2025-02-15,Maharashtra,Maharashtra City 1,5G,Prepaid,2.2,49.45,618,4.46,54
AIR100750,2025-03-15,Kerala,Kerala City 2,4G,Broadband,1.3,19.32,354,3.76,12
AIR100751,2025-04-15,Kerala,Kerala City 1,4G,Prepaid,2.9,22.23,110,3.65,33
AIR100752,2025-05-15,Karnataka,Karnataka City 3,4G,Postpaid,4.8,17.86,592,3.63,19
AIR100753,2025-06-15,Uttar Pradesh,Uttar Pradesh City 1,5G,Prepaid,5.7,39.14,481,3.82,37
AIR100754,2025-07-15,Gujarat,Gujarat City 2,4G,Prepaid,5.2,8.7,308,3.92,18
AIR100755,2025-08-15,Kerala,Kerala City 2,5G,Broadband,6.3,4.2,375,4.05,47
AIR100756,2025-09-15,Gujarat,Gujarat City 2,4G,Prepaid,3.5,19.77,711,3.88,36
AIR100757,2025-10-15,Tamil Nadu,Tamil Nadu City 1,5G,Postpaid,4.6,1.33,602,3.48,20
AIR100758,2025-11-15,Kerala,Kerala City 2,5G,Prepaid,1.8,22.38,471,4.02,40
AIR100759,2025-12-15,Rajasthan,Rajasthan City 1,4G,Prepaid,2.7,13.51,407,3.51,14
AIR100760,2025-02-15,Uttar Pradesh,Uttar Pradesh City 3,4G,Broadband,0.3,15.85,411,3.26,33
AIR100761,2025-03-15,Karnataka,Karnataka City 3,4G,Postpaid,3.6,8.72,137,4.18,26
AIR100762,2025-04-15,Tamil Nadu,Tamil Nadu City 1,4G,Broadband,2.6,22.32,358,3.72,29
AIR100763,2025-05-15,Uttar Pradesh,Uttar Pradesh City 2,4G,Broadband,4.6,26.71,235,3.29,15
AIR100764,2025-06-15,Rajasthan,Rajasthan City 1,5G,Broadband,5.1,33.39,575,3.27,3
AIR100765,2025-07-15,Uttar Pradesh,Uttar Pradesh City 1,4G,Broadband,6,18.45,325,3.44,2
AIR100766,2025-08-15,Rajasthan,Rajasthan City 1,5G,Prepaid,1.5,39.36,464,3.79,28
AIR100767,2025-09-15,Rajasthan,Rajasthan City 3,5G,Broadband,3.2,34.99,523,4.64,58
AIR100768,2025-10-15,Gujarat,Gujarat City 1,4G,Prepaid,2.7,19.51,537,3.88,23
AIR100769,2025-11-15,West Bengal,West Bengal City 3,4G,Prepaid,3.7,14.08,351,3.63,37
AIR100770,2025-12-15,Tamil Nadu,Tamil Nadu City 1,4G,Prepaid,2.4,12.33,415,3.49,22
AIR100771,2025-02-15,Uttar Pradesh,Uttar Pradesh City 3,5G,Prepaid,3.7,13.26,159,3.83,22
AIR100772,2025-03-15,Delhi,Delhi City 1,4G,Postpaid,3.6,12.17,658,2.99,-10
AIR100773,2025-04-15,Tamil Nadu,Tamil Nadu City 1,4G,Prepaid,5.5,14.85,547,3.66,6
AIR100774,2025-05-15,West Bengal,West Bengal City 2,5G,Prepaid,4.4,33.55,474,3.69,25
AIR100775,2025-06-15,Tamil Nadu,Tamil Nadu City 2,4G,Postpaid,5.1,20.7,566,3.49,15
AIR100776,2025-07-15,Maharashtra,Maharashtra City 1,5G,Prepaid,5.8,24.37,350,4.27,63
AIR100777,2025-08-15,Delhi,Delhi City 1,4G,Postpaid,1,17.76,517,3.44,19
AIR100778,2025-09-15,West Bengal,West Bengal City 1,4G,Prepaid,4.5,19,659,3.73,41
AIR100779,2025-10-15,Gujarat,Gujarat City 1,5G,Prepaid,1,74.64,418,3.75,27
AIR100780,2025-11-15,Uttar Pradesh,Uttar Pradesh City 2,4G,Prepaid,1.6,24.49,145,3.95,37
AIR100781,2025-12-15,Telangana,Telangana City 3,5G,Prepaid,3.6,42.42,368,4.29,47
AIR100782,2025-02-15,West Bengal,West Bengal City 1,4G,Postpaid,3,7.69,633,4.06,40
AIR100783,2025-03-15,Karnataka,Karnataka City 2,5G,Postpaid,4.8,1,852,3.96,42
AIR100784,2025-04-15,Uttar Pradesh,Uttar Pradesh City 1,4G,Prepaid,3.6,6.83,429,3.51,5
AIR100785,2025-05-15,West Bengal,West Bengal City 1,4G,Prepaid,1.5,16.44,598,4.31,58
AIR100786,2025-06-15,Maharashtra,Maharashtra City 3,4G,Prepaid,3.7,18.04,347,3.06,1
AIR100787,2025-07-15,Telangana,Telangana City 1,4G,Enterprise,4.1,22.02,545,4.01,42
AIR100788,2025-08-15,Maharashtra,Maharashtra City 1,4G,Prepaid,4.6,14.1,328,3.7,35
AIR100789,2025-09-15,Telangana,Telangana City 3,4G,Broadband,3.8,26.28,224,3.69,18
AIR100790,2025-10-15,Karnataka,Karnataka City 3,4G,Postpaid,2.1,20.61,514,3.64,13
AIR100791,2025-11-15,Uttar Pradesh,Uttar Pradesh City 3,4G,Prepaid,6.3,10.74,180,3.52,5
AIR100792,2025-12-15,Gujarat,Gujarat City 3,4G,Enterprise,3.9,1,547,3.36,23
AIR100793,2025-02-15,Maharashtra,Maharashtra City 2,4G,Postpaid,0.8,6.05,333,3.4,8
AIR100794,2025-03-15,Maharashtra,Maharashtra City 2,4G,Postpaid,1.5,22.05,474,3.43,0
AIR100795,2025-04-15,Rajasthan,Rajasthan City 2,5G,Prepaid,6,24.81,453,3.28,8
AIR100796,2025-05-15,Telangana,Telangana City 1,4G,Postpaid,5,21.52,20,3.38,23
AIR100797,2025-06-15,Kerala,Kerala City 3,4G,Prepaid,0.6,16.1,264,3.84,37
AIR100798,2025-07-15,Uttar Pradesh,Uttar Pradesh City 3,4G,Prepaid,3.7,21.85,552,3.89,10
AIR100799,2025-08-15,Telangana,Telangana City 2,5G,Broadband,5.2,51.03,20,4.21,59
AIR100800,2025-09-15,Rajasthan,Rajasthan City 1,4G,Broadband,3.8,20.51,180,2.78,-7
AIR100801,2025-10-15,Tamil Nadu,Tamil Nadu City 1,4G,Prepaid,1.8,19.73,231,3.44,9
AIR100802,2025-11-15,Telangana,Telangana City 1,4G,Postpaid,6.5,18.83,406,3.49,17
AIR100803,2025-12-15,Gujarat,Gujarat City 2,4G,Postpaid,1.7,16.16,682,3.03,0
AIR100804,2025-02-15,Uttar Pradesh,Uttar Pradesh City 1,5G,Prepaid,1.2,46.1,279,2.79,6
AIR100805,2025-03-15,Rajasthan,Rajasthan City 1,4G,Prepaid,5.7,29.16,473,3.22,16
AIR100806,2025-04-15,Tamil Nadu,Tamil Nadu City 1,4G,Prepaid,5.7,3.86,395,3.27,25
AIR100807,2025-05-15,Delhi,Delhi City 3,5G,Postpaid,4,24.07,650,4.16,32
AIR100808,2025-06-15,Rajasthan,Rajasthan City 2,4G,Broadband,0.6,26.03,502,3.78,30
AIR100809,2025-07-15,Delhi,Delhi City 3,5G,Prepaid,2.9,29.86,677,3.43,19
AIR100810,2025-08-15,Uttar Pradesh,Uttar Pradesh City 3,4G,Postpaid,4.5,15.65,287,4.08,30
AIR100811,2025-09-15,Maharashtra,Maharashtra City 2,5G,Postpaid,2.7,21.31,476,3.5,20
AIR100812,2025-10-15,Rajasthan,Rajasthan City 3,5G,Postpaid,3.6,51.68,404,4.09,37
AIR100813,2025-11-15,Karnataka,Karnataka City 1,4G,Prepaid,6.2,7.48,489,2.93,-10
AIR100814,2025-12-15,Delhi,Delhi City 1,5G,Postpaid,1.6,34.21,649,3.58,13
AIR100815,2025-02-15,Gujarat,Gujarat City 1,4G,Broadband,0.8,26.25,272,2.6,8
AIR100816,2025-03-15,Karnataka,Karnataka City 1,4G,Prepaid,1.6,17.16,348,3.47,25
AIR100817,2025-04-15,West Bengal,West Bengal City 2,4G,Prepaid,1.8,14.82,491,2.9,-7
AIR100818,2025-05-15,West Bengal,West Bengal City 3,4G,Broadband,4.6,7.01,289,2.97,-15
AIR100819,2025-06-15,Tamil Nadu,Tamil Nadu City 3,5G,Prepaid,0.7,22.45,505,3.12,4
AIR100820,2025-07-15,Maharashtra,Maharashtra City 1,4G,Broadband,6.5,33.24,410,3.63,12
AIR100821,2025-08-15,Uttar Pradesh,Uttar Pradesh City 1,5G,Prepaid,2.3,43.53,670,3.68,26
AIR100822,2025-09-15,Rajasthan,Rajasthan City 3,4G,Prepaid,6.3,16.07,600,4.01,25
AIR100823,2025-10-15,Kerala,Kerala City 2,4G,Prepaid,4.5,33.08,807,3.81,26
AIR100824,2025-11-15,Gujarat,Gujarat City 3,4G,Prepaid,6.8,13.71,297,3.17,5
AIR100825,2025-12-15,Delhi,Delhi City 1,4G,Prepaid,1.5,18.02,337,3.43,45
AIR100826,2025-02-15,Uttar Pradesh,Uttar Pradesh City 1,5G,Postpaid,5.1,38.53,346,3.62,25
AIR100827,2025-03-15,Karnataka,Karnataka City 2,5G,Prepaid,0.3,19.76,463,3.68,22
AIR100828,2025-04-15,West Bengal,West Bengal City 3,5G,Broadband,4.2,35.97,512,3.62,29
AIR100829,2025-05-15,Gujarat,Gujarat City 2,5G,Postpaid,1.1,47.11,812,3.99,33
AIR100830,2025-06-15,Kerala,Kerala City 2,4G,Postpaid,4.9,2.3,639,2.85,6
AIR100831,2025-07-15,Rajasthan,Rajasthan City 1,4G,Prepaid,3.2,24.33,468,3.81,22
AIR100832,2025-08-15,Tamil Nadu,Tamil Nadu City 3,5G,Postpaid,2.2,46.62,746,4.07,26
AIR100833,2025-09-15,Kerala,Kerala City 1,4G,Postpaid,4.1,25.99,418,4.03,24
AIR100834,2025-10-15,Gujarat,Gujarat City 3,4G,Prepaid,2.6,22.74,234,3.2,1
AIR100835,2025-11-15,Kerala,Kerala City 1,4G,Broadband,4.4,30.43,539,3.67,15
AIR100836,2025-12-15,Gujarat,Gujarat City 1,4G,Prepaid,2.4,3.88,274,3.68,41
AIR100837,2025-02-15,Gujarat,Gujarat City 3,4G,Prepaid,0.9,19.74,508,3.38,23
AIR100838,2025-03-15,Telangana,Telangana City 3,5G,Postpaid,1.9,40.34,182,4.55,44
AIR100839,2025-04-15,Delhi,Delhi City 1,4G,Postpaid,3.4,20.58,138,2.9,7
AIR100840,2025-05-15,West Bengal,West Bengal City 3,4G,Prepaid,1.4,21.04,615,3.9,43
AIR100841,2025-06-15,Telangana,Telangana City 1,4G,Broadband,4.8,25.85,400,3.51,26
AIR100842,2025-07-15,Rajasthan,Rajasthan City 3,5G,Postpaid,1.6,30.55,138,4.02,43
AIR100843,2025-08-15,Telangana,Telangana City 1,5G,Postpaid,1.4,30.09,505,3.67,10
AIR100844,2025-09-15,Maharashtra,Maharashtra City 1,5G,Prepaid,6.1,33.44,387,3.29,21
AIR100845,2025-10-15,Maharashtra,Maharashtra City 1,4G,Enterprise,5.2,17.45,557,3.5,16
AIR100846,2025-11-15,West Bengal,West Bengal City 2,5G,Prepaid,2.2,36.85,619,3.83,26
AIR100847,2025-12-15,Kerala,Kerala City 3,4G,Postpaid,5,24.54,673,2.86,-3
AIR100848,2025-02-15,Delhi,Delhi City 1,5G,Prepaid,5.6,45.2,336,4.14,48
AIR100849,2025-03-15,West Bengal,West Bengal City 2,5G,Postpaid,5.1,33.11,200,3.88,46
AIR100850,2025-04-15,Gujarat,Gujarat City 1,4G,Prepaid,2.2,29.24,575,3.32,14
AIR100851,2025-05-15,Karnataka,Karnataka City 2,4G,Prepaid,4,20.31,413,3.23,5
AIR100852,2025-06-15,Delhi,Delhi City 1,4G,Broadband,1.2,22.63,20,3.41,30
AIR100853,2025-07-15,Delhi,Delhi City 1,4G,Prepaid,4.2,1.76,461,2.9,-8
AIR100854,2025-08-15,Gujarat,Gujarat City 2,5G,Prepaid,0.6,44.67,160,4.09,28
AIR100855,2025-09-15,Gujarat,Gujarat City 2,5G,Postpaid,6.2,49.41,304,3.74,30
AIR100856,2025-10-15,Tamil Nadu,Tamil Nadu City 3,5G,Postpaid,6.7,35.99,319,3.66,30
AIR100857,2025-11-15,West Bengal,West Bengal City 3,4G,Prepaid,3.1,18.24,493,3.68,34
AIR100858,2025-12-15,Gujarat,Gujarat City 2,4G,Prepaid,6.8,22.55,670,3.45,18
AIR100859,2025-02-15,Maharashtra,Maharashtra City 3,4G,Enterprise,2.1,16.32,599,3.34,21
AIR100860,2025-03-15,Rajasthan,Rajasthan City 2,4G,Postpaid,4.1,13.97,405,3.87,38
AIR100861,2025-04-15,Karnataka,Karnataka City 3,4G,Prepaid,0.8,14.34,465,3.58,23
AIR100862,2025-05-15,West Bengal,West Bengal City 1,4G,Broadband,0.5,19.26,404,3.94,25
AIR100863,2025-06-15,Uttar Pradesh,Uttar Pradesh City 3,4G,Postpaid,2.5,23.96,397,3.76,21
AIR100864,2025-07-15,Maharashtra,Maharashtra City 1,5G,Prepaid,2.7,55.33,331,3.39,13
AIR100865,2025-08-15,Kerala,Kerala City 1,4G,Prepaid,2.4,22.04,268,4.22,54
AIR100866,2025-09-15,Gujarat,Gujarat City 3,5G,Prepaid,6.2,44.15,334,3.57,13
AIR100867,2025-10-15,Uttar Pradesh,Uttar Pradesh City 2,4G,Broadband,5.8,20.5,273,3.67,32
AIR100868,2025-11-15,Gujarat,Gujarat City 1,4G,Prepaid,2.6,6.35,400,3.23,-4
AIR100869,2025-12-15,Delhi,Delhi City 1,5G,Prepaid,6.2,47.99,163,3.91,36
AIR100870,2025-02-15,Maharashtra,Maharashtra City 3,5G,Broadband,0.2,18.12,332,3.36,8
AIR100871,2025-03-15,Delhi,Delhi City 2,4G,Prepaid,4.9,5.34,337,3.68,30
AIR100872,2025-04-15,Tamil Nadu,Tamil Nadu City 2,4G,Postpaid,4.5,33.6,387,3.52,17
AIR100873,2025-05-15,Delhi,Delhi City 3,4G,Prepaid,5.6,10.12,20,3.28,3
AIR100874,2025-06-15,Tamil Nadu,Tamil Nadu City 2,4G,Postpaid,2.2,40.24,759,4.11,31
AIR100875,2025-07-15,Tamil Nadu,Tamil Nadu City 3,5G,Prepaid,3.5,32.55,121,3.98,45
AIR100876,2025-08-15,Uttar Pradesh,Uttar Pradesh City 3,4G,Prepaid,2.7,18.31,366,3,12
AIR100877,2025-09-15,Gujarat,Gujarat City 3,4G,Postpaid,1.2,13.33,372,3.25,-2
AIR100878,2025-10-15,Kerala,Kerala City 1,5G,Postpaid,1.1,34.31,510,3.79,24
AIR100879,2025-11-15,Delhi,Delhi City 1,4G,Postpaid,4.4,26.15,526,3.45,43
AIR100880,2025-12-15,Maharashtra,Maharashtra City 1,4G,Postpaid,6.6,17.46,458,3.86,41
AIR100881,2025-02-15,Tamil Nadu,Tamil Nadu City 3,4G,Postpaid,3.6,18.94,544,2.78,-14
AIR100882,2025-03-15,Gujarat,Gujarat City 1,4G,Postpaid,4,28.9,345,3.78,20
AIR100883,2025-04-15,Karnataka,Karnataka City 1,4G,Postpaid,1.5,31.88,433,3.42,0
AIR100884,2025-05-15,West Bengal,West Bengal City 1,4G,Postpaid,2.2,6.28,332,2.94,0
AIR100885,2025-06-15,Uttar Pradesh,Uttar Pradesh City 3,4G,Postpaid,6.4,29.76,179,3.96,17
AIR100886,2025-07-15,Kerala,Kerala City 3,5G,Postpaid,2.4,24.3,808,3.63,23
AIR100887,2025-08-15,Telangana,Telangana City 3,5G,Prepaid,1,46.21,473,3.44,27
AIR100888,2025-09-15,Uttar Pradesh,Uttar Pradesh City 1,4G,Prepaid,3.4,16.86,241,4.03,46
AIR100889,2025-10-15,Karnataka,Karnataka City 2,4G,Prepaid,4,13.53,299,3.57,25
AIR100890,2025-11-15,West Bengal,West Bengal City 1,4G,Broadband,4.9,18.62,293,3.17,6
AIR100891,2025-12-15,Karnataka,Karnataka City 1,4G,Postpaid,5,23.18,432,3.33,17
AIR100892,2025-02-15,Delhi,Delhi City 3,5G,Postpaid,4.1,57.06,308,3.79,14
AIR100893,2025-03-15,Tamil Nadu,Tamil Nadu City 3,4G,Prepaid,0.8,29.97,420,2.54,-36
AIR100894,2025-04-15,Kerala,Kerala City 1,4G,Prepaid,6.2,35.07,475,3.03,5
AIR100895,2025-05-15,Rajasthan,Rajasthan City 1,4G,Broadband,4.3,18.18,234,2.83,1
AIR100896,2025-06-15,Tamil Nadu,Tamil Nadu City 2,4G,Broadband,0.8,16.06,551,3.61,24
AIR100897,2025-07-15,Rajasthan,Rajasthan City 2,4G,Prepaid,0.8,22.57,783,3.48,36
AIR100898,2025-08-15,West Bengal,West Bengal City 3,5G,Postpaid,2.8,40.11,388,3.72,27
AIR100899,2025-09-15,Gujarat,Gujarat City 2,5G,Prepaid,4.9,54.38,444,4.33,51
AIR100900,2025-10-15,Telangana,Telangana City 2,5G,Prepaid,4.4,48.87,124,4.63,64
AIR100901,2025-11-15,Maharashtra,Maharashtra City 3,5G,Postpaid,5.5,33.94,363,4.01,17
AIR100902,2025-12-15,Tamil Nadu,Tamil Nadu City 2,5G,Postpaid,4.8,27.39,575,3.61,14
AIR100903,2025-02-15,Kerala,Kerala City 1,4G,Postpaid,0.8,31.17,464,3.48,23
AIR100904,2025-03-15,Karnataka,Karnataka City 2,4G,Prepaid,4.9,21.65,234,2.77,3
AIR100905,2025-04-15,Kerala,Kerala City 3,5G,Prepaid,5.1,45.47,501,4.04,43
AIR100906,2025-05-15,West Bengal,West Bengal City 1,4G,Prepaid,1.8,18.39,619,3.6,7
AIR100907,2025-06-15,Rajasthan,Rajasthan City 2,4G,Prepaid,3.7,16.07,830,3.1,-3
AIR100908,2025-07-15,Karnataka,Karnataka City 1,4G,Postpaid,3.9,23.39,517,2.94,-8
AIR100909,2025-08-15,Maharashtra,Maharashtra City 1,4G,Prepaid,5.1,9.27,539,3.25,29
AIR100910,2025-09-15,Maharashtra,Maharashtra City 2,4G,Prepaid,5.7,23.94,397,2.9,-1
AIR100911,2025-10-15,Tamil Nadu,Tamil Nadu City 2,4G,Prepaid,5.1,20.69,582,3.13,-4
AIR100912,2025-11-15,West Bengal,West Bengal City 3,4G,Postpaid,1.7,7.32,510,4.38,53
AIR100913,2025-12-15,Gujarat,Gujarat City 3,5G,Postpaid,1.9,15.74,569,3.61,8
AIR100914,2025-02-15,West Bengal,West Bengal City 1,4G,Postpaid,3.9,27.67,782,3.3,7
AIR100915,2025-03-15,Rajasthan,Rajasthan City 3,5G,Prepaid,3.3,25.49,475,4.61,48
AIR100916,2025-04-15,Kerala,Kerala City 1,4G,Prepaid,4.1,33.06,226,3.05,21
AIR100917,2025-05-15,Maharashtra,Maharashtra City 1,4G,Prepaid,0.7,25.07,292,4.23,31
AIR100918,2025-06-15,Kerala,Kerala City 3,4G,Prepaid,2,34.15,502,3.9,37
AIR100919,2025-07-15,Kerala,Kerala City 3,4G,Prepaid,3.2,30.84,507,3.88,55
AIR100920,2025-08-15,Kerala,Kerala City 3,4G,Prepaid,2.9,25.66,622,3.5,22
AIR100921,2025-09-15,Maharashtra,Maharashtra City 2,5G,Postpaid,5.2,44.89,553,3.65,31
AIR100922,2025-10-15,Uttar Pradesh,Uttar Pradesh City 1,5G,Enterprise,1.9,36.35,432,4.16,28
AIR100923,2025-11-15,Delhi,Delhi City 1,5G,Prepaid,1.1,39.31,327,4.38,46
AIR100924,2025-12-15,Rajasthan,Rajasthan City 1,4G,Broadband,4.7,14.9,486,4.28,47
AIR100925,2025-02-15,Uttar Pradesh,Uttar Pradesh City 3,4G,Prepaid,2.9,15.79,586,2.7,-11
AIR100926,2025-03-15,Rajasthan,Rajasthan City 3,4G,Postpaid,5.6,5.94,410,3.07,6
AIR100927,2025-04-15,Karnataka,Karnataka City 3,4G,Postpaid,2.8,24.19,413,3.44,9
AIR100928,2025-05-15,West Bengal,West Bengal City 3,4G,Broadband,3.9,1.59,389,3.8,25
AIR100929,2025-06-15,West Bengal,West Bengal City 3,4G,Prepaid,0.5,11.34,302,3.09,15
AIR100930,2025-07-15,Telangana,Telangana City 2,4G,Prepaid,4.5,22.2,516,3.55,35
AIR100931,2025-08-15,West Bengal,West Bengal City 3,4G,Prepaid,2.7,15.56,214,3.39,15
AIR100932,2025-09-15,Maharashtra,Maharashtra City 1,4G,Prepaid,5.9,18.4,568,3.15,11
AIR100933,2025-10-15,Gujarat,Gujarat City 3,4G,Broadband,3.4,24.33,451,3.82,55
AIR100934,2025-11-15,Tamil Nadu,Tamil Nadu City 1,4G,Postpaid,1.9,2.75,509,3.16,0
AIR100935,2025-12-15,Telangana,Telangana City 3,5G,Postpaid,4.9,45.7,122,4.03,20
AIR100936,2025-02-15,Tamil Nadu,Tamil Nadu City 3,4G,Postpaid,4.6,20.75,522,3.71,21
AIR100937,2025-03-15,Rajasthan,Rajasthan City 1,4G,Broadband,5.2,22.61,499,3.16,-3
AIR100938,2025-04-15,Tamil Nadu,Tamil Nadu City 1,4G,Prepaid,2.4,18.87,921,3.71,31
AIR100939,2025-05-15,Tamil Nadu,Tamil Nadu City 1,4G,Prepaid,3,13.96,255,4.1,59
AIR100940,2025-06-15,Telangana,Telangana City 1,5G,Broadband,0.7,28.71,259,3.95,68
AIR100941,2025-07-15,Karnataka,Karnataka City 2,5G,Prepaid,4.8,44.83,766,4.38,39
AIR100942,2025-08-15,Kerala,Kerala City 1,4G,Prepaid,4.6,26.21,259,4.64,59
AIR100943,2025-09-15,West Bengal,West Bengal City 3,4G,Prepaid,5.7,29.52,284,3.37,3
AIR100944,2025-10-15,West Bengal,West Bengal City 3,5G,Postpaid,3.9,44.71,382,4.12,44
AIR100945,2025-11-15,Maharashtra,Maharashtra City 2,4G,Postpaid,4.3,1,579,3.4,11
AIR100946,2025-12-15,Telangana,Telangana City 1,5G,Prepaid,4.6,42.53,214,4.11,39
AIR100947,2025-02-15,Maharashtra,Maharashtra City 3,4G,Postpaid,0.4,18.7,216,3.66,21
AIR100948,2025-03-15,Gujarat,Gujarat City 2,4G,Postpaid,5.7,11.04,154,3.61,13
AIR100949,2025-04-15,Gujarat,Gujarat City 3,5G,Broadband,3.3,42.52,378,3.41,23
AIR100950,2025-05-15,Maharashtra,Maharashtra City 2,5G,Postpaid,2.1,74.69,229,3.41,20
AIR100951,2025-06-15,Telangana,Telangana City 2,5G,Postpaid,2.4,32.91,343,4.41,51
AIR100952,2025-07-15,Maharashtra,Maharashtra City 1,4G,Postpaid,5.6,14.03,375,3.89,27
AIR100953,2025-08-15,West Bengal,West Bengal City 2,4G,Prepaid,4.6,12.85,602,3.39,17
AIR100954,2025-09-15,Uttar Pradesh,Uttar Pradesh City 3,5G,Prepaid,4.3,33.12,739,3.79,31
AIR100955,2025-10-15,Delhi,Delhi City 3,4G,Postpaid,5,19.53,459,2.96,0
AIR100956,2025-11-15,Tamil Nadu,Tamil Nadu City 1,4G,Prepaid,2.7,1.7,161,3.79,32
AIR100957,2025-12-15,Delhi,Delhi City 1,5G,Prepaid,6.5,51.92,574,4.73,54
AIR100958,2025-02-15,Telangana,Telangana City 2,4G,Postpaid,1.6,42.76,344,3.62,28
AIR100959,2025-03-15,Delhi,Delhi City 1,4G,Prepaid,4,7.1,247,3.24,10
AIR100960,2025-04-15,Gujarat,Gujarat City 3,5G,Prepaid,3.9,20.91,770,3.44,18
AIR100961,2025-05-15,Rajasthan,Rajasthan City 3,5G,Postpaid,3,36.27,388,4.51,52
AIR100962,2025-06-15,Tamil Nadu,Tamil Nadu City 1,4G,Postpaid,1.9,17.93,349,3.46,13
AIR100963,2025-07-15,Kerala,Kerala City 1,4G,Broadband,1.9,18.31,650,2.82,-12
AIR100964,2025-08-15,Telangana,Telangana City 1,5G,Postpaid,4.8,32.22,847,4.75,57
AIR100965,2025-09-15,Tamil Nadu,Tamil Nadu City 2,5G,Postpaid,3,36.27,204,4.27,57
AIR100966,2025-10-15,Delhi,Delhi City 2,5G,Prepaid,0.9,57.84,842,4.03,42
AIR100967,2025-11-15,Gujarat,Gujarat City 3,4G,Prepaid,1,11.7,517,3.3,-11
AIR100968,2025-12-15,Karnataka,Karnataka City 2,4G,Prepaid,3,13.89,529,3.4,3
AIR100969,2025-02-15,Uttar Pradesh,Uttar Pradesh City 2,4G,Postpaid,0.2,24.22,521,3.1,11
AIR100970,2025-03-15,Kerala,Kerala City 2,5G,Postpaid,2.4,32.5,561,3.58,22
AIR100971,2025-04-15,Uttar Pradesh,Uttar Pradesh City 2,5G,Postpaid,3.3,15.25,361,4.3,45
AIR100972,2025-05-15,Tamil Nadu,Tamil Nadu City 3,4G,Postpaid,1,8.12,608,3.53,24
AIR100973,2025-06-15,Gujarat,Gujarat City 1,4G,Prepaid,1.5,15.81,394,2.91,-9
AIR100974,2025-07-15,Gujarat,Gujarat City 3,4G,Postpaid,1.7,33.57,528,4.57,56
AIR100975,2025-08-15,Delhi,Delhi City 2,5G,Prepaid,4.6,56.63,456,4.36,64
AIR100976,2025-09-15,West Bengal,West Bengal City 1,4G,Prepaid,2.3,8.48,668,3.6,8
AIR100977,2025-10-15,Delhi,Delhi City 1,4G,Postpaid,1.9,16.52,391,3.67,38
AIR100978,2025-11-15,West Bengal,West Bengal City 1,4G,Enterprise,1.9,12.76,384,3.04,0
AIR100979,2025-12-15,West Bengal,West Bengal City 3,4G,Broadband,5.7,15.32,25,3.4,13
AIR100980,2025-02-15,Kerala,Kerala City 1,4G,Broadband,1.5,13.64,372,4.34,46
AIR100981,2025-03-15,Delhi,Delhi City 3,5G,Prepaid,5.7,56.2,830,3.92,33
AIR100982,2025-04-15,Karnataka,Karnataka City 3,5G,Prepaid,1.6,17.39,415,3.84,14
AIR100983,2025-05-15,Maharashtra,Maharashtra City 2,4G,Prepaid,3,18.31,342,4.15,34
AIR100984,2025-06-15,Maharashtra,Maharashtra City 2,4G,Prepaid,4.9,19.81,607,3.28,6
AIR100985,2025-07-15,Delhi,Delhi City 1,5G,Prepaid,1.7,36.13,503,3.25,6
AIR100986,2025-08-15,Delhi,Delhi City 1,4G,Postpaid,1.6,24.79,392,4.14,30
AIR100987,2025-09-15,Uttar Pradesh,Uttar Pradesh City 2,4G,Postpaid,1.5,19.71,279,3.26,17
AIR100988,2025-10-15,Kerala,Kerala City 3,5G,Broadband,5.2,41.58,259,4.5,67
AIR100989,2025-11-15,Delhi,Delhi City 3,5G,Broadband,5.4,26.24,826,4.12,29
AIR100990,2025-12-15,Uttar Pradesh,Uttar Pradesh City 2,5G,Prepaid,5.9,47.66,576,3.87,24
AIR100991,2025-02-15,West Bengal,West Bengal City 3,4G,Broadband,2.1,9.76,371,3.7,49
AIR100992,2025-03-15,Gujarat,Gujarat City 2,4G,Postpaid,1.4,15.09,364,3.26,5
AIR100993,2025-04-15,Gujarat,Gujarat City 2,4G,Postpaid,4.5,30.31,232,4.12,51
AIR100994,2025-05-15,West Bengal,West Bengal City 1,4G,Postpaid,2.2,5.24,343,3.07,-3
AIR100995,2025-06-15,Telangana,Telangana City 1,5G,Prepaid,1.8,49.43,274,3.92,36
AIR100996,2025-07-15,Uttar Pradesh,Uttar Pradesh City 2,4G,Broadband,5.1,22.25,522,3.55,30
AIR100997,2025-08-15,Uttar Pradesh,Uttar Pradesh City 1,5G,Postpaid,5.8,66.46,569,4.45,50
AIR100998,2025-09-15,West Bengal,West Bengal City 2,4G,Broadband,2.6,14.43,642,3.17,-10
AIR100999,2025-10-15,Karnataka,Karnataka City 3,4G,Enterprise,5.9,28.96,370,2.79,11
AIR101000,2025-11-15,Rajasthan,Rajasthan City 3,5G,Postpaid,4.5,11.98,315,3.48,7
AIR101001,2025-12-15,Tamil Nadu,Tamil Nadu City 3,4G,Prepaid,3.4,20.42,354,4.3,43
AIR101002,2025-02-15,West Bengal,West Bengal City 3,4G,Prepaid,3.2,7.4,540,3.2,13
AIR101003,2025-03-15,Delhi,Delhi City 2,4G,Prepaid,2.6,19.55,711,3.4,15
AIR101004,2025-04-15,Delhi,Delhi City 3,4G,Prepaid,3.9,13.42,536,3.28,-7
AIR101005,2025-05-15,Kerala,Kerala City 3,4G,Broadband,4.3,34.52,357,3.86,29
AIR101006,2025-06-15,West Bengal,West Bengal City 3,4G,Prepaid,0.9,17.44,532,4.28,37
AIR101007,2025-07-15,Kerala,Kerala City 3,5G,Enterprise,2.2,39.67,437,3.84,28
AIR101008,2025-08-15,West Bengal,West Bengal City 2,5G,Postpaid,1.6,31.84,455,4.19,45
AIR101009,2025-09-15,Uttar Pradesh,Uttar Pradesh City 3,4G,Prepaid,0.7,18.98,515,3.17,-11
AIR101010,2025-10-15,Tamil Nadu,Tamil Nadu City 1,4G,Postpaid,5.7,11.85,629,3.42,3
AIR101011,2025-11-15,Uttar Pradesh,Uttar Pradesh City 1,4G,Postpaid,5.9,39.51,486,3.81,10
AIR101012,2025-12-15,Rajasthan,Rajasthan City 1,4G,Postpaid,3.1,25.03,439,3.55,22
AIR101013,2025-02-15,Gujarat,Gujarat City 1,4G,Postpaid,3.6,23.7,379,3.52,31
AIR101014,2025-03-15,Maharashtra,Maharashtra City 1,5G,Prepaid,2.1,46.65,360,3.78,22
AIR101015,2025-04-15,West Bengal,West Bengal City 1,4G,Postpaid,4.2,30.84,225,3.34,8
AIR101016,2025-05-15,Rajasthan,Rajasthan City 2,5G,Postpaid,2.2,17.12,350,4.29,39
AIR101017,2025-06-15,Gujarat,Gujarat City 1,5G,Postpaid,1.6,28.35,333,4.14,51
AIR101018,2025-07-15,Telangana,Telangana City 3,5G,Broadband,1.2,24.33,445,3.41,-2
AIR101019,2025-08-15,Tamil Nadu,Tamil Nadu City 1,4G,Prepaid,2.3,17.73,675,2.97,25
AIR101020,2025-09-15,Kerala,Kerala City 2,4G,Prepaid,4.8,28.21,416,3.4,8
AIR101021,2025-10-15,Kerala,Kerala City 1,5G,Postpaid,5.5,27.32,747,3.72,18
AIR101022,2025-11-15,Uttar Pradesh,Uttar Pradesh City 3,4G,Enterprise,1.2,24.66,450,3.22,7
AIR101023,2025-12-15,Delhi,Delhi City 3,5G,Prepaid,3.6,22.21,168,4.35,63
AIR101024,2025-02-15,Gujarat,Gujarat City 2,4G,Prepaid,1.8,9.67,344,3.2,11
AIR101025,2025-03-15,Telangana,Telangana City 2,4G,Prepaid,5.8,22.68,360,3.66,22
AIR101026,2025-04-15,Rajasthan,Rajasthan City 2,5G,Prepaid,1.3,24.35,578,4.01,43
AIR101027,2025-05-15,Tamil Nadu,Tamil Nadu City 2,5G,Prepaid,6.3,62.85,377,3.66,22
AIR101028,2025-06-15,Gujarat,Gujarat City 1,5G,Prepaid,6.2,45.54,338,4.01,34
AIR101029,2025-07-15,Telangana,Telangana City 1,5G,Postpaid,1,42.82,187,4.07,42
AIR101030,2025-08-15,Maharashtra,Maharashtra City 3,4G,Prepaid,6.2,14.82,270,4.32,45
AIR101031,2025-09-15,West Bengal,West Bengal City 2,4G,Prepaid,3.2,21.73,253,3.83,33
AIR101032,2025-10-15,Kerala,Kerala City 2,5G,Prepaid,6.5,38.1,99,4.31,56
AIR101033,2025-11-15,Rajasthan,Rajasthan City 1,4G,Broadband,4,1,122,3.23,9
AIR101034,2025-12-15,Kerala,Kerala City 2,5G,Postpaid,4.9,54.54,280,4.56,57
AIR101035,2025-02-15,Rajasthan,Rajasthan City 3,4G,Enterprise,4.1,16.29,197,2.83,-18
AIR101036,2025-03-15,Uttar Pradesh,Uttar Pradesh City 3,4G,Postpaid,5.3,15.04,457,2.67,-3
AIR101037,2025-04-15,Delhi,Delhi City 2,4G,Prepaid,3.9,18.89,679,3.53,22
AIR101038,2025-05-15,Rajasthan,Rajasthan City 3,4G,Prepaid,2.8,27.79,290,2.85,-2
AIR101039,2025-06-15,Kerala,Kerala City 3,5G,Postpaid,2.5,30.46,663,3.87,40
AIR101040,2025-07-15,Uttar Pradesh,Uttar Pradesh City 1,5G,Postpaid,5.3,1,478,4.23,29
AIR101041,2025-08-15,Rajasthan,Rajasthan City 3,4G,Postpaid,3.6,14,634,2.98,-9
AIR101042,2025-09-15,Maharashtra,Maharashtra City 2,4G,Postpaid,3.2,12.51,568,3.75,37
AIR101043,2025-10-15,Delhi,Delhi City 2,4G,Postpaid,4.8,21.78,170,3.89,14
AIR101044,2025-11-15,Rajasthan,Rajasthan City 3,4G,Prepaid,2.8,25.68,291,3.66,0
AIR101045,2025-12-15,Uttar Pradesh,Uttar Pradesh City 2,4G,Broadband,4.5,1,236,3.31,-10
AIR101046,2025-02-15,Gujarat,Gujarat City 1,4G,Postpaid,4.9,21.85,516,3.05,-1
AIR101047,2025-03-15,Karnataka,Karnataka City 3,4G,Prepaid,1.2,19.32,138,2.17,-47
AIR101048,2025-04-15,Telangana,Telangana City 3,4G,Postpaid,3.9,17.66,539,3.27,11
AIR101049,2025-05-15,Karnataka,Karnataka City 3,4G,Postpaid,2.9,17.27,656,3.11,8
AIR101050,2025-06-15,Karnataka,Karnataka City 2,4G,Prepaid,5.7,5.17,326,3.91,15
AIR101051,2025-07-15,Tamil Nadu,Tamil Nadu City 2,4G,Prepaid,3,10.25,361,3.45,18
AIR101052,2025-08-15,Maharashtra,Maharashtra City 3,4G,Prepaid,5.9,15.05,767,3.17,5
AIR101053,2025-09-15,Gujarat,Gujarat City 2,4G,Prepaid,1.6,11.13,307,4.24,52
AIR101054,2025-10-15,West Bengal,West Bengal City 2,5G,Prepaid,6.4,44.36,603,3.61,16
AIR101055,2025-11-15,Rajasthan,Rajasthan City 3,4G,Prepaid,2.5,10.57,513,3.62,28
AIR101056,2025-12-15,Telangana,Telangana City 3,5G,Prepaid,2.4,37.92,188,4.01,23
AIR101057,2025-02-15,Delhi,Delhi City 2,4G,Prepaid,0.5,21.42,432,3.74,25
AIR101058,2025-03-15,Gujarat,Gujarat City 3,5G,Broadband,2,18.97,607,3.8,36
AIR101059,2025-04-15,Kerala,Kerala City 3,4G,Prepaid,2,12.08,156,3.28,7
AIR101060,2025-05-15,West Bengal,West Bengal City 3,5G,Prepaid,3.8,38.34,553,3.86,18
AIR101061,2025-06-15,Tamil Nadu,Tamil Nadu City 3,4G,Prepaid,2.8,23.2,540,4.46,46
AIR101062,2025-07-15,Tamil Nadu,Tamil Nadu City 2,5G,Postpaid,4.5,70.23,216,4.05,45
AIR101063,2025-08-15,Gujarat,Gujarat City 3,4G,Prepaid,6,7.63,388,3.11,-5
AIR101064,2025-09-15,Uttar Pradesh,Uttar Pradesh City 1,4G,Prepaid,5.2,17.06,352,4,22
AIR101065,2025-10-15,Karnataka,Karnataka City 3,5G,Prepaid,4.7,19.57,522,3.45,29
AIR101066,2025-11-15,Kerala,Kerala City 1,4G,Enterprise,1.1,24.12,197,3.15,8
AIR101067,2025-12-15,Tamil Nadu,Tamil Nadu City 3,5G,Postpaid,3,17.76,289,4.28,57
AIR101068,2025-02-15,Telangana,Telangana City 1,4G,Prepaid,1.4,12.37,658,3.53,15
AIR101069,2025-03-15,Tamil Nadu,Tamil Nadu City 1,4G,Prepaid,5.4,16.6,407,3.15,2
AIR101070,2025-04-15,Delhi,Delhi City 3,5G,Prepaid,6.3,9.7,468,3.5,31
AIR101071,2025-05-15,Rajasthan,Rajasthan City 3,4G,Prepaid,4.7,36.82,700,2.62,-10
AIR101072,2025-06-15,Tamil Nadu,Tamil Nadu City 3,4G,Postpaid,5.4,10.61,455,2.89,-5
AIR101073,2025-07-15,Delhi,Delhi City 1,5G,Postpaid,6,15.87,415,3.47,23
AIR101074,2025-08-15,Gujarat,Gujarat City 2,5G,Postpaid,1.4,59.79,552,4.41,60
AIR101075,2025-09-15,Gujarat,Gujarat City 2,5G,Prepaid,0.8,23.23,287,3.94,37
AIR101076,2025-10-15,West Bengal,West Bengal City 3,4G,Postpaid,6.8,18.41,306,3.52,12
AIR101077,2025-11-15,Tamil Nadu,Tamil Nadu City 2,4G,Prepaid,3.8,15.94,312,3.06,-10
AIR101078,2025-12-15,Telangana,Telangana City 2,4G,Prepaid,1.4,15.45,178,3.46,-4
AIR101079,2025-02-15,Tamil Nadu,Tamil Nadu City 3,4G,Postpaid,4.3,28.94,199,3.91,24
AIR101080,2025-03-15,Telangana,Telangana City 1,5G,Prepaid,2.4,27.88,549,3.64,28
AIR101081,2025-04-15,Maharashtra,Maharashtra City 3,4G,Postpaid,2.6,24.83,578,3.26,-2
AIR101082,2025-05-15,West Bengal,West Bengal City 2,4G,Broadband,4.2,20.68,650,3.39,14
AIR101083,2025-06-15,Maharashtra,Maharashtra City 1,4G,Prepaid,5.2,15.81,458,3.11,10
AIR101084,2025-07-15,Tamil Nadu,Tamil Nadu City 2,5G,Broadband,0.7,64.67,501,3.9,29
AIR101085,2025-08-15,West Bengal,West Bengal City 1,5G,Prepaid,1.2,25.67,411,4.27,58
AIR101086,2025-09-15,Maharashtra,Maharashtra City 2,4G,Prepaid,6.6,30.42,275,3.51,14
AIR101087,2025-10-15,Karnataka,Karnataka City 3,4G,Postpaid,2.5,7.91,170,3.31,9
AIR101088,2025-11-15,Tamil Nadu,Tamil Nadu City 2,5G,Postpaid,2.8,31.68,501,3.56,32
AIR101089,2025-12-15,Maharashtra,Maharashtra City 2,4G,Prepaid,1.4,1,360,3.46,9
AIR101090,2025-02-15,Karnataka,Karnataka City 1,4G,Postpaid,4.6,12.93,330,3.46,27
AIR101091,2025-03-15,Karnataka,Karnataka City 2,4G,Enterprise,2.3,11.82,374,3.45,21
AIR101092,2025-04-15,Gujarat,Gujarat City 3,4G,Prepaid,6,1,455,3.43,19
AIR101093,2025-05-15,Tamil Nadu,Tamil Nadu City 3,4G,Broadband,4.7,19.68,20,3.79,26
AIR101094,2025-06-15,Karnataka,Karnataka City 3,5G,Postpaid,5.6,14.22,20,3.7,33
AIR101095,2025-07-15,Gujarat,Gujarat City 1,4G,Broadband,1.4,9.14,167,3.49,28
AIR101096,2025-08-15,Maharashtra,Maharashtra City 1,4G,Prepaid,1.6,6.99,515,3.82,20
AIR101097,2025-09-15,Delhi,Delhi City 2,5G,Postpaid,5.1,30.86,411,3.47,6
AIR101098,2025-10-15,Tamil Nadu,Tamil Nadu City 2,5G,Prepaid,2.9,55.81,204,3.78,34
AIR101099,2025-11-15,West Bengal,West Bengal City 2,4G,Broadband,4.5,28.5,638,3.72,28
AIR101100,2025-12-15,Telangana,Telangana City 1,4G,Postpaid,5.8,15.6,388,2.59,-6
AIR101101,2025-02-15,Telangana,Telangana City 1,4G,Prepaid,5.2,12.32,268,4.07,43
AIR101102,2025-03-15,Maharashtra,Maharashtra City 2,4G,Prepaid,2.7,26.74,584,2.95,14
AIR101103,2025-04-15,Uttar Pradesh,Uttar Pradesh City 1,4G,Broadband,1.7,17.78,397,4.24,53
AIR101104,2025-05-15,Uttar Pradesh,Uttar Pradesh City 1,4G,Postpaid,2.1,23.72,236,3.48,11
AIR101105,2025-06-15,Maharashtra,Maharashtra City 3,4G,Prepaid,3.4,25.22,292,3.27,8
AIR101106,2025-07-15,Karnataka,Karnataka City 3,4G,Prepaid,3.1,18.72,224,3.25,9
AIR101107,2025-08-15,Tamil Nadu,Tamil Nadu City 2,4G,Broadband,2.4,17.42,142,2.68,-20
AIR101108,2025-09-15,Telangana,Telangana City 2,4G,Prepaid,1.5,9.69,341,3.93,45
AIR101109,2025-10-15,Telangana,Telangana City 3,4G,Prepaid,2.5,20.91,99,3.62,21
AIR101110,2025-11-15,Karnataka,Karnataka City 1,4G,Broadband,1.9,27.49,574,3.17,13
AIR101111,2025-12-15,Telangana,Telangana City 2,4G,Prepaid,3,6.83,552,3.27,0
AIR101112,2025-02-15,West Bengal,West Bengal City 2,4G,Prepaid,0.5,2.55,382,3.46,11
AIR101113,2025-03-15,Tamil Nadu,Tamil Nadu City 2,4G,Prepaid,4.2,18.26,457,2.85,-1
AIR101114,2025-04-15,Rajasthan,Rajasthan City 1,4G,Broadband,4.1,12.84,301,4.21,4
AIR101115,2025-05-15,Telangana,Telangana City 3,4G,Prepaid,1.6,5.32,360,3.92,24
AIR101116,2025-06-15,Maharashtra,Maharashtra City 2,5G,Postpaid,6,25.3,261,3.43,9
AIR101117,2025-07-15,West Bengal,West Bengal City 3,5G,Broadband,3.5,22.63,534,4.43,39
AIR101118,2025-08-15,Telangana,Telangana City 3,4G,Prepaid,3.5,18.37,370,3.98,31
AIR101119,2025-09-15,West Bengal,West Bengal City 1,5G,Broadband,1.1,59.37,666,3.59,30
AIR101120,2025-10-15,Gujarat,Gujarat City 1,4G,Prepaid,3.3,7.07,416,3.93,44
AIR101121,2025-11-15,Rajasthan,Rajasthan City 1,4G,Postpaid,0.9,11.85,252,3.25,-3
AIR101122,2025-12-15,Kerala,Kerala City 1,5G,Prepaid,6.3,19.72,430,4.68,42
AIR101123,2025-02-15,Maharashtra,Maharashtra City 1,4G,Postpaid,1,15.88,276,2.94,-5
AIR101124,2025-03-15,Maharashtra,Maharashtra City 1,5G,Prepaid,4.2,40.53,685,3.93,38
AIR101125,2025-04-15,Tamil Nadu,Tamil Nadu City 2,4G,Prepaid,1.7,17.47,294,3.24,3
AIR101126,2025-05-15,West Bengal,West Bengal City 3,4G,Broadband,5.6,13.79,78,3.24,3
AIR101127,2025-06-15,Karnataka,Karnataka City 1,4G,Prepaid,2.6,25.57,198,3.84,34
AIR101128,2025-07-15,Maharashtra,Maharashtra City 2,4G,Broadband,2.4,15.08,668,3.3,5
AIR101129,2025-08-15,West Bengal,West Bengal City 3,4G,Prepaid,0.6,18.3,332,3.69,14
AIR101130,2025-09-15,West Bengal,West Bengal City 1,4G,Prepaid,3.4,16.74,121,3.43,28
AIR101131,2025-10-15,Delhi,Delhi City 1,4G,Broadband,1.3,30.21,488,3.49,24
AIR101132,2025-11-15,Delhi,Delhi City 2,5G,Prepaid,5.3,19.94,444,3.97,30
AIR101133,2025-12-15,Kerala,Kerala City 3,5G,Broadband,2.7,25.82,564,3.92,19
AIR101134,2025-02-15,Gujarat,Gujarat City 1,4G,Postpaid,3.2,17.31,316,2.86,-6
AIR101135,2025-03-15,Kerala,Kerala City 3,4G,Prepaid,5.4,37.61,460,4.2,50
AIR101136,2025-04-15,Telangana,Telangana City 2,5G,Postpaid,0.4,15.29,101,4.45,38
AIR101137,2025-05-15,Karnataka,Karnataka City 1,4G,Prepaid,0.4,14.91,323,3.56,36
AIR101138,2025-06-15,Telangana,Telangana City 3,4G,Prepaid,5.2,23.37,647,3.27,11
AIR101139,2025-07-15,Uttar Pradesh,Uttar Pradesh City 2,4G,Postpaid,4.8,13.78,310,3.89,32
AIR101140,2025-08-15,Telangana,Telangana City 2,5G,Prepaid,4.9,40.23,145,4.35,53
AIR101141,2025-09-15,Tamil Nadu,Tamil Nadu City 1,4G,Prepaid,4.9,19.36,166,3.07,12
AIR101142,2025-10-15,Telangana,Telangana City 3,4G,Broadband,5.4,32.11,330,3.85,38
AIR101143,2025-11-15,Kerala,Kerala City 1,4G,Broadband,1.6,34.57,276,3.72,24
AIR101144,2025-12-15,Maharashtra,Maharashtra City 1,4G,Postpaid,3.1,2.81,254,3.34,18
AIR101145,2025-02-15,Maharashtra,Maharashtra City 3,4G,Postpaid,5.6,21.55,485,2.96,-4
AIR101146,2025-03-15,Delhi,Delhi City 3,4G,Postpaid,6,9.27,223,3.77,24
AIR101147,2025-04-15,Karnataka,Karnataka City 3,4G,Postpaid,2,16.4,587,3.53,23
AIR101148,2025-05-15,Karnataka,Karnataka City 2,4G,Prepaid,4.1,16.52,284,4.31,49
AIR101149,2025-06-15,Tamil Nadu,Tamil Nadu City 2,4G,Enterprise,1.2,27.68,358,3.6,6
AIR101150,2025-07-15,Kerala,Kerala City 3,5G,Prepaid,6.3,35.18,492,3.91,37
AIR101151,2025-08-15,Delhi,Delhi City 2,5G,Postpaid,0.9,42.57,410,3.95,40
AIR101152,2025-09-15,Uttar Pradesh,Uttar Pradesh City 1,4G,Broadband,4.5,14.04,641,3.32,23
AIR101153,2025-10-15,Karnataka,Karnataka City 3,4G,Postpaid,3.7,37.26,377,4.09,48
AIR101154,2025-11-15,Maharashtra,Maharashtra City 1,4G,Broadband,2.2,9.54,108,3.6,24
AIR101155,2025-12-15,Telangana,Telangana City 3,4G,Prepaid,1.3,29.58,183,3.21,7
AIR101156,2025-02-15,Telangana,Telangana City 1,5G,Prepaid,1.2,37.39,782,3.93,29
AIR101157,2025-03-15,Delhi,Delhi City 3,4G,Broadband,0.4,7.89,338,3.01,16
AIR101158,2025-04-15,Kerala,Kerala City 1,4G,Prepaid,4.4,9.12,691,2.61,-5
AIR101159,2025-05-15,Kerala,Kerala City 3,5G,Postpaid,4.8,53.8,52,3.74,24
AIR101160,2025-06-15,Gujarat,Gujarat City 3,5G,Prepaid,4,34.8,647,3.79,43
AIR101161,2025-07-15,Rajasthan,Rajasthan City 2,4G,Postpaid,3.4,18.25,633,3,-19
AIR101162,2025-08-15,Karnataka,Karnataka City 1,4G,Postpaid,1.4,24.23,61,3.33,24
AIR101163,2025-09-15,Kerala,Kerala City 2,4G,Prepaid,4.7,19.21,453,3.33,-2
AIR101164,2025-10-15,Maharashtra,Maharashtra City 1,5G,Postpaid,6.2,34.49,239,4.73,46
AIR101165,2025-11-15,Delhi,Delhi City 2,5G,Postpaid,3.2,13.43,522,3.64,3
AIR101166,2025-12-15,Uttar Pradesh,Uttar Pradesh City 3,4G,Prepaid,3,13.57,347,2.86,11
AIR101167,2025-02-15,Gujarat,Gujarat City 2,4G,Postpaid,4.6,14.53,20,3.49,8
AIR101168,2025-03-15,West Bengal,West Bengal City 2,4G,Postpaid,0.7,20.55,387,3.8,36
AIR101169,2025-04-15,Tamil Nadu,Tamil Nadu City 3,4G,Prepaid,5.1,14.82,63,3.39,8
AIR101170,2025-05-15,Uttar Pradesh,Uttar Pradesh City 2,4G,Postpaid,3.5,5.75,267,3.71,37
AIR101171,2025-06-15,West Bengal,West Bengal City 3,4G,Prepaid,4.8,22.7,420,3.63,24
AIR101172,2025-07-15,Telangana,Telangana City 1,4G,Prepaid,6.3,18.55,447,3.59,27
AIR101173,2025-08-15,Tamil Nadu,Tamil Nadu City 2,5G,Postpaid,0.7,48.98,344,4.11,20
AIR101174,2025-09-15,Karnataka,Karnataka City 3,4G,Postpaid,4.8,25.9,569,3.84,16
AIR101175,2025-10-15,Maharashtra,Maharashtra City 3,4G,Broadband,1.1,41.33,474,3.36,0
AIR101176,2025-11-15,Tamil Nadu,Tamil Nadu City 2,4G,Prepaid,3.4,18.11,315,3.04,3
AIR101177,2025-12-15,Rajasthan,Rajasthan City 1,5G,Prepaid,5.5,13.05,679,3.71,23
AIR101178,2025-02-15,West Bengal,West Bengal City 2,4G,Prepaid,0.7,23.23,450,3.97,23
AIR101179,2025-03-15,Karnataka,Karnataka City 3,5G,Postpaid,5.1,44.98,235,3.88,37
AIR101180,2025-04-15,Rajasthan,Rajasthan City 1,4G,Prepaid,6.3,10.47,167,2.98,8
AIR101181,2025-05-15,Telangana,Telangana City 2,5G,Postpaid,6.1,23.65,557,4.35,54
AIR101182,2025-06-15,Rajasthan,Rajasthan City 3,5G,Prepaid,6.4,42.02,321,3.75,29
AIR101183,2025-07-15,Gujarat,Gujarat City 2,4G,Broadband,4.4,24.93,291,2.86,-11
AIR101184,2025-08-15,Gujarat,Gujarat City 1,5G,Postpaid,6,18.98,540,3.81,23
AIR101185,2025-09-15,Delhi,Delhi City 1,4G,Broadband,3.5,3.71,547,2.95,2
AIR101186,2025-10-15,Uttar Pradesh,Uttar Pradesh City 1,4G,Prepaid,2.4,21.9,340,3.8,30
AIR101187,2025-11-15,Uttar Pradesh,Uttar Pradesh City 1,4G,Postpaid,2.1,4.03,373,3.39,23
AIR101188,2025-12-15,Karnataka,Karnataka City 1,4G,Postpaid,5,32.42,512,3.83,44
AIR101189,2025-02-15,Telangana,Telangana City 2,5G,Postpaid,4.1,25.22,535,3.61,11
AIR101190,2025-03-15,Kerala,Kerala City 1,5G,Prepaid,0.6,47.49,695,3.81,26
AIR101191,2025-04-15,Gujarat,Gujarat City 1,4G,Enterprise,1.8,12.51,210,2.86,0
AIR101192,2025-05-15,Karnataka,Karnataka City 3,4G,Prepaid,2.3,12.39,455,2.45,-6
AIR101193,2025-06-15,Kerala,Kerala City 1,4G,Prepaid,1.6,16.05,610,3.36,21
AIR101194,2025-07-15,Uttar Pradesh,Uttar Pradesh City 3,4G,Postpaid,3.5,16.48,313,3.7,18
AIR101195,2025-08-15,Delhi,Delhi City 3,4G,Postpaid,2,7.51,548,3.39,18
AIR101196,2025-09-15,Rajasthan,Rajasthan City 3,5G,Postpaid,2.9,29.25,149,3.3,7
AIR101197,2025-10-15,Gujarat,Gujarat City 2,4G,Prepaid,4.9,18.57,111,3.86,35
AIR101198,2025-11-15,Karnataka,Karnataka City 2,4G,Prepaid,3.6,27.55,505,3.57,11
AIR101199,2025-12-15,Tamil Nadu,Tamil Nadu City 3,5G,Postpaid,4.3,42.6,277,3.55,15
AIR101200,2025-02-15,Kerala,Kerala City 2,4G,Prepaid,3.4,9.28,564,2.92,-1
AIR101201,2025-03-15,Rajasthan,Rajasthan City 1,4G,Broadband,2.7,34.04,308,2.98,-1
AIR101202,2025-04-15,Gujarat,Gujarat City 2,4G,Broadband,1.8,15.31,719,3.07,21
AIR101203,2025-05-15,Uttar Pradesh,Uttar Pradesh City 1,4G,Postpaid,4.6,17.74,261,3.76,33
AIR101204,2025-06-15,Telangana,Telangana City 1,5G,Prepaid,3,7.45,206,3.68,23
AIR101205,2025-07-15,Kerala,Kerala City 2,4G,Broadband,4.9,16.14,452,4,32
AIR101206,2025-08-15,Uttar Pradesh,Uttar Pradesh City 2,4G,Prepaid,2.4,30.77,374,3.29,0
AIR101207,2025-09-15,Gujarat,Gujarat City 3,4G,Prepaid,4.5,19.02,300,3.18,-9
AIR101208,2025-10-15,Kerala,Kerala City 2,4G,Prepaid,3.3,17.17,247,3.75,37
AIR101209,2025-11-15,Rajasthan,Rajasthan City 2,5G,Prepaid,2.6,57.57,506,4.49,56
AIR101210,2025-12-15,Gujarat,Gujarat City 2,5G,Broadband,1.4,46.52,480,4.05,26
AIR101211,2025-02-15,West Bengal,West Bengal City 1,5G,Postpaid,5.8,34.67,368,4.08,30
AIR101212,2025-03-15,Karnataka,Karnataka City 1,4G,Enterprise,2.9,24.63,461,3.9,21
AIR101213,2025-04-15,Rajasthan,Rajasthan City 1,4G,Prepaid,4.6,24.44,448,3.54,14
AIR101214,2025-05-15,Kerala,Kerala City 3,4G,Postpaid,5,31.14,227,3.78,32
AIR101215,2025-06-15,Telangana,Telangana City 3,4G,Enterprise,1,23.46,225,3.98,37
AIR101216,2025-07-15,Uttar Pradesh,Uttar Pradesh City 3,4G,Broadband,3.5,12.62,111,2.67,-2
AIR101217,2025-08-15,Tamil Nadu,Tamil Nadu City 1,4G,Postpaid,5.7,4.06,538,3.87,17
AIR101218,2025-09-15,Uttar Pradesh,Uttar Pradesh City 2,5G,Prepaid,6.3,51.24,544,4.11,43
AIR101219,2025-10-15,Kerala,Kerala City 3,4G,Postpaid,3.3,25.29,458,3.4,11
AIR101220,2025-11-15,Uttar Pradesh,Uttar Pradesh City 3,4G,Prepaid,6.3,18.88,396,4.19,42
AIR101221,2025-12-15,Karnataka,Karnataka City 1,4G,Postpaid,5.4,31.89,443,4.11,37
AIR101222,2025-02-15,Gujarat,Gujarat City 3,4G,Postpaid,1.8,10.77,499,3.68,21
AIR101223,2025-03-15,Tamil Nadu,Tamil Nadu City 2,4G,Postpaid,4,21.12,592,3.73,25
AIR101224,2025-04-15,Maharashtra,Maharashtra City 1,4G,Postpaid,3.6,1,353,3.69,37
AIR101225,2025-05-15,Kerala,Kerala City 1,4G,Postpaid,1.1,1,501,2.97,-5
AIR101226,2025-06-15,Delhi,Delhi City 2,4G,Prepaid,3.7,24.25,505,3.19,3
AIR101227,2025-07-15,Maharashtra,Maharashtra City 2,5G,Postpaid,2.3,35.65,450,4.31,66
AIR101228,2025-08-15,Uttar Pradesh,Uttar Pradesh City 2,4G,Postpaid,3.1,1,196,4.07,28
AIR101229,2025-09-15,Kerala,Kerala City 3,5G,Prepaid,1.8,21.15,438,3.85,37
AIR101230,2025-10-15,West Bengal,West Bengal City 2,4G,Prepaid,2.1,14.29,548,3.62,26
AIR101231,2025-11-15,Delhi,Delhi City 1,4G,Prepaid,6.2,10.04,666,3.32,25
AIR101232,2025-12-15,Tamil Nadu,Tamil Nadu City 2,5G,Prepaid,2,19.57,526,4.68,51
AIR101233,2025-02-15,Telangana,Telangana City 1,4G,Enterprise,3.3,27.64,192,4.1,38
AIR101234,2025-03-15,West Bengal,West Bengal City 1,4G,Prepaid,0.6,19.49,118,3.37,8
AIR101235,2025-04-15,Maharashtra,Maharashtra City 3,5G,Postpaid,4,31.65,475,3.95,38
AIR101236,2025-05-15,Gujarat,Gujarat City 2,4G,Postpaid,4.9,1,246,3.27,14
AIR101237,2025-06-15,Karnataka,Karnataka City 3,4G,Prepaid,5.1,23.12,472,3.71,35
AIR101238,2025-07-15,Telangana,Telangana City 2,4G,Broadband,1.4,31.49,516,3.41,17
AIR101239,2025-08-15,West Bengal,West Bengal City 2,5G,Prepaid,0.7,39.7,303,4.11,41
AIR101240,2025-09-15,Gujarat,Gujarat City 2,5G,Broadband,5.1,37.6,539,3.88,50
AIR101241,2025-10-15,Gujarat,Gujarat City 2,4G,Prepaid,2.7,26.94,286,3.55,31
AIR101242,2025-11-15,Kerala,Kerala City 2,4G,Prepaid,4.3,11.54,580,4.47,55
AIR101243,2025-12-15,West Bengal,West Bengal City 1,4G,Prepaid,2.6,15.11,386,3.2,-5
AIR101244,2025-02-15,Tamil Nadu,Tamil Nadu City 1,4G,Prepaid,4.3,24.99,114,3.43,34
AIR101245,2025-03-15,Uttar Pradesh,Uttar Pradesh City 2,4G,Broadband,4.5,25.88,519,3.12,6
AIR101246,2025-04-15,Delhi,Delhi City 1,4G,Prepaid,1.6,19.71,58,3.48,31
AIR101247,2025-05-15,Delhi,Delhi City 3,4G,Postpaid,4.7,11.1,785,3.66,42
AIR101248,2025-06-15,Maharashtra,Maharashtra City 3,4G,Prepaid,5.4,25.31,522,3.64,42
AIR101249,2025-07-15,Maharashtra,Maharashtra City 3,5G,Broadband,2.1,1,20,3.41,24
AIR101250,2025-08-15,Delhi,Delhi City 2,4G,Postpaid,4.8,28.63,301,3.32,-10
AIR101251,2025-09-15,Tamil Nadu,Tamil Nadu City 2,4G,Postpaid,6.4,18.95,300,3.32,8
AIR101252,2025-10-15,Karnataka,Karnataka City 1,4G,Prepaid,3.8,22.94,520,3.68,20
AIR101253,2025-11-15,Rajasthan,Rajasthan City 1,5G,Postpaid,3.6,15.74,542,3.76,45
AIR101254,2025-12-15,Uttar Pradesh,Uttar Pradesh City 1,5G,Prepaid,5.8,29.86,479,4.1,45
AIR101255,2025-02-15,Karnataka,Karnataka City 3,5G,Prepaid,2.7,36.17,353,3.98,24
AIR101256,2025-03-15,Kerala,Kerala City 3,4G,Postpaid,4.7,5.85,585,2.83,-7
AIR101257,2025-04-15,Rajasthan,Rajasthan City 3,5G,Enterprise,4.6,24.96,96,3.22,28
AIR101258,2025-05-15,Rajasthan,Rajasthan City 3,4G,Broadband,1.8,3.33,330,4.25,40
AIR101259,2025-06-15,West Bengal,West Bengal City 1,4G,Postpaid,5.6,10.62,246,3.99,35
AIR101260,2025-07-15,Tamil Nadu,Tamil Nadu City 2,4G,Postpaid,4.2,5.21,763,3.72,19
AIR101261,2025-08-15,Tamil Nadu,Tamil Nadu City 2,5G,Enterprise,1.5,44.43,582,4.21,56
AIR101262,2025-09-15,Rajasthan,Rajasthan City 3,5G,Postpaid,2.5,41.37,421,4.29,54
AIR101263,2025-10-15,West Bengal,West Bengal City 2,5G,Prepaid,6.6,20.61,413,4.01,45
AIR101264,2025-11-15,Uttar Pradesh,Uttar Pradesh City 2,5G,Broadband,3.7,42.89,535,3.38,-4
AIR101265,2025-12-15,Rajasthan,Rajasthan City 2,4G,Prepaid,5.7,10.31,212,3.51,16
AIR101266,2025-02-15,Telangana,Telangana City 3,4G,Prepaid,4.5,22.01,352,3.46,16
AIR101267,2025-03-15,Maharashtra,Maharashtra City 1,4G,Postpaid,5.1,24.02,236,2.89,0
AIR101268,2025-04-15,Maharashtra,Maharashtra City 1,5G,Prepaid,0.6,46.21,414,3.45,8
AIR101269,2025-05-15,Karnataka,Karnataka City 2,4G,Prepaid,2,17.61,396,2.98,0
AIR101270,2025-06-15,Kerala,Kerala City 1,5G,Prepaid,3.4,30.57,542,4.08,36
AIR101271,2025-07-15,Maharashtra,Maharashtra City 1,4G,Postpaid,1.4,29.13,333,3.02,-4
AIR101272,2025-08-15,Gujarat,Gujarat City 3,4G,Enterprise,5.1,1,499,3.19,-27
AIR101273,2025-09-15,Karnataka,Karnataka City 3,4G,Prepaid,1.2,28.99,539,3.35,14
AIR101274,2025-10-15,Maharashtra,Maharashtra City 2,4G,Prepaid,3,4.54,542,3.62,15
AIR101275,2025-11-15,Kerala,Kerala City 2,5G,Prepaid,6.1,44,647,3.8,29
AIR101276,2025-12-15,Tamil Nadu,Tamil Nadu City 2,4G,Postpaid,4.8,8.67,372,3.11,11
AIR101277,2025-02-15,Tamil Nadu,Tamil Nadu City 3,4G,Postpaid,2.1,21.2,212,3.55,1
AIR101278,2025-03-15,Uttar Pradesh,Uttar Pradesh City 1,4G,Postpaid,3.6,17.43,239,3.46,20
AIR101279,2025-04-15,Rajasthan,Rajasthan City 3,4G,Prepaid,5.4,1.4,318,3,-3
AIR101280,2025-05-15,Telangana,Telangana City 3,4G,Postpaid,2.1,12.73,20,2.55,-18
AIR101281,2025-06-15,Tamil Nadu,Tamil Nadu City 1,4G,Postpaid,6.2,20.77,432,2.9,-5
AIR101282,2025-07-15,West Bengal,West Bengal City 1,5G,Prepaid,5.6,31.46,351,3.88,42
AIR101283,2025-08-15,Maharashtra,Maharashtra City 2,4G,Prepaid,4,22.5,587,3.67,27
AIR101284,2025-09-15,West Bengal,West Bengal City 1,4G,Prepaid,5.8,6.51,411,3.53,39
AIR101285,2025-10-15,Kerala,Kerala City 1,4G,Enterprise,5.9,23.14,105,3.68,29
AIR101286,2025-11-15,Tamil Nadu,Tamil Nadu City 1,4G,Broadband,3.2,20.45,543,3.3,-14
AIR101287,2025-12-15,Telangana,Telangana City 1,4G,Postpaid,6,26.28,434,2.71,1
AIR101288,2025-02-15,Kerala,Kerala City 2,4G,Broadband,0.4,34.47,224,3.06,-6
AIR101289,2025-03-15,Gujarat,Gujarat City 2,4G,Postpaid,4.5,5.12,292,2.88,-10
AIR101290,2025-04-15,Gujarat,Gujarat City 1,4G,Broadband,5.2,14.48,393,4.14,41
AIR101291,2025-05-15,West Bengal,West Bengal City 1,4G,Prepaid,2,16.37,192,3.6,32
AIR101292,2025-06-15,Rajasthan,Rajasthan City 2,5G,Postpaid,5.4,7.4,389,3.92,35
AIR101293,2025-07-15,Karnataka,Karnataka City 2,5G,Postpaid,2.7,55.28,369,3.24,24
AIR101294,2025-08-15,Rajasthan,Rajasthan City 1,4G,Postpaid,4.1,22.78,252,3.42,12
AIR101295,2025-09-15,Uttar Pradesh,Uttar Pradesh City 3,4G,Prepaid,3.7,6.51,693,2.98,-9
AIR101296,2025-10-15,Rajasthan,Rajasthan City 2,4G,Prepaid,6.3,10.59,133,3.42,18
AIR101297,2025-11-15,Uttar Pradesh,Uttar Pradesh City 2,4G,Prepaid,5.2,18.13,634,3.39,13
AIR101298,2025-12-15,Uttar Pradesh,Uttar Pradesh City 2,5G,Prepaid,2.7,20.11,423,3.93,36
AIR101299,2025-02-15,Telangana,Telangana City 1,5G,Prepaid,4,31.82,480,3.74,42
AIR101300,2025-03-15,Tamil Nadu,Tamil Nadu City 1,4G,Postpaid,5.2,26.63,478,3.81,22
AIR101301,2025-04-15,Telangana,Telangana City 2,4G,Broadband,6,11.71,48,3.83,22
AIR101302,2025-05-15,Uttar Pradesh,Uttar Pradesh City 1,4G,Postpaid,5.2,22.32,309,3.6,36
AIR101303,2025-06-15,Kerala,Kerala City 1,4G,Broadband,4.7,23.62,357,3.88,45
AIR101304,2025-07-15,Gujarat,Gujarat City 2,5G,Broadband,5,38.06,373,3.63,13
AIR101305,2025-08-15,Uttar Pradesh,Uttar Pradesh City 1,4G,Prepaid,3.1,25.25,478,3.7,11
AIR101306,2025-09-15,Telangana,Telangana City 3,4G,Prepaid,1.9,19.1,691,3.83,23
AIR101307,2025-10-15,Kerala,Kerala City 1,4G,Prepaid,6.1,15.65,390,4.31,30
AIR101308,2025-11-15,Telangana,Telangana City 1,4G,Broadband,2.5,15.02,569,3.39,2
AIR101309,2025-12-15,Rajasthan,Rajasthan City 2,4G,Prepaid,1.1,13.46,282,3.76,32
AIR101310,2025-02-15,Maharashtra,Maharashtra City 2,4G,Postpaid,3.3,15.06,671,3.54,20
AIR101311,2025-03-15,West Bengal,West Bengal City 3,4G,Prepaid,1.7,16.62,541,3.64,19
AIR101312,2025-04-15,Karnataka,Karnataka City 1,5G,Broadband,1.6,29.84,451,4.13,48
AIR101313,2025-05-15,Telangana,Telangana City 3,5G,Prepaid,6.2,22.05,386,3.96,28
AIR101314,2025-06-15,Karnataka,Karnataka City 3,4G,Broadband,6,25.04,311,3.95,44
AIR101315,2025-07-15,Delhi,Delhi City 2,5G,Prepaid,1.5,13.88,472,3.76,3
AIR101316,2025-08-15,Telangana,Telangana City 1,4G,Prepaid,1,42.34,626,3.36,-1
AIR101317,2025-09-15,Maharashtra,Maharashtra City 2,5G,Postpaid,5.6,10.87,363,3.39,35
AIR101318,2025-10-15,Karnataka,Karnataka City 3,5G,Enterprise,3.7,29.08,261,4.09,33
AIR101319,2025-11-15,Uttar Pradesh,Uttar Pradesh City 3,4G,Postpaid,2.3,23.59,598,3.45,-5
AIR101320,2025-12-15,Telangana,Telangana City 2,5G,Broadband,2.2,25.54,20,3.78,51
AIR101321,2025-02-15,Tamil Nadu,Tamil Nadu City 2,4G,Postpaid,2.2,20.35,610,3.89,46
AIR101322,2025-03-15,West Bengal,West Bengal City 2,4G,Postpaid,5.6,11.85,506,3.94,44
AIR101323,2025-04-15,Maharashtra,Maharashtra City 2,4G,Prepaid,0.7,7.68,436,3.02,19
AIR101324,2025-05-15,Karnataka,Karnataka City 2,5G,Prepaid,5.4,39.72,692,4.16,20
AIR101325,2025-06-15,Maharashtra,Maharashtra City 3,5G,Prepaid,5.8,11.89,289,4.25,49
AIR101326,2025-07-15,Kerala,Kerala City 2,4G,Enterprise,5.8,14.77,110,3.89,39
AIR101327,2025-08-15,West Bengal,West Bengal City 1,4G,Enterprise,4.3,20.48,395,3.97,32
AIR101328,2025-09-15,Uttar Pradesh,Uttar Pradesh City 3,4G,Postpaid,5.3,20.93,509,3.37,5
AIR101329,2025-10-15,Telangana,Telangana City 3,5G,Prepaid,4.4,35.95,565,3.39,28
AIR101330,2025-11-15,Telangana,Telangana City 1,4G,Prepaid,6.6,1,254,3.6,28
AIR101331,2025-12-15,Telangana,Telangana City 1,5G,Enterprise,2.5,10.66,20,4.04,54
AIR101332,2025-02-15,West Bengal,West Bengal City 3,4G,Prepaid,2.3,31.04,369,3.56,31
AIR101333,2025-03-15,Tamil Nadu,Tamil Nadu City 2,4G,Broadband,4.8,14.85,404,3.48,39
AIR101334,2025-04-15,Delhi,Delhi City 3,4G,Prepaid,0.4,14.17,554,3.52,17
AIR101335,2025-05-15,Gujarat,Gujarat City 3,5G,Prepaid,4,41.16,355,3.85,27
AIR101336,2025-06-15,Rajasthan,Rajasthan City 1,4G,Broadband,2.5,27.39,47,3.36,13
AIR101337,2025-07-15,Karnataka,Karnataka City 3,5G,Prepaid,5.2,35.69,369,4.11,53
AIR101338,2025-08-15,Tamil Nadu,Tamil Nadu City 2,4G,Prepaid,2.1,16.98,398,2.59,-18
AIR101339,2025-09-15,Uttar Pradesh,Uttar Pradesh City 1,4G,Enterprise,5.8,27.58,693,3.79,36
AIR101340,2025-10-15,Karnataka,Karnataka City 3,5G,Postpaid,1.4,35.94,400,3.64,44
AIR101341,2025-11-15,Telangana,Telangana City 3,5G,Postpaid,5.7,38.74,717,4.33,61
AIR101342,2025-12-15,Maharashtra,Maharashtra City 2,5G,Postpaid,4.4,50.9,124,4.22,42
AIR101343,2025-02-15,Uttar Pradesh,Uttar Pradesh City 3,4G,Prepaid,0.5,27.8,374,3.62,14
AIR101344,2025-03-15,Karnataka,Karnataka City 3,4G,Prepaid,3.5,29.28,542,3.12,9
AIR101345,2025-04-15,Telangana,Telangana City 3,4G,Postpaid,1.8,32.54,353,3.2,3
AIR101346,2025-05-15,Karnataka,Karnataka City 3,4G,Prepaid,2.4,34.94,220,3.58,-1
AIR101347,2025-06-15,Maharashtra,Maharashtra City 2,5G,Prepaid,3,24.77,538,4.2,42
AIR101348,2025-07-15,Telangana,Telangana City 3,4G,Postpaid,1.9,30.32,451,3.69,20
AIR101349,2025-08-15,Delhi,Delhi City 3,4G,Prepaid,2.3,32.57,502,2.99,-7
AIR101350,2025-09-15,Tamil Nadu,Tamil Nadu City 3,4G,Postpaid,5.6,17.21,446,4.11,40
AIR101351,2025-10-15,Kerala,Kerala City 1,4G,Prepaid,4.5,7.08,470,3.18,-3
AIR101352,2025-11-15,Rajasthan,Rajasthan City 2,4G,Prepaid,4.6,12.16,854,3.3,12
AIR101353,2025-12-15,West Bengal,West Bengal City 1,4G,Prepaid,6.9,18.68,191,3.49,25
AIR101354,2025-02-15,Rajasthan,Rajasthan City 1,4G,Broadband,0.2,16.45,613,3.73,23
AIR101355,2025-03-15,Uttar Pradesh,Uttar Pradesh City 2,4G,Prepaid,6.2,11.11,553,3.92,32
AIR101356,2025-04-15,Rajasthan,Rajasthan City 1,5G,Postpaid,4.9,32.7,20,3.61,25
AIR101357,2025-05-15,Telangana,Telangana City 1,4G,Postpaid,0.7,21.9,515,3.26,11
AIR101358,2025-06-15,Delhi,Delhi City 1,4G,Prepaid,3.3,21.38,447,3.9,26
AIR101359,2025-07-15,Kerala,Kerala City 2,5G,Postpaid,4.3,21.1,277,3.6,25
AIR101360,2025-08-15,Tamil Nadu,Tamil Nadu City 3,5G,Broadband,6.5,47.21,382,4.18,43
AIR101361,2025-09-15,Tamil Nadu,Tamil Nadu City 2,5G,Postpaid,4.8,42.84,406,4.31,48
AIR101362,2025-10-15,Maharashtra,Maharashtra City 2,5G,Prepaid,4,33.35,321,3.52,16
AIR101363,2025-11-15,West Bengal,West Bengal City 2,4G,Postpaid,6.8,11.72,334,3.4,19
AIR101364,2025-12-15,Karnataka,Karnataka City 1,5G,Postpaid,4.8,36.8,518,3.68,22
AIR101365,2025-02-15,Delhi,Delhi City 3,4G,Prepaid,5.5,47.71,369,4.01,47
AIR101366,2025-03-15,Karnataka,Karnataka City 2,4G,Prepaid,5.6,6.47,272,3.91,41
AIR101367,2025-04-15,Kerala,Kerala City 2,5G,Prepaid,3,7.39,486,3.97,37
AIR101368,2025-05-15,Rajasthan,Rajasthan City 3,4G,Prepaid,2.5,12.98,502,3.31,0
AIR101369,2025-06-15,Tamil Nadu,Tamil Nadu City 3,5G,Prepaid,3.2,37.17,566,3.5,15
AIR101370,2025-07-15,Kerala,Kerala City 3,5G,Postpaid,4.1,30.36,619,3.61,15
AIR101371,2025-08-15,Rajasthan,Rajasthan City 1,4G,Prepaid,2.5,4.35,438,3.19,23
AIR101372,2025-09-15,Tamil Nadu,Tamil Nadu City 3,5G,Broadband,3.3,40.58,290,4,24
AIR101373,2025-10-15,Rajasthan,Rajasthan City 1,4G,Postpaid,4.4,12.37,336,3.52,30
AIR101374,2025-11-15,West Bengal,West Bengal City 2,4G,Broadband,2.6,11.31,311,3.67,23
AIR101375,2025-12-15,Delhi,Delhi City 1,5G,Postpaid,5.7,42.25,474,3.55,35
AIR101376,2025-02-15,Uttar Pradesh,Uttar Pradesh City 3,4G,Prepaid,5.6,16.05,611,4.41,68
AIR101377,2025-03-15,Kerala,Kerala City 1,5G,Postpaid,3.4,23,581,4.91,84
AIR101378,2025-04-15,Kerala,Kerala City 3,4G,Broadband,0.8,2.6,252,2.95,-5
AIR101379,2025-05-15,Gujarat,Gujarat City 1,4G,Prepaid,4.9,29.74,64,3.52,24
AIR101380,2025-06-15,Telangana,Telangana City 2,5G,Prepaid,5.7,19.92,293,3.38,13
AIR101381,2025-07-15,West Bengal,West Bengal City 1,4G,Prepaid,2.2,17.41,435,3.62,15
AIR101382,2025-08-15,West Bengal,West Bengal City 2,4G,Prepaid,1.4,7.86,504,3.41,3
AIR101383,2025-09-15,Karnataka,Karnataka City 3,4G,Prepaid,0.9,21.08,304,3.23,25
AIR101384,2025-10-15,Rajasthan,Rajasthan City 2,5G,Prepaid,1.8,44.48,390,4.11,24
AIR101385,2025-11-15,Telangana,Telangana City 3,4G,Prepaid,5.5,24.25,192,3.96,32
AIR101386,2025-12-15,Delhi,Delhi City 3,5G,Postpaid,6,25.7,644,3.98,25
AIR101387,2025-02-15,Delhi,Delhi City 2,4G,Prepaid,3.4,20.72,616,3.42,15
AIR101388,2025-03-15,West Bengal,West Bengal City 2,4G,Postpaid,4.1,32.43,208,3.49,9
AIR101389,2025-04-15,Delhi,Delhi City 1,5G,Postpaid,3.4,25.05,579,3.84,18
AIR101390,2025-05-15,Gujarat,Gujarat City 1,4G,Postpaid,4.9,32.27,318,4.02,55
AIR101391,2025-06-15,Kerala,Kerala City 2,4G,Prepaid,3.8,17.16,308,3.19,8
AIR101392,2025-07-15,Maharashtra,Maharashtra City 2,5G,Postpaid,4,51.97,275,3.82,24
AIR101393,2025-08-15,Uttar Pradesh,Uttar Pradesh City 2,5G,Prepaid,6.4,37.62,340,3.88,30
AIR101394,2025-09-15,Karnataka,Karnataka City 2,4G,Prepaid,1.2,16.84,442,3.71,37
AIR101395,2025-10-15,Rajasthan,Rajasthan City 3,4G,Postpaid,6.1,13.77,566,2.75,5
AIR101396,2025-11-15,Uttar Pradesh,Uttar Pradesh City 2,5G,Prepaid,3.4,71.71,181,4.62,60
AIR101397,2025-12-15,Rajasthan,Rajasthan City 2,5G,Prepaid,4.6,39.51,305,3.64,-5
AIR101398,2025-02-15,Tamil Nadu,Tamil Nadu City 2,5G,Prepaid,4,61.91,500,4.45,65
AIR101399,2025-03-15,Uttar Pradesh,Uttar Pradesh City 2,4G,Prepaid,4.5,11.35,231,3.81,34
AIR101400,2025-04-15,Maharashtra,Maharashtra City 3,5G,Prepaid,2.9,39.13,731,4.53,59
AIR101401,2025-05-15,West Bengal,West Bengal City 1,4G,Enterprise,3,24.03,633,3.63,38
AIR101402,2025-06-15,Gujarat,Gujarat City 1,4G,Prepaid,3.8,28.33,537,3.34,7
AIR101403,2025-07-15,Kerala,Kerala City 1,4G,Postpaid,4.7,22.11,325,3.19,2
AIR101404,2025-08-15,Kerala,Kerala City 1,4G,Postpaid,3.9,6.01,373,3.44,25
AIR101405,2025-09-15,Gujarat,Gujarat City 1,4G,Postpaid,2.3,21.63,150,4.03,37
AIR101406,2025-10-15,Telangana,Telangana City 3,4G,Broadband,5.6,37.08,569,3.42,16
AIR101407,2025-11-15,Tamil Nadu,Tamil Nadu City 1,4G,Broadband,3,9.27,383,3.78,26
AIR101408,2025-12-15,Rajasthan,Rajasthan City 3,5G,Postpaid,2.5,63.63,477,3.84,9
AIR101409,2025-02-15,Maharashtra,Maharashtra City 3,4G,Enterprise,5.8,23.5,644,3.55,20
AIR101410,2025-03-15,Delhi,Delhi City 1,4G,Prepaid,3.1,20.86,246,3.74,36
AIR101411,2025-04-15,Uttar Pradesh,Uttar Pradesh City 1,4G,Postpaid,5.8,28.67,110,3.25,-16
AIR101412,2025-05-15,Tamil Nadu,Tamil Nadu City 1,4G,Broadband,2.8,41.36,514,3.46,17
AIR101413,2025-06-15,Uttar Pradesh,Uttar Pradesh City 2,4G,Postpaid,3.3,12.48,376,3.31,22
AIR101414,2025-07-15,Maharashtra,Maharashtra City 3,4G,Enterprise,3.2,20.9,321,3.42,7
AIR101415,2025-08-15,Karnataka,Karnataka City 1,5G,Prepaid,4.7,44.14,328,4.09,41
AIR101416,2025-09-15,Karnataka,Karnataka City 2,5G,Prepaid,5.6,15.6,614,3.45,7
AIR101417,2025-10-15,Tamil Nadu,Tamil Nadu City 3,5G,Enterprise,5,23.81,673,4.05,44
AIR101418,2025-11-15,West Bengal,West Bengal City 2,4G,Prepaid,0.9,13.09,554,3.6,25
AIR101419,2025-12-15,Maharashtra,Maharashtra City 2,4G,Postpaid,6.1,22.91,235,4.33,51
AIR101420,2025-02-15,Maharashtra,Maharashtra City 1,4G,Prepaid,4.8,32.84,199,3.4,17
AIR101421,2025-03-15,Gujarat,Gujarat City 3,5G,Postpaid,2.5,44.37,582,4.03,42
AIR101422,2025-04-15,West Bengal,West Bengal City 2,4G,Broadband,4.6,14.89,105,3.72,30
AIR101423,2025-05-15,Rajasthan,Rajasthan City 3,4G,Prepaid,2.1,9.69,246,3.4,12
AIR101424,2025-06-15,Rajasthan,Rajasthan City 1,4G,Prepaid,6.4,3.12,446,3.39,4
AIR101425,2025-07-15,Delhi,Delhi City 3,4G,Prepaid,3.2,19.31,186,3.57,19
AIR101426,2025-08-15,Kerala,Kerala City 2,5G,Broadband,4.6,29.6,500,4.67,75
AIR101427,2025-09-15,Karnataka,Karnataka City 2,5G,Postpaid,5.8,41.67,583,3.26,10
AIR101428,2025-10-15,Rajasthan,Rajasthan City 3,5G,Prepaid,6.7,19.68,613,4.12,43
AIR101429,2025-11-15,West Bengal,West Bengal City 2,4G,Prepaid,4.1,22.3,204,4.16,28
AIR101430,2025-12-15,Maharashtra,Maharashtra City 2,5G,Broadband,5.3,15.88,163,3.95,49
AIR101431,2025-02-15,Rajasthan,Rajasthan City 2,4G,Broadband,1.3,27.02,814,3.65,34
AIR101432,2025-03-15,Maharashtra,Maharashtra City 1,5G,Prepaid,4,44.43,393,3.94,45
AIR101433,2025-04-15,Rajasthan,Rajasthan City 1,4G,Prepaid,3.7,12.66,566,3.13,20
AIR101434,2025-05-15,Karnataka,Karnataka City 2,4G,Postpaid,2,14.31,588,3.33,-6
AIR101435,2025-06-15,Uttar Pradesh,Uttar Pradesh City 3,5G,Postpaid,3.6,45.46,550,3.99,43
AIR101436,2025-07-15,Rajasthan,Rajasthan City 1,4G,Enterprise,4.4,23.9,20,3.06,-8
AIR101437,2025-08-15,West Bengal,West Bengal City 3,5G,Postpaid,6.2,49.05,348,3.88,22
AIR101438,2025-09-15,Rajasthan,Rajasthan City 2,5G,Postpaid,1,16.45,482,3.85,35
AIR101439,2025-10-15,Kerala,Kerala City 2,4G,Postpaid,6,28.17,666,4.29,48
AIR101440,2025-11-15,Karnataka,Karnataka City 3,4G,Broadband,5.1,36.96,81,3.5,10
AIR101441,2025-12-15,West Bengal,West Bengal City 1,4G,Prepaid,4.9,17.83,358,4.02,42
AIR101442,2025-02-15,Gujarat,Gujarat City 3,5G,Prepaid,1.3,21.09,649,3.7,25
AIR101443,2025-03-15,West Bengal,West Bengal City 3,4G,Prepaid,2.2,10.62,299,3.51,18
AIR101444,2025-04-15,Kerala,Kerala City 2,4G,Broadband,2.2,19.26,235,3.43,21
AIR101445,2025-05-15,Uttar Pradesh,Uttar Pradesh City 1,4G,Postpaid,3.3,12.46,612,3.45,11
AIR101446,2025-06-15,Karnataka,Karnataka City 3,4G,Prepaid,3.9,32.83,487,4.07,41
AIR101447,2025-07-15,Gujarat,Gujarat City 1,5G,Postpaid,0.9,15.55,408,3.83,25
AIR101448,2025-08-15,Kerala,Kerala City 2,4G,Prepaid,3.9,8.18,586,3.07,-10
AIR101449,2025-09-15,Kerala,Kerala City 1,4G,Prepaid,3.6,20.45,600,3.34,1
AIR101450,2025-10-15,Tamil Nadu,Tamil Nadu City 2,5G,Prepaid,5.1,33.07,303,4.22,41
AIR101451,2025-11-15,Karnataka,Karnataka City 1,4G,Postpaid,3.4,16.61,511,3.81,35
AIR101452,2025-12-15,West Bengal,West Bengal City 3,4G,Postpaid,4.3,25.41,489,3.35,23
AIR101453,2025-02-15,Maharashtra,Maharashtra City 2,4G,Broadband,1.7,9.91,229,4.06,26
AIR101454,2025-03-15,Uttar Pradesh,Uttar Pradesh City 3,4G,Broadband,2,18.86,415,3.27,13
AIR101455,2025-04-15,Maharashtra,Maharashtra City 2,4G,Prepaid,3.2,11.9,319,3.12,8
AIR101456,2025-05-15,West Bengal,West Bengal City 1,5G,Postpaid,5,48.7,346,4.08,41
AIR101457,2025-06-15,West Bengal,West Bengal City 1,5G,Prepaid,4.8,29.73,73,3.99,45
AIR101458,2025-07-15,Karnataka,Karnataka City 2,5G,Prepaid,3.5,24.02,293,3.69,27
AIR101459,2025-08-15,West Bengal,West Bengal City 2,5G,Prepaid,1.8,51.14,647,3.41,24
AIR101460,2025-09-15,Tamil Nadu,Tamil Nadu City 2,4G,Prepaid,5,27.17,316,3.75,37
AIR101461,2025-10-15,Gujarat,Gujarat City 1,4G,Prepaid,5,15.56,500,2.81,-7
AIR101462,2025-11-15,West Bengal,West Bengal City 2,4G,Prepaid,6.7,31.96,532,3.23,18
AIR101463,2025-12-15,Maharashtra,Maharashtra City 2,5G,Postpaid,3.8,30.62,657,3.52,22
AIR101464,2025-02-15,West Bengal,West Bengal City 3,4G,Prepaid,4.5,20.43,539,3.18,12
AIR101465,2025-03-15,Tamil Nadu,Tamil Nadu City 2,4G,Postpaid,1.1,24.36,365,3.62,25
AIR101466,2025-04-15,Rajasthan,Rajasthan City 3,4G,Prepaid,5.8,27.42,207,3.69,5
AIR101467,2025-05-15,Rajasthan,Rajasthan City 3,4G,Prepaid,1.4,17.59,482,3.57,33
AIR101468,2025-06-15,Kerala,Kerala City 3,4G,Prepaid,1.1,7.31,325,3.95,34
AIR101469,2025-07-15,Uttar Pradesh,Uttar Pradesh City 1,5G,Prepaid,5.7,47.46,595,4.09,54
AIR101470,2025-08-15,Delhi,Delhi City 3,4G,Prepaid,4.2,21.85,182,3.91,38
AIR101471,2025-09-15,Gujarat,Gujarat City 2,5G,Postpaid,4.6,30.12,330,3.85,38
AIR101472,2025-10-15,Telangana,Telangana City 1,4G,Postpaid,5.4,8.61,643,3.38,5
AIR101473,2025-11-15,Kerala,Kerala City 1,5G,Prepaid,6.7,47.58,442,3.91,21
AIR101474,2025-12-15,Uttar Pradesh,Uttar Pradesh City 1,5G,Prepaid,3.7,27.6,351,4.35,37
AIR101475,2025-02-15,Rajasthan,Rajasthan City 1,5G,Broadband,3.3,64.02,421,4.45,53
AIR101476,2025-03-15,Maharashtra,Maharashtra City 1,4G,Prepaid,4,5.77,313,3.63,34
AIR101477,2025-04-15,Telangana,Telangana City 1,4G,Prepaid,1.1,9.53,198,3.83,51
AIR101478,2025-05-15,Uttar Pradesh,Uttar Pradesh City 1,4G,Postpaid,3.3,8.42,109,2.7,-8
AIR101479,2025-06-15,Uttar Pradesh,Uttar Pradesh City 3,4G,Postpaid,4.8,26.5,391,3.04,8
AIR101480,2025-07-15,Kerala,Kerala City 2,4G,Postpaid,4.4,23.3,464,3.57,21
AIR101481,2025-08-15,Telangana,Telangana City 2,5G,Postpaid,4.5,46.53,472,3.61,26
AIR101482,2025-09-15,Karnataka,Karnataka City 3,4G,Prepaid,6.3,1,713,2.99,3
AIR101483,2025-10-15,Delhi,Delhi City 3,4G,Prepaid,3.3,23.46,373,3.47,30
AIR101484,2025-11-15,Karnataka,Karnataka City 1,4G,Prepaid,5.1,22.11,454,4.25,45
AIR101485,2025-12-15,Telangana,Telangana City 1,5G,Postpaid,6.6,22.55,23,4.4,53
AIR101486,2025-02-15,Karnataka,Karnataka City 3,5G,Broadband,5.9,20.45,316,3.76,33
AIR101487,2025-03-15,Tamil Nadu,Tamil Nadu City 1,4G,Prepaid,3.8,19.3,358,4.1,35
AIR101488,2025-04-15,Rajasthan,Rajasthan City 2,4G,Prepaid,2.9,16.57,593,3.66,27
AIR101489,2025-05-15,Tamil Nadu,Tamil Nadu City 2,5G,Prepaid,4.6,16.41,470,3.81,37
AIR101490,2025-06-15,West Bengal,West Bengal City 1,5G,Prepaid,2,38.51,422,3.57,-6
AIR101491,2025-07-15,Karnataka,Karnataka City 1,4G,Prepaid,4.9,20.35,296,3.2,12
AIR101492,2025-08-15,West Bengal,West Bengal City 1,5G,Postpaid,3.9,15.39,361,3.29,13
AIR101493,2025-09-15,Maharashtra,Maharashtra City 2,5G,Enterprise,3.5,58.41,371,3.67,2
AIR101494,2025-10-15,Gujarat,Gujarat City 1,4G,Prepaid,5.6,15.35,467,2.76,-20
AIR101495,2025-11-15,Maharashtra,Maharashtra City 3,4G,Prepaid,2.6,1,632,3.59,14
AIR101496,2025-12-15,Telangana,Telangana City 1,4G,Prepaid,6.3,16.35,207,4.49,46
AIR101497,2025-02-15,Uttar Pradesh,Uttar Pradesh City 3,4G,Prepaid,4,5.61,481,3.16,6
AIR101498,2025-03-15,Rajasthan,Rajasthan City 1,4G,Prepaid,5.1,1,524,2.51,-13
AIR101499,2025-04-15,Karnataka,Karnataka City 1,4G,Postpaid,5.6,16.09,352,3.4,12
AIR101500,2025-05-15,Kerala,Kerala City 2,4G,Prepaid,4,14.43,315,3.62,12
AIR101501,2025-06-15,Gujarat,Gujarat City 3,4G,Enterprise,1.5,22.91,483,3.3,12
AIR101502,2025-07-15,Delhi,Delhi City 3,4G,Postpaid,4.3,17.4,373,2.97,-2
AIR101503,2025-08-15,Delhi,Delhi City 3,4G,Postpaid,4.3,22.19,734,3.57,40
AIR101504,2025-09-15,Delhi,Delhi City 2,4G,Prepaid,6.1,24.07,115,3.78,22
AIR101505,2025-10-15,Karnataka,Karnataka City 3,4G,Postpaid,1.2,23.11,356,2.72,-7
AIR101506,2025-11-15,Delhi,Delhi City 2,4G,Postpaid,1,20.81,376,3.39,-2
AIR101507,2025-12-15,Tamil Nadu,Tamil Nadu City 1,4G,Prepaid,1,27.11,473,3.92,50
AIR101508,2025-02-15,Gujarat,Gujarat City 1,5G,Prepaid,4.3,24.98,714,3.76,52
AIR101509,2025-03-15,Tamil Nadu,Tamil Nadu City 3,4G,Broadband,0.4,11.56,564,4.05,11
AIR101510,2025-04-15,Uttar Pradesh,Uttar Pradesh City 1,5G,Prepaid,0.3,49.24,399,3.54,46
AIR101511,2025-05-15,Gujarat,Gujarat City 1,4G,Prepaid,2.7,6.13,381,3.85,27
AIR101512,2025-06-15,Tamil Nadu,Tamil Nadu City 3,4G,Prepaid,6.4,5.08,388,3.11,-13
AIR101513,2025-07-15,Gujarat,Gujarat City 1,4G,Prepaid,2,9.11,566,3.59,15
AIR101514,2025-08-15,Uttar Pradesh,Uttar Pradesh City 3,4G,Prepaid,5.6,13.49,102,3.54,10
AIR101515,2025-09-15,West Bengal,West Bengal City 3,5G,Prepaid,1.5,54,501,3.36,6
AIR101516,2025-10-15,Karnataka,Karnataka City 1,5G,Postpaid,2.2,32.93,504,4.48,35
AIR101517,2025-11-15,Karnataka,Karnataka City 1,5G,Prepaid,5.9,16.96,584,4.12,29
AIR101518,2025-12-15,Delhi,Delhi City 1,4G,Postpaid,1.6,25.86,414,3.02,-1
AIR101519,2025-02-15,Maharashtra,Maharashtra City 1,4G,Postpaid,3.4,16.63,20,3.96,35
AIR101520,2025-03-15,Delhi,Delhi City 1,4G,Prepaid,6,14.2,583,4.11,48
AIR101521,2025-04-15,Telangana,Telangana City 2,4G,Postpaid,0.4,21.67,276,3.83,44
AIR101522,2025-05-15,Tamil Nadu,Tamil Nadu City 1,4G,Postpaid,3.8,8.16,388,3.56,17
AIR101523,2025-06-15,Gujarat,Gujarat City 2,5G,Postpaid,5.9,42.27,667,4.04,29
AIR101524,2025-07-15,Maharashtra,Maharashtra City 3,5G,Postpaid,0.8,40.01,243,3.98,42
AIR101525,2025-08-15,Uttar Pradesh,Uttar Pradesh City 1,4G,Postpaid,2.6,20.02,315,3.44,11
AIR101526,2025-09-15,Telangana,Telangana City 1,4G,Prepaid,4.8,16.56,235,4.33,61
AIR101527,2025-10-15,Uttar Pradesh,Uttar Pradesh City 1,4G,Postpaid,6.7,22.24,453,3.66,29
AIR101528,2025-11-15,Karnataka,Karnataka City 3,5G,Prepaid,5.7,43.86,406,3.81,18
AIR101529,2025-12-15,Karnataka,Karnataka City 2,4G,Postpaid,4.8,7.15,496,3.53,18
AIR101530,2025-02-15,Delhi,Delhi City 2,5G,Prepaid,4.1,7.36,929,3.73,7
AIR101531,2025-03-15,Tamil Nadu,Tamil Nadu City 1,4G,Broadband,4.1,22.87,252,2.97,4
AIR101532,2025-04-15,Maharashtra,Maharashtra City 1,4G,Postpaid,1.3,20.82,483,3.62,25
AIR101533,2025-05-15,Rajasthan,Rajasthan City 1,4G,Postpaid,1.5,27.58,546,3.31,-5
AIR101534,2025-06-15,Telangana,Telangana City 1,4G,Postpaid,2.7,26.22,501,3.4,-3
AIR101535,2025-07-15,Telangana,Telangana City 3,5G,Broadband,6,46.84,478,3.76,20
AIR101536,2025-08-15,Delhi,Delhi City 1,4G,Postpaid,4.7,20.99,468,2.95,-24
AIR101537,2025-09-15,Karnataka,Karnataka City 3,5G,Prepaid,5.9,45.24,615,3.97,32
AIR101538,2025-10-15,Delhi,Delhi City 1,4G,Broadband,1.2,2.99,290,3.86,51
AIR101539,2025-11-15,Gujarat,Gujarat City 2,5G,Postpaid,4.7,51.06,354,3.46,22
AIR101540,2025-12-15,Maharashtra,Maharashtra City 2,4G,Postpaid,1.4,14.33,542,2.93,-3
AIR101541,2025-02-15,Tamil Nadu,Tamil Nadu City 1,4G,Broadband,3.6,1,405,3.56,25
AIR101542,2025-03-15,West Bengal,West Bengal City 1,5G,Prepaid,0.9,64.74,434,4.16,45
AIR101543,2025-04-15,Kerala,Kerala City 3,5G,Prepaid,1.4,21.6,512,3.22,18
AIR101544,2025-05-15,Kerala,Kerala City 1,5G,Postpaid,1,61.96,308,3.96,27
AIR101545,2025-06-15,Delhi,Delhi City 1,4G,Postpaid,4.5,27.33,512,3.1,25
AIR101546,2025-07-15,Gujarat,Gujarat City 1,5G,Prepaid,4.3,12.45,179,4.02,45
AIR101547,2025-08-15,Maharashtra,Maharashtra City 2,5G,Postpaid,1.9,46.12,654,3.87,26
AIR101548,2025-09-15,Rajasthan,Rajasthan City 3,4G,Postpaid,3.9,13.08,348,3.63,18
AIR101549,2025-10-15,Kerala,Kerala City 2,5G,Postpaid,2.5,29.5,367,3.6,10
AIR101550,2025-11-15,Maharashtra,Maharashtra City 3,4G,Broadband,4.8,35.46,275,3.98,48
AIR101551,2025-12-15,Tamil Nadu,Tamil Nadu City 2,5G,Prepaid,6.9,41.74,405,4.15,18
AIR101552,2025-02-15,Uttar Pradesh,Uttar Pradesh City 1,4G,Postpaid,4.9,26.7,259,4.01,30
AIR101553,2025-03-15,Gujarat,Gujarat City 2,5G,Postpaid,5.7,34.82,825,3.61,37
AIR101554,2025-04-15,Karnataka,Karnataka City 2,4G,Prepaid,4.1,7.1,353,3.59,22
AIR101555,2025-05-15,Maharashtra,Maharashtra City 3,4G,Prepaid,2.1,28.6,626,3,10
AIR101556,2025-06-15,Tamil Nadu,Tamil Nadu City 3,4G,Prepaid,5.8,1.49,588,3.75,24
AIR101557,2025-07-15,Rajasthan,Rajasthan City 2,4G,Postpaid,5.4,27.31,619,2.88,4
AIR101558,2025-08-15,West Bengal,West Bengal City 3,4G,Prepaid,5.7,28.66,437,3.71,20
AIR101559,2025-09-15,Karnataka,Karnataka City 3,4G,Prepaid,1.3,21.75,128,3.54,-3
AIR101560,2025-10-15,West Bengal,West Bengal City 3,5G,Prepaid,6.5,26.55,197,3.51,35
AIR101561,2025-11-15,Rajasthan,Rajasthan City 3,5G,Postpaid,4.5,46.55,629,3.45,11
AIR101562,2025-12-15,Tamil Nadu,Tamil Nadu City 3,5G,Postpaid,5.8,33.79,652,4.66,75
AIR101563,2025-02-15,Kerala,Kerala City 2,5G,Postpaid,3.3,61.11,904,3.71,31
AIR101564,2025-03-15,West Bengal,West Bengal City 3,4G,Prepaid,6,8.47,440,2.79,6
AIR101565,2025-04-15,Karnataka,Karnataka City 1,4G,Postpaid,4.5,13.34,230,3.66,12
AIR101566,2025-05-15,Delhi,Delhi City 2,4G,Postpaid,1.9,16.86,398,4.01,31
AIR101567,2025-06-15,Telangana,Telangana City 2,4G,Prepaid,1.2,17,174,3.93,38
AIR101568,2025-07-15,Maharashtra,Maharashtra City 2,5G,Prepaid,5.9,45.63,339,4.09,25
AIR101569,2025-08-15,Kerala,Kerala City 3,4G,Broadband,2.8,1,529,3.06,-6
AIR101570,2025-09-15,West Bengal,West Bengal City 1,5G,Postpaid,1.1,36.95,228,3.64,23
AIR101571,2025-10-15,Uttar Pradesh,Uttar Pradesh City 3,4G,Postpaid,5.3,1,298,3.42,10
AIR101572,2025-11-15,Maharashtra,Maharashtra City 2,5G,Prepaid,3.8,53.46,666,3.88,48
AIR101573,2025-12-15,Delhi,Delhi City 2,4G,Broadband,6.2,12.14,477,2.83,0
AIR101574,2025-02-15,Rajasthan,Rajasthan City 2,4G,Postpaid,3.1,17.64,557,3.31,8
AIR101575,2025-03-15,Telangana,Telangana City 2,5G,Broadband,1.2,57.1,431,4.03,36
AIR101576,2025-04-15,Tamil Nadu,Tamil Nadu City 3,4G,Enterprise,4.5,17.26,411,3.28,9
AIR101577,2025-05-15,Delhi,Delhi City 1,5G,Enterprise,0.8,34.86,348,3.86,45
AIR101578,2025-06-15,Delhi,Delhi City 1,4G,Broadband,0.6,31.99,226,3.6,23
AIR101579,2025-07-15,Rajasthan,Rajasthan City 2,4G,Prepaid,1.1,23.06,439,3.6,23
AIR101580,2025-08-15,Gujarat,Gujarat City 1,5G,Broadband,1.6,40.08,614,4.32,41
AIR101581,2025-09-15,Rajasthan,Rajasthan City 2,4G,Prepaid,3.5,12.48,321,3.54,-3
AIR101582,2025-10-15,Gujarat,Gujarat City 2,5G,Broadband,4.3,33.49,367,3.52,22
AIR101583,2025-11-15,Gujarat,Gujarat City 1,4G,Prepaid,2.7,33.98,686,3.27,-5
AIR101584,2025-12-15,Kerala,Kerala City 2,4G,Postpaid,1.6,29.06,72,3.23,1
AIR101585,2025-02-15,Kerala,Kerala City 1,4G,Prepaid,6.1,6.09,308,3.8,24
AIR101586,2025-03-15,Karnataka,Karnataka City 2,4G,Postpaid,1,7.18,282,3.78,41
AIR101587,2025-04-15,West Bengal,West Bengal City 1,4G,Prepaid,1.9,15.54,399,3.23,-4
AIR101588,2025-05-15,West Bengal,West Bengal City 2,4G,Prepaid,2.8,19.77,221,3.14,4
AIR101589,2025-06-15,Tamil Nadu,Tamil Nadu City 1,4G,Broadband,5.3,16.22,249,3.55,12
AIR101590,2025-07-15,West Bengal,West Bengal City 2,4G,Postpaid,1,32.33,535,3.72,43
AIR101591,2025-08-15,Kerala,Kerala City 2,5G,Prepaid,4.3,45.41,575,4.04,41
AIR101592,2025-09-15,Karnataka,Karnataka City 2,4G,Prepaid,3.5,5.44,634,3.93,41
AIR101593,2025-10-15,Karnataka,Karnataka City 1,4G,Prepaid,6.1,11.59,172,3.3,11
AIR101594,2025-11-15,Gujarat,Gujarat City 3,4G,Postpaid,1.5,28.37,84,4.09,34
AIR101595,2025-12-15,Rajasthan,Rajasthan City 2,4G,Enterprise,4.7,19.57,439,3.24,24
AIR101596,2025-02-15,Tamil Nadu,Tamil Nadu City 2,4G,Postpaid,5.1,15.35,416,3.46,13
AIR101597,2025-03-15,Gujarat,Gujarat City 1,4G,Prepaid,2.7,19.88,397,3.46,3
AIR101598,2025-04-15,Rajasthan,Rajasthan City 2,5G,Prepaid,5.3,25.73,419,4.12,42
AIR101599,2025-05-15,West Bengal,West Bengal City 2,5G,Enterprise,3.7,38.78,565,4.46,36
AIR101600,2025-06-15,Gujarat,Gujarat City 2,4G,Prepaid,6.4,35.46,20,3.1,8
AIR101601,2025-07-15,Maharashtra,Maharashtra City 2,4G,Postpaid,1.8,17.94,459,3.89,32
AIR101602,2025-08-15,West Bengal,West Bengal City 3,5G,Prepaid,3.8,15.82,756,4.18,48
AIR101603,2025-09-15,Rajasthan,Rajasthan City 3,4G,Postpaid,4.2,17.19,616,3.27,18
AIR101604,2025-10-15,Tamil Nadu,Tamil Nadu City 2,5G,Broadband,5.2,19.74,521,3.71,24
AIR101605,2025-11-15,Rajasthan,Rajasthan City 2,5G,Prepaid,3.2,14.8,385,4.51,55
AIR101606,2025-12-15,Gujarat,Gujarat City 2,4G,Postpaid,2.9,13.56,382,3.9,21
AIR101607,2025-02-15,Gujarat,Gujarat City 3,4G,Postpaid,2.6,27.14,446,3.11,18
AIR101608,2025-03-15,Delhi,Delhi City 3,5G,Prepaid,4.5,25.19,448,3.61,25
AIR101609,2025-04-15,Tamil Nadu,Tamil Nadu City 1,5G,Prepaid,3.4,46.04,525,3.32,13
AIR101610,2025-05-15,Uttar Pradesh,Uttar Pradesh City 1,4G,Postpaid,5.2,21.62,702,2.67,-22
AIR101611,2025-06-15,West Bengal,West Bengal City 2,5G,Prepaid,4.7,28.92,650,4.39,37
AIR101612,2025-07-15,Karnataka,Karnataka City 2,4G,Broadband,6.3,20.14,506,4.16,39
AIR101613,2025-08-15,Tamil Nadu,Tamil Nadu City 3,4G,Prepaid,1.7,24.68,607,2.96,-13
AIR101614,2025-09-15,Karnataka,Karnataka City 2,5G,Prepaid,2,28.82,172,3.99,44
AIR101615,2025-10-15,Tamil Nadu,Tamil Nadu City 2,5G,Prepaid,3.9,30.34,311,4.47,61
AIR101616,2025-11-15,Tamil Nadu,Tamil Nadu City 3,4G,Prepaid,2.5,14.71,503,3.41,14
AIR101617,2025-12-15,Rajasthan,Rajasthan City 3,5G,Postpaid,6.9,16.24,197,3.59,11
AIR101618,2025-02-15,Tamil Nadu,Tamil Nadu City 3,4G,Prepaid,2.7,22.49,495,3.8,16
AIR101619,2025-03-15,Delhi,Delhi City 3,4G,Postpaid,3.3,11.42,408,3.74,29
AIR101620,2025-04-15,Uttar Pradesh,Uttar Pradesh City 1,4G,Enterprise,3.7,1,151,4.25,64
AIR101621,2025-05-15,Gujarat,Gujarat City 3,4G,Postpaid,2.5,22.16,218,3.91,30
AIR101622,2025-06-15,Telangana,Telangana City 3,4G,Prepaid,4.3,13.22,492,4.45,49
AIR101623,2025-07-15,Karnataka,Karnataka City 2,4G,Broadband,4.7,6.95,595,3.63,22
AIR101624,2025-08-15,Gujarat,Gujarat City 2,5G,Prepaid,4.5,39.02,392,3.84,34
AIR101625,2025-09-15,Telangana,Telangana City 2,5G,Postpaid,5,15.32,419,3.7,15
AIR101626,2025-10-15,Uttar Pradesh,Uttar Pradesh City 1,4G,Prepaid,4.8,16.08,351,3.6,22
AIR101627,2025-11-15,Uttar Pradesh,Uttar Pradesh City 3,4G,Prepaid,6,22.12,154,2.75,-30
AIR101628,2025-12-15,Karnataka,Karnataka City 3,4G,Broadband,3,22.76,484,3.51,15
AIR101629,2025-02-15,Karnataka,Karnataka City 1,5G,Prepaid,4,25.73,429,3.76,34
AIR101630,2025-03-15,Uttar Pradesh,Uttar Pradesh City 3,4G,Postpaid,2.1,21.04,663,4.06,30
AIR101631,2025-04-15,Telangana,Telangana City 2,4G,Prepaid,1.8,28.9,489,3.56,11
AIR101632,2025-05-15,Tamil Nadu,Tamil Nadu City 1,4G,Postpaid,3.6,1,508,3.33,4
AIR101633,2025-06-15,West Bengal,West Bengal City 3,4G,Postpaid,3.5,23.41,336,3.36,2
AIR101634,2025-07-15,Maharashtra,Maharashtra City 1,4G,Prepaid,1.7,27.03,353,3.41,5
AIR101635,2025-08-15,Gujarat,Gujarat City 1,5G,Postpaid,3.3,42.04,297,3.79,28
AIR101636,2025-09-15,Rajasthan,Rajasthan City 3,5G,Postpaid,1.5,65.45,423,3.78,20
AIR101637,2025-10-15,Gujarat,Gujarat City 2,4G,Postpaid,2.3,10.92,642,3.07,0
AIR101638,2025-11-15,Rajasthan,Rajasthan City 3,4G,Postpaid,6.4,26.29,663,3.86,31
AIR101639,2025-12-15,Telangana,Telangana City 3,4G,Postpaid,2.1,2.5,529,3.04,4
AIR101640,2025-02-15,Rajasthan,Rajasthan City 2,5G,Prepaid,1.8,14.35,286,3.68,29
AIR101641,2025-03-15,Karnataka,Karnataka City 3,4G,Postpaid,3.8,22.63,818,3.63,26
AIR101642,2025-04-15,West Bengal,West Bengal City 3,4G,Postpaid,1.9,19.37,524,3.83,27
AIR101643,2025-05-15,West Bengal,West Bengal City 3,4G,Prepaid,2.7,22.33,311,3.55,34
AIR101644,2025-06-15,Karnataka,Karnataka City 1,4G,Broadband,3.2,18.52,445,3.56,21
AIR101645,2025-07-15,Delhi,Delhi City 1,4G,Prepaid,0.6,27.97,576,3.24,19
AIR101646,2025-08-15,Telangana,Telangana City 1,4G,Prepaid,4.8,1,383,3.26,24
AIR101647,2025-09-15,Delhi,Delhi City 3,4G,Prepaid,4.1,19.54,537,3.24,8
AIR101648,2025-10-15,Delhi,Delhi City 2,4G,Prepaid,2.4,17.6,202,2.88,-13
AIR101649,2025-11-15,Gujarat,Gujarat City 1,4G,Prepaid,6.5,4.64,488,2.6,-43
AIR101650,2025-12-15,Uttar Pradesh,Uttar Pradesh City 2,4G,Enterprise,4.4,24.98,350,3.85,20
AIR101651,2025-02-15,Gujarat,Gujarat City 3,4G,Prepaid,3,31.19,373,3.68,21
AIR101652,2025-03-15,Uttar Pradesh,Uttar Pradesh City 1,4G,Postpaid,3.1,23.34,313,3.92,40
AIR101653,2025-04-15,Maharashtra,Maharashtra City 3,4G,Prepaid,4.3,11.92,654,3.44,23
AIR101654,2025-05-15,Rajasthan,Rajasthan City 2,5G,Postpaid,4.2,36.58,109,3.51,18
AIR101655,2025-06-15,Uttar Pradesh,Uttar Pradesh City 1,4G,Enterprise,1.2,24.25,131,3.69,20
AIR101656,2025-07-15,Karnataka,Karnataka City 1,4G,Prepaid,5.4,11.58,324,3.44,11
AIR101657,2025-08-15,Gujarat,Gujarat City 1,4G,Broadband,2.2,5.38,580,3.08,0
AIR101658,2025-09-15,Telangana,Telangana City 1,4G,Enterprise,3.1,10.66,411,2.89,10
AIR101659,2025-10-15,Rajasthan,Rajasthan City 2,4G,Postpaid,6.7,12.72,564,3.13,1
AIR101660,2025-11-15,Maharashtra,Maharashtra City 1,5G,Prepaid,3.3,32.62,286,4.22,37
AIR101661,2025-12-15,Uttar Pradesh,Uttar Pradesh City 3,4G,Postpaid,6,24.7,457,3.75,29
AIR101662,2025-02-15,Maharashtra,Maharashtra City 1,4G,Broadband,1,14.51,733,3.59,17
AIR101663,2025-03-15,Telangana,Telangana City 2,5G,Prepaid,0.7,33.64,260,4.08,37
AIR101664,2025-04-15,Delhi,Delhi City 1,5G,Postpaid,0.3,41.27,475,3.81,26
AIR101665,2025-05-15,West Bengal,West Bengal City 2,5G,Prepaid,5.9,33.86,579,3.83,29
AIR101666,2025-06-15,Telangana,Telangana City 2,5G,Prepaid,2.4,1,552,4.24,32
AIR101667,2025-07-15,Kerala,Kerala City 3,5G,Broadband,4.3,36.42,730,4.99,82
AIR101668,2025-08-15,Telangana,Telangana City 1,4G,Prepaid,3.6,16.35,286,3.64,40
AIR101669,2025-09-15,Maharashtra,Maharashtra City 1,4G,Prepaid,0.8,22.8,390,3.36,-21
AIR101670,2025-10-15,Karnataka,Karnataka City 1,4G,Postpaid,3.9,30.06,367,3.17,8
AIR101671,2025-11-15,Gujarat,Gujarat City 3,5G,Prepaid,3.6,42.64,511,4.13,55
AIR101672,2025-12-15,Karnataka,Karnataka City 3,5G,Prepaid,5.7,25.64,578,3.5,9
AIR101673,2025-02-15,Maharashtra,Maharashtra City 2,4G,Postpaid,3.1,15.09,337,2.87,-3
AIR101674,2025-03-15,Gujarat,Gujarat City 2,4G,Prepaid,2.5,28.32,460,3.86,23
AIR101675,2025-04-15,Kerala,Kerala City 2,5G,Prepaid,5.1,16.45,322,3.5,18
AIR101676,2025-05-15,West Bengal,West Bengal City 3,5G,Prepaid,5.5,30.64,526,3.97,33
AIR101677,2025-06-15,Rajasthan,Rajasthan City 3,4G,Postpaid,3.3,19.04,491,3.25,12
AIR101678,2025-07-15,Maharashtra,Maharashtra City 3,5G,Broadband,5.8,65.94,434,3.83,26
AIR101679,2025-08-15,Uttar Pradesh,Uttar Pradesh City 2,4G,Broadband,3.8,7.62,936,3.82,48
AIR101680,2025-09-15,Maharashtra,Maharashtra City 3,4G,Prepaid,5.6,31.12,512,3.54,22
AIR101681,2025-10-15,Maharashtra,Maharashtra City 2,4G,Postpaid,6.7,1,253,2.88,-14
AIR101682,2025-11-15,Gujarat,Gujarat City 2,4G,Broadband,1.6,28.79,1018,3.19,-1
AIR101683,2025-12-15,Tamil Nadu,Tamil Nadu City 1,4G,Prepaid,5.2,9.13,281,3.58,19
AIR101684,2025-02-15,Telangana,Telangana City 1,5G,Broadband,1.9,27.81,649,3.95,11
AIR101685,2025-03-15,Tamil Nadu,Tamil Nadu City 1,5G,Broadband,2.5,59.59,593,3.89,40
AIR101686,2025-04-15,Kerala,Kerala City 2,5G,Prepaid,1.3,41.16,354,4.23,56
AIR101687,2025-05-15,Uttar Pradesh,Uttar Pradesh City 1,4G,Prepaid,2.8,35.41,462,4.08,37
AIR101688,2025-06-15,West Bengal,West Bengal City 1,4G,Prepaid,3.4,13.82,281,2.93,12
AIR101689,2025-07-15,Delhi,Delhi City 1,4G,Prepaid,2.7,1.39,282,4.5,41
AIR101690,2025-08-15,Kerala,Kerala City 3,4G,Broadband,4.1,9.45,366,3.85,10
AIR101691,2025-09-15,Delhi,Delhi City 2,4G,Broadband,5.8,14.2,285,3.9,23
AIR101692,2025-10-15,Delhi,Delhi City 1,4G,Prepaid,1.4,23.97,255,4.13,37
AIR101693,2025-11-15,West Bengal,West Bengal City 3,4G,Postpaid,6.3,17.03,623,3.32,-1
AIR101694,2025-12-15,Karnataka,Karnataka City 3,5G,Postpaid,1.6,41.94,368,3.65,26
AIR101695,2025-02-15,Tamil Nadu,Tamil Nadu City 3,4G,Prepaid,3.8,14.2,635,3.45,10
AIR101696,2025-03-15,Maharashtra,Maharashtra City 1,5G,Postpaid,2.1,31.37,113,3.85,27
AIR101697,2025-04-15,Rajasthan,Rajasthan City 3,4G,Broadband,3.3,23.33,464,3.7,24
AIR101698,2025-05-15,Delhi,Delhi City 2,5G,Prepaid,3.6,41.77,372,3.22,6
AIR101699,2025-06-15,Uttar Pradesh,Uttar Pradesh City 3,4G,Prepaid,1.7,25.23,547,3.85,34
AIR101700,2025-07-15,Kerala,Kerala City 3,4G,Prepaid,3.1,10.65,474,3.8,42
AIR101701,2025-08-15,Karnataka,Karnataka City 3,4G,Prepaid,2.9,31.05,376,3.55,7
AIR101702,2025-09-15,Delhi,Delhi City 3,5G,Prepaid,3.4,40.17,89,3.84,24
AIR101703,2025-10-15,Karnataka,Karnataka City 2,4G,Prepaid,6,17.3,489,2.29,-27
AIR101704,2025-11-15,Karnataka,Karnataka City 1,4G,Postpaid,1.6,24.35,710,3.98,59
AIR101705,2025-12-15,Delhi,Delhi City 2,5G,Postpaid,1,58.67,621,3.79,37
AIR101706,2025-02-15,Gujarat,Gujarat City 2,4G,Prepaid,2.1,15.66,604,3.11,10
AIR101707,2025-03-15,Telangana,Telangana City 1,4G,Prepaid,3.2,16.59,161,2.77,-12
AIR101708,2025-04-15,Uttar Pradesh,Uttar Pradesh City 3,4G,Broadband,1.8,13.22,720,3.84,15
AIR101709,2025-05-15,Maharashtra,Maharashtra City 1,4G,Broadband,1.1,11.4,517,3.99,23
AIR101710,2025-06-15,Maharashtra,Maharashtra City 1,4G,Prepaid,1,23.6,400,3.65,37
AIR101711,2025-07-15,Uttar Pradesh,Uttar Pradesh City 2,4G,Prepaid,4.8,28.05,464,3.65,28
AIR101712,2025-08-15,Gujarat,Gujarat City 1,4G,Broadband,1.3,18.99,761,2.8,-1
AIR101713,2025-09-15,Maharashtra,Maharashtra City 3,4G,Prepaid,3.3,24.94,478,3.4,15
AIR101714,2025-10-15,Karnataka,Karnataka City 2,5G,Prepaid,5.7,38.86,69,3.86,31
AIR101715,2025-11-15,West Bengal,West Bengal City 3,4G,Prepaid,2.7,9.38,168,3.78,36
AIR101716,2025-12-15,Kerala,Kerala City 2,4G,Prepaid,2.2,18.85,234,4.3,32
AIR101717,2025-02-15,Tamil Nadu,Tamil Nadu City 3,4G,Prepaid,0.7,17.2,576,3.29,15
AIR101718,2025-03-15,Maharashtra,Maharashtra City 1,4G,Prepaid,0.7,20.8,20,3.88,33
AIR101719,2025-04-15,Uttar Pradesh,Uttar Pradesh City 1,4G,Postpaid,3.9,15.15,223,3.38,1
AIR101720,2025-05-15,West Bengal,West Bengal City 1,4G,Broadband,5.5,22.19,786,3.22,5
AIR101721,2025-06-15,Delhi,Delhi City 3,4G,Enterprise,5.5,14.9,20,3.9,41
AIR101722,2025-07-15,Telangana,Telangana City 2,5G,Prepaid,1.3,33.47,613,4.55,44
AIR101723,2025-08-15,Uttar Pradesh,Uttar Pradesh City 2,4G,Prepaid,4.5,6.03,553,3.88,41
AIR101724,2025-09-15,Karnataka,Karnataka City 2,4G,Postpaid,2.6,24.74,140,3.01,-8
AIR101725,2025-10-15,Telangana,Telangana City 1,4G,Postpaid,4.6,15.08,203,3.21,23
AIR101726,2025-11-15,Kerala,Kerala City 3,4G,Prepaid,3.8,7.43,584,2.93,-4
AIR101727,2025-12-15,Kerala,Kerala City 2,5G,Prepaid,5.7,20.76,551,3.73,-3
AIR101728,2025-02-15,Gujarat,Gujarat City 3,4G,Prepaid,2.2,14.53,221,3.48,26
AIR101729,2025-03-15,Rajasthan,Rajasthan City 2,4G,Prepaid,1.6,20.7,607,3.36,10
AIR101730,2025-04-15,Gujarat,Gujarat City 1,4G,Prepaid,5.6,28.7,291,4.13,36
AIR101731,2025-05-15,West Bengal,West Bengal City 3,4G,Enterprise,0.6,16.29,401,2.93,-5
AIR101732,2025-06-15,Telangana,Telangana City 2,4G,Prepaid,3.9,26.43,271,4.24,47
AIR101733,2025-07-15,Rajasthan,Rajasthan City 2,4G,Enterprise,1.1,16.94,212,3.74,27
AIR101734,2025-08-15,Delhi,Delhi City 2,4G,Broadband,3.8,20.21,451,3.08,-3
AIR101735,2025-09-15,Karnataka,Karnataka City 2,4G,Prepaid,2.5,6.05,534,3.69,31
AIR101736,2025-10-15,Telangana,Telangana City 1,4G,Postpaid,1.2,19.35,436,3.09,6
AIR101737,2025-11-15,Gujarat,Gujarat City 2,4G,Postpaid,6.5,38.25,397,3.62,27
AIR101738,2025-12-15,Tamil Nadu,Tamil Nadu City 2,4G,Prepaid,2.1,17.98,506,3.62,28
AIR101739,2025-02-15,Rajasthan,Rajasthan City 1,4G,Prepaid,3.2,15.92,322,3.33,20
AIR101740,2025-03-15,Rajasthan,Rajasthan City 2,5G,Postpaid,6,18.49,402,4.31,41
AIR101741,2025-04-15,Karnataka,Karnataka City 3,4G,Postpaid,0.5,7.46,245,3.96,39
AIR101742,2025-05-15,Maharashtra,Maharashtra City 3,5G,Postpaid,6.2,15.41,195,4.31,51
AIR101743,2025-06-15,Kerala,Kerala City 2,4G,Postpaid,3.8,11.61,563,4.27,47
AIR101744,2025-07-15,Kerala,Kerala City 1,5G,Prepaid,5.5,30.16,665,3.51,20
AIR101745,2025-08-15,Tamil Nadu,Tamil Nadu City 1,4G,Postpaid,5.2,6.29,635,3.61,25
AIR101746,2025-09-15,West Bengal,West Bengal City 1,4G,Prepaid,2.1,39.01,368,3.29,15
AIR101747,2025-10-15,West Bengal,West Bengal City 2,5G,Postpaid,1.9,48.83,663,3.44,12
AIR101748,2025-11-15,Delhi,Delhi City 2,5G,Broadband,6.2,49.66,359,4.3,47
AIR101749,2025-12-15,Telangana,Telangana City 3,4G,Postpaid,2.3,38.15,497,3.98,26
AIR101750,2025-02-15,Uttar Pradesh,Uttar Pradesh City 1,4G,Postpaid,0.5,9.25,190,3.52,38
AIR101751,2025-03-15,Maharashtra,Maharashtra City 2,4G,Postpaid,4.3,11.85,758,3.62,9
AIR101752,2025-04-15,Gujarat,Gujarat City 2,5G,Postpaid,0.6,44.26,349,3.47,3
AIR101753,2025-05-15,Uttar Pradesh,Uttar Pradesh City 2,4G,Postpaid,1.4,12.95,518,2.69,-23
AIR101754,2025-06-15,Uttar Pradesh,Uttar Pradesh City 1,4G,Prepaid,4.7,22.2,444,3.21,8
AIR101755,2025-07-15,Rajasthan,Rajasthan City 1,5G,Enterprise,2.4,46.13,682,4.23,54
AIR101756,2025-08-15,Tamil Nadu,Tamil Nadu City 3,5G,Prepaid,5.5,49.63,685,4.01,49
AIR101757,2025-09-15,Kerala,Kerala City 1,4G,Prepaid,4,22.99,293,3.34,-3
AIR101758,2025-10-15,Delhi,Delhi City 2,4G,Prepaid,5.3,11.73,770,3.88,25
AIR101759,2025-11-15,West Bengal,West Bengal City 3,5G,Prepaid,4.3,33.22,417,3.28,14
AIR101760,2025-12-15,Tamil Nadu,Tamil Nadu City 1,4G,Postpaid,3.4,2.87,345,3.2,15
AIR101761,2025-02-15,Rajasthan,Rajasthan City 1,5G,Prepaid,4.5,14.27,547,4.13,33
AIR101762,2025-03-15,Gujarat,Gujarat City 1,4G,Broadband,3.1,17.23,642,3.51,23
AIR101763,2025-04-15,Delhi,Delhi City 1,4G,Prepaid,3.3,16.79,565,2.86,-16
AIR101764,2025-05-15,Rajasthan,Rajasthan City 2,4G,Prepaid,5.8,23.49,286,4.03,46
AIR101765,2025-06-15,Kerala,Kerala City 1,4G,Prepaid,1.1,31.31,447,3.56,7
AIR101766,2025-07-15,Kerala,Kerala City 2,5G,Postpaid,0.7,46.3,180,3.93,26
AIR101767,2025-08-15,Kerala,Kerala City 2,4G,Broadband,5.3,15.92,399,3.09,11
AIR101768,2025-09-15,Tamil Nadu,Tamil Nadu City 2,5G,Postpaid,6.2,34.84,156,3.98,32
AIR101769,2025-10-15,Tamil Nadu,Tamil Nadu City 3,4G,Prepaid,2.7,1,131,3.24,5
AIR101770,2025-11-15,West Bengal,West Bengal City 2,4G,Enterprise,5.8,21.38,375,3.17,7
AIR101771,2025-12-15,West Bengal,West Bengal City 1,4G,Prepaid,2,16.84,452,3.33,31
AIR101772,2025-02-15,Gujarat,Gujarat City 3,4G,Postpaid,1.3,5.25,431,3.84,61
AIR101773,2025-03-15,Delhi,Delhi City 1,4G,Prepaid,2.1,19.86,432,3.49,17
AIR101774,2025-04-15,Karnataka,Karnataka City 2,5G,Prepaid,2.9,24.28,214,3.47,12
AIR101775,2025-05-15,Karnataka,Karnataka City 1,5G,Prepaid,4,25.42,296,3.65,7
AIR101776,2025-06-15,Rajasthan,Rajasthan City 3,4G,Prepaid,4.4,12.2,434,3.63,28
AIR101777,2025-07-15,Kerala,Kerala City 3,4G,Broadband,5.9,17.66,516,3.91,45
AIR101778,2025-08-15,Delhi,Delhi City 1,4G,Postpaid,4.9,31.23,771,3.92,33
AIR101779,2025-09-15,Uttar Pradesh,Uttar Pradesh City 1,5G,Broadband,4.3,30.12,493,3.82,27
AIR101780,2025-10-15,Tamil Nadu,Tamil Nadu City 1,5G,Postpaid,2.7,20.77,368,4.38,44
AIR101781,2025-11-15,Telangana,Telangana City 3,5G,Postpaid,4.8,42.18,20,3.71,28
AIR101782,2025-12-15,Maharashtra,Maharashtra City 2,4G,Postpaid,2,20.32,517,3.03,-1
AIR101783,2025-02-15,Gujarat,Gujarat City 1,4G,Broadband,0.7,26.22,382,3.43,14
AIR101784,2025-03-15,Kerala,Kerala City 2,4G,Prepaid,4.9,18.04,673,3.45,12
AIR101785,2025-04-15,Kerala,Kerala City 3,4G,Prepaid,1.5,21.56,141,3.89,34
AIR101786,2025-05-15,Kerala,Kerala City 1,5G,Postpaid,1.5,26.61,696,3.85,31
AIR101787,2025-06-15,Tamil Nadu,Tamil Nadu City 1,4G,Enterprise,5.1,19.05,428,2.84,13
AIR101788,2025-07-15,Tamil Nadu,Tamil Nadu City 3,5G,Enterprise,0.9,21.78,329,4.44,38
AIR101789,2025-08-15,Maharashtra,Maharashtra City 1,5G,Postpaid,3.6,29.52,20,3.82,28
AIR101790,2025-09-15,Uttar Pradesh,Uttar Pradesh City 2,5G,Prepaid,1.2,54.48,342,3.56,26
AIR101791,2025-10-15,Delhi,Delhi City 3,5G,Prepaid,6.2,56.09,367,3.85,18
AIR101792,2025-11-15,Kerala,Kerala City 3,4G,Broadband,2.8,15.22,312,4.06,14
AIR101793,2025-12-15,Karnataka,Karnataka City 1,5G,Prepaid,6,24.65,329,4.11,20
AIR101794,2025-02-15,West Bengal,West Bengal City 3,4G,Prepaid,5,24.19,362,2.86,-7
AIR101795,2025-03-15,Karnataka,Karnataka City 1,4G,Broadband,1.5,12.9,560,3.71,39
AIR101796,2025-04-15,Rajasthan,Rajasthan City 1,5G,Prepaid,2.7,37.95,239,4.06,56
AIR101797,2025-05-15,Karnataka,Karnataka City 3,4G,Postpaid,3.6,19.11,340,3.56,17
AIR101798,2025-06-15,Rajasthan,Rajasthan City 1,5G,Postpaid,5.7,26.23,560,4.71,55
AIR101799,2025-07-15,Telangana,Telangana City 2,4G,Prepaid,4.4,36.63,163,3.26,10
AIR101800,2025-08-15,West Bengal,West Bengal City 2,5G,Prepaid,5.6,21.43,305,3.61,15
AIR101801,2025-09-15,Karnataka,Karnataka City 1,4G,Prepaid,0.7,30,475,4.22,48
AIR101802,2025-10-15,Telangana,Telangana City 2,4G,Postpaid,2.6,11.32,485,2.55,1
AIR101803,2025-11-15,Gujarat,Gujarat City 1,4G,Postpaid,2.6,1,176,3.61,26
AIR101804,2025-12-15,Delhi,Delhi City 2,5G,Prepaid,3.7,45.92,20,4.59,72
AIR101805,2025-02-15,Telangana,Telangana City 3,4G,Enterprise,5,25.81,666,3.51,16
AIR101806,2025-03-15,Delhi,Delhi City 1,5G,Prepaid,5.1,36.01,394,4.29,26
AIR101807,2025-04-15,Karnataka,Karnataka City 1,4G,Prepaid,5.5,19.3,690,3.68,10
AIR101808,2025-05-15,Uttar Pradesh,Uttar Pradesh City 1,4G,Prepaid,3.5,17.58,237,3.38,34
AIR101809,2025-06-15,Telangana,Telangana City 1,4G,Prepaid,1,22.87,359,2.92,3
AIR101810,2025-07-15,West Bengal,West Bengal City 1,4G,Enterprise,3.1,11.01,379,2.89,-1
AIR101811,2025-08-15,Karnataka,Karnataka City 1,5G,Prepaid,4.3,44.46,317,3.7,49
AIR101812,2025-09-15,Kerala,Kerala City 3,4G,Prepaid,2.2,1,538,3.61,30
AIR101813,2025-10-15,Tamil Nadu,Tamil Nadu City 3,4G,Broadband,5.4,12.67,161,3.5,26
AIR101814,2025-11-15,Telangana,Telangana City 2,4G,Postpaid,3.6,8.98,659,3.18,5
AIR101815,2025-12-15,West Bengal,West Bengal City 1,4G,Prepaid,5.6,12.24,636,3.95,20
AIR101816,2025-02-15,Gujarat,Gujarat City 2,4G,Broadband,4.5,4.04,219,3.4,15
AIR101817,2025-03-15,Kerala,Kerala City 2,5G,Postpaid,2.3,48.48,514,2.9,-7
AIR101818,2025-04-15,Gujarat,Gujarat City 3,4G,Prepaid,2.7,18.24,283,3.96,9
AIR101819,2025-05-15,Karnataka,Karnataka City 2,4G,Postpaid,3.2,39.61,438,3.16,32
AIR101820,2025-06-15,Tamil Nadu,Tamil Nadu City 3,4G,Broadband,2.1,20.53,388,3.63,30
AIR101821,2025-07-15,Telangana,Telangana City 2,4G,Postpaid,1.7,27.59,506,3.5,5
AIR101822,2025-08-15,Telangana,Telangana City 1,4G,Postpaid,2.9,1,573,3.56,6
AIR101823,2025-09-15,Uttar Pradesh,Uttar Pradesh City 2,4G,Enterprise,6.6,30.28,203,2.96,1
AIR101824,2025-10-15,Uttar Pradesh,Uttar Pradesh City 3,5G,Postpaid,5.9,42.43,906,3.52,18
AIR101825,2025-11-15,Karnataka,Karnataka City 3,4G,Prepaid,6.3,5.66,497,3.23,-3
AIR101826,2025-12-15,Karnataka,Karnataka City 3,4G,Prepaid,3,11.73,281,3.72,24
AIR101827,2025-02-15,Tamil Nadu,Tamil Nadu City 2,4G,Postpaid,1.4,20.55,547,3.85,21
AIR101828,2025-03-15,Uttar Pradesh,Uttar Pradesh City 2,4G,Prepaid,0.9,20.34,469,3.6,13
AIR101829,2025-04-15,West Bengal,West Bengal City 3,5G,Enterprise,5.2,32.13,647,3.85,26
AIR101830,2025-05-15,West Bengal,West Bengal City 1,4G,Prepaid,5.1,6.84,271,3.69,34
AIR101831,2025-06-15,Tamil Nadu,Tamil Nadu City 1,5G,Postpaid,4.2,33.49,509,4.38,40
AIR101832,2025-07-15,West Bengal,West Bengal City 2,4G,Postpaid,5.9,25.36,333,3.17,27
AIR101833,2025-08-15,Rajasthan,Rajasthan City 2,4G,Postpaid,3.3,28.26,360,3.83,36
AIR101834,2025-09-15,Delhi,Delhi City 3,4G,Prepaid,4,12.36,254,3.57,27
AIR101835,2025-10-15,Tamil Nadu,Tamil Nadu City 2,4G,Prepaid,4.9,21.36,289,3.12,15
AIR101836,2025-11-15,Tamil Nadu,Tamil Nadu City 2,4G,Postpaid,2.2,17.9,553,3.92,31
AIR101837,2025-12-15,Maharashtra,Maharashtra City 3,4G,Broadband,1.6,19.11,269,3.24,12
AIR101838,2025-02-15,Kerala,Kerala City 3,4G,Postpaid,1.3,19.14,152,3.14,-10
AIR101839,2025-03-15,Kerala,Kerala City 2,4G,Prepaid,3.5,38.43,284,3.36,15
AIR101840,2025-04-15,Rajasthan,Rajasthan City 1,4G,Prepaid,4,15.75,417,3.21,-1
AIR101841,2025-05-15,Uttar Pradesh,Uttar Pradesh City 2,4G,Broadband,4.3,5.02,482,3.64,19
AIR101842,2025-06-15,Karnataka,Karnataka City 1,5G,Broadband,3.4,52.01,385,4.45,40
AIR101843,2025-07-15,Karnataka,Karnataka City 1,4G,Prepaid,3.5,20.8,274,3.45,23
AIR101844,2025-08-15,Gujarat,Gujarat City 1,5G,Postpaid,1.9,31.5,409,3.7,37
AIR101845,2025-09-15,Rajasthan,Rajasthan City 3,4G,Prepaid,3.3,7.96,575,3.55,27
AIR101846,2025-10-15,Tamil Nadu,Tamil Nadu City 3,4G,Postpaid,1.7,11.34,369,3.8,25
AIR101847,2025-11-15,Rajasthan,Rajasthan City 3,4G,Broadband,5,26.61,379,3.48,20
AIR101848,2025-12-15,Rajasthan,Rajasthan City 2,4G,Prepaid,3.1,18.23,524,4.3,50
AIR101849,2025-02-15,Rajasthan,Rajasthan City 3,4G,Postpaid,2.7,22,454,2.99,4
AIR101850,2025-03-15,Kerala,Kerala City 3,4G,Prepaid,3.5,18.95,704,3.67,12
AIR101851,2025-04-15,Rajasthan,Rajasthan City 2,4G,Prepaid,4.6,24.91,318,3.4,21
AIR101852,2025-05-15,Delhi,Delhi City 2,4G,Postpaid,6.1,17.39,118,3.87,43
AIR101853,2025-06-15,Karnataka,Karnataka City 1,5G,Prepaid,3.4,57.35,583,3.86,30
AIR101854,2025-07-15,Gujarat,Gujarat City 2,4G,Postpaid,0.9,15.07,322,3.39,-1
AIR101855,2025-08-15,Delhi,Delhi City 2,4G,Prepaid,1.4,4.04,490,3.52,22
AIR101856,2025-09-15,Gujarat,Gujarat City 3,4G,Postpaid,3.3,26.4,881,3.8,32
AIR101857,2025-10-15,Maharashtra,Maharashtra City 1,5G,Prepaid,6.3,18.82,452,3.44,5
AIR101858,2025-11-15,Gujarat,Gujarat City 1,4G,Postpaid,0.9,34.61,671,3.32,19
AIR101859,2025-12-15,Karnataka,Karnataka City 2,4G,Postpaid,4.7,1,297,3.66,37
AIR101860,2025-02-15,Karnataka,Karnataka City 3,5G,Enterprise,4.5,40.79,219,3.91,41
AIR101861,2025-03-15,Rajasthan,Rajasthan City 3,5G,Broadband,2.4,17.43,576,4.51,40
AIR101862,2025-04-15,Telangana,Telangana City 3,4G,Prepaid,2.3,19.66,224,3.73,17
AIR101863,2025-05-15,Maharashtra,Maharashtra City 3,4G,Prepaid,1.9,18.68,597,3.7,27
AIR101864,2025-06-15,Tamil Nadu,Tamil Nadu City 2,5G,Postpaid,2.1,47.96,272,3.93,49
AIR101865,2025-07-15,West Bengal,West Bengal City 3,5G,Postpaid,6,36.12,491,3.73,31
AIR101866,2025-08-15,Gujarat,Gujarat City 1,4G,Prepaid,4.1,30.97,409,3.47,25
AIR101867,2025-09-15,Telangana,Telangana City 1,4G,Prepaid,3.1,26.1,183,2.91,5
AIR101868,2025-10-15,Rajasthan,Rajasthan City 2,4G,Postpaid,4.2,19.91,412,3,-14
AIR101869,2025-11-15,Kerala,Kerala City 3,4G,Broadband,3.9,21.44,402,3.13,-6
AIR101870,2025-12-15,Tamil Nadu,Tamil Nadu City 3,5G,Broadband,5.4,20.43,630,4.24,32
AIR101871,2025-02-15,Uttar Pradesh,Uttar Pradesh City 3,4G,Prepaid,3.1,19.51,195,2.7,-4
AIR101872,2025-03-15,Telangana,Telangana City 3,5G,Prepaid,3.8,50.1,291,4.18,46
AIR101873,2025-04-15,Kerala,Kerala City 2,5G,Prepaid,5.5,15.67,398,3.85,31
AIR101874,2025-05-15,Maharashtra,Maharashtra City 3,4G,Postpaid,3.4,18.15,541,3.37,17
AIR101875,2025-06-15,Rajasthan,Rajasthan City 2,4G,Postpaid,5.4,3.49,332,3.57,17
AIR101876,2025-07-15,Tamil Nadu,Tamil Nadu City 3,4G,Postpaid,4.4,9.99,928,2.58,-16
AIR101877,2025-08-15,Tamil Nadu,Tamil Nadu City 3,4G,Postpaid,5.6,25.87,377,3.99,32
AIR101878,2025-09-15,Tamil Nadu,Tamil Nadu City 1,4G,Prepaid,4.4,9.6,400,3.69,32
AIR101879,2025-10-15,Maharashtra,Maharashtra City 2,4G,Prepaid,2.1,1,209,3.35,19
AIR101880,2025-11-15,Gujarat,Gujarat City 1,4G,Broadband,1,27.73,516,3.32,8
AIR101881,2025-12-15,Uttar Pradesh,Uttar Pradesh City 2,4G,Prepaid,6.7,22.19,644,3.41,0
AIR101882,2025-02-15,Maharashtra,Maharashtra City 3,5G,Prepaid,2,35.18,129,3.93,29
AIR101883,2025-03-15,West Bengal,West Bengal City 3,4G,Postpaid,0.9,3.41,300,3.77,28
AIR101884,2025-04-15,Uttar Pradesh,Uttar Pradesh City 2,4G,Postpaid,2.9,8.54,450,4.14,40
AIR101885,2025-05-15,Karnataka,Karnataka City 1,5G,Broadband,4.7,34.64,673,3.87,25
AIR101886,2025-06-15,Rajasthan,Rajasthan City 2,4G,Prepaid,6.2,26.01,487,4.09,29
AIR101887,2025-07-15,Maharashtra,Maharashtra City 2,4G,Postpaid,2.2,17.99,613,3.75,21
AIR101888,2025-08-15,Kerala,Kerala City 3,4G,Postpaid,6.6,17.23,158,3.15,12
AIR101889,2025-09-15,Uttar Pradesh,Uttar Pradesh City 1,5G,Broadband,4.8,14.25,338,3.45,20
AIR101890,2025-10-15,West Bengal,West Bengal City 2,4G,Postpaid,6.1,1,686,3.84,31
AIR101891,2025-11-15,Karnataka,Karnataka City 1,4G,Broadband,5.8,21.72,600,3.79,51
AIR101892,2025-12-15,Gujarat,Gujarat City 1,4G,Prepaid,3.1,21.93,252,3.89,42
AIR101893,2025-02-15,Kerala,Kerala City 2,4G,Postpaid,3.1,10.13,351,2.76,-8
AIR101894,2025-03-15,Uttar Pradesh,Uttar Pradesh City 1,4G,Prepaid,4.9,4.26,429,3.56,31
AIR101895,2025-04-15,Rajasthan,Rajasthan City 3,4G,Prepaid,4.1,25.07,742,3.7,12
AIR101896,2025-05-15,Kerala,Kerala City 3,5G,Prepaid,3.8,39.04,207,3.81,31
AIR101897,2025-06-15,Karnataka,Karnataka City 3,5G,Postpaid,2.3,52.28,815,3.57,10
AIR101898,2025-07-15,Kerala,Kerala City 3,4G,Prepaid,1.1,15.36,430,3.41,30
AIR101899,2025-08-15,Delhi,Delhi City 1,4G,Broadband,3,18.03,718,2.99,17
AIR101900,2025-09-15,Telangana,Telangana City 3,4G,Postpaid,4.8,15.1,255,3.53,23
AIR101901,2025-10-15,Gujarat,Gujarat City 2,5G,Prepaid,6.4,37.95,614,3.7,30
AIR101902,2025-11-15,Karnataka,Karnataka City 3,4G,Postpaid,2.8,35.55,480,3.9,21
AIR101903,2025-12-15,Kerala,Kerala City 2,4G,Prepaid,6.4,43.65,954,4.11,36
AIR101904,2025-02-15,Telangana,Telangana City 2,5G,Prepaid,4.8,41.5,320,4.4,43
AIR101905,2025-03-15,Telangana,Telangana City 3,5G,Postpaid,6.2,34.5,582,3.82,26
AIR101906,2025-04-15,Kerala,Kerala City 3,4G,Broadband,1.7,16.76,423,3.59,18
AIR101907,2025-05-15,Rajasthan,Rajasthan City 1,5G,Postpaid,3.7,27.09,190,3.89,26
AIR101908,2025-06-15,Delhi,Delhi City 2,5G,Broadband,5.7,30.11,281,3.61,15
AIR101909,2025-07-15,Maharashtra,Maharashtra City 3,4G,Postpaid,6,13.76,329,3.58,9
AIR101910,2025-08-15,Delhi,Delhi City 1,4G,Prepaid,6.4,19.13,861,3.9,45
AIR101911,2025-09-15,Kerala,Kerala City 3,5G,Postpaid,3.6,34.82,372,3.48,38
AIR101912,2025-10-15,Gujarat,Gujarat City 3,4G,Postpaid,4.6,21.4,251,3.39,11
AIR101913,2025-11-15,Maharashtra,Maharashtra City 3,4G,Prepaid,5.7,17.96,364,3.04,5
AIR101914,2025-12-15,Karnataka,Karnataka City 2,4G,Broadband,6.6,13.25,296,3.49,27
AIR101915,2025-02-15,Delhi,Delhi City 3,5G,Postpaid,1.7,41.64,474,3.6,6
AIR101916,2025-03-15,Kerala,Kerala City 1,5G,Prepaid,1.9,53.01,268,3.39,19
AIR101917,2025-04-15,Delhi,Delhi City 3,4G,Enterprise,5.3,22.11,697,3.91,40
AIR101918,2025-05-15,Maharashtra,Maharashtra City 3,5G,Prepaid,1.5,50.48,469,3.14,-7
AIR101919,2025-06-15,West Bengal,West Bengal City 1,5G,Broadband,4.3,40.38,574,3.16,5
AIR101920,2025-07-15,Uttar Pradesh,Uttar Pradesh City 1,5G,Prepaid,1.7,31.12,444,3.24,5
AIR101921,2025-08-15,Delhi,Delhi City 2,4G,Postpaid,2.4,22.7,456,3.07,4
AIR101922,2025-09-15,Karnataka,Karnataka City 2,4G,Postpaid,1.5,18.43,292,3.71,20
AIR101923,2025-10-15,Karnataka,Karnataka City 2,5G,Postpaid,5,30.94,592,3.77,24
AIR101924,2025-11-15,Tamil Nadu,Tamil Nadu City 2,4G,Prepaid,6.5,19.73,592,4.12,40
AIR101925,2025-12-15,Delhi,Delhi City 1,4G,Prepaid,1,25.85,302,3.54,25
AIR101926,2025-02-15,Uttar Pradesh,Uttar Pradesh City 3,5G,Prepaid,3,8.1,769,3.9,32
AIR101927,2025-03-15,Rajasthan,Rajasthan City 3,4G,Broadband,5.4,27.49,40,3.4,22
AIR101928,2025-04-15,Telangana,Telangana City 3,5G,Prepaid,5.2,15.75,335,4.61,43
AIR101929,2025-05-15,Uttar Pradesh,Uttar Pradesh City 2,4G,Postpaid,2,26.79,755,3.49,17
AIR101930,2025-06-15,Telangana,Telangana City 1,4G,Broadband,5.9,23.45,327,3.22,14
AIR101931,2025-07-15,Telangana,Telangana City 1,4G,Broadband,4.8,18.24,422,3.6,14
AIR101932,2025-08-15,West Bengal,West Bengal City 1,4G,Prepaid,5.1,13.75,530,2.66,1
AIR101933,2025-09-15,Tamil Nadu,Tamil Nadu City 3,4G,Broadband,4.2,19.21,346,3.49,23
AIR101934,2025-10-15,Uttar Pradesh,Uttar Pradesh City 2,5G,Prepaid,0.9,1,395,3.91,39
AIR101935,2025-11-15,Uttar Pradesh,Uttar Pradesh City 1,4G,Postpaid,4.2,1,559,4.11,32
AIR101936,2025-12-15,West Bengal,West Bengal City 2,4G,Postpaid,2.2,30.21,495,3.45,7
AIR101937,2025-02-15,Delhi,Delhi City 1,4G,Prepaid,0.2,24.43,649,3.5,19
AIR101938,2025-03-15,Delhi,Delhi City 2,4G,Prepaid,3.3,17.97,574,3.54,24
AIR101939,2025-04-15,Delhi,Delhi City 1,4G,Postpaid,0.3,31.26,217,3.12,13
AIR101940,2025-05-15,Gujarat,Gujarat City 2,4G,Prepaid,2.8,27.89,259,3.56,12
AIR101941,2025-06-15,Telangana,Telangana City 1,4G,Broadband,0.9,23.77,269,3.46,37
AIR101942,2025-07-15,Gujarat,Gujarat City 1,5G,Prepaid,2.8,28.59,503,4.19,42
AIR101943,2025-08-15,Tamil Nadu,Tamil Nadu City 2,4G,Broadband,2.2,20.47,536,3.66,21
AIR101944,2025-09-15,West Bengal,West Bengal City 2,5G,Postpaid,6.1,24.65,340,3.76,15
AIR101945,2025-10-15,Uttar Pradesh,Uttar Pradesh City 3,5G,Enterprise,5.6,39.12,696,4.06,19
AIR101946,2025-11-15,Telangana,Telangana City 2,5G,Postpaid,2.3,32.65,143,3.82,43
AIR101947,2025-12-15,Gujarat,Gujarat City 1,4G,Broadband,6.1,19,392,4.15,51
AIR101948,2025-02-15,Gujarat,Gujarat City 1,4G,Prepaid,2.8,20.78,238,3.8,41
AIR101949,2025-03-15,Kerala,Kerala City 2,4G,Postpaid,0.3,31.29,215,3.07,-15
AIR101950,2025-04-15,Gujarat,Gujarat City 3,5G,Prepaid,4.7,11.67,109,5,71
AIR101951,2025-05-15,Rajasthan,Rajasthan City 2,4G,Prepaid,0.8,14.62,300,3.58,19
AIR101952,2025-06-15,Uttar Pradesh,Uttar Pradesh City 1,4G,Postpaid,4.7,24.84,698,3.93,22
AIR101953,2025-07-15,Rajasthan,Rajasthan City 1,4G,Postpaid,2.8,24.36,343,4.21,54
AIR101954,2025-08-15,Uttar Pradesh,Uttar Pradesh City 3,4G,Prepaid,4.6,9.53,36,3.72,23
AIR101955,2025-09-15,West Bengal,West Bengal City 2,4G,Postpaid,6,23.16,461,3.55,16
AIR101956,2025-10-15,Uttar Pradesh,Uttar Pradesh City 1,4G,Postpaid,2.7,14.87,553,4.02,33
AIR101957,2025-11-15,Rajasthan,Rajasthan City 1,4G,Prepaid,2.9,9.08,245,3.76,34
AIR101958,2025-12-15,Uttar Pradesh,Uttar Pradesh City 1,4G,Postpaid,3.4,22.86,355,3.47,1
AIR101959,2025-02-15,West Bengal,West Bengal City 2,4G,Postpaid,0.8,21.22,301,3.42,24
AIR101960,2025-03-15,West Bengal,West Bengal City 2,4G,Prepaid,4.3,26.31,414,3.26,-2
AIR101961,2025-04-15,Tamil Nadu,Tamil Nadu City 3,4G,Postpaid,1.5,8.87,443,3.8,46
AIR101962,2025-05-15,Uttar Pradesh,Uttar Pradesh City 1,5G,Postpaid,2.2,18.97,207,4.08,42
AIR101963,2025-06-15,Kerala,Kerala City 1,4G,Broadband,6,22.38,535,4.15,27
AIR101964,2025-07-15,Delhi,Delhi City 3,5G,Prepaid,2.9,25.3,438,3.91,31
AIR101965,2025-08-15,Karnataka,Karnataka City 1,4G,Broadband,4.4,25.69,372,3.3,1
AIR101966,2025-09-15,West Bengal,West Bengal City 3,5G,Prepaid,6.3,16.51,162,4.22,36
AIR101967,2025-10-15,Maharashtra,Maharashtra City 3,4G,Prepaid,3.8,16.45,470,3.3,10
AIR101968,2025-11-15,Delhi,Delhi City 1,4G,Prepaid,4.7,14.35,311,2.73,-17
AIR101969,2025-12-15,Telangana,Telangana City 2,4G,Broadband,3.3,17.97,236,3.36,9
AIR101970,2025-02-15,Uttar Pradesh,Uttar Pradesh City 2,5G,Postpaid,5.7,12.6,293,4.35,53
AIR101971,2025-03-15,Rajasthan,Rajasthan City 2,4G,Prepaid,0.7,18.04,103,3.84,24
AIR101972,2025-04-15,Karnataka,Karnataka City 2,4G,Prepaid,4.9,14.58,546,3.28,7
AIR101973,2025-05-15,Maharashtra,Maharashtra City 1,4G,Prepaid,6,25.09,495,3.92,46
AIR101974,2025-06-15,Delhi,Delhi City 3,4G,Prepaid,6.4,40.47,288,3.33,-11
AIR101975,2025-07-15,Uttar Pradesh,Uttar Pradesh City 3,4G,Postpaid,1.9,16.95,86,3.48,38
AIR101976,2025-08-15,Tamil Nadu,Tamil Nadu City 1,4G,Postpaid,1.9,39.96,52,3.99,25
AIR101977,2025-09-15,Telangana,Telangana City 2,4G,Broadband,5.1,17.48,197,3.9,61
AIR101978,2025-10-15,Karnataka,Karnataka City 3,4G,Enterprise,5.5,12.48,494,3.78,43
AIR101979,2025-11-15,Kerala,Kerala City 1,5G,Postpaid,5.6,21.07,455,4.35,30
AIR101980,2025-12-15,Tamil Nadu,Tamil Nadu City 1,4G,Prepaid,1.9,16.2,505,3.73,28
AIR101981,2025-02-15,Maharashtra,Maharashtra City 2,4G,Prepaid,5.8,21.18,472,3.55,19
AIR101982,2025-03-15,Karnataka,Karnataka City 1,5G,Postpaid,3.9,43.66,385,3.56,14
AIR101983,2025-04-15,Tamil Nadu,Tamil Nadu City 3,4G,Postpaid,6.1,15.5,315,3.36,8
AIR101984,2025-05-15,Telangana,Telangana City 3,4G,Postpaid,3.3,30.36,520,3.78,23
AIR101985,2025-06-15,Kerala,Kerala City 1,5G,Enterprise,5,4.48,530,4.3,56
AIR101986,2025-07-15,Tamil Nadu,Tamil Nadu City 3,4G,Broadband,4.3,21.15,338,2.96,3
AIR101987,2025-08-15,Gujarat,Gujarat City 1,4G,Prepaid,2.5,29.3,348,3.63,29
AIR101988,2025-09-15,Kerala,Kerala City 3,5G,Prepaid,5.7,43.11,118,4.07,49
AIR101989,2025-10-15,Maharashtra,Maharashtra City 2,5G,Broadband,5.5,15.66,509,3.97,6
AIR101990,2025-11-15,Telangana,Telangana City 3,4G,Broadband,1.7,20.79,563,3.32,16
AIR101991,2025-12-15,Uttar Pradesh,Uttar Pradesh City 2,4G,Prepaid,6.1,1,320,3.94,42
AIR101992,2025-02-15,Rajasthan,Rajasthan City 2,4G,Postpaid,5.5,17.65,347,4.21,37
AIR101993,2025-03-15,Rajasthan,Rajasthan City 1,4G,Postpaid,4.8,9.72,306,3.72,36
AIR101994,2025-04-15,Rajasthan,Rajasthan City 2,4G,Postpaid,4.1,9.6,409,2.93,-3
AIR101995,2025-05-15,Karnataka,Karnataka City 3,4G,Prepaid,2.1,14.93,258,2.85,-8
AIR101996,2025-06-15,Maharashtra,Maharashtra City 3,5G,Broadband,2.4,19.12,406,3.95,41
AIR101997,2025-07-15,Telangana,Telangana City 2,5G,Postpaid,4,40.09,231,3.67,29
AIR101998,2025-08-15,Kerala,Kerala City 1,4G,Prepaid,4.5,15.57,349,3.7,38
AIR101999,2025-09-15,Karnataka,Karnataka City 2,4G,Postpaid,1.8,18.97,377,3.15,2
AIR102000,2025-10-15,Maharashtra,Maharashtra City 3,4G,Postpaid,5.6,31.03,297,3.79,47
AIR102001,2025-11-15,Uttar Pradesh,Uttar Pradesh City 3,4G,Broadband,3.1,11.32,1064,3.16,-6
AIR102002,2025-12-15,Gujarat,Gujarat City 2,4G,Prepaid,6.1,26.89,266,3.22,1
AIR102003,2025-02-15,Telangana,Telangana City 2,5G,Enterprise,3.7,36.82,769,3.79,31
AIR102004,2025-03-15,Rajasthan,Rajasthan City 2,4G,Prepaid,5.7,8.4,363,3.14,12
AIR102005,2025-04-15,Tamil Nadu,Tamil Nadu City 3,5G,Postpaid,4.7,52.45,441,3.87,23
AIR102006,2025-05-15,Telangana,Telangana City 3,4G,Postpaid,4.1,26.86,604,3.36,20
AIR102007,2025-06-15,West Bengal,West Bengal City 3,4G,Prepaid,2.1,43.43,514,2.94,5
AIR102008,2025-07-15,Maharashtra,Maharashtra City 1,4G,Postpaid,1.6,12.19,247,2.82,-1
AIR102009,2025-08-15,Delhi,Delhi City 3,4G,Broadband,1.5,9.54,670,4.1,22
AIR102010,2025-09-15,Uttar Pradesh,Uttar Pradesh City 3,5G,Postpaid,3.7,16.84,273,4.42,63
AIR102011,2025-10-15,Gujarat,Gujarat City 1,5G,Postpaid,3.6,18.74,216,3.64,48
AIR102012,2025-11-15,Uttar Pradesh,Uttar Pradesh City 1,4G,Prepaid,4.8,9.58,441,3.37,9
AIR102013,2025-12-15,Telangana,Telangana City 1,4G,Prepaid,4.4,20.22,410,3.63,4
AIR102014,2025-02-15,Delhi,Delhi City 1,4G,Prepaid,3.5,18.38,476,3.15,14
AIR102015,2025-03-15,West Bengal,West Bengal City 1,5G,Enterprise,0.4,39.54,32,3.72,20
AIR102016,2025-04-15,Kerala,Kerala City 1,5G,Postpaid,4.6,37.41,666,3.76,11
AIR102017,2025-05-15,Tamil Nadu,Tamil Nadu City 2,4G,Enterprise,6.4,15.6,703,3.45,21
AIR102018,2025-06-15,Delhi,Delhi City 2,4G,Prepaid,0.6,25.04,275,3.12,1
AIR102019,2025-07-15,Maharashtra,Maharashtra City 2,4G,Postpaid,2.4,3.69,477,3.17,-3
AIR102020,2025-08-15,Rajasthan,Rajasthan City 2,4G,Prepaid,3.9,34.8,610,2.96,6
AIR102021,2025-09-15,West Bengal,West Bengal City 3,4G,Postpaid,5.6,10.02,252,3.34,11
AIR102022,2025-10-15,Tamil Nadu,Tamil Nadu City 1,4G,Prepaid,4.8,17.23,857,3.21,18
AIR102023,2025-11-15,Gujarat,Gujarat City 3,5G,Prepaid,1.9,15.23,495,3.82,35
AIR102024,2025-12-15,Rajasthan,Rajasthan City 1,4G,Postpaid,1.4,26.83,327,3.55,13
AIR102025,2025-02-15,Telangana,Telangana City 1,4G,Prepaid,2.1,23.11,485,3.52,20
AIR102026,2025-03-15,Delhi,Delhi City 3,5G,Postpaid,4.1,36.66,658,4.07,46
AIR102027,2025-04-15,Tamil Nadu,Tamil Nadu City 2,4G,Postpaid,4.8,8.58,531,3.27,11
AIR102028,2025-05-15,Karnataka,Karnataka City 3,4G,Postpaid,6.4,12.74,472,4.02,25
AIR102029,2025-06-15,Kerala,Kerala City 3,4G,Enterprise,5.7,21.94,327,3.54,20
AIR102030,2025-07-15,Kerala,Kerala City 1,4G,Prepaid,3.6,16.2,465,3.38,13
AIR102031,2025-08-15,West Bengal,West Bengal City 1,4G,Postpaid,4.7,15.03,548,2.39,-32
AIR102032,2025-09-15,Gujarat,Gujarat City 1,4G,Broadband,1.2,22.87,363,2.71,-11
AIR102033,2025-10-15,West Bengal,West Bengal City 2,5G,Postpaid,1.3,32.97,406,4.12,36
AIR102034,2025-11-15,Karnataka,Karnataka City 3,4G,Prepaid,1.1,14.63,654,3.32,16
AIR102035,2025-12-15,Maharashtra,Maharashtra City 3,5G,Broadband,2.3,28.46,358,3.94,35
AIR102036,2025-02-15,Gujarat,Gujarat City 2,4G,Prepaid,0.6,15.88,436,2.83,-16
AIR102037,2025-03-15,Uttar Pradesh,Uttar Pradesh City 3,5G,Prepaid,0.5,50.08,465,4.15,55
AIR102038,2025-04-15,Maharashtra,Maharashtra City 3,4G,Prepaid,0.8,20.63,276,3.06,0
AIR102039,2025-05-15,Gujarat,Gujarat City 1,5G,Prepaid,5.1,31.26,459,3.68,4
AIR102040,2025-06-15,Gujarat,Gujarat City 2,4G,Prepaid,5.5,19.62,569,3.5,14
AIR102041,2025-07-15,Karnataka,Karnataka City 1,4G,Prepaid,4.5,18.92,541,2.51,-22
AIR102042,2025-08-15,Telangana,Telangana City 2,4G,Prepaid,1.9,31.27,313,3.56,15
AIR102043,2025-09-15,Karnataka,Karnataka City 1,5G,Prepaid,1,20.65,171,4.04,32
AIR102044,2025-10-15,Gujarat,Gujarat City 3,4G,Prepaid,5.7,30.36,662,3.99,38
AIR102045,2025-11-15,Tamil Nadu,Tamil Nadu City 2,4G,Postpaid,6.9,20.57,484,3.41,25
AIR102046,2025-12-15,Maharashtra,Maharashtra City 2,4G,Prepaid,6.3,25.6,628,3.53,11
AIR102047,2025-02-15,Karnataka,Karnataka City 1,5G,Prepaid,5,51.99,555,3.64,21
AIR102048,2025-03-15,Telangana,Telangana City 2,4G,Prepaid,1.9,8.27,469,3.14,2
AIR102049,2025-04-15,Delhi,Delhi City 3,5G,Prepaid,2.5,21.46,530,4.47,43
AIR102050,2025-05-15,West Bengal,West Bengal City 3,5G,Prepaid,5.7,37.64,436,3.53,13
AIR102051,2025-06-15,Gujarat,Gujarat City 3,4G,Prepaid,4.8,23.56,572,3.83,51
AIR102052,2025-07-15,Uttar Pradesh,Uttar Pradesh City 1,4G,Postpaid,2.5,11.62,527,3.45,9
AIR102053,2025-08-15,Delhi,Delhi City 2,5G,Postpaid,6,22.87,200,3.99,47
AIR102054,2025-09-15,Kerala,Kerala City 1,4G,Broadband,1.5,5.65,350,3.47,-3
AIR102055,2025-10-15,Rajasthan,Rajasthan City 3,4G,Postpaid,1.5,7.17,522,3.56,12
AIR102056,2025-11-15,Telangana,Telangana City 2,5G,Postpaid,1.7,57.74,733,3.66,35
AIR102057,2025-12-15,Uttar Pradesh,Uttar Pradesh City 3,5G,Prepaid,6.1,26.59,335,3.51,20
AIR102058,2025-02-15,Rajasthan,Rajasthan City 2,5G,Postpaid,3.5,7.1,409,3.82,19
AIR102059,2025-03-15,Telangana,Telangana City 2,4G,Prepaid,3.7,12.69,389,4.17,32
AIR102060,2025-04-15,Tamil Nadu,Tamil Nadu City 1,4G,Postpaid,1.9,31.63,268,3.16,10
AIR102061,2025-05-15,West Bengal,West Bengal City 2,4G,Prepaid,0.6,17.1,192,3.81,27
AIR102062,2025-06-15,Delhi,Delhi City 3,4G,Postpaid,5,4.98,414,3.74,20
AIR102063,2025-07-15,Maharashtra,Maharashtra City 2,4G,Broadband,5.6,17.71,306,4.27,57
AIR102064,2025-08-15,Telangana,Telangana City 3,4G,Broadband,4.3,16.61,356,2.88,-14
AIR102065,2025-09-15,Maharashtra,Maharashtra City 1,4G,Prepaid,2.2,23.41,419,3.62,14
AIR102066,2025-10-15,West Bengal,West Bengal City 3,5G,Prepaid,2.8,43.26,333,3.74,23
AIR102067,2025-11-15,Gujarat,Gujarat City 2,5G,Broadband,4.5,38.02,283,4.17,33
AIR102068,2025-12-15,Kerala,Kerala City 3,5G,Postpaid,1.9,40.83,759,3.64,15
AIR102069,2025-02-15,Delhi,Delhi City 3,4G,Postpaid,1.6,39.34,669,3.1,17
AIR102070,2025-03-15,West Bengal,West Bengal City 2,4G,Postpaid,3.1,15.53,192,3.78,7
AIR102071,2025-04-15,West Bengal,West Bengal City 3,5G,Postpaid,1.7,29.73,327,4.59,35
AIR102072,2025-05-15,Tamil Nadu,Tamil Nadu City 2,4G,Enterprise,2.6,6.46,724,3.79,24
AIR102073,2025-06-15,Rajasthan,Rajasthan City 1,4G,Postpaid,4.4,22.35,441,3.8,16
AIR102074,2025-07-15,Kerala,Kerala City 3,4G,Postpaid,1.6,6.46,469,3.42,4
AIR102075,2025-08-15,Delhi,Delhi City 1,4G,Postpaid,1.6,19.73,484,3.29,10
AIR102076,2025-09-15,Gujarat,Gujarat City 3,4G,Broadband,2.6,18.19,560,3.42,-2
AIR102077,2025-10-15,Gujarat,Gujarat City 3,5G,Postpaid,6.4,29.76,340,4.05,30
AIR102078,2025-11-15,Karnataka,Karnataka City 1,5G,Postpaid,4.3,19.06,173,3.92,16
AIR102079,2025-12-15,West Bengal,West Bengal City 3,4G,Enterprise,5.4,6.53,585,3.85,26
AIR102080,2025-02-15,Telangana,Telangana City 3,4G,Postpaid,2.5,10.18,178,4.19,34
AIR102081,2025-03-15,Tamil Nadu,Tamil Nadu City 1,5G,Prepaid,5.5,33.12,314,3.28,11
AIR102082,2025-04-15,Kerala,Kerala City 3,4G,Postpaid,2.3,29.86,325,2.53,-10
AIR102083,2025-05-15,Gujarat,Gujarat City 2,4G,Postpaid,3.4,22.56,226,3.39,13
AIR102084,2025-06-15,Delhi,Delhi City 3,5G,Prepaid,5.2,44.45,536,4.2,33
AIR102085,2025-07-15,Karnataka,Karnataka City 3,5G,Postpaid,3.4,51.08,645,4.55,68
AIR102086,2025-08-15,Delhi,Delhi City 3,5G,Postpaid,4.1,27.66,410,4.04,28
AIR102087,2025-09-15,Tamil Nadu,Tamil Nadu City 1,4G,Postpaid,4.1,12.06,696,3.69,13
AIR102088,2025-10-15,Telangana,Telangana City 2,4G,Postpaid,3.8,29.29,465,3.75,28
AIR102089,2025-11-15,Karnataka,Karnataka City 2,5G,Postpaid,6.1,26.38,281,3.66,16
AIR102090,2025-12-15,Karnataka,Karnataka City 3,4G,Enterprise,3,34.25,557,3.81,26
AIR102091,2025-02-15,Rajasthan,Rajasthan City 1,5G,Prepaid,2.8,47.43,34,4.06,48
AIR102092,2025-03-15,Kerala,Kerala City 1,4G,Prepaid,6,12.31,217,3.51,23
AIR102093,2025-04-15,Karnataka,Karnataka City 2,5G,Prepaid,0.3,17.28,550,4.43,51
AIR102094,2025-05-15,Rajasthan,Rajasthan City 1,4G,Postpaid,5.9,13.75,222,3.19,10
AIR102095,2025-06-15,Rajasthan,Rajasthan City 3,4G,Prepaid,4.5,10.29,287,4.13,50
AIR102096,2025-07-15,Tamil Nadu,Tamil Nadu City 3,4G,Prepaid,6.5,20.09,607,2.98,-11
AIR102097,2025-08-15,Maharashtra,Maharashtra City 1,5G,Postpaid,5.2,29.24,539,4.49,69
AIR102098,2025-09-15,Delhi,Delhi City 3,4G,Prepaid,2,21.66,189,2.92,-1
AIR102099,2025-10-15,Telangana,Telangana City 2,4G,Postpaid,6.1,18.98,360,3.15,11
AIR102100,2025-11-15,Uttar Pradesh,Uttar Pradesh City 3,5G,Postpaid,2.5,61.95,511,3.06,2
AIR102101,2025-12-15,Delhi,Delhi City 1,4G,Postpaid,2.4,9.55,629,3.47,25
AIR102102,2025-02-15,Karnataka,Karnataka City 2,4G,Prepaid,0.2,12.13,273,3.41,26
AIR102103,2025-03-15,Telangana,Telangana City 3,4G,Postpaid,0.5,16.92,474,4.14,57
AIR102104,2025-04-15,Gujarat,Gujarat City 2,5G,Prepaid,1.1,22.06,525,3.97,51
AIR102105,2025-05-15,Maharashtra,Maharashtra City 1,4G,Broadband,2.9,24.62,326,4.45,48
AIR102106,2025-06-15,Gujarat,Gujarat City 3,4G,Broadband,1.6,3.32,561,3.16,-2
AIR102107,2025-07-15,Gujarat,Gujarat City 3,5G,Prepaid,2.5,15.33,503,3.94,33
AIR102108,2025-08-15,Kerala,Kerala City 2,4G,Prepaid,2.5,30.87,511,4.02,39
AIR102109,2025-09-15,Delhi,Delhi City 3,4G,Prepaid,3.3,13.45,461,3.8,28
AIR102110,2025-10-15,Uttar Pradesh,Uttar Pradesh City 3,4G,Prepaid,6.2,21.54,721,3.23,18
AIR102111,2025-11-15,Tamil Nadu,Tamil Nadu City 3,5G,Postpaid,4.9,60.69,495,4.39,50
AIR102112,2025-12-15,Uttar Pradesh,Uttar Pradesh City 3,4G,Postpaid,4.4,13.49,591,4.47,51
AIR102113,2025-02-15,Gujarat,Gujarat City 1,5G,Prepaid,6.1,33.9,807,3.61,14
AIR102114,2025-03-15,Karnataka,Karnataka City 3,5G,Postpaid,3.7,41.32,618,3.65,17
AIR102115,2025-04-15,Maharashtra,Maharashtra City 2,4G,Broadband,4,11.75,429,3.68,18
AIR102116,2025-05-15,West Bengal,West Bengal City 1,5G,Postpaid,6.1,38.98,759,4.34,41
AIR102117,2025-06-15,Uttar Pradesh,Uttar Pradesh City 2,4G,Prepaid,0.7,18.41,218,3.79,41
AIR102118,2025-07-15,Gujarat,Gujarat City 2,4G,Postpaid,5.4,8.21,216,3.28,26
AIR102119,2025-08-15,Maharashtra,Maharashtra City 2,4G,Postpaid,1.5,23.36,278,3.1,-3
AIR102120,2025-09-15,Telangana,Telangana City 1,5G,Broadband,2.6,32.01,351,3.46,9
AIR102121,2025-10-15,Delhi,Delhi City 1,4G,Prepaid,2.8,18.82,332,3.03,-6
AIR102122,2025-11-15,Rajasthan,Rajasthan City 1,4G,Prepaid,1.9,6.56,114,3.53,32
AIR102123,2025-12-15,Kerala,Kerala City 3,4G,Postpaid,5.8,14.47,162,3.53,4
AIR102124,2025-02-15,Maharashtra,Maharashtra City 2,4G,Postpaid,6.1,16.6,136,3.43,7
AIR102125,2025-03-15,Karnataka,Karnataka City 1,4G,Postpaid,4.5,8.91,583,3.73,35
AIR102126,2025-04-15,Karnataka,Karnataka City 2,4G,Prepaid,5,36.87,286,3.21,39
AIR102127,2025-05-15,Maharashtra,Maharashtra City 1,4G,Postpaid,0.5,28.02,164,3.16,4
AIR102128,2025-06-15,Karnataka,Karnataka City 1,4G,Prepaid,2.3,19.52,532,3.57,3
AIR102129,2025-07-15,Delhi,Delhi City 1,4G,Prepaid,6.5,17.23,468,3.69,28
AIR102130,2025-08-15,Karnataka,Karnataka City 2,4G,Postpaid,5.5,26.27,597,3.76,36
AIR102131,2025-09-15,Uttar Pradesh,Uttar Pradesh City 3,5G,Prepaid,2.8,52.47,257,4.22,47
AIR102132,2025-10-15,Rajasthan,Rajasthan City 1,5G,Prepaid,1.3,23.85,685,4.65,38
AIR102133,2025-11-15,Karnataka,Karnataka City 1,4G,Postpaid,1.8,20.35,376,3.09,8
AIR102134,2025-12-15,Rajasthan,Rajasthan City 1,4G,Postpaid,1.2,17.44,364,3.05,-3
AIR102135,2025-02-15,Gujarat,Gujarat City 3,5G,Prepaid,3.4,23.49,282,4.45,44
AIR102136,2025-03-15,Tamil Nadu,Tamil Nadu City 2,5G,Postpaid,5,36.65,714,3.25,1
AIR102137,2025-04-15,Delhi,Delhi City 2,4G,Prepaid,5.9,23.49,20,3.39,7
AIR102138,2025-05-15,Tamil Nadu,Tamil Nadu City 2,4G,Prepaid,5.2,9.06,302,3.62,17
AIR102139,2025-06-15,Gujarat,Gujarat City 2,4G,Postpaid,1,31.42,275,3.63,17
AIR102140,2025-07-15,Delhi,Delhi City 1,4G,Prepaid,4.4,18.74,462,3.43,8
AIR102141,2025-08-15,Maharashtra,Maharashtra City 3,4G,Enterprise,3.6,7.66,349,3.31,18
AIR102142,2025-09-15,Maharashtra,Maharashtra City 1,5G,Prepaid,2.3,42.65,679,4.1,45
AIR102143,2025-10-15,Rajasthan,Rajasthan City 3,4G,Postpaid,2.9,16.62,100,3.63,14
AIR102144,2025-11-15,Gujarat,Gujarat City 2,5G,Broadband,6.4,25.6,482,3.67,30
AIR102145,2025-12-15,Rajasthan,Rajasthan City 3,5G,Enterprise,3.4,35.39,572,4.7,58
AIR102146,2025-02-15,Kerala,Kerala City 1,5G,Prepaid,4.9,31.5,282,3.82,27
AIR102147,2025-03-15,Karnataka,Karnataka City 1,5G,Broadband,5.1,13.36,523,4.55,67
AIR102148,2025-04-15,West Bengal,West Bengal City 2,5G,Enterprise,5.9,50.02,609,3.41,24
AIR102149,2025-05-15,Kerala,Kerala City 1,4G,Prepaid,4.7,18.88,20,3.88,27
AIR102150,2025-06-15,Karnataka,Karnataka City 1,5G,Postpaid,4.8,27.86,298,3.92,36
AIR102151,2025-07-15,Delhi,Delhi City 3,5G,Prepaid,2.2,18.69,461,4.41,52
AIR102152,2025-08-15,Rajasthan,Rajasthan City 1,4G,Postpaid,1.1,38.32,363,3.87,23
AIR102153,2025-09-15,Delhi,Delhi City 2,5G,Postpaid,2.8,36.21,493,3.35,18
AIR102154,2025-10-15,Delhi,Delhi City 2,5G,Prepaid,6.8,20.96,420,3.8,35
AIR102155,2025-11-15,Karnataka,Karnataka City 1,5G,Postpaid,3.6,37.33,341,3.48,7
AIR102156,2025-12-15,Gujarat,Gujarat City 2,4G,Prepaid,2.2,26.99,419,3.61,30
AIR102157,2025-02-15,Karnataka,Karnataka City 3,4G,Broadband,4.5,10.26,279,3.8,50
AIR102158,2025-03-15,Telangana,Telangana City 3,4G,Prepaid,4.5,22.05,496,3.43,16
AIR102159,2025-04-15,Maharashtra,Maharashtra City 1,4G,Postpaid,1,21.06,416,3.26,-4
AIR102160,2025-05-15,Maharashtra,Maharashtra City 1,4G,Prepaid,2.3,13.04,526,3.77,22
AIR102161,2025-06-15,Kerala,Kerala City 3,4G,Prepaid,0.5,28.37,364,3.12,0
AIR102162,2025-07-15,Maharashtra,Maharashtra City 2,5G,Postpaid,1.9,47.91,430,4.06,25
AIR102163,2025-08-15,Karnataka,Karnataka City 1,4G,Prepaid,3,17.85,475,3.13,1
AIR102164,2025-09-15,Uttar Pradesh,Uttar Pradesh City 1,4G,Postpaid,3.3,1,441,3.3,1
AIR102165,2025-10-15,Rajasthan,Rajasthan City 2,4G,Broadband,2.2,15.77,102,3.09,0
AIR102166,2025-11-15,Karnataka,Karnataka City 1,4G,Prepaid,2.2,20.11,300,3.15,14
AIR102167,2025-12-15,Karnataka,Karnataka City 2,4G,Broadband,4.1,13.54,419,3.81,39
AIR102168,2025-02-15,West Bengal,West Bengal City 2,4G,Prepaid,1.4,21.83,604,3.36,24
AIR102169,2025-03-15,Rajasthan,Rajasthan City 2,4G,Prepaid,5.6,17.56,685,4.13,21
AIR102170,2025-04-15,Telangana,Telangana City 2,4G,Prepaid,2.1,30.36,674,2.99,-5
AIR102171,2025-05-15,Maharashtra,Maharashtra City 2,4G,Enterprise,4.5,1.64,163,3.86,26
AIR102172,2025-06-15,Rajasthan,Rajasthan City 3,4G,Prepaid,3.9,35.95,527,3.21,9
AIR102173,2025-07-15,Maharashtra,Maharashtra City 2,4G,Broadband,5.7,15.79,72,3.61,26
AIR102174,2025-08-15,Kerala,Kerala City 3,4G,Enterprise,1.1,25.22,566,3.07,2
AIR102175,2025-09-15,Rajasthan,Rajasthan City 2,4G,Prepaid,1.3,21.43,379,4.09,52
AIR102176,2025-10-15,Maharashtra,Maharashtra City 1,5G,Postpaid,2.7,13.13,282,3.89,28
AIR102177,2025-11-15,Telangana,Telangana City 3,5G,Postpaid,6.5,43.21,461,3.81,31
AIR102178,2025-12-15,Tamil Nadu,Tamil Nadu City 1,4G,Prepaid,6.4,9.44,484,3.41,3
AIR102179,2025-02-15,Delhi,Delhi City 2,4G,Prepaid,2.2,17.64,359,3.55,26
AIR102180,2025-03-15,Delhi,Delhi City 2,4G,Prepaid,1.9,7.72,403,3.16,10
AIR102181,2025-04-15,Telangana,Telangana City 1,4G,Postpaid,1.1,26.57,186,3.6,41
AIR102182,2025-05-15,West Bengal,West Bengal City 2,5G,Postpaid,5.6,40.54,429,4.16,50
AIR102183,2025-06-15,Tamil Nadu,Tamil Nadu City 1,5G,Prepaid,2.4,65.23,577,3.83,38
AIR102184,2025-07-15,Kerala,Kerala City 2,5G,Prepaid,4.4,32.14,342,3.78,35
AIR102185,2025-08-15,Telangana,Telangana City 2,5G,Broadband,3.2,33.04,619,3.91,24
AIR102186,2025-09-15,Delhi,Delhi City 3,5G,Prepaid,1.6,34.56,562,4.01,44
AIR102187,2025-10-15,Delhi,Delhi City 1,4G,Postpaid,5.8,11.18,335,2.94,-18
AIR102188,2025-11-15,Delhi,Delhi City 2,4G,Prepaid,2.8,23.37,451,3.04,-13
AIR102189,2025-12-15,Gujarat,Gujarat City 1,5G,Broadband,5.7,15.32,535,3.85,20
AIR102190,2025-02-15,Telangana,Telangana City 3,4G,Broadband,1.6,15.95,601,4.19,41
AIR102191,2025-03-15,Karnataka,Karnataka City 1,4G,Prepaid,0.9,10.58,151,3.38,-4
AIR102192,2025-04-15,Kerala,Kerala City 3,4G,Prepaid,0.8,21.51,635,3.77,21
AIR102193,2025-05-15,Delhi,Delhi City 1,5G,Postpaid,2.8,33.03,283,4.34,42
AIR102194,2025-06-15,Maharashtra,Maharashtra City 1,4G,Prepaid,2.8,3.24,284,2.61,6
AIR102195,2025-07-15,Telangana,Telangana City 3,5G,Prepaid,1.5,47.23,469,4.51,57
AIR102196,2025-08-15,Gujarat,Gujarat City 2,5G,Postpaid,1.1,21.2,124,3.79,25
AIR102197,2025-09-15,Telangana,Telangana City 2,5G,Prepaid,3.4,37.37,528,3.75,-1
AIR102198,2025-10-15,Kerala,Kerala City 2,5G,Prepaid,6,31.07,350,3.84,27
AIR102199,2025-11-15,Gujarat,Gujarat City 1,5G,Postpaid,3.2,24.44,441,3.6,39
AIR102200,2025-12-15,Kerala,Kerala City 1,4G,Postpaid,6.1,15.26,454,3.73,25
AIR102201,2025-02-15,Telangana,Telangana City 2,5G,Prepaid,1.3,40.78,556,3.69,19
AIR102202,2025-03-15,Karnataka,Karnataka City 1,4G,Postpaid,1.2,25.4,519,4.27,48
AIR102203,2025-04-15,Kerala,Kerala City 1,4G,Postpaid,1.3,17.26,322,3.86,34
AIR102204,2025-05-15,Gujarat,Gujarat City 2,4G,Postpaid,0.5,18.54,850,2.89,-12
AIR102205,2025-06-15,Gujarat,Gujarat City 3,4G,Prepaid,4.1,18.15,484,3.27,-3
AIR102206,2025-07-15,Kerala,Kerala City 1,4G,Prepaid,0.6,10.68,422,3.75,51
AIR102207,2025-08-15,Uttar Pradesh,Uttar Pradesh City 1,4G,Broadband,1.6,16.07,573,3.31,19
AIR102208,2025-09-15,Telangana,Telangana City 1,4G,Broadband,6.4,9.31,203,3.71,15
AIR102209,2025-10-15,Uttar Pradesh,Uttar Pradesh City 1,5G,Postpaid,1.9,34.93,142,5,79
AIR102210,2025-11-15,West Bengal,West Bengal City 3,4G,Prepaid,2.6,1,638,3.3,19
AIR102211,2025-12-15,Telangana,Telangana City 2,4G,Postpaid,2.7,10.26,304,3.22,1
AIR102212,2025-02-15,Kerala,Kerala City 1,4G,Broadband,3.5,7.72,395,3.25,8
AIR102213,2025-03-15,Tamil Nadu,Tamil Nadu City 2,4G,Prepaid,1.3,25.09,416,2.79,-10
AIR102214,2025-04-15,Kerala,Kerala City 1,5G,Prepaid,4.7,36.88,324,4.17,46
AIR102215,2025-05-15,Uttar Pradesh,Uttar Pradesh City 3,4G,Postpaid,4.7,31.11,381,3.62,5
AIR102216,2025-06-15,Karnataka,Karnataka City 2,5G,Broadband,3.3,25.09,266,3.81,34
AIR102217,2025-07-15,Kerala,Kerala City 3,4G,Prepaid,5.4,30.26,669,2.99,3
AIR102218,2025-08-15,Kerala,Kerala City 1,4G,Postpaid,1.5,19.7,256,3.56,28
AIR102219,2025-09-15,Karnataka,Karnataka City 3,4G,Postpaid,1.4,20.48,364,3.68,44
AIR102220,2025-10-15,Kerala,Kerala City 3,4G,Postpaid,4.9,31.85,337,3.24,6
AIR102221,2025-11-15,Delhi,Delhi City 1,4G,Postpaid,6.5,20.7,404,3.28,12
AIR102222,2025-12-15,Tamil Nadu,Tamil Nadu City 1,4G,Postpaid,1.3,2.63,667,3.05,2
AIR102223,2025-02-15,Maharashtra,Maharashtra City 2,4G,Prepaid,1,21.28,746,2.98,1
AIR102224,2025-03-15,Tamil Nadu,Tamil Nadu City 1,5G,Prepaid,0.9,8.03,622,4.47,61
AIR102225,2025-04-15,Kerala,Kerala City 2,5G,Postpaid,0.5,31.91,349,4.03,23
AIR102226,2025-05-15,Delhi,Delhi City 3,4G,Prepaid,3.2,7.19,158,3.25,-11
AIR102227,2025-06-15,Telangana,Telangana City 3,4G,Postpaid,2,14.24,700,2.46,-28
AIR102228,2025-07-15,Kerala,Kerala City 2,4G,Postpaid,1.1,21.59,590,3.84,42
AIR102229,2025-08-15,Uttar Pradesh,Uttar Pradesh City 1,5G,Prepaid,2.3,23.55,741,3.41,15
AIR102230,2025-09-15,Delhi,Delhi City 1,4G,Postpaid,1.5,24.34,497,3.66,38
AIR102231,2025-10-15,Karnataka,Karnataka City 3,4G,Postpaid,1.2,31.7,358,4.02,38
AIR102232,2025-11-15,Delhi,Delhi City 2,4G,Prepaid,2.2,17.91,714,3.81,27
AIR102233,2025-12-15,Karnataka,Karnataka City 3,4G,Postpaid,5.4,20.16,663,3.59,18
AIR102234,2025-02-15,West Bengal,West Bengal City 3,4G,Broadband,4.1,31.61,713,3.68,15
AIR102235,2025-03-15,Maharashtra,Maharashtra City 1,4G,Prepaid,3,21.83,432,3.56,22
AIR102236,2025-04-15,Rajasthan,Rajasthan City 2,5G,Postpaid,5.8,28.65,252,4.16,62
AIR102237,2025-05-15,Delhi,Delhi City 3,5G,Prepaid,4.2,19.43,20,3.58,26
AIR102238,2025-06-15,Gujarat,Gujarat City 1,4G,Prepaid,2.2,10.42,447,3.39,7
AIR102239,2025-07-15,Uttar Pradesh,Uttar Pradesh City 3,4G,Prepaid,5.4,16.07,340,3.49,4
AIR102240,2025-08-15,Kerala,Kerala City 3,4G,Postpaid,6.3,13.65,188,3.09,19
AIR102241,2025-09-15,Uttar Pradesh,Uttar Pradesh City 1,5G,Prepaid,5.7,27.67,457,3.54,48
AIR102242,2025-10-15,Tamil Nadu,Tamil Nadu City 1,5G,Prepaid,4.4,31.1,171,3.46,25
AIR102243,2025-11-15,Rajasthan,Rajasthan City 2,4G,Postpaid,3.5,32.21,504,3.26,10
AIR102244,2025-12-15,Tamil Nadu,Tamil Nadu City 3,4G,Prepaid,5.3,19.5,587,3.71,42
AIR102245,2025-02-15,West Bengal,West Bengal City 2,4G,Prepaid,5.8,28.36,172,3.54,32
AIR102246,2025-03-15,Rajasthan,Rajasthan City 1,4G,Prepaid,2,9.73,447,3.4,20
AIR102247,2025-04-15,Rajasthan,Rajasthan City 1,5G,Prepaid,0.9,17.5,598,3.92,36
AIR102248,2025-05-15,Tamil Nadu,Tamil Nadu City 3,5G,Postpaid,5.9,45.63,445,3.76,39
AIR102249,2025-06-15,Karnataka,Karnataka City 2,4G,Prepaid,5.5,20.27,628,3.87,16
AIR102250,2025-07-15,Tamil Nadu,Tamil Nadu City 2,4G,Prepaid,6.1,1,396,3.62,2
AIR102251,2025-08-15,Uttar Pradesh,Uttar Pradesh City 3,5G,Broadband,6.3,44.56,500,3.76,30
AIR102252,2025-09-15,Karnataka,Karnataka City 3,4G,Broadband,1.1,10.92,400,3.53,25
AIR102253,2025-10-15,Uttar Pradesh,Uttar Pradesh City 2,5G,Broadband,3,23.29,506,2.63,-21
AIR102254,2025-11-15,West Bengal,West Bengal City 1,4G,Broadband,2.8,34.11,342,3.76,21
AIR102255,2025-12-15,Kerala,Kerala City 1,5G,Postpaid,2.5,19.8,690,3.44,22
AIR102256,2025-02-15,Telangana,Telangana City 3,4G,Postpaid,5.7,10.08,564,3.81,35
AIR102257,2025-03-15,Karnataka,Karnataka City 2,4G,Postpaid,1.2,23.13,610,2.38,-21
AIR102258,2025-04-15,West Bengal,West Bengal City 2,4G,Postpaid,0.8,23.94,372,3.32,23
AIR102259,2025-05-15,Gujarat,Gujarat City 2,4G,Postpaid,0.6,9.99,865,2.92,-3
AIR102260,2025-06-15,West Bengal,West Bengal City 1,4G,Prepaid,4.8,25.1,452,3.13,13
AIR102261,2025-07-15,Tamil Nadu,Tamil Nadu City 1,5G,Broadband,4,45.9,706,3.55,6
AIR102262,2025-08-15,Tamil Nadu,Tamil Nadu City 2,5G,Postpaid,3.1,26.37,388,4.16,34
AIR102263,2025-09-15,Telangana,Telangana City 2,4G,Broadband,3.1,31.28,565,3.62,19
AIR102264,2025-10-15,West Bengal,West Bengal City 3,4G,Prepaid,3.6,9.56,565,3.65,19
AIR102265,2025-11-15,Maharashtra,Maharashtra City 3,5G,Prepaid,5.9,51.79,227,3.48,11
AIR102266,2025-12-15,Kerala,Kerala City 2,5G,Prepaid,4,14.77,378,4.33,49
AIR102267,2025-02-15,Tamil Nadu,Tamil Nadu City 2,4G,Postpaid,0.4,8.5,604,4.05,21
AIR102268,2025-03-15,Telangana,Telangana City 1,5G,Prepaid,2.4,36.84,696,4.07,37
AIR102269,2025-04-15,Kerala,Kerala City 2,4G,Prepaid,4.5,11.9,444,4.01,36
AIR102270,2025-05-15,West Bengal,West Bengal City 3,4G,Prepaid,3.2,6.06,855,3.6,23
AIR102271,2025-06-15,West Bengal,West Bengal City 1,4G,Prepaid,4.3,6.67,462,3.07,4
AIR102272,2025-07-15,Rajasthan,Rajasthan City 3,5G,Postpaid,6.4,35.47,694,4.33,47
AIR102273,2025-08-15,Telangana,Telangana City 3,4G,Broadband,1.4,35.06,671,4.18,35
AIR102274,2025-09-15,Tamil Nadu,Tamil Nadu City 1,4G,Prepaid,6,4.48,342,3.25,16
AIR102275,2025-10-15,Maharashtra,Maharashtra City 3,4G,Postpaid,6.1,19.99,634,3.3,17
AIR102276,2025-11-15,West Bengal,West Bengal City 2,4G,Prepaid,1.4,20.52,363,3.37,18
AIR102277,2025-12-15,Maharashtra,Maharashtra City 3,4G,Prepaid,3.3,11.61,813,3.78,20
AIR102278,2025-02-15,West Bengal,West Bengal City 1,4G,Postpaid,3.5,40.42,706,2.99,17
AIR102279,2025-03-15,Tamil Nadu,Tamil Nadu City 1,4G,Postpaid,1.5,19.09,552,3.27,-9
AIR102280,2025-04-15,Kerala,Kerala City 1,4G,Broadband,2.2,23.77,475,3.28,1
AIR102281,2025-05-15,Delhi,Delhi City 3,5G,Postpaid,2,24.39,509,2.98,-4
AIR102282,2025-06-15,Kerala,Kerala City 2,4G,Broadband,1.7,26.51,638,3.99,55
AIR102283,2025-07-15,West Bengal,West Bengal City 1,5G,Prepaid,1.1,41.54,163,3.64,31
AIR102284,2025-08-15,Uttar Pradesh,Uttar Pradesh City 2,4G,Prepaid,0.7,19.68,198,3.01,-1
AIR102285,2025-09-15,Delhi,Delhi City 1,4G,Prepaid,2.9,14.73,245,3.11,20
AIR102286,2025-10-15,Delhi,Delhi City 2,4G,Postpaid,4.2,26.53,319,3.2,-9
AIR102287,2025-11-15,Maharashtra,Maharashtra City 2,4G,Prepaid,0.9,25.38,746,3.29,6
AIR102288,2025-12-15,Telangana,Telangana City 2,4G,Prepaid,1.7,25.9,711,3.08,8
AIR102289,2025-02-15,Maharashtra,Maharashtra City 1,5G,Postpaid,4,46.65,578,4.1,42
AIR102290,2025-03-15,Maharashtra,Maharashtra City 3,5G,Prepaid,5.4,19.88,569,3.56,6
AIR102291,2025-04-15,Uttar Pradesh,Uttar Pradesh City 3,4G,Prepaid,2.7,29.95,217,3.31,6
AIR102292,2025-05-15,Kerala,Kerala City 3,4G,Prepaid,5.3,18.62,963,3.74,45
AIR102293,2025-06-15,Kerala,Kerala City 2,5G,Prepaid,1,22.74,299,4.03,31
AIR102294,2025-07-15,Gujarat,Gujarat City 1,4G,Postpaid,0.8,19.77,430,3.44,26
AIR102295,2025-08-15,West Bengal,West Bengal City 2,4G,Postpaid,3.7,8.85,389,2.88,-3
AIR102296,2025-09-15,Uttar Pradesh,Uttar Pradesh City 1,5G,Prepaid,5.4,26.66,217,3.65,36
AIR102297,2025-10-15,Gujarat,Gujarat City 2,5G,Prepaid,6.5,32.62,695,3.17,6
AIR102298,2025-11-15,Tamil Nadu,Tamil Nadu City 1,4G,Broadband,4.2,7.97,20,3.37,-12
AIR102299,2025-12-15,West Bengal,West Bengal City 1,4G,Postpaid,5.3,31.67,330,3.35,20
AIR102300,2025-02-15,West Bengal,West Bengal City 1,4G,Postpaid,4,20.13,503,4.2,34
AIR102301,2025-03-15,Rajasthan,Rajasthan City 2,5G,Postpaid,3.8,42.13,472,3.61,16
AIR102302,2025-04-15,Rajasthan,Rajasthan City 3,5G,Prepaid,1.6,30.96,317,3.81,17
AIR102303,2025-05-15,Karnataka,Karnataka City 2,4G,Enterprise,1.9,35.63,285,3.45,2
AIR102304,2025-06-15,Karnataka,Karnataka City 2,5G,Postpaid,3.4,38.65,500,3.58,11
AIR102305,2025-07-15,Maharashtra,Maharashtra City 1,5G,Prepaid,3.5,45.34,533,3.84,31
AIR102306,2025-08-15,Tamil Nadu,Tamil Nadu City 1,4G,Prepaid,5,22.4,499,3.84,32
AIR102307,2025-09-15,Delhi,Delhi City 3,5G,Prepaid,5.3,53.79,578,4.81,76
AIR102308,2025-10-15,Delhi,Delhi City 3,5G,Prepaid,1.2,40.13,528,4.03,44
AIR102309,2025-11-15,Rajasthan,Rajasthan City 1,4G,Broadband,3,23.68,262,4,38
AIR102310,2025-12-15,Rajasthan,Rajasthan City 3,4G,Broadband,1.3,13.78,756,3.03,14
AIR102311,2025-02-15,Rajasthan,Rajasthan City 3,5G,Prepaid,2.6,42.8,20,4.17,36
AIR102312,2025-03-15,Uttar Pradesh,Uttar Pradesh City 1,4G,Prepaid,3.7,11.11,339,3.3,14
AIR102313,2025-04-15,Telangana,Telangana City 2,4G,Postpaid,0.5,22.6,283,3.39,27
AIR102314,2025-05-15,Karnataka,Karnataka City 3,5G,Prepaid,5.7,31.66,334,3.4,14
AIR102315,2025-06-15,Uttar Pradesh,Uttar Pradesh City 1,5G,Postpaid,1.6,15.7,408,3.86,21
AIR102316,2025-07-15,Kerala,Kerala City 3,5G,Postpaid,4.3,47.87,190,3.67,25
AIR102317,2025-08-15,Delhi,Delhi City 3,4G,Postpaid,4.2,3.53,591,4.13,19
AIR102318,2025-09-15,West Bengal,West Bengal City 1,4G,Postpaid,5.5,21.45,352,4.16,55
AIR102319,2025-10-15,Karnataka,Karnataka City 3,4G,Postpaid,4.6,15.75,454,3.54,41
AIR102320,2025-11-15,Gujarat,Gujarat City 3,5G,Enterprise,3.5,20.56,360,3.52,25
AIR102321,2025-12-15,Kerala,Kerala City 3,4G,Prepaid,3.4,10.49,531,3.01,-1
AIR102322,2025-02-15,Karnataka,Karnataka City 2,4G,Broadband,4.8,6.35,579,4.22,37
AIR102323,2025-03-15,Uttar Pradesh,Uttar Pradesh City 2,5G,Prepaid,3.9,39.98,677,4.11,36
AIR102324,2025-04-15,Tamil Nadu,Tamil Nadu City 3,4G,Prepaid,0.8,26.87,234,2.96,-8
AIR102325,2025-05-15,West Bengal,West Bengal City 1,5G,Prepaid,3.3,50.97,273,3.56,36
AIR102326,2025-06-15,Karnataka,Karnataka City 3,5G,Postpaid,2,56.21,369,3.29,-19
AIR102327,2025-07-15,Telangana,Telangana City 3,4G,Prepaid,4.6,26.69,254,3.51,17
AIR102328,2025-08-15,Rajasthan,Rajasthan City 2,4G,Broadband,2.2,19.54,638,3.09,8
AIR102329,2025-09-15,Rajasthan,Rajasthan City 2,4G,Postpaid,2.7,15.25,528,3.69,21
AIR102330,2025-10-15,West Bengal,West Bengal City 2,4G,Prepaid,2.7,22.02,153,3.47,10
AIR102331,2025-11-15,Uttar Pradesh,Uttar Pradesh City 3,5G,Postpaid,6.6,53.58,317,3.8,31
AIR102332,2025-12-15,Rajasthan,Rajasthan City 3,5G,Broadband,3.5,30.47,721,4.18,36
AIR102333,2025-02-15,Karnataka,Karnataka City 1,4G,Postpaid,4.6,6.51,635,3.53,29
AIR102334,2025-03-15,Gujarat,Gujarat City 3,4G,Prepaid,1.7,20.87,480,3.18,2
AIR102335,2025-04-15,Delhi,Delhi City 3,4G,Broadband,4.8,10.08,252,4.14,37
AIR102336,2025-05-15,Delhi,Delhi City 2,4G,Postpaid,4.2,18.78,431,3.75,24
AIR102337,2025-06-15,Kerala,Kerala City 2,4G,Prepaid,5.9,15.19,240,3.19,18
AIR102338,2025-07-15,Maharashtra,Maharashtra City 2,4G,Prepaid,4.9,7.87,532,3.42,7
AIR102339,2025-08-15,Tamil Nadu,Tamil Nadu City 2,4G,Postpaid,4.8,21.22,350,3.9,25
AIR102340,2025-09-15,West Bengal,West Bengal City 2,4G,Broadband,0.7,29.11,733,3.16,20
AIR102341,2025-10-15,Kerala,Kerala City 1,5G,Prepaid,3.8,21.98,424,4.2,65
AIR102342,2025-11-15,Maharashtra,Maharashtra City 1,4G,Prepaid,2.4,27.13,484,3.01,-7
AIR102343,2025-12-15,Uttar Pradesh,Uttar Pradesh City 1,5G,Broadband,3.5,50.35,631,4.56,63
AIR102344,2025-02-15,Telangana,Telangana City 2,4G,Prepaid,2.6,15.32,439,3.69,7
AIR102345,2025-03-15,Telangana,Telangana City 2,5G,Broadband,5.6,25.01,536,3.54,41
AIR102346,2025-04-15,Tamil Nadu,Tamil Nadu City 2,4G,Prepaid,2.6,13.19,369,2.36,-14
AIR102347,2025-05-15,Rajasthan,Rajasthan City 1,5G,Postpaid,4.8,64.03,212,3.89,35
AIR102348,2025-06-15,Karnataka,Karnataka City 2,5G,Prepaid,4.6,61.26,678,3.75,17
AIR102349,2025-07-15,Kerala,Kerala City 1,4G,Broadband,4.9,36.45,714,3.42,19
AIR102350,2025-08-15,Kerala,Kerala City 2,4G,Postpaid,4.3,17.99,20,3.78,24
AIR102351,2025-09-15,West Bengal,West Bengal City 3,5G,Broadband,1.2,23.19,577,3.69,23
AIR102352,2025-10-15,West Bengal,West Bengal City 1,5G,Postpaid,4.8,28.06,208,3.46,11
AIR102353,2025-11-15,Telangana,Telangana City 3,5G,Prepaid,6.7,53.52,213,3.44,19
AIR102354,2025-12-15,Telangana,Telangana City 1,5G,Prepaid,6,20,20,3.93,40
AIR102355,2025-02-15,Gujarat,Gujarat City 2,4G,Postpaid,3.9,11.16,505,3.59,19
AIR102356,2025-03-15,Gujarat,Gujarat City 2,4G,Postpaid,3.9,17.85,361,3.21,19
AIR102357,2025-04-15,Rajasthan,Rajasthan City 3,4G,Broadband,1.9,13.69,468,2.53,-39
AIR102358,2025-05-15,Gujarat,Gujarat City 2,5G,Prepaid,5.4,40.1,478,4.01,48
AIR102359,2025-06-15,Karnataka,Karnataka City 1,4G,Postpaid,0.9,16.59,717,2.56,-30
AIR102360,2025-07-15,Karnataka,Karnataka City 2,4G,Enterprise,3.4,2.57,324,3.88,44
AIR102361,2025-08-15,Kerala,Kerala City 2,5G,Prepaid,0.8,31.45,233,3.8,27
AIR102362,2025-09-15,Delhi,Delhi City 1,5G,Broadband,1,20.1,237,3.96,33
AIR102363,2025-10-15,Karnataka,Karnataka City 3,4G,Prepaid,4.3,8.1,386,3.78,40
AIR102364,2025-11-15,Maharashtra,Maharashtra City 3,4G,Postpaid,1.5,20.27,487,4.33,33
AIR102365,2025-12-15,Telangana,Telangana City 2,4G,Prepaid,2.8,26.21,716,3.2,14
AIR102366,2025-02-15,West Bengal,West Bengal City 1,4G,Prepaid,0.3,15.18,296,3.68,42
AIR102367,2025-03-15,Gujarat,Gujarat City 3,5G,Prepaid,1.1,15.95,414,4.17,54
AIR102368,2025-04-15,Kerala,Kerala City 3,4G,Enterprise,5.3,40.71,287,3.75,23
AIR102369,2025-05-15,Tamil Nadu,Tamil Nadu City 2,5G,Broadband,0.7,47.58,497,4.21,49
AIR102370,2025-06-15,West Bengal,West Bengal City 1,5G,Prepaid,1.7,62.58,196,3.93,45
AIR102371,2025-07-15,Maharashtra,Maharashtra City 3,4G,Enterprise,1.9,21.16,198,3.32,6
AIR102372,2025-08-15,Gujarat,Gujarat City 2,4G,Postpaid,3.5,7.27,345,4.21,45
AIR102373,2025-09-15,Maharashtra,Maharashtra City 2,4G,Broadband,6.3,18.86,828,3.4,19
AIR102374,2025-10-15,Telangana,Telangana City 2,4G,Prepaid,3.9,23.5,435,3.58,27
AIR102375,2025-11-15,Telangana,Telangana City 2,4G,Prepaid,2.5,17.66,468,4.17,31
AIR102376,2025-12-15,Rajasthan,Rajasthan City 3,5G,Postpaid,1,21.75,583,3.91,26
AIR102377,2025-02-15,Kerala,Kerala City 1,4G,Prepaid,3.6,10.07,661,3.05,2
AIR102378,2025-03-15,West Bengal,West Bengal City 2,5G,Postpaid,5.3,47.31,273,3.73,47
AIR102379,2025-04-15,Uttar Pradesh,Uttar Pradesh City 2,4G,Prepaid,1.9,10.72,718,3.86,47
AIR102380,2025-05-15,Uttar Pradesh,Uttar Pradesh City 3,4G,Prepaid,5.5,21.89,697,2.64,-12
AIR102381,2025-06-15,West Bengal,West Bengal City 2,5G,Prepaid,0.5,11.88,710,4.36,49
AIR102382,2025-07-15,Tamil Nadu,Tamil Nadu City 2,4G,Enterprise,1.7,20.89,546,2.69,-28
AIR102383,2025-08-15,Kerala,Kerala City 1,4G,Prepaid,6.2,28.56,292,3.64,28
AIR102384,2025-09-15,Maharashtra,Maharashtra City 2,4G,Prepaid,3.4,15.63,254,3.19,-3
AIR102385,2025-10-15,Tamil Nadu,Tamil Nadu City 3,4G,Postpaid,4.7,22.07,118,3.58,25
AIR102386,2025-11-15,Delhi,Delhi City 1,5G,Postpaid,2.9,30.59,205,4.29,59
AIR102387,2025-12-15,West Bengal,West Bengal City 3,4G,Postpaid,2,15.88,307,2.87,-2
AIR102388,2025-02-15,Maharashtra,Maharashtra City 1,4G,Postpaid,3.4,10.29,507,3.35,1
AIR102389,2025-03-15,Uttar Pradesh,Uttar Pradesh City 1,4G,Prepaid,4.5,28.38,761,3.04,19
AIR102390,2025-04-15,Karnataka,Karnataka City 2,5G,Prepaid,5.3,29.08,188,3.27,18
AIR102391,2025-05-15,Rajasthan,Rajasthan City 2,4G,Postpaid,6.1,26.94,324,3.24,27
AIR102392,2025-06-15,Uttar Pradesh,Uttar Pradesh City 2,4G,Broadband,5.7,7.97,21,3.78,26
AIR102393,2025-07-15,Kerala,Kerala City 3,4G,Postpaid,0.9,11.39,156,3.44,22
AIR102394,2025-08-15,Telangana,Telangana City 2,4G,Prepaid,5.8,23.5,56,3.97,35
AIR102395,2025-09-15,Karnataka,Karnataka City 2,4G,Prepaid,4.6,20.33,373,3.59,27
AIR102396,2025-10-15,Rajasthan,Rajasthan City 1,4G,Prepaid,4.1,23.9,597,3.24,-2
AIR102397,2025-11-15,Rajasthan,Rajasthan City 2,4G,Postpaid,6.3,35.27,531,3.71,20
AIR102398,2025-12-15,Delhi,Delhi City 2,4G,Prepaid,4.6,38.05,394,3.27,9
AIR102399,2025-02-15,Delhi,Delhi City 2,4G,Prepaid,3.3,26.96,625,3.36,6
AIR102400,2025-03-15,Gujarat,Gujarat City 2,5G,Prepaid,4.4,24.18,327,4.57,54
AIR102401,2025-04-15,Uttar Pradesh,Uttar Pradesh City 1,5G,Postpaid,4.4,46.86,545,3.65,30
AIR102402,2025-05-15,Uttar Pradesh,Uttar Pradesh City 2,4G,Prepaid,5.5,30.47,410,3.44,23
AIR102403,2025-06-15,Uttar Pradesh,Uttar Pradesh City 1,4G,Postpaid,5.7,19.09,83,3.98,23
AIR102404,2025-07-15,Gujarat,Gujarat City 3,4G,Postpaid,5.9,17.49,198,3.58,9
AIR102405,2025-08-15,Tamil Nadu,Tamil Nadu City 2,5G,Prepaid,6.1,63.18,522,4.09,55
AIR102406,2025-09-15,Rajasthan,Rajasthan City 2,4G,Postpaid,2.5,7.06,505,4.03,35
AIR102407,2025-10-15,Karnataka,Karnataka City 2,5G,Prepaid,1.9,40.36,646,4.55,50
AIR102408,2025-11-15,Kerala,Kerala City 1,4G,Prepaid,5.9,24.04,546,3.6,39
AIR102409,2025-12-15,Rajasthan,Rajasthan City 2,4G,Postpaid,5.4,20.82,710,3.49,22
AIR102410,2025-02-15,Delhi,Delhi City 2,5G,Postpaid,5.3,35.2,773,3.72,23
AIR102411,2025-03-15,Maharashtra,Maharashtra City 3,5G,Postpaid,5.1,26.49,684,3.88,40
AIR102412,2025-04-15,Telangana,Telangana City 1,5G,Postpaid,4.9,35.5,651,3.5,19
AIR102413,2025-05-15,Gujarat,Gujarat City 1,4G,Broadband,2.1,7.19,880,3.93,39
AIR102414,2025-06-15,West Bengal,West Bengal City 3,4G,Prepaid,2,20.15,20,3.83,24
AIR102415,2025-07-15,Maharashtra,Maharashtra City 1,4G,Postpaid,1.4,28.43,432,3.88,29
AIR102416,2025-08-15,Kerala,Kerala City 2,4G,Postpaid,3.4,15.39,782,3.33,19
AIR102417,2025-09-15,Uttar Pradesh,Uttar Pradesh City 2,4G,Prepaid,1.6,21.17,350,3.58,20
AIR102418,2025-10-15,Delhi,Delhi City 3,4G,Prepaid,5,18.17,314,3.62,24
AIR102419,2025-11-15,Delhi,Delhi City 1,4G,Postpaid,1,25.96,530,3.64,18
AIR102420,2025-12-15,Delhi,Delhi City 1,4G,Prepaid,4.1,12.27,256,3.37,31
AIR102421,2025-02-15,Uttar Pradesh,Uttar Pradesh City 1,5G,Prepaid,1.9,40.88,481,3.89,29
AIR102422,2025-03-15,West Bengal,West Bengal City 3,5G,Postpaid,1.7,54.71,297,3.97,21
AIR102423,2025-04-15,Gujarat,Gujarat City 2,4G,Enterprise,0.9,15.41,591,2.92,18
AIR102424,2025-05-15,Maharashtra,Maharashtra City 3,4G,Broadband,4.5,12.94,73,3.7,36
AIR102425,2025-06-15,Uttar Pradesh,Uttar Pradesh City 2,4G,Prepaid,5.1,15.05,579,2.72,-12
AIR102426,2025-07-15,Kerala,Kerala City 3,5G,Postpaid,3.2,39.49,540,3.88,27
AIR102427,2025-08-15,Gujarat,Gujarat City 2,4G,Prepaid,6.3,32.72,102,4.15,52
AIR102428,2025-09-15,Kerala,Kerala City 1,5G,Prepaid,5.7,52.44,288,3.96,41
AIR102429,2025-10-15,Gujarat,Gujarat City 1,5G,Postpaid,6.1,4.83,452,3.72,40
AIR102430,2025-11-15,West Bengal,West Bengal City 1,4G,Prepaid,3,1,252,2.93,-13
AIR102431,2025-12-15,Telangana,Telangana City 3,4G,Prepaid,3.7,5.6,367,2.66,-14
AIR102432,2025-02-15,Kerala,Kerala City 3,5G,Broadband,0.2,37.66,583,4.28,43
AIR102433,2025-03-15,Uttar Pradesh,Uttar Pradesh City 3,4G,Broadband,0.3,19,518,3.22,10
AIR102434,2025-04-15,Gujarat,Gujarat City 1,5G,Postpaid,3.7,31.28,280,4.1,36
AIR102435,2025-05-15,Delhi,Delhi City 2,5G,Broadband,4.8,44.64,424,3.38,13
AIR102436,2025-06-15,Rajasthan,Rajasthan City 1,4G,Postpaid,1.4,13.38,581,3.56,16
AIR102437,2025-07-15,Delhi,Delhi City 1,5G,Prepaid,6.5,51.02,419,4.21,50
AIR102438,2025-08-15,Tamil Nadu,Tamil Nadu City 2,5G,Postpaid,4.2,50.9,687,4.27,45
AIR102439,2025-09-15,Telangana,Telangana City 2,5G,Prepaid,5.5,38.57,501,4.19,44
AIR102440,2025-10-15,Telangana,Telangana City 2,4G,Prepaid,4,12.94,623,3.21,14
AIR102441,2025-11-15,Delhi,Delhi City 2,4G,Broadband,3.4,28.76,521,3.25,2
AIR102442,2025-12-15,Maharashtra,Maharashtra City 1,4G,Postpaid,3,31.52,626,3.29,15
AIR102443,2025-02-15,West Bengal,West Bengal City 3,5G,Prepaid,1.7,39.13,375,4.24,49
AIR102444,2025-03-15,Kerala,Kerala City 1,5G,Prepaid,1.9,50.32,559,3.51,12
AIR102445,2025-04-15,Uttar Pradesh,Uttar Pradesh City 2,4G,Prepaid,4.3,15.28,584,3.09,-4
AIR102446,2025-05-15,Telangana,Telangana City 3,4G,Broadband,5.2,1,408,3.64,24
AIR102447,2025-06-15,Delhi,Delhi City 3,4G,Postpaid,5.7,14.81,192,3.75,30
AIR102448,2025-07-15,Delhi,Delhi City 1,5G,Postpaid,2.5,15.8,453,4.02,38
AIR102449,2025-08-15,West Bengal,West Bengal City 1,5G,Postpaid,6.3,32.87,678,3.85,22
AIR102450,2025-09-15,West Bengal,West Bengal City 1,5G,Postpaid,4,23.46,259,4.17,36
AIR102451,2025-10-15,Karnataka,Karnataka City 3,5G,Postpaid,6.2,45.93,275,3.84,9
AIR102452,2025-11-15,Karnataka,Karnataka City 3,5G,Postpaid,6,31.04,409,4,22
AIR102453,2025-12-15,Maharashtra,Maharashtra City 3,5G,Broadband,5.8,14.06,460,3.92,48
AIR102454,2025-02-15,Maharashtra,Maharashtra City 2,4G,Enterprise,2.5,11.76,525,4.35,41
AIR102455,2025-03-15,Tamil Nadu,Tamil Nadu City 2,4G,Enterprise,2.1,19.02,390,4.3,50
AIR102456,2025-04-15,Maharashtra,Maharashtra City 1,5G,Postpaid,3.7,10.15,516,3.46,27
AIR102457,2025-05-15,Gujarat,Gujarat City 3,4G,Broadband,2.3,12.75,526,3.64,4
AIR102458,2025-06-15,West Bengal,West Bengal City 1,4G,Prepaid,5.3,23.03,343,3.9,30
AIR102459,2025-07-15,Uttar Pradesh,Uttar Pradesh City 3,4G,Broadband,6.4,20.23,768,4,24
AIR102460,2025-08-15,Gujarat,Gujarat City 1,4G,Broadband,1.5,21.24,357,2.39,-35
AIR102461,2025-09-15,Kerala,Kerala City 2,4G,Broadband,4.1,34.18,332,3.41,10
AIR102462,2025-10-15,Delhi,Delhi City 3,4G,Broadband,6.8,17.34,571,3.44,-6
AIR102463,2025-11-15,Maharashtra,Maharashtra City 2,4G,Prepaid,6.3,18.11,518,3.31,13
AIR102464,2025-12-15,Delhi,Delhi City 3,4G,Prepaid,6.3,7.2,313,2.74,-23
AIR102465,2025-02-15,Telangana,Telangana City 1,4G,Prepaid,1.3,17.87,612,3.07,12
AIR102466,2025-03-15,Tamil Nadu,Tamil Nadu City 3,5G,Postpaid,2.7,5.02,585,3.59,-4
AIR102467,2025-04-15,Telangana,Telangana City 2,4G,Prepaid,4.2,13.47,536,3.42,18
AIR102468,2025-05-15,Tamil Nadu,Tamil Nadu City 3,4G,Postpaid,1.4,25.39,385,3.07,-25
AIR102469,2025-06-15,Karnataka,Karnataka City 1,4G,Postpaid,6.4,25.71,418,2.95,10
AIR102470,2025-07-15,Delhi,Delhi City 3,4G,Postpaid,3.7,14.64,286,3.18,14
AIR102471,2025-08-15,Tamil Nadu,Tamil Nadu City 2,4G,Broadband,6.5,22.66,544,3.48,9
AIR102472,2025-09-15,Rajasthan,Rajasthan City 1,5G,Postpaid,4,26.85,544,3.19,-5
AIR102473,2025-10-15,Gujarat,Gujarat City 2,5G,Postpaid,4.5,45.55,400,3.81,32
AIR102474,2025-11-15,Tamil Nadu,Tamil Nadu City 3,4G,Postpaid,2.7,3.76,558,2.95,-15
AIR102475,2025-12-15,Tamil Nadu,Tamil Nadu City 2,4G,Broadband,5.2,4.15,123,3.76,24
AIR102476,2025-02-15,Gujarat,Gujarat City 3,4G,Prepaid,1.1,43.14,359,2.89,-3
AIR102477,2025-03-15,Delhi,Delhi City 1,5G,Prepaid,2.5,21.09,484,4.06,49
AIR102478,2025-04-15,Delhi,Delhi City 2,5G,Broadband,5,16.79,395,3.89,23
AIR102479,2025-05-15,Gujarat,Gujarat City 2,4G,Postpaid,3.7,2.67,720,3.18,2
AIR102480,2025-06-15,Telangana,Telangana City 3,5G,Postpaid,3.1,36.2,360,3.76,18
AIR102481,2025-07-15,Rajasthan,Rajasthan City 2,5G,Postpaid,5.7,28.74,505,3.62,22
AIR102482,2025-08-15,Uttar Pradesh,Uttar Pradesh City 2,5G,Prepaid,3.6,38.48,722,4.05,48
AIR102483,2025-09-15,Kerala,Kerala City 1,5G,Postpaid,4.7,38.61,559,3.43,34
AIR102484,2025-10-15,Rajasthan,Rajasthan City 3,5G,Prepaid,5.2,4.49,398,3.42,37
AIR102485,2025-11-15,Delhi,Delhi City 3,4G,Postpaid,4.6,12.95,489,3.38,7
AIR102486,2025-12-15,Uttar Pradesh,Uttar Pradesh City 1,4G,Postpaid,2.1,3.33,332,4.21,39
AIR102487,2025-02-15,Karnataka,Karnataka City 1,5G,Postpaid,0.5,29.48,681,4.07,23
AIR102488,2025-03-15,Maharashtra,Maharashtra City 3,4G,Postpaid,2.9,31.67,450,3.51,8
AIR102489,2025-04-15,Tamil Nadu,Tamil Nadu City 1,5G,Enterprise,5.4,20.73,452,4.42,44
AIR102490,2025-05-15,Gujarat,Gujarat City 1,4G,Postpaid,0.5,17.82,416,2.94,-5
AIR102491,2025-06-15,Gujarat,Gujarat City 1,4G,Broadband,3.5,31.53,444,3.37,11
AIR102492,2025-07-15,Tamil Nadu,Tamil Nadu City 3,4G,Postpaid,1.2,22.63,384,4.31,67
AIR102493,2025-08-15,Maharashtra,Maharashtra City 1,4G,Postpaid,5.7,33.09,322,3.58,0
AIR102494,2025-09-15,Kerala,Kerala City 2,4G,Prepaid,3.6,14.16,383,3.43,19
AIR102495,2025-10-15,Maharashtra,Maharashtra City 2,5G,Prepaid,4.1,44.49,544,3.82,42
AIR102496,2025-11-15,Uttar Pradesh,Uttar Pradesh City 3,4G,Postpaid,5.1,22.09,634,3.43,7
AIR102497,2025-12-15,Maharashtra,Maharashtra City 1,5G,Prepaid,3.1,17.98,333,3.45,20
AIR102498,2025-02-15,Uttar Pradesh,Uttar Pradesh City 2,4G,Postpaid,2.3,24.31,520,2.99,-1
AIR102499,2025-03-15,Maharashtra,Maharashtra City 3,5G,Postpaid,2.4,43.74,460,4.39,53
AIR102500,2025-04-15,Kerala,Kerala City 2,4G,Broadband,2.3,13.8,487,3.46,8
AIR102501,2025-05-15,Kerala,Kerala City 1,5G,Enterprise,3.5,51.53,710,3.64,36
AIR102502,2025-06-15,Delhi,Delhi City 3,4G,Prepaid,1.5,12.86,587,3.44,22
AIR102503,2025-07-15,Tamil Nadu,Tamil Nadu City 2,4G,Prepaid,1.1,18.28,658,3.16,11
AIR102504,2025-08-15,Kerala,Kerala City 3,4G,Postpaid,4.5,1,242,3.19,8
AIR102505,2025-09-15,Uttar Pradesh,Uttar Pradesh City 2,4G,Prepaid,4.3,6.98,226,3.26,19
AIR102506,2025-10-15,Kerala,Kerala City 2,5G,Prepaid,6.4,23.95,506,4.29,58
AIR102507,2025-11-15,Delhi,Delhi City 1,5G,Broadband,1.6,34.08,225,4.71,56
AIR102508,2025-12-15,Gujarat,Gujarat City 1,5G,Enterprise,6.7,24.58,230,3.65,18
AIR102509,2025-02-15,Uttar Pradesh,Uttar Pradesh City 2,4G,Postpaid,2.2,15.73,337,3.9,19
AIR102510,2025-03-15,Delhi,Delhi City 3,5G,Postpaid,2.4,26.01,374,3.63,14
AIR102511,2025-04-15,Telangana,Telangana City 3,5G,Prepaid,2.2,41,355,3.96,37
AIR102512,2025-05-15,Telangana,Telangana City 1,4G,Postpaid,3.6,5.37,433,3.94,35
AIR102513,2025-06-15,Karnataka,Karnataka City 2,4G,Postpaid,5.4,19.85,762,2.95,-5
AIR102514,2025-07-15,Maharashtra,Maharashtra City 1,4G,Postpaid,3.8,10.07,720,3.69,5
AIR102515,2025-08-15,Tamil Nadu,Tamil Nadu City 2,4G,Prepaid,6.6,25.97,195,3.49,9
AIR102516,2025-09-15,West Bengal,West Bengal City 2,4G,Broadband,2.9,16.41,395,3.73,29
AIR102517,2025-10-15,Rajasthan,Rajasthan City 1,4G,Postpaid,1.7,36.3,496,3.76,27
AIR102518,2025-11-15,Delhi,Delhi City 3,5G,Postpaid,3.9,34.75,609,4.68,46
AIR102519,2025-12-15,Gujarat,Gujarat City 1,4G,Broadband,4.5,18.33,295,3.01,-3
AIR102520,2025-02-15,Rajasthan,Rajasthan City 2,4G,Prepaid,3,27.79,487,3.17,-6
AIR102521,2025-03-15,Gujarat,Gujarat City 1,5G,Prepaid,2.3,35.95,488,4.04,47
AIR102522,2025-04-15,Rajasthan,Rajasthan City 3,5G,Broadband,6.1,26.92,569,3.49,25
AIR102523,2025-05-15,Delhi,Delhi City 3,5G,Enterprise,1,47.67,546,4.07,53
AIR102524,2025-06-15,West Bengal,West Bengal City 2,4G,Postpaid,5.2,12.06,242,3.64,24
AIR102525,2025-07-15,Rajasthan,Rajasthan City 1,4G,Prepaid,2.7,12.12,556,3.38,14
AIR102526,2025-08-15,Delhi,Delhi City 3,4G,Postpaid,4.6,37.17,324,3.59,23
AIR102527,2025-09-15,Kerala,Kerala City 1,4G,Prepaid,6.1,37.8,170,3.37,16
AIR102528,2025-10-15,West Bengal,West Bengal City 3,4G,Postpaid,4.4,2.37,638,4.08,56
AIR102529,2025-11-15,Uttar Pradesh,Uttar Pradesh City 2,4G,Prepaid,5.3,5.57,388,3.22,13
AIR102530,2025-12-15,Gujarat,Gujarat City 2,5G,Broadband,4.9,56.19,292,3.53,34
AIR102531,2025-02-15,Telangana,Telangana City 1,4G,Postpaid,5.3,40.2,436,3.36,-4
AIR102532,2025-03-15,Maharashtra,Maharashtra City 2,4G,Broadband,2.8,4.96,390,4.21,27
AIR102533,2025-04-15,Telangana,Telangana City 3,4G,Prepaid,0.4,24.99,470,3.72,42
AIR102534,2025-05-15,West Bengal,West Bengal City 2,5G,Prepaid,0.4,36.69,442,4.08,42
AIR102535,2025-06-15,Uttar Pradesh,Uttar Pradesh City 3,4G,Broadband,5.4,9.11,485,2.54,-8
AIR102536,2025-07-15,Gujarat,Gujarat City 3,4G,Prepaid,5.5,5.64,454,4.06,51
AIR102537,2025-08-15,Uttar Pradesh,Uttar Pradesh City 2,4G,Postpaid,0.7,6.16,805,4.06,58
AIR102538,2025-09-15,Rajasthan,Rajasthan City 3,4G,Prepaid,2.2,23.63,729,3.77,33
AIR102539,2025-10-15,Gujarat,Gujarat City 3,4G,Postpaid,4.6,14.45,311,3.93,25
AIR102540,2025-11-15,Rajasthan,Rajasthan City 1,4G,Prepaid,1,14.15,400,3.13,4
AIR102541,2025-12-15,Delhi,Delhi City 1,4G,Prepaid,1.5,7.48,339,3.66,23
AIR102542,2025-02-15,West Bengal,West Bengal City 1,5G,Postpaid,5,24.8,346,3.71,35
AIR102543,2025-03-15,Delhi,Delhi City 2,4G,Prepaid,0.5,25.39,338,3.8,21
AIR102544,2025-04-15,Karnataka,Karnataka City 1,5G,Prepaid,2.4,20.27,345,3.69,27
AIR102545,2025-05-15,Uttar Pradesh,Uttar Pradesh City 3,4G,Postpaid,0.7,4.62,244,3.97,34
AIR102546,2025-06-15,Rajasthan,Rajasthan City 2,4G,Postpaid,2.2,33.46,573,2.98,-7
AIR102547,2025-07-15,Kerala,Kerala City 2,4G,Prepaid,5.7,12.95,550,3.65,3
AIR102548,2025-08-15,Delhi,Delhi City 2,4G,Postpaid,1.4,10.77,582,4.02,43
AIR102549,2025-09-15,Karnataka,Karnataka City 2,4G,Broadband,5.6,22.24,474,3.16,19
AIR102550,2025-10-15,Tamil Nadu,Tamil Nadu City 3,4G,Prepaid,1.2,13.48,410,3.37,13
AIR102551,2025-11-15,Telangana,Telangana City 3,5G,Postpaid,0.9,46.67,91,4.58,37
AIR102552,2025-12-15,Gujarat,Gujarat City 1,5G,Postpaid,2,42.7,374,4.09,48
AIR102553,2025-02-15,Karnataka,Karnataka City 2,5G,Prepaid,0.5,48.49,216,3.84,16
AIR102554,2025-03-15,West Bengal,West Bengal City 1,4G,Prepaid,0.6,23.5,579,3.46,24
AIR102555,2025-04-15,Delhi,Delhi City 3,4G,Postpaid,0.3,6.61,200,3.45,15
AIR102556,2025-05-15,West Bengal,West Bengal City 2,4G,Postpaid,0.5,4.35,525,3.41,34
AIR102557,2025-06-15,Telangana,Telangana City 3,5G,Prepaid,2.7,48.2,46,3.88,41
AIR102558,2025-07-15,Kerala,Kerala City 1,4G,Broadband,3.5,32.04,168,2.98,1
AIR102559,2025-08-15,Uttar Pradesh,Uttar Pradesh City 3,4G,Postpaid,3.3,22.04,159,3.62,27
AIR102560,2025-09-15,Uttar Pradesh,Uttar Pradesh City 2,5G,Prepaid,5.1,23.86,510,4.24,39
AIR102561,2025-10-15,West Bengal,West Bengal City 2,4G,Postpaid,4.8,11.73,591,3.27,-7
AIR102562,2025-11-15,Rajasthan,Rajasthan City 1,4G,Enterprise,4.7,20.63,71,2.88,-24
AIR102563,2025-12-15,Kerala,Kerala City 2,4G,Prepaid,2.5,25.71,538,3.48,16
AIR102564,2025-02-15,Uttar Pradesh,Uttar Pradesh City 3,4G,Postpaid,4.1,26.75,338,3.94,16
AIR102565,2025-03-15,Kerala,Kerala City 3,5G,Postpaid,1.1,30.15,271,4.07,40
AIR102566,2025-04-15,Karnataka,Karnataka City 3,4G,Prepaid,0.5,15.56,806,3.08,1
AIR102567,2025-05-15,Kerala,Kerala City 3,5G,Prepaid,4.7,24.52,599,3.82,13
AIR102568,2025-06-15,Maharashtra,Maharashtra City 1,4G,Prepaid,2.4,8.8,299,2.92,-10
AIR102569,2025-07-15,Telangana,Telangana City 3,4G,Prepaid,2.3,11.52,194,2.91,7
AIR102570,2025-08-15,Uttar Pradesh,Uttar Pradesh City 1,5G,Prepaid,3.4,65.93,43,4.28,55
AIR102571,2025-09-15,Kerala,Kerala City 3,4G,Broadband,6.1,2.23,684,3.43,22
AIR102572,2025-10-15,West Bengal,West Bengal City 1,4G,Enterprise,2.9,18.29,419,3.79,21
AIR102573,2025-11-15,Tamil Nadu,Tamil Nadu City 3,4G,Prepaid,5.9,26.04,386,3.31,4
AIR102574,2025-12-15,Maharashtra,Maharashtra City 3,4G,Prepaid,5.5,26.62,454,3.55,18
AIR102575,2025-02-15,Maharashtra,Maharashtra City 1,5G,Prepaid,3.6,30.95,307,3.96,17
AIR102576,2025-03-15,Rajasthan,Rajasthan City 2,5G,Prepaid,1.7,46.5,323,3.62,8
AIR102577,2025-04-15,Kerala,Kerala City 2,5G,Prepaid,4.8,31.21,211,4.16,47
AIR102578,2025-05-15,Rajasthan,Rajasthan City 2,4G,Prepaid,3.3,17.5,385,4.12,56
AIR102579,2025-06-15,Rajasthan,Rajasthan City 1,4G,Broadband,4.8,30.29,249,2.7,-15
AIR102580,2025-07-15,Tamil Nadu,Tamil Nadu City 2,4G,Prepaid,5.4,14.02,442,4.14,32
AIR102581,2025-08-15,Karnataka,Karnataka City 2,5G,Postpaid,1.4,44.13,301,3.84,39
AIR102582,2025-09-15,Kerala,Kerala City 1,5G,Prepaid,1.6,44.43,463,3.98,39
AIR102583,2025-10-15,Delhi,Delhi City 2,4G,Prepaid,6.8,22.94,441,4.3,47
AIR102584,2025-11-15,Uttar Pradesh,Uttar Pradesh City 2,4G,Broadband,5.6,16.87,678,3.6,36
AIR102585,2025-12-15,Rajasthan,Rajasthan City 2,4G,Prepaid,5.1,18.41,101,3.36,12
AIR102586,2025-02-15,Telangana,Telangana City 1,4G,Enterprise,4.7,3.13,343,3.95,31
AIR102587,2025-03-15,Gujarat,Gujarat City 1,4G,Prepaid,1,21.63,420,3.55,33
AIR102588,2025-04-15,Telangana,Telangana City 2,4G,Postpaid,3.3,10.7,92,4.24,42
AIR102589,2025-05-15,Tamil Nadu,Tamil Nadu City 2,4G,Enterprise,0.9,23.01,232,3.82,5
AIR102590,2025-06-15,Tamil Nadu,Tamil Nadu City 1,5G,Prepaid,0.7,60.47,360,3.94,28
AIR102591,2025-07-15,West Bengal,West Bengal City 2,5G,Prepaid,1.4,21.72,750,4.43,53
AIR102592,2025-08-15,Karnataka,Karnataka City 1,5G,Postpaid,2.9,18.6,523,4.05,44
AIR102593,2025-09-15,Uttar Pradesh,Uttar Pradesh City 2,4G,Prepaid,0.9,7.11,362,3.54,36
AIR102594,2025-10-15,Rajasthan,Rajasthan City 1,4G,Postpaid,2.6,12.07,565,4.01,45
AIR102595,2025-11-15,Telangana,Telangana City 3,4G,Prepaid,6.7,17.1,309,3.11,7
AIR102596,2025-12-15,Gujarat,Gujarat City 3,4G,Prepaid,2.6,24.94,530,3.05,10
AIR102597,2025-02-15,Tamil Nadu,Tamil Nadu City 1,4G,Prepaid,0.5,5.5,344,3.65,13
AIR102598,2025-03-15,Tamil Nadu,Tamil Nadu City 3,5G,Broadband,1.8,5.73,688,4.15,40
AIR102599,2025-04-15,Karnataka,Karnataka City 2,4G,Prepaid,5.9,26.7,420,3.43,16
AIR102600,2025-05-15,Gujarat,Gujarat City 1,5G,Prepaid,4,19.71,406,4.08,39
AIR102601,2025-06-15,Gujarat,Gujarat City 1,5G,Postpaid,2.4,21.11,569,4.14,51
AIR102602,2025-07-15,Karnataka,Karnataka City 2,5G,Prepaid,6.5,42.59,438,4.16,40
AIR102603,2025-08-15,Tamil Nadu,Tamil Nadu City 2,5G,Prepaid,1.4,30.32,421,3.85,19
AIR102604,2025-09-15,Uttar Pradesh,Uttar Pradesh City 1,4G,Prepaid,5,4.26,309,3.33,-3
AIR102605,2025-10-15,Kerala,Kerala City 2,5G,Postpaid,4.1,1,233,3.82,11
AIR102606,2025-11-15,Kerala,Kerala City 1,4G,Postpaid,3.2,16.56,429,3.87,32
AIR102607,2025-12-15,Karnataka,Karnataka City 2,5G,Prepaid,5.8,43.67,237,3.59,21
AIR102608,2025-02-15,Gujarat,Gujarat City 1,4G,Prepaid,6.1,19.48,271,3.92,28
AIR102609,2025-03-15,Rajasthan,Rajasthan City 2,4G,Postpaid,5.5,6.17,524,3.56,27
AIR102610,2025-04-15,Karnataka,Karnataka City 2,4G,Postpaid,0.5,28.74,640,2.8,-28
AIR102611,2025-05-15,Uttar Pradesh,Uttar Pradesh City 3,4G,Prepaid,2.4,14.53,222,3.86,32
AIR102612,2025-06-15,Karnataka,Karnataka City 3,4G,Prepaid,5.9,29.92,187,2.49,-21
AIR102613,2025-07-15,Maharashtra,Maharashtra City 3,4G,Prepaid,3.6,11.42,448,4.11,47
AIR102614,2025-08-15,Telangana,Telangana City 2,5G,Postpaid,4.1,12.05,429,3.67,28
AIR102615,2025-09-15,Gujarat,Gujarat City 1,4G,Enterprise,5.8,22.78,625,3.72,23
AIR102616,2025-10-15,West Bengal,West Bengal City 2,4G,Prepaid,5.2,27.71,314,4.45,71
AIR102617,2025-11-15,West Bengal,West Bengal City 3,4G,Prepaid,1.7,10.3,439,3.4,7
AIR102618,2025-12-15,Gujarat,Gujarat City 2,4G,Prepaid,4.8,21.65,98,3.28,-5
AIR102619,2025-02-15,Uttar Pradesh,Uttar Pradesh City 3,4G,Prepaid,3.6,26.46,752,4.6,51
AIR102620,2025-03-15,Maharashtra,Maharashtra City 3,5G,Prepaid,0.3,38.54,559,3.39,29
AIR102621,2025-04-15,Maharashtra,Maharashtra City 1,4G,Broadband,0.4,17.49,293,3.58,4
AIR102622,2025-05-15,Tamil Nadu,Tamil Nadu City 1,4G,Prepaid,1.9,7.32,211,3.58,21
AIR102623,2025-06-15,Telangana,Telangana City 3,4G,Postpaid,1.4,32.94,450,3.33,14
AIR102624,2025-07-15,Kerala,Kerala City 3,4G,Prepaid,1.2,25.25,430,3.57,17
AIR102625,2025-08-15,Delhi,Delhi City 2,4G,Broadband,6.5,15.25,366,3.68,21
AIR102626,2025-09-15,Uttar Pradesh,Uttar Pradesh City 3,5G,Postpaid,2.6,1,264,3.46,28
AIR102627,2025-10-15,Delhi,Delhi City 2,4G,Prepaid,5.2,20.83,549,3.61,18
AIR102628,2025-11-15,Delhi,Delhi City 3,4G,Broadband,1.9,15.82,155,3.88,27
AIR102629,2025-12-15,Gujarat,Gujarat City 1,4G,Prepaid,2.9,3.16,543,4.01,39
AIR102630,2025-02-15,West Bengal,West Bengal City 1,4G,Postpaid,4.9,7.61,355,3.95,26
AIR102631,2025-03-15,West Bengal,West Bengal City 3,5G,Broadband,2.9,39.69,415,3.37,-2
AIR102632,2025-04-15,Kerala,Kerala City 2,4G,Prepaid,6,32.21,20,3.66,23
AIR102633,2025-05-15,Gujarat,Gujarat City 2,4G,Postpaid,4.8,10.62,408,4.12,53
AIR102634,2025-06-15,Delhi,Delhi City 2,5G,Broadband,5.2,22.89,170,3.83,30
AIR102635,2025-07-15,Rajasthan,Rajasthan City 3,4G,Enterprise,5.7,27.92,432,3.23,9
AIR102636,2025-08-15,West Bengal,West Bengal City 3,5G,Postpaid,1.4,39.93,337,3.38,14
AIR102637,2025-09-15,Uttar Pradesh,Uttar Pradesh City 1,4G,Prepaid,2,1,196,3.78,13
AIR102638,2025-10-15,Uttar Pradesh,Uttar Pradesh City 1,4G,Postpaid,2.2,24.77,745,3.06,13
AIR102639,2025-11-15,Tamil Nadu,Tamil Nadu City 3,5G,Postpaid,5.8,54.18,248,3.16,15
AIR102640,2025-12-15,Karnataka,Karnataka City 1,5G,Postpaid,5.4,24.66,326,4.39,49
AIR102641,2025-02-15,Rajasthan,Rajasthan City 2,4G,Broadband,0.6,29.45,247,3.29,1
AIR102642,2025-03-15,West Bengal,West Bengal City 2,5G,Prepaid,3.2,14.08,103,3.36,12
AIR102643,2025-04-15,Maharashtra,Maharashtra City 3,4G,Prepaid,1.2,25.76,224,3.91,29
AIR102644,2025-05-15,West Bengal,West Bengal City 2,4G,Postpaid,5.9,10.28,282,3.28,6
AIR102645,2025-06-15,Tamil Nadu,Tamil Nadu City 3,4G,Enterprise,2,12.8,327,3.07,-21
AIR102646,2025-07-15,Uttar Pradesh,Uttar Pradesh City 2,4G,Postpaid,2.4,24.79,609,3.37,16
AIR102647,2025-08-15,Delhi,Delhi City 3,5G,Enterprise,1.4,49.55,554,4.25,50
AIR102648,2025-09-15,Maharashtra,Maharashtra City 2,4G,Broadband,5.4,7.08,779,3.6,23
AIR102649,2025-10-15,Gujarat,Gujarat City 2,4G,Broadband,6,1.6,240,3.43,20
AIR102650,2025-11-15,Telangana,Telangana City 1,5G,Broadband,4.5,61.74,595,3.73,28
AIR102651,2025-12-15,Delhi,Delhi City 1,4G,Broadband,1.9,9.6,542,4,31
AIR102652,2025-02-15,Telangana,Telangana City 1,4G,Broadband,2.9,26.67,230,3.76,32
AIR102653,2025-03-15,Rajasthan,Rajasthan City 1,4G,Postpaid,3.5,6.86,450,3.67,22
AIR102654,2025-04-15,Karnataka,Karnataka City 1,4G,Prepaid,5.2,19.69,414,3.37,-3
AIR102655,2025-05-15,Maharashtra,Maharashtra City 1,5G,Prepaid,5.2,14.64,221,4.13,38
AIR102656,2025-06-15,Kerala,Kerala City 3,4G,Prepaid,5.4,18.87,559,3.83,13
AIR102657,2025-07-15,Maharashtra,Maharashtra City 3,4G,Prepaid,4.8,21.15,536,3.23,20
AIR102658,2025-08-15,West Bengal,West Bengal City 1,5G,Prepaid,4.7,22.39,482,4.15,45
AIR102659,2025-09-15,Uttar Pradesh,Uttar Pradesh City 3,4G,Broadband,2.7,14.32,178,2.96,-2
AIR102660,2025-10-15,West Bengal,West Bengal City 1,4G,Postpaid,4.2,9.34,863,3.14,17
AIR102661,2025-11-15,West Bengal,West Bengal City 3,5G,Prepaid,1.4,52.48,569,3.85,24
AIR102662,2025-12-15,Rajasthan,Rajasthan City 2,4G,Postpaid,1.4,25.85,422,3.29,0
AIR102663,2025-02-15,Delhi,Delhi City 3,4G,Postpaid,1.6,15.19,315,3.91,9
AIR102664,2025-03-15,Kerala,Kerala City 3,4G,Prepaid,6,1,436,3.92,32
AIR102665,2025-04-15,Kerala,Kerala City 3,4G,Broadband,5,1,438,3,18
AIR102666,2025-05-15,West Bengal,West Bengal City 2,4G,Prepaid,3.5,35.52,361,3.73,14
AIR102667,2025-06-15,Telangana,Telangana City 1,4G,Postpaid,6,14.17,75,3.87,34
AIR102668,2025-07-15,Rajasthan,Rajasthan City 3,5G,Prepaid,4.8,5.89,455,3.83,17
AIR102669,2025-08-15,West Bengal,West Bengal City 3,4G,Postpaid,2,10.64,432,3.62,25
AIR102670,2025-09-15,Karnataka,Karnataka City 2,4G,Broadband,2.3,21.56,363,3.71,38
AIR102671,2025-10-15,Uttar Pradesh,Uttar Pradesh City 1,5G,Prepaid,6,36.57,537,4.01,46
AIR102672,2025-11-15,Delhi,Delhi City 3,4G,Enterprise,1.6,3.76,587,2.75,-15
AIR102673,2025-12-15,Gujarat,Gujarat City 2,5G,Prepaid,5.4,30.68,581,4.36,40
AIR102674,2025-02-15,Karnataka,Karnataka City 1,4G,Postpaid,5,16.49,265,3.36,20
AIR102675,2025-03-15,Telangana,Telangana City 1,4G,Broadband,5.9,25.88,774,3.66,35
AIR102676,2025-04-15,Maharashtra,Maharashtra City 3,5G,Broadband,2.4,34.92,251,4.52,59
AIR102677,2025-05-15,Maharashtra,Maharashtra City 3,4G,Prepaid,4,8.86,324,3.91,31
AIR102678,2025-06-15,Karnataka,Karnataka City 3,5G,Prepaid,2.4,35.06,350,3.79,25
AIR102679,2025-07-15,West Bengal,West Bengal City 3,4G,Postpaid,3.4,19.56,450,3.21,14
AIR102680,2025-08-15,Gujarat,Gujarat City 2,4G,Prepaid,1.5,9.48,434,3.71,34
AIR102681,2025-09-15,Tamil Nadu,Tamil Nadu City 2,4G,Postpaid,5.8,17.97,170,3.05,5
AIR102682,2025-10-15,Tamil Nadu,Tamil Nadu City 3,4G,Postpaid,5.1,32.48,363,3.49,20
AIR102683,2025-11-15,Telangana,Telangana City 1,5G,Postpaid,1.1,26.76,357,3.97,27
AIR102684,2025-12-15,West Bengal,West Bengal City 3,5G,Prepaid,5.9,4.44,596,4.43,40
AIR102685,2025-02-15,Kerala,Kerala City 1,5G,Postpaid,2,47.91,604,3.5,36
AIR102686,2025-03-15,Kerala,Kerala City 1,4G,Broadband,5.8,17.94,582,3.43,23
AIR102687,2025-04-15,Delhi,Delhi City 1,4G,Postpaid,1.3,5.49,377,3.16,5
AIR102688,2025-05-15,Gujarat,Gujarat City 2,4G,Postpaid,5.3,21.13,491,3.29,-3
AIR102689,2025-06-15,Gujarat,Gujarat City 1,4G,Prepaid,5.3,10.43,89,3.8,27
AIR102690,2025-07-15,Maharashtra,Maharashtra City 1,5G,Prepaid,3.4,35.02,384,3.64,15
AIR102691,2025-08-15,Rajasthan,Rajasthan City 2,4G,Prepaid,0.8,15.6,455,3.58,22
AIR102692,2025-09-15,Telangana,Telangana City 1,4G,Postpaid,1.9,10.31,713,3.8,26
AIR102693,2025-10-15,Tamil Nadu,Tamil Nadu City 1,5G,Prepaid,4.4,42.47,298,3.71,3
AIR102694,2025-11-15,Telangana,Telangana City 3,5G,Postpaid,6.1,57.35,458,3.82,28
AIR102695,2025-12-15,Kerala,Kerala City 1,4G,Postpaid,2.8,13.05,593,3.91,36
AIR102696,2025-02-15,Kerala,Kerala City 1,4G,Postpaid,0.8,2.6,568,3.94,25
AIR102697,2025-03-15,Karnataka,Karnataka City 1,4G,Prepaid,2.5,23.19,341,3.75,12
AIR102698,2025-04-15,Delhi,Delhi City 1,4G,Postpaid,3.9,18.96,454,3.37,19
AIR102699,2025-05-15,Gujarat,Gujarat City 1,4G,Postpaid,0.9,24.16,716,3.74,28
AIR102700,2025-06-15,Uttar Pradesh,Uttar Pradesh City 2,4G,Prepaid,4.4,18.99,282,3.07,0
AIR102701,2025-07-15,Telangana,Telangana City 1,5G,Prepaid,4.5,42.35,476,3.74,25
AIR102702,2025-08-15,Kerala,Kerala City 1,4G,Postpaid,5.6,15.38,615,3.88,25
AIR102703,2025-09-15,Rajasthan,Rajasthan City 2,4G,Prepaid,6,24.52,600,3.38,13
AIR102704,2025-10-15,Maharashtra,Maharashtra City 2,4G,Prepaid,5.7,26.86,74,3.27,14
AIR102705,2025-11-15,Tamil Nadu,Tamil Nadu City 1,5G,Prepaid,6.5,35.82,857,4.49,45
AIR102706,2025-12-15,Delhi,Delhi City 1,4G,Prepaid,3.7,28.96,453,3.58,6
AIR102707,2025-02-15,Rajasthan,Rajasthan City 1,5G,Enterprise,1.1,43.87,699,3.52,15
AIR102708,2025-03-15,Delhi,Delhi City 3,5G,Postpaid,1.5,51.7,544,3.76,23
AIR102709,2025-04-15,Karnataka,Karnataka City 3,5G,Postpaid,2.4,45.26,542,4.08,35
AIR102710,2025-05-15,Uttar Pradesh,Uttar Pradesh City 1,5G,Broadband,4,24.07,409,4.81,57
AIR102711,2025-06-15,Kerala,Kerala City 2,4G,Postpaid,4.5,39.4,477,3.02,4
AIR102712,2025-07-15,Maharashtra,Maharashtra City 1,4G,Postpaid,1.9,16.21,658,3.92,37
AIR102713,2025-08-15,Rajasthan,Rajasthan City 2,4G,Prepaid,6.1,23.98,173,3.25,5
AIR102714,2025-09-15,Delhi,Delhi City 2,4G,Postpaid,5,4.86,133,3.51,10
AIR102715,2025-10-15,Gujarat,Gujarat City 2,4G,Prepaid,1.3,19.83,557,3.35,7
AIR102716,2025-11-15,Karnataka,Karnataka City 1,5G,Prepaid,4.5,20.16,235,4.62,71
AIR102717,2025-12-15,Gujarat,Gujarat City 1,4G,Prepaid,2.2,14.76,414,3.54,12
AIR102718,2025-02-15,Maharashtra,Maharashtra City 2,5G,Prepaid,0.6,23.91,394,3.79,34
AIR102719,2025-03-15,Rajasthan,Rajasthan City 3,4G,Prepaid,6,11.84,322,3.86,28
AIR102720,2025-04-15,Karnataka,Karnataka City 3,4G,Prepaid,3.2,25.94,518,2.96,5
AIR102721,2025-05-15,Rajasthan,Rajasthan City 3,5G,Broadband,2.6,50.6,184,4.33,48
AIR102722,2025-06-15,Kerala,Kerala City 2,4G,Prepaid,1.8,27.74,519,3.16,2
AIR102723,2025-07-15,West Bengal,West Bengal City 1,5G,Broadband,5.9,42.3,639,3.32,39
AIR102724,2025-08-15,Karnataka,Karnataka City 2,5G,Postpaid,1.9,33.28,434,3.67,26
AIR102725,2025-09-15,Gujarat,Gujarat City 3,4G,Postpaid,6.6,26.32,420,2.6,-14
AIR102726,2025-10-15,Maharashtra,Maharashtra City 1,4G,Prepaid,6.6,16.63,256,3.12,8
AIR102727,2025-11-15,Uttar Pradesh,Uttar Pradesh City 2,4G,Broadband,6.1,6.24,116,3.52,23
AIR102728,2025-12-15,Kerala,Kerala City 2,5G,Prepaid,3.9,20.95,485,4.42,64
AIR102729,2025-02-15,West Bengal,West Bengal City 3,4G,Postpaid,3.1,10.42,209,3.13,-4
AIR102730,2025-03-15,Uttar Pradesh,Uttar Pradesh City 2,4G,Postpaid,2.3,1,365,3.57,6
AIR102731,2025-04-15,Tamil Nadu,Tamil Nadu City 1,5G,Prepaid,0.5,38.83,487,4.53,65
AIR102732,2025-05-15,Kerala,Kerala City 3,4G,Prepaid,5.4,16.29,291,3.74,12
AIR102733,2025-06-15,Maharashtra,Maharashtra City 3,5G,Prepaid,5.3,42,467,3.84,28
AIR102734,2025-07-15,Delhi,Delhi City 1,5G,Broadband,1.3,35.24,371,4.11,25
AIR102735,2025-08-15,Karnataka,Karnataka City 3,5G,Broadband,5.3,49.7,173,3.83,32
AIR102736,2025-09-15,Rajasthan,Rajasthan City 2,5G,Broadband,0.9,30.39,214,4.15,40
AIR102737,2025-10-15,Maharashtra,Maharashtra City 2,4G,Prepaid,1.8,19.07,193,4.14,57
AIR102738,2025-11-15,Karnataka,Karnataka City 3,5G,Prepaid,4.5,43,245,4.01,43
AIR102739,2025-12-15,Uttar Pradesh,Uttar Pradesh City 1,4G,Prepaid,2.4,26.8,476,3.94,33
AIR102740,2025-02-15,Rajasthan,Rajasthan City 2,4G,Broadband,3.4,7.9,877,3.46,19
AIR102741,2025-03-15,Telangana,Telangana City 1,4G,Prepaid,0.2,13.49,568,3.52,20
AIR102742,2025-04-15,Gujarat,Gujarat City 2,5G,Prepaid,0.6,49.76,613,3.54,14
AIR102743,2025-05-15,Tamil Nadu,Tamil Nadu City 2,5G,Broadband,5.7,30.96,552,3.78,46
AIR102744,2025-06-15,Kerala,Kerala City 3,5G,Postpaid,2,36.82,20,3.8,27
AIR102745,2025-07-15,Maharashtra,Maharashtra City 3,4G,Postpaid,2.6,21.71,684,4.3,41
AIR102746,2025-08-15,Tamil Nadu,Tamil Nadu City 1,5G,Prepaid,5.1,56.18,86,3.89,41
AIR102747,2025-09-15,Delhi,Delhi City 3,5G,Postpaid,1.9,43.79,20,3.99,48
AIR102748,2025-10-15,Karnataka,Karnataka City 2,4G,Broadband,1.8,23.19,355,2.84,-1
AIR102749,2025-11-15,Karnataka,Karnataka City 2,4G,Postpaid,4.5,23.95,690,2.94,-23
AIR102750,2025-12-15,Maharashtra,Maharashtra City 1,4G,Prepaid,6.6,46.16,241,3.52,15
AIR102751,2025-02-15,West Bengal,West Bengal City 1,4G,Prepaid,1.7,13.6,297,2.59,-26
AIR102752,2025-03-15,West Bengal,West Bengal City 2,4G,Prepaid,4.2,33.33,22,3.76,21
AIR102753,2025-04-15,Telangana,Telangana City 3,4G,Postpaid,0.7,1,358,3.56,5
AIR102754,2025-05-15,Gujarat,Gujarat City 3,4G,Prepaid,1.1,22.69,405,3.68,35
AIR102755,2025-06-15,Rajasthan,Rajasthan City 1,4G,Postpaid,1,1,601,3.71,33
AIR102756,2025-07-15,Delhi,Delhi City 1,4G,Postpaid,5.8,20.86,330,3.27,27
AIR102757,2025-08-15,Tamil Nadu,Tamil Nadu City 2,4G,Postpaid,2.8,35.87,381,3.87,52
AIR102758,2025-09-15,West Bengal,West Bengal City 2,5G,Prepaid,4.2,17.95,387,3.83,20
AIR102759,2025-10-15,Telangana,Telangana City 1,4G,Postpaid,5,26,640,4.12,58
AIR102760,2025-11-15,Telangana,Telangana City 2,4G,Postpaid,3.3,22.88,224,3.11,-2
AIR102761,2025-12-15,Maharashtra,Maharashtra City 1,4G,Prepaid,3.3,2.8,456,3.14,-3
AIR102762,2025-02-15,Delhi,Delhi City 1,4G,Enterprise,3,21.64,237,3.26,18
AIR102763,2025-03-15,Uttar Pradesh,Uttar Pradesh City 3,5G,Prepaid,1.7,42.63,438,4.17,32
AIR102764,2025-04-15,Rajasthan,Rajasthan City 1,4G,Postpaid,5,20.96,383,3.18,-3
AIR102765,2025-05-15,Gujarat,Gujarat City 2,4G,Prepaid,5.2,28.28,311,3.57,24
AIR102766,2025-06-15,Kerala,Kerala City 3,5G,Postpaid,5.1,39.91,455,3.87,36
AIR102767,2025-07-15,Maharashtra,Maharashtra City 3,4G,Postpaid,2.4,10.47,525,3.27,17
AIR102768,2025-08-15,Rajasthan,Rajasthan City 2,4G,Prepaid,3.4,19.86,353,3.31,0
AIR102769,2025-09-15,Kerala,Kerala City 2,4G,Postpaid,0.9,22.74,574,3.34,16
AIR102770,2025-10-15,Kerala,Kerala City 2,4G,Postpaid,3.5,19.23,240,2.75,-2
AIR102771,2025-11-15,Delhi,Delhi City 1,5G,Postpaid,5.7,12.37,637,4.26,42
AIR102772,2025-12-15,Delhi,Delhi City 3,4G,Prepaid,4.3,33.7,327,4.33,31
AIR102773,2025-02-15,Tamil Nadu,Tamil Nadu City 1,5G,Prepaid,1.1,56.86,602,4.19,55
AIR102774,2025-03-15,Telangana,Telangana City 1,5G,Postpaid,3.9,25.35,466,3.86,33
AIR102775,2025-04-15,Rajasthan,Rajasthan City 1,4G,Prepaid,3.8,31.37,596,3.76,38
AIR102776,2025-05-15,Maharashtra,Maharashtra City 1,4G,Postpaid,4.4,43.3,705,3.51,20
AIR102777,2025-06-15,Karnataka,Karnataka City 3,4G,Prepaid,1.2,23.24,204,4.12,40
AIR102778,2025-07-15,Maharashtra,Maharashtra City 3,4G,Prepaid,5.5,35.08,322,3.16,6
AIR102779,2025-08-15,Tamil Nadu,Tamil Nadu City 1,4G,Broadband,2.3,7.09,489,3.62,23
AIR102780,2025-09-15,Gujarat,Gujarat City 2,4G,Postpaid,4.9,1.49,583,3.6,7
AIR102781,2025-10-15,Telangana,Telangana City 3,4G,Postpaid,6.7,34.82,411,3.49,28
AIR102782,2025-11-15,Karnataka,Karnataka City 1,5G,Broadband,2.7,43.96,299,4.03,35
AIR102783,2025-12-15,West Bengal,West Bengal City 2,4G,Postpaid,4.5,32.87,709,4.28,47
AIR102784,2025-02-15,Gujarat,Gujarat City 2,5G,Postpaid,1.2,79.65,488,3.75,20
AIR102785,2025-03-15,Delhi,Delhi City 1,5G,Enterprise,5.9,23.36,463,4.15,44
AIR102786,2025-04-15,Kerala,Kerala City 3,4G,Postpaid,2.2,23.57,606,3.22,2
AIR102787,2025-05-15,West Bengal,West Bengal City 2,4G,Postpaid,2.5,14.89,449,3.48,36
AIR102788,2025-06-15,Maharashtra,Maharashtra City 3,4G,Prepaid,5.6,21.8,536,4.12,47
AIR102789,2025-07-15,Maharashtra,Maharashtra City 3,4G,Broadband,5.6,13.31,568,3.28,23
AIR102790,2025-08-15,Delhi,Delhi City 2,4G,Prepaid,4.7,9.75,623,3.47,24
AIR102791,2025-09-15,Tamil Nadu,Tamil Nadu City 1,4G,Prepaid,6.4,45.54,199,3.59,-10
AIR102792,2025-10-15,Rajasthan,Rajasthan City 2,4G,Prepaid,4.7,29.32,491,2.99,4
AIR102793,2025-11-15,West Bengal,West Bengal City 2,5G,Prepaid,3.1,20.09,309,3.85,36
AIR102794,2025-12-15,West Bengal,West Bengal City 3,4G,Prepaid,5.9,12.87,713,4.17,53
AIR102795,2025-02-15,Uttar Pradesh,Uttar Pradesh City 1,4G,Broadband,0.6,15.48,650,3.32,14
AIR102796,2025-03-15,Gujarat,Gujarat City 3,4G,Postpaid,1.8,1,245,3.7,34
AIR102797,2025-04-15,Telangana,Telangana City 2,4G,Prepaid,3.1,20.55,468,3.18,8
AIR102798,2025-05-15,Gujarat,Gujarat City 1,4G,Postpaid,1.9,21.68,253,3.55,46
AIR102799,2025-06-15,Rajasthan,Rajasthan City 1,5G,Postpaid,1.7,39.83,318,3.35,14
AIR102800,2025-07-15,Maharashtra,Maharashtra City 1,4G,Postpaid,6.3,24.26,394,3.54,21
AIR102801,2025-08-15,Maharashtra,Maharashtra City 1,4G,Prepaid,1.3,13.25,334,3.71,13
AIR102802,2025-09-15,Maharashtra,Maharashtra City 1,4G,Broadband,3.7,34.19,609,3.79,32
AIR102803,2025-10-15,Uttar Pradesh,Uttar Pradesh City 2,4G,Prepaid,5.8,23.71,124,3.34,31
AIR102804,2025-11-15,Maharashtra,Maharashtra City 2,4G,Prepaid,1.6,7.63,708,3.4,24
AIR102805,2025-12-15,Rajasthan,Rajasthan City 2,4G,Prepaid,1.6,23.37,596,3.74,17
AIR102806,2025-02-15,Delhi,Delhi City 3,4G,Postpaid,4.9,13.04,643,3.15,-13
AIR102807,2025-03-15,Telangana,Telangana City 1,4G,Postpaid,0.9,1,252,3.06,-5
AIR102808,2025-04-15,Rajasthan,Rajasthan City 1,4G,Prepaid,0.8,29.03,289,3.1,7
AIR102809,2025-05-15,Telangana,Telangana City 2,4G,Prepaid,2.7,5.98,79,2.5,-10
AIR102810,2025-06-15,Rajasthan,Rajasthan City 1,4G,Postpaid,3.5,14.03,426,3.25,15
AIR102811,2025-07-15,Maharashtra,Maharashtra City 3,5G,Postpaid,5.7,5.62,680,3.93,33
AIR102812,2025-08-15,Delhi,Delhi City 1,4G,Prepaid,1.2,29.21,548,3.96,31
AIR102813,2025-09-15,West Bengal,West Bengal City 1,5G,Broadband,5.2,25.79,634,4.23,38
AIR102814,2025-10-15,Gujarat,Gujarat City 3,4G,Enterprise,1.1,4.23,519,3.78,16
AIR102815,2025-11-15,Kerala,Kerala City 2,4G,Prepaid,2.6,11.63,453,2.65,-17
AIR102816,2025-12-15,Delhi,Delhi City 2,4G,Postpaid,3.8,14.4,240,4.18,58
AIR102817,2025-02-15,West Bengal,West Bengal City 1,4G,Prepaid,3.3,14.57,702,2.81,9
AIR102818,2025-03-15,Tamil Nadu,Tamil Nadu City 3,4G,Postpaid,4.4,22.08,635,3.69,32
AIR102819,2025-04-15,Rajasthan,Rajasthan City 2,4G,Prepaid,3.2,24.31,242,3.44,1
AIR102820,2025-05-15,Tamil Nadu,Tamil Nadu City 2,5G,Prepaid,4.3,22.4,446,4.29,42
AIR102821,2025-06-15,West Bengal,West Bengal City 2,5G,Postpaid,1.3,9.19,650,3.71,34
AIR102822,2025-07-15,Delhi,Delhi City 1,4G,Broadband,5.8,16.9,428,3.61,25
AIR102823,2025-08-15,Rajasthan,Rajasthan City 3,4G,Prepaid,6.3,7.21,274,3.11,-5
AIR102824,2025-09-15,Kerala,Kerala City 1,5G,Prepaid,6.2,54.76,280,3.69,29
AIR102825,2025-10-15,Maharashtra,Maharashtra City 2,5G,Prepaid,3.5,34.32,386,4.09,46
AIR102826,2025-11-15,Rajasthan,Rajasthan City 3,4G,Postpaid,4.4,10.23,751,3.62,5
AIR102827,2025-12-15,Rajasthan,Rajasthan City 1,5G,Postpaid,4.7,29.84,465,4.72,52
AIR102828,2025-02-15,Delhi,Delhi City 2,4G,Postpaid,2.1,14.74,398,4.27,57
AIR102829,2025-03-15,Delhi,Delhi City 2,4G,Postpaid,0.6,12.84,245,3.64,2
AIR102830,2025-04-15,West Bengal,West Bengal City 1,4G,Postpaid,1.7,28.35,489,3.54,11
AIR102831,2025-05-15,Karnataka,Karnataka City 2,5G,Postpaid,0.3,34.64,348,3.69,34
AIR102832,2025-06-15,Rajasthan,Rajasthan City 2,5G,Postpaid,5.9,44.44,335,4.22,53
AIR102833,2025-07-15,Gujarat,Gujarat City 3,5G,Postpaid,1.6,34.6,303,3.75,16
AIR102834,2025-08-15,Rajasthan,Rajasthan City 2,4G,Broadband,5.9,10,120,2.88,5
AIR102835,2025-09-15,West Bengal,West Bengal City 1,5G,Prepaid,3.2,29.17,207,3.86,45
AIR102836,2025-10-15,Telangana,Telangana City 3,4G,Prepaid,6,16.34,353,3.64,16
AIR102837,2025-11-15,Tamil Nadu,Tamil Nadu City 1,4G,Prepaid,2.4,22.7,407,3.61,23
AIR102838,2025-12-15,Maharashtra,Maharashtra City 2,4G,Broadband,3.3,5.33,517,2.83,-16
AIR102839,2025-02-15,Karnataka,Karnataka City 3,4G,Prepaid,0.9,11.24,567,3.02,-10
AIR102840,2025-03-15,Kerala,Kerala City 3,4G,Prepaid,4.6,27.1,546,3.19,9
AIR102841,2025-04-15,Kerala,Kerala City 3,4G,Enterprise,3.9,6,533,3.31,12
AIR102842,2025-05-15,Kerala,Kerala City 3,5G,Broadband,2.6,26.3,470,3.25,22
AIR102843,2025-06-15,Delhi,Delhi City 1,4G,Enterprise,3.8,6.76,272,4.14,39
AIR102844,2025-07-15,Kerala,Kerala City 2,4G,Prepaid,2.3,12.21,281,3.97,37
AIR102845,2025-08-15,Maharashtra,Maharashtra City 2,5G,Broadband,3.2,43.75,56,3.96,26
AIR102846,2025-09-15,Tamil Nadu,Tamil Nadu City 3,4G,Prepaid,6.7,8.8,302,3.57,16
AIR102847,2025-10-15,Kerala,Kerala City 2,4G,Prepaid,3.9,20.89,50,3.12,5
AIR102848,2025-11-15,Rajasthan,Rajasthan City 1,5G,Prepaid,4.1,51.51,470,3.97,18
AIR102849,2025-12-15,Rajasthan,Rajasthan City 2,4G,Postpaid,4,24.12,559,3.71,38
AIR102850,2025-02-15,Delhi,Delhi City 1,5G,Prepaid,1.2,28.91,557,3.59,29
AIR102851,2025-03-15,Maharashtra,Maharashtra City 1,4G,Postpaid,1,37.2,415,3.51,21
AIR102852,2025-04-15,Tamil Nadu,Tamil Nadu City 2,5G,Broadband,3.9,47.23,511,3.74,34
AIR102853,2025-05-15,Karnataka,Karnataka City 1,4G,Prepaid,1.1,29.19,362,4,35
AIR102854,2025-06-15,West Bengal,West Bengal City 1,4G,Prepaid,2.8,11.39,358,3.24,-10
AIR102855,2025-07-15,Tamil Nadu,Tamil Nadu City 1,4G,Prepaid,1.4,13.02,416,3.67,16
AIR102856,2025-08-15,West Bengal,West Bengal City 1,4G,Broadband,1.8,17.27,529,3.29,5
AIR102857,2025-09-15,Telangana,Telangana City 3,4G,Prepaid,1.8,16.04,385,3.42,21
AIR102858,2025-10-15,West Bengal,West Bengal City 2,5G,Prepaid,3.2,26.36,604,3.47,7
AIR102859,2025-11-15,Gujarat,Gujarat City 3,5G,Prepaid,2.2,35.16,308,3.7,22
AIR102860,2025-12-15,Rajasthan,Rajasthan City 1,4G,Broadband,6.1,10.15,617,3.47,23
AIR102861,2025-02-15,Maharashtra,Maharashtra City 2,5G,Prepaid,5,42.79,634,3.8,39
AIR102862,2025-03-15,Uttar Pradesh,Uttar Pradesh City 1,4G,Prepaid,0.7,22.23,250,3.2,13
AIR102863,2025-04-15,Delhi,Delhi City 2,4G,Prepaid,5.6,32.4,790,3.55,23
AIR102864,2025-05-15,Gujarat,Gujarat City 3,4G,Broadband,2.6,29.57,368,2.96,9
AIR102865,2025-06-15,West Bengal,West Bengal City 2,4G,Prepaid,5.7,20.16,644,3.68,14
AIR102866,2025-07-15,Kerala,Kerala City 1,5G,Postpaid,6.1,11.37,621,3.66,29
AIR102867,2025-08-15,Maharashtra,Maharashtra City 2,4G,Prepaid,3.8,22.33,550,4.6,45
AIR102868,2025-09-15,Gujarat,Gujarat City 2,4G,Enterprise,4.8,2.74,373,4.23,24
AIR102869,2025-10-15,Delhi,Delhi City 3,5G,Postpaid,1.5,39.23,653,3.74,29
AIR102870,2025-11-15,Rajasthan,Rajasthan City 1,5G,Postpaid,2.6,49.67,938,3.9,27
AIR102871,2025-12-15,Maharashtra,Maharashtra City 2,5G,Prepaid,3.3,32.98,479,3.24,13
AIR102872,2025-02-15,Delhi,Delhi City 3,4G,Prepaid,1.6,21.32,465,4.19,48
AIR102873,2025-03-15,Telangana,Telangana City 2,4G,Prepaid,0.5,20.08,505,2.76,-8
AIR102874,2025-04-15,Telangana,Telangana City 1,4G,Postpaid,1.4,14.79,265,3.13,5
AIR102875,2025-05-15,Delhi,Delhi City 2,4G,Enterprise,2.6,14.11,458,3.49,7
AIR102876,2025-06-15,Gujarat,Gujarat City 2,5G,Prepaid,4.6,42.55,267,3.49,8
AIR102877,2025-07-15,Maharashtra,Maharashtra City 2,5G,Broadband,0.8,36.59,474,4.3,53
AIR102878,2025-08-15,Gujarat,Gujarat City 2,5G,Prepaid,5.1,22.02,512,3.58,18
AIR102879,2025-09-15,Karnataka,Karnataka City 1,4G,Broadband,4.9,14.48,251,3.76,28
AIR102880,2025-10-15,West Bengal,West Bengal City 3,5G,Prepaid,4.4,22.28,529,3.36,-7
AIR102881,2025-11-15,Karnataka,Karnataka City 3,5G,Prepaid,5,20.31,341,3.99,25
AIR102882,2025-12-15,Telangana,Telangana City 2,4G,Postpaid,5.9,21,365,3.42,5
AIR102883,2025-02-15,Rajasthan,Rajasthan City 1,4G,Postpaid,4.1,4.12,458,3.44,18
AIR102884,2025-03-15,Tamil Nadu,Tamil Nadu City 1,5G,Postpaid,1.7,28.65,707,3.74,28
AIR102885,2025-04-15,West Bengal,West Bengal City 1,4G,Postpaid,0.4,11.78,340,3.27,15
AIR102886,2025-05-15,Telangana,Telangana City 1,5G,Postpaid,5.1,45.62,478,4.63,64
AIR102887,2025-06-15,Gujarat,Gujarat City 1,4G,Prepaid,2.8,25.92,628,3.84,14
AIR102888,2025-07-15,Gujarat,Gujarat City 1,5G,Prepaid,4.6,29.67,329,4.23,66
AIR102889,2025-08-15,Gujarat,Gujarat City 2,5G,Prepaid,3.1,25.18,272,3.93,26
AIR102890,2025-09-15,Rajasthan,Rajasthan City 3,4G,Postpaid,3.9,20.49,539,4.09,49
AIR102891,2025-10-15,Karnataka,Karnataka City 3,5G,Postpaid,2.1,67.82,489,4.22,48
AIR102892,2025-11-15,Tamil Nadu,Tamil Nadu City 2,4G,Postpaid,6,22.05,660,3.14,2
AIR102893,2025-12-15,Gujarat,Gujarat City 3,4G,Postpaid,5.1,1,422,3.76,40
AIR102894,2025-02-15,Uttar Pradesh,Uttar Pradesh City 1,4G,Prepaid,4,19.73,183,2.9,-2
AIR102895,2025-03-15,West Bengal,West Bengal City 1,4G,Postpaid,2.9,8.59,488,3.09,1
AIR102896,2025-04-15,Maharashtra,Maharashtra City 3,5G,Prepaid,2.6,29.86,530,3.95,24
AIR102897,2025-05-15,Uttar Pradesh,Uttar Pradesh City 1,5G,Postpaid,1.5,42.16,213,4.19,43
AIR102898,2025-06-15,Tamil Nadu,Tamil Nadu City 1,4G,Prepaid,3.9,16.62,477,3.38,19
AIR102899,2025-07-15,Rajasthan,Rajasthan City 3,4G,Postpaid,3,1.79,104,2.83,-9
AIR102900,2025-08-15,Tamil Nadu,Tamil Nadu City 2,4G,Postpaid,3.8,18.52,360,3.25,14
AIR102901,2025-09-15,Maharashtra,Maharashtra City 3,5G,Prepaid,5.3,29.81,20,4.07,35
AIR102902,2025-10-15,West Bengal,West Bengal City 3,5G,Postpaid,5.6,19.22,842,4.04,16
AIR102903,2025-11-15,Maharashtra,Maharashtra City 3,4G,Prepaid,6.9,15.83,537,3.28,-4
AIR102904,2025-12-15,Delhi,Delhi City 3,4G,Prepaid,2.7,8.29,207,3.85,22
AIR102905,2025-02-15,West Bengal,West Bengal City 2,4G,Postpaid,4.7,4.56,351,3.58,30
AIR102906,2025-03-15,Tamil Nadu,Tamil Nadu City 2,4G,Broadband,3.8,12.66,354,3.09,0
AIR102907,2025-04-15,Gujarat,Gujarat City 1,5G,Prepaid,3.6,39.41,762,3.98,46
AIR102908,2025-05-15,Tamil Nadu,Tamil Nadu City 1,4G,Prepaid,2.9,12.36,424,4.54,55
AIR102909,2025-06-15,Tamil Nadu,Tamil Nadu City 3,4G,Postpaid,3.8,1.86,612,4.05,25
AIR102910,2025-07-15,West Bengal,West Bengal City 1,5G,Postpaid,4.8,26.92,442,4.05,36
AIR102911,2025-08-15,Delhi,Delhi City 2,5G,Prepaid,5.1,55.3,348,4.53,45
AIR102912,2025-09-15,Tamil Nadu,Tamil Nadu City 1,5G,Broadband,5.2,36.71,264,3.24,-5
AIR102913,2025-10-15,Uttar Pradesh,Uttar Pradesh City 1,5G,Postpaid,5.2,54.89,358,3.67,23
AIR102914,2025-11-15,Telangana,Telangana City 1,5G,Prepaid,3,13.95,571,4.34,34
AIR102915,2025-12-15,Kerala,Kerala City 3,4G,Prepaid,2.1,10.55,435,2.81,-9
AIR102916,2025-02-15,Kerala,Kerala City 1,4G,Postpaid,0.8,15.23,302,4.43,34
AIR102917,2025-03-15,Tamil Nadu,Tamil Nadu City 2,4G,Postpaid,4.5,14.78,184,3.25,3
AIR102918,2025-04-15,Uttar Pradesh,Uttar Pradesh City 2,5G,Prepaid,5.1,33.26,321,3.71,24
AIR102919,2025-05-15,Gujarat,Gujarat City 2,4G,Enterprise,5.5,19.22,373,3.82,24
AIR102920,2025-06-15,Rajasthan,Rajasthan City 2,4G,Prepaid,2.3,5.67,367,3.49,20
AIR102921,2025-07-15,Rajasthan,Rajasthan City 1,4G,Postpaid,0.5,32.91,526,3.57,7
AIR102922,2025-08-15,West Bengal,West Bengal City 3,5G,Prepaid,4.2,23.31,610,3.85,30
AIR102923,2025-09-15,Kerala,Kerala City 2,4G,Broadband,5,22.74,619,3.22,-3
AIR102924,2025-10-15,Tamil Nadu,Tamil Nadu City 2,4G,Postpaid,3.4,11.66,113,3.51,5
AIR102925,2025-11-15,Rajasthan,Rajasthan City 3,4G,Prepaid,6.4,22.76,545,3.71,15
AIR102926,2025-12-15,Tamil Nadu,Tamil Nadu City 3,5G,Broadband,3.2,41.36,532,3.93,41
AIR102927,2025-02-15,West Bengal,West Bengal City 2,4G,Prepaid,2.1,21.66,252,3.15,-4
AIR102928,2025-03-15,Kerala,Kerala City 2,4G,Postpaid,4.7,5.81,279,4,34
AIR102929,2025-04-15,Maharashtra,Maharashtra City 3,4G,Broadband,1.1,8.43,325,3.91,44
AIR102930,2025-05-15,Telangana,Telangana City 2,4G,Postpaid,4,15.37,576,2.79,-11
AIR102931,2025-06-15,Telangana,Telangana City 2,4G,Broadband,2,20.2,810,3.63,18
AIR102932,2025-07-15,Rajasthan,Rajasthan City 1,4G,Broadband,2.4,27.76,337,4.15,45
AIR102933,2025-08-15,Telangana,Telangana City 3,4G,Enterprise,0.9,20.7,408,2.8,-3
AIR102934,2025-09-15,Maharashtra,Maharashtra City 1,5G,Prepaid,4.9,23.55,331,3.94,15
AIR102935,2025-10-15,Tamil Nadu,Tamil Nadu City 1,4G,Prepaid,2.4,29.66,557,3.66,37
AIR102936,2025-11-15,West Bengal,West Bengal City 3,4G,Postpaid,6,12.13,301,3.25,9
AIR102937,2025-12-15,Maharashtra,Maharashtra City 1,5G,Postpaid,1.7,30.97,246,3.44,8
AIR102938,2025-02-15,West Bengal,West Bengal City 2,5G,Postpaid,3.7,63.65,598,4,36
AIR102939,2025-03-15,West Bengal,West Bengal City 1,4G,Prepaid,4.5,27.68,360,3.8,26
AIR102940,2025-04-15,Kerala,Kerala City 3,4G,Broadband,1.8,24.32,423,3.16,3
AIR102941,2025-05-15,Tamil Nadu,Tamil Nadu City 2,5G,Enterprise,6,34.13,95,3.53,17
AIR102942,2025-06-15,Uttar Pradesh,Uttar Pradesh City 2,5G,Prepaid,2,28.71,94,3.35,-6
AIR102943,2025-07-15,Telangana,Telangana City 2,4G,Prepaid,2.1,28.32,523,3.44,13
AIR102944,2025-08-15,Uttar Pradesh,Uttar Pradesh City 2,4G,Prepaid,3.4,17.8,418,3.92,34
AIR102945,2025-09-15,Kerala,Kerala City 1,4G,Prepaid,4.1,8.86,400,3.64,23
AIR102946,2025-10-15,West Bengal,West Bengal City 1,4G,Postpaid,4.4,11.43,786,3.02,14
AIR102947,2025-11-15,Rajasthan,Rajasthan City 2,4G,Broadband,3.3,19.11,33,3.56,28
AIR102948,2025-12-15,Telangana,Telangana City 3,4G,Prepaid,3.4,16.72,617,3.58,19
AIR102949,2025-02-15,Telangana,Telangana City 2,4G,Postpaid,1.8,23.85,480,3.66,24
AIR102950,2025-03-15,Tamil Nadu,Tamil Nadu City 1,4G,Postpaid,4.9,26.96,659,3.2,15
AIR102951,2025-04-15,Delhi,Delhi City 2,4G,Prepaid,0.9,17.19,537,3.43,3
AIR102952,2025-05-15,Karnataka,Karnataka City 1,4G,Postpaid,0.6,15.47,489,3.31,-3
AIR102953,2025-06-15,Karnataka,Karnataka City 2,4G,Postpaid,6.2,18.71,323,3.63,13
AIR102954,2025-07-15,Karnataka,Karnataka City 3,4G,Broadband,3.6,16.54,545,2.72,-17
AIR102955,2025-08-15,Delhi,Delhi City 2,5G,Postpaid,3.3,47.58,475,4.23,45
AIR102956,2025-09-15,Tamil Nadu,Tamil Nadu City 3,4G,Postpaid,4.9,8.32,627,3.58,10
AIR102957,2025-10-15,Delhi,Delhi City 3,5G,Prepaid,3.1,32.09,262,4.07,50
AIR102958,2025-11-15,Karnataka,Karnataka City 2,4G,Prepaid,3.9,40.99,89,3.44,23
AIR102959,2025-12-15,Kerala,Kerala City 3,4G,Prepaid,4.9,10.98,483,3.68,15
AIR102960,2025-02-15,Maharashtra,Maharashtra City 3,4G,Prepaid,4.9,9.38,759,2.91,-3
AIR102961,2025-03-15,West Bengal,West Bengal City 1,5G,Prepaid,4.3,57.68,215,4.08,43
AIR102962,2025-04-15,Delhi,Delhi City 1,4G,Prepaid,2.2,16.08,666,3.7,24
AIR102963,2025-05-15,Tamil Nadu,Tamil Nadu City 3,4G,Postpaid,1.3,18.42,402,2.97,-16
AIR102964,2025-06-15,Tamil Nadu,Tamil Nadu City 2,4G,Postpaid,6.3,28.67,532,3.93,25
AIR102965,2025-07-15,Uttar Pradesh,Uttar Pradesh City 3,5G,Prepaid,2.5,49.45,361,3.92,38
AIR102966,2025-08-15,Maharashtra,Maharashtra City 2,5G,Prepaid,4.4,23.71,584,4.64,58
AIR102967,2025-09-15,Rajasthan,Rajasthan City 1,4G,Postpaid,1.3,16.15,947,3.31,-2
AIR102968,2025-10-15,Telangana,Telangana City 2,4G,Prepaid,6.4,7.59,189,3.18,14
AIR102969,2025-11-15,Karnataka,Karnataka City 3,4G,Prepaid,5.5,24.33,699,3.5,23
AIR102970,2025-12-15,Rajasthan,Rajasthan City 3,4G,Postpaid,5.9,1,886,3.95,31
AIR102971,2025-02-15,Uttar Pradesh,Uttar Pradesh City 3,4G,Prepaid,5.2,14.68,615,3.28,18
AIR102972,2025-03-15,Karnataka,Karnataka City 3,5G,Prepaid,0.5,10.3,452,3.92,26
AIR102973,2025-04-15,Maharashtra,Maharashtra City 3,5G,Prepaid,4.8,16.32,209,4.3,42
AIR102974,2025-05-15,Uttar Pradesh,Uttar Pradesh City 2,4G,Prepaid,3.3,13.24,528,3.92,36
AIR102975,2025-06-15,Karnataka,Karnataka City 3,4G,Enterprise,5.3,14.48,397,3.32,5
AIR102976,2025-07-15,Maharashtra,Maharashtra City 1,4G,Prepaid,3.7,1,581,3.62,24
AIR102977,2025-08-15,Gujarat,Gujarat City 3,4G,Postpaid,5.4,12.15,210,3.01,-3
AIR102978,2025-09-15,Rajasthan,Rajasthan City 2,4G,Postpaid,5.4,12.54,253,3.37,22
AIR102979,2025-10-15,Rajasthan,Rajasthan City 3,4G,Prepaid,1.6,19.97,571,3.42,9
AIR102980,2025-11-15,Telangana,Telangana City 3,4G,Prepaid,2.7,26.56,261,3.98,48
AIR102981,2025-12-15,Maharashtra,Maharashtra City 2,4G,Broadband,6.9,18.05,421,2.79,-25
AIR102982,2025-02-15,Delhi,Delhi City 3,5G,Broadband,1.9,44.21,240,3.94,39
AIR102983,2025-03-15,Gujarat,Gujarat City 2,4G,Prepaid,5.9,26.12,390,3.63,13
AIR102984,2025-04-15,Kerala,Kerala City 3,4G,Prepaid,3.4,14.9,288,3.3,16
AIR102985,2025-05-15,Karnataka,Karnataka City 1,4G,Postpaid,2.9,15.56,628,3.33,-3
AIR102986,2025-06-15,Gujarat,Gujarat City 3,4G,Prepaid,5.2,15.47,494,3.69,22
AIR102987,2025-07-15,Maharashtra,Maharashtra City 2,5G,Prepaid,5.6,13.6,610,3.81,38
AIR102988,2025-08-15,West Bengal,West Bengal City 1,5G,Prepaid,6.4,59.44,392,4.09,35
AIR102989,2025-09-15,Karnataka,Karnataka City 2,4G,Prepaid,2.9,19.8,473,3.83,30
AIR102990,2025-10-15,Tamil Nadu,Tamil Nadu City 3,5G,Prepaid,3.8,25.47,503,3.75,30
AIR102991,2025-11-15,Rajasthan,Rajasthan City 1,4G,Postpaid,3.5,15.29,346,3.44,8
AIR102992,2025-12-15,Maharashtra,Maharashtra City 2,5G,Postpaid,4.2,41.29,569,4.04,45
AIR102993,2025-02-15,Tamil Nadu,Tamil Nadu City 1,4G,Postpaid,1.1,24.44,425,3.62,11
AIR102994,2025-03-15,Telangana,Telangana City 1,4G,Prepaid,3.5,9.43,501,3.86,33
AIR102995,2025-04-15,Uttar Pradesh,Uttar Pradesh City 2,4G,Prepaid,5,16.83,365,3.28,-2
AIR102996,2025-05-15,Kerala,Kerala City 1,5G,Postpaid,3.1,26.94,411,3.92,32
AIR102997,2025-06-15,Kerala,Kerala City 2,4G,Prepaid,2.9,14.35,414,3.79,30
AIR102998,2025-07-15,Tamil Nadu,Tamil Nadu City 1,5G,Prepaid,4.6,32.96,555,4,64
AIR102999,2025-08-15,Rajasthan,Rajasthan City 1,4G,Prepaid,5.6,17.58,364,3.18,15
AIR103000,2025-09-15,Telangana,Telangana City 1,5G,Prepaid,5,32.28,502,3.96,19
AIR103001,2025-10-15,West Bengal,West Bengal City 3,4G,Broadband,4.7,7.02,579,3.31,-7
AIR103002,2025-11-15,Rajasthan,Rajasthan City 3,5G,Postpaid,2.2,38.18,738,4.13,38
AIR103003,2025-12-15,Gujarat,Gujarat City 2,4G,Prepaid,5.3,27.25,112,3.65,25
AIR103004,2025-02-15,Kerala,Kerala City 1,4G,Postpaid,4.4,27.27,403,3.25,10
AIR103005,2025-03-15,Gujarat,Gujarat City 2,5G,Prepaid,5.5,21.07,425,3.76,33
AIR103006,2025-04-15,Karnataka,Karnataka City 3,5G,Prepaid,2.9,41.22,666,4.75,62
AIR103007,2025-05-15,Delhi,Delhi City 3,4G,Prepaid,4.1,17.24,20,3.06,-3
AIR103008,2025-06-15,Maharashtra,Maharashtra City 3,4G,Postpaid,1.4,12.18,480,3.58,25
AIR103009,2025-07-15,Telangana,Telangana City 3,4G,Prepaid,4.7,24.46,389,3.97,34
AIR103010,2025-08-15,Rajasthan,Rajasthan City 2,4G,Prepaid,5.9,19.58,532,3.27,-2
AIR103011,2025-09-15,Kerala,Kerala City 1,4G,Prepaid,5.4,4.95,277,3.8,46
AIR103012,2025-10-15,Gujarat,Gujarat City 2,4G,Prepaid,3.7,38.66,556,4.09,31
AIR103013,2025-11-15,Uttar Pradesh,Uttar Pradesh City 1,4G,Postpaid,2.5,31.03,525,3.48,27
AIR103014,2025-12-15,Karnataka,Karnataka City 3,5G,Broadband,6,39.27,541,3.46,10
AIR103015,2025-02-15,Maharashtra,Maharashtra City 1,5G,Postpaid,0.4,39.64,419,3.2,0
AIR103016,2025-03-15,Maharashtra,Maharashtra City 3,4G,Postpaid,1.3,11.5,358,3.17,-14
AIR103017,2025-04-15,Rajasthan,Rajasthan City 2,4G,Broadband,1.2,36.28,575,3.28,3
AIR103018,2025-05-15,Telangana,Telangana City 1,4G,Prepaid,5.8,23.42,423,3.54,3
AIR103019,2025-06-15,West Bengal,West Bengal City 2,5G,Prepaid,3.7,27.54,469,4.21,55
AIR103020,2025-07-15,Uttar Pradesh,Uttar Pradesh City 3,4G,Prepaid,2.8,9.07,642,2.63,-38
AIR103021,2025-08-15,Rajasthan,Rajasthan City 2,4G,Prepaid,4.2,24.41,265,4.4,49
AIR103022,2025-09-15,Gujarat,Gujarat City 3,4G,Prepaid,3.2,29.45,642,3.6,31
AIR103023,2025-10-15,Delhi,Delhi City 3,4G,Prepaid,5.9,13.64,298,3.89,27
AIR103024,2025-11-15,Tamil Nadu,Tamil Nadu City 3,5G,Prepaid,3,46.38,673,3.73,6
AIR103025,2025-12-15,West Bengal,West Bengal City 2,5G,Postpaid,5.1,52.1,284,4.43,43
AIR103026,2025-02-15,Telangana,Telangana City 2,4G,Broadband,5.8,20.38,670,3.38,10
AIR103027,2025-03-15,Karnataka,Karnataka City 1,4G,Prepaid,4.3,23.03,321,3.98,22
AIR103028,2025-04-15,West Bengal,West Bengal City 1,5G,Prepaid,3.1,21.82,258,4.34,43
AIR103029,2025-05-15,Kerala,Kerala City 2,4G,Postpaid,0.7,10.34,632,4.14,42
AIR103030,2025-06-15,Telangana,Telangana City 2,5G,Prepaid,2.9,22.55,384,3.71,20
AIR103031,2025-07-15,Delhi,Delhi City 2,5G,Prepaid,3,60.32,68,3.58,12
AIR103032,2025-08-15,Kerala,Kerala City 2,5G,Prepaid,4.8,27.95,34,4.23,49
AIR103033,2025-09-15,West Bengal,West Bengal City 3,4G,Postpaid,3.4,15.65,464,3.38,17
AIR103034,2025-10-15,Tamil Nadu,Tamil Nadu City 3,4G,Broadband,4.7,23.16,366,2.64,-17
AIR103035,2025-11-15,Tamil Nadu,Tamil Nadu City 3,5G,Postpaid,3.9,36.15,316,4.16,56
AIR103036,2025-12-15,Delhi,Delhi City 2,4G,Prepaid,6.4,11.81,263,3.49,39
AIR103037,2025-02-15,Maharashtra,Maharashtra City 3,4G,Prepaid,5.5,13.87,707,3.57,0
AIR103038,2025-03-15,Uttar Pradesh,Uttar Pradesh City 3,4G,Prepaid,0.6,34.76,72,4.09,41
AIR103039,2025-04-15,Karnataka,Karnataka City 1,4G,Broadband,2.2,37.86,281,3.45,30
AIR103040,2025-05-15,Maharashtra,Maharashtra City 1,5G,Postpaid,3.7,24.01,252,3.93,38
AIR103041,2025-06-15,Tamil Nadu,Tamil Nadu City 3,4G,Prepaid,5.6,16.91,420,3.26,4
AIR103042,2025-07-15,Tamil Nadu,Tamil Nadu City 3,5G,Postpaid,4.1,43.5,141,4.04,33
AIR103043,2025-08-15,Gujarat,Gujarat City 3,5G,Prepaid,5.3,37.26,104,3.97,57
AIR103044,2025-09-15,Kerala,Kerala City 2,4G,Enterprise,2.4,25.11,445,3.67,19
AIR103045,2025-10-15,West Bengal,West Bengal City 1,4G,Broadband,1,18.56,770,4.06,39
AIR103046,2025-11-15,Karnataka,Karnataka City 1,5G,Prepaid,1.7,57.49,526,4.03,42
AIR103047,2025-12-15,Delhi,Delhi City 1,4G,Postpaid,1.5,19.25,334,3.2,9
AIR103048,2025-02-15,West Bengal,West Bengal City 3,5G,Postpaid,1.9,44.75,600,4.18,44
AIR103049,2025-03-15,Gujarat,Gujarat City 2,5G,Prepaid,0.7,19.81,411,3.41,17
AIR103050,2025-04-15,Tamil Nadu,Tamil Nadu City 1,4G,Postpaid,2.6,15.9,537,3.27,15
AIR103051,2025-05-15,Delhi,Delhi City 1,5G,Postpaid,2.1,49.02,570,3.83,23
AIR103052,2025-06-15,Tamil Nadu,Tamil Nadu City 2,4G,Prepaid,0.8,9.8,506,3.28,23
AIR103053,2025-07-15,Karnataka,Karnataka City 3,4G,Postpaid,3.1,12.02,98,3.61,19
AIR103054,2025-08-15,Kerala,Kerala City 3,5G,Postpaid,2.4,36.71,236,3.3,10
AIR103055,2025-09-15,West Bengal,West Bengal City 1,5G,Prepaid,2.2,47.94,566,3.63,22
AIR103056,2025-10-15,West Bengal,West Bengal City 1,4G,Prepaid,3.1,14.64,293,4.19,38
AIR103057,2025-11-15,Maharashtra,Maharashtra City 2,4G,Postpaid,1.7,17.54,413,3.94,27
AIR103058,2025-12-15,Delhi,Delhi City 1,4G,Prepaid,5.4,1,385,3.54,3
AIR103059,2025-02-15,Uttar Pradesh,Uttar Pradesh City 2,4G,Broadband,0.5,28.88,412,3.11,21
AIR103060,2025-03-15,Gujarat,Gujarat City 1,4G,Prepaid,2.9,17.49,378,3.03,-13
AIR103061,2025-04-15,Uttar Pradesh,Uttar Pradesh City 1,4G,Prepaid,4.3,12.82,473,2.72,3
AIR103062,2025-05-15,Maharashtra,Maharashtra City 1,4G,Prepaid,4.3,31.38,573,3.44,19
AIR103063,2025-06-15,Karnataka,Karnataka City 3,5G,Postpaid,6.1,35.95,840,3.47,19
AIR103064,2025-07-15,Gujarat,Gujarat City 2,4G,Postpaid,1.3,1,603,2.57,-20
AIR103065,2025-08-15,Kerala,Kerala City 2,4G,Prepaid,3.8,20.29,654,3.94,45
AIR103066,2025-09-15,Uttar Pradesh,Uttar Pradesh City 3,5G,Prepaid,3.8,46.3,428,3.76,33
AIR103067,2025-10-15,Kerala,Kerala City 3,5G,Broadband,2,28.8,518,4.36,49
AIR103068,2025-11-15,Uttar Pradesh,Uttar Pradesh City 3,5G,Prepaid,2,33.82,360,3.85,26
AIR103069,2025-12-15,Kerala,Kerala City 2,4G,Prepaid,5.1,25.56,565,3.76,22
AIR103070,2025-02-15,Uttar Pradesh,Uttar Pradesh City 1,4G,Prepaid,0.4,4.11,629,3.55,15
AIR103071,2025-03-15,Kerala,Kerala City 3,4G,Prepaid,1.4,22.77,397,3.8,3
AIR103072,2025-04-15,Maharashtra,Maharashtra City 3,4G,Prepaid,0.4,12.65,450,3.58,29
AIR103073,2025-05-15,Telangana,Telangana City 3,4G,Prepaid,1.4,12.27,519,2.97,-2
AIR103074,2025-06-15,Gujarat,Gujarat City 1,4G,Prepaid,5.7,8.65,671,3.11,2
AIR103075,2025-07-15,Delhi,Delhi City 1,4G,Broadband,3.1,18.46,514,3.38,-2
AIR103076,2025-08-15,Karnataka,Karnataka City 3,4G,Prepaid,6,8.03,354,3.49,2
AIR103077,2025-09-15,Rajasthan,Rajasthan City 1,4G,Postpaid,6.1,9.96,426,3.91,59
AIR103078,2025-10-15,Tamil Nadu,Tamil Nadu City 3,4G,Postpaid,2.1,20.54,555,3.78,35
AIR103079,2025-11-15,Delhi,Delhi City 1,4G,Prepaid,3.6,16.45,239,3.35,11
AIR103080,2025-12-15,Tamil Nadu,Tamil Nadu City 2,4G,Postpaid,2.7,23.69,360,3.44,17
AIR103081,2025-02-15,Gujarat,Gujarat City 2,4G,Prepaid,1.3,9.1,542,2.79,-9
AIR103082,2025-03-15,Delhi,Delhi City 1,4G,Prepaid,4.3,25.46,729,3.2,6
AIR103083,2025-04-15,Kerala,Kerala City 2,4G,Broadband,4.9,39.25,198,2.78,-11
AIR103084,2025-05-15,Kerala,Kerala City 2,4G,Postpaid,1.2,11.32,633,2.82,-8
AIR103085,2025-06-15,Rajasthan,Rajasthan City 2,4G,Broadband,3.4,27.3,203,4.01,26
AIR103086,2025-07-15,Tamil Nadu,Tamil Nadu City 3,5G,Broadband,1.2,25.85,625,3.23,0
AIR103087,2025-08-15,Karnataka,Karnataka City 1,4G,Prepaid,1.2,6.51,280,3.34,4
AIR103088,2025-09-15,Gujarat,Gujarat City 1,4G,Prepaid,5.7,4.32,479,4.1,31
AIR103089,2025-10-15,Kerala,Kerala City 1,5G,Prepaid,4.6,49.77,557,4.15,38
AIR103090,2025-11-15,Telangana,Telangana City 2,4G,Broadband,5.6,22.37,292,4.39,38
AIR103091,2025-12-15,Maharashtra,Maharashtra City 3,4G,Broadband,3.4,12.36,269,2.63,-29
AIR103092,2025-02-15,Maharashtra,Maharashtra City 1,4G,Postpaid,3.7,16.79,506,2.8,-15
AIR103093,2025-03-15,Uttar Pradesh,Uttar Pradesh City 2,5G,Prepaid,6,11.08,552,3.9,36
AIR103094,2025-04-15,Karnataka,Karnataka City 3,4G,Prepaid,1.4,24.74,395,2.83,-17
AIR103095,2025-05-15,Maharashtra,Maharashtra City 3,4G,Broadband,5,18.2,709,4.26,45
AIR103096,2025-06-15,Uttar Pradesh,Uttar Pradesh City 1,4G,Broadband,1.8,17.05,512,3.38,8
AIR103097,2025-07-15,Tamil Nadu,Tamil Nadu City 1,4G,Prepaid,2,30.62,537,3.32,9
AIR103098,2025-08-15,Kerala,Kerala City 2,4G,Prepaid,3.3,10.16,397,3.64,13
AIR103099,2025-09-15,Kerala,Kerala City 1,5G,Prepaid,2.3,31.59,214,4.82,84
AIR103100,2025-10-15,Telangana,Telangana City 2,4G,Prepaid,1.8,25,325,3.49,12
AIR103101,2025-11-15,Delhi,Delhi City 3,4G,Broadband,4.8,15.49,326,3.19,-2
AIR103102,2025-12-15,Maharashtra,Maharashtra City 3,4G,Postpaid,5.8,9.45,712,3.44,17
AIR103103,2025-02-15,Tamil Nadu,Tamil Nadu City 3,4G,Postpaid,3.8,14.5,775,3.41,25
AIR103104,2025-03-15,West Bengal,West Bengal City 3,5G,Prepaid,4.8,36.16,159,3.34,14
AIR103105,2025-04-15,Maharashtra,Maharashtra City 1,4G,Prepaid,4,17.09,432,3.76,44
AIR103106,2025-05-15,Karnataka,Karnataka City 1,4G,Prepaid,3.5,19.24,529,4.21,49
AIR103107,2025-06-15,Delhi,Delhi City 2,4G,Postpaid,2.2,10.37,576,3.45,19
AIR103108,2025-07-15,Maharashtra,Maharashtra City 2,4G,Postpaid,2.6,19.32,148,3.88,36
AIR103109,2025-08-15,Tamil Nadu,Tamil Nadu City 2,4G,Prepaid,4.6,7.43,178,4.14,45
AIR103110,2025-09-15,Maharashtra,Maharashtra City 2,5G,Prepaid,2.4,32.86,360,4.21,38
AIR103111,2025-10-15,Karnataka,Karnataka City 2,4G,Prepaid,1.5,28.54,248,3.79,25
AIR103112,2025-11-15,West Bengal,West Bengal City 3,5G,Prepaid,4,54.15,445,4.4,45
AIR103113,2025-12-15,Gujarat,Gujarat City 3,5G,Postpaid,5.6,2.91,210,4.36,52
AIR103114,2025-02-15,Rajasthan,Rajasthan City 3,5G,Postpaid,2.8,15.33,429,4.05,28
AIR103115,2025-03-15,West Bengal,West Bengal City 2,4G,Prepaid,3.6,18.41,211,3.19,2
AIR103116,2025-04-15,Uttar Pradesh,Uttar Pradesh City 3,4G,Broadband,2.5,24.73,573,2.83,3
AIR103117,2025-05-15,Maharashtra,Maharashtra City 3,5G,Postpaid,3.5,47.72,496,3.83,37
AIR103118,2025-06-15,Kerala,Kerala City 3,5G,Prepaid,3.6,46.79,448,3.91,36
AIR103119,2025-07-15,Telangana,Telangana City 3,5G,Prepaid,1.6,33.61,462,4.17,43
AIR103120,2025-08-15,Kerala,Kerala City 1,4G,Broadband,2.1,3.58,701,3.32,13
AIR103121,2025-09-15,West Bengal,West Bengal City 2,4G,Postpaid,5,28.59,405,3.47,13
AIR103122,2025-10-15,Kerala,Kerala City 2,5G,Prepaid,5.1,43.9,296,3.96,14
AIR103123,2025-11-15,Tamil Nadu,Tamil Nadu City 1,4G,Postpaid,6.1,25.4,718,3.87,42
AIR103124,2025-12-15,Kerala,Kerala City 3,4G,Prepaid,5.8,26.82,278,2.78,-18
AIR103125,2025-02-15,Delhi,Delhi City 3,4G,Broadband,0.5,23.92,333,3.03,4
AIR103126,2025-03-15,Gujarat,Gujarat City 3,4G,Broadband,4.9,25.1,603,3.85,33
AIR103127,2025-04-15,Maharashtra,Maharashtra City 2,4G,Postpaid,4.1,14.06,240,3.21,16
AIR103128,2025-05-15,Kerala,Kerala City 2,4G,Postpaid,2.7,40.27,276,2.5,-14
AIR103129,2025-06-15,Karnataka,Karnataka City 2,4G,Prepaid,5.2,30.25,346,3.49,32
AIR103130,2025-07-15,Gujarat,Gujarat City 2,4G,Postpaid,5.3,32.29,553,3.98,39
AIR103131,2025-08-15,Gujarat,Gujarat City 2,4G,Postpaid,2.9,23.29,811,3.72,6
AIR103132,2025-09-15,Kerala,Kerala City 1,4G,Postpaid,6,26.39,398,3.44,7
AIR103133,2025-10-15,Gujarat,Gujarat City 2,5G,Postpaid,3.9,26.32,190,3.94,36
AIR103134,2025-11-15,Telangana,Telangana City 3,4G,Broadband,2.7,21.37,590,3.56,22
AIR103135,2025-12-15,Kerala,Kerala City 2,4G,Prepaid,4.3,20.88,602,3.72,25
AIR103136,2025-02-15,Tamil Nadu,Tamil Nadu City 1,5G,Prepaid,2.6,36.58,485,4.61,68
AIR103137,2025-03-15,West Bengal,West Bengal City 3,5G,Postpaid,0.9,24.67,595,3.21,-7
AIR103138,2025-04-15,Delhi,Delhi City 1,4G,Broadband,5.8,18.63,584,3.9,41
AIR103139,2025-05-15,Rajasthan,Rajasthan City 3,4G,Broadband,2.3,12.54,515,3.75,34
AIR103140,2025-06-15,Uttar Pradesh,Uttar Pradesh City 2,4G,Postpaid,5.9,12.64,122,4.36,36
AIR103141,2025-07-15,Gujarat,Gujarat City 1,4G,Broadband,6.3,1.78,324,3.3,3
AIR103142,2025-08-15,Tamil Nadu,Tamil Nadu City 3,5G,Postpaid,4.8,41.55,75,3.54,13
AIR103143,2025-09-15,Maharashtra,Maharashtra City 2,5G,Prepaid,3.8,41.35,284,3.17,5
AIR103144,2025-10-15,Maharashtra,Maharashtra City 3,5G,Postpaid,4.4,34.12,334,3.34,7
AIR103145,2025-11-15,Uttar Pradesh,Uttar Pradesh City 1,4G,Prepaid,2,22.35,324,3.41,14
AIR103146,2025-12-15,Delhi,Delhi City 1,4G,Prepaid,1.8,8.67,683,3.18,-2
AIR103147,2025-02-15,Gujarat,Gujarat City 1,5G,Prepaid,4.7,34.65,573,3.2,1
AIR103148,2025-03-15,Telangana,Telangana City 1,4G,Prepaid,1.2,14.26,421,3.08,-6
AIR103149,2025-04-15,Uttar Pradesh,Uttar Pradesh City 2,4G,Prepaid,5.5,1,618,3.46,16
AIR103150,2025-05-15,Delhi,Delhi City 3,5G,Prepaid,4.3,10.88,697,4.09,21
AIR103151,2025-06-15,Gujarat,Gujarat City 2,4G,Prepaid,4.9,6.68,420,3.37,32
AIR103152,2025-07-15,Tamil Nadu,Tamil Nadu City 1,4G,Prepaid,3.6,12.35,43,3.85,30
AIR103153,2025-08-15,West Bengal,West Bengal City 3,5G,Postpaid,5.8,41.25,24,3.38,4
AIR103154,2025-09-15,Telangana,Telangana City 1,4G,Postpaid,4.6,16.84,586,3.29,11
AIR103155,2025-10-15,Rajasthan,Rajasthan City 2,4G,Broadband,2.3,21.5,230,3.61,31
AIR103156,2025-11-15,Maharashtra,Maharashtra City 2,4G,Broadband,4.8,15.33,349,2.95,2
AIR103157,2025-12-15,Karnataka,Karnataka City 2,4G,Prepaid,6.7,1,549,3.65,12
AIR103158,2025-02-15,Tamil Nadu,Tamil Nadu City 3,4G,Postpaid,0.6,6.27,424,3.63,21
AIR103159,2025-03-15,Maharashtra,Maharashtra City 3,4G,Prepaid,3,12.76,246,3.75,35
AIR103160,2025-04-15,Kerala,Kerala City 1,4G,Prepaid,6.1,27.98,500,3.18,3
AIR103161,2025-05-15,Karnataka,Karnataka City 3,5G,Postpaid,1.7,68.04,293,3.48,18
AIR103162,2025-06-15,Maharashtra,Maharashtra City 3,4G,Postpaid,4.7,16.69,821,3.17,2
AIR103163,2025-07-15,Delhi,Delhi City 2,5G,Broadband,6.1,24.85,605,3.84,33
AIR103164,2025-08-15,Telangana,Telangana City 1,4G,Postpaid,4,16.14,519,3.39,21
AIR103165,2025-09-15,Maharashtra,Maharashtra City 2,4G,Prepaid,1.9,17.79,243,3.23,31
AIR103166,2025-10-15,Rajasthan,Rajasthan City 1,4G,Broadband,4.4,8.3,637,3.46,15
AIR103167,2025-11-15,West Bengal,West Bengal City 1,4G,Postpaid,1.8,27.17,541,3.02,1
AIR103168,2025-12-15,Delhi,Delhi City 3,5G,Broadband,6.6,43.71,348,3.51,18
AIR103169,2025-02-15,Tamil Nadu,Tamil Nadu City 2,4G,Postpaid,4.1,7.1,504,3.42,15
AIR103170,2025-03-15,Tamil Nadu,Tamil Nadu City 3,4G,Prepaid,2,21.96,428,2.95,12
AIR103171,2025-04-15,Tamil Nadu,Tamil Nadu City 3,4G,Prepaid,3.3,31.31,588,3.08,7
AIR103172,2025-05-15,Tamil Nadu,Tamil Nadu City 3,4G,Prepaid,3.9,30.31,443,3.47,13
AIR103173,2025-06-15,West Bengal,West Bengal City 1,4G,Prepaid,4.2,20.18,215,4.26,48
AIR103174,2025-07-15,Maharashtra,Maharashtra City 2,4G,Prepaid,1.5,15.76,343,3.47,20
AIR103175,2025-08-15,Gujarat,Gujarat City 2,4G,Postpaid,5.9,12.92,457,3.52,6
AIR103176,2025-09-15,Maharashtra,Maharashtra City 3,4G,Broadband,3.2,14.61,117,3.75,28
AIR103177,2025-10-15,Kerala,Kerala City 1,4G,Broadband,4.5,18.25,367,3.81,38
AIR103178,2025-11-15,Telangana,Telangana City 2,4G,Postpaid,5.5,13.33,701,3.57,8
AIR103179,2025-12-15,Karnataka,Karnataka City 2,4G,Prepaid,1,25.37,277,2.92,16
AIR103180,2025-02-15,Gujarat,Gujarat City 3,4G,Prepaid,1.4,6.97,129,3.6,3
AIR103181,2025-03-15,Gujarat,Gujarat City 1,5G,Postpaid,5.2,40.7,223,4.9,56
AIR103182,2025-04-15,Maharashtra,Maharashtra City 3,5G,Prepaid,3.3,33.45,336,3.52,11
AIR103183,2025-05-15,Gujarat,Gujarat City 2,5G,Broadband,0.9,22.69,576,3.38,8
AIR103184,2025-06-15,Uttar Pradesh,Uttar Pradesh City 1,4G,Broadband,4.2,28.94,447,3.97,39
AIR103185,2025-07-15,Uttar Pradesh,Uttar Pradesh City 3,5G,Prepaid,0.6,15.08,700,4,39
AIR103186,2025-08-15,Kerala,Kerala City 2,4G,Postpaid,4.3,16.55,20,3.14,23
AIR103187,2025-09-15,Karnataka,Karnataka City 3,5G,Prepaid,1.3,12.54,241,3.65,28
AIR103188,2025-10-15,Rajasthan,Rajasthan City 3,4G,Postpaid,4.3,32.11,150,3.88,38
AIR103189,2025-11-15,West Bengal,West Bengal City 3,4G,Prepaid,1,30.68,487,3.07,18
AIR103190,2025-12-15,Maharashtra,Maharashtra City 1,4G,Prepaid,6.8,12.04,287,3.22,1
AIR103191,2025-02-15,West Bengal,West Bengal City 2,4G,Postpaid,4.1,19.87,402,4.02,36
AIR103192,2025-03-15,Rajasthan,Rajasthan City 2,5G,Postpaid,6.1,22.9,702,4.36,50
AIR103193,2025-04-15,Maharashtra,Maharashtra City 2,5G,Postpaid,6.3,36.23,684,4.52,67
AIR103194,2025-05-15,Maharashtra,Maharashtra City 2,5G,Postpaid,0.5,31.3,519,3.99,27
AIR103195,2025-06-15,Karnataka,Karnataka City 1,4G,Postpaid,1.1,19.54,502,4.09,45
AIR103196,2025-07-15,West Bengal,West Bengal City 3,4G,Postpaid,1.9,5.21,311,3.8,31
AIR103197,2025-08-15,Uttar Pradesh,Uttar Pradesh City 2,4G,Enterprise,5.8,26.66,643,4.06,34
AIR103198,2025-09-15,Tamil Nadu,Tamil Nadu City 1,5G,Broadband,1.3,23.82,542,4.1,34
AIR103199,2025-10-15,West Bengal,West Bengal City 3,4G,Postpaid,2.4,24.79,432,3.32,6
AIR103200,2025-11-15,Telangana,Telangana City 1,5G,Postpaid,6.3,62.36,457,3.78,33
AIR103201,2025-12-15,Telangana,Telangana City 1,4G,Postpaid,2.9,22.48,631,3.22,34
AIR103202,2025-02-15,Maharashtra,Maharashtra City 2,4G,Prepaid,3.6,10.57,179,3.69,32
AIR103203,2025-03-15,Tamil Nadu,Tamil Nadu City 2,5G,Prepaid,5.4,41.44,372,3.83,43
AIR103204,2025-04-15,Delhi,Delhi City 3,4G,Broadband,5.3,36.88,20,3.45,8
AIR103205,2025-05-15,Rajasthan,Rajasthan City 3,4G,Broadband,2.7,10.77,670,3.99,30
AIR103206,2025-06-15,Kerala,Kerala City 2,4G,Postpaid,0.9,22.93,214,3.99,31
AIR103207,2025-07-15,Tamil Nadu,Tamil Nadu City 1,5G,Prepaid,1.7,16.26,119,4.22,58
AIR103208,2025-08-15,Kerala,Kerala City 2,4G,Prepaid,2.9,1.21,81,3.68,27
AIR103209,2025-09-15,West Bengal,West Bengal City 3,4G,Prepaid,3.1,13.25,701,3.7,23
AIR103210,2025-10-15,West Bengal,West Bengal City 1,4G,Prepaid,2.6,20.86,301,3.97,33
AIR103211,2025-11-15,Kerala,Kerala City 1,4G,Postpaid,6.4,19.65,481,3.56,24
AIR103212,2025-12-15,Rajasthan,Rajasthan City 1,4G,Broadband,1.4,7.26,434,3.21,6
AIR103213,2025-02-15,Tamil Nadu,Tamil Nadu City 2,4G,Prepaid,5.5,21.79,812,3.41,5
AIR103214,2025-03-15,Delhi,Delhi City 2,5G,Postpaid,2.7,9.79,428,3.74,35
AIR103215,2025-04-15,Maharashtra,Maharashtra City 3,5G,Prepaid,5.8,25.42,522,3.89,32
AIR103216,2025-05-15,Karnataka,Karnataka City 1,4G,Enterprise,1.2,15.52,493,3.66,1
AIR103217,2025-06-15,West Bengal,West Bengal City 1,5G,Broadband,3.2,1,154,4,17
AIR103218,2025-07-15,Telangana,Telangana City 2,4G,Prepaid,4.1,27.44,565,2.87,10
AIR103219,2025-08-15,Rajasthan,Rajasthan City 3,4G,Enterprise,2.7,10,368,2.98,-7
AIR103220,2025-09-15,Karnataka,Karnataka City 3,4G,Postpaid,2.2,11.15,599,3.78,33
AIR103221,2025-10-15,Delhi,Delhi City 1,4G,Prepaid,5.7,12.18,324,3.37,-5
AIR103222,2025-11-15,Gujarat,Gujarat City 2,4G,Postpaid,5.8,16.32,511,3.19,6
AIR103223,2025-12-15,Maharashtra,Maharashtra City 1,4G,Prepaid,6.2,1,499,3.56,25
AIR103224,2025-02-15,West Bengal,West Bengal City 2,5G,Postpaid,2.2,41.62,86,3.88,31
AIR103225,2025-03-15,Maharashtra,Maharashtra City 3,4G,Broadband,0.3,6.08,345,4,21
AIR103226,2025-04-15,Karnataka,Karnataka City 1,4G,Postpaid,4.1,10.86,342,2.67,-5
AIR103227,2025-05-15,Maharashtra,Maharashtra City 1,4G,Prepaid,6,4.25,364,3.27,18
AIR103228,2025-06-15,Gujarat,Gujarat City 1,4G,Prepaid,5.5,13.6,488,3.58,26
AIR103229,2025-07-15,Karnataka,Karnataka City 3,4G,Prepaid,3.7,17.05,474,3.85,40
AIR103230,2025-08-15,West Bengal,West Bengal City 1,4G,Prepaid,2.4,22.95,278,3.7,38
AIR103231,2025-09-15,Tamil Nadu,Tamil Nadu City 3,5G,Prepaid,0.9,10.67,267,3.19,3
AIR103232,2025-10-15,Telangana,Telangana City 2,5G,Postpaid,3.5,35.27,354,4.06,47
AIR103233,2025-11-15,Karnataka,Karnataka City 3,4G,Postpaid,4,36.28,341,3.5,19
AIR103234,2025-12-15,Uttar Pradesh,Uttar Pradesh City 2,5G,Postpaid,2.6,44.4,198,4.17,47
AIR103235,2025-02-15,Gujarat,Gujarat City 3,5G,Prepaid,3.5,55.68,226,4.41,50
AIR103236,2025-03-15,Karnataka,Karnataka City 3,4G,Prepaid,0.8,20.74,449,3.06,11
AIR103237,2025-04-15,Karnataka,Karnataka City 1,4G,Prepaid,5,10.54,150,3.25,25
AIR103238,2025-05-15,Uttar Pradesh,Uttar Pradesh City 3,4G,Prepaid,5.9,29.41,255,4.15,27
AIR103239,2025-06-15,West Bengal,West Bengal City 1,4G,Prepaid,1,17.32,656,3.01,-7
AIR103240,2025-07-15,Karnataka,Karnataka City 2,5G,Prepaid,1.8,17.04,127,3.9,26
AIR103241,2025-08-15,Telangana,Telangana City 2,4G,Postpaid,6.2,27.64,517,3.77,16
AIR103242,2025-09-15,Maharashtra,Maharashtra City 1,4G,Broadband,6.4,24.63,419,3.64,19
AIR103243,2025-10-15,West Bengal,West Bengal City 2,4G,Postpaid,5.2,25.53,391,3.25,7
AIR103244,2025-11-15,Telangana,Telangana City 3,4G,Postpaid,6.5,29.93,484,3.45,7
AIR103245,2025-12-15,West Bengal,West Bengal City 1,5G,Prepaid,3.9,20.39,483,4.06,42
AIR103246,2025-02-15,Telangana,Telangana City 1,4G,Broadband,5.1,13.08,628,3.18,-14
AIR103247,2025-03-15,Gujarat,Gujarat City 1,4G,Prepaid,1.9,9.25,750,3.68,23
AIR103248,2025-04-15,Telangana,Telangana City 2,5G,Prepaid,5.3,55.49,448,3.38,13
AIR103249,2025-05-15,Kerala,Kerala City 2,4G,Prepaid,3.7,17.81,674,3.75,27
AIR103250,2025-06-15,Telangana,Telangana City 3,4G,Prepaid,1.6,40.15,600,4.42,41
AIR103251,2025-07-15,Tamil Nadu,Tamil Nadu City 3,4G,Postpaid,3.2,38.25,300,3.84,23
AIR103252,2025-08-15,Tamil Nadu,Tamil Nadu City 1,4G,Enterprise,3.2,14.78,628,3.55,9
AIR103253,2025-09-15,Rajasthan,Rajasthan City 3,4G,Postpaid,6.3,9.67,430,3.69,29
AIR103254,2025-10-15,Kerala,Kerala City 2,4G,Prepaid,1.1,22.86,318,3.31,27
AIR103255,2025-11-15,Kerala,Kerala City 3,4G,Postpaid,2.7,25.75,300,3.7,20
AIR103256,2025-12-15,Maharashtra,Maharashtra City 2,5G,Postpaid,5.3,33.78,20,3.52,4
AIR103257,2025-02-15,Kerala,Kerala City 3,4G,Broadband,2.2,16.81,60,2.87,4
AIR103258,2025-03-15,Maharashtra,Maharashtra City 2,4G,Postpaid,4.1,22.57,61,3.21,0
AIR103259,2025-04-15,Rajasthan,Rajasthan City 2,4G,Postpaid,1,24.48,276,2.81,-18
AIR103260,2025-05-15,Rajasthan,Rajasthan City 3,5G,Postpaid,2.7,37.54,408,3.73,19
AIR103261,2025-06-15,Gujarat,Gujarat City 3,4G,Postpaid,2.1,18.63,536,3.69,25
AIR103262,2025-07-15,Tamil Nadu,Tamil Nadu City 2,5G,Prepaid,5.1,25.25,716,3.63,40
AIR103263,2025-08-15,Telangana,Telangana City 1,4G,Prepaid,4.9,27.12,515,2.95,0
AIR103264,2025-09-15,Telangana,Telangana City 3,5G,Postpaid,1,19.09,450,3.96,45
AIR103265,2025-10-15,Uttar Pradesh,Uttar Pradesh City 2,4G,Broadband,5,14.22,357,3.73,21
AIR103266,2025-11-15,Uttar Pradesh,Uttar Pradesh City 3,4G,Prepaid,5.6,32.41,404,3.4,15
AIR103267,2025-12-15,Delhi,Delhi City 3,4G,Enterprise,2.4,7.66,148,3.32,32
AIR103268,2025-02-15,West Bengal,West Bengal City 3,5G,Prepaid,4.1,43.07,349,4.2,50
AIR103269,2025-03-15,Gujarat,Gujarat City 3,4G,Prepaid,1,22.73,574,3.19,6
AIR103270,2025-04-15,Delhi,Delhi City 3,4G,Prepaid,0.5,15.04,301,3.75,32
AIR103271,2025-05-15,Delhi,Delhi City 1,4G,Broadband,5,14.49,307,3.69,15
AIR103272,2025-06-15,Karnataka,Karnataka City 1,5G,Prepaid,4.4,60.24,545,3.92,23
AIR103273,2025-07-15,Karnataka,Karnataka City 1,5G,Postpaid,2.9,47.97,392,3.75,30
AIR103274,2025-08-15,Delhi,Delhi City 2,4G,Prepaid,0.7,33.51,303,4.25,36
AIR103275,2025-09-15,Kerala,Kerala City 1,4G,Postpaid,5.9,25.86,408,3.01,5
AIR103276,2025-10-15,West Bengal,West Bengal City 1,4G,Broadband,5.6,28.5,395,3.07,-3
AIR103277,2025-11-15,Gujarat,Gujarat City 2,5G,Prepaid,1.6,44.78,782,3.93,41
AIR103278,2025-12-15,Delhi,Delhi City 1,5G,Broadband,4.7,37.38,482,3.92,28
AIR103279,2025-02-15,Telangana,Telangana City 3,4G,Broadband,0.4,10.75,350,4.21,42
AIR103280,2025-03-15,West Bengal,West Bengal City 1,4G,Prepaid,0.7,17.41,355,3.41,17
AIR103281,2025-04-15,Karnataka,Karnataka City 1,5G,Postpaid,5.8,30.45,350,4.46,67
AIR103282,2025-05-15,Telangana,Telangana City 1,5G,Prepaid,5.7,24.51,20,3.52,20
AIR103283,2025-06-15,Karnataka,Karnataka City 3,4G,Prepaid,4.7,26.58,266,3.48,14
AIR103284,2025-07-15,Karnataka,Karnataka City 3,4G,Postpaid,5,9.7,383,3.93,33
AIR103285,2025-08-15,West Bengal,West Bengal City 3,4G,Postpaid,0.8,11.01,324,3.11,10
AIR103286,2025-09-15,Karnataka,Karnataka City 3,4G,Prepaid,4.6,15.67,193,3.5,28
AIR103287,2025-10-15,Rajasthan,Rajasthan City 2,4G,Prepaid,5.3,19.12,367,3.11,10
AIR103288,2025-11-15,Tamil Nadu,Tamil Nadu City 3,4G,Broadband,5.5,13.84,332,3.41,34
AIR103289,2025-12-15,Rajasthan,Rajasthan City 3,4G,Postpaid,5.2,25.9,389,3.49,25
AIR103290,2025-02-15,Tamil Nadu,Tamil Nadu City 3,4G,Prepaid,1.3,21.76,579,3.92,32
AIR103291,2025-03-15,Uttar Pradesh,Uttar Pradesh City 3,4G,Postpaid,3.2,18.44,349,3.98,31
AIR103292,2025-04-15,Uttar Pradesh,Uttar Pradesh City 2,4G,Prepaid,5.8,13.17,368,3.91,28
AIR103293,2025-05-15,Karnataka,Karnataka City 1,5G,Prepaid,1.4,55.88,773,4.55,47
AIR103294,2025-06-15,Gujarat,Gujarat City 1,4G,Postpaid,0.5,10.55,459,2.82,7
AIR103295,2025-07-15,Gujarat,Gujarat City 3,4G,Postpaid,1.9,26.79,361,3.48,34
AIR103296,2025-08-15,Tamil Nadu,Tamil Nadu City 3,4G,Prepaid,2.4,42.34,323,3.22,11
AIR103297,2025-09-15,Telangana,Telangana City 3,5G,Postpaid,3.1,39.34,427,3.59,15
AIR103298,2025-10-15,West Bengal,West Bengal City 1,5G,Prepaid,1.3,48.99,447,3.82,26
AIR103299,2025-11-15,Karnataka,Karnataka City 1,4G,Postpaid,3.6,27.87,505,3.1,11
AIR103300,2025-12-15,West Bengal,West Bengal City 3,5G,Prepaid,1.5,19.17,436,3.94,33
AIR103301,2025-02-15,Rajasthan,Rajasthan City 1,4G,Prepaid,4.4,21.42,257,3.29,13
AIR103302,2025-03-15,Gujarat,Gujarat City 2,5G,Prepaid,0.7,36.22,586,3.92,11
AIR103303,2025-04-15,Kerala,Kerala City 3,4G,Postpaid,3.4,24.47,544,3.33,-1
AIR103304,2025-05-15,Rajasthan,Rajasthan City 3,4G,Prepaid,5,29.86,193,3.66,23
AIR103305,2025-06-15,Rajasthan,Rajasthan City 2,4G,Prepaid,2.2,39.86,265,3.56,30
AIR103306,2025-07-15,Tamil Nadu,Tamil Nadu City 2,4G,Prepaid,3.3,23.56,465,3.96,35
AIR103307,2025-08-15,Maharashtra,Maharashtra City 1,4G,Postpaid,2.2,27.04,569,3.75,28
AIR103308,2025-09-15,Rajasthan,Rajasthan City 2,5G,Prepaid,0.8,11.9,230,3.81,35
AIR103309,2025-10-15,Karnataka,Karnataka City 3,5G,Postpaid,1.4,31.21,591,3.75,27
AIR103310,2025-11-15,Delhi,Delhi City 1,4G,Prepaid,5.5,43.63,532,3.21,-1
AIR103311,2025-12-15,Delhi,Delhi City 2,4G,Postpaid,1.7,37.82,471,3.47,21
AIR103312,2025-02-15,Karnataka,Karnataka City 1,4G,Enterprise,2.5,13.36,270,3.25,-22
AIR103313,2025-03-15,Maharashtra,Maharashtra City 1,4G,Postpaid,1.1,22.56,404,3.66,16
AIR103314,2025-04-15,Maharashtra,Maharashtra City 1,4G,Postpaid,3.7,4.52,420,3.44,12
AIR103315,2025-05-15,Tamil Nadu,Tamil Nadu City 1,4G,Postpaid,2.1,28.5,536,3.53,27
AIR103316,2025-06-15,Gujarat,Gujarat City 2,5G,Broadband,5.3,41.24,506,3.41,17
AIR103317,2025-07-15,West Bengal,West Bengal City 3,4G,Prepaid,2.3,11.75,695,3.63,53
AIR103318,2025-08-15,Maharashtra,Maharashtra City 3,4G,Broadband,4.9,7.97,627,3.17,4
AIR103319,2025-09-15,Kerala,Kerala City 2,4G,Broadband,5.2,34.66,349,3.45,29
AIR103320,2025-10-15,Tamil Nadu,Tamil Nadu City 3,4G,Prepaid,5.9,31.76,660,2.72,-23
AIR103321,2025-11-15,Uttar Pradesh,Uttar Pradesh City 1,4G,Prepaid,3.9,26.22,377,3.53,17
AIR103322,2025-12-15,Telangana,Telangana City 1,5G,Enterprise,5.1,27.73,534,4.2,45
AIR103323,2025-02-15,Uttar Pradesh,Uttar Pradesh City 1,4G,Postpaid,4.4,8.57,305,3.34,23
AIR103324,2025-03-15,Tamil Nadu,Tamil Nadu City 2,4G,Prepaid,1.3,19.08,388,3.52,12
AIR103325,2025-04-15,Rajasthan,Rajasthan City 1,5G,Postpaid,2.2,19.26,462,4.54,49
AIR103326,2025-05-15,West Bengal,West Bengal City 1,4G,Prepaid,3.3,10.31,485,2.83,-2
AIR103327,2025-06-15,Telangana,Telangana City 2,5G,Prepaid,2.3,12.82,728,3.68,41
AIR103328,2025-07-15,Uttar Pradesh,Uttar Pradesh City 1,4G,Postpaid,1.4,22.59,435,3.32,11
AIR103329,2025-08-15,Telangana,Telangana City 1,4G,Postpaid,2.2,18.02,475,3.32,14
AIR103330,2025-09-15,Kerala,Kerala City 3,5G,Broadband,0.9,36.99,251,3.41,2
AIR103331,2025-10-15,Kerala,Kerala City 2,5G,Postpaid,5.1,16.28,462,3.41,6
AIR103332,2025-11-15,Kerala,Kerala City 1,4G,Broadband,2.7,12.23,497,3.87,27
AIR103333,2025-12-15,Tamil Nadu,Tamil Nadu City 1,4G,Prepaid,5.6,16.05,773,4.23,39
AIR103334,2025-02-15,West Bengal,West Bengal City 1,5G,Postpaid,4.5,29.2,671,4.03,15
AIR103335,2025-03-15,Tamil Nadu,Tamil Nadu City 1,4G,Prepaid,4.6,20.72,269,3.54,23
AIR103336,2025-04-15,Delhi,Delhi City 3,4G,Prepaid,5.4,17.03,33,2.98,-6
AIR103337,2025-05-15,Rajasthan,Rajasthan City 3,5G,Broadband,5.6,1,306,3.37,11
AIR103338,2025-06-15,Rajasthan,Rajasthan City 3,4G,Prepaid,0.8,34.16,607,3.13,-5
AIR103339,2025-07-15,Kerala,Kerala City 3,5G,Broadband,1.5,27.29,549,4.31,55
AIR103340,2025-08-15,Delhi,Delhi City 2,5G,Prepaid,0.9,18.01,192,3.29,-1
AIR103341,2025-09-15,Maharashtra,Maharashtra City 1,5G,Prepaid,4.8,38.31,458,4.12,55
AIR103342,2025-10-15,Maharashtra,Maharashtra City 3,5G,Prepaid,1.3,52.33,633,4.23,39
AIR103343,2025-11-15,Kerala,Kerala City 1,4G,Postpaid,5,19.25,464,3.31,-5
AIR103344,2025-12-15,Uttar Pradesh,Uttar Pradesh City 2,4G,Prepaid,2.3,20.42,276,3.5,14
AIR103345,2025-02-15,Tamil Nadu,Tamil Nadu City 1,4G,Postpaid,2.3,28.42,517,3.48,19
AIR103346,2025-03-15,Kerala,Kerala City 1,5G,Postpaid,2,37.52,614,4.21,56
AIR103347,2025-04-15,Gujarat,Gujarat City 3,5G,Prepaid,3.5,47.28,615,4.03,39
AIR103348,2025-05-15,Telangana,Telangana City 3,4G,Postpaid,5.1,12.21,442,3.4,1
AIR103349,2025-06-15,Rajasthan,Rajasthan City 2,4G,Prepaid,5.7,2.97,617,4.22,58
AIR103350,2025-07-15,Maharashtra,Maharashtra City 1,5G,Broadband,3.6,33.45,674,4.61,53
AIR103351,2025-08-15,Karnataka,Karnataka City 3,4G,Prepaid,2,30.48,417,3.67,29
AIR103352,2025-09-15,Maharashtra,Maharashtra City 3,4G,Prepaid,4.5,14.51,435,3.65,10
AIR103353,2025-10-15,Rajasthan,Rajasthan City 3,4G,Prepaid,2.5,20.31,298,3.54,19
AIR103354,2025-11-15,Telangana,Telangana City 2,5G,Postpaid,4.8,44.76,227,3.41,10
AIR103355,2025-12-15,Rajasthan,Rajasthan City 1,5G,Postpaid,6.2,36.34,433,4.06,24
AIR103356,2025-02-15,Karnataka,Karnataka City 3,5G,Broadband,0.7,38.17,382,3.67,32
AIR103357,2025-03-15,Kerala,Kerala City 1,4G,Broadband,3.6,13.55,406,3.77,29
AIR103358,2025-04-15,Delhi,Delhi City 2,5G,Prepaid,2.1,34.76,670,4.09,37
AIR103359,2025-05-15,Karnataka,Karnataka City 1,4G,Postpaid,4.4,24.65,635,3.39,16
AIR103360,2025-06-15,Rajasthan,Rajasthan City 3,5G,Postpaid,6.1,42.86,271,3.56,29
AIR103361,2025-07-15,Rajasthan,Rajasthan City 1,4G,Broadband,4.4,16.84,392,4.26,51
AIR103362,2025-08-15,Gujarat,Gujarat City 1,4G,Prepaid,2.7,7.46,237,3.42,-7
AIR103363,2025-09-15,Gujarat,Gujarat City 2,4G,Prepaid,3.9,16.62,653,3.3,1
AIR103364,2025-10-15,West Bengal,West Bengal City 2,4G,Broadband,3.4,16.63,562,3.7,34
AIR103365,2025-11-15,Gujarat,Gujarat City 1,5G,Prepaid,6.6,51.21,560,4.44,74
AIR103366,2025-12-15,Tamil Nadu,Tamil Nadu City 1,5G,Postpaid,6.2,36.24,568,4.22,59
AIR103367,2025-02-15,Delhi,Delhi City 1,5G,Broadband,2.2,49.39,545,3.98,22
AIR103368,2025-03-15,Telangana,Telangana City 2,5G,Broadband,3.8,35.22,478,4.44,57
AIR103369,2025-04-15,Karnataka,Karnataka City 2,4G,Prepaid,3,17.79,299,3.15,0
AIR103370,2025-05-15,Rajasthan,Rajasthan City 1,5G,Prepaid,5.1,16.95,384,4.45,55
AIR103371,2025-06-15,West Bengal,West Bengal City 2,5G,Prepaid,5.1,29.36,231,4.55,54
AIR103372,2025-07-15,West Bengal,West Bengal City 3,5G,Broadband,3.1,35.6,361,4.14,36
AIR103373,2025-08-15,Telangana,Telangana City 2,4G,Enterprise,0.8,10.56,394,4.22,32
AIR103374,2025-09-15,Delhi,Delhi City 2,4G,Postpaid,6.5,16.96,372,3.11,17
AIR103375,2025-10-15,Karnataka,Karnataka City 2,5G,Postpaid,6.2,26.2,430,3.89,34
AIR103376,2025-11-15,Maharashtra,Maharashtra City 3,4G,Prepaid,5.1,21.39,168,3.52,25
AIR103377,2025-12-15,Gujarat,Gujarat City 3,5G,Postpaid,4.5,50.11,491,3.88,45
AIR103378,2025-02-15,Kerala,Kerala City 3,5G,Prepaid,2.1,28.19,481,3.78,34
AIR103379,2025-03-15,West Bengal,West Bengal City 1,4G,Postpaid,5,26.85,668,3.39,25
AIR103380,2025-04-15,Gujarat,Gujarat City 1,5G,Postpaid,3.6,46.79,616,3.99,24
AIR103381,2025-05-15,Gujarat,Gujarat City 3,5G,Postpaid,0.6,46.31,490,4.5,42
AIR103382,2025-06-15,Tamil Nadu,Tamil Nadu City 1,4G,Broadband,6.4,18.49,456,3.8,24
AIR103383,2025-07-15,Delhi,Delhi City 1,4G,Prepaid,0.7,9.18,370,2.83,-15
AIR103384,2025-08-15,Kerala,Kerala City 1,5G,Postpaid,4.9,10.02,356,4.27,29
AIR103385,2025-09-15,Maharashtra,Maharashtra City 3,4G,Prepaid,3.5,20.69,154,4.3,39
AIR103386,2025-10-15,Rajasthan,Rajasthan City 2,4G,Postpaid,5.8,22.43,20,4.24,44
AIR103387,2025-11-15,Tamil Nadu,Tamil Nadu City 3,5G,Postpaid,5.2,47.34,523,4.2,31
AIR103388,2025-12-15,Gujarat,Gujarat City 3,4G,Prepaid,5.6,32.51,474,4.28,31
AIR103389,2025-02-15,Gujarat,Gujarat City 1,5G,Prepaid,4.7,46.77,497,3.56,17
AIR103390,2025-03-15,Uttar Pradesh,Uttar Pradesh City 1,4G,Prepaid,4.3,23.12,405,3.41,33
AIR103391,2025-04-15,Kerala,Kerala City 2,4G,Prepaid,1.5,18.22,398,3.38,18
AIR103392,2025-05-15,Kerala,Kerala City 2,5G,Postpaid,5.7,35.75,322,4.03,51
AIR103393,2025-06-15,Uttar Pradesh,Uttar Pradesh City 2,4G,Prepaid,4,25.32,420,3.54,19
AIR103394,2025-07-15,Kerala,Kerala City 2,5G,Postpaid,5.9,21.65,301,3.72,19
AIR103395,2025-08-15,Gujarat,Gujarat City 3,5G,Prepaid,2.9,52.62,493,3.35,5
AIR103396,2025-09-15,West Bengal,West Bengal City 2,5G,Postpaid,3.2,27.72,740,3.84,38
AIR103397,2025-10-15,Karnataka,Karnataka City 3,4G,Postpaid,1.8,15.07,387,3.7,17
AIR103398,2025-11-15,Gujarat,Gujarat City 1,4G,Prepaid,1,12,448,3.59,24
AIR103399,2025-12-15,Tamil Nadu,Tamil Nadu City 2,5G,Postpaid,3.9,27.21,541,3.07,11
AIR103400,2025-02-15,Delhi,Delhi City 1,4G,Broadband,0.3,20.92,641,3.31,9
AIR103401,2025-03-15,Uttar Pradesh,Uttar Pradesh City 1,4G,Prepaid,5.5,10.84,170,4.29,66
AIR103402,2025-04-15,Maharashtra,Maharashtra City 3,4G,Postpaid,6,15.73,814,3.23,0
AIR103403,2025-05-15,Rajasthan,Rajasthan City 2,4G,Prepaid,3.2,30.35,471,3.19,11
AIR103404,2025-06-15,Maharashtra,Maharashtra City 3,5G,Prepaid,4,30.59,645,4.72,73
AIR103405,2025-07-15,Gujarat,Gujarat City 1,5G,Postpaid,3.9,33.14,673,4.33,48
AIR103406,2025-08-15,Tamil Nadu,Tamil Nadu City 2,5G,Prepaid,0.8,54.26,510,3.28,2
AIR103407,2025-09-15,Gujarat,Gujarat City 1,4G,Broadband,3.8,13.24,188,3.37,18
AIR103408,2025-10-15,Delhi,Delhi City 1,5G,Prepaid,6.6,35.7,622,4.59,74
AIR103409,2025-11-15,West Bengal,West Bengal City 2,4G,Prepaid,6.1,3.59,160,4.06,37
AIR103410,2025-12-15,Rajasthan,Rajasthan City 2,4G,Postpaid,3.1,14.27,222,2.98,0
AIR103411,2025-02-15,Delhi,Delhi City 2,4G,Postpaid,1.8,19.85,303,3.54,17
AIR103412,2025-03-15,Uttar Pradesh,Uttar Pradesh City 3,5G,Postpaid,3.9,1,558,4.37,49
AIR103413,2025-04-15,Uttar Pradesh,Uttar Pradesh City 3,5G,Prepaid,4.2,21.19,483,4.16,48
AIR103414,2025-05-15,Gujarat,Gujarat City 1,5G,Broadband,2.5,27.33,343,4.12,48
AIR103415,2025-06-15,Tamil Nadu,Tamil Nadu City 2,5G,Enterprise,5.8,41.81,272,3.67,36
AIR103416,2025-07-15,Delhi,Delhi City 1,5G,Postpaid,1,26.22,98,3.1,-9
AIR103417,2025-08-15,Telangana,Telangana City 1,4G,Postpaid,1.2,42.84,482,3.23,24
AIR103418,2025-09-15,Tamil Nadu,Tamil Nadu City 1,5G,Postpaid,1.1,38.06,480,4.05,32
AIR103419,2025-10-15,West Bengal,West Bengal City 1,4G,Prepaid,5.3,1,511,3.54,17
AIR103420,2025-11-15,Uttar Pradesh,Uttar Pradesh City 1,4G,Prepaid,3.3,15.1,577,3.46,13
AIR103421,2025-12-15,Gujarat,Gujarat City 2,4G,Prepaid,6.7,16.96,213,3.83,24
AIR103422,2025-02-15,Kerala,Kerala City 3,4G,Enterprise,1.7,18.75,283,3.96,40
AIR103423,2025-03-15,Uttar Pradesh,Uttar Pradesh City 2,4G,Prepaid,1,3.75,675,3.42,21
AIR103424,2025-04-15,Rajasthan,Rajasthan City 2,4G,Postpaid,5.3,27.46,443,3.45,31
AIR103425,2025-05-15,Karnataka,Karnataka City 2,5G,Prepaid,4.1,42.87,440,3.47,9
AIR103426,2025-06-15,Kerala,Kerala City 3,5G,Postpaid,6,12.51,578,3.67,12
AIR103427,2025-07-15,Gujarat,Gujarat City 3,5G,Prepaid,1.8,24.54,244,4.38,57
AIR103428,2025-08-15,Telangana,Telangana City 3,4G,Postpaid,2.9,6.69,654,3.09,0
AIR103429,2025-09-15,Kerala,Kerala City 2,4G,Prepaid,5.5,13.9,591,3.07,-1
AIR103430,2025-10-15,Rajasthan,Rajasthan City 3,4G,Broadband,1.2,18.72,278,3.47,6
AIR103431,2025-11-15,Tamil Nadu,Tamil Nadu City 1,4G,Broadband,5.6,21.4,586,3.24,10
AIR103432,2025-12-15,Telangana,Telangana City 3,4G,Postpaid,3.9,37.91,298,2.73,-24
AIR103433,2025-02-15,Uttar Pradesh,Uttar Pradesh City 2,5G,Prepaid,5.2,37.48,448,3.59,16
AIR103434,2025-03-15,Telangana,Telangana City 2,4G,Prepaid,5,10.57,235,3.54,19
AIR103435,2025-04-15,Delhi,Delhi City 1,4G,Broadband,3.9,1,250,3.95,49
AIR103436,2025-05-15,Rajasthan,Rajasthan City 3,4G,Prepaid,1.1,14.86,967,3.14,19
AIR103437,2025-06-15,Kerala,Kerala City 3,4G,Prepaid,4.4,23.94,399,4.08,26
AIR103438,2025-07-15,Delhi,Delhi City 1,4G,Postpaid,2.4,24.42,366,2.68,-20
AIR103439,2025-08-15,Telangana,Telangana City 2,4G,Prepaid,1,22.77,519,3.8,23
AIR103440,2025-09-15,Delhi,Delhi City 2,5G,Prepaid,3.3,46.25,355,3.89,45
AIR103441,2025-10-15,Maharashtra,Maharashtra City 3,4G,Postpaid,6.3,15.08,310,3.03,-9
AIR103442,2025-11-15,Rajasthan,Rajasthan City 3,4G,Prepaid,5.8,1.38,452,3.44,13
AIR103443,2025-12-15,West Bengal,West Bengal City 3,4G,Prepaid,4.5,7.4,396,3.76,23
AIR103444,2025-02-15,Tamil Nadu,Tamil Nadu City 3,4G,Postpaid,0.2,33.64,278,3.3,6
AIR103445,2025-03-15,Telangana,Telangana City 3,4G,Prepaid,0.4,7.69,409,3.28,24
AIR103446,2025-04-15,Rajasthan,Rajasthan City 2,4G,Postpaid,5.2,6.16,471,3.17,-4
AIR103447,2025-05-15,West Bengal,West Bengal City 2,4G,Prepaid,4.7,19.17,20,3.16,12
AIR103448,2025-06-15,West Bengal,West Bengal City 2,4G,Postpaid,5.2,32.86,345,3.39,14
AIR103449,2025-07-15,Gujarat,Gujarat City 2,4G,Prepaid,1.2,14.01,491,3.83,34
AIR103450,2025-08-15,Delhi,Delhi City 1,4G,Prepaid,1.8,2.36,511,3.12,-2
AIR103451,2025-09-15,West Bengal,West Bengal City 2,4G,Prepaid,5.7,13.74,308,3.28,4
AIR103452,2025-10-15,Maharashtra,Maharashtra City 1,4G,Prepaid,1.9,11.43,425,3.43,29
AIR103453,2025-11-15,Rajasthan,Rajasthan City 2,4G,Broadband,2,11.3,554,3.68,14
AIR103454,2025-12-15,Karnataka,Karnataka City 3,4G,Prepaid,5.7,9.74,311,3.28,18
AIR103455,2025-02-15,Karnataka,Karnataka City 3,4G,Postpaid,1.1,16.4,275,3.15,-26
AIR103456,2025-03-15,Telangana,Telangana City 3,4G,Broadband,2.2,13.07,212,3.8,26
AIR103457,2025-04-15,Uttar Pradesh,Uttar Pradesh City 1,4G,Postpaid,3.4,15.49,307,3.19,29
AIR103458,2025-05-15,Delhi,Delhi City 2,4G,Prepaid,4.4,23.92,773,3.92,12
AIR103459,2025-06-15,Uttar Pradesh,Uttar Pradesh City 2,4G,Prepaid,3.6,18.59,786,3.02,5
AIR103460,2025-07-15,West Bengal,West Bengal City 1,5G,Broadband,4.9,41.06,648,4.31,52
AIR103461,2025-08-15,Rajasthan,Rajasthan City 1,5G,Postpaid,6.1,47.81,128,4.04,40
AIR103462,2025-09-15,Telangana,Telangana City 1,5G,Postpaid,4.9,43,410,3.66,21
AIR103463,2025-10-15,Kerala,Kerala City 1,5G,Prepaid,1.8,43.69,336,3.7,10
AIR103464,2025-11-15,West Bengal,West Bengal City 1,5G,Broadband,6.6,43.97,585,4.17,39
AIR103465,2025-12-15,Delhi,Delhi City 3,5G,Postpaid,3.9,20.12,312,3.85,20
AIR103466,2025-02-15,Karnataka,Karnataka City 2,4G,Prepaid,1.6,25.53,344,3.3,12
AIR103467,2025-03-15,Gujarat,Gujarat City 1,4G,Postpaid,3.2,25.81,88,4.18,34
AIR103468,2025-04-15,Rajasthan,Rajasthan City 3,4G,Prepaid,5.4,17.84,149,3.67,19
AIR103469,2025-05-15,Tamil Nadu,Tamil Nadu City 1,5G,Prepaid,0.8,39.07,450,4.12,28
AIR103470,2025-06-15,Uttar Pradesh,Uttar Pradesh City 3,5G,Broadband,0.5,32.05,114,4.37,37
AIR103471,2025-07-15,Telangana,Telangana City 1,4G,Prepaid,5.7,10.31,375,2.91,12
AIR103472,2025-08-15,Uttar Pradesh,Uttar Pradesh City 2,5G,Postpaid,1.6,33.38,433,3.45,23
AIR103473,2025-09-15,Rajasthan,Rajasthan City 1,4G,Prepaid,1.4,13.1,388,2.63,4
AIR103474,2025-10-15,Uttar Pradesh,Uttar Pradesh City 1,4G,Prepaid,6.7,15.74,359,3.27,9
AIR103475,2025-11-15,Rajasthan,Rajasthan City 2,4G,Postpaid,4.7,8.69,637,3.46,9
AIR103476,2025-12-15,Uttar Pradesh,Uttar Pradesh City 2,4G,Enterprise,1.7,10.76,434,3.55,8
AIR103477,2025-02-15,Maharashtra,Maharashtra City 1,4G,Prepaid,4.2,16.75,238,3.14,19
AIR103478,2025-03-15,Kerala,Kerala City 2,5G,Prepaid,4.4,42.17,241,3.75,22
AIR103479,2025-04-15,West Bengal,West Bengal City 2,5G,Postpaid,1.4,36.09,359,3.37,14
AIR103480,2025-05-15,West Bengal,West Bengal City 3,5G,Prepaid,1.1,31.1,276,4.66,38
AIR103481,2025-06-15,Delhi,Delhi City 2,4G,Prepaid,2.9,11.45,777,2.64,-8
AIR103482,2025-07-15,Tamil Nadu,Tamil Nadu City 2,5G,Prepaid,3.4,34.17,277,4.36,47
AIR103483,2025-08-15,Tamil Nadu,Tamil Nadu City 1,4G,Prepaid,6.5,41.64,410,3.68,32
AIR103484,2025-09-15,Delhi,Delhi City 1,4G,Prepaid,5,23.21,715,3.06,3
AIR103485,2025-10-15,Gujarat,Gujarat City 3,5G,Prepaid,2.5,52.36,311,4.42,58
AIR103486,2025-11-15,West Bengal,West Bengal City 1,4G,Prepaid,1.1,5.33,346,3.37,10
AIR103487,2025-12-15,Gujarat,Gujarat City 2,4G,Postpaid,4.6,15.76,338,3.29,22
AIR103488,2025-02-15,Rajasthan,Rajasthan City 2,4G,Prepaid,2.5,21.17,847,3.47,17
AIR103489,2025-03-15,Rajasthan,Rajasthan City 2,5G,Broadband,2.3,45.28,501,3.26,0
AIR103490,2025-04-15,Karnataka,Karnataka City 1,4G,Postpaid,0.6,18.78,478,3.46,20
AIR103491,2025-05-15,Uttar Pradesh,Uttar Pradesh City 2,4G,Prepaid,5.9,7.21,294,3.99,49
AIR103492,2025-06-15,Tamil Nadu,Tamil Nadu City 2,4G,Enterprise,1.8,26.97,343,3.39,20
AIR103493,2025-07-15,Karnataka,Karnataka City 3,5G,Prepaid,6.4,41.04,679,3.8,32
AIR103494,2025-08-15,Kerala,Kerala City 3,5G,Prepaid,6.1,52.88,429,3.72,27
AIR103495,2025-09-15,Delhi,Delhi City 3,4G,Prepaid,3.5,22.26,395,3.79,42
AIR103496,2025-10-15,Delhi,Delhi City 1,4G,Postpaid,2.6,15.21,388,3.78,36
AIR103497,2025-11-15,Rajasthan,Rajasthan City 2,4G,Postpaid,3.8,18.86,143,2.96,-6
AIR103498,2025-12-15,West Bengal,West Bengal City 2,4G,Prepaid,4.5,21.63,350,4.1,32
AIR103499,2025-02-15,Gujarat,Gujarat City 2,5G,Prepaid,2.9,14.33,672,4.13,38
AIR103500,2025-03-15,Tamil Nadu,Tamil Nadu City 3,4G,Postpaid,1.9,24.38,245,3.88,26
AIR103501,2025-04-15,Karnataka,Karnataka City 2,4G,Prepaid,3.1,17.63,504,3.19,18
AIR103502,2025-05-15,Gujarat,Gujarat City 2,5G,Prepaid,4.2,17.79,397,4.19,49
AIR103503,2025-06-15,Karnataka,Karnataka City 2,4G,Postpaid,3.8,18.84,513,3.03,24
AIR103504,2025-07-15,Uttar Pradesh,Uttar Pradesh City 2,5G,Broadband,4.3,41.75,201,3.78,25
AIR103505,2025-08-15,Kerala,Kerala City 2,5G,Prepaid,6.1,20.44,361,4.22,41
AIR103506,2025-09-15,Kerala,Kerala City 1,5G,Prepaid,0.7,50.74,411,4.05,27
AIR103507,2025-10-15,Gujarat,Gujarat City 2,5G,Broadband,5.7,28.16,639,4.33,51
AIR103508,2025-11-15,Gujarat,Gujarat City 1,4G,Prepaid,1.5,26.58,577,3.47,19
AIR103509,2025-12-15,Gujarat,Gujarat City 2,5G,Postpaid,3.1,48.37,376,4.51,54
AIR103510,2025-02-15,Karnataka,Karnataka City 1,4G,Enterprise,3.1,26.31,279,3.19,18
AIR103511,2025-03-15,Uttar Pradesh,Uttar Pradesh City 2,4G,Broadband,0.7,25.12,461,3.73,32
AIR103512,2025-04-15,Maharashtra,Maharashtra City 2,4G,Prepaid,5.8,16.7,432,3.8,42
AIR103513,2025-05-15,Gujarat,Gujarat City 2,5G,Prepaid,5.4,25.13,488,4.27,41
AIR103514,2025-06-15,West Bengal,West Bengal City 2,5G,Prepaid,2.5,58.58,409,3.62,25
AIR103515,2025-07-15,Tamil Nadu,Tamil Nadu City 3,4G,Broadband,4.9,1,538,3.71,29
AIR103516,2025-08-15,Tamil Nadu,Tamil Nadu City 2,4G,Enterprise,4.8,19.1,45,3.43,26
AIR103517,2025-09-15,Karnataka,Karnataka City 1,5G,Prepaid,0.8,51.18,537,3.99,42
AIR103518,2025-10-15,Gujarat,Gujarat City 3,5G,Postpaid,3.4,23.42,454,4.45,62
AIR103519,2025-11-15,Rajasthan,Rajasthan City 3,4G,Broadband,1.6,14.1,20,4.39,50
AIR103520,2025-12-15,Delhi,Delhi City 2,4G,Prepaid,6,8.73,338,3.39,18
AIR103521,2025-02-15,Maharashtra,Maharashtra City 1,4G,Prepaid,1.3,18.68,568,2.92,8
AIR103522,2025-03-15,West Bengal,West Bengal City 1,4G,Prepaid,0.5,11.5,627,3.72,26
AIR103523,2025-04-15,Uttar Pradesh,Uttar Pradesh City 3,5G,Prepaid,0.6,23.97,504,3.92,32
AIR103524,2025-05-15,Rajasthan,Rajasthan City 1,4G,Broadband,5.1,7.44,368,3.79,12
AIR103525,2025-06-15,Kerala,Kerala City 2,4G,Broadband,3.3,23.8,393,3.77,29
AIR103526,2025-07-15,Rajasthan,Rajasthan City 2,4G,Prepaid,5.3,22.2,341,3.51,8
AIR103527,2025-08-15,Karnataka,Karnataka City 2,4G,Prepaid,2,21.97,334,3.22,-1
AIR103528,2025-09-15,Maharashtra,Maharashtra City 2,4G,Prepaid,6,18.9,132,4.2,37
AIR103529,2025-10-15,Telangana,Telangana City 2,4G,Postpaid,6.6,10.58,618,2.7,-22
AIR103530,2025-11-15,Telangana,Telangana City 3,5G,Postpaid,5.3,16.36,464,4.52,58
AIR103531,2025-12-15,Gujarat,Gujarat City 2,4G,Postpaid,5.6,2.88,273,3.35,2
AIR103532,2025-02-15,Gujarat,Gujarat City 2,5G,Postpaid,4,21.27,488,3.73,28
AIR103533,2025-03-15,Karnataka,Karnataka City 3,4G,Prepaid,3.9,13.88,541,3.3,20
AIR103534,2025-04-15,Uttar Pradesh,Uttar Pradesh City 3,4G,Postpaid,1.3,8.45,415,3.04,10
AIR103535,2025-05-15,Gujarat,Gujarat City 3,4G,Enterprise,6,26.55,34,3.04,5
AIR103536,2025-06-15,Delhi,Delhi City 1,4G,Prepaid,2.3,18.19,567,3.8,52
AIR103537,2025-07-15,Maharashtra,Maharashtra City 1,4G,Postpaid,0.5,11.78,449,3.35,13
AIR103538,2025-08-15,Karnataka,Karnataka City 2,4G,Prepaid,2.1,8.48,153,3.99,12
AIR103539,2025-09-15,Tamil Nadu,Tamil Nadu City 2,5G,Postpaid,1.7,30.37,410,4.31,46
AIR103540,2025-10-15,Kerala,Kerala City 2,5G,Postpaid,2.7,36.14,623,4,15
AIR103541,2025-11-15,Karnataka,Karnataka City 1,4G,Postpaid,1.9,29.79,109,3.27,4
AIR103542,2025-12-15,Karnataka,Karnataka City 2,4G,Broadband,3,13.71,346,3.87,27
AIR103543,2025-02-15,Telangana,Telangana City 2,5G,Prepaid,6.1,30.39,267,3.9,34
AIR103544,2025-03-15,West Bengal,West Bengal City 1,4G,Postpaid,5.6,29.82,585,3.35,-3
AIR103545,2025-04-15,Uttar Pradesh,Uttar Pradesh City 3,5G,Prepaid,4.3,44.93,428,4.06,40
AIR103546,2025-05-15,West Bengal,West Bengal City 1,5G,Postpaid,6.1,7.95,568,4.31,36
AIR103547,2025-06-15,Delhi,Delhi City 2,4G,Prepaid,1.8,25.82,833,3.29,9
AIR103548,2025-07-15,Tamil Nadu,Tamil Nadu City 1,4G,Broadband,0.9,29.48,515,3.56,30
AIR103549,2025-08-15,Telangana,Telangana City 3,4G,Prepaid,4.5,14.98,114,3.36,18
AIR103550,2025-09-15,Tamil Nadu,Tamil Nadu City 3,5G,Prepaid,4.4,38.89,521,4.16,45
AIR103551,2025-10-15,Delhi,Delhi City 3,4G,Prepaid,4.8,12.44,277,3.41,11
AIR103552,2025-11-15,West Bengal,West Bengal City 3,5G,Enterprise,6.3,31.15,459,4,49
AIR103553,2025-12-15,Karnataka,Karnataka City 3,4G,Prepaid,1.5,25.22,184,3.76,36
AIR103554,2025-02-15,Gujarat,Gujarat City 3,4G,Prepaid,6.1,22.48,351,3.47,10
AIR103555,2025-03-15,Gujarat,Gujarat City 2,4G,Prepaid,0.7,23.13,437,4.01,60
AIR103556,2025-04-15,Rajasthan,Rajasthan City 2,4G,Prepaid,3.7,29.39,271,3.92,44
AIR103557,2025-05-15,Kerala,Kerala City 1,5G,Prepaid,6.1,34.32,317,4.1,14
AIR103558,2025-06-15,Uttar Pradesh,Uttar Pradesh City 2,4G,Postpaid,2.7,16.23,601,2.55,-25
AIR103559,2025-07-15,Delhi,Delhi City 3,4G,Prepaid,6,18.07,398,3.17,0
AIR103560,2025-08-15,Kerala,Kerala City 2,4G,Postpaid,5.2,7.66,376,3.33,13
AIR103561,2025-09-15,Uttar Pradesh,Uttar Pradesh City 1,4G,Prepaid,1.2,30.02,483,3.34,8
AIR103562,2025-10-15,Kerala,Kerala City 3,5G,Prepaid,4,29.45,244,3.45,25
AIR103563,2025-11-15,West Bengal,West Bengal City 2,4G,Postpaid,4.3,41.27,328,3.68,28
AIR103564,2025-12-15,Uttar Pradesh,Uttar Pradesh City 2,4G,Prepaid,2.1,15.66,394,3.89,37
AIR103565,2025-02-15,West Bengal,West Bengal City 1,5G,Prepaid,1.9,30.74,340,4.02,48
AIR103566,2025-03-15,Karnataka,Karnataka City 3,5G,Prepaid,2.6,49.22,579,3.29,10
AIR103567,2025-04-15,Telangana,Telangana City 1,4G,Prepaid,6.2,12.92,496,3.42,17
AIR103568,2025-05-15,West Bengal,West Bengal City 3,4G,Postpaid,1.1,25.75,561,3.78,37
AIR103569,2025-06-15,Gujarat,Gujarat City 3,5G,Postpaid,3.5,55.49,702,4.31,43
AIR103570,2025-07-15,Kerala,Kerala City 2,5G,Postpaid,1.3,20.63,563,3.68,41
AIR103571,2025-08-15,Rajasthan,Rajasthan City 1,5G,Prepaid,2.5,33.65,931,3.59,29
AIR103572,2025-09-15,Maharashtra,Maharashtra City 1,4G,Prepaid,1.3,23.82,367,4.25,53
AIR103573,2025-10-15,Uttar Pradesh,Uttar Pradesh City 1,4G,Prepaid,1.6,20.32,310,4,20
AIR103574,2025-11-15,Delhi,Delhi City 3,4G,Postpaid,4.2,23.12,348,3.34,8
AIR103575,2025-12-15,Rajasthan,Rajasthan City 1,5G,Postpaid,2.3,53.63,227,3.42,9
AIR103576,2025-02-15,Gujarat,Gujarat City 3,4G,Prepaid,2.5,20.35,312,3.27,1
AIR103577,2025-03-15,West Bengal,West Bengal City 1,4G,Postpaid,4.8,20.4,643,3.71,32
AIR103578,2025-04-15,Telangana,Telangana City 1,5G,Prepaid,6.2,36.65,602,2.97,8
AIR103579,2025-05-15,Karnataka,Karnataka City 2,4G,Enterprise,5.7,12.08,493,3.86,32
AIR103580,2025-06-15,Maharashtra,Maharashtra City 1,4G,Prepaid,2.8,21.99,97,3.46,23
AIR103581,2025-07-15,Tamil Nadu,Tamil Nadu City 2,4G,Postpaid,3.7,6.03,270,3.31,14
AIR103582,2025-08-15,Rajasthan,Rajasthan City 2,4G,Prepaid,1.6,43.51,449,3.2,-9
AIR103583,2025-09-15,Telangana,Telangana City 3,4G,Broadband,6.4,11.77,478,3.55,7
AIR103584,2025-10-15,Tamil Nadu,Tamil Nadu City 1,4G,Prepaid,1.3,13.69,351,3.33,20
AIR103585,2025-11-15,Maharashtra,Maharashtra City 1,4G,Prepaid,5.4,28.94,96,3.61,10
AIR103586,2025-12-15,Delhi,Delhi City 1,4G,Prepaid,2.1,26.21,390,3.23,14
AIR103587,2025-02-15,Delhi,Delhi City 2,4G,Enterprise,4.1,10.59,195,3.18,10
AIR103588,2025-03-15,Kerala,Kerala City 1,4G,Enterprise,3.8,20.47,591,2.77,-23
AIR103589,2025-04-15,Maharashtra,Maharashtra City 3,4G,Prepaid,1.9,33.99,20,4.03,34
AIR103590,2025-05-15,Maharashtra,Maharashtra City 3,4G,Postpaid,6.1,15.54,401,3.54,30
AIR103591,2025-06-15,Tamil Nadu,Tamil Nadu City 1,4G,Postpaid,2.1,16.02,239,3.04,-4
AIR103592,2025-07-15,Telangana,Telangana City 2,4G,Prepaid,1.6,19.75,566,3.61,28
AIR103593,2025-08-15,Uttar Pradesh,Uttar Pradesh City 3,4G,Prepaid,4.9,28.41,546,4.1,42
AIR103594,2025-09-15,Tamil Nadu,Tamil Nadu City 3,4G,Enterprise,0.7,13.44,516,3.18,10
AIR103595,2025-10-15,Karnataka,Karnataka City 2,4G,Postpaid,6.3,24.02,184,3.97,15
AIR103596,2025-11-15,Delhi,Delhi City 3,4G,Prepaid,2.6,11.4,69,3.63,18
AIR103597,2025-12-15,Delhi,Delhi City 2,5G,Prepaid,6.9,54.47,552,3.77,9
AIR103598,2025-02-15,Kerala,Kerala City 3,4G,Prepaid,4.3,18.39,694,3.56,36
AIR103599,2025-03-15,Karnataka,Karnataka City 2,4G,Postpaid,4.1,7.16,614,3.86,36
AIR103600,2025-04-15,Delhi,Delhi City 3,4G,Prepaid,5.8,18.37,555,3.37,11
AIR103601,2025-05-15,Tamil Nadu,Tamil Nadu City 1,5G,Postpaid,3.5,36.65,625,3.42,7
AIR103602,2025-06-15,Karnataka,Karnataka City 3,4G,Prepaid,4.1,31.08,234,4.02,39
AIR103603,2025-07-15,Tamil Nadu,Tamil Nadu City 3,4G,Prepaid,1.7,7.92,633,3.57,5
AIR103604,2025-08-15,Uttar Pradesh,Uttar Pradesh City 1,4G,Prepaid,1.8,11.89,566,2.77,-24
AIR103605,2025-09-15,Uttar Pradesh,Uttar Pradesh City 1,4G,Broadband,2.4,22.19,243,3.61,20
AIR103606,2025-10-15,Delhi,Delhi City 1,5G,Prepaid,3,21.04,471,3.3,13
AIR103607,2025-11-15,Delhi,Delhi City 1,4G,Postpaid,5.1,12.3,590,3.51,17
AIR103608,2025-12-15,Telangana,Telangana City 2,5G,Prepaid,2.6,38.55,275,3.71,25
AIR103609,2025-02-15,Uttar Pradesh,Uttar Pradesh City 2,4G,Postpaid,2.2,21.98,524,3.12,10
AIR103610,2025-03-15,Rajasthan,Rajasthan City 3,4G,Prepaid,1.1,13.52,347,3.06,-7
AIR103611,2025-04-15,Rajasthan,Rajasthan City 3,4G,Postpaid,4.3,19.42,433,3.52,31
AIR103612,2025-05-15,Kerala,Kerala City 3,4G,Broadband,5.2,20.02,273,2.67,-22
AIR103613,2025-06-15,Uttar Pradesh,Uttar Pradesh City 2,4G,Prepaid,5.8,21.22,364,3.72,9
AIR103614,2025-07-15,Tamil Nadu,Tamil Nadu City 3,4G,Prepaid,5.1,5.02,222,3.52,35
AIR103615,2025-08-15,Tamil Nadu,Tamil Nadu City 3,4G,Postpaid,5.9,19.32,506,3.4,22
AIR103616,2025-09-15,Gujarat,Gujarat City 2,5G,Prepaid,5.2,36.08,652,3.79,28
AIR103617,2025-10-15,Karnataka,Karnataka City 3,5G,Postpaid,3.1,46.19,608,3.68,44
AIR103618,2025-11-15,West Bengal,West Bengal City 2,4G,Prepaid,5.8,16.07,407,3.35,-4
AIR103619,2025-12-15,Rajasthan,Rajasthan City 2,4G,Postpaid,3,17.57,381,3.72,0
AIR103620,2025-02-15,Delhi,Delhi City 1,4G,Postpaid,3.4,9.7,434,3.35,14
AIR103621,2025-03-15,Kerala,Kerala City 1,4G,Prepaid,6,16.95,509,4.32,41
AIR103622,2025-04-15,West Bengal,West Bengal City 2,5G,Postpaid,2.3,71.36,99,2.92,-19
AIR103623,2025-05-15,Maharashtra,Maharashtra City 2,5G,Prepaid,0.7,25.31,298,3.74,8
AIR103624,2025-06-15,Kerala,Kerala City 1,4G,Prepaid,5.6,14.95,208,3.57,20
AIR103625,2025-07-15,Maharashtra,Maharashtra City 3,4G,Prepaid,3.3,6.36,635,3.56,21
AIR103626,2025-08-15,Uttar Pradesh,Uttar Pradesh City 3,4G,Postpaid,2.8,18.96,448,3.41,46
AIR103627,2025-09-15,Maharashtra,Maharashtra City 3,5G,Prepaid,1.3,49.9,301,3.51,7
AIR103628,2025-10-15,Maharashtra,Maharashtra City 2,4G,Enterprise,5.9,19.88,212,3.13,-8
AIR103629,2025-11-15,Telangana,Telangana City 1,4G,Postpaid,1.8,38.72,491,3.2,4
AIR103630,2025-12-15,Telangana,Telangana City 3,5G,Prepaid,1.7,33.37,206,4.49,46
AIR103631,2025-02-15,Telangana,Telangana City 1,5G,Broadband,0.8,26.49,481,3.96,33
AIR103632,2025-03-15,Uttar Pradesh,Uttar Pradesh City 1,4G,Prepaid,4.9,20.29,554,2.93,20
AIR103633,2025-04-15,West Bengal,West Bengal City 2,5G,Postpaid,1.5,39.27,656,3.69,25
AIR103634,2025-05-15,Kerala,Kerala City 3,4G,Prepaid,1.6,11.83,451,3.55,14
AIR103635,2025-06-15,Kerala,Kerala City 1,4G,Postpaid,1.5,22.15,501,3.52,12
AIR103636,2025-07-15,Delhi,Delhi City 2,4G,Postpaid,1.2,22.05,570,2.77,-18
AIR103637,2025-08-15,Telangana,Telangana City 2,5G,Postpaid,3.4,18.53,657,4.19,41
AIR103638,2025-09-15,Uttar Pradesh,Uttar Pradesh City 2,4G,Prepaid,5.2,21.01,493,4.13,47
AIR103639,2025-10-15,Delhi,Delhi City 3,4G,Prepaid,1.9,27.7,455,3.36,21
AIR103640,2025-11-15,Karnataka,Karnataka City 3,5G,Prepaid,3.6,27.46,310,3.58,23
AIR103641,2025-12-15,Delhi,Delhi City 2,4G,Prepaid,2.9,12.91,484,4.02,47
AIR103642,2025-02-15,West Bengal,West Bengal City 3,5G,Prepaid,0.1,7.46,365,3.93,29
AIR103643,2025-03-15,Rajasthan,Rajasthan City 3,4G,Postpaid,0.4,18.03,833,3.39,22
AIR103644,2025-04-15,Maharashtra,Maharashtra City 1,4G,Broadband,5.1,20.62,322,3.44,14
AIR103645,2025-05-15,Telangana,Telangana City 2,4G,Prepaid,2.9,10.88,713,2.62,-10
AIR103646,2025-06-15,Rajasthan,Rajasthan City 2,5G,Prepaid,1.7,51.02,454,3.96,18
AIR103647,2025-07-15,Delhi,Delhi City 3,4G,Broadband,4.9,1,201,3.16,14
AIR103648,2025-08-15,Uttar Pradesh,Uttar Pradesh City 2,4G,Broadband,6.4,21.15,376,3.92,35
AIR103649,2025-09-15,Maharashtra,Maharashtra City 2,4G,Prepaid,5.4,12.56,1041,2.67,0
AIR103650,2025-10-15,Kerala,Kerala City 2,5G,Prepaid,2.1,39.33,217,3.9,35
AIR103651,2025-11-15,Tamil Nadu,Tamil Nadu City 3,4G,Postpaid,4.1,16.72,362,3.77,33
AIR103652,2025-12-15,Maharashtra,Maharashtra City 3,4G,Postpaid,5.6,16.53,308,3.71,26
AIR103653,2025-02-15,West Bengal,West Bengal City 3,4G,Prepaid,2.5,25.04,423,3.98,17
AIR103654,2025-03-15,West Bengal,West Bengal City 1,5G,Postpaid,5.1,3.03,478,3.88,23
AIR103655,2025-04-15,Delhi,Delhi City 2,4G,Postpaid,4.3,24.51,852,3.78,27
AIR103656,2025-05-15,Karnataka,Karnataka City 1,4G,Prepaid,2.8,7.19,31,3.55,23
AIR103657,2025-06-15,West Bengal,West Bengal City 3,5G,Postpaid,3.6,35.53,215,3.68,27
AIR103658,2025-07-15,West Bengal,West Bengal City 1,5G,Prepaid,4.9,26.88,20,3.73,0
AIR103659,2025-08-15,Uttar Pradesh,Uttar Pradesh City 2,4G,Postpaid,4,19.54,264,3.58,41
AIR103660,2025-09-15,Delhi,Delhi City 2,5G,Postpaid,1.1,39.63,290,3.54,8
AIR103661,2025-10-15,Maharashtra,Maharashtra City 3,5G,Prepaid,5.2,30.97,442,4.57,56
AIR103662,2025-11-15,Karnataka,Karnataka City 3,4G,Postpaid,1.9,1,141,3.3,0
AIR103663,2025-12-15,Rajasthan,Rajasthan City 1,4G,Postpaid,6,7.82,241,3.59,22
AIR103664,2025-02-15,Tamil Nadu,Tamil Nadu City 3,5G,Enterprise,0.4,51.88,465,4.22,59
AIR103665,2025-03-15,Telangana,Telangana City 1,5G,Prepaid,1.6,32.03,457,4.56,66
AIR103666,2025-04-15,Kerala,Kerala City 2,4G,Prepaid,6,15.33,489,3.45,12
AIR103667,2025-05-15,West Bengal,West Bengal City 2,4G,Enterprise,5.3,27.54,333,3.54,27
AIR103668,2025-06-15,Delhi,Delhi City 2,4G,Postpaid,2.8,19,454,3.69,18
AIR103669,2025-07-15,Telangana,Telangana City 2,4G,Broadband,4.2,14.43,235,3.89,30
AIR103670,2025-08-15,Kerala,Kerala City 2,4G,Prepaid,0.7,18.37,371,3.91,15
AIR103671,2025-09-15,Kerala,Kerala City 1,4G,Prepaid,2.9,14.72,354,2.94,7
AIR103672,2025-10-15,Rajasthan,Rajasthan City 2,4G,Prepaid,5.8,22.07,461,3.2,12
AIR103673,2025-11-15,Rajasthan,Rajasthan City 1,5G,Broadband,5,34.28,602,3.6,12
AIR103674,2025-12-15,Rajasthan,Rajasthan City 2,4G,Broadband,4.3,23.28,425,2.86,11
AIR103675,2025-02-15,Gujarat,Gujarat City 1,4G,Postpaid,1.4,8.65,900,3.39,9
AIR103676,2025-03-15,Gujarat,Gujarat City 1,4G,Prepaid,0.6,20.6,184,3.21,15
AIR103677,2025-04-15,Kerala,Kerala City 1,4G,Prepaid,1.6,31.85,375,3.81,19
AIR103678,2025-05-15,Rajasthan,Rajasthan City 3,5G,Postpaid,2.8,39.15,573,4.16,37
AIR103679,2025-06-15,Uttar Pradesh,Uttar Pradesh City 1,5G,Postpaid,4.3,34.47,540,3.89,44
AIR103680,2025-07-15,West Bengal,West Bengal City 1,4G,Postpaid,5.8,28.5,626,3.9,31
AIR103681,2025-08-15,Telangana,Telangana City 2,4G,Prepaid,2.1,17.12,570,3.82,19
AIR103682,2025-09-15,Telangana,Telangana City 1,4G,Prepaid,3,14.43,202,3.51,25
AIR103683,2025-10-15,Gujarat,Gujarat City 1,4G,Prepaid,4.3,8.49,328,2.99,-11
AIR103684,2025-11-15,Kerala,Kerala City 3,4G,Postpaid,1.7,24.49,411,3.5,30
AIR103685,2025-12-15,Delhi,Delhi City 2,5G,Prepaid,5.6,50.51,226,3.95,38
AIR103686,2025-02-15,Maharashtra,Maharashtra City 3,5G,Broadband,2.2,24.11,628,3.61,10
AIR103687,2025-03-15,Maharashtra,Maharashtra City 3,4G,Postpaid,4.4,19.22,338,3.96,21
AIR103688,2025-04-15,Gujarat,Gujarat City 3,5G,Prepaid,4.8,39.35,458,4.57,77
AIR103689,2025-05-15,Delhi,Delhi City 1,5G,Prepaid,5.5,25.96,487,3.37,0
AIR103690,2025-06-15,Gujarat,Gujarat City 3,5G,Broadband,0.9,45.73,317,3.48,31
AIR103691,2025-07-15,Maharashtra,Maharashtra City 3,5G,Prepaid,5.3,40.59,144,4.78,57
AIR103692,2025-08-15,Delhi,Delhi City 2,4G,Prepaid,4.8,23.93,342,3.3,20
AIR103693,2025-09-15,Rajasthan,Rajasthan City 2,4G,Broadband,3.1,20.83,365,3.47,9
AIR103694,2025-10-15,Kerala,Kerala City 2,5G,Postpaid,3.2,60.89,233,2.93,15
AIR103695,2025-11-15,Telangana,Telangana City 2,5G,Postpaid,5.7,5.73,404,4.43,40
AIR103696,2025-12-15,Uttar Pradesh,Uttar Pradesh City 3,5G,Prepaid,2.8,48.3,293,3.69,8
AIR103697,2025-02-15,Karnataka,Karnataka City 2,4G,Broadband,3.9,23.23,404,3.29,1
AIR103698,2025-03-15,Kerala,Kerala City 1,4G,Prepaid,4,23.07,603,3.54,26
AIR103699,2025-04-15,Rajasthan,Rajasthan City 3,4G,Prepaid,4.6,29.18,256,3.71,28
AIR103700,2025-05-15,Maharashtra,Maharashtra City 2,4G,Prepaid,0.9,27.72,366,3.88,27
AIR103701,2025-06-15,Rajasthan,Rajasthan City 3,4G,Prepaid,2,28.28,478,3.25,-2
AIR103702,2025-07-15,Gujarat,Gujarat City 2,4G,Enterprise,3.6,17.86,214,2.78,-14
AIR103703,2025-08-15,Delhi,Delhi City 3,4G,Postpaid,3,26.15,299,3.97,25
AIR103704,2025-09-15,Telangana,Telangana City 2,4G,Postpaid,3.1,1,577,3.59,13
AIR103705,2025-10-15,West Bengal,West Bengal City 1,4G,Enterprise,1.2,24.22,591,3.44,16
AIR103706,2025-11-15,Gujarat,Gujarat City 2,4G,Prepaid,6,24.11,460,3.4,15
AIR103707,2025-12-15,Kerala,Kerala City 3,4G,Prepaid,4.8,19.32,492,4.41,56
AIR103708,2025-02-15,Gujarat,Gujarat City 3,4G,Postpaid,0.8,13.79,240,2.95,8
AIR103709,2025-03-15,Kerala,Kerala City 1,5G,Postpaid,3.7,37.15,251,4.05,22
AIR103710,2025-04-15,West Bengal,West Bengal City 3,4G,Postpaid,3.5,9.54,165,3.5,15
AIR103711,2025-05-15,Tamil Nadu,Tamil Nadu City 1,4G,Prepaid,1.9,1,212,3.05,5
AIR103712,2025-06-15,Telangana,Telangana City 3,5G,Postpaid,2.6,23.55,388,3.79,19
AIR103713,2025-07-15,Uttar Pradesh,Uttar Pradesh City 3,4G,Prepaid,2.1,40.07,366,3.69,17
AIR103714,2025-08-15,Uttar Pradesh,Uttar Pradesh City 1,5G,Prepaid,4.4,25.22,323,3.94,34
AIR103715,2025-09-15,Karnataka,Karnataka City 3,4G,Prepaid,3.1,17.52,613,3.57,19
AIR103716,2025-10-15,Rajasthan,Rajasthan City 3,5G,Prepaid,6.6,73.99,308,4.27,35
AIR103717,2025-11-15,Tamil Nadu,Tamil Nadu City 1,4G,Prepaid,3.5,35.01,655,3.44,7
AIR103718,2025-12-15,Uttar Pradesh,Uttar Pradesh City 2,5G,Prepaid,3,60.65,439,4,37
AIR103719,2025-02-15,Gujarat,Gujarat City 1,5G,Enterprise,2.8,54.59,505,3.66,11
AIR103720,2025-03-15,Rajasthan,Rajasthan City 3,4G,Broadband,0.9,24.63,540,3.8,27
AIR103721,2025-04-15,Tamil Nadu,Tamil Nadu City 2,4G,Postpaid,4.9,6.74,190,3.33,22
AIR103722,2025-05-15,Delhi,Delhi City 2,4G,Enterprise,0.7,25.74,398,3.44,-3
AIR103723,2025-06-15,Delhi,Delhi City 2,4G,Enterprise,6,25.01,333,3.92,26
AIR103724,2025-07-15,Rajasthan,Rajasthan City 1,4G,Prepaid,5,27.33,456,3.47,13
AIR103725,2025-08-15,Kerala,Kerala City 2,5G,Prepaid,0.7,35.46,533,3.68,41
AIR103726,2025-09-15,Kerala,Kerala City 2,4G,Enterprise,3.6,6.23,588,3.42,11
AIR103727,2025-10-15,Gujarat,Gujarat City 2,4G,Postpaid,3.9,15.86,204,3.56,23
AIR103728,2025-11-15,Tamil Nadu,Tamil Nadu City 3,5G,Prepaid,3.1,27.35,596,3.62,29
AIR103729,2025-12-15,Tamil Nadu,Tamil Nadu City 1,4G,Postpaid,2.3,8.4,552,3.96,34
AIR103730,2025-02-15,Rajasthan,Rajasthan City 1,4G,Prepaid,2.9,19,428,3.63,16
AIR103731,2025-03-15,Maharashtra,Maharashtra City 3,5G,Prepaid,4.6,21.03,255,4.14,46
AIR103732,2025-04-15,Delhi,Delhi City 2,5G,Prepaid,2.2,31.76,604,3.55,31
AIR103733,2025-05-15,Tamil Nadu,Tamil Nadu City 3,4G,Prepaid,4.7,35.22,538,3.25,-7
AIR103734,2025-06-15,Rajasthan,Rajasthan City 3,5G,Prepaid,5.3,36.59,444,3.28,26
AIR103735,2025-07-15,West Bengal,West Bengal City 2,4G,Broadband,2.3,7.77,527,3.64,38
AIR103736,2025-08-15,Karnataka,Karnataka City 2,4G,Prepaid,1.9,10.44,248,2.61,-14
AIR103737,2025-09-15,West Bengal,West Bengal City 1,4G,Prepaid,4.9,7.73,389,3.25,17
AIR103738,2025-10-15,Telangana,Telangana City 2,4G,Prepaid,4.6,10.36,179,4.03,43
AIR103739,2025-11-15,Gujarat,Gujarat City 3,4G,Postpaid,3,19.44,385,3.36,22
AIR103740,2025-12-15,Tamil Nadu,Tamil Nadu City 3,4G,Enterprise,4.7,19.23,658,3.45,31
AIR103741,2025-02-15,Telangana,Telangana City 2,5G,Prepaid,5.2,30.17,420,3.53,2
AIR103742,2025-03-15,Uttar Pradesh,Uttar Pradesh City 1,4G,Prepaid,4.7,14.4,91,3.57,24
AIR103743,2025-04-15,Telangana,Telangana City 3,5G,Prepaid,4.9,31.56,246,3.77,46
AIR103744,2025-05-15,Rajasthan,Rajasthan City 2,4G,Postpaid,1.7,18.58,166,3.26,17
AIR103745,2025-06-15,Tamil Nadu,Tamil Nadu City 1,5G,Prepaid,6.3,16.44,561,3.78,33
AIR103746,2025-07-15,Karnataka,Karnataka City 1,4G,Prepaid,4,24,460,2.92,1
AIR103747,2025-08-15,Rajasthan,Rajasthan City 3,4G,Prepaid,1.2,1,298,3.74,36
AIR103748,2025-09-15,Rajasthan,Rajasthan City 3,4G,Prepaid,2.5,21.59,202,3.18,14
AIR103749,2025-10-15,Gujarat,Gujarat City 1,5G,Broadband,6.7,39.84,364,3.76,23
AIR103750,2025-11-15,Gujarat,Gujarat City 1,5G,Prepaid,4.4,17.48,416,3.97,17
AIR103751,2025-12-15,Delhi,Delhi City 1,4G,Prepaid,7,12.57,383,3.55,18
AIR103752,2025-02-15,Delhi,Delhi City 2,4G,Broadband,3.8,21.74,177,3.97,29
AIR103753,2025-03-15,Kerala,Kerala City 3,4G,Broadband,2.8,17.78,596,3.62,20
AIR103754,2025-04-15,Maharashtra,Maharashtra City 1,5G,Prepaid,4.3,33.69,361,4.25,52
AIR103755,2025-05-15,Tamil Nadu,Tamil Nadu City 3,5G,Enterprise,2.8,22.64,287,3.75,21
AIR103756,2025-06-15,Tamil Nadu,Tamil Nadu City 3,5G,Postpaid,4.4,10.6,496,3.53,9
AIR103757,2025-07-15,Telangana,Telangana City 3,5G,Prepaid,3.4,42.15,536,4.31,66
AIR103758,2025-08-15,Tamil Nadu,Tamil Nadu City 1,5G,Postpaid,1.4,49.27,373,3.66,12
AIR103759,2025-09-15,Tamil Nadu,Tamil Nadu City 2,4G,Prepaid,6.1,20.91,400,4.06,53
AIR103760,2025-10-15,Maharashtra,Maharashtra City 1,5G,Prepaid,4.9,43.53,275,3.87,44
AIR103761,2025-11-15,Uttar Pradesh,Uttar Pradesh City 3,5G,Prepaid,6,28.81,658,4.47,57
AIR103762,2025-12-15,Delhi,Delhi City 1,5G,Postpaid,2.8,30.72,377,3.86,12
AIR103763,2025-02-15,Delhi,Delhi City 1,4G,Broadband,1.9,19.53,656,3.02,1
AIR103764,2025-03-15,Karnataka,Karnataka City 3,4G,Prepaid,1.2,1,139,2.78,-18
AIR103765,2025-04-15,Tamil Nadu,Tamil Nadu City 3,4G,Prepaid,3.2,13.31,341,3.22,11
AIR103766,2025-05-15,Maharashtra,Maharashtra City 1,5G,Postpaid,4.6,25.9,479,3.34,3
AIR103767,2025-06-15,Delhi,Delhi City 1,4G,Postpaid,4.3,28.06,412,3.2,19
AIR103768,2025-07-15,Maharashtra,Maharashtra City 1,4G,Postpaid,5.2,21.06,278,4.65,64
AIR103769,2025-08-15,West Bengal,West Bengal City 1,4G,Prepaid,1.7,18.14,640,4.05,40
AIR103770,2025-09-15,Uttar Pradesh,Uttar Pradesh City 2,4G,Postpaid,4.3,18.86,860,3.48,20
AIR103771,2025-10-15,Tamil Nadu,Tamil Nadu City 1,4G,Prepaid,5.2,21.99,68,3.17,-4
AIR103772,2025-11-15,Karnataka,Karnataka City 2,4G,Postpaid,3.1,3,474,3.27,16
AIR103773,2025-12-15,Telangana,Telangana City 3,5G,Prepaid,6.2,38.72,376,4.36,48
AIR103774,2025-02-15,Delhi,Delhi City 2,5G,Prepaid,2.8,48.82,478,3.94,38
AIR103775,2025-03-15,West Bengal,West Bengal City 3,4G,Prepaid,1.8,14.21,225,4.01,34
AIR103776,2025-04-15,Maharashtra,Maharashtra City 2,5G,Broadband,2.6,47.7,84,3.74,21
AIR103777,2025-05-15,Gujarat,Gujarat City 3,5G,Postpaid,4.5,25.54,400,3.6,21
AIR103778,2025-06-15,Rajasthan,Rajasthan City 1,4G,Enterprise,1.4,5.56,237,4.19,30
AIR103779,2025-07-15,Tamil Nadu,Tamil Nadu City 2,4G,Prepaid,3.7,11.22,337,3.58,25
AIR103780,2025-08-15,Tamil Nadu,Tamil Nadu City 2,4G,Postpaid,4.6,26.43,377,3.56,28
AIR103781,2025-09-15,West Bengal,West Bengal City 3,4G,Prepaid,6,24.56,586,3.63,34
AIR103782,2025-10-15,Maharashtra,Maharashtra City 3,5G,Postpaid,2.8,48.18,683,4.08,54
AIR103783,2025-11-15,Kerala,Kerala City 2,4G,Broadband,1.1,40.89,426,3.52,5
AIR103784,2025-12-15,Tamil Nadu,Tamil Nadu City 3,4G,Broadband,3.5,18.04,383,3.84,31
AIR103785,2025-02-15,Kerala,Kerala City 1,5G,Postpaid,1.4,22.07,552,3.7,17
AIR103786,2025-03-15,Gujarat,Gujarat City 2,4G,Postpaid,1,20.34,213,2.89,-8
AIR103787,2025-04-15,West Bengal,West Bengal City 1,5G,Broadband,5.4,26.32,486,3.26,28
AIR103788,2025-05-15,Maharashtra,Maharashtra City 2,4G,Prepaid,2.6,20.76,336,3.77,38
AIR103789,2025-06-15,Maharashtra,Maharashtra City 1,4G,Broadband,5.8,16.97,216,3.03,2
AIR103790,2025-07-15,Uttar Pradesh,Uttar Pradesh City 2,4G,Broadband,6.1,19.31,455,3.85,27
AIR103791,2025-08-15,Rajasthan,Rajasthan City 3,4G,Postpaid,2,11.19,665,3.96,39
AIR103792,2025-09-15,Delhi,Delhi City 2,4G,Postpaid,1.4,16.62,256,3.57,34
AIR103793,2025-10-15,Delhi,Delhi City 1,4G,Prepaid,6.8,24.48,414,3.24,32
AIR103794,2025-11-15,Telangana,Telangana City 2,4G,Prepaid,6.1,41.19,301,3.06,-18
AIR103795,2025-12-15,Karnataka,Karnataka City 1,4G,Postpaid,5.8,8.71,370,3.52,24
AIR103796,2025-02-15,West Bengal,West Bengal City 1,4G,Prepaid,2.4,11.98,504,3.72,25
AIR103797,2025-03-15,Gujarat,Gujarat City 1,5G,Postpaid,0.5,48.05,194,4.52,59
AIR103798,2025-04-15,Maharashtra,Maharashtra City 3,4G,Broadband,2.6,18.39,562,4.15,45
AIR103799,2025-05-15,Rajasthan,Rajasthan City 2,4G,Prepaid,2.1,26.46,324,3.06,-10
AIR103800,2025-06-15,Kerala,Kerala City 1,4G,Prepaid,2.4,36.87,457,2.88,-8
AIR103801,2025-07-15,West Bengal,West Bengal City 3,4G,Postpaid,3.1,9.85,149,2.96,5
AIR103802,2025-08-15,Telangana,Telangana City 1,4G,Prepaid,4.9,7.53,344,3.17,19
AIR103803,2025-09-15,West Bengal,West Bengal City 2,4G,Prepaid,6.3,6.43,241,3.22,6
AIR103804,2025-10-15,Telangana,Telangana City 3,5G,Prepaid,1.7,32.77,406,3.94,29
AIR103805,2025-11-15,Maharashtra,Maharashtra City 1,4G,Prepaid,1.5,18.59,180,2.93,-10
AIR103806,2025-12-15,Karnataka,Karnataka City 1,4G,Prepaid,4.3,31.56,498,4.06,38
AIR103807,2025-02-15,Telangana,Telangana City 1,4G,Broadband,2.7,14.75,327,2.76,-1
AIR103808,2025-03-15,Maharashtra,Maharashtra City 2,5G,Prepaid,5.1,23.83,761,4.05,37
AIR103809,2025-04-15,Maharashtra,Maharashtra City 3,4G,Prepaid,4.6,16.73,430,3.71,25
AIR103810,2025-05-15,Karnataka,Karnataka City 3,4G,Enterprise,4.7,7.64,455,3.74,17
AIR103811,2025-06-15,Delhi,Delhi City 3,4G,Broadband,3.5,29.51,534,3.44,16
AIR103812,2025-07-15,West Bengal,West Bengal City 1,4G,Prepaid,6.2,10.57,645,4.02,49
AIR103813,2025-08-15,Tamil Nadu,Tamil Nadu City 3,4G,Postpaid,5.5,21.9,440,3.58,26
AIR103814,2025-09-15,Tamil Nadu,Tamil Nadu City 1,5G,Postpaid,4.5,33.4,305,3.35,30
AIR103815,2025-10-15,Kerala,Kerala City 2,4G,Postpaid,5.2,26.01,679,3.33,22
AIR103816,2025-11-15,Kerala,Kerala City 3,4G,Postpaid,1.2,22.51,374,3.27,24
AIR103817,2025-12-15,Tamil Nadu,Tamil Nadu City 1,5G,Postpaid,0.9,39.88,467,4.81,78
AIR103818,2025-02-15,Gujarat,Gujarat City 3,4G,Prepaid,5,12.12,155,3.59,19
AIR103819,2025-03-15,Tamil Nadu,Tamil Nadu City 3,4G,Postpaid,5.3,14.41,517,3.48,7
AIR103820,2025-04-15,Kerala,Kerala City 2,4G,Postpaid,4.1,15.09,356,4.51,58
AIR103821,2025-05-15,Rajasthan,Rajasthan City 3,4G,Postpaid,3.4,5.35,388,3.76,24
AIR103822,2025-06-15,Kerala,Kerala City 2,4G,Prepaid,5.9,8.1,579,3.58,7
AIR103823,2025-07-15,Gujarat,Gujarat City 3,4G,Prepaid,4,17.85,49,3.29,8
AIR103824,2025-08-15,West Bengal,West Bengal City 3,5G,Enterprise,2.3,37.7,723,3.63,25
AIR103825,2025-09-15,Tamil Nadu,Tamil Nadu City 3,5G,Prepaid,3.4,55.85,410,4.14,57
AIR103826,2025-10-15,Karnataka,Karnataka City 3,5G,Prepaid,4.1,23.07,589,2.95,9
AIR103827,2025-11-15,Rajasthan,Rajasthan City 3,4G,Postpaid,5.2,14.43,305,4.35,57
AIR103828,2025-12-15,Maharashtra,Maharashtra City 3,4G,Prepaid,6,16.47,317,4.08,34
AIR103829,2025-02-15,Gujarat,Gujarat City 2,4G,Prepaid,1.1,16.05,190,3.98,34
AIR103830,2025-03-15,Kerala,Kerala City 2,4G,Postpaid,2.6,26.45,450,2.32,-21
AIR103831,2025-04-15,Karnataka,Karnataka City 1,5G,Postpaid,5.1,42.97,764,4.06,46
AIR103832,2025-05-15,Telangana,Telangana City 3,4G,Postpaid,4.2,15.48,624,3.35,17
AIR103833,2025-06-15,Delhi,Delhi City 2,5G,Broadband,2.5,26.29,564,4.31,57
AIR103834,2025-07-15,Tamil Nadu,Tamil Nadu City 3,4G,Prepaid,5.9,35.5,465,3.54,18
AIR103835,2025-08-15,Delhi,Delhi City 3,4G,Postpaid,3.8,29.66,439,3.43,37
AIR103836,2025-09-15,Gujarat,Gujarat City 2,4G,Prepaid,5.4,9.35,422,3.43,29
AIR103837,2025-10-15,Telangana,Telangana City 3,4G,Prepaid,2.6,28.4,249,3.5,23
AIR103838,2025-11-15,Telangana,Telangana City 2,5G,Postpaid,5.4,27.1,141,3.26,7
AIR103839,2025-12-15,Telangana,Telangana City 2,5G,Prepaid,1.5,40.94,793,3.82,42
AIR103840,2025-02-15,Maharashtra,Maharashtra City 1,4G,Postpaid,1.9,17.74,447,3.79,28
AIR103841,2025-03-15,Gujarat,Gujarat City 1,4G,Prepaid,1.3,1,623,3.51,15
AIR103842,2025-04-15,West Bengal,West Bengal City 1,4G,Prepaid,5.5,20.55,320,3.74,38
AIR103843,2025-05-15,Delhi,Delhi City 1,5G,Postpaid,0.9,45.07,454,4.31,46
AIR103844,2025-06-15,West Bengal,West Bengal City 3,4G,Postpaid,4.7,16.58,470,3.34,19
AIR103845,2025-07-15,Karnataka,Karnataka City 3,5G,Prepaid,5,42.6,209,4.13,33
AIR103846,2025-08-15,Uttar Pradesh,Uttar Pradesh City 1,4G,Broadband,5.2,25.4,20,3.61,29
AIR103847,2025-09-15,Rajasthan,Rajasthan City 2,4G,Prepaid,2.2,16.45,155,3.25,18
AIR103848,2025-10-15,Rajasthan,Rajasthan City 2,5G,Prepaid,6.1,38.06,493,3.16,-13
AIR103849,2025-11-15,West Bengal,West Bengal City 2,4G,Prepaid,4.9,24.38,359,3.09,22
AIR103850,2025-12-15,Uttar Pradesh,Uttar Pradesh City 2,4G,Prepaid,2.2,20.99,40,3.03,-7
AIR103851,2025-02-15,Uttar Pradesh,Uttar Pradesh City 3,4G,Prepaid,0.7,22.41,373,3.44,11
AIR103852,2025-03-15,Tamil Nadu,Tamil Nadu City 2,4G,Postpaid,6.1,9.39,387,3.69,29
AIR103853,2025-04-15,Karnataka,Karnataka City 2,4G,Postpaid,4.1,15.84,369,3.62,14
AIR103854,2025-05-15,Gujarat,Gujarat City 1,4G,Prepaid,6.1,27.38,542,3.29,14
AIR103855,2025-06-15,Uttar Pradesh,Uttar Pradesh City 2,5G,Enterprise,1.7,50.78,414,4.42,45
AIR103856,2025-07-15,Kerala,Kerala City 3,5G,Prepaid,5.9,37.21,733,3.96,34
AIR103857,2025-08-15,Rajasthan,Rajasthan City 2,5G,Prepaid,5.3,34.76,552,4.39,57
AIR103858,2025-09-15,Kerala,Kerala City 2,4G,Prepaid,2.8,31.39,538,3.43,18
AIR103859,2025-10-15,Karnataka,Karnataka City 3,5G,Prepaid,0.9,8.44,589,3.91,47
AIR103860,2025-11-15,Uttar Pradesh,Uttar Pradesh City 1,4G,Postpaid,6.5,11.39,157,3.36,1
AIR103861,2025-12-15,Delhi,Delhi City 3,4G,Prepaid,1.1,23.15,615,3.13,-9
AIR103862,2025-02-15,Rajasthan,Rajasthan City 1,4G,Postpaid,2.3,22.17,494,3.64,12
AIR103863,2025-03-15,Tamil Nadu,Tamil Nadu City 2,4G,Postpaid,5.1,26.07,432,3.63,30
AIR103864,2025-04-15,Tamil Nadu,Tamil Nadu City 1,4G,Postpaid,1.6,18.48,376,3.96,38
AIR103865,2025-05-15,Telangana,Telangana City 1,4G,Postpaid,3.8,11.69,450,3.32,23
AIR103866,2025-06-15,Maharashtra,Maharashtra City 1,5G,Prepaid,2.7,34.72,20,3.86,23
AIR103867,2025-07-15,Uttar Pradesh,Uttar Pradesh City 2,4G,Prepaid,5.6,14.9,677,3.85,22
AIR103868,2025-08-15,Karnataka,Karnataka City 1,5G,Postpaid,2,44,357,4.51,50
AIR103869,2025-09-15,Rajasthan,Rajasthan City 1,4G,Prepaid,3.1,28.67,601,3.61,41
AIR103870,2025-10-15,Maharashtra,Maharashtra City 2,4G,Prepaid,2.1,1.53,519,3.91,35
AIR103871,2025-11-15,Karnataka,Karnataka City 3,4G,Postpaid,1,12.18,552,3.37,11
AIR103872,2025-12-15,West Bengal,West Bengal City 3,4G,Prepaid,6.9,10.43,334,3.59,30
AIR103873,2025-02-15,Uttar Pradesh,Uttar Pradesh City 3,4G,Postpaid,4.4,1.82,480,3.63,16
AIR103874,2025-03-15,Gujarat,Gujarat City 2,4G,Prepaid,1,28.81,269,3.75,19
AIR103875,2025-04-15,Gujarat,Gujarat City 2,4G,Enterprise,2.2,23.69,141,3.02,5
AIR103876,2025-05-15,Uttar Pradesh,Uttar Pradesh City 3,4G,Postpaid,3.3,15.27,318,4.28,44
AIR103877,2025-06-15,Telangana,Telangana City 1,5G,Prepaid,1.8,25.37,590,3.65,27
AIR103878,2025-07-15,Telangana,Telangana City 3,4G,Postpaid,5.5,18.27,323,3.79,35
AIR103879,2025-08-15,Gujarat,Gujarat City 2,4G,Postpaid,0.6,1,146,3.19,22
AIR103880,2025-09-15,Delhi,Delhi City 1,5G,Postpaid,6.2,27.69,228,4.42,56
AIR103881,2025-10-15,Rajasthan,Rajasthan City 1,4G,Postpaid,1.2,18.32,755,3.32,14
AIR103882,2025-11-15,Gujarat,Gujarat City 2,5G,Postpaid,5.2,46.47,264,3.69,9
AIR103883,2025-12-15,Delhi,Delhi City 1,5G,Prepaid,3.7,37.27,491,4.13,39
AIR103884,2025-02-15,Maharashtra,Maharashtra City 3,5G,Prepaid,4,26.23,163,3.4,26
AIR103885,2025-03-15,Delhi,Delhi City 2,4G,Broadband,5.2,39.77,724,3.48,2
AIR103886,2025-04-15,Maharashtra,Maharashtra City 2,4G,Prepaid,5,10.13,709,4.08,26
AIR103887,2025-05-15,Karnataka,Karnataka City 2,4G,Prepaid,2.9,24.1,158,3.79,45
AIR103888,2025-06-15,Kerala,Kerala City 2,4G,Prepaid,4.7,1,588,2.78,-1
AIR103889,2025-07-15,Karnataka,Karnataka City 1,4G,Broadband,1.8,24.59,450,4.01,38
AIR103890,2025-08-15,Gujarat,Gujarat City 2,4G,Postpaid,5.3,10.87,497,3.42,10
AIR103891,2025-09-15,Maharashtra,Maharashtra City 2,5G,Postpaid,2.5,33.19,531,3.99,18
AIR103892,2025-10-15,Gujarat,Gujarat City 1,4G,Broadband,6,29.64,328,3.59,13
AIR103893,2025-11-15,Uttar Pradesh,Uttar Pradesh City 2,5G,Broadband,4.6,44.86,523,2.93,-2
AIR103894,2025-12-15,Rajasthan,Rajasthan City 1,5G,Postpaid,5.8,37.91,558,4.14,50
AIR103895,2025-02-15,Tamil Nadu,Tamil Nadu City 1,4G,Prepaid,3.8,6.75,527,3.93,20
AIR103896,2025-03-15,Gujarat,Gujarat City 2,4G,Prepaid,5.5,19.03,384,3.7,12
AIR103897,2025-04-15,Rajasthan,Rajasthan City 3,4G,Postpaid,4.7,16.25,784,3.89,17
AIR103898,2025-05-15,Delhi,Delhi City 2,5G,Prepaid,3.4,25.42,692,3.85,23
AIR103899,2025-06-15,Karnataka,Karnataka City 3,4G,Postpaid,2.3,17.95,344,4.3,32
AIR103900,2025-07-15,Delhi,Delhi City 1,4G,Postpaid,5.1,23.01,225,3.91,33
AIR103901,2025-08-15,Tamil Nadu,Tamil Nadu City 3,5G,Postpaid,4.1,62.41,348,3.88,37
AIR103902,2025-09-15,Maharashtra,Maharashtra City 2,5G,Prepaid,2.1,31.36,857,4.4,49
AIR103903,2025-10-15,Uttar Pradesh,Uttar Pradesh City 2,5G,Prepaid,2.7,51.62,20,3.71,26
AIR103904,2025-11-15,Rajasthan,Rajasthan City 3,4G,Postpaid,1.8,6.89,153,3.1,1
AIR103905,2025-12-15,Uttar Pradesh,Uttar Pradesh City 2,4G,Prepaid,4.5,9.74,446,3.3,10
AIR103906,2025-02-15,Kerala,Kerala City 3,4G,Postpaid,3.9,18.12,387,3.79,33
AIR103907,2025-03-15,Gujarat,Gujarat City 1,4G,Postpaid,0.5,29.93,868,3.72,35
AIR103908,2025-04-15,Maharashtra,Maharashtra City 3,5G,Enterprise,3.9,36.26,444,4.41,69
AIR103909,2025-05-15,Kerala,Kerala City 3,5G,Broadband,4.5,46.86,507,4.02,32
AIR103910,2025-06-15,West Bengal,West Bengal City 3,5G,Prepaid,3.4,40.13,646,3.83,24
AIR103911,2025-07-15,Gujarat,Gujarat City 3,4G,Postpaid,2.4,8,421,2.87,3
AIR103912,2025-08-15,Delhi,Delhi City 1,4G,Prepaid,1.5,25.57,332,2.75,-3
AIR103913,2025-09-15,Karnataka,Karnataka City 1,4G,Prepaid,2,38.26,398,4.09,15
AIR103914,2025-10-15,Rajasthan,Rajasthan City 1,4G,Postpaid,1.6,5.09,232,3.28,3
AIR103915,2025-11-15,Tamil Nadu,Tamil Nadu City 3,4G,Postpaid,6.3,25.9,346,3.51,28
AIR103916,2025-12-15,Tamil Nadu,Tamil Nadu City 1,5G,Postpaid,5.1,39.78,625,4.02,40
AIR103917,2025-02-15,Delhi,Delhi City 2,4G,Prepaid,3.6,14.24,562,3.9,17
AIR103918,2025-03-15,Telangana,Telangana City 1,5G,Broadband,2.6,39.44,528,3.71,33
AIR103919,2025-04-15,Tamil Nadu,Tamil Nadu City 3,5G,Prepaid,2.7,34.81,194,4.05,25
AIR103920,2025-05-15,Rajasthan,Rajasthan City 2,4G,Broadband,3.1,15.1,676,3.86,37
AIR103921,2025-06-15,Delhi,Delhi City 3,4G,Postpaid,5.8,22.11,581,3.68,15
AIR103922,2025-07-15,Maharashtra,Maharashtra City 2,4G,Prepaid,6,11.94,372,3.63,7
AIR103923,2025-08-15,Tamil Nadu,Tamil Nadu City 3,4G,Prepaid,5.2,1,603,3.26,-7
AIR103924,2025-09-15,Uttar Pradesh,Uttar Pradesh City 3,5G,Prepaid,6.7,38.09,505,3.91,13
AIR103925,2025-10-15,Delhi,Delhi City 2,4G,Broadband,4.1,1,442,3.62,27
AIR103926,2025-11-15,Rajasthan,Rajasthan City 1,5G,Broadband,2.5,33.31,473,3.72,21
AIR103927,2025-12-15,Uttar Pradesh,Uttar Pradesh City 2,5G,Postpaid,6.9,22.54,766,4.32,42
AIR103928,2025-02-15,Gujarat,Gujarat City 2,4G,Postpaid,5.4,38.92,508,2.88,-9
AIR103929,2025-03-15,Gujarat,Gujarat City 2,5G,Postpaid,2.7,29.96,656,3.79,22
AIR103930,2025-04-15,Tamil Nadu,Tamil Nadu City 2,4G,Postpaid,5.9,17.39,603,2.96,-7
AIR103931,2025-05-15,Uttar Pradesh,Uttar Pradesh City 2,5G,Postpaid,5.5,43.01,352,4.27,47
AIR103932,2025-06-15,Karnataka,Karnataka City 3,4G,Prepaid,4.5,17.68,574,3.53,32
AIR103933,2025-07-15,Gujarat,Gujarat City 3,4G,Broadband,5.2,15.78,505,3.84,30
AIR103934,2025-08-15,Karnataka,Karnataka City 1,4G,Postpaid,5.4,19.87,379,3.34,27
AIR103935,2025-09-15,Maharashtra,Maharashtra City 1,4G,Prepaid,2.1,21.77,248,3.4,-2
AIR103936,2025-10-15,Delhi,Delhi City 2,5G,Broadband,3.9,49.11,329,3.59,28
AIR103937,2025-11-15,Kerala,Kerala City 1,5G,Postpaid,5.6,55.16,332,3.63,4
AIR103938,2025-12-15,Rajasthan,Rajasthan City 1,5G,Prepaid,6.1,48.28,304,4.25,50
AIR103939,2025-02-15,Delhi,Delhi City 2,4G,Prepaid,2,17.15,481,3.5,12
AIR103940,2025-03-15,Rajasthan,Rajasthan City 3,4G,Postpaid,3.6,32.82,437,3.45,21
AIR103941,2025-04-15,Uttar Pradesh,Uttar Pradesh City 3,5G,Broadband,6.2,21.78,307,3.27,23
AIR103942,2025-05-15,Maharashtra,Maharashtra City 1,4G,Broadband,3.7,9.81,590,3.38,18
AIR103943,2025-06-15,West Bengal,West Bengal City 3,4G,Postpaid,5.2,20.15,500,4.11,45
AIR103944,2025-07-15,Tamil Nadu,Tamil Nadu City 3,4G,Prepaid,5.8,23.37,410,3.74,25
AIR103945,2025-08-15,Rajasthan,Rajasthan City 1,4G,Prepaid,5.4,16.72,457,2.95,-12
AIR103946,2025-09-15,Rajasthan,Rajasthan City 2,4G,Prepaid,5,20.2,405,3.62,9
AIR103947,2025-10-15,Uttar Pradesh,Uttar Pradesh City 1,4G,Broadband,2.1,11.08,508,3.53,24
AIR103948,2025-11-15,Karnataka,Karnataka City 1,4G,Enterprise,1.2,24.37,976,3.15,0
AIR103949,2025-12-15,Delhi,Delhi City 1,5G,Prepaid,4.1,31.88,178,3.5,4
AIR103950,2025-02-15,West Bengal,West Bengal City 2,4G,Postpaid,1.2,25.98,393,3.67,31
AIR103951,2025-03-15,Telangana,Telangana City 2,5G,Postpaid,0.7,46.45,370,3.93,31
AIR103952,2025-04-15,Tamil Nadu,Tamil Nadu City 2,4G,Prepaid,6,13.36,448,3.78,22
AIR103953,2025-05-15,Kerala,Kerala City 2,5G,Postpaid,0.5,24.66,225,3.75,31
AIR103954,2025-06-15,Telangana,Telangana City 1,4G,Broadband,5.2,26.09,366,3.63,22
AIR103955,2025-07-15,Delhi,Delhi City 3,4G,Prepaid,2.9,14.53,681,3.33,35
AIR103956,2025-08-15,Tamil Nadu,Tamil Nadu City 1,4G,Broadband,2.2,1,479,3.52,20
AIR103957,2025-09-15,Rajasthan,Rajasthan City 2,5G,Prepaid,3.3,41,547,3.34,25
AIR103958,2025-10-15,Kerala,Kerala City 3,4G,Prepaid,6.5,1,757,3.68,10
AIR103959,2025-11-15,Karnataka,Karnataka City 1,4G,Prepaid,1.7,9.14,308,4.11,50
AIR103960,2025-12-15,West Bengal,West Bengal City 3,5G,Broadband,1.5,67.14,368,3.36,2
AIR103961,2025-02-15,Karnataka,Karnataka City 2,4G,Prepaid,4,28,485,4.17,18
AIR103962,2025-03-15,Maharashtra,Maharashtra City 3,4G,Postpaid,2.3,27.2,279,2.7,-16
AIR103963,2025-04-15,Uttar Pradesh,Uttar Pradesh City 3,4G,Postpaid,5.6,23.28,674,3.91,48
AIR103964,2025-05-15,Tamil Nadu,Tamil Nadu City 2,4G,Postpaid,3.7,20.72,384,3.02,5
AIR103965,2025-06-15,Karnataka,Karnataka City 3,4G,Broadband,2.7,10.73,488,3.66,22
AIR103966,2025-07-15,Telangana,Telangana City 1,4G,Prepaid,4.8,11.49,197,3.24,-9
AIR103967,2025-08-15,Uttar Pradesh,Uttar Pradesh City 3,5G,Broadband,2.7,1.09,276,3.78,24
AIR103968,2025-09-15,Karnataka,Karnataka City 1,5G,Prepaid,6.7,22.62,447,3.75,26
AIR103969,2025-10-15,Gujarat,Gujarat City 3,4G,Postpaid,5.4,12.43,455,2.71,-14
AIR103970,2025-11-15,Maharashtra,Maharashtra City 3,4G,Postpaid,1.2,9.42,389,3.75,12
AIR103971,2025-12-15,Delhi,Delhi City 2,5G,Broadband,2,47.4,618,4.07,51
AIR103972,2025-02-15,West Bengal,West Bengal City 2,5G,Prepaid,3.9,33.92,269,3.64,33
AIR103973,2025-03-15,Maharashtra,Maharashtra City 1,5G,Postpaid,6.2,46.48,61,3.4,25
AIR103974,2025-04-15,Uttar Pradesh,Uttar Pradesh City 2,4G,Prepaid,3.4,16.56,387,2.6,-26
AIR103975,2025-05-15,Gujarat,Gujarat City 2,5G,Prepaid,5.6,31.32,70,3.49,16
AIR103976,2025-06-15,Tamil Nadu,Tamil Nadu City 2,5G,Prepaid,5.5,56.8,663,3.9,21
AIR103977,2025-07-15,Telangana,Telangana City 2,4G,Prepaid,2.2,13.58,369,3.48,17
AIR103978,2025-08-15,West Bengal,West Bengal City 2,4G,Broadband,2.7,5.04,508,3.88,24
AIR103979,2025-09-15,West Bengal,West Bengal City 1,4G,Postpaid,1,23.8,471,3.24,-2
AIR103980,2025-10-15,Maharashtra,Maharashtra City 1,4G,Prepaid,4.1,21.64,41,4.24,53
AIR103981,2025-11-15,Uttar Pradesh,Uttar Pradesh City 2,5G,Broadband,3.8,32.42,341,3.65,18
AIR103982,2025-12-15,Tamil Nadu,Tamil Nadu City 2,5G,Prepaid,6.9,36.21,249,4.51,44
AIR103983,2025-02-15,Rajasthan,Rajasthan City 1,5G,Postpaid,0.5,41.65,410,4.22,43
AIR103984,2025-03-15,Gujarat,Gujarat City 3,5G,Broadband,4.2,38.97,458,4.25,53
AIR103985,2025-04-15,Rajasthan,Rajasthan City 1,4G,Broadband,1.2,9.91,663,2.93,2
AIR103986,2025-05-15,Telangana,Telangana City 3,4G,Prepaid,3.9,32.77,254,3.01,5
AIR103987,2025-06-15,Tamil Nadu,Tamil Nadu City 2,5G,Postpaid,6.3,27.24,803,3.67,20
AIR103988,2025-07-15,Tamil Nadu,Tamil Nadu City 2,4G,Prepaid,5.7,21.76,347,2.35,-28
AIR103989,2025-08-15,Gujarat,Gujarat City 1,4G,Broadband,2.3,1,571,2.88,-10
AIR103990,2025-09-15,Kerala,Kerala City 2,4G,Postpaid,6.3,19.34,396,2.85,-13
AIR103991,2025-10-15,Rajasthan,Rajasthan City 3,4G,Postpaid,6.1,14.01,505,3.52,4
AIR103992,2025-11-15,Karnataka,Karnataka City 3,5G,Prepaid,3.7,40.12,142,4.15,35
AIR103993,2025-12-15,West Bengal,West Bengal City 1,4G,Postpaid,4,22.02,198,3.88,35
AIR103994,2025-02-15,Kerala,Kerala City 3,4G,Postpaid,3.7,21.52,342,3.64,35
AIR103995,2025-03-15,Karnataka,Karnataka City 1,5G,Postpaid,6,11.78,409,3.56,16
AIR103996,2025-04-15,Uttar Pradesh,Uttar Pradesh City 1,5G,Postpaid,5.7,21.11,370,3.56,27
AIR103997,2025-05-15,Gujarat,Gujarat City 3,5G,Broadband,2,31.59,60,3.87,29
AIR103998,2025-06-15,Uttar Pradesh,Uttar Pradesh City 3,4G,Postpaid,5.8,29.66,487,2.9,-7
AIR103999,2025-07-15,West Bengal,West Bengal City 3,5G,Prepaid,0.6,38.98,374,3.47,18
AIR104000,2025-08-15,Delhi,Delhi City 3,5G,Broadband,5.2,46.14,585,4.25,36
AIR104001,2025-09-15,Karnataka,Karnataka City 3,4G,Prepaid,1.6,13.32,727,2.51,-32
AIR104002,2025-10-15,Kerala,Kerala City 3,5G,Postpaid,4.4,32.14,20,3.24,3
AIR104003,2025-11-15,Karnataka,Karnataka City 3,4G,Broadband,4.9,1,329,3.79,33
AIR104004,2025-12-15,Karnataka,Karnataka City 2,5G,Prepaid,1.9,11.43,555,4.43,53
AIR104005,2025-02-15,Gujarat,Gujarat City 1,4G,Broadband,2.7,17.8,586,4.01,26
AIR104006,2025-03-15,Uttar Pradesh,Uttar Pradesh City 1,4G,Postpaid,2.2,19.58,428,4.01,46
AIR104007,2025-04-15,Rajasthan,Rajasthan City 3,4G,Postpaid,3.6,19.09,261,4.12,39
AIR104008,2025-05-15,Delhi,Delhi City 1,4G,Prepaid,4.9,12.12,503,3.45,28
AIR104009,2025-06-15,Gujarat,Gujarat City 3,4G,Prepaid,5.4,35.3,185,3.29,13
AIR104010,2025-07-15,Telangana,Telangana City 2,5G,Enterprise,6.2,30.61,484,4.11,43
AIR104011,2025-08-15,Gujarat,Gujarat City 1,5G,Prepaid,5.8,44.09,439,4.25,45
AIR104012,2025-09-15,West Bengal,West Bengal City 1,5G,Postpaid,0.7,31.15,544,3.06,5
AIR104013,2025-10-15,Delhi,Delhi City 2,4G,Prepaid,0.8,23.15,329,3.41,11
AIR104014,2025-11-15,Tamil Nadu,Tamil Nadu City 2,5G,Prepaid,3.6,22.52,617,3.68,20
AIR104015,2025-12-15,Telangana,Telangana City 2,4G,Postpaid,6.5,29.92,625,4.14,47
AIR104016,2025-02-15,Maharashtra,Maharashtra City 1,5G,Prepaid,5.9,30.22,646,3.79,31
AIR104017,2025-03-15,Gujarat,Gujarat City 1,4G,Enterprise,1.1,32.47,208,2.77,-23
AIR104018,2025-04-15,Karnataka,Karnataka City 2,4G,Postpaid,2.4,8.55,480,3.32,23
AIR104019,2025-05-15,Rajasthan,Rajasthan City 2,5G,Postpaid,1,30.6,454,3.53,28
AIR104020,2025-06-15,Tamil Nadu,Tamil Nadu City 2,5G,Prepaid,1.9,55.73,249,3.77,36
AIR104021,2025-07-15,Gujarat,Gujarat City 2,5G,Enterprise,6.3,42.65,360,4.3,37
AIR104022,2025-08-15,Gujarat,Gujarat City 2,5G,Prepaid,1.7,29.47,147,4.48,47
AIR104023,2025-09-15,Kerala,Kerala City 3,4G,Postpaid,2,42.11,123,3.8,21
AIR104024,2025-10-15,Kerala,Kerala City 2,5G,Prepaid,2.4,42.15,595,3.79,34
AIR104025,2025-11-15,Tamil Nadu,Tamil Nadu City 3,4G,Prepaid,3.1,25.06,565,3.58,20
AIR104026,2025-12-15,Uttar Pradesh,Uttar Pradesh City 1,4G,Postpaid,6,14.45,535,3.63,25
AIR104027,2025-02-15,Kerala,Kerala City 1,4G,Postpaid,2,15.76,534,3.77,25
AIR104028,2025-03-15,Karnataka,Karnataka City 3,4G,Prepaid,5.6,29.96,549,4.28,30
AIR104029,2025-04-15,Telangana,Telangana City 2,5G,Postpaid,3.2,54.45,491,4.55,57
AIR104030,2025-05-15,Maharashtra,Maharashtra City 1,4G,Postpaid,1,23.63,398,3.56,23
AIR104031,2025-06-15,Delhi,Delhi City 2,4G,Prepaid,1.1,25.04,308,4.16,50
AIR104032,2025-07-15,Maharashtra,Maharashtra City 2,4G,Prepaid,2.6,8.27,46,3.05,17
AIR104033,2025-08-15,Maharashtra,Maharashtra City 3,4G,Prepaid,4,13.26,148,3.65,14
AIR104034,2025-09-15,Delhi,Delhi City 1,5G,Prepaid,1.9,57.29,337,4.33,56
AIR104035,2025-10-15,Kerala,Kerala City 1,5G,Prepaid,5.5,6.23,306,4.65,40
AIR104036,2025-11-15,Tamil Nadu,Tamil Nadu City 3,4G,Prepaid,3.5,5.21,459,3.75,36
AIR104037,2025-12-15,Delhi,Delhi City 2,4G,Postpaid,4.5,28.48,946,2.75,1
AIR104038,2025-02-15,West Bengal,West Bengal City 2,4G,Prepaid,3.3,16.11,284,3.99,29
AIR104039,2025-03-15,Uttar Pradesh,Uttar Pradesh City 1,5G,Postpaid,3.7,54.14,559,3.29,8
AIR104040,2025-04-15,Telangana,Telangana City 3,4G,Enterprise,5.4,21.34,383,3.74,36
AIR104041,2025-05-15,Rajasthan,Rajasthan City 3,4G,Enterprise,1.3,8.55,514,3.89,43
AIR104042,2025-06-15,Kerala,Kerala City 2,5G,Broadband,2.1,46.17,430,3.95,34
AIR104043,2025-07-15,Uttar Pradesh,Uttar Pradesh City 2,4G,Prepaid,1.7,19.65,733,3.34,24
AIR104044,2025-08-15,Delhi,Delhi City 3,5G,Prepaid,0.8,1,411,3.66,-2
AIR104045,2025-09-15,West Bengal,West Bengal City 1,4G,Broadband,6,16.87,230,2.97,2
AIR104046,2025-10-15,Rajasthan,Rajasthan City 2,5G,Prepaid,5.5,29.14,262,4.11,31
AIR104047,2025-11-15,Telangana,Telangana City 3,4G,Prepaid,6,29.83,20,3.95,30
AIR104048,2025-12-15,Telangana,Telangana City 3,4G,Postpaid,6.6,35.02,411,3.84,30
AIR104049,2025-02-15,Kerala,Kerala City 3,4G,Prepaid,3,36.8,385,3.2,4
AIR104050,2025-03-15,Delhi,Delhi City 1,5G,Broadband,5.9,35.26,328,4.01,22
AIR104051,2025-04-15,Uttar Pradesh,Uttar Pradesh City 2,5G,Postpaid,4.9,23.73,595,3.85,22
AIR104052,2025-05-15,Tamil Nadu,Tamil Nadu City 2,4G,Postpaid,3.2,24.06,506,3.42,11
AIR104053,2025-06-15,Uttar Pradesh,Uttar Pradesh City 2,5G,Broadband,0.5,9.52,281,3.95,57
AIR104054,2025-07-15,Uttar Pradesh,Uttar Pradesh City 1,5G,Prepaid,5.2,25.18,309,4.32,61
AIR104055,2025-08-15,Telangana,Telangana City 2,5G,Postpaid,0.7,4.95,459,4.16,50
AIR104056,2025-09-15,Tamil Nadu,Tamil Nadu City 2,5G,Prepaid,2.8,33.58,564,3.72,33
AIR104057,2025-10-15,Tamil Nadu,Tamil Nadu City 2,4G,Postpaid,4.5,6.21,167,3.44,5
AIR104058,2025-11-15,Kerala,Kerala City 2,5G,Prepaid,5.5,55.59,573,3.97,24
AIR104059,2025-12-15,Rajasthan,Rajasthan City 1,4G,Postpaid,6.4,6.88,271,4.25,50
AIR104060,2025-02-15,Gujarat,Gujarat City 3,4G,Enterprise,1.2,20.96,576,3.73,9
AIR104061,2025-03-15,Maharashtra,Maharashtra City 3,4G,Prepaid,5.2,28.21,475,2.68,-14
AIR104062,2025-04-15,Maharashtra,Maharashtra City 2,5G,Prepaid,5.9,31.13,170,4.25,38
AIR104063,2025-05-15,Telangana,Telangana City 2,5G,Prepaid,4.9,34.21,341,4.39,55
AIR104064,2025-06-15,Gujarat,Gujarat City 2,5G,Prepaid,2.2,23.18,494,3.58,8
AIR104065,2025-07-15,Rajasthan,Rajasthan City 1,5G,Prepaid,1,27.01,210,3.56,21
AIR104066,2025-08-15,Gujarat,Gujarat City 2,5G,Broadband,1.8,13.49,203,3.81,24
AIR104067,2025-09-15,Kerala,Kerala City 1,4G,Postpaid,1.3,23.23,353,4.12,34
AIR104068,2025-10-15,Uttar Pradesh,Uttar Pradesh City 2,4G,Postpaid,4.4,13.97,452,3.22,11
AIR104069,2025-11-15,Telangana,Telangana City 2,4G,Postpaid,5.9,24.32,722,3.56,42
AIR104070,2025-12-15,Tamil Nadu,Tamil Nadu City 3,4G,Prepaid,5.2,6.44,577,3.6,17
AIR104071,2025-02-15,Telangana,Telangana City 2,4G,Prepaid,2.9,16.92,396,2.49,-31
AIR104072,2025-03-15,Maharashtra,Maharashtra City 1,4G,Postpaid,5.1,25.43,514,3.7,16
AIR104073,2025-04-15,Rajasthan,Rajasthan City 3,5G,Postpaid,4.3,10.82,708,4.09,19
AIR104074,2025-05-15,Gujarat,Gujarat City 1,5G,Prepaid,3.1,13.03,457,4.35,50
AIR104075,2025-06-15,Rajasthan,Rajasthan City 3,4G,Prepaid,2.8,27.71,107,3.23,-5
AIR104076,2025-07-15,Kerala,Kerala City 1,5G,Prepaid,0.9,60.66,611,3.89,32
AIR104077,2025-08-15,Telangana,Telangana City 3,4G,Prepaid,1.9,15.01,724,3.44,11
AIR104078,2025-09-15,Delhi,Delhi City 1,5G,Prepaid,5,43.61,514,3.73,22
AIR104079,2025-10-15,Telangana,Telangana City 1,4G,Postpaid,3.6,15.04,590,3.61,7
AIR104080,2025-11-15,Tamil Nadu,Tamil Nadu City 2,4G,Broadband,1.6,13.88,391,3.87,33
AIR104081,2025-12-15,Telangana,Telangana City 3,5G,Prepaid,6.3,4.56,479,4.01,24
AIR104082,2025-02-15,West Bengal,West Bengal City 3,4G,Postpaid,2.1,12.44,316,4.09,38
AIR104083,2025-03-15,Kerala,Kerala City 2,4G,Prepaid,0.6,17.21,419,4.06,43
AIR104084,2025-04-15,Karnataka,Karnataka City 1,4G,Postpaid,0.3,17.58,189,3.35,19
AIR104085,2025-05-15,Kerala,Kerala City 1,4G,Postpaid,3.6,43.47,687,3.5,30
AIR104086,2025-06-15,Gujarat,Gujarat City 3,5G,Broadband,3.2,26.44,20,3.82,15
AIR104087,2025-07-15,Karnataka,Karnataka City 1,4G,Prepaid,4.9,19.98,498,3.85,19
AIR104088,2025-08-15,Gujarat,Gujarat City 3,5G,Prepaid,1.4,42.02,336,4.37,33
AIR104089,2025-09-15,Gujarat,Gujarat City 3,4G,Postpaid,3.2,1,280,3.68,34
AIR104090,2025-10-15,Tamil Nadu,Tamil Nadu City 1,4G,Prepaid,3.1,26.34,418,3.43,-5
AIR104091,2025-11-15,Tamil Nadu,Tamil Nadu City 1,4G,Prepaid,1,14.43,260,3.02,16
AIR104092,2025-12-15,Uttar Pradesh,Uttar Pradesh City 1,5G,Prepaid,1.4,25.59,55,4.37,33
AIR104093,2025-02-15,Maharashtra,Maharashtra City 2,4G,Postpaid,2.3,25.17,439,3.16,16
AIR104094,2025-03-15,Uttar Pradesh,Uttar Pradesh City 3,4G,Prepaid,1.5,14.14,505,3.43,15
AIR104095,2025-04-15,Uttar Pradesh,Uttar Pradesh City 1,4G,Enterprise,5.7,10.15,414,3.18,18
AIR104096,2025-05-15,Maharashtra,Maharashtra City 2,4G,Prepaid,2.9,21.78,626,2.79,-8
AIR104097,2025-06-15,Delhi,Delhi City 1,5G,Prepaid,1.5,23.68,195,3.84,29
AIR104098,2025-07-15,Karnataka,Karnataka City 3,4G,Postpaid,4.1,24.48,221,3.62,16
AIR104099,2025-08-15,Rajasthan,Rajasthan City 2,4G,Prepaid,4.6,40.08,485,2.93,-11
AIR104100,2025-09-15,Uttar Pradesh,Uttar Pradesh City 3,4G,Postpaid,4.3,27.83,336,3.68,26
AIR104101,2025-10-15,Telangana,Telangana City 1,4G,Postpaid,2,22.24,607,3.18,-5
AIR104102,2025-11-15,Telangana,Telangana City 1,4G,Postpaid,6,5.57,552,2.86,-13
AIR104103,2025-12-15,Gujarat,Gujarat City 1,4G,Postpaid,2.1,25.65,206,3.2,2
AIR104104,2025-02-15,Maharashtra,Maharashtra City 2,4G,Prepaid,4,29.01,458,2.89,-5
AIR104105,2025-03-15,Gujarat,Gujarat City 2,4G,Broadband,5.4,4.38,573,3.33,12
AIR104106,2025-04-15,West Bengal,West Bengal City 2,4G,Postpaid,4,20.38,177,3.62,7
AIR104107,2025-05-15,West Bengal,West Bengal City 2,5G,Prepaid,1.6,41,629,4.24,45
AIR104108,2025-06-15,Rajasthan,Rajasthan City 1,5G,Prepaid,3.6,43.44,402,3.63,31
AIR104109,2025-07-15,Tamil Nadu,Tamil Nadu City 1,4G,Prepaid,1.5,8.13,102,3.95,39
AIR104110,2025-08-15,Tamil Nadu,Tamil Nadu City 1,4G,Prepaid,4.1,12.57,466,3.36,28
AIR104111,2025-09-15,Maharashtra,Maharashtra City 2,5G,Postpaid,3.5,61.63,463,4.15,33
AIR104112,2025-10-15,Maharashtra,Maharashtra City 2,5G,Prepaid,5.4,11.24,888,3.97,30
AIR104113,2025-11-15,Uttar Pradesh,Uttar Pradesh City 1,4G,Broadband,5.6,22.15,540,3.38,17
AIR104114,2025-12-15,West Bengal,West Bengal City 1,5G,Prepaid,1,23.96,566,4.23,51
AIR104115,2025-02-15,Uttar Pradesh,Uttar Pradesh City 2,5G,Prepaid,2.9,13.68,385,3.94,26
AIR104116,2025-03-15,Tamil Nadu,Tamil Nadu City 3,4G,Prepaid,0.3,27.34,518,2.87,9
AIR104117,2025-04-15,Karnataka,Karnataka City 1,4G,Prepaid,0.7,26.85,156,3.6,0
AIR104118,2025-05-15,Karnataka,Karnataka City 1,5G,Broadband,2.4,32.65,467,4.05,27
AIR104119,2025-06-15,Maharashtra,Maharashtra City 1,4G,Postpaid,3.7,25.11,412,3.84,53
AIR104120,2025-07-15,Gujarat,Gujarat City 2,5G,Prepaid,2.3,21.94,529,3.44,24
AIR104121,2025-08-15,Tamil Nadu,Tamil Nadu City 1,5G,Broadband,3.3,8.27,471,4.28,21
AIR104122,2025-09-15,Karnataka,Karnataka City 1,5G,Broadband,1.6,49.52,203,3.52,24
AIR104123,2025-10-15,Tamil Nadu,Tamil Nadu City 1,4G,Postpaid,5.7,15.38,437,3.36,16
AIR104124,2025-11-15,Kerala,Kerala City 1,4G,Broadband,1.3,9.35,717,2.09,-38
AIR104125,2025-12-15,Telangana,Telangana City 1,4G,Postpaid,1.3,17.48,566,3.88,27
AIR104126,2025-02-15,West Bengal,West Bengal City 3,5G,Postpaid,0.1,59.03,278,3.58,25
AIR104127,2025-03-15,Uttar Pradesh,Uttar Pradesh City 3,5G,Prepaid,1.6,36.19,20,4.18,46
AIR104128,2025-04-15,Tamil Nadu,Tamil Nadu City 1,4G,Prepaid,5.5,19.46,600,3.22,-2
AIR104129,2025-05-15,Telangana,Telangana City 1,4G,Postpaid,1.8,1,424,3.25,2
AIR104130,2025-06-15,Kerala,Kerala City 1,5G,Broadband,4.7,62.57,98,3.9,35
AIR104131,2025-07-15,Uttar Pradesh,Uttar Pradesh City 1,5G,Postpaid,2.2,38.79,461,4,27
AIR104132,2025-08-15,Tamil Nadu,Tamil Nadu City 2,4G,Broadband,4.6,15.16,434,3.82,14
AIR104133,2025-09-15,Maharashtra,Maharashtra City 2,4G,Prepaid,6.6,9.47,374,3.59,16
AIR104134,2025-10-15,Telangana,Telangana City 2,5G,Postpaid,6.1,45.48,256,3.63,19
AIR104135,2025-11-15,Uttar Pradesh,Uttar Pradesh City 3,5G,Postpaid,6.5,36.07,456,3.66,33
AIR104136,2025-12-15,Tamil Nadu,Tamil Nadu City 1,5G,Postpaid,5,25.13,300,4.63,52
AIR104137,2025-02-15,Telangana,Telangana City 2,4G,Postpaid,1.8,23.27,631,3.25,-8
AIR104138,2025-03-15,Kerala,Kerala City 1,4G,Prepaid,5.8,9.66,405,3.86,14
AIR104139,2025-04-15,Tamil Nadu,Tamil Nadu City 1,5G,Prepaid,6,35.73,99,4.03,25
AIR104140,2025-05-15,Tamil Nadu,Tamil Nadu City 3,5G,Enterprise,6.2,26.34,584,3.95,45
AIR104141,2025-06-15,Tamil Nadu,Tamil Nadu City 3,5G,Prepaid,0.8,50.61,411,3.66,21
AIR104142,2025-07-15,Rajasthan,Rajasthan City 2,5G,Postpaid,2.3,44.05,521,4,38
AIR104143,2025-08-15,Maharashtra,Maharashtra City 2,4G,Prepaid,4.6,13.28,584,3.38,20
AIR104144,2025-09-15,Kerala,Kerala City 3,5G,Prepaid,4.7,35.82,397,4.21,48
AIR104145,2025-10-15,Uttar Pradesh,Uttar Pradesh City 3,4G,Postpaid,1.9,13.49,556,3.27,18
AIR104146,2025-11-15,Rajasthan,Rajasthan City 1,4G,Postpaid,1.4,18.76,317,3.17,4
AIR104147,2025-12-15,Gujarat,Gujarat City 1,4G,Broadband,6.6,19,329,3.39,27
AIR104148,2025-02-15,Rajasthan,Rajasthan City 2,5G,Prepaid,0.7,6.57,211,4.14,44
AIR104149,2025-03-15,West Bengal,West Bengal City 2,5G,Postpaid,2.7,32.46,582,4.49,37
AIR104150,2025-04-15,West Bengal,West Bengal City 3,4G,Broadband,3,16.32,270,3.76,28
AIR104151,2025-05-15,Tamil Nadu,Tamil Nadu City 2,4G,Enterprise,3.8,36.09,365,3.49,12
AIR104152,2025-06-15,Rajasthan,Rajasthan City 1,5G,Enterprise,1,32.59,442,3.91,46
AIR104153,2025-07-15,Gujarat,Gujarat City 3,4G,Postpaid,2.6,18.81,606,3.4,5
AIR104154,2025-08-15,Rajasthan,Rajasthan City 1,5G,Prepaid,1.9,27.19,387,3.07,1
AIR104155,2025-09-15,Maharashtra,Maharashtra City 3,4G,Prepaid,1.7,20.14,381,2.98,2
AIR104156,2025-10-15,Maharashtra,Maharashtra City 3,4G,Broadband,4,2.51,113,3.48,38
AIR104157,2025-11-15,Gujarat,Gujarat City 1,4G,Broadband,5.6,7.27,724,3.59,14
AIR104158,2025-12-15,Rajasthan,Rajasthan City 2,4G,Postpaid,5.1,10.15,520,3.77,21
AIR104159,2025-02-15,Telangana,Telangana City 2,4G,Prepaid,1.3,17.34,425,4.07,40
AIR104160,2025-03-15,Maharashtra,Maharashtra City 2,4G,Postpaid,0.4,6.25,302,3.87,19
AIR104161,2025-04-15,Maharashtra,Maharashtra City 2,4G,Prepaid,3.9,16.18,577,3.4,12
AIR104162,2025-05-15,Karnataka,Karnataka City 1,4G,Postpaid,0.5,11.12,636,3.18,13
AIR104163,2025-06-15,Rajasthan,Rajasthan City 3,5G,Prepaid,6,62.63,346,4,40
AIR104164,2025-07-15,Maharashtra,Maharashtra City 1,4G,Broadband,5.4,17.96,398,4.2,40
AIR104165,2025-08-15,Kerala,Kerala City 2,4G,Prepaid,6.2,23.87,551,3.31,22
AIR104166,2025-09-15,Rajasthan,Rajasthan City 2,5G,Postpaid,2.6,38.94,307,3.82,22
AIR104167,2025-10-15,West Bengal,West Bengal City 1,4G,Prepaid,1.8,19.58,150,2.2,-26
AIR104168,2025-11-15,Karnataka,Karnataka City 3,4G,Postpaid,1.2,12.34,319,3.81,9
AIR104169,2025-12-15,Maharashtra,Maharashtra City 1,5G,Postpaid,4.2,40.77,609,4.16,40
AIR104170,2025-02-15,Karnataka,Karnataka City 1,5G,Broadband,0.2,42.61,274,3.56,20
AIR104171,2025-03-15,West Bengal,West Bengal City 1,5G,Prepaid,5.1,23.11,329,3.78,35
AIR104172,2025-04-15,Gujarat,Gujarat City 3,4G,Prepaid,5.9,25.92,291,3.59,19
AIR104173,2025-05-15,Gujarat,Gujarat City 1,5G,Postpaid,2.2,34.45,211,4.41,47
AIR104174,2025-06-15,Rajasthan,Rajasthan City 1,4G,Prepaid,3.6,10.65,363,3.11,17
AIR104175,2025-07-15,West Bengal,West Bengal City 2,4G,Prepaid,5.6,10.13,193,3.33,23
AIR104176,2025-08-15,Delhi,Delhi City 1,5G,Postpaid,2.7,46.54,634,4.05,36
AIR104177,2025-09-15,Delhi,Delhi City 2,4G,Postpaid,5.1,12.77,380,3.15,-3
AIR104178,2025-10-15,Rajasthan,Rajasthan City 2,5G,Prepaid,3.2,62.08,226,4.11,42
AIR104179,2025-11-15,Tamil Nadu,Tamil Nadu City 2,4G,Prepaid,2.5,9.98,278,4.01,38
AIR104180,2025-12-15,Karnataka,Karnataka City 3,4G,Broadband,5,26.23,236,4.39,52
AIR104181,2025-02-15,Karnataka,Karnataka City 2,5G,Postpaid,1.1,39.23,173,4.06,31
AIR104182,2025-03-15,Gujarat,Gujarat City 1,4G,Prepaid,5.8,13.32,834,3.6,26
AIR104183,2025-04-15,Delhi,Delhi City 1,5G,Prepaid,0.4,16.04,83,3.74,31
AIR104184,2025-05-15,Uttar Pradesh,Uttar Pradesh City 2,5G,Postpaid,1,34.77,382,4.29,55
AIR104185,2025-06-15,Maharashtra,Maharashtra City 2,5G,Prepaid,4.4,38.14,576,4.04,41
AIR104186,2025-07-15,Maharashtra,Maharashtra City 1,4G,Broadband,5.2,12.86,556,2.87,-2
AIR104187,2025-08-15,Maharashtra,Maharashtra City 2,4G,Postpaid,3.6,18.16,655,3.35,17
AIR104188,2025-09-15,Gujarat,Gujarat City 3,5G,Postpaid,1.8,22.41,352,3.93,44
AIR104189,2025-10-15,West Bengal,West Bengal City 2,5G,Broadband,5.7,1,242,4.57,38
AIR104190,2025-11-15,Telangana,Telangana City 3,4G,Prepaid,6.5,25.69,304,3.42,-6
AIR104191,2025-12-15,Delhi,Delhi City 3,5G,Prepaid,6.3,37.73,256,4.16,48
AIR104192,2025-02-15,Delhi,Delhi City 3,5G,Postpaid,0.2,12.64,272,3.44,15
AIR104193,2025-03-15,Uttar Pradesh,Uttar Pradesh City 2,5G,Postpaid,1.7,27.29,673,3.43,27
AIR104194,2025-04-15,Karnataka,Karnataka City 3,4G,Prepaid,1.5,26.45,244,3.62,20
AIR104195,2025-05-15,Tamil Nadu,Tamil Nadu City 3,4G,Prepaid,2.5,14.64,240,3.67,16
AIR104196,2025-06-15,Rajasthan,Rajasthan City 2,4G,Prepaid,4.5,1,349,4.04,41
AIR104197,2025-07-15,Karnataka,Karnataka City 3,4G,Prepaid,3.3,13.01,617,3.18,21
AIR104198,2025-08-15,West Bengal,West Bengal City 2,5G,Postpaid,0.8,38.76,557,4.01,42
AIR104199,2025-09-15,Rajasthan,Rajasthan City 1,4G,Postpaid,4.3,14.23,500,3.21,0
AIR104200,2025-10-15,Delhi,Delhi City 3,5G,Prepaid,2.7,37.57,301,3.84,33
AIR104201,2025-11-15,West Bengal,West Bengal City 2,4G,Prepaid,3.5,13.11,123,3.56,27
AIR104202,2025-12-15,Rajasthan,Rajasthan City 1,4G,Prepaid,4.2,16.07,233,3.56,21
AIR104203,2025-02-15,Uttar Pradesh,Uttar Pradesh City 3,4G,Prepaid,2.8,26.28,435,2.99,13
AIR104204,2025-03-15,Uttar Pradesh,Uttar Pradesh City 3,4G,Prepaid,3.4,17.84,257,2.76,-14
AIR104205,2025-04-15,Kerala,Kerala City 2,4G,Prepaid,5.5,1,596,3.48,22
AIR104206,2025-05-15,Telangana,Telangana City 1,4G,Prepaid,2,31.29,413,3.42,22
AIR104207,2025-06-15,Uttar Pradesh,Uttar Pradesh City 2,5G,Postpaid,4.8,10.61,551,3.74,16
AIR104208,2025-07-15,Delhi,Delhi City 3,4G,Postpaid,2.9,26.16,393,4.56,47
AIR104209,2025-08-15,Tamil Nadu,Tamil Nadu City 3,4G,Prepaid,1,29.96,219,3.14,6
AIR104210,2025-09-15,Maharashtra,Maharashtra City 3,5G,Broadband,0.8,26.1,263,4.05,28
AIR104211,2025-10-15,Kerala,Kerala City 3,4G,Broadband,4.7,15.68,199,3.14,4
AIR104212,2025-11-15,Maharashtra,Maharashtra City 1,4G,Enterprise,2.1,2.18,97,3.56,-12
AIR104213,2025-12-15,Telangana,Telangana City 1,4G,Broadband,3.5,23.8,295,4.28,40
AIR104214,2025-02-15,Rajasthan,Rajasthan City 2,4G,Postpaid,4.8,10.19,217,2.6,-7
AIR104215,2025-03-15,Gujarat,Gujarat City 2,5G,Postpaid,4.9,74.53,279,3.77,21
AIR104216,2025-04-15,Uttar Pradesh,Uttar Pradesh City 2,4G,Prepaid,4.7,15.6,169,3.67,34
AIR104217,2025-05-15,Tamil Nadu,Tamil Nadu City 3,5G,Postpaid,1.3,43.91,590,3.92,27
AIR104218,2025-06-15,Telangana,Telangana City 2,5G,Postpaid,1.1,41.59,452,3.55,17
AIR104219,2025-07-15,Maharashtra,Maharashtra City 1,4G,Postpaid,5.6,10.52,503,3.29,17
AIR104220,2025-08-15,Kerala,Kerala City 2,5G,Postpaid,4.5,42.42,233,3.79,39
AIR104221,2025-09-15,Uttar Pradesh,Uttar Pradesh City 2,4G,Prepaid,5.3,1,293,3.44,15
AIR104222,2025-10-15,Delhi,Delhi City 1,4G,Postpaid,1.5,15.87,325,3.58,32
AIR104223,2025-11-15,Uttar Pradesh,Uttar Pradesh City 1,4G,Prepaid,5.6,29.96,402,3.47,13
AIR104224,2025-12-15,Kerala,Kerala City 3,4G,Postpaid,6.9,3.34,592,3.66,23
AIR104225,2025-02-15,Kerala,Kerala City 1,4G,Broadband,4.1,13.58,229,4.05,23
AIR104226,2025-03-15,Gujarat,Gujarat City 1,4G,Broadband,4.2,16.7,626,3.52,4
AIR104227,2025-04-15,Uttar Pradesh,Uttar Pradesh City 2,5G,Postpaid,0.8,36.78,387,4.59,63
AIR104228,2025-05-15,Uttar Pradesh,Uttar Pradesh City 1,5G,Prepaid,5.1,16.56,296,3.88,43
AIR104229,2025-06-15,Gujarat,Gujarat City 3,4G,Broadband,5,12.9,501,3.43,11
AIR104230,2025-07-15,West Bengal,West Bengal City 2,5G,Prepaid,5.4,36.98,625,3.92,34
AIR104231,2025-08-15,West Bengal,West Bengal City 3,5G,Broadband,1.4,37.32,102,4.46,59
AIR104232,2025-09-15,Rajasthan,Rajasthan City 1,4G,Prepaid,2.2,20.36,402,3.69,0
AIR104233,2025-10-15,West Bengal,West Bengal City 3,4G,Prepaid,4.9,19.01,220,2.66,-15
AIR104234,2025-11-15,Karnataka,Karnataka City 3,4G,Postpaid,1.7,13.98,194,3.37,30
AIR104235,2025-12-15,Uttar Pradesh,Uttar Pradesh City 1,4G,Postpaid,6.1,27.27,521,3.68,15
AIR104236,2025-02-15,Tamil Nadu,Tamil Nadu City 1,4G,Prepaid,5.4,32.7,544,4.02,46
AIR104237,2025-03-15,Uttar Pradesh,Uttar Pradesh City 2,4G,Postpaid,0.6,25.68,357,3.44,19
AIR104238,2025-04-15,Karnataka,Karnataka City 2,4G,Postpaid,5.8,9.83,451,3.51,23
AIR104239,2025-05-15,Karnataka,Karnataka City 2,4G,Prepaid,4.7,12.93,238,3.56,2
AIR104240,2025-06-15,Maharashtra,Maharashtra City 1,4G,Postpaid,1.8,22.26,475,4.11,38
AIR104241,2025-07-15,Uttar Pradesh,Uttar Pradesh City 3,4G,Prepaid,5.9,27.96,566,3.14,22
AIR104242,2025-08-15,Telangana,Telangana City 3,4G,Postpaid,6.2,22.01,258,3.99,34
AIR104243,2025-09-15,Karnataka,Karnataka City 2,4G,Prepaid,2.6,1,342,3.28,25
AIR104244,2025-10-15,Tamil Nadu,Tamil Nadu City 2,4G,Postpaid,0.9,20.99,265,3.27,25
AIR104245,2025-11-15,Gujarat,Gujarat City 1,5G,Prepaid,5.8,26.74,807,4.09,36
AIR104246,2025-12-15,Rajasthan,Rajasthan City 3,4G,Prepaid,3,18.37,193,3.27,7
AIR104247,2025-02-15,Maharashtra,Maharashtra City 2,4G,Postpaid,6,29.8,404,3.9,44
AIR104248,2025-03-15,Gujarat,Gujarat City 1,4G,Postpaid,5.8,17.78,319,3.64,25
AIR104249,2025-04-15,Maharashtra,Maharashtra City 2,5G,Enterprise,0.3,56.95,359,4,49
AIR104250,2025-05-15,Tamil Nadu,Tamil Nadu City 1,5G,Broadband,5.3,27.08,790,3.89,39
AIR104251,2025-06-15,Kerala,Kerala City 3,4G,Postpaid,4.8,9.76,308,3.28,18
AIR104252,2025-07-15,Uttar Pradesh,Uttar Pradesh City 1,4G,Postpaid,2.5,23.14,287,3.29,11
AIR104253,2025-08-15,Delhi,Delhi City 2,4G,Prepaid,2.2,29.22,289,2.77,-7
AIR104254,2025-09-15,Telangana,Telangana City 2,4G,Prepaid,4.4,33.11,759,4.01,30
AIR104255,2025-10-15,Gujarat,Gujarat City 3,5G,Prepaid,3.8,31.64,519,3.83,33
AIR104256,2025-11-15,Uttar Pradesh,Uttar Pradesh City 3,4G,Broadband,5.5,25.82,211,3.05,0
AIR104257,2025-12-15,Telangana,Telangana City 2,5G,Prepaid,3.1,27.84,449,3.86,17
AIR104258,2025-02-15,Kerala,Kerala City 2,4G,Postpaid,1.5,7.19,312,3.75,18
AIR104259,2025-03-15,Delhi,Delhi City 2,4G,Prepaid,2,17.03,529,3.67,34
AIR104260,2025-04-15,Telangana,Telangana City 3,5G,Prepaid,5.8,28.6,343,4.3,49
AIR104261,2025-05-15,Telangana,Telangana City 2,4G,Prepaid,2.4,11.48,392,3.27,4
AIR104262,2025-06-15,Gujarat,Gujarat City 3,5G,Postpaid,3.8,59.91,292,4.65,61
AIR104263,2025-07-15,West Bengal,West Bengal City 2,4G,Prepaid,0.6,24.12,679,3.38,29
AIR104264,2025-08-15,Delhi,Delhi City 1,4G,Postpaid,0.8,16.12,326,2.28,-17
AIR104265,2025-09-15,Uttar Pradesh,Uttar Pradesh City 1,5G,Postpaid,2.1,28.5,249,4.1,30
AIR104266,2025-10-15,Kerala,Kerala City 2,4G,Postpaid,6.4,22,705,2.8,-2
AIR104267,2025-11-15,Delhi,Delhi City 1,4G,Postpaid,3.9,22.51,447,3.78,27
AIR104268,2025-12-15,Tamil Nadu,Tamil Nadu City 3,4G,Postpaid,5,13.82,58,3.72,21
AIR104269,2025-02-15,West Bengal,West Bengal City 1,5G,Postpaid,1.9,42.37,490,4.49,37
AIR104270,2025-03-15,Tamil Nadu,Tamil Nadu City 1,4G,Prepaid,3.4,19.22,417,3.21,13
AIR104271,2025-04-15,Kerala,Kerala City 3,4G,Broadband,2.4,1,484,3.84,36
AIR104272,2025-05-15,Gujarat,Gujarat City 1,4G,Prepaid,1.5,1,340,3.92,33
AIR104273,2025-06-15,Gujarat,Gujarat City 1,4G,Prepaid,4.9,6.79,269,3.52,21
AIR104274,2025-07-15,Kerala,Kerala City 2,5G,Prepaid,4.9,29.79,291,3.22,17
AIR104275,2025-08-15,Maharashtra,Maharashtra City 3,4G,Postpaid,0.7,9.14,208,3.49,23
AIR104276,2025-09-15,Kerala,Kerala City 3,5G,Prepaid,2.4,29.18,511,3.65,-1
AIR104277,2025-10-15,West Bengal,West Bengal City 2,4G,Postpaid,2.1,5.79,192,3.64,40
AIR104278,2025-11-15,Karnataka,Karnataka City 2,5G,Postpaid,6.2,33.29,453,4.27,45
AIR104279,2025-12-15,Gujarat,Gujarat City 1,5G,Postpaid,1.8,16.46,414,3.52,19
AIR104280,2025-02-15,Rajasthan,Rajasthan City 1,5G,Prepaid,6.1,22.46,134,3.99,39
AIR104281,2025-03-15,West Bengal,West Bengal City 1,4G,Postpaid,1,29.15,477,3.48,13
AIR104282,2025-04-15,West Bengal,West Bengal City 2,4G,Prepaid,1,22,337,3.35,14
AIR104283,2025-05-15,West Bengal,West Bengal City 3,4G,Prepaid,4.5,31.53,433,3.55,32
AIR104284,2025-06-15,Telangana,Telangana City 1,4G,Prepaid,6.2,26.05,255,3.45,17
AIR104285,2025-07-15,West Bengal,West Bengal City 2,4G,Postpaid,1.2,10.72,413,2.36,-36
AIR104286,2025-08-15,Gujarat,Gujarat City 3,5G,Postpaid,3.1,23.88,641,3.91,27
AIR104287,2025-09-15,Karnataka,Karnataka City 2,4G,Postpaid,5.6,11.35,331,3.23,1
AIR104288,2025-10-15,Karnataka,Karnataka City 1,5G,Postpaid,4.5,43.96,493,4.05,35
AIR104289,2025-11-15,West Bengal,West Bengal City 2,4G,Postpaid,3.1,15.86,640,3.95,48
AIR104290,2025-12-15,Tamil Nadu,Tamil Nadu City 2,5G,Prepaid,5.2,42.35,419,3.78,34
AIR104291,2025-02-15,Gujarat,Gujarat City 2,4G,Prepaid,0.3,20.41,380,2.87,-9
AIR104292,2025-03-15,Gujarat,Gujarat City 2,4G,Broadband,1.3,4.93,788,4.19,36
AIR104293,2025-04-15,Delhi,Delhi City 3,5G,Postpaid,2.8,50.66,564,4.2,26
AIR104294,2025-05-15,Uttar Pradesh,Uttar Pradesh City 1,4G,Postpaid,3.1,15.46,465,3.03,-5
AIR104295,2025-06-15,Maharashtra,Maharashtra City 3,5G,Postpaid,3.6,55.13,191,3.96,32
AIR104296,2025-07-15,Maharashtra,Maharashtra City 2,5G,Postpaid,2.1,46.46,413,3.81,45
AIR104297,2025-08-15,Tamil Nadu,Tamil Nadu City 2,4G,Postpaid,0.9,1,354,3.53,15
AIR104298,2025-09-15,Maharashtra,Maharashtra City 1,5G,Prepaid,4.8,33.47,578,3.96,26
AIR104299,2025-10-15,Delhi,Delhi City 1,4G,Broadband,1.9,37.78,515,3.69,8
AIR104300,2025-11-15,Kerala,Kerala City 3,5G,Prepaid,3.3,47.25,260,4.27,40
AIR104301,2025-12-15,Maharashtra,Maharashtra City 3,4G,Prepaid,4.4,8.87,177,3.54,10
AIR104302,2025-02-15,Gujarat,Gujarat City 1,5G,Prepaid,4.3,67.43,404,3.62,19
AIR104303,2025-03-15,Kerala,Kerala City 3,4G,Postpaid,1.8,23.76,404,3.61,18
AIR104304,2025-04-15,Maharashtra,Maharashtra City 2,4G,Postpaid,1.9,27.05,500,3.69,19
AIR104305,2025-05-15,Gujarat,Gujarat City 2,4G,Postpaid,1.9,18.62,360,3.48,25
AIR104306,2025-06-15,Gujarat,Gujarat City 1,4G,Broadband,2.4,18.5,373,3.45,24
AIR104307,2025-07-15,West Bengal,West Bengal City 3,4G,Prepaid,3.6,8.02,247,3.18,24
AIR104308,2025-08-15,Karnataka,Karnataka City 2,4G,Postpaid,5.6,20.91,355,3.51,24
AIR104309,2025-09-15,Tamil Nadu,Tamil Nadu City 1,4G,Postpaid,2.9,15.88,466,3.76,23
AIR104310,2025-10-15,Delhi,Delhi City 3,4G,Enterprise,1,44.68,382,3.19,18
AIR104311,2025-11-15,Telangana,Telangana City 2,4G,Prepaid,2.7,2.63,492,3.55,4
AIR104312,2025-12-15,Uttar Pradesh,Uttar Pradesh City 3,4G,Enterprise,2,23.84,536,3.51,41
AIR104313,2025-02-15,Maharashtra,Maharashtra City 3,4G,Prepaid,6.1,16.81,352,3.46,-3
AIR104314,2025-03-15,Maharashtra,Maharashtra City 3,4G,Postpaid,5,28.5,563,3.41,2
AIR104315,2025-04-15,Kerala,Kerala City 1,5G,Postpaid,5.6,18.99,680,3.6,7
AIR104316,2025-05-15,Kerala,Kerala City 2,5G,Broadband,5.5,45.91,328,3.43,20
AIR104317,2025-06-15,Uttar Pradesh,Uttar Pradesh City 1,4G,Prepaid,1.6,1,417,3.14,22
AIR104318,2025-07-15,Maharashtra,Maharashtra City 2,5G,Prepaid,5.4,30.98,475,4.55,73
AIR104319,2025-08-15,Rajasthan,Rajasthan City 2,4G,Prepaid,6.6,9.63,676,3.27,11
AIR104320,2025-09-15,Delhi,Delhi City 1,5G,Postpaid,1.1,43.21,293,3.69,31
AIR104321,2025-10-15,Maharashtra,Maharashtra City 1,4G,Postpaid,3.2,13.71,455,3.18,13
AIR104322,2025-11-15,Karnataka,Karnataka City 2,4G,Broadband,2.4,16.09,507,3.95,26
AIR104323,2025-12-15,Uttar Pradesh,Uttar Pradesh City 2,5G,Postpaid,4.2,41.28,253,4.05,50
AIR104324,2025-02-15,Rajasthan,Rajasthan City 2,5G,Prepaid,4.3,30.62,234,4.75,62
AIR104325,2025-03-15,Delhi,Delhi City 3,4G,Prepaid,1.1,21.76,276,3.91,18
AIR104326,2025-04-15,Maharashtra,Maharashtra City 2,4G,Prepaid,2.1,11.98,610,4,28
AIR104327,2025-05-15,Telangana,Telangana City 1,4G,Postpaid,3.8,1,452,3.79,36
AIR104328,2025-06-15,West Bengal,West Bengal City 1,4G,Broadband,2.9,14.26,241,2.95,5
AIR104329,2025-07-15,Karnataka,Karnataka City 1,5G,Enterprise,5.4,7.89,403,2.79,-7
AIR104330,2025-08-15,Telangana,Telangana City 2,4G,Prepaid,4.6,8.22,244,2.77,-17
AIR104331,2025-09-15,Kerala,Kerala City 2,4G,Prepaid,2.8,4.49,222,3.56,18
AIR104332,2025-10-15,Kerala,Kerala City 3,4G,Prepaid,5.7,18.37,584,3.4,6
AIR104333,2025-11-15,Maharashtra,Maharashtra City 3,4G,Postpaid,4.5,13.28,372,3.63,26
AIR104334,2025-12-15,Kerala,Kerala City 1,4G,Enterprise,4.5,30.84,445,3.66,31
AIR104335,2025-02-15,Karnataka,Karnataka City 3,5G,Prepaid,2.6,45.47,629,3.76,22
AIR104336,2025-03-15,Delhi,Delhi City 3,4G,Prepaid,4.4,13.92,117,3.42,0
AIR104337,2025-04-15,Gujarat,Gujarat City 1,5G,Postpaid,0.3,35.89,544,4,22
AIR104338,2025-05-15,Tamil Nadu,Tamil Nadu City 2,4G,Postpaid,2.6,11.74,500,2.52,-9
AIR104339,2025-06-15,Uttar Pradesh,Uttar Pradesh City 3,4G,Prepaid,5.2,15.23,181,2.82,-15
AIR104340,2025-07-15,Delhi,Delhi City 2,4G,Broadband,4.2,12.96,266,3.44,27
AIR104341,2025-08-15,Gujarat,Gujarat City 1,4G,Prepaid,6.4,32.82,131,3.3,3
AIR104342,2025-09-15,Rajasthan,Rajasthan City 1,5G,Broadband,5.6,2.12,429,4.18,25
AIR104343,2025-10-15,Karnataka,Karnataka City 3,4G,Prepaid,2.6,20.21,666,3.53,24
AIR104344,2025-11-15,Telangana,Telangana City 1,4G,Prepaid,2.5,22.08,447,3.47,32
AIR104345,2025-12-15,Gujarat,Gujarat City 1,4G,Prepaid,1.8,5.68,438,2.75,-16
AIR104346,2025-02-15,Karnataka,Karnataka City 1,4G,Prepaid,5.6,18.56,394,3.47,6
AIR104347,2025-03-15,West Bengal,West Bengal City 3,5G,Postpaid,2.2,41.7,807,4.06,47
AIR104348,2025-04-15,Telangana,Telangana City 3,4G,Postpaid,2.2,18.65,198,3.04,-9
AIR104349,2025-05-15,Kerala,Kerala City 3,5G,Postpaid,3.7,7.7,554,3.78,40
AIR104350,2025-06-15,Kerala,Kerala City 1,5G,Postpaid,3.3,17.95,598,3.98,41
AIR104351,2025-07-15,Telangana,Telangana City 2,4G,Prepaid,3,18.91,457,2.56,-22
AIR104352,2025-08-15,Rajasthan,Rajasthan City 1,4G,Prepaid,4.3,18.66,113,3.93,27
AIR104353,2025-09-15,Rajasthan,Rajasthan City 3,5G,Enterprise,1.6,48.97,138,4.06,24
AIR104354,2025-10-15,Rajasthan,Rajasthan City 2,5G,Broadband,2,34.85,488,3.74,39
AIR104355,2025-11-15,Gujarat,Gujarat City 2,4G,Prepaid,3.5,15.29,432,3.21,20
AIR104356,2025-12-15,Uttar Pradesh,Uttar Pradesh City 3,4G,Prepaid,6.5,19.84,578,3.04,-5
AIR104357,2025-02-15,Gujarat,Gujarat City 2,4G,Postpaid,5.5,7.12,351,3.49,27
AIR104358,2025-03-15,Maharashtra,Maharashtra City 2,4G,Prepaid,0.7,34.8,545,2.53,-19
AIR104359,2025-04-15,Tamil Nadu,Tamil Nadu City 3,4G,Postpaid,1.9,17.36,545,3.26,-2
AIR104360,2025-05-15,Telangana,Telangana City 2,4G,Postpaid,2.5,12.98,360,3.4,14
AIR104361,2025-06-15,Delhi,Delhi City 2,4G,Prepaid,6,13.86,200,3.23,14
AIR104362,2025-07-15,Tamil Nadu,Tamil Nadu City 3,4G,Prepaid,0.7,25.51,540,3.81,29
AIR104363,2025-08-15,West Bengal,West Bengal City 2,4G,Postpaid,3.1,10.16,365,2.95,-1
AIR104364,2025-09-15,Gujarat,Gujarat City 2,5G,Prepaid,5,24.79,396,3.89,12
AIR104365,2025-10-15,Gujarat,Gujarat City 2,4G,Prepaid,2.1,20.17,20,3.59,27
AIR104366,2025-11-15,Karnataka,Karnataka City 2,5G,Postpaid,4.2,39.1,457,3.34,5
AIR104367,2025-12-15,Tamil Nadu,Tamil Nadu City 3,4G,Postpaid,1.9,19.34,195,3.68,9
AIR104368,2025-02-15,Karnataka,Karnataka City 1,4G,Prepaid,4.5,1,390,3.88,35
AIR104369,2025-03-15,Delhi,Delhi City 1,4G,Broadband,1.4,14.5,541,3.64,23
AIR104370,2025-04-15,Karnataka,Karnataka City 2,4G,Postpaid,3.8,15.66,309,3.7,17
AIR104371,2025-05-15,Tamil Nadu,Tamil Nadu City 3,4G,Prepaid,5.8,10.47,493,3.47,14
AIR104372,2025-06-15,Telangana,Telangana City 3,4G,Prepaid,4,16.83,566,3.29,12
AIR104373,2025-07-15,West Bengal,West Bengal City 2,5G,Postpaid,2.1,38.08,302,3.58,16
AIR104374,2025-08-15,Gujarat,Gujarat City 1,4G,Prepaid,3.2,27.75,20,3.14,-8
AIR104375,2025-09-15,Delhi,Delhi City 2,5G,Postpaid,5,1,363,4,47
AIR104376,2025-10-15,Gujarat,Gujarat City 3,4G,Postpaid,5.3,10.54,429,3.78,21
AIR104377,2025-11-15,Maharashtra,Maharashtra City 3,4G,Postpaid,6,17.36,598,3.47,17
AIR104378,2025-12-15,West Bengal,West Bengal City 1,4G,Postpaid,5,40.88,322,3.29,20
AIR104379,2025-02-15,Uttar Pradesh,Uttar Pradesh City 3,5G,Postpaid,2.9,81.33,683,4.04,39
AIR104380,2025-03-15,Karnataka,Karnataka City 3,4G,Prepaid,5.2,25.9,379,3.36,0
AIR104381,2025-04-15,Kerala,Kerala City 3,5G,Prepaid,3.3,37.91,367,4.61,60
AIR104382,2025-05-15,Tamil Nadu,Tamil Nadu City 1,4G,Postpaid,2.3,7.17,252,3.07,-13
AIR104383,2025-06-15,Gujarat,Gujarat City 3,5G,Postpaid,3.9,11.48,605,4.2,53
AIR104384,2025-07-15,Karnataka,Karnataka City 2,4G,Postpaid,6,26.27,336,3.34,10
AIR104385,2025-08-15,Delhi,Delhi City 1,4G,Prepaid,2.4,1,454,3.95,47
AIR104386,2025-09-15,Gujarat,Gujarat City 2,4G,Enterprise,2.1,16.75,543,3.78,40
AIR104387,2025-10-15,Uttar Pradesh,Uttar Pradesh City 2,4G,Prepaid,2.7,16.46,586,3.22,16
AIR104388,2025-11-15,West Bengal,West Bengal City 1,4G,Prepaid,5,24.78,315,3.69,30
AIR104389,2025-12-15,West Bengal,West Bengal City 2,4G,Prepaid,6.8,24.49,233,3.42,18
AIR104390,2025-02-15,Gujarat,Gujarat City 1,4G,Prepaid,2.7,27.62,239,3.16,14
AIR104391,2025-03-15,Delhi,Delhi City 2,4G,Postpaid,3.2,26.7,396,3.52,19
AIR104392,2025-04-15,West Bengal,West Bengal City 1,4G,Prepaid,1.9,27.8,557,3.39,20
AIR104393,2025-05-15,West Bengal,West Bengal City 3,4G,Prepaid,6.2,26.29,543,4.03,57
AIR104394,2025-06-15,Uttar Pradesh,Uttar Pradesh City 3,4G,Prepaid,4.5,19.51,807,3.12,-1
AIR104395,2025-07-15,Tamil Nadu,Tamil Nadu City 2,5G,Postpaid,3.8,40.49,472,4.12,30
AIR104396,2025-08-15,Delhi,Delhi City 3,5G,Broadband,0.8,25.89,460,3.93,52
AIR104397,2025-09-15,Delhi,Delhi City 1,4G,Postpaid,2.3,13.64,603,3.84,42
AIR104398,2025-10-15,Telangana,Telangana City 2,5G,Prepaid,1.8,51.66,398,3.24,7
AIR104399,2025-11-15,Telangana,Telangana City 3,4G,Postpaid,5.3,28.56,602,3.43,27
AIR104400,2025-12-15,West Bengal,West Bengal City 3,4G,Prepaid,4.6,7.34,534,3.92,33
AIR104401,2025-02-15,Kerala,Kerala City 2,4G,Prepaid,1.8,1,568,3.79,16
AIR104402,2025-03-15,Telangana,Telangana City 3,5G,Broadband,4.2,35.79,169,4.34,45
AIR104403,2025-04-15,West Bengal,West Bengal City 3,4G,Postpaid,1.3,15.05,530,3.47,7
AIR104404,2025-05-15,Rajasthan,Rajasthan City 2,5G,Prepaid,5.5,39.63,296,4.15,24
AIR104405,2025-06-15,Maharashtra,Maharashtra City 3,5G,Prepaid,4.7,46.24,586,4.2,41
AIR104406,2025-07-15,Maharashtra,Maharashtra City 3,4G,Prepaid,6.1,6.56,237,3.36,13
AIR104407,2025-08-15,Delhi,Delhi City 3,4G,Prepaid,2,25.58,403,3.1,1
AIR104408,2025-09-15,Kerala,Kerala City 3,4G,Postpaid,6.3,31.55,301,2.92,2
AIR104409,2025-10-15,Uttar Pradesh,Uttar Pradesh City 2,4G,Prepaid,4.2,10.66,463,3.37,13
AIR104410,2025-11-15,Tamil Nadu,Tamil Nadu City 1,4G,Broadband,4.4,20.17,528,4.35,41
AIR104411,2025-12-15,Telangana,Telangana City 1,4G,Postpaid,6.4,31.35,650,3.15,-2
AIR104412,2025-02-15,Rajasthan,Rajasthan City 3,4G,Broadband,1.6,1,287,3.18,-3
AIR104413,2025-03-15,West Bengal,West Bengal City 3,4G,Postpaid,1.8,11.22,369,3.52,16
AIR104414,2025-04-15,Kerala,Kerala City 1,4G,Postpaid,4,21.99,665,3.74,20
AIR104415,2025-05-15,Delhi,Delhi City 3,4G,Postpaid,3.3,14.81,587,3.51,20
AIR104416,2025-06-15,Telangana,Telangana City 1,4G,Prepaid,2.9,24.73,722,3.74,21
AIR104417,2025-07-15,Kerala,Kerala City 2,4G,Postpaid,2,24.58,638,3.1,14
AIR104418,2025-08-15,Telangana,Telangana City 2,4G,Prepaid,3,5.94,217,3.61,24
AIR104419,2025-09-15,Tamil Nadu,Tamil Nadu City 2,5G,Prepaid,5.5,31.47,303,4.12,41
AIR104420,2025-10-15,Tamil Nadu,Tamil Nadu City 2,4G,Prepaid,5.6,21.14,155,3.59,16
AIR104421,2025-11-15,Uttar Pradesh,Uttar Pradesh City 2,4G,Postpaid,1.8,1.55,370,3.9,39
AIR104422,2025-12-15,Maharashtra,Maharashtra City 2,5G,Enterprise,5,26.58,635,4.55,48
AIR104423,2025-02-15,Karnataka,Karnataka City 1,4G,Prepaid,5.7,25.74,307,3.14,-13
AIR104424,2025-03-15,Karnataka,Karnataka City 3,5G,Postpaid,1.4,30.53,510,3.98,44
AIR104425,2025-04-15,Telangana,Telangana City 1,4G,Broadband,0.3,14.18,235,3.59,2
AIR104426,2025-05-15,Uttar Pradesh,Uttar Pradesh City 2,5G,Prepaid,3.1,22.97,560,3.66,24
AIR104427,2025-06-15,Karnataka,Karnataka City 3,5G,Prepaid,1.6,27.01,638,3.75,31
AIR104428,2025-07-15,Delhi,Delhi City 3,4G,Prepaid,4.5,15.3,265,2.84,-5
AIR104429,2025-08-15,Karnataka,Karnataka City 2,4G,Broadband,1.6,6.86,20,3.86,32
AIR104430,2025-09-15,Gujarat,Gujarat City 2,5G,Prepaid,3,35.34,347,4.31,45
AIR104431,2025-10-15,West Bengal,West Bengal City 2,5G,Prepaid,5.7,46.32,20,3.74,26
AIR104432,2025-11-15,Uttar Pradesh,Uttar Pradesh City 2,5G,Postpaid,3.6,43.95,594,4.12,48
AIR104433,2025-12-15,Delhi,Delhi City 2,4G,Broadband,1.4,15.77,601,4.07,16
AIR104434,2025-02-15,Kerala,Kerala City 2,5G,Broadband,3,23.72,548,3.92,25
AIR104435,2025-03-15,Delhi,Delhi City 3,4G,Prepaid,0.5,23.81,290,3.71,22
AIR104436,2025-04-15,Maharashtra,Maharashtra City 2,4G,Broadband,4.1,22.52,586,3.9,34
AIR104437,2025-05-15,Kerala,Kerala City 2,4G,Prepaid,5.7,37.84,207,3.81,63
AIR104438,2025-06-15,Rajasthan,Rajasthan City 3,4G,Prepaid,3.1,17.55,119,3.72,45
AIR104439,2025-07-15,West Bengal,West Bengal City 1,4G,Broadband,5.6,15.08,413,3.92,60
AIR104440,2025-08-15,West Bengal,West Bengal City 2,4G,Postpaid,1.3,30.97,172,3.06,14
AIR104441,2025-09-15,West Bengal,West Bengal City 3,4G,Prepaid,5.8,22.32,480,3.1,8
AIR104442,2025-10-15,West Bengal,West Bengal City 3,4G,Postpaid,6.5,26.31,603,2.84,3
AIR104443,2025-11-15,Telangana,Telangana City 1,5G,Postpaid,5.1,56.6,389,3.73,36
AIR104444,2025-12-15,West Bengal,West Bengal City 2,4G,Broadband,4.2,1,421,3.01,7
AIR104445,2025-02-15,West Bengal,West Bengal City 2,4G,Broadband,2.2,5.87,214,3.85,40
AIR104446,2025-03-15,West Bengal,West Bengal City 2,4G,Postpaid,4.6,23.94,20,3.07,7
AIR104447,2025-04-15,Uttar Pradesh,Uttar Pradesh City 3,4G,Broadband,2.7,21.69,322,3.45,18
AIR104448,2025-05-15,Telangana,Telangana City 2,4G,Postpaid,1.5,29.36,250,4.34,33
AIR104449,2025-06-15,Tamil Nadu,Tamil Nadu City 2,4G,Postpaid,3.4,22.16,652,3.9,28
AIR104450,2025-07-15,Delhi,Delhi City 2,4G,Postpaid,4.9,19.91,598,3.94,21
AIR104451,2025-08-15,Delhi,Delhi City 2,5G,Prepaid,3.4,62.28,214,3.76,20
AIR104452,2025-09-15,Kerala,Kerala City 1,4G,Prepaid,1.7,1.23,280,3.72,6
AIR104453,2025-10-15,Uttar Pradesh,Uttar Pradesh City 1,4G,Prepaid,5.1,35.21,724,3.7,21
AIR104454,2025-11-15,Gujarat,Gujarat City 1,4G,Postpaid,1.9,25.54,236,3.9,35
AIR104455,2025-12-15,Delhi,Delhi City 2,4G,Prepaid,3.2,33.43,415,3.28,-8
AIR104456,2025-02-15,Karnataka,Karnataka City 2,4G,Prepaid,1.2,16.27,142,3.33,8
AIR104457,2025-03-15,Gujarat,Gujarat City 3,4G,Prepaid,4.2,16.14,444,3.86,30
AIR104458,2025-04-15,West Bengal,West Bengal City 3,4G,Prepaid,2,29.04,706,4.05,42
AIR104459,2025-05-15,West Bengal,West Bengal City 3,4G,Postpaid,5.7,21.19,753,3.77,26
AIR104460,2025-06-15,Telangana,Telangana City 2,4G,Prepaid,3.8,1.11,397,2.89,-12
AIR104461,2025-07-15,Gujarat,Gujarat City 1,4G,Prepaid,6,22.15,521,3.75,27
AIR104462,2025-08-15,Karnataka,Karnataka City 1,5G,Postpaid,5.8,19.65,653,3.95,61
AIR104463,2025-09-15,Telangana,Telangana City 1,4G,Broadband,1.9,33.49,171,3.59,35
AIR104464,2025-10-15,Kerala,Kerala City 2,4G,Prepaid,5.4,8.2,417,3.39,16
AIR104465,2025-11-15,Gujarat,Gujarat City 1,4G,Prepaid,4.1,29.4,344,3.52,8
AIR104466,2025-12-15,Uttar Pradesh,Uttar Pradesh City 3,5G,Broadband,1.5,29.58,386,4.12,56
AIR104467,2025-02-15,West Bengal,West Bengal City 3,5G,Prepaid,4.7,67.21,508,3.94,20
AIR104468,2025-03-15,West Bengal,West Bengal City 1,4G,Broadband,4,45.23,339,2.81,1
AIR104469,2025-04-15,Maharashtra,Maharashtra City 3,5G,Prepaid,2.5,45.58,686,3.26,18
AIR104470,2025-05-15,Telangana,Telangana City 1,4G,Prepaid,1.8,8.74,622,3.02,1
AIR104471,2025-06-15,Tamil Nadu,Tamil Nadu City 1,5G,Prepaid,4.8,50.51,215,4.25,47
AIR104472,2025-07-15,Tamil Nadu,Tamil Nadu City 3,4G,Prepaid,4.8,30.41,470,2.66,-15
AIR104473,2025-08-15,Telangana,Telangana City 3,4G,Broadband,1.7,23,443,3.44,17
AIR104474,2025-09-15,Uttar Pradesh,Uttar Pradesh City 3,4G,Enterprise,6.1,24.17,692,3.52,9
AIR104475,2025-10-15,Rajasthan,Rajasthan City 3,4G,Enterprise,4.1,30.34,498,4.16,58
AIR104476,2025-11-15,Telangana,Telangana City 1,4G,Broadband,1.2,13.7,42,3.87,20
AIR104477,2025-12-15,Uttar Pradesh,Uttar Pradesh City 3,4G,Broadband,3.4,22.83,360,2.49,-22
AIR104478,2025-02-15,Kerala,Kerala City 3,4G,Postpaid,5.4,19.51,20,3.32,23
AIR104479,2025-03-15,West Bengal,West Bengal City 2,4G,Broadband,3.5,16.06,263,3.21,13
AIR104480,2025-04-15,Karnataka,Karnataka City 3,4G,Prepaid,4.6,25.72,178,3.23,24
AIR104481,2025-05-15,Rajasthan,Rajasthan City 3,5G,Prepaid,2.3,50.4,239,4.2,50
AIR104482,2025-06-15,Gujarat,Gujarat City 1,5G,Postpaid,3.2,61.44,665,3.67,17
AIR104483,2025-07-15,Rajasthan,Rajasthan City 1,5G,Broadband,4.1,42.11,545,4.16,31
AIR104484,2025-08-15,Karnataka,Karnataka City 2,5G,Postpaid,2.8,28.61,287,3.69,27
AIR104485,2025-09-15,Maharashtra,Maharashtra City 3,5G,Broadband,5.3,26.04,462,4,35
AIR104486,2025-10-15,West Bengal,West Bengal City 3,4G,Postpaid,5.8,34.49,383,2.49,-15
AIR104487,2025-11-15,Tamil Nadu,Tamil Nadu City 3,4G,Postpaid,6.3,25.83,400,2.95,7
AIR104488,2025-12-15,Uttar Pradesh,Uttar Pradesh City 3,4G,Enterprise,3.8,16.15,279,3.94,28
AIR104489,2025-02-15,Telangana,Telangana City 3,4G,Prepaid,2.9,27.21,529,3.42,27
AIR104490,2025-03-15,Telangana,Telangana City 3,5G,Broadband,4.5,38.07,496,3.66,32
AIR104491,2025-04-15,Tamil Nadu,Tamil Nadu City 2,4G,Postpaid,3.8,25.61,281,3.74,19
AIR104492,2025-05-15,Rajasthan,Rajasthan City 3,5G,Postpaid,1.2,27.28,369,3.48,35
AIR104493,2025-06-15,West Bengal,West Bengal City 3,4G,Broadband,1.7,17.23,424,3.3,-3
AIR104494,2025-07-15,Delhi,Delhi City 3,5G,Prepaid,2.9,60.36,236,4.18,32
AIR104495,2025-08-15,Uttar Pradesh,Uttar Pradesh City 2,4G,Prepaid,4.5,1,659,3.09,9
AIR104496,2025-09-15,Kerala,Kerala City 3,4G,Postpaid,4.1,15.15,626,3.49,30
AIR104497,2025-10-15,Karnataka,Karnataka City 2,5G,Prepaid,3.5,26.67,413,4.48,31
AIR104498,2025-11-15,Rajasthan,Rajasthan City 1,4G,Postpaid,3,4.39,417,4.16,39
AIR104499,2025-12-15,Gujarat,Gujarat City 3,4G,Prepaid,1.9,16.43,328,2.92,7
AIR104500,2025-02-15,Maharashtra,Maharashtra City 2,4G,Broadband,4,14.89,533,4.36,58
AIR104501,2025-03-15,Telangana,Telangana City 1,4G,Prepaid,0.3,10.21,200,3.69,32
AIR104502,2025-04-15,Rajasthan,Rajasthan City 2,4G,Postpaid,0.6,17.06,371,3.87,26
AIR104503,2025-05-15,Maharashtra,Maharashtra City 2,4G,Broadband,0.5,30.63,419,3.19,11
AIR104504,2025-06-15,Karnataka,Karnataka City 1,4G,Broadband,2.4,15.77,575,3.29,1
AIR104505,2025-07-15,Telangana,Telangana City 3,4G,Postpaid,4.6,16.29,186,3.91,32
AIR104506,2025-08-15,Telangana,Telangana City 3,4G,Postpaid,1.8,21.97,521,3.29,2
AIR104507,2025-09-15,Delhi,Delhi City 2,5G,Prepaid,3.8,42.83,417,4.15,29
AIR104508,2025-10-15,Rajasthan,Rajasthan City 1,5G,Prepaid,0.8,20.95,37,4.07,29
AIR104509,2025-11-15,West Bengal,West Bengal City 3,4G,Prepaid,4.8,20.44,485,3.45,28
AIR104510,2025-12-15,Tamil Nadu,Tamil Nadu City 2,4G,Postpaid,6.2,13.39,556,3.33,18
AIR104511,2025-02-15,Tamil Nadu,Tamil Nadu City 1,4G,Prepaid,2.8,21.57,640,3.56,24
AIR104512,2025-03-15,Kerala,Kerala City 2,5G,Postpaid,1.9,54.56,451,3.99,35
AIR104513,2025-04-15,Gujarat,Gujarat City 1,5G,Prepaid,6.1,37.75,214,3.44,17
AIR104514,2025-05-15,Maharashtra,Maharashtra City 3,5G,Postpaid,5.2,65.07,456,3.1,17
AIR104515,2025-06-15,Rajasthan,Rajasthan City 3,4G,Postpaid,3.2,16.21,277,2.84,9
AIR104516,2025-07-15,Uttar Pradesh,Uttar Pradesh City 2,4G,Broadband,1.1,22.4,430,3.5,29
AIR104517,2025-08-15,Gujarat,Gujarat City 3,4G,Prepaid,2.1,15.97,259,2.86,-11
AIR104518,2025-09-15,Delhi,Delhi City 3,4G,Prepaid,0.8,1,745,3.51,4
AIR104519,2025-10-15,Telangana,Telangana City 1,4G,Prepaid,4.6,18.55,690,3.46,21
AIR104520,2025-11-15,West Bengal,West Bengal City 3,4G,Prepaid,4.4,21.12,346,3.17,7
AIR104521,2025-12-15,Rajasthan,Rajasthan City 1,5G,Postpaid,5.1,29.86,516,3.62,22
AIR104522,2025-02-15,Gujarat,Gujarat City 1,4G,Prepaid,3.5,29.78,76,3.01,-1
AIR104523,2025-03-15,Gujarat,Gujarat City 2,5G,Prepaid,3.2,23.3,453,3.59,20
AIR104524,2025-04-15,West Bengal,West Bengal City 1,4G,Broadband,3.1,18.99,195,3.46,3
AIR104525,2025-05-15,Kerala,Kerala City 3,5G,Postpaid,0.5,38.39,408,4.19,48
AIR104526,2025-06-15,Maharashtra,Maharashtra City 1,5G,Prepaid,4.2,38.21,510,3.96,27
AIR104527,2025-07-15,Maharashtra,Maharashtra City 1,5G,Prepaid,1.5,36.76,345,4.19,44
AIR104528,2025-08-15,Gujarat,Gujarat City 2,5G,Prepaid,1.4,25.89,180,4.35,55
AIR104529,2025-09-15,Karnataka,Karnataka City 3,5G,Postpaid,4.7,51.01,631,3.85,26
AIR104530,2025-10-15,Gujarat,Gujarat City 3,4G,Postpaid,3.2,20.27,368,3.35,6
AIR104531,2025-11-15,Gujarat,Gujarat City 3,4G,Postpaid,5.7,23.95,657,3.81,23
AIR104532,2025-12-15,West Bengal,West Bengal City 1,4G,Prepaid,3.1,17.56,713,3.93,44
AIR104533,2025-02-15,Telangana,Telangana City 3,5G,Postpaid,3.3,3.58,661,3.53,12
AIR104534,2025-03-15,West Bengal,West Bengal City 3,5G,Prepaid,0.7,17.49,381,3.93,27
AIR104535,2025-04-15,Rajasthan,Rajasthan City 1,4G,Postpaid,1.5,13.41,136,3.56,31
AIR104536,2025-05-15,Gujarat,Gujarat City 2,4G,Broadband,1.8,1,673,3.58,8
AIR104537,2025-06-15,Maharashtra,Maharashtra City 2,5G,Prepaid,1,49.43,673,4.05,31
AIR104538,2025-07-15,Uttar Pradesh,Uttar Pradesh City 1,5G,Prepaid,2.2,47.33,490,4.35,56
AIR104539,2025-08-15,Maharashtra,Maharashtra City 2,4G,Broadband,1.7,18.4,693,3.97,31
AIR104540,2025-09-15,Tamil Nadu,Tamil Nadu City 2,4G,Prepaid,3.9,11.47,247,3.49,25
AIR104541,2025-10-15,Kerala,Kerala City 2,4G,Prepaid,2.7,13.15,432,4.03,36
AIR104542,2025-11-15,Delhi,Delhi City 3,4G,Postpaid,5.2,33.42,286,2.82,3
AIR104543,2025-12-15,Rajasthan,Rajasthan City 2,4G,Postpaid,5.6,29.82,301,3.72,37
AIR104544,2025-02-15,Rajasthan,Rajasthan City 3,4G,Broadband,0.3,27.39,839,3.78,24
AIR104545,2025-03-15,Kerala,Kerala City 2,5G,Prepaid,1.4,27.72,493,3.47,13
AIR104546,2025-04-15,Uttar Pradesh,Uttar Pradesh City 3,4G,Prepaid,4.6,14.14,649,3.39,3
AIR104547,2025-05-15,Delhi,Delhi City 1,4G,Prepaid,6,11.83,322,3.39,33
AIR104548,2025-06-15,Telangana,Telangana City 1,5G,Postpaid,4.9,14.42,423,3.98,45
AIR104549,2025-07-15,Gujarat,Gujarat City 2,5G,Prepaid,0.8,45.82,461,4.53,57
AIR104550,2025-08-15,Delhi,Delhi City 3,5G,Postpaid,2.4,36.05,484,3.3,10
AIR104551,2025-09-15,Uttar Pradesh,Uttar Pradesh City 1,4G,Prepaid,3.2,11.26,356,3.77,34
AIR104552,2025-10-15,Karnataka,Karnataka City 1,5G,Prepaid,3.3,27.23,277,4.16,46
AIR104553,2025-11-15,Tamil Nadu,Tamil Nadu City 1,4G,Prepaid,4.9,28.68,482,3.64,20
AIR104554,2025-12-15,Delhi,Delhi City 1,5G,Enterprise,3.6,23.65,260,3.48,16
AIR104555,2025-02-15,Delhi,Delhi City 2,4G,Broadband,3.9,17.83,458,3.39,31
AIR104556,2025-03-15,Tamil Nadu,Tamil Nadu City 3,4G,Enterprise,0.4,8.62,850,3.09,12
AIR104557,2025-04-15,Gujarat,Gujarat City 1,4G,Prepaid,5.2,11.54,377,3.19,8
AIR104558,2025-05-15,Delhi,Delhi City 2,4G,Prepaid,3.7,24.14,174,3.96,37
AIR104559,2025-06-15,Tamil Nadu,Tamil Nadu City 1,5G,Prepaid,6.2,39.8,511,3.72,17
AIR104560,2025-07-15,Tamil Nadu,Tamil Nadu City 1,4G,Postpaid,1.6,19.31,474,3.86,29
AIR104561,2025-08-15,Tamil Nadu,Tamil Nadu City 1,4G,Prepaid,0.7,29.12,499,3.68,36
AIR104562,2025-09-15,West Bengal,West Bengal City 1,4G,Prepaid,3.1,2.3,400,3.94,34
AIR104563,2025-10-15,Uttar Pradesh,Uttar Pradesh City 2,4G,Prepaid,5.5,19.28,668,3.66,37
AIR104564,2025-11-15,West Bengal,West Bengal City 3,5G,Postpaid,2.2,26.56,326,3.45,0
AIR104565,2025-12-15,Karnataka,Karnataka City 2,5G,Prepaid,3.8,47.24,395,3.83,27
AIR104566,2025-02-15,Telangana,Telangana City 2,5G,Prepaid,4.6,38.14,179,4.38,48
AIR104567,2025-03-15,West Bengal,West Bengal City 2,4G,Prepaid,1.1,8.51,470,3.8,20
AIR104568,2025-04-15,West Bengal,West Bengal City 1,4G,Prepaid,4.8,11.15,367,3.44,-4
AIR104569,2025-05-15,Uttar Pradesh,Uttar Pradesh City 3,4G,Postpaid,1.6,23.12,565,3.37,8
AIR104570,2025-06-15,Telangana,Telangana City 1,4G,Postpaid,2.6,34.48,410,3.7,51
AIR104571,2025-07-15,Kerala,Kerala City 2,4G,Prepaid,3.4,19.38,507,4.58,69
AIR104572,2025-08-15,Tamil Nadu,Tamil Nadu City 1,5G,Postpaid,6.2,33.13,582,3.62,37
AIR104573,2025-09-15,Rajasthan,Rajasthan City 3,4G,Prepaid,3,24.75,633,3.85,16
AIR104574,2025-10-15,Telangana,Telangana City 3,4G,Prepaid,6.7,22.55,789,3.18,-7
AIR104575,2025-11-15,Karnataka,Karnataka City 1,4G,Postpaid,3.5,23.84,457,3.75,33
AIR104576,2025-12-15,Gujarat,Gujarat City 2,4G,Enterprise,3.7,27.09,383,3.78,14
AIR104577,2025-02-15,Karnataka,Karnataka City 1,5G,Postpaid,1.9,39.17,454,3.51,18
AIR104578,2025-03-15,Tamil Nadu,Tamil Nadu City 2,4G,Prepaid,1,16.42,584,3.8,20
AIR104579,2025-04-15,Telangana,Telangana City 3,4G,Postpaid,2.9,32.57,507,3.27,7
AIR104580,2025-05-15,Karnataka,Karnataka City 1,4G,Prepaid,1.4,29.74,155,3.35,9
AIR104581,2025-06-15,Karnataka,Karnataka City 3,5G,Postpaid,5,22.35,686,4.05,44
AIR104582,2025-07-15,Kerala,Kerala City 2,5G,Prepaid,1,23.01,403,4.51,65
AIR104583,2025-08-15,Kerala,Kerala City 2,5G,Postpaid,5.1,30.5,402,3.83,30
AIR104584,2025-09-15,Telangana,Telangana City 1,4G,Prepaid,2.2,25.42,491,3.58,25
AIR104585,2025-10-15,Tamil Nadu,Tamil Nadu City 1,4G,Postpaid,3.6,24.27,191,4.18,36
AIR104586,2025-11-15,West Bengal,West Bengal City 1,4G,Postpaid,4.8,5.39,421,2.93,3
AIR104587,2025-12-15,Maharashtra,Maharashtra City 3,5G,Prepaid,1.5,26.63,240,3.48,22
AIR104588,2025-02-15,Delhi,Delhi City 2,5G,Broadband,3.3,52.85,439,3.93,29
AIR104589,2025-03-15,Rajasthan,Rajasthan City 2,5G,Postpaid,4.7,8.1,478,4.42,49
AIR104590,2025-04-15,Delhi,Delhi City 3,4G,Prepaid,1,16.38,409,3.59,16
AIR104591,2025-05-15,Uttar Pradesh,Uttar Pradesh City 1,5G,Prepaid,3.6,49.42,378,3.89,48
AIR104592,2025-06-15,Kerala,Kerala City 1,4G,Postpaid,0.8,18.39,261,3.63,11
AIR104593,2025-07-15,Telangana,Telangana City 3,5G,Prepaid,3.7,48.05,671,4.5,47
AIR104594,2025-08-15,Delhi,Delhi City 2,4G,Broadband,4.1,23.99,87,4.11,53
AIR104595,2025-09-15,Tamil Nadu,Tamil Nadu City 2,4G,Prepaid,2.6,11.22,286,3.14,14
AIR104596,2025-10-15,Rajasthan,Rajasthan City 2,4G,Prepaid,2,24.22,396,2.98,19
AIR104597,2025-11-15,Delhi,Delhi City 2,4G,Broadband,3.2,12.9,570,3.44,20
AIR104598,2025-12-15,Rajasthan,Rajasthan City 3,4G,Enterprise,2.2,24.58,438,3.48,1
AIR104599,2025-02-15,Gujarat,Gujarat City 2,5G,Prepaid,4.5,34.28,472,4.25,35
AIR104600,2025-03-15,Tamil Nadu,Tamil Nadu City 3,4G,Postpaid,5.3,19.08,441,3.07,7
AIR104601,2025-04-15,Maharashtra,Maharashtra City 1,4G,Prepaid,5.7,20.64,328,2.73,-3
AIR104602,2025-05-15,Karnataka,Karnataka City 3,4G,Postpaid,4.9,20.09,427,2.63,-13
AIR104603,2025-06-15,Rajasthan,Rajasthan City 2,4G,Broadband,5.3,14.94,464,3.78,17
AIR104604,2025-07-15,Tamil Nadu,Tamil Nadu City 1,5G,Prepaid,3.7,35.16,248,3.98,40
AIR104605,2025-08-15,Rajasthan,Rajasthan City 3,4G,Prepaid,5,25.05,368,3.15,15
AIR104606,2025-09-15,Rajasthan,Rajasthan City 3,4G,Prepaid,4.5,31.4,580,2.34,-55
AIR104607,2025-10-15,West Bengal,West Bengal City 3,5G,Prepaid,1.7,18.78,611,3.52,6
AIR104608,2025-11-15,West Bengal,West Bengal City 1,5G,Prepaid,1.2,21,395,3.61,25
AIR104609,2025-12-15,Tamil Nadu,Tamil Nadu City 3,4G,Broadband,6.1,28.8,286,3.94,18
AIR104610,2025-02-15,West Bengal,West Bengal City 2,5G,Prepaid,3.5,43.16,291,3.96,39
AIR104611,2025-03-15,Uttar Pradesh,Uttar Pradesh City 1,4G,Postpaid,1.2,23.73,287,3.34,5
AIR104612,2025-04-15,Maharashtra,Maharashtra City 1,5G,Postpaid,5.9,68.5,457,3.48,7
AIR104613,2025-05-15,Telangana,Telangana City 3,4G,Postpaid,1.4,25.36,714,3.08,-15
AIR104614,2025-06-15,Tamil Nadu,Tamil Nadu City 2,5G,Prepaid,2,27.21,511,4.05,23
AIR104615,2025-07-15,Tamil Nadu,Tamil Nadu City 1,4G,Prepaid,1.6,15.13,536,3.48,23
AIR104616,2025-08-15,Uttar Pradesh,Uttar Pradesh City 3,4G,Postpaid,4.4,35.39,40,3.51,17
AIR104617,2025-09-15,Kerala,Kerala City 2,4G,Prepaid,3.1,21.23,567,3.83,18
AIR104618,2025-10-15,Kerala,Kerala City 3,4G,Postpaid,0.8,30.48,414,3.64,30
AIR104619,2025-11-15,West Bengal,West Bengal City 3,5G,Prepaid,5.5,22.21,558,4.38,50
AIR104620,2025-12-15,Telangana,Telangana City 1,4G,Postpaid,5.6,26.88,626,3.67,28
AIR104621,2025-02-15,West Bengal,West Bengal City 1,4G,Postpaid,1,12.33,524,4.78,73
AIR104622,2025-03-15,Gujarat,Gujarat City 3,4G,Postpaid,5.1,21.71,390,3.25,13
AIR104623,2025-04-15,Gujarat,Gujarat City 1,4G,Prepaid,3.3,12.36,455,4.16,31
AIR104624,2025-05-15,Karnataka,Karnataka City 1,5G,Prepaid,4.3,49.4,462,3.73,14
AIR104625,2025-06-15,Gujarat,Gujarat City 2,4G,Broadband,5.8,5.32,270,3.89,17
AIR104626,2025-07-15,Kerala,Kerala City 2,4G,Prepaid,5.5,12.67,576,3.47,37
AIR104627,2025-08-15,Maharashtra,Maharashtra City 3,5G,Prepaid,1.1,39.18,176,3.96,30
AIR104628,2025-09-15,Gujarat,Gujarat City 3,5G,Postpaid,1.6,38.77,608,3.53,28
AIR104629,2025-10-15,West Bengal,West Bengal City 3,4G,Broadband,1.9,26.78,437,3.51,16
AIR104630,2025-11-15,Rajasthan,Rajasthan City 3,4G,Prepaid,2.9,22.78,706,3.49,16
AIR104631,2025-12-15,Tamil Nadu,Tamil Nadu City 2,5G,Postpaid,6.6,41.64,679,3.58,11
AIR104632,2025-02-15,Maharashtra,Maharashtra City 1,5G,Postpaid,2,50.98,404,4.37,48
AIR104633,2025-03-15,Maharashtra,Maharashtra City 2,5G,Prepaid,0.6,30.96,324,4.32,66
AIR104634,2025-04-15,West Bengal,West Bengal City 3,5G,Postpaid,6,38.74,475,4.52,70
AIR104635,2025-05-15,Tamil Nadu,Tamil Nadu City 3,5G,Broadband,4.6,41.82,446,3.42,7
AIR104636,2025-06-15,Kerala,Kerala City 2,5G,Enterprise,0.9,22.87,540,3.86,14
AIR104637,2025-07-15,Maharashtra,Maharashtra City 2,5G,Prepaid,1.2,38.88,250,3.96,32
AIR104638,2025-08-15,Karnataka,Karnataka City 3,4G,Postpaid,1.8,17.46,419,3.02,-15
AIR104639,2025-09-15,West Bengal,West Bengal City 1,4G,Prepaid,5.8,20.72,309,3.64,33
AIR104640,2025-10-15,Maharashtra,Maharashtra City 3,4G,Prepaid,2.8,32.83,573,3.82,19
AIR104641,2025-11-15,Telangana,Telangana City 2,4G,Postpaid,3.6,15.79,252,3.61,21
AIR104642,2025-12-15,Tamil Nadu,Tamil Nadu City 3,5G,Prepaid,1.4,27.54,81,3.3,12
AIR104643,2025-02-15,Gujarat,Gujarat City 3,5G,Prepaid,0.8,40.87,250,3.8,16
AIR104644,2025-03-15,Maharashtra,Maharashtra City 1,5G,Prepaid,1.8,26.08,263,3.74,29
AIR104645,2025-04-15,West Bengal,West Bengal City 3,5G,Prepaid,4.4,25.86,42,3.04,-3
AIR104646,2025-05-15,Gujarat,Gujarat City 3,4G,Postpaid,0.5,1,452,4.65,64
AIR104647,2025-06-15,Karnataka,Karnataka City 3,5G,Prepaid,5.6,54.28,499,3.48,18
AIR104648,2025-07-15,Gujarat,Gujarat City 2,4G,Postpaid,1.7,21.91,225,3.9,39
AIR104649,2025-08-15,Telangana,Telangana City 2,4G,Prepaid,4.9,10.03,568,3.73,25
AIR104650,2025-09-15,Kerala,Kerala City 1,4G,Postpaid,6.6,1,476,3.49,13
AIR104651,2025-10-15,Maharashtra,Maharashtra City 3,5G,Broadband,5.4,19.88,662,3.92,34
AIR104652,2025-11-15,Delhi,Delhi City 2,4G,Prepaid,6.4,3.03,594,2.88,-4
AIR104653,2025-12-15,Delhi,Delhi City 1,5G,Postpaid,5.9,22.11,142,4.25,43
AIR104654,2025-02-15,Gujarat,Gujarat City 3,4G,Postpaid,5.2,32.41,583,3.81,27
AIR104655,2025-03-15,Uttar Pradesh,Uttar Pradesh City 1,4G,Postpaid,1.6,25.75,198,3.82,30
AIR104656,2025-04-15,Tamil Nadu,Tamil Nadu City 1,4G,Prepaid,5.9,20.18,525,3.78,12
AIR104657,2025-05-15,Delhi,Delhi City 1,4G,Postpaid,5.7,7,531,3.53,19
AIR104658,2025-06-15,Uttar Pradesh,Uttar Pradesh City 1,5G,Prepaid,2.5,58.07,176,3.93,50
AIR104659,2025-07-15,Delhi,Delhi City 1,4G,Prepaid,3.5,4.12,466,3.86,35
AIR104660,2025-08-15,Uttar Pradesh,Uttar Pradesh City 1,5G,Postpaid,1.4,6.7,724,4.32,37
AIR104661,2025-09-15,Tamil Nadu,Tamil Nadu City 1,5G,Prepaid,4.1,54.78,394,3.74,15
AIR104662,2025-10-15,Rajasthan,Rajasthan City 3,5G,Postpaid,4,45.76,199,3.77,49
AIR104663,2025-11-15,Delhi,Delhi City 3,4G,Postpaid,6.4,15.69,445,2.66,1
AIR104664,2025-12-15,Telangana,Telangana City 1,5G,Postpaid,4.3,17.61,191,3.41,24
AIR104665,2025-02-15,Maharashtra,Maharashtra City 3,4G,Prepaid,4.4,12.35,451,2.68,-20
AIR104666,2025-03-15,Uttar Pradesh,Uttar Pradesh City 1,4G,Enterprise,3,34.55,343,2.8,-15
AIR104667,2025-04-15,Maharashtra,Maharashtra City 3,4G,Postpaid,2,22.77,416,3.54,14
AIR104668,2025-05-15,West Bengal,West Bengal City 2,5G,Prepaid,3.3,43.67,152,3.83,47
AIR104669,2025-06-15,West Bengal,West Bengal City 1,4G,Prepaid,2.9,15.75,149,3.55,7
AIR104670,2025-07-15,Tamil Nadu,Tamil Nadu City 2,4G,Postpaid,6.2,13.4,609,3.96,55
AIR104671,2025-08-15,Uttar Pradesh,Uttar Pradesh City 1,4G,Broadband,6.4,2.84,482,3.78,16
AIR104672,2025-09-15,Karnataka,Karnataka City 1,4G,Postpaid,5.2,32.2,542,3.63,18
AIR104673,2025-10-15,West Bengal,West Bengal City 2,4G,Postpaid,3.4,25.17,409,3.27,15
AIR104674,2025-11-15,Tamil Nadu,Tamil Nadu City 2,5G,Prepaid,2.3,53.39,268,3.48,27
AIR104675,2025-12-15,West Bengal,West Bengal City 2,4G,Prepaid,3.1,19.2,493,4.04,27
AIR104676,2025-02-15,West Bengal,West Bengal City 1,5G,Prepaid,3.3,1.74,560,3.49,7
AIR104677,2025-03-15,Karnataka,Karnataka City 2,5G,Postpaid,4.4,20.87,431,3.53,7
AIR104678,2025-04-15,Delhi,Delhi City 2,5G,Prepaid,4.2,10.12,85,4.22,23
AIR104679,2025-05-15,Gujarat,Gujarat City 3,4G,Prepaid,0.8,4.95,660,3.37,20
AIR104680,2025-06-15,Rajasthan,Rajasthan City 3,4G,Prepaid,0.7,35.89,66,3.14,4
AIR104681,2025-07-15,West Bengal,West Bengal City 2,4G,Broadband,2,24.48,258,3.82,18
AIR104682,2025-08-15,West Bengal,West Bengal City 2,4G,Postpaid,1.3,30.07,482,3.91,17
AIR104683,2025-09-15,Telangana,Telangana City 2,5G,Prepaid,5.4,21.11,722,3.72,28
AIR104684,2025-10-15,Rajasthan,Rajasthan City 2,4G,Broadband,3.4,19.86,609,3.76,22
AIR104685,2025-11-15,Karnataka,Karnataka City 3,5G,Prepaid,6.8,35.43,258,3.57,43
AIR104686,2025-12-15,Maharashtra,Maharashtra City 1,5G,Prepaid,4.3,7.45,457,3.82,50
AIR104687,2025-02-15,Uttar Pradesh,Uttar Pradesh City 2,4G,Prepaid,6.1,21.39,82,4.21,38
AIR104688,2025-03-15,West Bengal,West Bengal City 2,4G,Prepaid,3,9.14,520,3.89,30
AIR104689,2025-04-15,Gujarat,Gujarat City 3,4G,Prepaid,5,18.35,309,3.7,24
AIR104690,2025-05-15,Uttar Pradesh,Uttar Pradesh City 2,4G,Postpaid,5.3,15.57,233,3.94,27
AIR104691,2025-06-15,Rajasthan,Rajasthan City 2,4G,Postpaid,3.5,18.41,214,3.8,22
AIR104692,2025-07-15,Uttar Pradesh,Uttar Pradesh City 3,5G,Postpaid,2.2,20.46,421,4.27,43
AIR104693,2025-08-15,Delhi,Delhi City 2,4G,Postpaid,1.5,24.52,582,3.78,28
AIR104694,2025-09-15,West Bengal,West Bengal City 2,4G,Postpaid,6.6,28.63,382,3.95,44
AIR104695,2025-10-15,Uttar Pradesh,Uttar Pradesh City 3,4G,Prepaid,4.7,9.1,637,3.29,15
AIR104696,2025-11-15,Maharashtra,Maharashtra City 1,4G,Postpaid,5.4,4.46,335,3.06,-3
AIR104697,2025-12-15,Maharashtra,Maharashtra City 2,5G,Postpaid,3.1,29.62,656,3.2,12
AIR104698,2025-02-15,West Bengal,West Bengal City 2,5G,Broadband,3.2,41.88,536,3.43,24
AIR104699,2025-03-15,Kerala,Kerala City 1,5G,Prepaid,4.3,24.31,333,3.86,23
AIR104700,2025-04-15,Maharashtra,Maharashtra City 3,5G,Prepaid,3.6,21.23,318,3.52,21
AIR104701,2025-05-15,Uttar Pradesh,Uttar Pradesh City 1,4G,Postpaid,0.8,8.51,546,3.44,18
AIR104702,2025-06-15,Tamil Nadu,Tamil Nadu City 2,4G,Postpaid,1.5,32.63,20,3.82,60
AIR104703,2025-07-15,Maharashtra,Maharashtra City 1,4G,Prepaid,2,26.34,400,3.7,13
AIR104704,2025-08-15,Rajasthan,Rajasthan City 3,5G,Postpaid,6.5,14.04,721,3.83,29
AIR104705,2025-09-15,Kerala,Kerala City 2,5G,Prepaid,6,1,256,4.01,38
AIR104706,2025-10-15,Uttar Pradesh,Uttar Pradesh City 3,5G,Enterprise,6.2,26.07,73,3.63,9
AIR104707,2025-11-15,Karnataka,Karnataka City 3,4G,Prepaid,6.6,10.73,490,3.35,24
AIR104708,2025-12-15,Telangana,Telangana City 1,4G,Prepaid,2.1,14.41,387,3.42,21
AIR104709,2025-02-15,Karnataka,Karnataka City 1,5G,Prepaid,5.6,53.22,582,3.76,24
AIR104710,2025-03-15,Delhi,Delhi City 3,4G,Prepaid,1.4,14.98,370,3.17,-7
AIR104711,2025-04-15,Telangana,Telangana City 3,5G,Prepaid,1.9,23.05,385,3.92,39
AIR104712,2025-05-15,Delhi,Delhi City 2,4G,Postpaid,4.8,21.35,376,3.19,24
AIR104713,2025-06-15,Telangana,Telangana City 3,4G,Broadband,4.8,13.23,36,3.71,17
AIR104714,2025-07-15,Telangana,Telangana City 3,5G,Prepaid,3.1,16.14,885,3.69,30
AIR104715,2025-08-15,Tamil Nadu,Tamil Nadu City 1,4G,Postpaid,0.7,19.96,698,3.94,41
AIR104716,2025-09-15,Gujarat,Gujarat City 3,5G,Prepaid,2.5,43.72,411,4.16,43
AIR104717,2025-10-15,Rajasthan,Rajasthan City 3,5G,Prepaid,0.8,27.79,386,3.65,7
AIR104718,2025-11-15,Karnataka,Karnataka City 1,4G,Prepaid,5.3,25.72,607,3.26,-4
AIR104719,2025-12-15,Maharashtra,Maharashtra City 2,5G,Prepaid,3.7,65.18,423,4.01,24
AIR104720,2025-02-15,Uttar Pradesh,Uttar Pradesh City 1,4G,Postpaid,0.3,6.52,385,3.52,30
AIR104721,2025-03-15,Kerala,Kerala City 1,4G,Prepaid,3.8,15.81,510,3.65,24
AIR104722,2025-04-15,Rajasthan,Rajasthan City 3,5G,Broadband,3.5,21.84,315,4.68,75
AIR104723,2025-05-15,Delhi,Delhi City 3,4G,Postpaid,4.2,17.84,497,3.59,11
AIR104724,2025-06-15,Tamil Nadu,Tamil Nadu City 2,4G,Postpaid,4.7,24.63,482,3.09,-2
AIR104725,2025-07-15,Delhi,Delhi City 3,5G,Broadband,6.1,53.78,439,4.14,41
AIR104726,2025-08-15,Gujarat,Gujarat City 2,4G,Broadband,3.4,18.87,431,3.44,9
AIR104727,2025-09-15,Kerala,Kerala City 2,5G,Postpaid,1.7,53.38,499,3.4,4
AIR104728,2025-10-15,Tamil Nadu,Tamil Nadu City 2,5G,Postpaid,6.4,44.66,567,3.69,25
AIR104729,2025-11-15,Delhi,Delhi City 2,4G,Prepaid,1,22.84,166,3.74,32
AIR104730,2025-12-15,Gujarat,Gujarat City 3,4G,Postpaid,5,24.39,365,4.27,40
AIR104731,2025-02-15,Uttar Pradesh,Uttar Pradesh City 1,4G,Postpaid,1.7,15.01,192,3.71,42
AIR104732,2025-03-15,Uttar Pradesh,Uttar Pradesh City 1,4G,Broadband,2.4,9.86,308,2.85,-5
AIR104733,2025-04-15,Delhi,Delhi City 3,5G,Prepaid,6.2,37.64,431,3.76,27
AIR104734,2025-05-15,Rajasthan,Rajasthan City 3,5G,Prepaid,2.4,50.24,321,3.87,37
AIR104735,2025-06-15,Kerala,Kerala City 2,4G,Prepaid,1.1,6.27,523,2.63,-21
AIR104736,2025-07-15,West Bengal,West Bengal City 3,4G,Broadband,1.5,39.39,550,2.6,-5
AIR104737,2025-08-15,Rajasthan,Rajasthan City 1,5G,Prepaid,2.7,15.74,361,3.52,7
AIR104738,2025-09-15,Uttar Pradesh,Uttar Pradesh City 3,4G,Postpaid,4.3,14.58,253,3.74,46
AIR104739,2025-10-15,Kerala,Kerala City 3,5G,Prepaid,6.5,45.57,380,4.27,53
AIR104740,2025-11-15,Gujarat,Gujarat City 2,5G,Prepaid,5.3,23.02,360,3.53,6
AIR104741,2025-12-15,Tamil Nadu,Tamil Nadu City 2,4G,Prepaid,1.3,28.23,505,3.33,-10
AIR104742,2025-02-15,Telangana,Telangana City 2,4G,Postpaid,2.9,22.35,405,2.99,-2
AIR104743,2025-03-15,Delhi,Delhi City 2,5G,Prepaid,0.2,22.67,525,4,23
AIR104744,2025-04-15,Karnataka,Karnataka City 1,4G,Postpaid,1,16.36,330,3.52,19
AIR104745,2025-05-15,Kerala,Kerala City 3,4G,Enterprise,2.7,1,616,3.15,14
AIR104746,2025-06-15,Maharashtra,Maharashtra City 3,5G,Enterprise,5.5,33.96,537,4.06,37
AIR104747,2025-07-15,Gujarat,Gujarat City 2,5G,Postpaid,3.3,38.3,295,3.71,17
AIR104748,2025-08-15,West Bengal,West Bengal City 1,4G,Postpaid,1.3,22.06,586,2.95,-5
AIR104749,2025-09-15,Telangana,Telangana City 1,4G,Prepaid,2.2,12.11,632,3.23,2
AIR104750,2025-10-15,Maharashtra,Maharashtra City 3,4G,Enterprise,5.9,21.48,609,4.33,36
AIR104751,2025-11-15,West Bengal,West Bengal City 2,4G,Prepaid,5,11.96,558,3.22,6
AIR104752,2025-12-15,Karnataka,Karnataka City 3,4G,Postpaid,2.3,10.31,186,2.71,3
AIR104753,2025-02-15,Uttar Pradesh,Uttar Pradesh City 3,4G,Prepaid,3.6,2.14,236,3.95,37
AIR104754,2025-03-15,Rajasthan,Rajasthan City 1,4G,Prepaid,0.5,27.41,394,3.21,25
AIR104755,2025-04-15,Delhi,Delhi City 1,4G,Prepaid,4.8,2.44,460,3.67,12
AIR104756,2025-05-15,Tamil Nadu,Tamil Nadu City 3,4G,Postpaid,0.8,18.85,247,3.03,-13
AIR104757,2025-06-15,West Bengal,West Bengal City 2,4G,Postpaid,3.2,15.97,304,3.67,45
AIR104758,2025-07-15,Telangana,Telangana City 2,4G,Postpaid,4.9,1,252,3.93,30
AIR104759,2025-08-15,Kerala,Kerala City 3,4G,Prepaid,1.8,22.89,510,3.51,7
AIR104760,2025-09-15,Uttar Pradesh,Uttar Pradesh City 3,5G,Broadband,0.9,30.37,50,3.78,27
AIR104761,2025-10-15,Kerala,Kerala City 2,4G,Prepaid,1.3,1,309,3.49,11
AIR104762,2025-11-15,Telangana,Telangana City 2,5G,Prepaid,6.8,42.78,518,3.71,6
AIR104763,2025-12-15,Kerala,Kerala City 2,5G,Postpaid,1.5,43,418,4.26,50
AIR104764,2025-02-15,West Bengal,West Bengal City 3,4G,Broadband,3.6,20.63,462,2.6,-34
AIR104765,2025-03-15,Gujarat,Gujarat City 1,5G,Prepaid,5.6,25.53,198,3.85,20
AIR104766,2025-04-15,Kerala,Kerala City 2,4G,Postpaid,2,16.28,626,3.47,14
AIR104767,2025-05-15,Rajasthan,Rajasthan City 2,4G,Postpaid,5.7,16.66,357,3.19,21
AIR104768,2025-06-15,Karnataka,Karnataka City 2,4G,Broadband,2.3,15.71,68,3.61,25
AIR104769,2025-07-15,Tamil Nadu,Tamil Nadu City 3,4G,Prepaid,0.7,17.01,420,3.99,40
AIR104770,2025-08-15,West Bengal,West Bengal City 1,4G,Prepaid,1.3,25.18,60,3.82,28
AIR104771,2025-09-15,Maharashtra,Maharashtra City 1,4G,Prepaid,4.9,20.69,660,3.48,22
AIR104772,2025-10-15,Telangana,Telangana City 2,4G,Prepaid,4.8,23.15,452,3.75,35
AIR104773,2025-11-15,Uttar Pradesh,Uttar Pradesh City 3,5G,Prepaid,3.7,53.6,559,3.89,12
AIR104774,2025-12-15,West Bengal,West Bengal City 1,4G,Enterprise,3.9,28.59,548,3.87,16
AIR104775,2025-02-15,Gujarat,Gujarat City 3,4G,Prepaid,5.5,26.6,347,3.81,33
AIR104776,2025-03-15,Uttar Pradesh,Uttar Pradesh City 1,4G,Broadband,4.2,22.05,532,3.61,29
AIR104777,2025-04-15,Rajasthan,Rajasthan City 2,4G,Prepaid,2,33.13,160,3.76,22
AIR104778,2025-05-15,Telangana,Telangana City 3,5G,Broadband,3.7,38.35,383,3,2
AIR104779,2025-06-15,Uttar Pradesh,Uttar Pradesh City 2,4G,Postpaid,5.1,26.15,93,3.23,7
AIR104780,2025-07-15,Kerala,Kerala City 1,4G,Prepaid,2.9,2.36,635,3.53,19
AIR104781,2025-08-15,West Bengal,West Bengal City 1,5G,Postpaid,0.8,33.05,737,3.75,27
AIR104782,2025-09-15,Karnataka,Karnataka City 2,5G,Prepaid,2.9,35.09,189,4.54,61
AIR104783,2025-10-15,Telangana,Telangana City 1,4G,Prepaid,3.8,25.03,286,3.06,9
AIR104784,2025-11-15,Delhi,Delhi City 2,4G,Prepaid,4.4,32.32,189,2.66,-8
AIR104785,2025-12-15,Rajasthan,Rajasthan City 2,4G,Prepaid,5.5,18.95,890,3.17,16
AIR104786,2025-02-15,Tamil Nadu,Tamil Nadu City 2,4G,Postpaid,0.9,8.89,526,3.12,4
AIR104787,2025-03-15,Telangana,Telangana City 1,4G,Postpaid,5.6,19.15,551,3.98,40
AIR104788,2025-04-15,Gujarat,Gujarat City 3,4G,Prepaid,3.6,19.62,140,3.59,8
AIR104789,2025-05-15,West Bengal,West Bengal City 2,5G,Broadband,1,30.87,223,3.86,17
AIR104790,2025-06-15,Kerala,Kerala City 3,4G,Broadband,0.6,19.28,279,3.25,16
AIR104791,2025-07-15,Tamil Nadu,Tamil Nadu City 1,4G,Prepaid,1,23.96,715,4.09,38
AIR104792,2025-08-15,Tamil Nadu,Tamil Nadu City 1,4G,Prepaid,4.2,12.69,450,3.49,27
AIR104793,2025-09-15,Rajasthan,Rajasthan City 3,4G,Prepaid,3.6,27.3,441,2.65,-20
AIR104794,2025-10-15,Uttar Pradesh,Uttar Pradesh City 2,4G,Postpaid,6.8,11.53,458,3.26,10
AIR104795,2025-11-15,Gujarat,Gujarat City 1,4G,Prepaid,2.6,9.5,636,3.29,-15
AIR104796,2025-12-15,Uttar Pradesh,Uttar Pradesh City 2,4G,Prepaid,4.7,24.54,502,2.79,-7
AIR104797,2025-02-15,Kerala,Kerala City 2,4G,Postpaid,2.6,30.94,661,3.88,41
AIR104798,2025-03-15,Tamil Nadu,Tamil Nadu City 3,4G,Postpaid,0.5,18.92,426,3.5,14
AIR104799,2025-04-15,Gujarat,Gujarat City 1,4G,Prepaid,6,19.78,420,3.65,25
AIR104800,2025-05-15,Gujarat,Gujarat City 3,4G,Broadband,2.2,17.04,408,3.57,12
AIR104801,2025-06-15,Maharashtra,Maharashtra City 1,4G,Postpaid,6.1,19.14,337,3.17,9
AIR104802,2025-07-15,West Bengal,West Bengal City 3,4G,Prepaid,5.6,11.55,297,2.93,4
AIR104803,2025-08-15,Tamil Nadu,Tamil Nadu City 1,4G,Postpaid,3.2,22.74,408,3.14,-12
AIR104804,2025-09-15,Tamil Nadu,Tamil Nadu City 1,5G,Prepaid,1.3,22.82,377,3.82,27
AIR104805,2025-10-15,Gujarat,Gujarat City 1,5G,Postpaid,4.8,44.23,191,4.02,40
AIR104806,2025-11-15,Uttar Pradesh,Uttar Pradesh City 2,4G,Prepaid,6.2,13.81,505,3.11,17
AIR104807,2025-12-15,Tamil Nadu,Tamil Nadu City 2,5G,Prepaid,6.1,11.45,566,3.82,52
AIR104808,2025-02-15,Gujarat,Gujarat City 3,4G,Prepaid,1.4,23.46,236,3.23,18
AIR104809,2025-03-15,Tamil Nadu,Tamil Nadu City 3,5G,Prepaid,4.4,48.21,417,3.96,22
AIR104810,2025-04-15,Gujarat,Gujarat City 1,4G,Postpaid,3.9,17.74,322,3.48,21
AIR104811,2025-05-15,Maharashtra,Maharashtra City 1,4G,Postpaid,6,31.05,660,3.83,26
AIR104812,2025-06-15,West Bengal,West Bengal City 2,4G,Prepaid,1.4,16.07,464,3.73,39
AIR104813,2025-07-15,Gujarat,Gujarat City 2,4G,Prepaid,2.5,29.4,259,3.34,32
AIR104814,2025-08-15,Tamil Nadu,Tamil Nadu City 2,5G,Postpaid,4,45.56,447,3.89,23
AIR104815,2025-09-15,Kerala,Kerala City 3,4G,Prepaid,3.2,10.01,492,3.07,11
AIR104816,2025-10-15,West Bengal,West Bengal City 2,4G,Prepaid,6.6,18.31,141,3.58,28
AIR104817,2025-11-15,Maharashtra,Maharashtra City 3,4G,Postpaid,6.2,23.07,577,3.36,22
AIR104818,2025-12-15,Gujarat,Gujarat City 2,4G,Broadband,4.2,30.56,208,3.79,31
AIR104819,2025-02-15,Kerala,Kerala City 2,4G,Broadband,5.4,10.21,401,3.6,9
AIR104820,2025-03-15,Gujarat,Gujarat City 1,4G,Postpaid,1,30.34,268,3.5,17
AIR104821,2025-04-15,Uttar Pradesh,Uttar Pradesh City 3,4G,Prepaid,5.5,11.71,402,2.62,-16
AIR104822,2025-05-15,Tamil Nadu,Tamil Nadu City 2,5G,Postpaid,2.9,49.57,385,3.94,42
AIR104823,2025-06-15,Telangana,Telangana City 1,4G,Prepaid,3.9,34.28,473,3.34,16
AIR104824,2025-07-15,Rajasthan,Rajasthan City 3,4G,Prepaid,1.8,7.96,312,3.17,12
AIR104825,2025-08-15,Karnataka,Karnataka City 3,4G,Postpaid,3.6,20.14,491,3.47,21
AIR104826,2025-09-15,Uttar Pradesh,Uttar Pradesh City 2,5G,Postpaid,5.2,13.62,503,4.47,37
AIR104827,2025-10-15,Kerala,Kerala City 3,4G,Prepaid,5,32.79,468,3.27,19
AIR104828,2025-11-15,Uttar Pradesh,Uttar Pradesh City 1,4G,Prepaid,6.8,21.27,550,3.52,14
AIR104829,2025-12-15,Delhi,Delhi City 1,5G,Postpaid,4.7,32.32,722,3.56,17
AIR104830,2025-02-15,Gujarat,Gujarat City 3,4G,Broadband,1.9,1.59,294,3.35,24
AIR104831,2025-03-15,Gujarat,Gujarat City 1,4G,Postpaid,3.9,1,462,4.63,46
AIR104832,2025-04-15,Karnataka,Karnataka City 3,4G,Prepaid,1.7,13.64,222,3.89,12
AIR104833,2025-05-15,Karnataka,Karnataka City 1,5G,Broadband,2.1,34.72,437,4.19,28
AIR104834,2025-06-15,Delhi,Delhi City 3,5G,Postpaid,5.7,33.48,470,4.21,45
AIR104835,2025-07-15,Tamil Nadu,Tamil Nadu City 3,5G,Postpaid,5.3,41.52,761,3.7,1
AIR104836,2025-08-15,Rajasthan,Rajasthan City 3,4G,Prepaid,3.9,12.67,554,3.01,-14
AIR104837,2025-09-15,Telangana,Telangana City 1,4G,Prepaid,0.9,7.1,492,3.26,1
AIR104838,2025-10-15,Telangana,Telangana City 3,4G,Prepaid,6.1,20.15,167,3.56,12
AIR104839,2025-11-15,Maharashtra,Maharashtra City 3,5G,Prepaid,1.7,1,624,4.21,32
AIR104840,2025-12-15,Maharashtra,Maharashtra City 2,5G,Prepaid,1.5,39.68,690,3.82,26
AIR104841,2025-02-15,Tamil Nadu,Tamil Nadu City 2,4G,Postpaid,1.1,24.23,367,3.2,12
AIR104842,2025-03-15,Maharashtra,Maharashtra City 3,4G,Prepaid,5.7,3.67,356,4.01,27
AIR104843,2025-04-15,Maharashtra,Maharashtra City 2,4G,Broadband,5,25.36,337,4.31,38
AIR104844,2025-05-15,Delhi,Delhi City 3,4G,Prepaid,5.7,4.52,294,3.24,5
AIR104845,2025-06-15,Delhi,Delhi City 2,4G,Postpaid,5.3,22.03,301,3.84,37
AIR104846,2025-07-15,Maharashtra,Maharashtra City 1,4G,Postpaid,6,20.48,703,2.94,-8
AIR104847,2025-08-15,Uttar Pradesh,Uttar Pradesh City 1,4G,Postpaid,3.2,14.57,381,2.95,3
AIR104848,2025-09-15,West Bengal,West Bengal City 3,4G,Prepaid,5.2,39.13,397,3.44,14
AIR104849,2025-10-15,West Bengal,West Bengal City 3,5G,Postpaid,1.8,40.64,264,4.33,52
AIR104850,2025-11-15,Tamil Nadu,Tamil Nadu City 1,5G,Broadband,1.7,54.54,301,3.61,19
AIR104851,2025-12-15,Telangana,Telangana City 1,5G,Enterprise,3.4,31.52,419,3.47,12
AIR104852,2025-02-15,Karnataka,Karnataka City 2,5G,Postpaid,0.7,27.51,479,4.66,72
AIR104853,2025-03-15,Tamil Nadu,Tamil Nadu City 3,4G,Postpaid,2.5,19.05,578,3.51,19
AIR104854,2025-04-15,Maharashtra,Maharashtra City 1,4G,Prepaid,4.8,30.15,405,3.36,9
AIR104855,2025-05-15,Delhi,Delhi City 1,5G,Broadband,6.4,60.66,464,3.27,-1
AIR104856,2025-06-15,Gujarat,Gujarat City 3,4G,Enterprise,1.6,18.36,473,3.6,12
AIR104857,2025-07-15,Uttar Pradesh,Uttar Pradesh City 2,5G,Postpaid,0.8,36.69,342,4.08,38
AIR104858,2025-08-15,Kerala,Kerala City 2,5G,Postpaid,4.6,16.85,331,3.95,51
AIR104859,2025-09-15,Delhi,Delhi City 2,5G,Postpaid,2.3,33.78,593,3.72,43
AIR104860,2025-10-15,West Bengal,West Bengal City 2,4G,Prepaid,2.3,23.16,576,3.76,24
AIR104861,2025-11-15,Delhi,Delhi City 1,4G,Broadband,4.7,33.06,438,3.73,38
AIR104862,2025-12-15,Uttar Pradesh,Uttar Pradesh City 3,4G,Postpaid,1.5,2.18,318,3.78,34
AIR104863,2025-02-15,Karnataka,Karnataka City 3,5G,Postpaid,2.8,48.02,683,3.91,17
AIR104864,2025-03-15,Maharashtra,Maharashtra City 1,5G,Postpaid,0.8,28.31,20,4.47,51
AIR104865,2025-04-15,Gujarat,Gujarat City 1,4G,Broadband,4.9,22.66,327,3.57,20
AIR104866,2025-05-15,West Bengal,West Bengal City 1,4G,Postpaid,5.5,11.99,364,3.71,29
AIR104867,2025-06-15,West Bengal,West Bengal City 3,5G,Prepaid,3.2,25.47,435,3.56,35
AIR104868,2025-07-15,Rajasthan,Rajasthan City 3,5G,Postpaid,5.9,47.06,279,3.86,27
AIR104869,2025-08-15,Telangana,Telangana City 3,4G,Enterprise,1.6,28.31,725,4.23,45
AIR104870,2025-09-15,Karnataka,Karnataka City 2,4G,Postpaid,3.4,27.63,227,3.18,-4
AIR104871,2025-10-15,West Bengal,West Bengal City 1,5G,Broadband,5.9,30.03,77,3.88,49
AIR104872,2025-11-15,Telangana,Telangana City 1,4G,Broadband,3.7,31.37,481,3.69,38
AIR104873,2025-12-15,West Bengal,West Bengal City 1,5G,Postpaid,1.5,50.51,167,4.21,41
AIR104874,2025-02-15,Maharashtra,Maharashtra City 3,4G,Prepaid,3.2,1.74,393,2.59,-10
AIR104875,2025-03-15,Telangana,Telangana City 1,4G,Prepaid,1.7,8.48,509,3.13,12
AIR104876,2025-04-15,Uttar Pradesh,Uttar Pradesh City 1,5G,Postpaid,1.7,41.88,227,4.31,41
AIR104877,2025-05-15,Rajasthan,Rajasthan City 2,4G,Prepaid,5.4,20.05,528,3.48,6
AIR104878,2025-06-15,Maharashtra,Maharashtra City 3,4G,Postpaid,0.6,26.76,293,3.48,17
AIR104879,2025-07-15,Uttar Pradesh,Uttar Pradesh City 1,4G,Postpaid,6.4,12.3,438,3.39,18
AIR104880,2025-08-15,Gujarat,Gujarat City 3,5G,Prepaid,6,44.87,520,3.15,19
AIR104881,2025-09-15,Karnataka,Karnataka City 3,4G,Postpaid,2.1,27,502,2.7,-3
AIR104882,2025-10-15,Karnataka,Karnataka City 3,4G,Postpaid,4.1,18.47,35,3.75,15
AIR104883,2025-11-15,Kerala,Kerala City 2,5G,Prepaid,4.7,20.81,446,4.07,26
AIR104884,2025-12-15,Kerala,Kerala City 3,4G,Prepaid,6.9,20.38,129,3.02,-9
AIR104885,2025-02-15,Telangana,Telangana City 3,4G,Broadband,1.6,16.44,683,2.95,-5
AIR104886,2025-03-15,Karnataka,Karnataka City 3,4G,Prepaid,2.7,11.3,552,3.59,27
AIR104887,2025-04-15,Telangana,Telangana City 1,5G,Prepaid,5.9,35.12,644,4,45
AIR104888,2025-05-15,Kerala,Kerala City 2,4G,Prepaid,1.7,33.25,290,3.15,8
AIR104889,2025-06-15,Gujarat,Gujarat City 1,4G,Prepaid,2.8,31.84,679,3.04,21
AIR104890,2025-07-15,West Bengal,West Bengal City 2,4G,Postpaid,2,30.09,280,3.01,18
AIR104891,2025-08-15,Uttar Pradesh,Uttar Pradesh City 2,5G,Prepaid,1.2,3.64,718,3.99,33
AIR104892,2025-09-15,Delhi,Delhi City 3,5G,Broadband,5.5,51.07,292,3.41,-14
AIR104893,2025-10-15,Telangana,Telangana City 3,4G,Prepaid,5.8,28.97,217,3.96,36
AIR104894,2025-11-15,Gujarat,Gujarat City 1,4G,Postpaid,5.1,13.33,756,3.31,11
AIR104895,2025-12-15,Uttar Pradesh,Uttar Pradesh City 2,5G,Prepaid,2.9,25.48,107,3.78,26
AIR104896,2025-02-15,Karnataka,Karnataka City 3,4G,Enterprise,4.7,1.41,533,3.92,21
AIR104897,2025-03-15,West Bengal,West Bengal City 3,5G,Postpaid,2.6,24.13,616,4.03,25
AIR104898,2025-04-15,Uttar Pradesh,Uttar Pradesh City 3,4G,Broadband,3.2,31.08,436,2.98,2
AIR104899,2025-05-15,Rajasthan,Rajasthan City 3,5G,Postpaid,1.2,62.13,548,4.36,31
AIR104900,2025-06-15,Kerala,Kerala City 1,4G,Postpaid,3.5,27.23,527,3.31,8
AIR104901,2025-07-15,Uttar Pradesh,Uttar Pradesh City 1,5G,Broadband,2.1,38.98,653,3.86,42
AIR104902,2025-08-15,Delhi,Delhi City 3,4G,Prepaid,3,13.68,20,3.05,28
AIR104903,2025-09-15,Gujarat,Gujarat City 3,4G,Postpaid,6.2,9.3,406,3.49,29
AIR104904,2025-10-15,West Bengal,West Bengal City 3,4G,Prepaid,1.5,17.37,379,4.05,31
AIR104905,2025-11-15,Maharashtra,Maharashtra City 3,4G,Postpaid,3.4,1,292,3.2,-7
AIR104906,2025-12-15,Uttar Pradesh,Uttar Pradesh City 3,4G,Enterprise,1.1,26.44,92,3.13,15
AIR104907,2025-02-15,Tamil Nadu,Tamil Nadu City 2,4G,Broadband,3.1,33.7,396,3.88,46
AIR104908,2025-03-15,Delhi,Delhi City 2,5G,Prepaid,3.3,38.92,545,3.98,20
AIR104909,2025-04-15,Delhi,Delhi City 2,4G,Prepaid,4.2,12.5,419,3.15,6
AIR104910,2025-05-15,Tamil Nadu,Tamil Nadu City 2,5G,Prepaid,0.5,45.24,345,4.06,39
AIR104911,2025-06-15,Rajasthan,Rajasthan City 3,4G,Prepaid,0.5,21.93,768,3.87,32
AIR104912,2025-07-15,Maharashtra,Maharashtra City 2,4G,Prepaid,1.3,23.95,434,3.51,19
AIR104913,2025-08-15,Kerala,Kerala City 2,4G,Prepaid,4.2,25.17,288,4.31,42
AIR104914,2025-09-15,Gujarat,Gujarat City 1,5G,Enterprise,1.5,9.91,452,3.09,14
AIR104915,2025-10-15,West Bengal,West Bengal City 2,5G,Postpaid,1.7,34.41,281,3.38,9
AIR104916,2025-11-15,Gujarat,Gujarat City 2,4G,Postpaid,5,13.64,454,3.4,12
AIR104917,2025-12-15,Maharashtra,Maharashtra City 3,5G,Postpaid,6.7,28.27,240,3.94,40
AIR104918,2025-02-15,Gujarat,Gujarat City 2,4G,Postpaid,0.8,11.14,167,3.65,19
AIR104919,2025-03-15,Tamil Nadu,Tamil Nadu City 2,4G,Enterprise,1.1,22.09,501,3.37,21
AIR104920,2025-04-15,Delhi,Delhi City 3,4G,Postpaid,2.9,19.86,332,3.77,27
AIR104921,2025-05-15,Gujarat,Gujarat City 2,4G,Prepaid,2,3.65,131,3.25,5
AIR104922,2025-06-15,Telangana,Telangana City 3,4G,Postpaid,3.7,19.19,318,3.12,-9
AIR104923,2025-07-15,Uttar Pradesh,Uttar Pradesh City 2,5G,Enterprise,6,32.32,491,4.49,73
AIR104924,2025-08-15,Maharashtra,Maharashtra City 1,4G,Prepaid,4.2,7.3,112,4.12,32
AIR104925,2025-09-15,Rajasthan,Rajasthan City 1,5G,Postpaid,6,36.21,509,3.57,14
AIR104926,2025-10-15,Telangana,Telangana City 2,4G,Prepaid,0.8,22.77,675,3.38,22
AIR104927,2025-11-15,Tamil Nadu,Tamil Nadu City 1,4G,Prepaid,2.1,26.72,628,3.03,-7
AIR104928,2025-12-15,Karnataka,Karnataka City 3,5G,Broadband,6.1,30.19,707,3.55,19
AIR104929,2025-02-15,Tamil Nadu,Tamil Nadu City 2,5G,Prepaid,2.2,54.75,30,3.64,8
AIR104930,2025-03-15,Rajasthan,Rajasthan City 3,5G,Prepaid,5,22.24,569,2.92,0
AIR104931,2025-04-15,Rajasthan,Rajasthan City 1,4G,Prepaid,6.2,31.46,374,3.3,-7
AIR104932,2025-05-15,Telangana,Telangana City 3,5G,Enterprise,4.6,57.8,479,3.44,19
AIR104933,2025-06-15,Uttar Pradesh,Uttar Pradesh City 1,5G,Prepaid,1.4,14.39,418,3.8,42
AIR104934,2025-07-15,Maharashtra,Maharashtra City 1,4G,Broadband,0.7,15.33,271,2.92,3
AIR104935,2025-08-15,Kerala,Kerala City 1,4G,Prepaid,6.4,27.16,590,3.49,29
AIR104936,2025-09-15,Delhi,Delhi City 3,4G,Broadband,4.7,9.5,445,2.77,-15
AIR104937,2025-10-15,Telangana,Telangana City 1,4G,Enterprise,2.3,10.77,323,2.95,-17
AIR104938,2025-11-15,Rajasthan,Rajasthan City 2,4G,Prepaid,6.3,19.63,603,3.53,4
AIR104939,2025-12-15,Karnataka,Karnataka City 1,5G,Prepaid,3.4,41.88,456,3.4,15
AIR104940,2025-02-15,West Bengal,West Bengal City 2,4G,Prepaid,4.3,10.14,273,3.46,11
AIR104941,2025-03-15,Rajasthan,Rajasthan City 2,5G,Postpaid,2.4,46.42,469,3.83,40
AIR104942,2025-04-15,Uttar Pradesh,Uttar Pradesh City 2,5G,Prepaid,2.8,28.73,528,4.61,66
AIR104943,2025-05-15,Uttar Pradesh,Uttar Pradesh City 2,4G,Prepaid,2.7,28.78,516,3.19,14
AIR104944,2025-06-15,Rajasthan,Rajasthan City 3,4G,Prepaid,4.4,25.84,379,3.65,13
AIR104945,2025-07-15,Uttar Pradesh,Uttar Pradesh City 2,4G,Prepaid,5.8,14.69,262,3.62,17
AIR104946,2025-08-15,Telangana,Telangana City 1,5G,Prepaid,3,22.96,485,3.38,10
AIR104947,2025-09-15,Rajasthan,Rajasthan City 2,5G,Broadband,5.3,27.88,540,4.13,62
AIR104948,2025-10-15,Rajasthan,Rajasthan City 1,4G,Broadband,6.7,19.26,442,3.48,21
AIR104949,2025-11-15,Maharashtra,Maharashtra City 3,5G,Prepaid,5.4,36.74,576,3.5,36
AIR104950,2025-12-15,Delhi,Delhi City 2,4G,Postpaid,5.2,19.06,264,3.75,15
AIR104951,2025-02-15,Karnataka,Karnataka City 1,5G,Postpaid,0.6,66.04,226,3.8,34
AIR104952,2025-03-15,Uttar Pradesh,Uttar Pradesh City 3,4G,Postpaid,5.6,19.96,401,2.73,-18
AIR104953,2025-04-15,Maharashtra,Maharashtra City 3,4G,Postpaid,3,7.34,229,3.4,18
AIR104954,2025-05-15,Kerala,Kerala City 1,4G,Postpaid,3.6,27.74,583,3.81,32
AIR104955,2025-06-15,Kerala,Kerala City 2,4G,Postpaid,1.7,19.14,381,3.92,47
AIR104956,2025-07-15,Gujarat,Gujarat City 3,4G,Postpaid,1.5,12.73,631,3.34,-4
AIR104957,2025-08-15,Telangana,Telangana City 1,5G,Prepaid,3.8,18,203,4.32,46
AIR104958,2025-09-15,Telangana,Telangana City 2,4G,Prepaid,2.2,12.43,470,3.49,29
AIR104959,2025-10-15,Tamil Nadu,Tamil Nadu City 3,4G,Prepaid,5.2,4.31,471,3.67,13
AIR104960,2025-11-15,Karnataka,Karnataka City 1,4G,Postpaid,4.7,22.94,511,3.07,20
AIR104961,2025-12-15,Rajasthan,Rajasthan City 3,5G,Prepaid,3.5,29.93,387,3.52,2
AIR104962,2025-02-15,Uttar Pradesh,Uttar Pradesh City 3,5G,Postpaid,2.6,23.51,488,3.8,33
AIR104963,2025-03-15,Karnataka,Karnataka City 1,5G,Prepaid,4.4,35.57,574,3.69,15
AIR104964,2025-04-15,Gujarat,Gujarat City 3,4G,Broadband,3.6,7.6,246,3.67,12
AIR104965,2025-05-15,Tamil Nadu,Tamil Nadu City 1,4G,Prepaid,3.7,20.16,519,3.19,29
AIR104966,2025-06-15,Maharashtra,Maharashtra City 2,5G,Postpaid,4.7,1.13,178,4.2,42
AIR104967,2025-07-15,Karnataka,Karnataka City 1,4G,Postpaid,1.7,23.93,204,3.42,10
AIR104968,2025-08-15,Maharashtra,Maharashtra City 2,4G,Prepaid,2.5,17.42,336,3.38,23
AIR104969,2025-09-15,Kerala,Kerala City 3,4G,Prepaid,4.5,18.47,722,3.67,27
AIR104970,2025-10-15,Uttar Pradesh,Uttar Pradesh City 1,4G,Broadband,3.1,10.69,219,3.79,36
AIR104971,2025-11-15,Gujarat,Gujarat City 1,5G,Prepaid,1,48.98,246,3.48,31
AIR104972,2025-12-15,Rajasthan,Rajasthan City 1,4G,Broadband,5.9,19.3,224,3.69,24
AIR104973,2025-02-15,Uttar Pradesh,Uttar Pradesh City 1,4G,Broadband,3.1,23.77,549,3.09,11
AIR104974,2025-03-15,Delhi,Delhi City 2,4G,Postpaid,1.6,14.45,539,3.77,28
AIR104975,2025-04-15,Telangana,Telangana City 2,5G,Postpaid,0.4,31.86,671,3.59,49
AIR104976,2025-05-15,Gujarat,Gujarat City 3,4G,Postpaid,2,24.79,203,3.13,1
AIR104977,2025-06-15,Karnataka,Karnataka City 3,4G,Postpaid,2.1,24.96,345,3.27,9
AIR104978,2025-07-15,Uttar Pradesh,Uttar Pradesh City 3,4G,Enterprise,3.4,16.18,705,3.81,47
AIR104979,2025-08-15,West Bengal,West Bengal City 3,4G,Prepaid,6.6,8.61,250,3.51,19
AIR104980,2025-09-15,Telangana,Telangana City 1,4G,Prepaid,4.6,18.74,438,2.87,7
AIR104981,2025-10-15,Telangana,Telangana City 2,4G,Prepaid,4.3,12.99,324,3.67,18
AIR104982,2025-11-15,West Bengal,West Bengal City 2,4G,Postpaid,1.5,9.56,466,3.76,37
AIR104983,2025-12-15,Tamil Nadu,Tamil Nadu City 2,4G,Prepaid,5.9,20.51,396,3.39,14
AIR104984,2025-02-15,Tamil Nadu,Tamil Nadu City 2,5G,Broadband,2.7,27.76,693,3.97,41
AIR104985,2025-03-15,West Bengal,West Bengal City 3,4G,Prepaid,2.9,21.91,610,3.94,38
AIR104986,2025-04-15,Delhi,Delhi City 1,4G,Broadband,1.7,23.6,486,3.89,37
AIR104987,2025-05-15,Kerala,Kerala City 2,5G,Prepaid,4,36.95,326,4.32,53
AIR104988,2025-06-15,West Bengal,West Bengal City 1,5G,Prepaid,2.7,32.93,475,3.94,28
AIR104989,2025-07-15,Kerala,Kerala City 1,4G,Prepaid,1.7,10.18,392,3.32,7
AIR104990,2025-08-15,Uttar Pradesh,Uttar Pradesh City 1,5G,Prepaid,2.8,42.82,447,3.31,24
AIR104991,2025-09-15,Delhi,Delhi City 1,4G,Postpaid,3,18.02,562,2.79,-15
AIR104992,2025-10-15,Gujarat,Gujarat City 2,4G,Broadband,3.1,7.35,626,2.89,0
AIR104993,2025-11-15,Kerala,Kerala City 2,4G,Prepaid,5.4,14.84,286,3.67,28
AIR104994,2025-12-15,Telangana,Telangana City 2,4G,Postpaid,1.8,18.22,437,3.75,14
AIR104995,2025-02-15,Uttar Pradesh,Uttar Pradesh City 3,5G,Prepaid,0.3,22.25,316,4.14,39
AIR104996,2025-03-15,Telangana,Telangana City 2,4G,Prepaid,0.9,13.36,394,3.53,19
AIR104997,2025-04-15,Delhi,Delhi City 3,4G,Postpaid,4.2,19.71,486,3.19,13
AIR104998,2025-05-15,Kerala,Kerala City 3,5G,Prepaid,1.9,49.56,542,3.78,35
AIR104999,2025-06-15,Maharashtra,Maharashtra City 3,4G,Broadband,5.9,27.82,337,3.45,14
AIR105000,2025-07-15,Delhi,Delhi City 2,5G,Postpaid,5.1,28.5,474,3.23,3
AIR105001,2025-08-15,Delhi,Delhi City 2,5G,Prepaid,5.4,32.85,417,4.41,40
AIR105002,2025-09-15,Maharashtra,Maharashtra City 2,4G,Postpaid,4.3,14.99,326,3.02,-19
AIR105003,2025-10-15,Uttar Pradesh,Uttar Pradesh City 3,5G,Prepaid,1.5,34.29,308,3.38,5
AIR105004,2025-11-15,Kerala,Kerala City 3,4G,Postpaid,5.8,18.4,277,3.47,27
AIR105005,2025-12-15,Kerala,Kerala City 1,4G,Broadband,2.5,19.65,237,3.89,23
AIR105006,2025-02-15,Telangana,Telangana City 3,4G,Broadband,2.9,19.71,255,3.29,7
AIR105007,2025-03-15,Delhi,Delhi City 3,4G,Prepaid,2.5,25.16,521,3.06,-14
AIR105008,2025-04-15,Delhi,Delhi City 2,4G,Prepaid,5.4,21.78,540,3.52,14
AIR105009,2025-05-15,Rajasthan,Rajasthan City 1,4G,Postpaid,5.3,14.82,486,3.58,41
AIR105010,2025-06-15,Gujarat,Gujarat City 1,4G,Enterprise,4.5,22.75,435,3.32,-6
AIR105011,2025-07-15,Delhi,Delhi City 1,4G,Broadband,2.4,18.64,410,3.4,2
AIR105012,2025-08-15,Karnataka,Karnataka City 2,5G,Prepaid,3.8,57.4,601,4.4,54
AIR105013,2025-09-15,Gujarat,Gujarat City 1,5G,Postpaid,6.3,35.93,414,4.44,57
AIR105014,2025-10-15,Karnataka,Karnataka City 1,4G,Broadband,5.3,30.97,303,3.87,42
AIR105015,2025-11-15,Kerala,Kerala City 2,4G,Prepaid,5,14.05,534,2.83,-10
AIR105016,2025-12-15,Gujarat,Gujarat City 1,4G,Broadband,5.5,25.02,529,3.89,32
AIR105017,2025-02-15,Delhi,Delhi City 3,4G,Prepaid,0.3,14.61,283,3.74,12
AIR105018,2025-03-15,Maharashtra,Maharashtra City 3,4G,Prepaid,4.8,20.62,524,3.1,11
AIR105019,2025-04-15,Telangana,Telangana City 3,5G,Prepaid,1.7,23.23,660,3.85,35
AIR105020,2025-05-15,Karnataka,Karnataka City 3,4G,Postpaid,3.4,29.94,440,3.1,-3
AIR105021,2025-06-15,Gujarat,Gujarat City 3,4G,Broadband,5.8,11.31,523,3.3,3
AIR105022,2025-07-15,Delhi,Delhi City 3,5G,Postpaid,6.5,22.25,372,3.86,38
AIR105023,2025-08-15,Gujarat,Gujarat City 3,5G,Prepaid,3,45.91,467,3.57,31
AIR105024,2025-09-15,Delhi,Delhi City 3,4G,Prepaid,3,7.36,687,2.67,-12
AIR105025,2025-10-15,Delhi,Delhi City 3,4G,Postpaid,2.3,22.66,455,3.94,30
AIR105026,2025-11-15,Delhi,Delhi City 2,5G,Postpaid,5.8,29.6,390,4.05,31
AIR105027,2025-12-15,Rajasthan,Rajasthan City 2,4G,Postpaid,3.5,16.38,312,3.55,19
AIR105028,2025-02-15,Telangana,Telangana City 3,4G,Prepaid,4.6,1,397,3.51,40
AIR105029,2025-03-15,Maharashtra,Maharashtra City 2,4G,Postpaid,5.5,12.06,358,3.1,-2
AIR105030,2025-04-15,Maharashtra,Maharashtra City 2,4G,Broadband,3.1,14.25,335,4.15,33
AIR105031,2025-05-15,Gujarat,Gujarat City 3,5G,Postpaid,5.8,40.9,634,3.84,27
AIR105032,2025-06-15,Gujarat,Gujarat City 3,4G,Postpaid,5.6,21.52,486,3.44,25
AIR105033,2025-07-15,Delhi,Delhi City 2,4G,Broadband,6.5,17.21,276,3.56,8
AIR105034,2025-08-15,Rajasthan,Rajasthan City 3,4G,Postpaid,6.3,21.03,274,3.17,-8
AIR105035,2025-09-15,Delhi,Delhi City 3,4G,Postpaid,4.9,21.74,547,3.46,37
AIR105036,2025-10-15,Rajasthan,Rajasthan City 3,4G,Postpaid,6.2,1,598,3.39,22
AIR105037,2025-11-15,Delhi,Delhi City 3,5G,Prepaid,4.8,44.17,481,3.65,33
AIR105038,2025-12-15,Karnataka,Karnataka City 2,4G,Postpaid,6.2,27.42,654,3.91,46
AIR105039,2025-02-15,Karnataka,Karnataka City 1,4G,Broadband,5.7,27.86,323,3.67,28
AIR105040,2025-03-15,Kerala,Kerala City 2,5G,Prepaid,4.3,20.89,517,4.07,35
AIR105041,2025-04-15,Delhi,Delhi City 1,4G,Broadband,3.9,10.59,538,3.55,-17
AIR105042,2025-05-15,Telangana,Telangana City 1,4G,Postpaid,3.5,16.4,683,3.9,57
AIR105043,2025-06-15,Kerala,Kerala City 1,5G,Prepaid,4,25.81,114,3.48,4
AIR105044,2025-07-15,Gujarat,Gujarat City 2,4G,Postpaid,2.5,5.78,504,4.14,40
AIR105045,2025-08-15,Uttar Pradesh,Uttar Pradesh City 2,4G,Prepaid,3.8,16.52,551,3.48,-1
AIR105046,2025-09-15,Delhi,Delhi City 2,4G,Broadband,2.3,7.16,345,3.38,5
AIR105047,2025-10-15,Karnataka,Karnataka City 2,5G,Postpaid,3.1,50.21,195,3.77,33
AIR105048,2025-11-15,Uttar Pradesh,Uttar Pradesh City 2,4G,Broadband,3.7,12.35,501,3.64,29
AIR105049,2025-12-15,Rajasthan,Rajasthan City 1,4G,Postpaid,6.8,2.1,479,3.4,18
AIR105050,2025-02-15,Uttar Pradesh,Uttar Pradesh City 2,4G,Postpaid,3.2,27.79,281,3.01,-9
AIR105051,2025-03-15,Telangana,Telangana City 1,4G,Enterprise,3.4,15.34,454,3.57,23
AIR105052,2025-04-15,Delhi,Delhi City 2,4G,Prepaid,6.1,38.85,370,2.94,6
AIR105053,2025-05-15,Maharashtra,Maharashtra City 2,4G,Postpaid,5.8,18.45,139,3.45,3
AIR105054,2025-06-15,Uttar Pradesh,Uttar Pradesh City 3,4G,Prepaid,6,17.55,541,2.61,-12
AIR105055,2025-07-15,Maharashtra,Maharashtra City 1,4G,Broadband,5.3,5.48,378,3.27,17
AIR105056,2025-08-15,Rajasthan,Rajasthan City 2,4G,Postpaid,0.7,9.12,595,3.45,15
AIR105057,2025-09-15,Kerala,Kerala City 2,4G,Broadband,5.7,3.14,353,3.55,15
AIR105058,2025-10-15,Maharashtra,Maharashtra City 2,4G,Broadband,3.3,8.49,352,3.22,-19
AIR105059,2025-11-15,Kerala,Kerala City 3,4G,Prepaid,4.1,25.56,648,3.47,32
AIR105060,2025-12-15,Karnataka,Karnataka City 1,5G,Prepaid,1.9,35.71,666,3.81,21
AIR105061,2025-02-15,Delhi,Delhi City 2,5G,Postpaid,2.3,46.82,42,4.15,46
AIR105062,2025-03-15,Uttar Pradesh,Uttar Pradesh City 2,4G,Postpaid,3.7,21.14,466,3.14,32
AIR105063,2025-04-15,Karnataka,Karnataka City 2,4G,Prepaid,2.5,11.17,415,3.95,52
AIR105064,2025-05-15,Karnataka,Karnataka City 3,4G,Prepaid,2.1,3.33,495,3.7,25
AIR105065,2025-06-15,West Bengal,West Bengal City 2,4G,Postpaid,4.4,21.8,309,2.87,-12
AIR105066,2025-07-15,Tamil Nadu,Tamil Nadu City 1,4G,Prepaid,0.7,23.25,519,3.94,51
AIR105067,2025-08-15,Telangana,Telangana City 1,4G,Broadband,1.6,17.41,20,3.72,39
AIR105068,2025-09-15,Kerala,Kerala City 1,5G,Broadband,1.8,37.26,761,4.33,46
AIR105069,2025-10-15,West Bengal,West Bengal City 1,4G,Postpaid,3.4,29.11,415,3.24,1
AIR105070,2025-11-15,Tamil Nadu,Tamil Nadu City 2,4G,Prepaid,2.1,1.22,501,2.81,11
AIR105071,2025-12-15,Telangana,Telangana City 3,5G,Prepaid,2.5,50.35,238,3.23,30
AIR105072,2025-02-15,Kerala,Kerala City 3,4G,Postpaid,1.8,16.88,338,3.23,27
AIR105073,2025-03-15,Delhi,Delhi City 3,4G,Enterprise,0.7,30.1,20,3.53,29
AIR105074,2025-04-15,Telangana,Telangana City 2,4G,Prepaid,2.4,22.47,324,4.3,40
AIR105075,2025-05-15,Uttar Pradesh,Uttar Pradesh City 3,4G,Prepaid,3.3,23.99,506,2.87,6
AIR105076,2025-06-15,Karnataka,Karnataka City 1,4G,Prepaid,1.9,17.13,582,3.6,30
AIR105077,2025-07-15,Tamil Nadu,Tamil Nadu City 2,4G,Postpaid,1.3,20.88,378,3.4,19
AIR105078,2025-08-15,Tamil Nadu,Tamil Nadu City 3,4G,Postpaid,5.3,9.4,489,3.6,7
AIR105079,2025-09-15,Tamil Nadu,Tamil Nadu City 1,4G,Prepaid,1.1,24.32,481,2.61,-13
AIR105080,2025-10-15,Kerala,Kerala City 1,5G,Postpaid,3.5,66.67,473,3.8,33
AIR105081,2025-11-15,Uttar Pradesh,Uttar Pradesh City 2,5G,Postpaid,3.7,53.28,324,4.28,53
AIR105082,2025-12-15,Telangana,Telangana City 2,4G,Postpaid,2.9,12.3,498,3.55,21
AIR105083,2025-02-15,Karnataka,Karnataka City 3,4G,Postpaid,2.4,17.22,497,3.41,21
AIR105084,2025-03-15,Uttar Pradesh,Uttar Pradesh City 3,4G,Broadband,6,12.74,381,3.55,11
AIR105085,2025-04-15,West Bengal,West Bengal City 3,4G,Postpaid,5.8,18.36,361,3.24,28
AIR105086,2025-05-15,Delhi,Delhi City 2,4G,Postpaid,4.9,34.8,417,3.31,5
AIR105087,2025-06-15,Maharashtra,Maharashtra City 3,5G,Broadband,3.5,51.55,504,3.87,22
AIR105088,2025-07-15,Uttar Pradesh,Uttar Pradesh City 3,5G,Broadband,3.1,27.11,615,4.09,58
AIR105089,2025-08-15,West Bengal,West Bengal City 1,5G,Prepaid,6,36.8,465,4.5,66
AIR105090,2025-09-15,Karnataka,Karnataka City 1,5G,Prepaid,0.9,54.06,165,4.05,54
AIR105091,2025-10-15,Maharashtra,Maharashtra City 1,5G,Broadband,1.2,36.11,555,3.91,28
AIR105092,2025-11-15,Maharashtra,Maharashtra City 3,4G,Prepaid,5.7,10.23,363,2.87,-19
AIR105093,2025-12-15,Uttar Pradesh,Uttar Pradesh City 2,5G,Broadband,5.5,31.05,436,3.68,33
AIR105094,2025-02-15,Tamil Nadu,Tamil Nadu City 1,4G,Prepaid,5.8,29.54,187,3.36,1
AIR105095,2025-03-15,Gujarat,Gujarat City 2,4G,Broadband,5.2,6.01,480,4,51
AIR105096,2025-04-15,Karnataka,Karnataka City 3,4G,Postpaid,2.9,23.29,726,4.36,46
AIR105097,2025-05-15,Tamil Nadu,Tamil Nadu City 3,5G,Postpaid,6,33.14,692,4.01,48
AIR105098,2025-06-15,Karnataka,Karnataka City 1,4G,Prepaid,2.6,7.88,581,3.88,32
AIR105099,2025-07-15,Gujarat,Gujarat City 2,4G,Enterprise,1.6,24.96,20,3.16,16
AIR105100,2025-08-15,Delhi,Delhi City 1,4G,Prepaid,4.9,14.56,500,3.43,7
AIR105101,2025-09-15,Gujarat,Gujarat City 3,4G,Prepaid,5.6,18.93,299,3.69,36
AIR105102,2025-10-15,Rajasthan,Rajasthan City 2,4G,Prepaid,5,28.75,402,3.64,23
AIR105103,2025-11-15,Uttar Pradesh,Uttar Pradesh City 1,5G,Broadband,1.5,60.46,446,3.66,18
AIR105104,2025-12-15,Uttar Pradesh,Uttar Pradesh City 3,5G,Postpaid,6.4,1,387,3.75,22
AIR105105,2025-02-15,West Bengal,West Bengal City 1,5G,Postpaid,3.8,22.37,477,3.69,52
AIR105106,2025-03-15,Tamil Nadu,Tamil Nadu City 2,4G,Postpaid,2.1,26.99,626,3.49,19
AIR105107,2025-04-15,West Bengal,West Bengal City 2,4G,Broadband,5.7,26.73,664,2.98,7
AIR105108,2025-05-15,Rajasthan,Rajasthan City 2,4G,Postpaid,4.2,8.51,411,3.31,12
AIR105109,2025-06-15,Gujarat,Gujarat City 2,4G,Postpaid,1.5,17.93,299,3.87,22
AIR105110,2025-07-15,Uttar Pradesh,Uttar Pradesh City 2,4G,Postpaid,1.5,10.78,403,3.33,8
AIR105111,2025-08-15,Kerala,Kerala City 1,5G,Postpaid,0.7,1,455,3.51,3
AIR105112,2025-09-15,Gujarat,Gujarat City 1,4G,Prepaid,5.3,24.07,300,4.36,64
AIR105113,2025-10-15,Gujarat,Gujarat City 1,5G,Prepaid,1.7,29.6,506,3.88,42
AIR105114,2025-11-15,Rajasthan,Rajasthan City 1,5G,Prepaid,6.4,1.5,454,4.11,39
AIR105115,2025-12-15,Delhi,Delhi City 3,4G,Prepaid,1.5,1,576,3.64,34
AIR105116,2025-02-15,Karnataka,Karnataka City 3,5G,Postpaid,4.4,44.01,596,3.37,6
AIR105117,2025-03-15,Rajasthan,Rajasthan City 1,5G,Postpaid,0.5,46.29,648,4.01,28
AIR105118,2025-04-15,Karnataka,Karnataka City 3,4G,Enterprise,5.5,17.68,575,2.92,-7
AIR105119,2025-05-15,Uttar Pradesh,Uttar Pradesh City 3,4G,Prepaid,3.6,42.1,496,3.4,13
AIR105120,2025-06-15,Rajasthan,Rajasthan City 2,4G,Postpaid,4.7,23.34,686,2.93,-27
AIR105121,2025-07-15,Karnataka,Karnataka City 1,4G,Postpaid,1.7,27.3,415,4.07,41
AIR105122,2025-08-15,West Bengal,West Bengal City 3,4G,Prepaid,3.2,11.69,711,4.01,35
AIR105123,2025-09-15,Rajasthan,Rajasthan City 3,4G,Postpaid,1.3,19.01,532,3.68,43
AIR105124,2025-10-15,Uttar Pradesh,Uttar Pradesh City 1,4G,Enterprise,6.1,24.25,545,3.32,8
AIR105125,2025-11-15,Rajasthan,Rajasthan City 2,4G,Prepaid,3.3,24.76,457,3.89,25
AIR105126,2025-12-15,Uttar Pradesh,Uttar Pradesh City 1,4G,Postpaid,1.9,14.66,504,3.6,35
AIR105127,2025-02-15,Rajasthan,Rajasthan City 2,4G,Prepaid,0.5,18.42,459,3.93,35
AIR105128,2025-03-15,Karnataka,Karnataka City 3,4G,Prepaid,0.6,36.8,415,3.38,8
AIR105129,2025-04-15,Delhi,Delhi City 2,4G,Postpaid,5.8,22.21,259,3.99,32
AIR105130,2025-05-15,Telangana,Telangana City 2,4G,Broadband,2.5,12.63,574,4.02,47
AIR105131,2025-06-15,Karnataka,Karnataka City 1,5G,Postpaid,6.2,50.35,392,3.14,-6
AIR105132,2025-07-15,Tamil Nadu,Tamil Nadu City 3,4G,Postpaid,0.7,27.81,190,3.55,35
AIR105133,2025-08-15,Maharashtra,Maharashtra City 1,4G,Broadband,4.3,22.81,259,3.66,31
AIR105134,2025-09-15,Delhi,Delhi City 1,4G,Prepaid,6.6,21.73,393,4.04,47
AIR105135,2025-10-15,West Bengal,West Bengal City 3,4G,Postpaid,1.2,24.22,647,4.03,38
AIR105136,2025-11-15,Gujarat,Gujarat City 1,4G,Postpaid,1.1,8.83,380,3.06,7
AIR105137,2025-12-15,Karnataka,Karnataka City 1,4G,Broadband,6.8,10.41,359,3.61,25
AIR105138,2025-02-15,Rajasthan,Rajasthan City 2,5G,Postpaid,5.2,45.69,327,3.69,10
AIR105139,2025-03-15,Karnataka,Karnataka City 1,5G,Broadband,1.3,44.12,806,3.68,27
AIR105140,2025-04-15,Kerala,Kerala City 3,4G,Prepaid,2.9,23.56,414,3.72,11
AIR105141,2025-05-15,Delhi,Delhi City 1,5G,Postpaid,1.4,5.76,117,3.54,20
AIR105142,2025-06-15,Telangana,Telangana City 2,4G,Postpaid,5.5,15.15,708,3.96,24
AIR105143,2025-07-15,West Bengal,West Bengal City 1,5G,Postpaid,1.8,36.4,606,4.19,35
AIR105144,2025-08-15,Kerala,Kerala City 1,4G,Postpaid,5.8,22.68,413,3.2,7
AIR105145,2025-09-15,Uttar Pradesh,Uttar Pradesh City 1,4G,Prepaid,0.8,31.59,335,3.9,37
AIR105146,2025-10-15,Kerala,Kerala City 2,4G,Prepaid,1.3,14.96,595,3.8,1
AIR105147,2025-11-15,Karnataka,Karnataka City 3,4G,Prepaid,6.3,14.86,262,3.8,12
AIR105148,2025-12-15,West Bengal,West Bengal City 3,5G,Broadband,3.2,17.29,462,3.4,7
AIR105149,2025-02-15,Karnataka,Karnataka City 2,4G,Broadband,5.7,14.13,177,3.13,9
AIR105150,2025-03-15,Uttar Pradesh,Uttar Pradesh City 2,4G,Prepaid,0.9,15.09,674,3.65,39
AIR105151,2025-04-15,Gujarat,Gujarat City 1,4G,Broadband,1.5,6.03,278,3.71,10
AIR105152,2025-05-15,West Bengal,West Bengal City 3,4G,Prepaid,5.1,27.36,413,3.11,-1
AIR105153,2025-06-15,Gujarat,Gujarat City 2,4G,Prepaid,1.5,9.14,467,3.11,10
AIR105154,2025-07-15,Delhi,Delhi City 3,5G,Prepaid,3.2,57.38,488,4.87,60
AIR105155,2025-08-15,Delhi,Delhi City 1,5G,Broadband,6.2,7.4,749,3.1,22
AIR105156,2025-09-15,Gujarat,Gujarat City 2,4G,Postpaid,1.7,1,546,3.55,26
AIR105157,2025-10-15,Delhi,Delhi City 3,4G,Prepaid,2.5,5.37,161,3.44,4
AIR105158,2025-11-15,West Bengal,West Bengal City 3,4G,Postpaid,6.1,17.09,234,4.21,53
AIR105159,2025-12-15,Rajasthan,Rajasthan City 1,5G,Prepaid,1.8,17.72,344,3.51,15
AIR105160,2025-02-15,Tamil Nadu,Tamil Nadu City 2,5G,Prepaid,0.1,36.58,198,3.65,14
AIR105161,2025-03-15,Delhi,Delhi City 3,4G,Prepaid,4.8,20.76,498,3.86,36
AIR105162,2025-04-15,Delhi,Delhi City 1,5G,Prepaid,2.2,8.35,673,3.8,29
AIR105163,2025-05-15,Karnataka,Karnataka City 3,4G,Broadband,4.1,20.9,844,3.42,12
AIR105164,2025-06-15,Gujarat,Gujarat City 1,4G,Postpaid,5.9,37.91,710,3.39,47
AIR105165,2025-07-15,Maharashtra,Maharashtra City 3,5G,Prepaid,5.3,25.35,648,4.15,49
AIR105166,2025-08-15,Telangana,Telangana City 3,4G,Prepaid,6.3,16.96,349,3.67,28
AIR105167,2025-09-15,Kerala,Kerala City 1,4G,Prepaid,6.4,12.46,771,3.49,25
AIR105168,2025-10-15,Delhi,Delhi City 2,4G,Prepaid,5.7,11.27,523,3.64,30
AIR105169,2025-11-15,Kerala,Kerala City 1,4G,Postpaid,2.4,29.44,457,3.81,27
AIR105170,2025-12-15,West Bengal,West Bengal City 2,4G,Prepaid,1.2,15.69,285,3.67,28
AIR105171,2025-02-15,Maharashtra,Maharashtra City 3,5G,Postpaid,0.2,33.6,660,4.04,57
AIR105172,2025-03-15,Telangana,Telangana City 3,4G,Prepaid,2.7,12.42,722,3.36,13
AIR105173,2025-04-15,Gujarat,Gujarat City 1,5G,Prepaid,2.4,49.7,638,4.11,40
AIR105174,2025-05-15,Tamil Nadu,Tamil Nadu City 1,4G,Broadband,1.2,25.19,147,2.71,-17
AIR105175,2025-06-15,Telangana,Telangana City 2,4G,Prepaid,2.5,29.7,219,3.3,2
AIR105176,2025-07-15,Telangana,Telangana City 2,5G,Prepaid,1.2,19.86,161,3.31,8
AIR105177,2025-08-15,Tamil Nadu,Tamil Nadu City 2,4G,Prepaid,4.3,1.02,435,3.05,2
AIR105178,2025-09-15,Rajasthan,Rajasthan City 1,4G,Prepaid,5.9,11.35,512,3.55,20
AIR105179,2025-10-15,Gujarat,Gujarat City 3,4G,Prepaid,6,27.33,576,3.15,9
AIR105180,2025-11-15,Karnataka,Karnataka City 1,4G,Prepaid,6.6,8.39,481,3.03,-8
AIR105181,2025-12-15,Kerala,Kerala City 3,4G,Broadband,1.7,14.75,363,3.93,24
AIR105182,2025-02-15,Delhi,Delhi City 1,5G,Postpaid,1.1,3.49,346,4.13,29
AIR105183,2025-03-15,Telangana,Telangana City 1,5G,Postpaid,3.4,23.4,410,3.65,24
AIR105184,2025-04-15,West Bengal,West Bengal City 2,4G,Postpaid,4.1,18.23,242,3.34,14
AIR105185,2025-05-15,Tamil Nadu,Tamil Nadu City 3,5G,Postpaid,6.3,33.56,447,4.32,54
AIR105186,2025-06-15,Kerala,Kerala City 1,5G,Prepaid,1.5,21.84,435,3.56,11
AIR105187,2025-07-15,Maharashtra,Maharashtra City 1,5G,Prepaid,3.6,34.35,451,4.18,41
AIR105188,2025-08-15,Tamil Nadu,Tamil Nadu City 3,4G,Prepaid,5.6,6.61,528,3.59,0
AIR105189,2025-09-15,Maharashtra,Maharashtra City 1,4G,Postpaid,5.9,2.32,457,2.95,-15
AIR105190,2025-10-15,Gujarat,Gujarat City 3,4G,Prepaid,3.4,20.4,578,3.01,-7
AIR105191,2025-11-15,Telangana,Telangana City 2,4G,Prepaid,4.3,18.69,244,3.69,33
AIR105192,2025-12-15,West Bengal,West Bengal City 2,4G,Prepaid,2,40.82,453,3.36,16
AIR105193,2025-02-15,Delhi,Delhi City 3,4G,Prepaid,3.5,25.19,505,3.38,20
AIR105194,2025-03-15,Maharashtra,Maharashtra City 2,4G,Prepaid,5.5,12.7,744,4.02,32
AIR105195,2025-04-15,Kerala,Kerala City 3,4G,Prepaid,2.1,9.98,616,3.94,17
AIR105196,2025-05-15,Rajasthan,Rajasthan City 1,4G,Prepaid,1.4,23.15,20,3.28,0
AIR105197,2025-06-15,Gujarat,Gujarat City 1,4G,Prepaid,2.6,10.9,431,3.76,49
AIR105198,2025-07-15,Rajasthan,Rajasthan City 3,5G,Prepaid,5.4,39.33,611,4.17,50
AIR105199,2025-08-15,Gujarat,Gujarat City 1,4G,Prepaid,5.7,22.11,331,3.31,-20
AIR105200,2025-09-15,Karnataka,Karnataka City 2,5G,Prepaid,1,53.21,20,3.89,32
AIR105201,2025-10-15,Kerala,Kerala City 1,5G,Postpaid,1.7,28.33,321,3.8,33
AIR105202,2025-11-15,Rajasthan,Rajasthan City 1,5G,Prepaid,1.5,27.39,225,4.07,47
AIR105203,2025-12-15,West Bengal,West Bengal City 3,5G,Prepaid,4.6,37.1,459,3.28,6
AIR105204,2025-02-15,Telangana,Telangana City 2,5G,Prepaid,1.6,31.05,609,4.48,62
AIR105205,2025-03-15,Tamil Nadu,Tamil Nadu City 1,4G,Prepaid,6.1,10.5,292,4.14,45
AIR105206,2025-04-15,Delhi,Delhi City 1,5G,Prepaid,3.2,46.14,356,4.3,54
AIR105207,2025-05-15,Telangana,Telangana City 3,5G,Enterprise,2.9,36.34,106,3.2,2
AIR105208,2025-06-15,Telangana,Telangana City 3,5G,Broadband,4.8,30.71,554,3.79,15
AIR105209,2025-07-15,Gujarat,Gujarat City 2,4G,Prepaid,4.4,12.77,333,3.56,18
AIR105210,2025-08-15,West Bengal,West Bengal City 1,4G,Postpaid,2,12.72,342,3.85,25
AIR105211,2025-09-15,Gujarat,Gujarat City 3,4G,Prepaid,2.7,21.01,735,3.35,11
AIR105212,2025-10-15,Uttar Pradesh,Uttar Pradesh City 3,4G,Prepaid,5.3,16.91,649,3.16,4
AIR105213,2025-11-15,Maharashtra,Maharashtra City 3,5G,Postpaid,3.9,34.4,210,4.04,30
AIR105214,2025-12-15,Delhi,Delhi City 2,4G,Prepaid,2.6,1.44,324,3.57,12
AIR105215,2025-02-15,Maharashtra,Maharashtra City 3,4G,Prepaid,2.7,6.71,491,3.28,13
AIR105216,2025-03-15,Tamil Nadu,Tamil Nadu City 2,4G,Postpaid,4.6,16.46,434,3.39,30
AIR105217,2025-04-15,Uttar Pradesh,Uttar Pradesh City 2,4G,Postpaid,5.6,29.94,20,3.29,14
AIR105218,2025-05-15,Kerala,Kerala City 1,4G,Enterprise,4.9,13.15,279,2.95,4
AIR105219,2025-06-15,Tamil Nadu,Tamil Nadu City 1,4G,Postpaid,3,26.19,380,3.72,25
AIR105220,2025-07-15,Tamil Nadu,Tamil Nadu City 2,4G,Postpaid,2.3,30.16,514,2.68,-12
AIR105221,2025-08-15,Karnataka,Karnataka City 1,4G,Prepaid,6.3,18.84,197,3.44,17
AIR105222,2025-09-15,Delhi,Delhi City 1,4G,Prepaid,4.9,7.71,496,3.98,43
AIR105223,2025-10-15,Gujarat,Gujarat City 3,5G,Postpaid,1.7,36.93,749,4.53,43
AIR105224,2025-11-15,West Bengal,West Bengal City 1,5G,Enterprise,3.8,12.23,585,4.52,58
AIR105225,2025-12-15,Maharashtra,Maharashtra City 2,5G,Prepaid,3.8,48.78,20,4.56,48
AIR105226,2025-02-15,Tamil Nadu,Tamil Nadu City 1,4G,Enterprise,1.5,12.43,399,3.17,24
AIR105227,2025-03-15,Maharashtra,Maharashtra City 3,4G,Prepaid,1.5,23.51,708,3.87,27
AIR105228,2025-04-15,Maharashtra,Maharashtra City 2,4G,Prepaid,3,38.79,638,3.11,-7
AIR105229,2025-05-15,Kerala,Kerala City 1,5G,Prepaid,3.1,43.8,534,3.69,23
AIR105230,2025-06-15,Delhi,Delhi City 2,5G,Postpaid,2.7,32.83,380,3.39,13
AIR105231,2025-07-15,Delhi,Delhi City 1,4G,Postpaid,2.2,10.15,465,3.22,-13
AIR105232,2025-08-15,Rajasthan,Rajasthan City 3,5G,Prepaid,3.4,45.04,538,3.38,22
AIR105233,2025-09-15,Telangana,Telangana City 1,4G,Broadband,4.6,27.57,398,3.01,11
AIR105234,2025-10-15,Delhi,Delhi City 2,4G,Postpaid,3.5,26.32,499,3.29,1
AIR105235,2025-11-15,Maharashtra,Maharashtra City 2,5G,Postpaid,3.2,24.49,145,3.59,18
AIR105236,2025-12-15,Gujarat,Gujarat City 2,4G,Postpaid,2.4,20.12,363,3.23,6
AIR105237,2025-02-15,Maharashtra,Maharashtra City 1,4G,Prepaid,4.3,16.78,271,3.69,14
AIR105238,2025-03-15,Gujarat,Gujarat City 1,5G,Postpaid,1,27.53,419,3.79,26
AIR105239,2025-04-15,Rajasthan,Rajasthan City 1,4G,Prepaid,3.6,19.37,382,3.68,21
AIR105240,2025-05-15,Gujarat,Gujarat City 3,4G,Prepaid,3.4,31.46,368,3.14,-1
AIR105241,2025-06-15,Delhi,Delhi City 3,5G,Postpaid,6.1,31.64,580,3.56,23
AIR105242,2025-07-15,Kerala,Kerala City 3,4G,Broadband,4.3,13.87,181,3.5,31
AIR105243,2025-08-15,Gujarat,Gujarat City 2,4G,Postpaid,2,20.98,496,3.76,22
AIR105244,2025-09-15,Maharashtra,Maharashtra City 2,4G,Postpaid,1,8.7,596,2.84,-5
AIR105245,2025-10-15,West Bengal,West Bengal City 2,4G,Postpaid,3.2,3.95,524,3.68,19
AIR105246,2025-11-15,Delhi,Delhi City 2,4G,Prepaid,1.7,8.75,516,3.2,20
AIR105247,2025-12-15,West Bengal,West Bengal City 2,4G,Broadband,1.6,19.37,676,3.24,-10
AIR105248,2025-02-15,Uttar Pradesh,Uttar Pradesh City 1,4G,Prepaid,5,11.96,808,2.4,-26
AIR105249,2025-03-15,Uttar Pradesh,Uttar Pradesh City 2,4G,Prepaid,4.9,9.58,286,3.35,16
AIR105250,2025-04-15,Maharashtra,Maharashtra City 1,5G,Prepaid,0.4,25.09,619,4.58,55
AIR105251,2025-05-15,Uttar Pradesh,Uttar Pradesh City 3,5G,Prepaid,2.4,29.62,391,3.93,45
AIR105252,2025-06-15,Telangana,Telangana City 3,5G,Prepaid,1.3,53.73,507,3.43,34
AIR105253,2025-07-15,Rajasthan,Rajasthan City 3,4G,Prepaid,2.5,4.7,522,3.6,25
AIR105254,2025-08-15,Delhi,Delhi City 3,4G,Prepaid,2.5,20.85,440,3.62,32
AIR105255,2025-09-15,West Bengal,West Bengal City 3,5G,Postpaid,3.7,53.66,282,3.6,36
AIR105256,2025-10-15,Maharashtra,Maharashtra City 2,4G,Postpaid,1.2,31.11,423,3.33,13
AIR105257,2025-11-15,Telangana,Telangana City 2,4G,Postpaid,1.7,31.87,516,3.86,44
AIR105258,2025-12-15,Maharashtra,Maharashtra City 2,5G,Prepaid,2,35.58,463,4.19,34
AIR105259,2025-02-15,Telangana,Telangana City 3,4G,Postpaid,5.4,27.66,511,2.99,-9
AIR105260,2025-03-15,Uttar Pradesh,Uttar Pradesh City 3,4G,Prepaid,2.7,10.86,660,3.52,12
AIR105261,2025-04-15,Uttar Pradesh,Uttar Pradesh City 1,5G,Postpaid,0.4,32.69,500,3.93,29
AIR105262,2025-05-15,Gujarat,Gujarat City 2,5G,Prepaid,1.2,71.35,402,4.35,49
AIR105263,2025-06-15,Karnataka,Karnataka City 3,4G,Postpaid,1.4,27.92,439,3.81,22
AIR105264,2025-07-15,Maharashtra,Maharashtra City 3,4G,Prepaid,4.6,19.23,235,3.32,6
AIR105265,2025-08-15,Gujarat,Gujarat City 3,4G,Postpaid,2.6,22.75,171,3.16,13
AIR105266,2025-09-15,Delhi,Delhi City 1,5G,Broadband,4.7,50.38,548,3.94,25
AIR105267,2025-10-15,Gujarat,Gujarat City 3,4G,Postpaid,4.7,7.59,337,3.58,6
AIR105268,2025-11-15,Tamil Nadu,Tamil Nadu City 1,4G,Prepaid,6.5,17.76,786,4,45
AIR105269,2025-12-15,Uttar Pradesh,Uttar Pradesh City 1,5G,Prepaid,2.1,31.37,331,4.23,38
AIR105270,2025-02-15,Tamil Nadu,Tamil Nadu City 2,4G,Broadband,2.7,17.43,418,2.83,-6
AIR105271,2025-03-15,Maharashtra,Maharashtra City 3,5G,Prepaid,3.1,27.9,591,3.91,36
AIR105272,2025-04-15,West Bengal,West Bengal City 1,5G,Broadband,4.1,26.95,374,4.53,53
AIR105273,2025-05-15,West Bengal,West Bengal City 3,4G,Prepaid,6.3,21.8,283,2.83,11
AIR105274,2025-06-15,Delhi,Delhi City 2,5G,Enterprise,5.8,25.76,384,3.26,10
AIR105275,2025-07-15,Gujarat,Gujarat City 2,4G,Broadband,2.7,21.68,634,3.19,-5
AIR105276,2025-08-15,West Bengal,West Bengal City 1,5G,Postpaid,1.1,44.51,507,3.63,42
AIR105277,2025-09-15,Telangana,Telangana City 2,5G,Prepaid,4.4,23.62,224,4.05,42
AIR105278,2025-10-15,Telangana,Telangana City 2,4G,Prepaid,1.9,15.71,167,3.17,7
AIR105279,2025-11-15,Delhi,Delhi City 2,5G,Broadband,6.4,22.77,717,3.7,42
AIR105280,2025-12-15,Rajasthan,Rajasthan City 3,5G,Broadband,2.3,25.12,642,3.3,21
AIR105281,2025-02-15,Uttar Pradesh,Uttar Pradesh City 3,4G,Prepaid,4.3,19.11,338,3.66,26
AIR105282,2025-03-15,Gujarat,Gujarat City 1,4G,Prepaid,4.3,13.65,147,3.35,20
AIR105283,2025-04-15,Maharashtra,Maharashtra City 1,4G,Broadband,4.8,9.06,243,3.77,18
AIR105284,2025-05-15,Kerala,Kerala City 2,4G,Postpaid,1.2,22.8,697,3.28,26
AIR105285,2025-06-15,Kerala,Kerala City 2,5G,Broadband,3.4,29.45,443,3.93,27
AIR105286,2025-07-15,Kerala,Kerala City 1,5G,Broadband,5.8,41.83,368,4.14,42
AIR105287,2025-08-15,West Bengal,West Bengal City 2,4G,Broadband,4.5,19.72,389,2.92,-14
AIR105288,2025-09-15,Rajasthan,Rajasthan City 1,4G,Prepaid,3.4,25.85,600,3.16,-3
AIR105289,2025-10-15,Rajasthan,Rajasthan City 3,4G,Prepaid,4.2,15.18,428,3.62,14
AIR105290,2025-11-15,Gujarat,Gujarat City 2,4G,Prepaid,5.6,12.72,20,3.35,4
AIR105291,2025-12-15,Gujarat,Gujarat City 2,4G,Broadband,2.8,10.45,398,4.48,56
AIR105292,2025-02-15,Rajasthan,Rajasthan City 2,4G,Postpaid,5.9,22.44,532,2.93,5
AIR105293,2025-03-15,Delhi,Delhi City 3,4G,Prepaid,2.6,15.11,482,3.24,23
AIR105294,2025-04-15,Gujarat,Gujarat City 3,5G,Prepaid,1.5,29.28,430,4.07,51
AIR105295,2025-05-15,Delhi,Delhi City 2,4G,Prepaid,1.2,13.13,316,3.18,5
AIR105296,2025-06-15,Tamil Nadu,Tamil Nadu City 1,4G,Broadband,3.8,7.52,624,3.3,15
AIR105297,2025-07-15,Telangana,Telangana City 3,4G,Postpaid,3.5,19.19,535,3.22,2
AIR105298,2025-08-15,Uttar Pradesh,Uttar Pradesh City 2,5G,Postpaid,3.4,12.46,370,4.02,30
AIR105299,2025-09-15,Gujarat,Gujarat City 2,5G,Prepaid,4.2,43.25,370,3.93,28
AIR105300,2025-10-15,Rajasthan,Rajasthan City 3,5G,Broadband,2.2,26.98,215,4.26,38
AIR105301,2025-11-15,Telangana,Telangana City 1,4G,Prepaid,1.1,17.54,267,3.62,4
AIR105302,2025-12-15,Telangana,Telangana City 2,4G,Postpaid,5.2,6.42,617,3.2,13
AIR105303,2025-02-15,Karnataka,Karnataka City 1,4G,Prepaid,5.6,10.86,382,3.78,35
AIR105304,2025-03-15,Rajasthan,Rajasthan City 1,4G,Prepaid,6.2,1,826,3.8,35
AIR105305,2025-04-15,Uttar Pradesh,Uttar Pradesh City 3,5G,Prepaid,5.9,30.54,489,2.99,-8
AIR105306,2025-05-15,Rajasthan,Rajasthan City 2,5G,Postpaid,1.2,30.5,364,3.97,43
AIR105307,2025-06-15,Gujarat,Gujarat City 2,4G,Postpaid,2.1,5.6,275,3.63,6
AIR105308,2025-07-15,Maharashtra,Maharashtra City 1,4G,Prepaid,6.3,10.94,594,4.06,29
AIR105309,2025-08-15,Tamil Nadu,Tamil Nadu City 3,5G,Prepaid,4.5,28.88,639,3,2
AIR105310,2025-09-15,Delhi,Delhi City 3,4G,Broadband,2.9,9.29,237,3.17,21
AIR105311,2025-10-15,Maharashtra,Maharashtra City 3,4G,Prepaid,2.7,10.78,620,3.73,19
AIR105312,2025-11-15,Tamil Nadu,Tamil Nadu City 1,5G,Prepaid,6.5,29.92,410,4.37,52
AIR105313,2025-12-15,Maharashtra,Maharashtra City 1,4G,Prepaid,5.3,19.97,326,3.04,7
AIR105314,2025-02-15,Delhi,Delhi City 2,5G,Broadband,4.1,44.4,508,3.69,24
AIR105315,2025-03-15,West Bengal,West Bengal City 3,4G,Prepaid,6,22.76,524,3.52,26
AIR105316,2025-04-15,Rajasthan,Rajasthan City 1,5G,Enterprise,1.8,12.03,463,3.84,9
AIR105317,2025-05-15,Maharashtra,Maharashtra City 3,5G,Prepaid,5.9,55.76,169,4.14,20
AIR105318,2025-06-15,Gujarat,Gujarat City 1,5G,Prepaid,4.6,9.77,643,2.99,22
AIR105319,2025-07-15,Uttar Pradesh,Uttar Pradesh City 2,4G,Prepaid,5.6,11.13,364,2.74,-3
AIR105320,2025-08-15,Kerala,Kerala City 3,4G,Postpaid,1.4,15.27,467,3.16,7
AIR105321,2025-09-15,Gujarat,Gujarat City 1,4G,Prepaid,2.9,16.73,486,3.36,19
AIR105322,2025-10-15,Delhi,Delhi City 3,4G,Postpaid,2.5,14.05,493,3.11,-10
AIR105323,2025-11-15,Uttar Pradesh,Uttar Pradesh City 1,5G,Prepaid,2.9,51.23,249,3.36,-4
AIR105324,2025-12-15,Gujarat,Gujarat City 1,4G,Prepaid,5,1,400,3.51,30
AIR105325,2025-02-15,Telangana,Telangana City 1,5G,Broadband,2.6,33.07,271,3.71,24
AIR105326,2025-03-15,Rajasthan,Rajasthan City 3,4G,Postpaid,4.5,28.84,503,4.11,37
AIR105327,2025-04-15,Uttar Pradesh,Uttar Pradesh City 1,4G,Prepaid,5.3,6.77,405,3.27,12
AIR105328,2025-05-15,Telangana,Telangana City 2,5G,Postpaid,3.4,45.66,86,4.13,34
AIR105329,2025-06-15,Gujarat,Gujarat City 3,4G,Postpaid,5.7,25.58,411,3.02,-8
AIR105330,2025-07-15,Tamil Nadu,Tamil Nadu City 2,5G,Prepaid,2.8,41.99,644,3.85,15
AIR105331,2025-08-15,Karnataka,Karnataka City 2,4G,Postpaid,3.9,23.01,403,3.14,8
AIR105332,2025-09-15,Tamil Nadu,Tamil Nadu City 3,5G,Prepaid,0.7,42.5,268,4.24,33
AIR105333,2025-10-15,Rajasthan,Rajasthan City 1,4G,Postpaid,4.5,17.27,714,2.9,15
AIR105334,2025-11-15,Uttar Pradesh,Uttar Pradesh City 2,5G,Postpaid,6.5,29.63,455,4.65,56
AIR105335,2025-12-15,Uttar Pradesh,Uttar Pradesh City 3,4G,Prepaid,1.6,29.77,337,3.71,37
AIR105336,2025-02-15,Rajasthan,Rajasthan City 1,4G,Prepaid,4.5,9.08,343,3.19,1
AIR105337,2025-03-15,Telangana,Telangana City 3,5G,Prepaid,0.9,28.95,224,3.51,18
AIR105338,2025-04-15,Karnataka,Karnataka City 3,5G,Enterprise,1.8,33.91,651,4.23,40
AIR105339,2025-05-15,Gujarat,Gujarat City 3,4G,Postpaid,4.7,10.87,368,3.73,-3
AIR105340,2025-06-15,Delhi,Delhi City 1,4G,Prepaid,2.3,32.85,489,3.18,-2
AIR105341,2025-07-15,Tamil Nadu,Tamil Nadu City 2,4G,Prepaid,5.1,4.06,638,4.18,26
AIR105342,2025-08-15,Tamil Nadu,Tamil Nadu City 2,4G,Prepaid,5.9,18.63,835,3.44,27
AIR105343,2025-09-15,Kerala,Kerala City 3,5G,Postpaid,2.1,29.6,816,3.81,31
AIR105344,2025-10-15,Karnataka,Karnataka City 3,4G,Postpaid,3.4,36.92,524,4.02,38
AIR105345,2025-11-15,Delhi,Delhi City 1,4G,Enterprise,1.9,9.58,187,3.98,25
AIR105346,2025-12-15,Tamil Nadu,Tamil Nadu City 3,4G,Prepaid,1.9,10.98,234,3.42,20
AIR105347,2025-02-15,Delhi,Delhi City 3,4G,Postpaid,1,23.71,101,3.66,26
AIR105348,2025-03-15,Gujarat,Gujarat City 3,5G,Postpaid,5.6,53.97,390,3.94,47
AIR105349,2025-04-15,Uttar Pradesh,Uttar Pradesh City 2,5G,Broadband,2.4,42.98,276,4.27,48
AIR105350,2025-05-15,Delhi,Delhi City 3,4G,Prepaid,2.9,23.04,364,3.16,7
AIR105351,2025-06-15,Tamil Nadu,Tamil Nadu City 2,5G,Postpaid,3.6,1,351,3.91,36
AIR105352,2025-07-15,Telangana,Telangana City 1,4G,Prepaid,6,10.98,522,3.83,6
AIR105353,2025-08-15,Karnataka,Karnataka City 1,4G,Prepaid,2.1,14.27,489,3.49,41
AIR105354,2025-09-15,Rajasthan,Rajasthan City 2,4G,Broadband,2.9,1,262,3.15,9
AIR105355,2025-10-15,Maharashtra,Maharashtra City 2,4G,Broadband,1.4,22.25,540,2.99,-8
AIR105356,2025-11-15,West Bengal,West Bengal City 2,4G,Postpaid,5.1,14.26,736,3.97,19
AIR105357,2025-12-15,West Bengal,West Bengal City 2,4G,Prepaid,3.6,18.65,246,2.67,-14
AIR105358,2025-02-15,Maharashtra,Maharashtra City 3,5G,Broadband,6.1,69.26,327,3.87,41
AIR105359,2025-03-15,Delhi,Delhi City 2,5G,Prepaid,3,19.31,515,3.75,52
AIR105360,2025-04-15,Karnataka,Karnataka City 2,5G,Prepaid,2.1,43.48,248,3.65,34
AIR105361,2025-05-15,Delhi,Delhi City 2,4G,Postpaid,5.2,14.92,450,3.84,39
AIR105362,2025-06-15,Rajasthan,Rajasthan City 3,4G,Prepaid,1.3,16.75,743,4.11,45
AIR105363,2025-07-15,Karnataka,Karnataka City 3,4G,Enterprise,3.8,12.42,379,3.38,-3
AIR105364,2025-08-15,Maharashtra,Maharashtra City 3,4G,Prepaid,6,10.92,321,2.74,-6
AIR105365,2025-09-15,Delhi,Delhi City 1,4G,Prepaid,4.1,15.84,554,3.51,19
AIR105366,2025-10-15,Kerala,Kerala City 3,4G,Postpaid,6.4,3.33,156,3.09,17
AIR105367,2025-11-15,Tamil Nadu,Tamil Nadu City 2,4G,Postpaid,1.4,16.55,493,3.81,18
AIR105368,2025-12-15,Telangana,Telangana City 3,4G,Postpaid,4.8,30.33,442,3.45,6
AIR105369,2025-02-15,Uttar Pradesh,Uttar Pradesh City 3,4G,Prepaid,4.2,21.99,641,3.09,3
AIR105370,2025-03-15,Telangana,Telangana City 2,4G,Postpaid,2.8,35.32,20,3.5,15
AIR105371,2025-04-15,Rajasthan,Rajasthan City 3,4G,Prepaid,5.1,22.19,517,3.73,40
AIR105372,2025-05-15,Delhi,Delhi City 1,4G,Prepaid,6.1,23.41,905,2.6,-7
AIR105373,2025-06-15,Gujarat,Gujarat City 3,5G,Postpaid,1.9,16.83,496,3.68,32
AIR105374,2025-07-15,Karnataka,Karnataka City 1,4G,Prepaid,4.1,29.73,594,3.53,27
AIR105375,2025-08-15,Delhi,Delhi City 1,5G,Enterprise,3,22.87,287,3.31,-1
AIR105376,2025-09-15,Karnataka,Karnataka City 1,4G,Postpaid,3.7,8.64,426,3.59,16
AIR105377,2025-10-15,Uttar Pradesh,Uttar Pradesh City 2,4G,Enterprise,5.3,12.7,224,4.1,47
AIR105378,2025-11-15,Kerala,Kerala City 3,5G,Prepaid,2.4,38.14,407,3.36,11
AIR105379,2025-12-15,Telangana,Telangana City 1,4G,Enterprise,4.8,3.08,380,3.52,12
AIR105380,2025-02-15,Tamil Nadu,Tamil Nadu City 1,4G,Prepaid,3.2,36.01,160,3.45,43
AIR105381,2025-03-15,Uttar Pradesh,Uttar Pradesh City 3,5G,Prepaid,1.9,65.35,371,4.08,39
AIR105382,2025-04-15,Uttar Pradesh,Uttar Pradesh City 2,4G,Prepaid,2.4,12.63,624,3.6,22
AIR105383,2025-05-15,Telangana,Telangana City 2,4G,Postpaid,2.2,15.78,860,3.26,16
AIR105384,2025-06-15,Uttar Pradesh,Uttar Pradesh City 1,5G,Prepaid,5.8,13.34,479,3.98,51
AIR105385,2025-07-15,Gujarat,Gujarat City 2,5G,Postpaid,2.8,34.32,202,3.89,29
AIR105386,2025-08-15,Gujarat,Gujarat City 3,4G,Prepaid,1,15.39,229,3.37,0
AIR105387,2025-09-15,West Bengal,West Bengal City 2,4G,Prepaid,1.6,14.04,139,3.79,15
AIR105388,2025-10-15,West Bengal,West Bengal City 3,5G,Postpaid,1.6,37.06,210,4.02,48
AIR105389,2025-11-15,Gujarat,Gujarat City 1,4G,Prepaid,4,13.73,541,3.2,19
AIR105390,2025-12-15,Maharashtra,Maharashtra City 3,4G,Postpaid,6.1,12.38,567,3.33,13
AIR105391,2025-02-15,Kerala,Kerala City 1,4G,Postpaid,5.7,15.89,264,3.56,27
AIR105392,2025-03-15,Karnataka,Karnataka City 3,5G,Broadband,2.7,33.87,298,4.34,49
AIR105393,2025-04-15,Kerala,Kerala City 3,4G,Prepaid,1.9,31.94,644,3.74,29
AIR105394,2025-05-15,Rajasthan,Rajasthan City 2,5G,Enterprise,3.6,25.64,418,3.89,22
AIR105395,2025-06-15,Uttar Pradesh,Uttar Pradesh City 3,4G,Postpaid,2.2,23.65,295,3.77,17
AIR105396,2025-07-15,Tamil Nadu,Tamil Nadu City 1,4G,Enterprise,1.1,14.2,350,3.58,26
AIR105397,2025-08-15,Uttar Pradesh,Uttar Pradesh City 3,5G,Prepaid,4.2,18.7,375,4.35,47
AIR105398,2025-09-15,Kerala,Kerala City 1,5G,Postpaid,3.1,29.93,612,3.87,28
AIR105399,2025-10-15,Gujarat,Gujarat City 1,4G,Broadband,1.4,18.86,572,3.45,-5
AIR105400,2025-11-15,Telangana,Telangana City 3,4G,Prepaid,3.5,19.91,449,3.87,34
AIR105401,2025-12-15,Rajasthan,Rajasthan City 2,5G,Postpaid,5.8,31.56,134,4.13,50
AIR105402,2025-02-15,Gujarat,Gujarat City 3,4G,Broadband,2.7,21.04,403,3.67,13
AIR105403,2025-03-15,Kerala,Kerala City 3,4G,Postpaid,0.4,27.09,552,3.66,30
AIR105404,2025-04-15,Telangana,Telangana City 2,4G,Prepaid,3.2,31.15,290,3,-8
AIR105405,2025-05-15,Tamil Nadu,Tamil Nadu City 1,5G,Postpaid,6.4,42.97,648,3.52,10
AIR105406,2025-06-15,Kerala,Kerala City 3,5G,Prepaid,1.1,9.47,242,4.9,43
AIR105407,2025-07-15,Karnataka,Karnataka City 2,5G,Broadband,6,26.08,307,4.22,20
AIR105408,2025-08-15,Delhi,Delhi City 2,4G,Prepaid,6.6,3.05,372,3.5,1
AIR105409,2025-09-15,Telangana,Telangana City 1,4G,Prepaid,1.1,8.97,539,3.73,25
AIR105410,2025-10-15,Kerala,Kerala City 2,4G,Prepaid,2,2.74,309,3.14,7
AIR105411,2025-11-15,Gujarat,Gujarat City 1,4G,Postpaid,2.6,14.69,123,3.96,46
AIR105412,2025-12-15,Karnataka,Karnataka City 3,4G,Enterprise,2.9,33.31,375,3.3,10
AIR105413,2025-02-15,Maharashtra,Maharashtra City 2,4G,Prepaid,4.6,13.92,488,3.31,-10
AIR105414,2025-03-15,Telangana,Telangana City 3,4G,Prepaid,0.8,13.37,707,2.97,-4
AIR105415,2025-04-15,Karnataka,Karnataka City 2,4G,Prepaid,2.4,12.94,694,3.57,13
AIR105416,2025-05-15,Gujarat,Gujarat City 2,5G,Broadband,4.2,39.87,339,4.26,49
AIR105417,2025-06-15,Kerala,Kerala City 3,5G,Postpaid,4,49.07,276,3.97,20
AIR105418,2025-07-15,Uttar Pradesh,Uttar Pradesh City 2,4G,Prepaid,4.4,43.03,277,2.85,-9
AIR105419,2025-08-15,Tamil Nadu,Tamil Nadu City 3,4G,Postpaid,3.5,10.58,312,3.83,24
AIR105420,2025-09-15,Uttar Pradesh,Uttar Pradesh City 3,4G,Prepaid,6.6,22.84,358,3.01,-14
AIR105421,2025-10-15,Delhi,Delhi City 1,5G,Prepaid,4.8,27.63,443,4.05,34
AIR105422,2025-11-15,Karnataka,Karnataka City 3,4G,Prepaid,3.8,8.12,384,3.02,-1
AIR105423,2025-12-15,Delhi,Delhi City 1,5G,Broadband,3.4,45.96,267,4.17,69
AIR105424,2025-02-15,Tamil Nadu,Tamil Nadu City 3,4G,Broadband,5.1,14.1,232,3.55,12
AIR105425,2025-03-15,Karnataka,Karnataka City 2,4G,Postpaid,5.4,11.09,662,2.92,15
AIR105426,2025-04-15,West Bengal,West Bengal City 3,5G,Prepaid,4.8,39.52,55,3.31,-10
AIR105427,2025-05-15,Gujarat,Gujarat City 2,4G,Postpaid,4.3,11.9,478,4.05,19
AIR105428,2025-06-15,Karnataka,Karnataka City 1,4G,Prepaid,3.2,9.87,636,3.88,30
AIR105429,2025-07-15,Gujarat,Gujarat City 2,4G,Postpaid,6,30.93,320,3.89,41
AIR105430,2025-08-15,Uttar Pradesh,Uttar Pradesh City 3,4G,Postpaid,1.2,18.51,353,3.36,14
AIR105431,2025-09-15,Rajasthan,Rajasthan City 2,4G,Broadband,5,17.28,688,3.19,-16
AIR105432,2025-10-15,Telangana,Telangana City 1,4G,Prepaid,2.8,14.53,449,2.78,-6
AIR105433,2025-11-15,Rajasthan,Rajasthan City 2,5G,Postpaid,5.2,14.38,535,4.03,26
AIR105434,2025-12-15,Kerala,Kerala City 2,5G,Postpaid,3.5,50.82,520,3.51,20
AIR105435,2025-02-15,Telangana,Telangana City 3,5G,Prepaid,1.1,31.01,313,3.74,22
AIR105436,2025-03-15,Telangana,Telangana City 3,4G,Postpaid,6.2,22.12,549,3.81,30
AIR105437,2025-04-15,Maharashtra,Maharashtra City 2,4G,Broadband,4.3,18.95,383,3.4,17
AIR105438,2025-05-15,Telangana,Telangana City 1,4G,Broadband,5.6,10.2,369,3.14,1
AIR105439,2025-06-15,Tamil Nadu,Tamil Nadu City 2,4G,Postpaid,3.1,16.46,262,3.75,26
AIR105440,2025-07-15,Rajasthan,Rajasthan City 1,4G,Prepaid,0.6,16.08,218,3.28,3
AIR105441,2025-08-15,Uttar Pradesh,Uttar Pradesh City 1,5G,Broadband,5.4,32.58,20,3.69,28
AIR105442,2025-09-15,Gujarat,Gujarat City 1,4G,Postpaid,5,14.09,390,3.59,23
AIR105443,2025-10-15,Kerala,Kerala City 2,5G,Prepaid,5.5,65.71,615,3.43,15
AIR105444,2025-11-15,Telangana,Telangana City 1,4G,Prepaid,1.8,10.84,440,4.26,57
AIR105445,2025-12-15,Kerala,Kerala City 2,4G,Prepaid,4.4,11.72,773,3.75,15
AIR105446,2025-02-15,Uttar Pradesh,Uttar Pradesh City 1,4G,Prepaid,4.3,40.74,695,3.83,6
AIR105447,2025-03-15,Kerala,Kerala City 1,4G,Postpaid,5.4,15.71,158,4.28,45
AIR105448,2025-04-15,Uttar Pradesh,Uttar Pradesh City 2,4G,Prepaid,5.6,23.03,944,3.01,-20
AIR105449,2025-05-15,Telangana,Telangana City 3,5G,Prepaid,1.1,50.79,285,3.25,25
AIR105450,2025-06-15,Uttar Pradesh,Uttar Pradesh City 3,5G,Prepaid,5.9,42.64,278,3.57,4
AIR105451,2025-07-15,Telangana,Telangana City 2,4G,Postpaid,2.3,10.92,860,2.96,9
AIR105452,2025-08-15,Maharashtra,Maharashtra City 2,4G,Prepaid,5.1,12.45,510,3.63,20
AIR105453,2025-09-15,Maharashtra,Maharashtra City 3,5G,Prepaid,3.6,53.92,301,4.31,52
AIR105454,2025-10-15,Uttar Pradesh,Uttar Pradesh City 3,5G,Prepaid,6.1,37.9,363,3.65,13
AIR105455,2025-11-15,Maharashtra,Maharashtra City 3,4G,Postpaid,3.1,32.29,545,3.28,-3
AIR105456,2025-12-15,Gujarat,Gujarat City 2,5G,Prepaid,4.3,61.9,550,4.35,51
AIR105457,2025-02-15,Gujarat,Gujarat City 1,4G,Postpaid,1.1,9.31,587,3.62,24
AIR105458,2025-03-15,Maharashtra,Maharashtra City 2,4G,Prepaid,0.2,25.15,326,3.42,-14
AIR105459,2025-04-15,Maharashtra,Maharashtra City 3,4G,Prepaid,0.3,22.25,358,3.11,-5
AIR105460,2025-05-15,West Bengal,West Bengal City 1,4G,Prepaid,6,1,507,2.94,-4
AIR105461,2025-06-15,West Bengal,West Bengal City 2,4G,Prepaid,1.3,28.57,140,3,7
AIR105462,2025-07-15,Telangana,Telangana City 3,4G,Prepaid,2.8,8.5,543,3.48,16
AIR105463,2025-08-15,Uttar Pradesh,Uttar Pradesh City 2,5G,Prepaid,1.8,12.71,462,3.55,13
AIR105464,2025-09-15,Delhi,Delhi City 1,5G,Prepaid,4.9,42.9,307,3.97,27
AIR105465,2025-10-15,Delhi,Delhi City 3,5G,Postpaid,2.4,23.8,489,3.82,17
AIR105466,2025-11-15,Maharashtra,Maharashtra City 2,4G,Prepaid,4.2,19.97,340,3.39,29
AIR105467,2025-12-15,Kerala,Kerala City 1,4G,Broadband,2.9,14.69,456,4.09,39
AIR105468,2025-02-15,Maharashtra,Maharashtra City 1,4G,Broadband,4.1,24.66,436,3.57,18
AIR105469,2025-03-15,West Bengal,West Bengal City 2,5G,Postpaid,1.9,36.34,375,3.76,13
AIR105470,2025-04-15,Telangana,Telangana City 1,4G,Prepaid,4.5,7.23,521,3.26,22
AIR105471,2025-05-15,Maharashtra,Maharashtra City 3,4G,Broadband,1.4,16.85,494,4.24,63
AIR105472,2025-06-15,Rajasthan,Rajasthan City 1,4G,Prepaid,2.2,18.6,675,2.8,-15
AIR105473,2025-07-15,Kerala,Kerala City 2,4G,Prepaid,0.8,16.46,576,3.37,18
AIR105474,2025-08-15,Rajasthan,Rajasthan City 3,4G,Prepaid,2.7,1,509,3.49,19
AIR105475,2025-09-15,Telangana,Telangana City 1,5G,Broadband,2.1,32.85,657,3.91,31
AIR105476,2025-10-15,Telangana,Telangana City 1,4G,Prepaid,5.4,3.25,429,4.22,44
AIR105477,2025-11-15,Gujarat,Gujarat City 3,4G,Broadband,6,22.53,597,3.6,20
AIR105478,2025-12-15,Karnataka,Karnataka City 3,4G,Prepaid,5.1,29.78,454,3.06,1
AIR105479,2025-02-15,Rajasthan,Rajasthan City 1,4G,Broadband,4.8,19.71,284,3.18,-14
AIR105480,2025-03-15,Gujarat,Gujarat City 3,4G,Broadband,5.1,13.28,351,3.61,10
AIR105481,2025-04-15,West Bengal,West Bengal City 2,5G,Broadband,5.2,11.23,680,3.93,27
AIR105482,2025-05-15,Tamil Nadu,Tamil Nadu City 1,4G,Postpaid,2.9,18.19,448,3.47,21
AIR105483,2025-06-15,Kerala,Kerala City 2,5G,Broadband,4.1,41.71,323,3.61,10
AIR105484,2025-07-15,Tamil Nadu,Tamil Nadu City 1,4G,Enterprise,5.1,24.85,487,2.48,-15
AIR105485,2025-08-15,Uttar Pradesh,Uttar Pradesh City 2,4G,Prepaid,1.9,34.15,561,3.5,21
AIR105486,2025-09-15,West Bengal,West Bengal City 2,5G,Prepaid,1.4,16.82,328,4.03,50
AIR105487,2025-10-15,West Bengal,West Bengal City 3,4G,Postpaid,4.2,7.78,521,3.03,-5
AIR105488,2025-11-15,Tamil Nadu,Tamil Nadu City 1,4G,Prepaid,2,30.68,281,3.1,6
AIR105489,2025-12-15,Rajasthan,Rajasthan City 3,5G,Postpaid,2.2,39.61,483,4.22,55
AIR105490,2025-02-15,Karnataka,Karnataka City 3,4G,Prepaid,4,5.67,602,3.46,18
AIR105491,2025-03-15,Rajasthan,Rajasthan City 1,4G,Postpaid,2.1,8.66,385,3.96,36
AIR105492,2025-04-15,Tamil Nadu,Tamil Nadu City 2,5G,Prepaid,1.2,58.81,477,3.16,17
AIR105493,2025-05-15,Uttar Pradesh,Uttar Pradesh City 1,4G,Prepaid,1.6,13.56,471,3.72,11
AIR105494,2025-06-15,Rajasthan,Rajasthan City 1,4G,Prepaid,0.5,31.74,402,3.77,21
AIR105495,2025-07-15,Delhi,Delhi City 1,4G,Broadband,1.8,34.48,316,3.77,26
AIR105496,2025-08-15,Rajasthan,Rajasthan City 3,4G,Prepaid,1.8,15.18,495,3.68,17
AIR105497,2025-09-15,Telangana,Telangana City 1,4G,Broadband,3,4.53,185,3.34,2
AIR105498,2025-10-15,Gujarat,Gujarat City 1,4G,Postpaid,2.9,17,469,3.66,15
AIR105499,2025-11-15,Kerala,Kerala City 1,4G,Postpaid,2.4,21.59,504,3,-4
AIR105500,2025-12-15,Rajasthan,Rajasthan City 2,4G,Prepaid,5.5,1,355,3.49,17
AIR105501,2025-02-15,Karnataka,Karnataka City 2,4G,Prepaid,0.6,38.26,444,2.75,4
AIR105502,2025-03-15,Karnataka,Karnataka City 2,4G,Postpaid,0.2,11.7,536,3.83,41
AIR105503,2025-04-15,Rajasthan,Rajasthan City 2,4G,Prepaid,4.2,33.13,275,3.51,17
AIR105504,2025-05-15,Maharashtra,Maharashtra City 3,5G,Postpaid,5.5,40.6,48,4,31
AIR105505,2025-06-15,West Bengal,West Bengal City 3,4G,Enterprise,1.2,1,472,4.05,46
AIR105506,2025-07-15,Rajasthan,Rajasthan City 1,5G,Prepaid,6.2,44.55,411,3.91,28
AIR105507,2025-08-15,West Bengal,West Bengal City 3,4G,Postpaid,1.6,10.92,614,3.51,19
AIR105508,2025-09-15,Delhi,Delhi City 2,4G,Enterprise,3.6,18.35,648,3.31,8
AIR105509,2025-10-15,Tamil Nadu,Tamil Nadu City 1,4G,Broadband,2.1,20.93,557,2.83,-21
AIR105510,2025-11-15,Delhi,Delhi City 1,5G,Broadband,4.9,54.24,302,3.86,35
AIR105511,2025-12-15,Rajasthan,Rajasthan City 2,4G,Broadband,2.8,22.41,639,3.59,19
AIR105512,2025-02-15,Karnataka,Karnataka City 2,5G,Prepaid,4,51.94,376,3.56,7
AIR105513,2025-03-15,Maharashtra,Maharashtra City 2,5G,Broadband,3.9,41.72,283,4.09,20
AIR105514,2025-04-15,Uttar Pradesh,Uttar Pradesh City 3,4G,Broadband,0.4,23.43,531,3.95,39
AIR105515,2025-05-15,West Bengal,West Bengal City 1,4G,Postpaid,2.8,5.43,385,4.36,35
AIR105516,2025-06-15,Gujarat,Gujarat City 2,4G,Prepaid,6,6.21,267,3.51,11
AIR105517,2025-07-15,West Bengal,West Bengal City 1,4G,Prepaid,1.5,10.24,419,3.74,14
AIR105518,2025-08-15,Telangana,Telangana City 1,4G,Prepaid,3.3,11.63,579,3.74,40
AIR105519,2025-09-15,Kerala,Kerala City 3,5G,Prepaid,1.3,39.65,210,4.27,37
AIR105520,2025-10-15,Rajasthan,Rajasthan City 1,4G,Postpaid,6.4,6.77,238,3.82,27
AIR105521,2025-11-15,Delhi,Delhi City 2,4G,Postpaid,4.2,1.15,413,3.69,42
AIR105522,2025-12-15,Gujarat,Gujarat City 2,4G,Postpaid,2.9,11.35,279,3.74,34
AIR105523,2025-02-15,Karnataka,Karnataka City 1,5G,Prepaid,1.1,39.4,200,4.28,34
AIR105524,2025-03-15,Karnataka,Karnataka City 1,4G,Postpaid,5.7,13.89,860,3.44,12
AIR105525,2025-04-15,Karnataka,Karnataka City 3,5G,Prepaid,2.9,62.41,811,4.08,42
AIR105526,2025-05-15,Uttar Pradesh,Uttar Pradesh City 2,5G,Prepaid,4.5,59.05,411,3.91,37
AIR105527,2025-06-15,Telangana,Telangana City 2,4G,Postpaid,2.4,22.66,177,2.88,9
AIR105528,2025-07-15,Karnataka,Karnataka City 1,4G,Prepaid,4.4,1,458,2.97,3
AIR105529,2025-08-15,Karnataka,Karnataka City 1,4G,Prepaid,4,37.46,484,3.5,34
AIR105530,2025-09-15,Rajasthan,Rajasthan City 1,4G,Prepaid,4.5,8.58,699,3.43,23
AIR105531,2025-10-15,Telangana,Telangana City 2,5G,Postpaid,1.1,58.66,393,3.73,32
AIR105532,2025-11-15,Maharashtra,Maharashtra City 1,4G,Postpaid,5.1,8.16,636,2.85,7
AIR105533,2025-12-15,Maharashtra,Maharashtra City 3,4G,Prepaid,5,30.98,381,3.45,11
AIR105534,2025-02-15,Telangana,Telangana City 3,4G,Prepaid,2.7,24.36,317,3.01,9
AIR105535,2025-03-15,Kerala,Kerala City 1,4G,Postpaid,3.7,32.04,287,3.45,21
AIR105536,2025-04-15,Uttar Pradesh,Uttar Pradesh City 3,4G,Broadband,1.7,22.26,586,3.35,6
AIR105537,2025-05-15,Gujarat,Gujarat City 3,4G,Postpaid,6,7.55,204,3.63,17
AIR105538,2025-06-15,West Bengal,West Bengal City 3,5G,Broadband,3.5,57.2,372,3.78,18
AIR105539,2025-07-15,Rajasthan,Rajasthan City 3,4G,Postpaid,5.8,17.02,356,3.6,33
AIR105540,2025-08-15,Tamil Nadu,Tamil Nadu City 3,4G,Postpaid,4.6,21.82,200,4.05,25
AIR105541,2025-09-15,Maharashtra,Maharashtra City 2,5G,Broadband,6.7,27.22,769,3.95,43
AIR105542,2025-10-15,Telangana,Telangana City 1,5G,Postpaid,6.6,35.77,503,4.15,38
AIR105543,2025-11-15,Gujarat,Gujarat City 3,4G,Broadband,3.7,28.41,215,3.08,-1
AIR105544,2025-12-15,Telangana,Telangana City 1,4G,Prepaid,6.9,11.96,645,2.77,1
AIR105545,2025-02-15,West Bengal,West Bengal City 3,4G,Broadband,1.6,31.41,302,3.69,26
AIR105546,2025-03-15,Gujarat,Gujarat City 2,4G,Postpaid,4.4,23.43,486,3.95,13
AIR105547,2025-04-15,Maharashtra,Maharashtra City 2,5G,Broadband,3.8,40.19,359,4.2,47
AIR105548,2025-05-15,Karnataka,Karnataka City 3,4G,Prepaid,3.9,25.94,755,3.57,23
AIR105549,2025-06-15,Telangana,Telangana City 3,5G,Postpaid,5.5,46.25,639,3.63,10
AIR105550,2025-07-15,Tamil Nadu,Tamil Nadu City 3,4G,Broadband,2.1,23.35,169,3.23,-6
AIR105551,2025-08-15,Maharashtra,Maharashtra City 2,4G,Prepaid,1.3,17.89,20,2.35,-13
AIR105552,2025-09-15,Delhi,Delhi City 2,4G,Postpaid,1,12.02,419,3.67,19
AIR105553,2025-10-15,Tamil Nadu,Tamil Nadu City 1,4G,Broadband,1,13.24,20,3.96,33
AIR105554,2025-11-15,Kerala,Kerala City 2,4G,Prepaid,3.8,13.17,657,4.12,31
AIR105555,2025-12-15,Uttar Pradesh,Uttar Pradesh City 3,4G,Prepaid,6.5,21.02,435,3.59,15
AIR105556,2025-02-15,Maharashtra,Maharashtra City 1,4G,Postpaid,0.4,17.9,227,3.27,5
AIR105557,2025-03-15,Karnataka,Karnataka City 2,5G,Postpaid,2.6,41.26,226,4.15,55
AIR105558,2025-04-15,Maharashtra,Maharashtra City 2,4G,Prepaid,4.7,1,332,3.81,35
AIR105559,2025-05-15,West Bengal,West Bengal City 3,5G,Prepaid,4.9,17.76,716,3.45,0
AIR105560,2025-06-15,Gujarat,Gujarat City 1,4G,Prepaid,5.1,10.29,396,3.97,39
AIR105561,2025-07-15,Telangana,Telangana City 2,5G,Prepaid,3.1,61.89,304,3.47,34
AIR105562,2025-08-15,Gujarat,Gujarat City 2,5G,Prepaid,3.4,32.56,446,3.4,24
AIR105563,2025-09-15,Gujarat,Gujarat City 3,4G,Postpaid,3.5,21.57,340,3.65,11
AIR105564,2025-10-15,Maharashtra,Maharashtra City 1,5G,Postpaid,4.5,29.84,106,3.39,15
AIR105565,2025-11-15,West Bengal,West Bengal City 1,4G,Postpaid,6.1,16.83,517,3.9,46
AIR105566,2025-12-15,Telangana,Telangana City 1,5G,Prepaid,4.1,18.73,268,4.11,46
AIR105567,2025-02-15,Telangana,Telangana City 1,4G,Postpaid,5.4,23.7,673,4.3,58
AIR105568,2025-03-15,Gujarat,Gujarat City 3,4G,Prepaid,3.7,10.71,371,3.7,11
AIR105569,2025-04-15,Kerala,Kerala City 2,4G,Broadband,1.4,23.78,382,3.17,-1
AIR105570,2025-05-15,Uttar Pradesh,Uttar Pradesh City 2,4G,Postpaid,1.5,12.3,174,3.75,17
AIR105571,2025-06-15,West Bengal,West Bengal City 1,4G,Broadband,4.6,4.63,361,3.58,10
AIR105572,2025-07-15,Kerala,Kerala City 1,5G,Prepaid,5.8,61.61,422,4.56,71
AIR105573,2025-08-15,Rajasthan,Rajasthan City 1,5G,Postpaid,1.2,50.41,664,4.06,46
AIR105574,2025-09-15,Rajasthan,Rajasthan City 2,4G,Postpaid,2.4,7.71,426,2.57,-8
AIR105575,2025-10-15,Tamil Nadu,Tamil Nadu City 2,5G,Broadband,5.7,44.16,304,4.18,48
AIR105576,2025-11-15,Gujarat,Gujarat City 1,5G,Postpaid,4.7,25.61,352,4.25,53
AIR105577,2025-12-15,Telangana,Telangana City 3,4G,Postpaid,3.6,15.04,678,3.26,-4
AIR105578,2025-02-15,Maharashtra,Maharashtra City 2,4G,Prepaid,3,25.71,766,3.34,-3
AIR105579,2025-03-15,Telangana,Telangana City 2,4G,Postpaid,2.2,26.04,495,3.44,35
AIR105580,2025-04-15,Telangana,Telangana City 1,5G,Prepaid,3.9,29.35,791,3.97,26
AIR105581,2025-05-15,Karnataka,Karnataka City 3,5G,Prepaid,2.1,10.87,235,3.22,-1
AIR105582,2025-06-15,Telangana,Telangana City 1,4G,Prepaid,5.4,37.78,532,3.75,21
AIR105583,2025-07-15,Tamil Nadu,Tamil Nadu City 1,4G,Enterprise,3.3,16.12,357,3.59,24
AIR105584,2025-08-15,Kerala,Kerala City 3,5G,Prepaid,4.3,49.46,527,4.05,35
AIR105585,2025-09-15,Rajasthan,Rajasthan City 3,5G,Broadband,5.9,25.23,576,3.69,33
AIR105586,2025-10-15,Telangana,Telangana City 3,5G,Enterprise,2.6,42.31,155,4.37,51
AIR105587,2025-11-15,Telangana,Telangana City 2,4G,Broadband,1,43.34,596,3.44,3
AIR105588,2025-12-15,Karnataka,Karnataka City 1,4G,Broadband,1.3,20.73,303,3.94,30
AIR105589,2025-02-15,West Bengal,West Bengal City 2,4G,Broadband,5.8,20.5,207,3.78,16
AIR105590,2025-03-15,Maharashtra,Maharashtra City 3,4G,Prepaid,5.2,19.49,142,3.51,10
AIR105591,2025-04-15,West Bengal,West Bengal City 2,5G,Prepaid,5.1,27.12,741,3.87,33
AIR105592,2025-05-15,Maharashtra,Maharashtra City 3,4G,Postpaid,4.9,25.79,557,3.57,7
AIR105593,2025-06-15,Uttar Pradesh,Uttar Pradesh City 3,5G,Postpaid,1.4,2.92,667,2.9,13
AIR105594,2025-07-15,Telangana,Telangana City 1,4G,Prepaid,3.8,41.99,198,4,33
AIR105595,2025-08-15,Karnataka,Karnataka City 1,5G,Postpaid,4,48,437,3.92,36
AIR105596,2025-09-15,Delhi,Delhi City 1,4G,Postpaid,6,17.97,461,3.71,18
AIR105597,2025-10-15,Gujarat,Gujarat City 2,4G,Broadband,1.3,14.71,674,3.75,29
AIR105598,2025-11-15,Rajasthan,Rajasthan City 1,4G,Postpaid,5.5,13.42,346,3.53,36
AIR105599,2025-12-15,Kerala,Kerala City 3,4G,Postpaid,3.5,4.93,721,3.6,26
AIR105600,2025-02-15,Rajasthan,Rajasthan City 1,5G,Prepaid,1.2,23.93,279,3.81,14
AIR105601,2025-03-15,Kerala,Kerala City 2,4G,Postpaid,1.8,20.25,486,3.88,26
AIR105602,2025-04-15,Uttar Pradesh,Uttar Pradesh City 1,4G,Enterprise,3,26.34,326,3.03,-5
AIR105603,2025-05-15,West Bengal,West Bengal City 1,5G,Prepaid,3.5,36.67,504,4,28
AIR105604,2025-06-15,Tamil Nadu,Tamil Nadu City 1,5G,Prepaid,4.2,44.52,513,3.09,-2
AIR105605,2025-07-15,Telangana,Telangana City 2,4G,Postpaid,1.3,1,265,3.28,9
AIR105606,2025-08-15,Delhi,Delhi City 3,5G,Prepaid,1.5,53.23,586,3.6,16
AIR105607,2025-09-15,Kerala,Kerala City 3,4G,Prepaid,5.2,17.33,422,3.35,-8
AIR105608,2025-10-15,Gujarat,Gujarat City 3,4G,Prepaid,5.4,9.09,441,3.44,15
AIR105609,2025-11-15,Kerala,Kerala City 1,4G,Prepaid,4.3,30.93,377,3.41,0
AIR105610,2025-12-15,Tamil Nadu,Tamil Nadu City 1,4G,Prepaid,6.6,15.67,617,3.65,19
AIR105611,2025-02-15,Rajasthan,Rajasthan City 2,4G,Broadband,0.3,16.98,440,3.47,13
AIR105612,2025-03-15,Karnataka,Karnataka City 3,4G,Postpaid,5,22.43,544,3.13,-2
AIR105613,2025-04-15,Rajasthan,Rajasthan City 1,4G,Prepaid,3.9,10.58,419,3.49,11
AIR105614,2025-05-15,Uttar Pradesh,Uttar Pradesh City 1,5G,Prepaid,6.1,45.48,689,3.38,21
AIR105615,2025-06-15,Karnataka,Karnataka City 1,4G,Prepaid,1.7,6.94,365,3.42,6
AIR105616,2025-07-15,Rajasthan,Rajasthan City 2,5G,Broadband,4,46.36,270,4.13,39
AIR105617,2025-08-15,Gujarat,Gujarat City 3,5G,Prepaid,2.1,53.7,327,4.21,34
AIR105618,2025-09-15,Rajasthan,Rajasthan City 2,4G,Enterprise,1.6,31.08,841,2.72,3
AIR105619,2025-10-15,Gujarat,Gujarat City 3,4G,Prepaid,5.8,21.98,625,3.92,24
AIR105620,2025-11-15,Gujarat,Gujarat City 3,4G,Broadband,1.8,24.29,336,3.6,17
AIR105621,2025-12-15,Karnataka,Karnataka City 1,5G,Prepaid,3.9,36.26,380,3.64,16
AIR105622,2025-02-15,West Bengal,West Bengal City 1,4G,Prepaid,0.3,1,116,3.73,38
AIR105623,2025-03-15,Maharashtra,Maharashtra City 1,4G,Prepaid,5.3,17.83,544,3.37,9
AIR105624,2025-04-15,Telangana,Telangana City 1,5G,Postpaid,2.1,51.4,644,3.08,7
AIR105625,2025-05-15,Kerala,Kerala City 1,4G,Prepaid,2.7,4.05,378,3.83,29
AIR105626,2025-06-15,Maharashtra,Maharashtra City 3,4G,Prepaid,3.5,23.5,518,3.95,54
AIR105627,2025-07-15,Tamil Nadu,Tamil Nadu City 1,4G,Broadband,1.7,15.18,585,3.38,12
AIR105628,2025-08-15,West Bengal,West Bengal City 1,5G,Prepaid,0.8,25.66,349,4.37,37
AIR105629,2025-09-15,Maharashtra,Maharashtra City 2,5G,Prepaid,3.3,50.29,510,4.29,52
AIR105630,2025-10-15,Karnataka,Karnataka City 2,4G,Broadband,2.9,30.53,192,3.2,3
AIR105631,2025-11-15,Tamil Nadu,Tamil Nadu City 3,4G,Postpaid,2,37.75,287,3.35,10
AIR105632,2025-12-15,Delhi,Delhi City 3,5G,Broadband,4.4,37.76,631,3.65,30
AIR105633,2025-02-15,West Bengal,West Bengal City 2,5G,Prepaid,5.7,36.24,631,3.98,43
AIR105634,2025-03-15,Maharashtra,Maharashtra City 2,5G,Prepaid,2.4,45.59,604,3.67,27
AIR105635,2025-04-15,Tamil Nadu,Tamil Nadu City 1,4G,Prepaid,2.9,18.62,436,3.99,30
AIR105636,2025-05-15,Delhi,Delhi City 1,5G,Broadband,4.7,22.87,497,3.93,17
AIR105637,2025-06-15,Rajasthan,Rajasthan City 3,4G,Broadband,3,23.6,306,3.37,18
AIR105638,2025-07-15,Tamil Nadu,Tamil Nadu City 2,4G,Enterprise,4.7,32.21,157,3.31,17
AIR105639,2025-08-15,Karnataka,Karnataka City 3,5G,Prepaid,0.9,10.96,941,4.62,54
AIR105640,2025-09-15,Rajasthan,Rajasthan City 1,4G,Broadband,2.8,21.49,590,3.17,-1
AIR105641,2025-10-15,Karnataka,Karnataka City 3,5G,Prepaid,4,46.14,485,3.74,31
AIR105642,2025-11-15,Maharashtra,Maharashtra City 3,4G,Postpaid,5.7,18.26,262,3.53,17
AIR105643,2025-12-15,Telangana,Telangana City 3,5G,Broadband,1.7,70.75,488,4.43,50
AIR105644,2025-02-15,Maharashtra,Maharashtra City 1,4G,Prepaid,5.5,14.37,534,3.74,17
AIR105645,2025-03-15,Rajasthan,Rajasthan City 3,4G,Prepaid,4.5,13,226,3.54,20
AIR105646,2025-04-15,Gujarat,Gujarat City 1,4G,Prepaid,5.3,18.56,448,3.33,-3
AIR105647,2025-05-15,Maharashtra,Maharashtra City 2,4G,Postpaid,5.9,15.92,251,3.44,12
AIR105648,2025-06-15,Rajasthan,Rajasthan City 3,5G,Prepaid,4.5,59.71,255,3.76,28
AIR105649,2025-07-15,Tamil Nadu,Tamil Nadu City 3,4G,Prepaid,4.2,18.47,578,3.56,16
AIR105650,2025-08-15,Uttar Pradesh,Uttar Pradesh City 1,4G,Enterprise,4.4,16.6,462,4.19,38
AIR105651,2025-09-15,Maharashtra,Maharashtra City 3,4G,Prepaid,1.9,18.77,113,3.45,11
AIR105652,2025-10-15,Tamil Nadu,Tamil Nadu City 1,5G,Prepaid,1.4,37.79,183,3.51,39
AIR105653,2025-11-15,Karnataka,Karnataka City 3,4G,Postpaid,5,18.46,214,3.2,18
AIR105654,2025-12-15,West Bengal,West Bengal City 2,4G,Broadband,3.7,23.78,370,4.21,45
AIR105655,2025-02-15,Telangana,Telangana City 2,4G,Prepaid,5.3,16.02,614,3.23,17
AIR105656,2025-03-15,Karnataka,Karnataka City 2,5G,Postpaid,5.7,2.93,435,4.1,46
AIR105657,2025-04-15,Karnataka,Karnataka City 3,4G,Prepaid,0.3,26.67,672,3.67,13
AIR105658,2025-05-15,Rajasthan,Rajasthan City 3,4G,Postpaid,1.9,3.94,659,3.86,25
AIR105659,2025-06-15,Gujarat,Gujarat City 2,5G,Prepaid,5.8,37.55,781,3.46,30
AIR105660,2025-07-15,Kerala,Kerala City 2,5G,Prepaid,4.5,6.99,648,4.46,50
AIR105661,2025-08-15,Uttar Pradesh,Uttar Pradesh City 1,4G,Postpaid,6.2,6.43,306,3.89,31
AIR105662,2025-09-15,Gujarat,Gujarat City 1,5G,Broadband,3,18.93,508,3.95,39
AIR105663,2025-10-15,Rajasthan,Rajasthan City 2,4G,Postpaid,3.5,36.09,171,4.05,27
AIR105664,2025-11-15,Telangana,Telangana City 2,4G,Broadband,3.9,23.17,113,3.78,30
AIR105665,2025-12-15,Uttar Pradesh,Uttar Pradesh City 3,4G,Postpaid,4.1,25.11,517,3.82,20
AIR105666,2025-02-15,Uttar Pradesh,Uttar Pradesh City 2,5G,Prepaid,0.3,20.27,381,3.52,12
AIR105667,2025-03-15,Rajasthan,Rajasthan City 1,4G,Prepaid,1.6,22.64,487,3.78,36
AIR105668,2025-04-15,Delhi,Delhi City 1,4G,Broadband,1.2,6.94,477,3.07,1
AIR105669,2025-05-15,Karnataka,Karnataka City 1,4G,Postpaid,3.5,15.86,364,3.37,21
AIR105670,2025-06-15,West Bengal,West Bengal City 1,5G,Enterprise,4,44.35,254,3.86,39
AIR105671,2025-07-15,Delhi,Delhi City 1,4G,Prepaid,4.1,27.95,452,4.09,26
AIR105672,2025-08-15,Rajasthan,Rajasthan City 1,4G,Prepaid,3.1,27.01,407,3.37,26
AIR105673,2025-09-15,Delhi,Delhi City 2,4G,Prepaid,3.1,26.44,548,3.5,21
AIR105674,2025-10-15,West Bengal,West Bengal City 1,4G,Prepaid,4,11.05,503,3.49,5
AIR105675,2025-11-15,Rajasthan,Rajasthan City 1,5G,Prepaid,3.8,35.69,467,3.96,47
AIR105676,2025-12-15,Rajasthan,Rajasthan City 1,4G,Prepaid,6.6,21.4,594,3.14,8
AIR105677,2025-02-15,Uttar Pradesh,Uttar Pradesh City 1,5G,Postpaid,0.8,35.08,328,4.05,34
AIR105678,2025-03-15,Delhi,Delhi City 2,4G,Prepaid,1.6,1,445,2.58,-23
AIR105679,2025-04-15,Tamil Nadu,Tamil Nadu City 3,5G,Prepaid,5.7,21.6,139,3.43,44
AIR105680,2025-05-15,Maharashtra,Maharashtra City 3,4G,Postpaid,5.9,29.4,457,3.06,-21
AIR105681,2025-06-15,Rajasthan,Rajasthan City 3,4G,Postpaid,1,25.24,749,3.34,4
AIR105682,2025-07-15,Delhi,Delhi City 3,5G,Postpaid,5.5,36.63,335,4.12,28
AIR105683,2025-08-15,Kerala,Kerala City 1,5G,Postpaid,6.3,33,539,4.02,19
AIR105684,2025-09-15,Telangana,Telangana City 3,4G,Broadband,5.6,9.47,341,3.44,20
AIR105685,2025-10-15,Kerala,Kerala City 3,4G,Postpaid,1.4,27.59,554,3.39,29
AIR105686,2025-11-15,Delhi,Delhi City 2,4G,Broadband,5.7,1,622,3.78,9
AIR105687,2025-12-15,Karnataka,Karnataka City 2,5G,Postpaid,2.2,21.41,270,3.81,32
AIR105688,2025-02-15,Karnataka,Karnataka City 2,4G,Prepaid,5.4,13.64,33,2.58,-19
AIR105689,2025-03-15,Delhi,Delhi City 1,4G,Prepaid,0.5,8.43,456,3.05,-4
AIR105690,2025-04-15,Uttar Pradesh,Uttar Pradesh City 1,4G,Postpaid,1.4,11.34,20,3.81,26
AIR105691,2025-05-15,Uttar Pradesh,Uttar Pradesh City 1,5G,Postpaid,5.8,26.66,447,4.29,42
AIR105692,2025-06-15,Rajasthan,Rajasthan City 2,4G,Postpaid,6.4,17.65,426,3.36,-1
AIR105693,2025-07-15,West Bengal,West Bengal City 3,4G,Prepaid,2.6,31.95,737,3.43,19
AIR105694,2025-08-15,Maharashtra,Maharashtra City 2,4G,Postpaid,3.9,7.79,470,3.69,12
AIR105695,2025-09-15,Rajasthan,Rajasthan City 1,4G,Postpaid,2.9,30.94,606,2.71,19
AIR105696,2025-10-15,Kerala,Kerala City 2,4G,Postpaid,4.3,9.01,180,3.37,-1
AIR105697,2025-11-15,Maharashtra,Maharashtra City 3,5G,Postpaid,1.7,22.26,621,4,20
AIR105698,2025-12-15,Kerala,Kerala City 1,5G,Enterprise,1.1,29.18,463,3.75,14
AIR105699,2025-02-15,Uttar Pradesh,Uttar Pradesh City 3,4G,Prepaid,0.8,1,246,2.93,-2
AIR105700,2025-03-15,Delhi,Delhi City 3,5G,Prepaid,4.4,57.49,170,4.05,48
AIR105701,2025-04-15,West Bengal,West Bengal City 1,4G,Broadband,1.3,19.32,261,4.11,38
AIR105702,2025-05-15,Kerala,Kerala City 3,4G,Prepaid,0.6,19.16,247,3.43,28
AIR105703,2025-06-15,Uttar Pradesh,Uttar Pradesh City 2,5G,Postpaid,4.9,21.97,349,4.47,62
AIR105704,2025-07-15,West Bengal,West Bengal City 3,4G,Prepaid,6.4,21.19,147,3.1,0
AIR105705,2025-08-15,Rajasthan,Rajasthan City 3,4G,Prepaid,5.6,29.65,483,3.57,15
AIR105706,2025-09-15,Delhi,Delhi City 3,5G,Prepaid,0.9,50.95,572,4.26,43
AIR105707,2025-10-15,Telangana,Telangana City 2,4G,Prepaid,6.6,21.45,248,3.85,22
AIR105708,2025-11-15,Karnataka,Karnataka City 3,5G,Prepaid,3.4,59.31,690,4.39,68
AIR105709,2025-12-15,Gujarat,Gujarat City 3,5G,Prepaid,1.4,38.7,458,3.67,30
AIR105710,2025-02-15,West Bengal,West Bengal City 2,4G,Postpaid,0.4,21.64,453,4.04,38
AIR105711,2025-03-15,Telangana,Telangana City 1,4G,Postpaid,3.4,18.58,590,2.45,-5
AIR105712,2025-04-15,Telangana,Telangana City 1,4G,Broadband,2.1,29.47,171,3.28,0
AIR105713,2025-05-15,West Bengal,West Bengal City 1,4G,Broadband,2.1,16.09,473,2.81,-11
AIR105714,2025-06-15,Telangana,Telangana City 3,4G,Prepaid,5,6.48,437,3.45,13
AIR105715,2025-07-15,Kerala,Kerala City 1,5G,Broadband,5.4,22.47,353,3.27,23
AIR105716,2025-08-15,Telangana,Telangana City 2,4G,Postpaid,2,36.01,389,2.95,10
AIR105717,2025-09-15,Uttar Pradesh,Uttar Pradesh City 3,4G,Postpaid,1.3,1,499,3.76,34
AIR105718,2025-10-15,Maharashtra,Maharashtra City 3,4G,Postpaid,1.2,22.83,372,3.54,25
AIR105719,2025-11-15,Kerala,Kerala City 3,4G,Prepaid,5.1,25.18,192,3.42,16
AIR105720,2025-12-15,Telangana,Telangana City 1,5G,Postpaid,4.4,50.92,816,4.36,45
AIR105721,2025-02-15,Rajasthan,Rajasthan City 1,4G,Prepaid,3.8,5.95,115,4.1,35
AIR105722,2025-03-15,Karnataka,Karnataka City 1,5G,Prepaid,2.1,24.76,211,4.23,25
AIR105723,2025-04-15,Delhi,Delhi City 3,4G,Prepaid,3.7,7.68,294,3.71,48
AIR105724,2025-05-15,Telangana,Telangana City 2,4G,Prepaid,2.5,30.29,224,3.8,48
AIR105725,2025-06-15,Tamil Nadu,Tamil Nadu City 3,4G,Broadband,5,18.6,617,3.72,20
AIR105726,2025-07-15,Karnataka,Karnataka City 2,4G,Enterprise,6.3,29.28,643,3.17,19
AIR105727,2025-08-15,Rajasthan,Rajasthan City 3,4G,Prepaid,2.5,20.88,419,3.72,33
AIR105728,2025-09-15,Uttar Pradesh,Uttar Pradesh City 2,4G,Prepaid,1.9,17.33,489,3.25,7
AIR105729,2025-10-15,Telangana,Telangana City 3,5G,Prepaid,1.8,42.46,21,3.83,11
AIR105730,2025-11-15,Uttar Pradesh,Uttar Pradesh City 3,4G,Broadband,6.2,13.53,505,3.87,36
AIR105731,2025-12-15,Telangana,Telangana City 2,5G,Prepaid,0.9,20.4,316,3.21,7
AIR105732,2025-02-15,Gujarat,Gujarat City 2,4G,Broadband,3.7,21.94,329,2.57,-17
AIR105733,2025-03-15,Maharashtra,Maharashtra City 2,4G,Postpaid,4.4,6.55,349,3.25,1
AIR105734,2025-04-15,Uttar Pradesh,Uttar Pradesh City 2,4G,Broadband,1.1,25.88,692,2.69,-30
AIR105735,2025-05-15,Maharashtra,Maharashtra City 2,4G,Postpaid,6,8.11,368,3.74,22
AIR105736,2025-06-15,Karnataka,Karnataka City 2,5G,Postpaid,2.5,35.33,581,4.3,41
AIR105737,2025-07-15,Gujarat,Gujarat City 2,4G,Postpaid,6.4,10.68,635,4.23,51
AIR105738,2025-08-15,Delhi,Delhi City 2,4G,Broadband,3.1,13.18,228,3.17,23
AIR105739,2025-09-15,Kerala,Kerala City 3,4G,Broadband,2,33.42,413,3.97,60
AIR105740,2025-10-15,Maharashtra,Maharashtra City 2,4G,Postpaid,4.4,22.24,730,3.61,17
AIR105741,2025-11-15,Gujarat,Gujarat City 2,5G,Postpaid,5.5,36.21,424,4.1,31
AIR105742,2025-12-15,Maharashtra,Maharashtra City 3,4G,Broadband,4.1,15.59,561,3.11,20
AIR105743,2025-02-15,West Bengal,West Bengal City 3,5G,Broadband,2.2,67.26,472,3.8,47
AIR105744,2025-03-15,Rajasthan,Rajasthan City 1,4G,Postpaid,0.5,21.57,263,3.65,22
AIR105745,2025-04-15,Delhi,Delhi City 1,5G,Prepaid,3.9,34.91,290,3.71,21
AIR105746,2025-05-15,Rajasthan,Rajasthan City 2,5G,Prepaid,4.2,41.41,581,3.61,28
AIR105747,2025-06-15,Telangana,Telangana City 2,4G,Broadband,3.6,25.91,334,3.21,9
AIR105748,2025-07-15,Maharashtra,Maharashtra City 1,4G,Prepaid,5.6,1,661,3.59,20
AIR105749,2025-08-15,Telangana,Telangana City 1,5G,Prepaid,2.5,53.54,395,5,66
AIR105750,2025-09-15,Tamil Nadu,Tamil Nadu City 2,4G,Prepaid,1.4,16.78,500,3.49,9
AIR105751,2025-10-15,Maharashtra,Maharashtra City 1,5G,Postpaid,2.8,45.34,234,3.7,22
AIR105752,2025-11-15,Gujarat,Gujarat City 2,4G,Postpaid,4.6,15.81,756,3.36,8
AIR105753,2025-12-15,Delhi,Delhi City 3,4G,Prepaid,5.3,22.44,297,3.52,23
AIR105754,2025-02-15,Telangana,Telangana City 3,5G,Prepaid,3.5,29.78,614,4.24,45
AIR105755,2025-03-15,Maharashtra,Maharashtra City 1,4G,Postpaid,5.6,11.2,455,3.36,22
AIR105756,2025-04-15,Tamil Nadu,Tamil Nadu City 3,4G,Broadband,4.1,25.09,135,3.51,14
AIR105757,2025-05-15,Rajasthan,Rajasthan City 3,4G,Prepaid,0.9,11.79,550,2.5,-17
AIR105758,2025-06-15,Gujarat,Gujarat City 3,4G,Prepaid,0.4,23.84,625,3.92,41
AIR105759,2025-07-15,West Bengal,West Bengal City 3,5G,Postpaid,1.5,41.03,575,3.9,35
AIR105760,2025-08-15,Maharashtra,Maharashtra City 2,5G,Broadband,1,9.64,242,3.2,17
AIR105761,2025-09-15,West Bengal,West Bengal City 2,5G,Postpaid,1.5,27.46,184,4.21,51
AIR105762,2025-10-15,Karnataka,Karnataka City 1,4G,Postpaid,2.6,13.75,250,4.24,23
AIR105763,2025-11-15,Delhi,Delhi City 3,4G,Broadband,2.9,8.18,478,3.68,20
AIR105764,2025-12-15,Maharashtra,Maharashtra City 3,5G,Prepaid,3.2,31.72,363,3.22,-4
AIR105765,2025-02-15,Uttar Pradesh,Uttar Pradesh City 3,4G,Prepaid,3.2,15.63,205,3.27,19
AIR105766,2025-03-15,Tamil Nadu,Tamil Nadu City 1,4G,Postpaid,5.5,19.63,347,3.5,11
AIR105767,2025-04-15,Telangana,Telangana City 2,5G,Broadband,3.2,31.53,361,4.54,56
AIR105768,2025-05-15,Uttar Pradesh,Uttar Pradesh City 3,4G,Postpaid,2.8,8.28,343,3.22,-10
AIR105769,2025-06-15,Karnataka,Karnataka City 2,4G,Enterprise,3,22.63,20,3.14,26
AIR105770,2025-07-15,Delhi,Delhi City 1,4G,Postpaid,6.4,28.81,482,3.79,27
AIR105771,2025-08-15,Rajasthan,Rajasthan City 2,4G,Postpaid,4.5,24.23,411,3.52,34
AIR105772,2025-09-15,Gujarat,Gujarat City 3,4G,Prepaid,6.5,8.57,218,3.36,16
AIR105773,2025-10-15,West Bengal,West Bengal City 2,5G,Prepaid,6.3,17.08,396,4.4,49
AIR105774,2025-11-15,Karnataka,Karnataka City 2,4G,Postpaid,6.8,11.42,353,3.16,0
AIR105775,2025-12-15,Telangana,Telangana City 1,4G,Prepaid,5.3,10.81,448,3.38,-6
AIR105776,2025-02-15,Gujarat,Gujarat City 1,5G,Prepaid,4.3,60.28,75,4.59,60
AIR105777,2025-03-15,Rajasthan,Rajasthan City 1,4G,Broadband,3.6,16.7,313,3.36,19
AIR105778,2025-04-15,Telangana,Telangana City 1,4G,Broadband,3.7,8.12,360,3.93,29
AIR105779,2025-05-15,Tamil Nadu,Tamil Nadu City 2,4G,Prepaid,2.7,20.76,155,2.93,-3
AIR105780,2025-06-15,West Bengal,West Bengal City 2,5G,Postpaid,4.1,37.88,664,4.22,40
AIR105781,2025-07-15,Uttar Pradesh,Uttar Pradesh City 1,4G,Prepaid,3.9,9.82,437,3.21,12
AIR105782,2025-08-15,Maharashtra,Maharashtra City 1,4G,Prepaid,4.6,4.57,284,3.54,5
AIR105783,2025-09-15,Karnataka,Karnataka City 3,4G,Postpaid,2.1,26.52,301,3.96,36
AIR105784,2025-10-15,Maharashtra,Maharashtra City 3,4G,Postpaid,3.2,17.05,341,3.16,2
AIR105785,2025-11-15,Gujarat,Gujarat City 1,4G,Prepaid,2.4,30.11,410,3.04,5
AIR105786,2025-12-15,Maharashtra,Maharashtra City 2,4G,Prepaid,1.6,17.83,428,3.87,15
AIR105787,2025-02-15,Uttar Pradesh,Uttar Pradesh City 1,4G,Prepaid,2.4,16.8,26,3.58,14
AIR105788,2025-03-15,Kerala,Kerala City 2,4G,Enterprise,2.9,1,549,2.91,-9
AIR105789,2025-04-15,Gujarat,Gujarat City 2,4G,Postpaid,1.3,16.09,511,3.21,27
AIR105790,2025-05-15,West Bengal,West Bengal City 3,4G,Prepaid,5,2.76,65,3.18,1
AIR105791,2025-06-15,Telangana,Telangana City 1,4G,Prepaid,1,20.66,421,3.36,11
AIR105792,2025-07-15,West Bengal,West Bengal City 1,5G,Postpaid,4.9,51.22,82,4.11,43
AIR105793,2025-08-15,Maharashtra,Maharashtra City 2,5G,Postpaid,2.9,50.54,391,3.37,11
AIR105794,2025-09-15,Delhi,Delhi City 1,5G,Broadband,3.6,45.81,303,3.91,27
AIR105795,2025-10-15,Gujarat,Gujarat City 3,4G,Prepaid,6,27.81,572,2.81,1
AIR105796,2025-11-15,Telangana,Telangana City 3,4G,Enterprise,5.1,11.55,197,2.96,19
AIR105797,2025-12-15,Rajasthan,Rajasthan City 1,4G,Prepaid,6.3,13,467,2.81,-7
AIR105798,2025-02-15,Tamil Nadu,Tamil Nadu City 1,4G,Prepaid,5.9,19.93,638,3.93,32
AIR105799,2025-03-15,West Bengal,West Bengal City 3,4G,Prepaid,3.9,12.4,494,3.49,10
AIR105800,2025-04-15,West Bengal,West Bengal City 1,4G,Postpaid,2.6,13.27,223,3.43,3
AIR105801,2025-05-15,Gujarat,Gujarat City 2,4G,Broadband,3.6,16.77,607,3.75,33
AIR105802,2025-06-15,Delhi,Delhi City 1,4G,Postpaid,3.1,17.16,433,3.06,-5
AIR105803,2025-07-15,Maharashtra,Maharashtra City 2,4G,Postpaid,4.2,15.69,641,3.88,32
AIR105804,2025-08-15,Maharashtra,Maharashtra City 1,4G,Prepaid,1,24.63,756,3.41,12
AIR105805,2025-09-15,Gujarat,Gujarat City 1,4G,Prepaid,2.7,19.74,111,3.62,30
AIR105806,2025-10-15,West Bengal,West Bengal City 3,4G,Postpaid,5.5,14.61,282,3.24,14
AIR105807,2025-11-15,Telangana,Telangana City 2,5G,Postpaid,1.9,34.12,269,3.83,14
AIR105808,2025-12-15,Tamil Nadu,Tamil Nadu City 3,4G,Postpaid,1.3,13.17,538,3.31,19
AIR105809,2025-02-15,Gujarat,Gujarat City 1,4G,Prepaid,0.9,16.37,875,3.25,26
AIR105810,2025-03-15,Telangana,Telangana City 3,5G,Prepaid,3.5,7.72,534,3.48,12
AIR105811,2025-04-15,Telangana,Telangana City 1,4G,Prepaid,5.1,13.45,161,2.92,-4
AIR105812,2025-05-15,Rajasthan,Rajasthan City 1,4G,Broadband,2.4,25.4,369,3.64,4
AIR105813,2025-06-15,Uttar Pradesh,Uttar Pradesh City 1,4G,Postpaid,5.8,14.04,539,3.96,37
AIR105814,2025-07-15,Kerala,Kerala City 2,4G,Prepaid,1,15.31,190,3.7,16
AIR105815,2025-08-15,Tamil Nadu,Tamil Nadu City 2,4G,Prepaid,4.4,11.89,254,3.45,13
AIR105816,2025-09-15,Karnataka,Karnataka City 2,4G,Prepaid,1.7,17.43,145,3.66,19
AIR105817,2025-10-15,Delhi,Delhi City 3,4G,Postpaid,6.2,20.18,910,3.36,10
AIR105818,2025-11-15,Kerala,Kerala City 1,5G,Postpaid,1,44.85,317,3.34,3
AIR105819,2025-12-15,Rajasthan,Rajasthan City 3,4G,Enterprise,5.4,23.49,335,3.53,17
AIR105820,2025-02-15,Tamil Nadu,Tamil Nadu City 3,4G,Postpaid,3.2,1.39,289,3.15,4
AIR105821,2025-03-15,Maharashtra,Maharashtra City 1,4G,Prepaid,1.4,22.16,618,2.9,2
AIR105822,2025-04-15,Kerala,Kerala City 3,4G,Postpaid,4.2,21.09,351,3.63,26
AIR105823,2025-05-15,Maharashtra,Maharashtra City 1,5G,Postpaid,4.6,68.28,368,4.02,35
AIR105824,2025-06-15,Delhi,Delhi City 1,4G,Prepaid,3.6,17.64,536,3.57,17
AIR105825,2025-07-15,Maharashtra,Maharashtra City 1,5G,Broadband,0.9,4.15,111,3.55,19
AIR105826,2025-08-15,Delhi,Delhi City 1,4G,Broadband,2.7,32.47,726,3.46,31
AIR105827,2025-09-15,Tamil Nadu,Tamil Nadu City 3,5G,Postpaid,1.8,52.29,547,3.91,30
AIR105828,2025-10-15,West Bengal,West Bengal City 3,4G,Postpaid,3,26.65,79,2.67,-7
AIR105829,2025-11-15,Delhi,Delhi City 3,4G,Postpaid,1.1,10.73,364,2.96,-13
AIR105830,2025-12-15,Telangana,Telangana City 2,5G,Postpaid,2.6,37.71,396,3.94,43
AIR105831,2025-02-15,Karnataka,Karnataka City 3,5G,Prepaid,0.5,15.06,60,3.8,24
AIR105832,2025-03-15,Karnataka,Karnataka City 3,4G,Prepaid,5,25.92,76,3.04,-12
AIR105833,2025-04-15,Gujarat,Gujarat City 2,5G,Prepaid,5.7,30.28,525,3.43,20
AIR105834,2025-05-15,Karnataka,Karnataka City 1,4G,Postpaid,3.5,14.05,384,3.63,31
AIR105835,2025-06-15,Gujarat,Gujarat City 1,4G,Prepaid,4.6,22.49,309,3.33,4
AIR105836,2025-07-15,Karnataka,Karnataka City 1,4G,Postpaid,0.7,8.06,407,3.58,21
AIR105837,2025-08-15,Delhi,Delhi City 2,5G,Postpaid,2.8,30.65,473,3.44,4
AIR105838,2025-09-15,Telangana,Telangana City 3,5G,Prepaid,4.2,30.67,422,3.06,18
AIR105839,2025-10-15,West Bengal,West Bengal City 3,4G,Postpaid,3.3,22.81,341,3.47,7
AIR105840,2025-11-15,Maharashtra,Maharashtra City 3,4G,Prepaid,2.7,22.93,358,2.9,-3
AIR105841,2025-12-15,Rajasthan,Rajasthan City 3,4G,Prepaid,2.4,10.05,472,3.76,12
AIR105842,2025-02-15,Karnataka,Karnataka City 2,4G,Prepaid,3.1,13.09,496,3.33,7
AIR105843,2025-03-15,West Bengal,West Bengal City 3,4G,Enterprise,2.3,19.82,500,3.51,11
AIR105844,2025-04-15,West Bengal,West Bengal City 1,4G,Postpaid,6,12.54,300,3.34,6
AIR105845,2025-05-15,Delhi,Delhi City 2,4G,Prepaid,0.5,8.78,243,3.44,25
AIR105846,2025-06-15,Tamil Nadu,Tamil Nadu City 2,4G,Enterprise,2.3,20.91,527,3,3
AIR105847,2025-07-15,Tamil Nadu,Tamil Nadu City 1,4G,Postpaid,1.2,4.28,62,3.36,4
AIR105848,2025-08-15,Karnataka,Karnataka City 1,5G,Prepaid,5.5,21.53,144,3.49,21
AIR105849,2025-09-15,Rajasthan,Rajasthan City 3,4G,Prepaid,4.1,17.04,471,2.57,-7
AIR105850,2025-10-15,Karnataka,Karnataka City 1,4G,Prepaid,6.3,19.7,60,3.59,20
AIR105851,2025-11-15,Karnataka,Karnataka City 2,4G,Postpaid,2.6,11.98,320,3.36,-3
AIR105852,2025-12-15,Gujarat,Gujarat City 2,4G,Postpaid,6.8,11.13,309,4.17,37
AIR105853,2025-02-15,Telangana,Telangana City 2,4G,Prepaid,2.9,9.46,302,3.12,-1
AIR105854,2025-03-15,Telangana,Telangana City 3,4G,Prepaid,5.2,22.71,631,3.79,23
AIR105855,2025-04-15,Rajasthan,Rajasthan City 3,5G,Prepaid,2.7,31.13,411,3.13,-8
AIR105856,2025-05-15,Gujarat,Gujarat City 1,4G,Prepaid,6.3,21.61,533,3.81,28
AIR105857,2025-06-15,West Bengal,West Bengal City 3,4G,Postpaid,5.7,15.34,274,4.03,37
AIR105858,2025-07-15,Gujarat,Gujarat City 3,4G,Prepaid,1.8,28.33,397,3.66,12
AIR105859,2025-08-15,Karnataka,Karnataka City 2,4G,Postpaid,2.9,30.03,482,3.31,27
AIR105860,2025-09-15,Tamil Nadu,Tamil Nadu City 2,5G,Broadband,1.7,42.16,236,4.76,59
AIR105861,2025-10-15,Kerala,Kerala City 1,5G,Prepaid,4.4,39.76,521,3.58,9
AIR105862,2025-11-15,Rajasthan,Rajasthan City 2,4G,Prepaid,5.8,15.27,440,3.49,22
AIR105863,2025-12-15,West Bengal,West Bengal City 3,4G,Prepaid,5.5,25.86,156,3.4,17
AIR105864,2025-02-15,Delhi,Delhi City 1,5G,Postpaid,2.7,47.52,272,4.8,81
AIR105865,2025-03-15,Kerala,Kerala City 1,4G,Postpaid,3.3,36.72,289,3.25,31
AIR105866,2025-04-15,Kerala,Kerala City 2,5G,Postpaid,0.5,25.38,610,4.17,50
AIR105867,2025-05-15,Gujarat,Gujarat City 2,5G,Postpaid,3.2,6.46,344,4.21,43
AIR105868,2025-06-15,Maharashtra,Maharashtra City 2,4G,Prepaid,0.8,18.67,257,3.33,13
AIR105869,2025-07-15,Kerala,Kerala City 1,5G,Prepaid,3.7,40.69,469,3.8,4
AIR105870,2025-08-15,Karnataka,Karnataka City 2,5G,Prepaid,5.2,32.95,579,3.11,1
AIR105871,2025-09-15,Uttar Pradesh,Uttar Pradesh City 3,5G,Postpaid,5.9,41.88,168,3.48,21
AIR105872,2025-10-15,Tamil Nadu,Tamil Nadu City 1,4G,Prepaid,6.6,14.16,457,3.09,21
AIR105873,2025-11-15,Tamil Nadu,Tamil Nadu City 2,4G,Postpaid,1.7,33.02,382,2.82,21
AIR105874,2025-12-15,Uttar Pradesh,Uttar Pradesh City 3,4G,Postpaid,2.6,33.72,449,3.06,-11
AIR105875,2025-02-15,Telangana,Telangana City 3,4G,Prepaid,1.6,29.4,470,3.33,-12
AIR105876,2025-03-15,Karnataka,Karnataka City 2,4G,Postpaid,1.2,7.95,382,3.63,11
AIR105877,2025-04-15,Delhi,Delhi City 3,4G,Enterprise,3.7,26.23,248,3.78,15
AIR105878,2025-05-15,Kerala,Kerala City 1,4G,Prepaid,2.8,7.67,279,3.57,11
AIR105879,2025-06-15,Telangana,Telangana City 1,4G,Prepaid,4.7,10.52,329,3.91,33
AIR105880,2025-07-15,Karnataka,Karnataka City 3,4G,Prepaid,5.8,19.47,404,3.98,54
AIR105881,2025-08-15,Gujarat,Gujarat City 1,4G,Postpaid,4.3,25.63,639,3.39,0
AIR105882,2025-09-15,Tamil Nadu,Tamil Nadu City 2,5G,Prepaid,6.7,34.27,546,3.77,15
AIR105883,2025-10-15,Telangana,Telangana City 3,4G,Broadband,5.8,8.81,297,3.02,9
AIR105884,2025-11-15,Rajasthan,Rajasthan City 1,4G,Postpaid,1.8,17.98,333,3.88,23
AIR105885,2025-12-15,Kerala,Kerala City 2,5G,Broadband,5.3,32.17,401,3.92,39
AIR105886,2025-02-15,Kerala,Kerala City 2,4G,Prepaid,4.4,24.31,250,3.99,49
AIR105887,2025-03-15,Delhi,Delhi City 1,4G,Broadband,2,1,683,3.49,20
AIR105888,2025-04-15,Maharashtra,Maharashtra City 3,5G,Prepaid,1.5,51.46,431,4.69,41
AIR105889,2025-05-15,Rajasthan,Rajasthan City 2,5G,Prepaid,4.1,9.49,550,4.01,26
AIR105890,2025-06-15,Kerala,Kerala City 2,4G,Broadband,0.6,11.4,531,3.5,25
AIR105891,2025-07-15,West Bengal,West Bengal City 2,5G,Prepaid,0.5,44.01,464,4.08,13
AIR105892,2025-08-15,Rajasthan,Rajasthan City 2,5G,Broadband,1.6,26.8,549,3.33,15
AIR105893,2025-09-15,Kerala,Kerala City 3,4G,Postpaid,4.3,12.15,390,3.16,-9
AIR105894,2025-10-15,Uttar Pradesh,Uttar Pradesh City 1,4G,Enterprise,6.2,20.58,473,3.37,30
AIR105895,2025-11-15,Rajasthan,Rajasthan City 1,4G,Postpaid,1.6,21.92,536,3.48,26
AIR105896,2025-12-15,Karnataka,Karnataka City 1,4G,Postpaid,2.8,13,764,3.39,9
AIR105897,2025-02-15,Rajasthan,Rajasthan City 2,4G,Prepaid,4.7,1,340,3.41,14
AIR105898,2025-03-15,Delhi,Delhi City 3,5G,Postpaid,5.3,28.74,622,4.07,35
AIR105899,2025-04-15,Gujarat,Gujarat City 1,4G,Postpaid,0.9,12.03,469,3.24,12
AIR105900,2025-05-15,Gujarat,Gujarat City 3,5G,Postpaid,2.2,23.1,484,3.43,21
AIR105901,2025-06-15,Gujarat,Gujarat City 1,4G,Prepaid,3.5,26.87,257,3.79,47
AIR105902,2025-07-15,Karnataka,Karnataka City 2,4G,Prepaid,5,6.13,474,3.16,-6
AIR105903,2025-08-15,Telangana,Telangana City 1,4G,Prepaid,4.1,20.57,336,3.25,15
AIR105904,2025-09-15,Gujarat,Gujarat City 2,4G,Prepaid,3.5,8.28,449,3.14,6
AIR105905,2025-10-15,Tamil Nadu,Tamil Nadu City 2,4G,Prepaid,6.5,15.63,393,3.28,-28
AIR105906,2025-11-15,Karnataka,Karnataka City 1,5G,Broadband,4.7,20.11,435,4.13,44
AIR105907,2025-12-15,Telangana,Telangana City 3,4G,Prepaid,6.7,16.48,615,4,40
AIR105908,2025-02-15,Tamil Nadu,Tamil Nadu City 2,4G,Prepaid,5.3,8.63,578,3.59,9
AIR105909,2025-03-15,Tamil Nadu,Tamil Nadu City 3,5G,Enterprise,1.4,35.23,342,4.02,46
AIR105910,2025-04-15,Tamil Nadu,Tamil Nadu City 1,4G,Prepaid,6.1,25.03,386,4.14,31
AIR105911,2025-05-15,West Bengal,West Bengal City 2,4G,Postpaid,5.7,11.96,296,3.51,14
AIR105912,2025-06-15,Delhi,Delhi City 3,4G,Postpaid,4.5,14.43,466,3.14,-8
AIR105913,2025-07-15,Delhi,Delhi City 2,5G,Postpaid,4.4,55.79,616,4.43,48
AIR105914,2025-08-15,Karnataka,Karnataka City 1,4G,Postpaid,6,7.07,157,3.73,31
AIR105915,2025-09-15,Tamil Nadu,Tamil Nadu City 2,4G,Postpaid,0.8,25.45,331,3.27,22
AIR105916,2025-10-15,Uttar Pradesh,Uttar Pradesh City 1,4G,Prepaid,5.9,11.63,296,3.77,26
AIR105917,2025-11-15,Rajasthan,Rajasthan City 3,5G,Postpaid,1.2,32.45,613,3.83,37
AIR105918,2025-12-15,Telangana,Telangana City 2,4G,Postpaid,4,25.37,591,3.18,7
AIR105919,2025-02-15,Delhi,Delhi City 3,5G,Prepaid,3.3,21.83,555,3.93,24
AIR105920,2025-03-15,Gujarat,Gujarat City 1,4G,Prepaid,0.9,21.55,764,3.29,11
AIR105921,2025-04-15,Karnataka,Karnataka City 1,4G,Broadband,3.7,4.2,347,2.93,2
AIR105922,2025-05-15,Telangana,Telangana City 3,5G,Postpaid,2.1,21.46,336,4.69,43
AIR105923,2025-06-15,Karnataka,Karnataka City 3,5G,Prepaid,5.7,53.58,462,4.24,48
AIR105924,2025-07-15,Uttar Pradesh,Uttar Pradesh City 1,4G,Broadband,2.3,13.5,716,3.96,38
AIR105925,2025-08-15,West Bengal,West Bengal City 3,4G,Postpaid,6.1,9.61,527,3.82,17
AIR105926,2025-09-15,West Bengal,West Bengal City 1,4G,Enterprise,6.5,4.21,645,3.59,19
AIR105927,2025-10-15,Tamil Nadu,Tamil Nadu City 3,4G,Broadband,5.2,18.21,168,3.72,20
AIR105928,2025-11-15,West Bengal,West Bengal City 1,5G,Postpaid,1.1,25.45,392,3.62,10
AIR105929,2025-12-15,Karnataka,Karnataka City 1,4G,Postpaid,1.7,15.7,480,3.43,36
AIR105930,2025-02-15,Gujarat,Gujarat City 2,4G,Postpaid,2.7,15.66,419,2.84,9
AIR105931,2025-03-15,Tamil Nadu,Tamil Nadu City 1,5G,Broadband,6,34.54,396,3.93,31
AIR105932,2025-04-15,Kerala,Kerala City 1,4G,Postpaid,0.5,22.95,231,3.93,25
AIR105933,2025-05-15,Telangana,Telangana City 2,4G,Prepaid,1,17.81,598,3.39,-4
AIR105934,2025-06-15,Uttar Pradesh,Uttar Pradesh City 2,5G,Prepaid,6.3,33.43,647,4.23,37
AIR105935,2025-07-15,Tamil Nadu,Tamil Nadu City 3,4G,Prepaid,1.3,12.7,459,3.34,8
AIR105936,2025-08-15,Karnataka,Karnataka City 3,5G,Broadband,0.7,55.8,526,3.79,20
AIR105937,2025-09-15,Telangana,Telangana City 1,4G,Broadband,5.1,22,324,3.88,33
AIR105938,2025-10-15,Gujarat,Gujarat City 3,4G,Postpaid,6.1,7.13,418,3.33,17
AIR105939,2025-11-15,Maharashtra,Maharashtra City 3,4G,Postpaid,1.2,30.17,191,2.91,5
AIR105940,2025-12-15,Uttar Pradesh,Uttar Pradesh City 1,4G,Broadband,4.8,21.62,181,2.98,-1
AIR105941,2025-02-15,Karnataka,Karnataka City 2,5G,Prepaid,3.1,44.66,370,3.25,5
AIR105942,2025-03-15,Uttar Pradesh,Uttar Pradesh City 2,5G,Prepaid,6.1,46.1,552,3.98,40
AIR105943,2025-04-15,Delhi,Delhi City 1,5G,Postpaid,1.1,1,393,4.02,18
AIR105944,2025-05-15,Maharashtra,Maharashtra City 1,4G,Broadband,3.1,6.98,302,3.19,2
AIR105945,2025-06-15,Telangana,Telangana City 1,5G,Postpaid,3,35.25,586,3.65,36
AIR105946,2025-07-15,West Bengal,West Bengal City 1,5G,Prepaid,3.2,35.12,528,3.61,26
AIR105947,2025-08-15,Karnataka,Karnataka City 1,4G,Prepaid,5.8,27.43,373,3.34,8
AIR105948,2025-09-15,Uttar Pradesh,Uttar Pradesh City 1,5G,Postpaid,4.6,36.34,240,3.82,34
AIR105949,2025-10-15,Telangana,Telangana City 3,4G,Broadband,3.9,24.24,513,3.29,14
AIR105950,2025-11-15,West Bengal,West Bengal City 3,4G,Postpaid,5.7,30.2,665,3.65,41
AIR105951,2025-12-15,Gujarat,Gujarat City 3,5G,Prepaid,2.7,38.59,504,3.19,25
AIR105952,2025-02-15,Gujarat,Gujarat City 2,4G,Prepaid,6,14.5,460,2.9,-2
AIR105953,2025-03-15,Uttar Pradesh,Uttar Pradesh City 1,4G,Broadband,3.9,1.04,675,3.71,31
AIR105954,2025-04-15,Tamil Nadu,Tamil Nadu City 1,4G,Prepaid,4.8,24.53,590,3.31,11
AIR105955,2025-05-15,Delhi,Delhi City 3,5G,Prepaid,2.7,35.93,542,3.64,15
AIR105956,2025-06-15,Tamil Nadu,Tamil Nadu City 2,4G,Broadband,2.5,25.71,337,3.22,8
AIR105957,2025-07-15,Delhi,Delhi City 3,4G,Enterprise,1.4,29.52,615,3.09,0
AIR105958,2025-08-15,Karnataka,Karnataka City 1,4G,Postpaid,4.7,6.98,546,3.26,16
AIR105959,2025-09-15,Kerala,Kerala City 1,4G,Postpaid,4.5,33.05,377,3.74,16
AIR105960,2025-10-15,Uttar Pradesh,Uttar Pradesh City 3,5G,Prepaid,2.9,12.54,489,3.62,15
AIR105961,2025-11-15,Rajasthan,Rajasthan City 3,4G,Prepaid,4.4,23.68,20,3.99,36
AIR105962,2025-12-15,Uttar Pradesh,Uttar Pradesh City 1,4G,Prepaid,4.3,33.76,698,4.12,35
AIR105963,2025-02-15,Maharashtra,Maharashtra City 3,4G,Postpaid,4.6,2.13,540,3.72,15
AIR105964,2025-03-15,West Bengal,West Bengal City 1,5G,Prepaid,1.5,31.5,330,4.49,69
AIR105965,2025-04-15,Maharashtra,Maharashtra City 3,4G,Broadband,4.1,9.2,804,4.02,52
AIR105966,2025-05-15,Gujarat,Gujarat City 2,5G,Prepaid,0.7,69.41,291,3.76,33
AIR105967,2025-06-15,Delhi,Delhi City 1,4G,Postpaid,4.9,24.08,914,3.61,10
AIR105968,2025-07-15,West Bengal,West Bengal City 2,4G,Postpaid,0.9,18.19,350,4.32,64
AIR105969,2025-08-15,Gujarat,Gujarat City 3,5G,Postpaid,5.7,54.93,544,3.65,27
AIR105970,2025-09-15,West Bengal,West Bengal City 2,5G,Prepaid,3.8,28.09,455,3.61,12
AIR105971,2025-10-15,Tamil Nadu,Tamil Nadu City 3,5G,Broadband,1.2,56.35,347,3.91,38
AIR105972,2025-11-15,Gujarat,Gujarat City 2,5G,Prepaid,3.4,40.07,677,4.06,51
AIR105973,2025-12-15,Tamil Nadu,Tamil Nadu City 2,5G,Postpaid,2.3,39.89,209,3.9,34
AIR105974,2025-02-15,Tamil Nadu,Tamil Nadu City 2,5G,Postpaid,5.4,39.29,337,3.97,23
AIR105975,2025-03-15,West Bengal,West Bengal City 1,5G,Prepaid,1,27.4,585,3.13,18
AIR105976,2025-04-15,Telangana,Telangana City 2,4G,Postpaid,5.6,23.12,351,3.54,16
AIR105977,2025-05-15,Maharashtra,Maharashtra City 3,4G,Postpaid,2.9,20.38,272,3.28,7
AIR105978,2025-06-15,Gujarat,Gujarat City 3,4G,Broadband,5.8,13.63,592,3.11,11
AIR105979,2025-07-15,Rajasthan,Rajasthan City 1,5G,Broadband,3.9,58.92,469,4.38,72
AIR105980,2025-08-15,Telangana,Telangana City 1,4G,Prepaid,4.9,14.46,770,3.87,26
AIR105981,2025-09-15,Maharashtra,Maharashtra City 3,5G,Prepaid,6,46.02,575,3.67,42
AIR105982,2025-10-15,Gujarat,Gujarat City 2,4G,Prepaid,0.8,23.11,568,3.09,8
AIR105983,2025-11-15,Delhi,Delhi City 3,4G,Enterprise,3.9,6.95,596,3.86,26
AIR105984,2025-12-15,Maharashtra,Maharashtra City 1,4G,Prepaid,4.2,28.4,496,3.93,31
AIR105985,2025-02-15,Rajasthan,Rajasthan City 1,4G,Postpaid,2.6,24.1,690,3.94,38
AIR105986,2025-03-15,Uttar Pradesh,Uttar Pradesh City 3,4G,Postpaid,5.6,25.33,510,4.1,48
AIR105987,2025-04-15,Karnataka,Karnataka City 2,4G,Postpaid,4.4,2.52,529,2.93,8
AIR105988,2025-05-15,Tamil Nadu,Tamil Nadu City 2,5G,Prepaid,5.5,28.68,401,3.38,17
AIR105989,2025-06-15,Karnataka,Karnataka City 1,4G,Prepaid,0.9,24.7,601,4.53,54
AIR105990,2025-07-15,Telangana,Telangana City 3,4G,Prepaid,5.7,25.11,451,3.28,5
AIR105991,2025-08-15,Uttar Pradesh,Uttar Pradesh City 3,4G,Prepaid,1.8,4.68,355,3.5,26
AIR105992,2025-09-15,Tamil Nadu,Tamil Nadu City 1,5G,Prepaid,1.7,46.83,270,4.54,57
AIR105993,2025-10-15,Gujarat,Gujarat City 3,4G,Prepaid,2.9,19.72,157,3.44,29
AIR105994,2025-11-15,Telangana,Telangana City 1,4G,Postpaid,3,19.72,494,3.46,-6
AIR105995,2025-12-15,Rajasthan,Rajasthan City 2,4G,Prepaid,6.2,33.92,141,3.62,3
AIR105996,2025-02-15,West Bengal,West Bengal City 2,4G,Prepaid,1.6,18.22,457,4.06,30
AIR105997,2025-03-15,Gujarat,Gujarat City 3,5G,Prepaid,6.1,41.59,665,3.84,31
AIR105998,2025-04-15,Maharashtra,Maharashtra City 2,5G,Prepaid,0.5,37.1,636,4.19,55
AIR105999,2025-05-15,West Bengal,West Bengal City 2,4G,Prepaid,5.4,7.21,475,3.62,10
AIR106000,2025-06-15,Telangana,Telangana City 1,4G,Prepaid,1.8,23.95,482,3.35,3
AIR106001,2025-07-15,Maharashtra,Maharashtra City 1,4G,Postpaid,1.2,18.58,500,3.32,-11
AIR106002,2025-08-15,Rajasthan,Rajasthan City 3,4G,Prepaid,5.5,14.01,1000,3.4,24
AIR106003,2025-09-15,Karnataka,Karnataka City 1,5G,Broadband,2.4,55.92,654,4.08,26
AIR106004,2025-10-15,Maharashtra,Maharashtra City 3,4G,Prepaid,5.2,1,20,4.11,46
AIR106005,2025-11-15,Karnataka,Karnataka City 3,4G,Broadband,5.2,13.31,775,3.71,35
AIR106006,2025-12-15,Tamil Nadu,Tamil Nadu City 1,4G,Broadband,3.1,8.83,598,2.82,-6
AIR106007,2025-02-15,Delhi,Delhi City 2,5G,Postpaid,0.3,26.97,461,4.05,40
AIR106008,2025-03-15,Kerala,Kerala City 2,5G,Broadband,0.5,48.55,465,3.95,49
AIR106009,2025-04-15,Gujarat,Gujarat City 2,5G,Prepaid,5.9,54.86,430,3.65,3
AIR106010,2025-05-15,Kerala,Kerala City 2,4G,Prepaid,3.7,15.67,353,3.52,12
AIR106011,2025-06-15,Tamil Nadu,Tamil Nadu City 3,4G,Prepaid,4.2,15.27,426,3.3,15
AIR106012,2025-07-15,Maharashtra,Maharashtra City 2,4G,Prepaid,2.5,10.67,378,3.36,22
AIR106013,2025-08-15,Tamil Nadu,Tamil Nadu City 3,4G,Prepaid,5.3,16.28,215,3.04,10
AIR106014,2025-09-15,Kerala,Kerala City 1,4G,Postpaid,4.4,5.88,476,3.34,12
AIR106015,2025-10-15,Kerala,Kerala City 1,4G,Prepaid,4.1,34.79,389,3.08,-9
AIR106016,2025-11-15,Gujarat,Gujarat City 3,4G,Prepaid,5.2,24.3,478,4.04,39
AIR106017,2025-12-15,West Bengal,West Bengal City 2,5G,Prepaid,1.7,29.77,509,4.37,42
AIR106018,2025-02-15,Uttar Pradesh,Uttar Pradesh City 3,4G,Postpaid,3.1,24.58,598,3.4,9
AIR106019,2025-03-15,Tamil Nadu,Tamil Nadu City 2,4G,Enterprise,1.5,20.23,378,3.21,-7
AIR106020,2025-04-15,Delhi,Delhi City 2,4G,Postpaid,1.4,4.01,229,3.24,5
AIR106021,2025-05-15,Uttar Pradesh,Uttar Pradesh City 3,4G,Prepaid,3.6,11.94,497,3.2,-2
AIR106022,2025-06-15,Tamil Nadu,Tamil Nadu City 3,4G,Prepaid,0.6,23.91,561,4.03,33
AIR106023,2025-07-15,Rajasthan,Rajasthan City 2,4G,Postpaid,1.7,13.32,497,3.47,10
AIR106024,2025-08-15,Telangana,Telangana City 3,4G,Prepaid,4.7,12.13,272,3.19,8
AIR106025,2025-09-15,Telangana,Telangana City 2,4G,Enterprise,2.7,15.85,306,3.41,26
AIR106026,2025-10-15,Kerala,Kerala City 3,4G,Prepaid,5.8,42.16,412,3.3,12
AIR106027,2025-11-15,Telangana,Telangana City 1,4G,Prepaid,5.9,13.11,571,3.06,1
AIR106028,2025-12-15,Karnataka,Karnataka City 2,4G,Enterprise,3.5,20.23,350,3.5,14
AIR106029,2025-02-15,Delhi,Delhi City 1,4G,Broadband,0.8,12.15,636,3.27,15
AIR106030,2025-03-15,Telangana,Telangana City 3,4G,Postpaid,0.4,19.51,440,4.01,37
AIR106031,2025-04-15,Maharashtra,Maharashtra City 1,5G,Prepaid,4.9,35.64,661,4.75,59
AIR106032,2025-05-15,Karnataka,Karnataka City 3,4G,Postpaid,2.7,18.39,439,3.44,25
AIR106033,2025-06-15,Uttar Pradesh,Uttar Pradesh City 2,4G,Prepaid,6.4,1,551,3.45,24
AIR106034,2025-07-15,Karnataka,Karnataka City 3,5G,Prepaid,6,40.15,681,3.97,22
AIR106035,2025-08-15,Tamil Nadu,Tamil Nadu City 3,5G,Prepaid,3.5,18.8,425,4.14,45
AIR106036,2025-09-15,Kerala,Kerala City 2,5G,Postpaid,2.7,50.17,177,3.76,31
AIR106037,2025-10-15,Gujarat,Gujarat City 3,5G,Postpaid,2.4,38.31,308,3.85,33
AIR106038,2025-11-15,Gujarat,Gujarat City 2,4G,Prepaid,3.4,19.31,467,3.1,4
AIR106039,2025-12-15,Rajasthan,Rajasthan City 3,4G,Broadband,4.4,26.69,463,3.11,1
AIR106040,2025-02-15,Delhi,Delhi City 2,4G,Prepaid,4.7,12.71,20,3.88,15
AIR106041,2025-03-15,Tamil Nadu,Tamil Nadu City 1,5G,Prepaid,0.9,54.3,570,4.77,58
AIR106042,2025-04-15,Gujarat,Gujarat City 3,4G,Postpaid,3.7,1,542,3.3,20
AIR106043,2025-05-15,Kerala,Kerala City 3,5G,Broadband,3.4,26.22,359,4.06,33
AIR106044,2025-06-15,Uttar Pradesh,Uttar Pradesh City 3,4G,Enterprise,2.4,4.19,554,3.27,11
AIR106045,2025-07-15,Gujarat,Gujarat City 2,4G,Postpaid,4.7,16.98,562,3.25,0
AIR106046,2025-08-15,Maharashtra,Maharashtra City 3,5G,Prepaid,1.3,34.01,217,4.37,72
AIR106047,2025-09-15,Karnataka,Karnataka City 2,5G,Enterprise,3.2,19.43,580,4.5,69
AIR106048,2025-10-15,Gujarat,Gujarat City 3,5G,Broadband,2.3,41.48,536,2.84,-14
AIR106049,2025-11-15,Tamil Nadu,Tamil Nadu City 1,5G,Prepaid,1.4,26.08,227,3.85,21
AIR106050,2025-12-15,Telangana,Telangana City 3,4G,Postpaid,4.1,22.03,414,3.47,23
AIR106051,2025-02-15,Telangana,Telangana City 1,4G,Postpaid,1.6,17.55,470,3.04,2
AIR106052,2025-03-15,Uttar Pradesh,Uttar Pradesh City 2,5G,Prepaid,3.8,47.1,267,3.29,7
AIR106053,2025-04-15,Telangana,Telangana City 1,4G,Enterprise,0.3,21.91,234,3.25,10
AIR106054,2025-05-15,Uttar Pradesh,Uttar Pradesh City 3,4G,Prepaid,2.5,20.78,233,3.52,28
AIR106055,2025-06-15,Tamil Nadu,Tamil Nadu City 3,4G,Postpaid,4.4,24.27,283,3.68,36
AIR106056,2025-07-15,Delhi,Delhi City 2,4G,Prepaid,6,7.36,493,4.29,41
AIR106057,2025-08-15,Telangana,Telangana City 3,4G,Postpaid,4.2,12.97,541,3.52,29
AIR106058,2025-09-15,Rajasthan,Rajasthan City 3,5G,Postpaid,2.7,2.75,348,3.75,38
AIR106059,2025-10-15,Kerala,Kerala City 2,4G,Prepaid,4.9,25.24,691,3.52,39
AIR106060,2025-11-15,Karnataka,Karnataka City 2,4G,Prepaid,4.5,23.07,390,3.95,37
AIR106061,2025-12-15,Telangana,Telangana City 1,5G,Enterprise,6.6,1,805,3.33,10
AIR106062,2025-02-15,Uttar Pradesh,Uttar Pradesh City 2,4G,Postpaid,3.2,5.57,556,3.66,32
AIR106063,2025-03-15,Tamil Nadu,Tamil Nadu City 3,5G,Postpaid,3.8,38.86,403,4.17,49
AIR106064,2025-04-15,Telangana,Telangana City 2,4G,Prepaid,4.4,26.43,963,3.02,0
AIR106065,2025-05-15,Gujarat,Gujarat City 3,5G,Prepaid,5,61.93,261,3.57,21
AIR106066,2025-06-15,Telangana,Telangana City 1,4G,Postpaid,2.1,14.31,346,4.67,71
AIR106067,2025-07-15,Uttar Pradesh,Uttar Pradesh City 2,4G,Broadband,3.7,19.41,238,3.82,12
AIR106068,2025-08-15,Maharashtra,Maharashtra City 3,5G,Prepaid,1.2,48.68,398,3.85,40
AIR106069,2025-09-15,Maharashtra,Maharashtra City 2,5G,Postpaid,3.3,27.93,670,4.23,34
AIR106070,2025-10-15,Telangana,Telangana City 2,4G,Prepaid,3.4,18.04,425,2.97,-4
AIR106071,2025-11-15,Karnataka,Karnataka City 2,5G,Prepaid,4.2,44.98,147,4.64,57
AIR106072,2025-12-15,Tamil Nadu,Tamil Nadu City 2,4G,Postpaid,6,22.71,757,3.25,11
AIR106073,2025-02-15,Rajasthan,Rajasthan City 1,5G,Prepaid,2.7,36.21,380,4.31,56
AIR106074,2025-03-15,Rajasthan,Rajasthan City 3,4G,Prepaid,1.6,30.24,519,3.31,22
AIR106075,2025-04-15,Telangana,Telangana City 2,4G,Postpaid,3.2,11.99,680,2.78,-2
AIR106076,2025-05-15,Telangana,Telangana City 3,4G,Postpaid,1.6,31.7,263,3.51,5
AIR106077,2025-06-15,Maharashtra,Maharashtra City 1,4G,Postpaid,1.6,4.66,713,3.17,11
AIR106078,2025-07-15,Uttar Pradesh,Uttar Pradesh City 3,4G,Postpaid,5.7,32.8,395,3.47,16
AIR106079,2025-08-15,Karnataka,Karnataka City 3,4G,Postpaid,6.5,21.93,457,3.82,27
AIR106080,2025-09-15,Telangana,Telangana City 1,4G,Prepaid,2.3,23.54,612,3.67,12
AIR106081,2025-10-15,Rajasthan,Rajasthan City 2,4G,Prepaid,3.1,5.52,551,3,1
AIR106082,2025-11-15,Tamil Nadu,Tamil Nadu City 3,4G,Postpaid,5.3,25.7,552,3.53,-1
AIR106083,2025-12-15,Delhi,Delhi City 3,5G,Prepaid,4.4,45.63,378,4.35,33
AIR106084,2025-02-15,Gujarat,Gujarat City 2,4G,Broadband,1.3,1.15,426,2.88,-11
AIR106085,2025-03-15,Telangana,Telangana City 2,5G,Postpaid,1.4,54.86,742,3.56,30
AIR106086,2025-04-15,Uttar Pradesh,Uttar Pradesh City 3,5G,Prepaid,2.4,31.2,156,3.75,30
AIR106087,2025-05-15,Telangana,Telangana City 1,4G,Postpaid,3.4,22.58,439,3.22,5
AIR106088,2025-06-15,Uttar Pradesh,Uttar Pradesh City 2,5G,Broadband,5.4,43.61,20,3.37,16
AIR106089,2025-07-15,Karnataka,Karnataka City 2,4G,Prepaid,6.1,12.27,536,2.78,-8
AIR106090,2025-08-15,Delhi,Delhi City 1,4G,Prepaid,3,29.17,224,3.47,21
AIR106091,2025-09-15,Kerala,Kerala City 3,4G,Broadband,5.7,26.02,703,3.81,21
AIR106092,2025-10-15,Tamil Nadu,Tamil Nadu City 2,4G,Prepaid,2.8,27.82,419,3.58,30
AIR106093,2025-11-15,Tamil Nadu,Tamil Nadu City 3,5G,Prepaid,6.3,26.6,705,3.16,-3
AIR106094,2025-12-15,Uttar Pradesh,Uttar Pradesh City 3,4G,Prepaid,4.1,26.28,335,3.7,29
AIR106095,2025-02-15,Maharashtra,Maharashtra City 3,4G,Postpaid,5.2,12.59,589,3.73,24
AIR106096,2025-03-15,Uttar Pradesh,Uttar Pradesh City 1,5G,Postpaid,5.4,27.78,517,4.16,32
AIR106097,2025-04-15,Maharashtra,Maharashtra City 3,4G,Postpaid,3.4,22.55,332,3.15,-5
AIR106098,2025-05-15,West Bengal,West Bengal City 3,4G,Broadband,1.5,4.28,463,3.86,34
AIR106099,2025-06-15,Rajasthan,Rajasthan City 2,4G,Postpaid,2,19.52,474,3.49,14
AIR106100,2025-07-15,Tamil Nadu,Tamil Nadu City 2,5G,Enterprise,2.7,41.57,241,3.72,31
AIR106101,2025-08-15,Karnataka,Karnataka City 1,5G,Postpaid,6.3,25.58,296,3.75,21
AIR106102,2025-09-15,Uttar Pradesh,Uttar Pradesh City 1,4G,Prepaid,6.4,30.8,52,3.53,19
AIR106103,2025-10-15,Karnataka,Karnataka City 2,4G,Enterprise,3.3,17.1,537,3.13,6
AIR106104,2025-11-15,Delhi,Delhi City 2,4G,Prepaid,1.1,28.18,519,3.48,22
AIR106105,2025-12-15,Karnataka,Karnataka City 1,4G,Postpaid,4.9,23.77,451,3.56,12
AIR106106,2025-02-15,Telangana,Telangana City 3,5G,Prepaid,6.1,36.81,218,4.06,16
AIR106107,2025-03-15,Rajasthan,Rajasthan City 1,4G,Postpaid,5.2,16.99,580,3.53,39
AIR106108,2025-04-15,Telangana,Telangana City 3,4G,Broadband,4.4,29.04,544,2.98,3
AIR106109,2025-05-15,Gujarat,Gujarat City 2,5G,Prepaid,2.4,1,331,4.2,39
AIR106110,2025-06-15,Uttar Pradesh,Uttar Pradesh City 2,5G,Prepaid,5.9,57.86,724,3.44,7
AIR106111,2025-07-15,Tamil Nadu,Tamil Nadu City 2,4G,Prepaid,1.9,17.99,356,2.94,5
AIR106112,2025-08-15,Uttar Pradesh,Uttar Pradesh City 3,4G,Postpaid,4.9,5.67,167,3.65,-3
AIR106113,2025-09-15,Rajasthan,Rajasthan City 1,4G,Prepaid,5.2,16.26,175,3.9,31
AIR106114,2025-10-15,Kerala,Kerala City 3,4G,Postpaid,1.3,30.18,672,3.48,4
AIR106115,2025-11-15,Kerala,Kerala City 1,4G,Prepaid,0.9,6.19,413,3.33,13
AIR106116,2025-12-15,Gujarat,Gujarat City 1,4G,Prepaid,6.1,10.87,185,4.12,24
AIR106117,2025-02-15,Rajasthan,Rajasthan City 1,5G,Postpaid,4.1,22.41,324,4.38,40
AIR106118,2025-03-15,West Bengal,West Bengal City 2,5G,Postpaid,4.9,27.65,593,3.88,36
AIR106119,2025-04-15,West Bengal,West Bengal City 1,4G,Prepaid,4.4,8.84,430,4.55,51
AIR106120,2025-05-15,West Bengal,West Bengal City 2,4G,Postpaid,4.7,9.09,472,3.32,16
AIR106121,2025-06-15,Tamil Nadu,Tamil Nadu City 1,5G,Broadband,3.1,37.96,493,4.6,42
AIR106122,2025-07-15,Tamil Nadu,Tamil Nadu City 1,5G,Prepaid,2.2,36.79,597,4.03,38
AIR106123,2025-08-15,West Bengal,West Bengal City 2,5G,Prepaid,2.8,48.85,618,4.07,43
AIR106124,2025-09-15,Kerala,Kerala City 2,4G,Postpaid,6,20.66,582,3.7,18
AIR106125,2025-10-15,Rajasthan,Rajasthan City 3,4G,Prepaid,1.6,27.66,591,3.29,24
AIR106126,2025-11-15,Karnataka,Karnataka City 1,5G,Prepaid,4.8,17.36,210,3.95,24
AIR106127,2025-12-15,Rajasthan,Rajasthan City 2,5G,Postpaid,2.6,57.53,625,3.58,7
AIR106128,2025-02-15,West Bengal,West Bengal City 3,4G,Prepaid,0.6,1,304,3.44,-4
AIR106129,2025-03-15,Rajasthan,Rajasthan City 3,4G,Prepaid,4.4,20.51,359,3.67,30
AIR106130,2025-04-15,Delhi,Delhi City 2,5G,Enterprise,4.3,23.19,506,4.38,63
AIR106131,2025-05-15,Tamil Nadu,Tamil Nadu City 1,4G,Prepaid,3.8,16.38,281,3.83,42
AIR106132,2025-06-15,Tamil Nadu,Tamil Nadu City 3,5G,Broadband,5.3,41.74,448,3.97,21
AIR106133,2025-07-15,Kerala,Kerala City 1,4G,Prepaid,6.1,21.29,379,3.8,31
AIR106134,2025-08-15,Karnataka,Karnataka City 1,5G,Broadband,3.6,33.93,546,3.74,22
AIR106135,2025-09-15,West Bengal,West Bengal City 3,4G,Postpaid,5.3,17.23,175,3.76,28
AIR106136,2025-10-15,Uttar Pradesh,Uttar Pradesh City 2,4G,Prepaid,1.9,27.25,203,2.93,6
AIR106137,2025-11-15,Kerala,Kerala City 1,5G,Postpaid,2.8,11.96,259,3.5,3
AIR106138,2025-12-15,Kerala,Kerala City 2,5G,Broadband,3.1,35.72,431,3.14,11
AIR106139,2025-02-15,Karnataka,Karnataka City 3,5G,Prepaid,5.8,28.8,332,4.15,43
AIR106140,2025-03-15,Telangana,Telangana City 1,4G,Postpaid,2.1,9.62,606,3.2,6
AIR106141,2025-04-15,West Bengal,West Bengal City 2,5G,Prepaid,2.8,9.33,510,4.66,64
AIR106142,2025-05-15,Uttar Pradesh,Uttar Pradesh City 2,4G,Postpaid,1.9,23.6,383,3.73,40
AIR106143,2025-06-15,Tamil Nadu,Tamil Nadu City 1,4G,Postpaid,3.2,13.49,449,3.73,29
AIR106144,2025-07-15,Karnataka,Karnataka City 2,5G,Prepaid,3,52.26,617,3.14,0
AIR106145,2025-08-15,Uttar Pradesh,Uttar Pradesh City 2,4G,Prepaid,4.5,11.23,496,3.44,18
AIR106146,2025-09-15,Delhi,Delhi City 3,4G,Postpaid,4.3,13.17,567,3.82,21
AIR106147,2025-10-15,Kerala,Kerala City 3,4G,Broadband,6.5,28.34,186,3.79,29
AIR106148,2025-11-15,Karnataka,Karnataka City 2,4G,Prepaid,1.2,8.08,667,3.36,24
AIR106149,2025-12-15,Tamil Nadu,Tamil Nadu City 2,5G,Postpaid,6.4,62.63,200,3.59,28
AIR106150,2025-02-15,Rajasthan,Rajasthan City 1,4G,Prepaid,4.4,14.08,426,3.67,15
AIR106151,2025-03-15,Tamil Nadu,Tamil Nadu City 3,4G,Postpaid,3.5,23.57,595,3.32,18
AIR106152,2025-04-15,Delhi,Delhi City 1,5G,Postpaid,6.2,27.67,325,4.68,61
AIR106153,2025-05-15,Karnataka,Karnataka City 2,4G,Postpaid,4.6,15.68,657,4.21,50
AIR106154,2025-06-15,Delhi,Delhi City 1,4G,Broadband,2.3,23.06,353,3.98,40
AIR106155,2025-07-15,West Bengal,West Bengal City 2,4G,Prepaid,2.7,6.73,458,2.74,-4
AIR106156,2025-08-15,West Bengal,West Bengal City 3,4G,Prepaid,5.2,13.23,313,3.45,17
AIR106157,2025-09-15,Rajasthan,Rajasthan City 3,4G,Enterprise,2.3,8.72,344,2.91,-6
AIR106158,2025-10-15,Kerala,Kerala City 2,5G,Prepaid,6.7,32.91,162,4.63,54
AIR106159,2025-11-15,Telangana,Telangana City 3,4G,Postpaid,4,12.56,542,3.66,16
AIR106160,2025-12-15,Maharashtra,Maharashtra City 2,4G,Postpaid,2.7,24.29,435,3.84,30
AIR106161,2025-02-15,Uttar Pradesh,Uttar Pradesh City 1,4G,Postpaid,5.1,22.83,641,3.39,18
AIR106162,2025-03-15,Delhi,Delhi City 2,4G,Prepaid,2.5,24.48,333,3.41,19
AIR106163,2025-04-15,Uttar Pradesh,Uttar Pradesh City 1,5G,Prepaid,2.5,28.75,180,3.6,16
AIR106164,2025-05-15,Rajasthan,Rajasthan City 2,4G,Postpaid,5.4,14.35,606,3.49,22
AIR106165,2025-06-15,Uttar Pradesh,Uttar Pradesh City 3,5G,Prepaid,5.4,39.38,252,3.86,34
AIR106166,2025-07-15,Uttar Pradesh,Uttar Pradesh City 2,4G,Postpaid,2,20.32,311,3.86,35
AIR106167,2025-08-15,Tamil Nadu,Tamil Nadu City 2,4G,Postpaid,3.9,21.39,731,3.31,17
AIR106168,2025-09-15,Karnataka,Karnataka City 2,4G,Prepaid,4,23.2,351,4.01,33
AIR106169,2025-10-15,Kerala,Kerala City 3,5G,Prepaid,0.9,46,145,3.94,37
AIR106170,2025-11-15,Maharashtra,Maharashtra City 2,4G,Broadband,2.6,36.24,470,3.32,5
AIR106171,2025-12-15,Karnataka,Karnataka City 3,4G,Postpaid,2.8,27.47,711,3.28,-8
AIR106172,2025-02-15,Tamil Nadu,Tamil Nadu City 2,5G,Postpaid,3.3,15.91,275,3.96,18
AIR106173,2025-03-15,Uttar Pradesh,Uttar Pradesh City 1,5G,Broadband,4.8,45.45,176,3.62,18
AIR106174,2025-04-15,Maharashtra,Maharashtra City 2,4G,Postpaid,0.8,2.37,499,4.2,18
AIR106175,2025-05-15,Tamil Nadu,Tamil Nadu City 1,5G,Enterprise,2.5,27.81,655,4.32,41
AIR106176,2025-06-15,Tamil Nadu,Tamil Nadu City 3,5G,Prepaid,0.7,47.34,530,3.56,20
AIR106177,2025-07-15,Tamil Nadu,Tamil Nadu City 3,4G,Broadband,3.7,19.82,602,3.29,12
AIR106178,2025-08-15,West Bengal,West Bengal City 2,4G,Prepaid,5.6,10.2,669,3.93,50
AIR106179,2025-09-15,Maharashtra,Maharashtra City 3,4G,Broadband,6.7,30.07,522,3.38,25
AIR106180,2025-10-15,Tamil Nadu,Tamil Nadu City 2,4G,Broadband,1.1,17.95,323,2.95,-8
AIR106181,2025-11-15,Telangana,Telangana City 3,5G,Prepaid,3.2,47.22,379,4.1,50
AIR106182,2025-12-15,Uttar Pradesh,Uttar Pradesh City 1,4G,Prepaid,3,16,191,3.78,19
AIR106183,2025-02-15,Maharashtra,Maharashtra City 3,4G,Postpaid,0.6,13.46,494,3.35,21
AIR106184,2025-03-15,West Bengal,West Bengal City 1,5G,Prepaid,2.2,23.53,485,3.78,20
AIR106185,2025-04-15,Delhi,Delhi City 2,4G,Postpaid,3.3,27.18,470,3.38,24
AIR106186,2025-05-15,Delhi,Delhi City 2,5G,Prepaid,4.1,31.91,310,3.95,33
AIR106187,2025-06-15,Kerala,Kerala City 2,5G,Broadband,0.7,35.79,377,4.15,34
AIR106188,2025-07-15,Gujarat,Gujarat City 1,5G,Prepaid,3.7,18.1,527,3.82,27
AIR106189,2025-08-15,Telangana,Telangana City 2,5G,Postpaid,6.5,49.58,353,4.01,36
AIR106190,2025-09-15,Delhi,Delhi City 2,4G,Prepaid,2.8,19.54,558,4.28,47
AIR106191,2025-10-15,West Bengal,West Bengal City 1,4G,Prepaid,4.2,6.98,404,3.94,34
AIR106192,2025-11-15,Gujarat,Gujarat City 3,4G,Prepaid,1.5,12.03,509,3.6,5
AIR106193,2025-12-15,Tamil Nadu,Tamil Nadu City 2,4G,Postpaid,1.5,19.93,531,3.08,16
AIR106194,2025-02-15,Tamil Nadu,Tamil Nadu City 3,4G,Prepaid,5.2,33.75,465,4.24,34
AIR106195,2025-03-15,Rajasthan,Rajasthan City 3,4G,Broadband,5,10.73,529,3.31,19
AIR106196,2025-04-15,Uttar Pradesh,Uttar Pradesh City 2,5G,Prepaid,4.4,35.24,84,3.76,21
AIR106197,2025-05-15,Gujarat,Gujarat City 2,5G,Postpaid,1.1,38.18,381,3.69,29
AIR106198,2025-06-15,Uttar Pradesh,Uttar Pradesh City 1,4G,Postpaid,6.2,14.45,631,4.03,33
AIR106199,2025-07-15,West Bengal,West Bengal City 1,4G,Postpaid,5.5,2.47,292,3.78,26
AIR106200,2025-08-15,Telangana,Telangana City 2,4G,Prepaid,3.4,30.33,327,3.57,31
AIR106201,2025-09-15,Gujarat,Gujarat City 3,5G,Postpaid,2.9,34.19,469,4.61,49
AIR106202,2025-10-15,Delhi,Delhi City 1,5G,Postpaid,1.6,27.76,269,4.27,51
AIR106203,2025-11-15,Telangana,Telangana City 1,4G,Prepaid,4.9,13.12,597,4.19,46
AIR106204,2025-12-15,Rajasthan,Rajasthan City 2,4G,Prepaid,1,2.34,306,3.9,32
AIR106205,2025-02-15,Uttar Pradesh,Uttar Pradesh City 2,4G,Prepaid,1.9,8.73,556,3.1,8
AIR106206,2025-03-15,Uttar Pradesh,Uttar Pradesh City 2,5G,Prepaid,5.9,20.17,344,4.22,60
AIR106207,2025-04-15,Telangana,Telangana City 2,4G,Prepaid,3.4,20.64,389,3.58,2
AIR106208,2025-05-15,Tamil Nadu,Tamil Nadu City 1,4G,Prepaid,6.1,20.75,527,3.62,16
AIR106209,2025-06-15,Uttar Pradesh,Uttar Pradesh City 1,5G,Postpaid,2.6,20.89,369,4.25,43
AIR106210,2025-07-15,Rajasthan,Rajasthan City 1,5G,Prepaid,3.3,36.06,142,3.98,33
AIR106211,2025-08-15,Delhi,Delhi City 3,5G,Prepaid,5.7,27.91,850,3.71,20
AIR106212,2025-09-15,Maharashtra,Maharashtra City 1,4G,Prepaid,4.2,15.85,332,3.16,12
AIR106213,2025-10-15,Delhi,Delhi City 1,4G,Postpaid,1.5,22.98,268,3.82,14
AIR106214,2025-11-15,Delhi,Delhi City 2,4G,Prepaid,6.3,21.04,78,3.05,14
AIR106215,2025-12-15,Uttar Pradesh,Uttar Pradesh City 1,4G,Postpaid,2.6,19.33,441,4.07,48
AIR106216,2025-02-15,Karnataka,Karnataka City 1,4G,Postpaid,2.8,14.07,450,3.38,21
AIR106217,2025-03-15,Tamil Nadu,Tamil Nadu City 1,4G,Postpaid,1.2,7.74,412,3.65,23
AIR106218,2025-04-15,Uttar Pradesh,Uttar Pradesh City 2,4G,Prepaid,3.2,29.99,100,3.5,29
AIR106219,2025-05-15,Tamil Nadu,Tamil Nadu City 1,5G,Postpaid,1.7,6.29,506,4.09,39
AIR106220,2025-06-15,West Bengal,West Bengal City 1,4G,Prepaid,2.1,17.89,351,3.26,13
AIR106221,2025-07-15,Karnataka,Karnataka City 3,5G,Broadband,5.2,38.37,416,4.07,49
AIR106222,2025-08-15,Uttar Pradesh,Uttar Pradesh City 3,4G,Postpaid,1.2,13.02,695,3.66,24
AIR106223,2025-09-15,Kerala,Kerala City 3,4G,Postpaid,2.5,21.19,426,3.82,43
AIR106224,2025-10-15,Delhi,Delhi City 3,4G,Enterprise,1.9,16.42,752,3.2,15
AIR106225,2025-11-15,West Bengal,West Bengal City 2,5G,Postpaid,3.6,47.82,54,3.5,22
AIR106226,2025-12-15,Karnataka,Karnataka City 3,4G,Prepaid,1.7,20.01,378,3.25,5
AIR106227,2025-02-15,Uttar Pradesh,Uttar Pradesh City 1,5G,Prepaid,0.5,48.55,605,3.55,24
AIR106228,2025-03-15,Rajasthan,Rajasthan City 3,4G,Postpaid,2.4,32.96,475,2.87,-4
AIR106229,2025-04-15,Telangana,Telangana City 2,5G,Broadband,0.8,17.81,281,3.96,43
AIR106230,2025-05-15,Telangana,Telangana City 3,4G,Broadband,5.1,18.04,86,3.75,21
AIR106231,2025-06-15,Tamil Nadu,Tamil Nadu City 3,5G,Postpaid,1.7,44.01,420,3.75,38
AIR106232,2025-07-15,Karnataka,Karnataka City 2,4G,Prepaid,3.3,19.59,387,2.72,-4
AIR106233,2025-08-15,Delhi,Delhi City 2,5G,Postpaid,6.5,29.97,391,3.98,44
AIR106234,2025-09-15,Delhi,Delhi City 2,4G,Postpaid,5.3,7.87,99,2.74,-17
AIR106235,2025-10-15,Maharashtra,Maharashtra City 2,4G,Prepaid,1.1,7.33,345,3.42,8
AIR106236,2025-11-15,Telangana,Telangana City 2,5G,Postpaid,3,30.46,149,3.63,12
AIR106237,2025-12-15,West Bengal,West Bengal City 2,4G,Postpaid,2.6,5.27,323,3.04,17
AIR106238,2025-02-15,Karnataka,Karnataka City 1,4G,Broadband,0.8,3.63,761,3.76,29
AIR106239,2025-03-15,Delhi,Delhi City 3,5G,Postpaid,4.6,34.07,68,3.72,36
AIR106240,2025-04-15,Maharashtra,Maharashtra City 3,4G,Prepaid,2,28.57,474,3.31,0
AIR106241,2025-05-15,Karnataka,Karnataka City 2,4G,Prepaid,4.5,27.43,531,3.57,24
AIR106242,2025-06-15,Gujarat,Gujarat City 2,4G,Broadband,3.4,31.41,480,3.42,6
AIR106243,2025-07-15,Delhi,Delhi City 1,5G,Broadband,0.9,27.45,647,3.94,28
AIR106244,2025-08-15,Gujarat,Gujarat City 1,4G,Prepaid,1.1,12.72,638,3.86,29
AIR106245,2025-09-15,Karnataka,Karnataka City 2,4G,Postpaid,6.7,28.23,363,3.97,32
AIR106246,2025-10-15,Delhi,Delhi City 1,5G,Broadband,1.3,18.38,392,4.03,42
AIR106247,2025-11-15,Gujarat,Gujarat City 1,5G,Broadband,4.3,30.35,476,3.91,28
AIR106248,2025-12-15,Kerala,Kerala City 2,5G,Postpaid,3.5,56.16,424,4.28,49
AIR106249,2025-02-15,Maharashtra,Maharashtra City 2,5G,Prepaid,3.8,46.65,254,4.54,59
AIR106250,2025-03-15,West Bengal,West Bengal City 2,4G,Postpaid,6.1,19.37,421,3.71,23
AIR106251,2025-04-15,Telangana,Telangana City 2,4G,Prepaid,2,15.53,581,3.91,46
AIR106252,2025-05-15,Maharashtra,Maharashtra City 3,4G,Broadband,1.5,32.16,503,3.49,7
AIR106253,2025-06-15,Gujarat,Gujarat City 3,5G,Prepaid,6.3,45.15,518,3.24,25
AIR106254,2025-07-15,Delhi,Delhi City 2,5G,Postpaid,3,46.88,206,3.48,8
AIR106255,2025-08-15,Kerala,Kerala City 1,5G,Postpaid,6.3,29.69,509,4.48,45
AIR106256,2025-09-15,Kerala,Kerala City 2,4G,Postpaid,6.2,26.56,741,3.46,19
AIR106257,2025-10-15,Telangana,Telangana City 3,4G,Postpaid,3.5,29.1,448,3.51,26
AIR106258,2025-11-15,Kerala,Kerala City 1,4G,Prepaid,2.5,28.16,503,3.84,26
AIR106259,2025-12-15,Maharashtra,Maharashtra City 3,5G,Postpaid,5.4,54.4,223,4.19,45
AIR106260,2025-02-15,Uttar Pradesh,Uttar Pradesh City 2,5G,Prepaid,4,13.39,345,3.54,7
AIR106261,2025-03-15,Kerala,Kerala City 3,4G,Prepaid,4.4,11,422,2.86,3
AIR106262,2025-04-15,Telangana,Telangana City 3,4G,Enterprise,3.7,19.34,635,3.75,57
AIR106263,2025-05-15,Kerala,Kerala City 3,5G,Postpaid,0.5,33.16,329,4.21,38
AIR106264,2025-06-15,Kerala,Kerala City 1,5G,Postpaid,3.6,21.64,232,4.15,38
AIR106265,2025-07-15,Rajasthan,Rajasthan City 3,4G,Postpaid,1.1,23.62,360,3.36,10
AIR106266,2025-08-15,Maharashtra,Maharashtra City 1,4G,Postpaid,6.5,31.68,646,2.88,5
AIR106267,2025-09-15,Gujarat,Gujarat City 2,5G,Postpaid,3.3,28.33,392,3.35,-23
AIR106268,2025-10-15,Tamil Nadu,Tamil Nadu City 2,5G,Postpaid,0.8,44.56,545,3.73,35
AIR106269,2025-11-15,Uttar Pradesh,Uttar Pradesh City 3,4G,Enterprise,5.2,33.79,659,3.55,16
AIR106270,2025-12-15,Kerala,Kerala City 1,4G,Postpaid,4.9,16.78,527,3.41,26
AIR106271,2025-02-15,West Bengal,West Bengal City 2,4G,Postpaid,1.6,26.51,813,2.97,8
AIR106272,2025-03-15,Kerala,Kerala City 1,4G,Postpaid,4,21.81,327,3.52,25
AIR106273,2025-04-15,Rajasthan,Rajasthan City 1,4G,Prepaid,2.9,2.2,434,3.13,16
AIR106274,2025-05-15,Gujarat,Gujarat City 3,4G,Postpaid,6,17.42,402,3.75,31
AIR106275,2025-06-15,West Bengal,West Bengal City 3,4G,Enterprise,2.8,1,316,2.93,-9
AIR106276,2025-07-15,Uttar Pradesh,Uttar Pradesh City 1,5G,Prepaid,0.6,25.6,354,3.14,6
AIR106277,2025-08-15,West Bengal,West Bengal City 1,4G,Prepaid,1.4,15.39,330,4.53,39
AIR106278,2025-09-15,Maharashtra,Maharashtra City 3,4G,Postpaid,3.5,14.03,435,3.64,22
AIR106279,2025-10-15,Telangana,Telangana City 1,4G,Prepaid,1.1,10.14,306,2.87,0
AIR106280,2025-11-15,Telangana,Telangana City 3,4G,Broadband,3.8,25.63,726,3.37,38
AIR106281,2025-12-15,Uttar Pradesh,Uttar Pradesh City 1,4G,Prepaid,5.3,31.76,476,3.43,15
AIR106282,2025-02-15,Gujarat,Gujarat City 3,4G,Prepaid,4,18.83,419,3.41,11
AIR106283,2025-03-15,Telangana,Telangana City 1,5G,Broadband,4.1,14.21,591,3.22,0
AIR106284,2025-04-15,Karnataka,Karnataka City 3,5G,Prepaid,5.8,17.69,610,3.3,10
AIR106285,2025-05-15,Rajasthan,Rajasthan City 1,5G,Postpaid,4.5,35.7,255,3.62,24
AIR106286,2025-06-15,Uttar Pradesh,Uttar Pradesh City 2,4G,Broadband,6.3,22.24,762,2.89,3
AIR106287,2025-07-15,Uttar Pradesh,Uttar Pradesh City 2,5G,Postpaid,3.9,21.06,426,4.13,18
AIR106288,2025-08-15,Tamil Nadu,Tamil Nadu City 1,4G,Postpaid,4.5,28.25,596,3.46,2
AIR106289,2025-09-15,Tamil Nadu,Tamil Nadu City 2,5G,Prepaid,4.7,15.42,298,3.51,18
AIR106290,2025-10-15,Maharashtra,Maharashtra City 1,4G,Prepaid,2.8,29.97,463,2.61,-16
AIR106291,2025-11-15,Maharashtra,Maharashtra City 1,4G,Prepaid,3.8,26.26,235,2.74,-23
AIR106292,2025-12-15,Tamil Nadu,Tamil Nadu City 2,4G,Prepaid,2.2,27.56,607,3.12,8
AIR106293,2025-02-15,Telangana,Telangana City 1,5G,Postpaid,5.8,51.33,378,3.6,12
AIR106294,2025-03-15,Delhi,Delhi City 3,5G,Prepaid,0.9,48.19,603,4.38,63
AIR106295,2025-04-15,Uttar Pradesh,Uttar Pradesh City 1,5G,Postpaid,4.5,40.31,491,3.71,19
AIR106296,2025-05-15,Karnataka,Karnataka City 1,4G,Prepaid,2.7,30.29,388,3.76,20
AIR106297,2025-06-15,Uttar Pradesh,Uttar Pradesh City 2,4G,Postpaid,4.4,22.11,277,3.42,16
AIR106298,2025-07-15,Kerala,Kerala City 3,5G,Prepaid,2.3,35.23,444,3.6,33
AIR106299,2025-08-15,Gujarat,Gujarat City 1,5G,Prepaid,3.2,43.02,468,3.6,11
AIR106300,2025-09-15,Rajasthan,Rajasthan City 1,5G,Postpaid,0.9,36.72,530,3.95,30
AIR106301,2025-10-15,Delhi,Delhi City 1,4G,Postpaid,1.4,13.45,637,2.92,-5
AIR106302,2025-11-15,Karnataka,Karnataka City 1,4G,Broadband,4.5,1,419,3.75,43
AIR106303,2025-12-15,Kerala,Kerala City 1,5G,Broadband,6.1,43.94,546,4.12,45
AIR106304,2025-02-15,Maharashtra,Maharashtra City 1,4G,Postpaid,3.5,21.43,289,3.46,7
AIR106305,2025-03-15,Karnataka,Karnataka City 3,5G,Postpaid,4.5,32.07,548,3.7,10
AIR106306,2025-04-15,Tamil Nadu,Tamil Nadu City 3,4G,Prepaid,3.2,11.14,269,2.65,-26
AIR106307,2025-05-15,Uttar Pradesh,Uttar Pradesh City 1,5G,Prepaid,3.8,36.41,365,3.92,47
AIR106308,2025-06-15,Karnataka,Karnataka City 1,4G,Broadband,1,29.13,513,2.82,-15
AIR106309,2025-07-15,Gujarat,Gujarat City 2,5G,Prepaid,2.7,23.35,252,3.71,31
AIR106310,2025-08-15,West Bengal,West Bengal City 3,4G,Prepaid,1.4,16.88,322,3.45,16
AIR106311,2025-09-15,Maharashtra,Maharashtra City 3,4G,Prepaid,6.1,23.06,374,3.29,3
AIR106312,2025-10-15,Rajasthan,Rajasthan City 1,4G,Prepaid,0.8,17.27,499,3.97,43
AIR106313,2025-11-15,Rajasthan,Rajasthan City 3,5G,Postpaid,2.1,32.73,578,4.28,48
AIR106314,2025-12-15,Karnataka,Karnataka City 3,5G,Prepaid,6.6,36.87,317,3.56,24
AIR106315,2025-02-15,West Bengal,West Bengal City 2,4G,Prepaid,4.5,12.44,371,3.97,36
AIR106316,2025-03-15,Uttar Pradesh,Uttar Pradesh City 2,5G,Prepaid,0.7,25.7,498,3.76,25
AIR106317,2025-04-15,Kerala,Kerala City 3,4G,Postpaid,2.8,15.33,514,3,-1
AIR106318,2025-05-15,Delhi,Delhi City 3,4G,Postpaid,5.9,19.65,424,3.27,18
AIR106319,2025-06-15,Uttar Pradesh,Uttar Pradesh City 3,4G,Prepaid,4.7,22.24,758,4,29
AIR106320,2025-07-15,Kerala,Kerala City 1,5G,Postpaid,5.6,1,668,3.89,43
AIR106321,2025-08-15,Delhi,Delhi City 2,4G,Prepaid,6.5,3.8,696,3.49,0
AIR106322,2025-09-15,West Bengal,West Bengal City 1,4G,Postpaid,0.9,25.56,175,2.79,4
AIR106323,2025-10-15,Delhi,Delhi City 2,5G,Postpaid,0.8,55.14,77,3.67,31
AIR106324,2025-11-15,Uttar Pradesh,Uttar Pradesh City 2,5G,Enterprise,4.2,38.85,315,3.83,27
AIR106325,2025-12-15,Gujarat,Gujarat City 2,4G,Prepaid,4.6,31.76,202,3.55,-4
AIR106326,2025-02-15,Karnataka,Karnataka City 3,5G,Prepaid,4,25.95,32,4.73,61
AIR106327,2025-03-15,Kerala,Kerala City 2,5G,Prepaid,4.8,42.2,427,3.92,28
AIR106328,2025-04-15,Gujarat,Gujarat City 1,4G,Prepaid,4.2,13.13,450,3.63,36
AIR106329,2025-05-15,Kerala,Kerala City 2,5G,Prepaid,4.3,50.77,400,4.15,33
AIR106330,2025-06-15,Karnataka,Karnataka City 1,4G,Prepaid,1.2,10.34,20,2.33,-20
AIR106331,2025-07-15,Telangana,Telangana City 2,4G,Prepaid,1,15.54,121,3.41,24
AIR106332,2025-08-15,Delhi,Delhi City 2,4G,Broadband,6,25.35,452,4.09,44
AIR106333,2025-09-15,West Bengal,West Bengal City 3,5G,Prepaid,1.2,25.9,467,3.8,39
AIR106334,2025-10-15,Telangana,Telangana City 1,4G,Enterprise,2.5,17.02,221,3.71,14
AIR106335,2025-11-15,Telangana,Telangana City 2,5G,Broadband,4.1,17.64,325,3.34,21
AIR106336,2025-12-15,Rajasthan,Rajasthan City 2,4G,Broadband,4,11.83,511,4.24,37
AIR106337,2025-02-15,Tamil Nadu,Tamil Nadu City 1,4G,Broadband,1,25.31,457,3.57,28
AIR106338,2025-03-15,Uttar Pradesh,Uttar Pradesh City 2,4G,Postpaid,1.1,22.05,749,3.33,26
AIR106339,2025-04-15,Gujarat,Gujarat City 3,5G,Postpaid,5,1.29,577,4.3,47
AIR106340,2025-05-15,Gujarat,Gujarat City 1,4G,Prepaid,1.1,29.43,554,3.75,26
AIR106341,2025-06-15,Gujarat,Gujarat City 3,4G,Postpaid,5.4,19.74,447,3.9,39
AIR106342,2025-07-15,Gujarat,Gujarat City 1,4G,Broadband,2.8,18.58,337,2.22,-22
AIR106343,2025-08-15,Uttar Pradesh,Uttar Pradesh City 1,5G,Prepaid,4.6,11.92,543,3.84,37
AIR106344,2025-09-15,Telangana,Telangana City 1,4G,Prepaid,4.9,12.84,317,3.34,11
AIR106345,2025-10-15,Uttar Pradesh,Uttar Pradesh City 2,5G,Postpaid,1.1,34.16,483,3.97,4
AIR106346,2025-11-15,Gujarat,Gujarat City 1,4G,Postpaid,2.7,8.36,370,3.79,32
AIR106347,2025-12-15,Tamil Nadu,Tamil Nadu City 1,4G,Broadband,4.3,31.43,464,3.26,21
AIR106348,2025-02-15,Maharashtra,Maharashtra City 1,4G,Prepaid,1.4,14.87,323,3.23,10
AIR106349,2025-03-15,Karnataka,Karnataka City 3,5G,Postpaid,1.9,4.04,242,4.16,53
AIR106350,2025-04-15,Gujarat,Gujarat City 1,4G,Prepaid,5.2,12.23,397,3.41,19
AIR106351,2025-05-15,West Bengal,West Bengal City 2,4G,Broadband,6.1,24.8,32,3.88,41
AIR106352,2025-06-15,Maharashtra,Maharashtra City 1,4G,Prepaid,4,19,456,3.29,11
AIR106353,2025-07-15,Uttar Pradesh,Uttar Pradesh City 1,4G,Broadband,4.4,21.25,330,3.05,17
AIR106354,2025-08-15,West Bengal,West Bengal City 3,4G,Prepaid,5.8,18.86,375,4.15,34
AIR106355,2025-09-15,West Bengal,West Bengal City 2,5G,Prepaid,5.8,33.1,601,3.83,34
AIR106356,2025-10-15,Kerala,Kerala City 2,4G,Prepaid,4.8,39.04,198,2.84,-6
AIR106357,2025-11-15,West Bengal,West Bengal City 2,4G,Prepaid,3.1,19.56,71,3.16,7
AIR106358,2025-12-15,Gujarat,Gujarat City 1,4G,Postpaid,4.3,26.32,339,2.84,-8
AIR106359,2025-02-15,Kerala,Kerala City 1,4G,Prepaid,0.9,19.95,163,3.33,16
AIR106360,2025-03-15,Rajasthan,Rajasthan City 2,5G,Prepaid,3.6,20.74,544,3.69,24
AIR106361,2025-04-15,Telangana,Telangana City 2,4G,Prepaid,1,9.24,387,3.84,23
AIR106362,2025-05-15,West Bengal,West Bengal City 3,5G,Broadband,0.8,36.3,551,3.91,31
AIR106363,2025-06-15,Tamil Nadu,Tamil Nadu City 2,4G,Prepaid,2.1,1.02,418,2.81,-15
AIR106364,2025-07-15,Karnataka,Karnataka City 1,5G,Prepaid,5.2,30.47,658,3.19,13
AIR106365,2025-08-15,West Bengal,West Bengal City 1,4G,Postpaid,1.5,23.28,244,4.01,28
AIR106366,2025-09-15,Rajasthan,Rajasthan City 1,4G,Broadband,1.1,22.75,198,3.22,-7
AIR106367,2025-10-15,Delhi,Delhi City 3,5G,Broadband,1.6,40.79,110,4.46,53
AIR106368,2025-11-15,Uttar Pradesh,Uttar Pradesh City 2,5G,Broadband,3.2,54.56,573,4.1,26
AIR106369,2025-12-15,Uttar Pradesh,Uttar Pradesh City 1,4G,Prepaid,4.7,10.94,647,4.13,65
AIR106370,2025-02-15,Rajasthan,Rajasthan City 3,4G,Broadband,4.8,7.97,465,3.51,12
AIR106371,2025-03-15,Delhi,Delhi City 3,4G,Postpaid,2.3,1.09,168,4.33,40
AIR106372,2025-04-15,Uttar Pradesh,Uttar Pradesh City 1,5G,Broadband,5.6,25.83,20,3.68,27
AIR106373,2025-05-15,Uttar Pradesh,Uttar Pradesh City 3,4G,Prepaid,2.9,21.19,299,3.39,-4
AIR106374,2025-06-15,Uttar Pradesh,Uttar Pradesh City 3,5G,Broadband,0.9,43.15,202,3.64,27
AIR106375,2025-07-15,Rajasthan,Rajasthan City 1,4G,Prepaid,2.1,8.92,485,3.59,32
AIR106376,2025-08-15,Telangana,Telangana City 3,4G,Postpaid,2.7,22.57,443,3.34,12
AIR106377,2025-09-15,Karnataka,Karnataka City 1,4G,Prepaid,4,1,474,3.47,35
AIR106378,2025-10-15,Rajasthan,Rajasthan City 1,4G,Prepaid,0.9,40.41,430,3.91,29
AIR106379,2025-11-15,Delhi,Delhi City 3,4G,Postpaid,5.8,16.93,410,3.73,21
AIR106380,2025-12-15,West Bengal,West Bengal City 1,4G,Prepaid,6.1,14.95,532,3.36,-2
AIR106381,2025-02-15,Telangana,Telangana City 1,5G,Postpaid,6.1,48.39,680,4.78,67
AIR106382,2025-03-15,Telangana,Telangana City 2,4G,Postpaid,2.9,17.83,531,3.32,12
AIR106383,2025-04-15,West Bengal,West Bengal City 1,5G,Postpaid,2,23.61,643,4.39,56
AIR106384,2025-05-15,Tamil Nadu,Tamil Nadu City 2,4G,Prepaid,3,11.36,621,3.94,29
AIR106385,2025-06-15,Kerala,Kerala City 2,5G,Enterprise,3.4,15.21,408,4.09,43
AIR106386,2025-07-15,Karnataka,Karnataka City 2,5G,Postpaid,0.8,44.2,400,4.21,39
AIR106387,2025-08-15,Karnataka,Karnataka City 2,5G,Prepaid,1.7,48.57,385,3.73,32
AIR106388,2025-09-15,Tamil Nadu,Tamil Nadu City 3,5G,Postpaid,3.5,44.68,406,3.29,3
AIR106389,2025-10-15,Kerala,Kerala City 3,4G,Prepaid,2.5,19.47,803,3.41,13
AIR106390,2025-11-15,Karnataka,Karnataka City 1,5G,Prepaid,4.4,42.63,171,3.19,2
AIR106391,2025-12-15,Delhi,Delhi City 1,5G,Postpaid,5.5,18.15,82,3.75,36
AIR106392,2025-02-15,Maharashtra,Maharashtra City 1,4G,Postpaid,4.7,23.68,731,2.86,-5
AIR106393,2025-03-15,Maharashtra,Maharashtra City 3,4G,Prepaid,2.6,23.92,545,3.75,26
AIR106394,2025-04-15,Karnataka,Karnataka City 2,4G,Prepaid,6.2,2.69,148,3.32,-10
AIR106395,2025-05-15,Gujarat,Gujarat City 3,4G,Broadband,1.8,28.39,407,3.91,37
AIR106396,2025-06-15,Karnataka,Karnataka City 3,4G,Prepaid,2,11.12,435,4.15,39
AIR106397,2025-07-15,West Bengal,West Bengal City 1,4G,Prepaid,5.9,11.51,481,3.58,27
AIR106398,2025-08-15,West Bengal,West Bengal City 1,4G,Enterprise,6.1,8.18,154,4.11,43
AIR106399,2025-09-15,Kerala,Kerala City 1,5G,Prepaid,6.1,1,334,4.11,23
AIR106400,2025-10-15,Uttar Pradesh,Uttar Pradesh City 2,4G,Postpaid,4.2,31.54,593,4.02,25
AIR106401,2025-11-15,Telangana,Telangana City 2,5G,Prepaid,6.1,32.69,387,4.13,26
AIR106402,2025-12-15,Delhi,Delhi City 3,4G,Postpaid,3.9,31.96,497,3.71,32
AIR106403,2025-02-15,Tamil Nadu,Tamil Nadu City 2,4G,Prepaid,5.6,3.31,417,2.67,-15
AIR106404,2025-03-15,Karnataka,Karnataka City 1,4G,Enterprise,4,4.31,400,3.51,22
AIR106405,2025-04-15,Uttar Pradesh,Uttar Pradesh City 2,4G,Prepaid,1.8,17.96,662,3.63,4
AIR106406,2025-05-15,Uttar Pradesh,Uttar Pradesh City 2,4G,Postpaid,5.2,7.93,442,3.38,21
AIR106407,2025-06-15,Delhi,Delhi City 2,4G,Broadband,3.8,21.81,725,3.29,9
AIR106408,2025-07-15,Tamil Nadu,Tamil Nadu City 2,4G,Enterprise,2.5,43.36,543,2.59,-11
AIR106409,2025-08-15,West Bengal,West Bengal City 1,4G,Prepaid,5.4,14.37,615,3.2,21
AIR106410,2025-09-15,Rajasthan,Rajasthan City 1,4G,Broadband,1.7,24.65,251,4.17,52
AIR106411,2025-10-15,Delhi,Delhi City 3,4G,Prepaid,1.5,15.17,450,3.47,15
AIR106412,2025-11-15,Uttar Pradesh,Uttar Pradesh City 3,4G,Postpaid,5.8,1,84,2.94,4
AIR106413,2025-12-15,Maharashtra,Maharashtra City 3,4G,Prepaid,3,6.16,293,3.34,9
AIR106414,2025-02-15,Karnataka,Karnataka City 2,4G,Prepaid,4.7,7.36,330,3.26,11
AIR106415,2025-03-15,Kerala,Kerala City 2,4G,Prepaid,2.3,24.55,165,3.6,20
AIR106416,2025-04-15,Maharashtra,Maharashtra City 1,4G,Postpaid,3.6,4.11,395,3.24,24
AIR106417,2025-05-15,Uttar Pradesh,Uttar Pradesh City 3,4G,Postpaid,6.1,27.18,435,2.47,-26
AIR106418,2025-06-15,Telangana,Telangana City 1,4G,Prepaid,2,1,680,3.78,35
AIR106419,2025-07-15,Gujarat,Gujarat City 3,4G,Postpaid,5.5,15.47,317,4.18,29
AIR106420,2025-08-15,Tamil Nadu,Tamil Nadu City 3,4G,Enterprise,3.3,1,566,2.99,-1
AIR106421,2025-09-15,West Bengal,West Bengal City 3,4G,Postpaid,2.8,6.13,128,3.53,19
AIR106422,2025-10-15,Karnataka,Karnataka City 2,4G,Postpaid,4.5,16.58,562,4.47,41
AIR106423,2025-11-15,Kerala,Kerala City 3,5G,Broadband,3.1,26.84,230,3.93,24
AIR106424,2025-12-15,Rajasthan,Rajasthan City 3,5G,Postpaid,2.5,21.2,564,3.88,18
AIR106425,2025-02-15,West Bengal,West Bengal City 2,4G,Prepaid,1.3,6.01,388,3.21,7
AIR106426,2025-03-15,Karnataka,Karnataka City 3,5G,Postpaid,5.6,52.39,20,4.4,43
AIR106427,2025-04-15,Rajasthan,Rajasthan City 2,4G,Prepaid,6,30.1,398,3.58,9
AIR106428,2025-05-15,Kerala,Kerala City 2,4G,Postpaid,0.9,23.26,416,3.31,24
AIR106429,2025-06-15,Uttar Pradesh,Uttar Pradesh City 1,5G,Enterprise,4.2,22.45,645,4.41,56
AIR106430,2025-07-15,Gujarat,Gujarat City 2,5G,Prepaid,3.6,46.02,255,4.04,58
AIR106431,2025-08-15,Maharashtra,Maharashtra City 2,4G,Prepaid,0.7,4.87,432,3.75,32
AIR106432,2025-09-15,Maharashtra,Maharashtra City 2,4G,Prepaid,5.6,3.91,613,2.92,-1
AIR106433,2025-10-15,Uttar Pradesh,Uttar Pradesh City 3,4G,Prepaid,3.2,23.39,630,2.89,-14
AIR106434,2025-11-15,West Bengal,West Bengal City 1,4G,Postpaid,2.5,5.31,431,3.72,32
AIR106435,2025-12-15,Uttar Pradesh,Uttar Pradesh City 3,4G,Postpaid,4.7,14.7,504,3.2,9
AIR106436,2025-02-15,Uttar Pradesh,Uttar Pradesh City 2,4G,Prepaid,1.8,30.89,289,4.14,47
AIR106437,2025-03-15,Karnataka,Karnataka City 2,5G,Broadband,3.3,57.27,245,4.39,53
AIR106438,2025-04-15,Karnataka,Karnataka City 1,4G,Prepaid,6.1,19.76,244,3.02,9
AIR106439,2025-05-15,Kerala,Kerala City 1,5G,Enterprise,1.7,64.43,347,2.79,-23
AIR106440,2025-06-15,Gujarat,Gujarat City 2,4G,Prepaid,5.5,23.31,792,3.02,-6
AIR106441,2025-07-15,Karnataka,Karnataka City 2,4G,Postpaid,1.5,29.29,470,3.97,27
AIR106442,2025-08-15,Kerala,Kerala City 3,4G,Prepaid,3.7,15.43,435,3.19,4
AIR106443,2025-09-15,Telangana,Telangana City 2,5G,Prepaid,4.1,17.63,481,3.27,1
AIR106444,2025-10-15,Uttar Pradesh,Uttar Pradesh City 3,4G,Broadband,6.2,24.67,179,3.53,21
AIR106445,2025-11-15,Uttar Pradesh,Uttar Pradesh City 1,4G,Postpaid,2.7,7.03,525,3.94,38
AIR106446,2025-12-15,West Bengal,West Bengal City 3,4G,Broadband,1.5,20.03,442,3.13,6
AIR106447,2025-02-15,Telangana,Telangana City 2,4G,Postpaid,1,14.75,538,3.85,23
AIR106448,2025-03-15,West Bengal,West Bengal City 3,4G,Broadband,5.2,29.28,20,3.76,43
AIR106449,2025-04-15,Rajasthan,Rajasthan City 3,4G,Enterprise,1.5,29.96,637,3.17,-7
AIR106450,2025-05-15,Kerala,Kerala City 1,4G,Postpaid,3.6,5.45,242,3.24,14
AIR106451,2025-06-15,Kerala,Kerala City 3,4G,Postpaid,6.2,20.19,423,3.93,43
AIR106452,2025-07-15,Uttar Pradesh,Uttar Pradesh City 2,4G,Broadband,3.3,16.02,142,2.88,10
AIR106453,2025-08-15,Delhi,Delhi City 3,5G,Prepaid,5.6,54.29,291,3.8,32
AIR106454,2025-09-15,Rajasthan,Rajasthan City 3,4G,Broadband,6.7,14.71,281,2.79,-17
AIR106455,2025-10-15,Kerala,Kerala City 3,4G,Postpaid,4.9,12.38,484,3.36,0
AIR106456,2025-11-15,Karnataka,Karnataka City 2,4G,Postpaid,4.8,22.94,446,2.32,-20
AIR106457,2025-12-15,Uttar Pradesh,Uttar Pradesh City 3,4G,Prepaid,6.2,23.13,392,3.29,2
AIR106458,2025-02-15,West Bengal,West Bengal City 2,4G,Postpaid,4.1,32.11,412,2.92,8
AIR106459,2025-03-15,Telangana,Telangana City 3,4G,Prepaid,2.8,15.86,550,3.31,10
AIR106460,2025-04-15,West Bengal,West Bengal City 1,5G,Broadband,2.8,43.74,575,4.49,49
AIR106461,2025-05-15,Maharashtra,Maharashtra City 1,4G,Postpaid,4.3,18.54,275,3.44,11
AIR106462,2025-06-15,Delhi,Delhi City 1,4G,Prepaid,3.6,23.88,231,2.7,-9
AIR106463,2025-07-15,Kerala,Kerala City 2,4G,Enterprise,1.2,35.56,205,3.92,43
AIR106464,2025-08-15,Gujarat,Gujarat City 2,4G,Postpaid,3.7,1,443,4.19,45
AIR106465,2025-09-15,Tamil Nadu,Tamil Nadu City 2,4G,Enterprise,1.5,17.19,565,3.21,7
AIR106466,2025-10-15,Delhi,Delhi City 3,5G,Prepaid,3.7,44.54,173,3.25,8
AIR106467,2025-11-15,Uttar Pradesh,Uttar Pradesh City 2,5G,Postpaid,3.5,42.63,456,3.5,1
AIR106468,2025-12-15,Kerala,Kerala City 2,5G,Postpaid,4.4,38.03,393,3.22,2
AIR106469,2025-02-15,Telangana,Telangana City 2,4G,Postpaid,5.3,38.13,476,3.35,8
AIR106470,2025-03-15,Kerala,Kerala City 2,5G,Prepaid,5.2,33.56,1050,3.73,25
AIR106471,2025-04-15,Tamil Nadu,Tamil Nadu City 1,4G,Prepaid,4,1.32,371,2.78,-7
AIR106472,2025-05-15,Telangana,Telangana City 3,5G,Broadband,0.6,31.48,497,3.44,12
AIR106473,2025-06-15,West Bengal,West Bengal City 1,5G,Prepaid,6.3,22.36,203,4,33
AIR106474,2025-07-15,Telangana,Telangana City 3,4G,Enterprise,0.6,25.43,223,2.99,-4
AIR106475,2025-08-15,Delhi,Delhi City 3,4G,Prepaid,4.3,27.67,188,3.79,23
AIR106476,2025-09-15,West Bengal,West Bengal City 1,4G,Enterprise,4.6,26.92,305,3.3,17
AIR106477,2025-10-15,Kerala,Kerala City 2,5G,Postpaid,2.8,59.21,439,4.1,33
AIR106478,2025-11-15,Uttar Pradesh,Uttar Pradesh City 1,4G,Postpaid,1.2,11.68,672,3.64,14
AIR106479,2025-12-15,Rajasthan,Rajasthan City 3,5G,Prepaid,4.5,21.19,548,3.61,21
AIR106480,2025-02-15,Uttar Pradesh,Uttar Pradesh City 3,4G,Broadband,1.4,11.8,731,3.29,13
AIR106481,2025-03-15,Kerala,Kerala City 2,4G,Postpaid,4.1,10,311,3.03,14
AIR106482,2025-04-15,Tamil Nadu,Tamil Nadu City 1,4G,Postpaid,1.4,14.84,499,2.74,-16
AIR106483,2025-05-15,Rajasthan,Rajasthan City 3,5G,Prepaid,1.1,33.12,203,3.87,49
AIR106484,2025-06-15,Kerala,Kerala City 1,4G,Postpaid,4.2,20.42,417,3.83,26
AIR106485,2025-07-15,Gujarat,Gujarat City 2,4G,Broadband,3.5,7.66,263,3.88,37
AIR106486,2025-08-15,Delhi,Delhi City 2,4G,Prepaid,2.2,19.36,475,3.89,12
AIR106487,2025-09-15,Gujarat,Gujarat City 3,4G,Postpaid,4.9,20.93,568,3.26,18
AIR106488,2025-10-15,West Bengal,West Bengal City 2,5G,Prepaid,5.7,35.41,591,3.75,32
AIR106489,2025-11-15,Maharashtra,Maharashtra City 3,4G,Broadband,0.9,20.16,568,3.44,31
AIR106490,2025-12-15,Kerala,Kerala City 3,5G,Enterprise,4.2,36.03,681,3.92,37
AIR106491,2025-02-15,Karnataka,Karnataka City 2,5G,Prepaid,5.5,50.03,409,3.6,23
AIR106492,2025-03-15,Karnataka,Karnataka City 2,4G,Prepaid,4.9,22.24,476,4.22,46
AIR106493,2025-04-15,Telangana,Telangana City 1,5G,Postpaid,1.6,45.1,500,4.22,36
AIR106494,2025-05-15,Uttar Pradesh,Uttar Pradesh City 1,5G,Prepaid,0.5,29.15,343,3.65,21
AIR106495,2025-06-15,Uttar Pradesh,Uttar Pradesh City 3,5G,Postpaid,1.8,45.96,568,4.4,61
AIR106496,2025-07-15,Uttar Pradesh,Uttar Pradesh City 1,5G,Prepaid,3.2,54.65,285,3.42,26
AIR106497,2025-08-15,Gujarat,Gujarat City 3,4G,Postpaid,4.2,13.96,354,3.38,12
AIR106498,2025-09-15,Delhi,Delhi City 2,4G,Prepaid,4.2,7.97,534,3.49,24
AIR106499,2025-10-15,Kerala,Kerala City 2,4G,Prepaid,1.7,21.5,330,3.88,37
AIR106500,2025-11-15,Tamil Nadu,Tamil Nadu City 1,5G,Prepaid,6.5,46.15,20,3.85,24
AIR106501,2025-12-15,Telangana,Telangana City 3,5G,Postpaid,3.3,60.92,153,3.56,24
AIR106502,2025-02-15,West Bengal,West Bengal City 3,4G,Postpaid,5.7,27.16,285,2.8,-6
AIR106503,2025-03-15,Rajasthan,Rajasthan City 1,4G,Prepaid,2.3,19.57,322,3.49,8
AIR106504,2025-04-15,West Bengal,West Bengal City 3,4G,Postpaid,2.4,1,334,3.94,40
AIR106505,2025-05-15,Kerala,Kerala City 3,5G,Broadband,4.3,58.72,198,3.85,29
AIR106506,2025-06-15,Maharashtra,Maharashtra City 2,4G,Prepaid,1.7,9.86,404,3.12,13
AIR106507,2025-07-15,Uttar Pradesh,Uttar Pradesh City 3,4G,Broadband,1.3,22.81,767,3.75,19
AIR106508,2025-08-15,Rajasthan,Rajasthan City 3,4G,Postpaid,2.9,20.15,266,3.52,11
AIR106509,2025-09-15,Gujarat,Gujarat City 3,4G,Prepaid,1.8,10.57,356,4.08,42
AIR106510,2025-10-15,Kerala,Kerala City 1,4G,Prepaid,4.9,21.29,645,3.61,25
AIR106511,2025-11-15,Maharashtra,Maharashtra City 1,5G,Postpaid,2,29.46,376,3.95,29
AIR106512,2025-12-15,Gujarat,Gujarat City 1,4G,Postpaid,6.7,12.34,449,3.84,21
AIR106513,2025-02-15,Maharashtra,Maharashtra City 3,5G,Prepaid,1.8,40.94,525,3.37,4
AIR106514,2025-03-15,Uttar Pradesh,Uttar Pradesh City 3,4G,Enterprise,3.7,8.86,392,3.66,30
AIR106515,2025-04-15,Gujarat,Gujarat City 1,4G,Postpaid,1,21.89,449,3.76,12
AIR106516,2025-05-15,Delhi,Delhi City 1,4G,Prepaid,5.2,28.84,238,2.71,-3
AIR106517,2025-06-15,Karnataka,Karnataka City 3,5G,Prepaid,4.8,8.51,484,3.83,30
AIR106518,2025-07-15,West Bengal,West Bengal City 3,5G,Prepaid,5.8,11.22,491,3.92,30
AIR106519,2025-08-15,Delhi,Delhi City 2,4G,Postpaid,2.6,31.96,678,3.86,24
AIR106520,2025-09-15,Rajasthan,Rajasthan City 1,5G,Postpaid,4.7,43.25,528,3.07,-8
AIR106521,2025-10-15,Telangana,Telangana City 3,4G,Postpaid,1.3,20.65,31,3.5,31
AIR106522,2025-11-15,Karnataka,Karnataka City 1,4G,Postpaid,2.3,26.29,744,3.02,13
AIR106523,2025-12-15,Delhi,Delhi City 1,4G,Prepaid,5.8,19.38,337,3.5,21
AIR106524,2025-02-15,Kerala,Kerala City 1,5G,Postpaid,2.3,33.22,468,4.23,31
AIR106525,2025-03-15,Maharashtra,Maharashtra City 2,4G,Prepaid,0.8,19.13,346,3.42,32
AIR106526,2025-04-15,Rajasthan,Rajasthan City 3,4G,Prepaid,0.6,25.95,484,3.17,16
AIR106527,2025-05-15,Kerala,Kerala City 3,4G,Postpaid,6.1,3.94,410,4.1,56
AIR106528,2025-06-15,Karnataka,Karnataka City 1,4G,Prepaid,3.7,19.77,524,2.97,12
AIR106529,2025-07-15,Maharashtra,Maharashtra City 3,4G,Broadband,1.8,19.96,20,2.09,-32
AIR106530,2025-08-15,Rajasthan,Rajasthan City 2,4G,Enterprise,4.4,7.01,334,3.51,18
AIR106531,2025-09-15,Telangana,Telangana City 1,4G,Postpaid,0.7,25.28,119,3.2,-18
AIR106532,2025-10-15,Karnataka,Karnataka City 2,5G,Prepaid,2.5,29.6,456,4.06,49
AIR106533,2025-11-15,Rajasthan,Rajasthan City 2,4G,Prepaid,4.2,11.74,566,3.72,18
AIR106534,2025-12-15,Delhi,Delhi City 3,4G,Prepaid,1.5,10.15,419,3.15,0
AIR106535,2025-02-15,Rajasthan,Rajasthan City 3,4G,Postpaid,4.8,26.73,539,3.32,20
AIR106536,2025-03-15,Karnataka,Karnataka City 2,4G,Broadband,1.1,24.79,832,2.84,4
AIR106537,2025-04-15,Uttar Pradesh,Uttar Pradesh City 3,5G,Postpaid,6.1,53.08,152,3.87,53
AIR106538,2025-05-15,Delhi,Delhi City 2,4G,Postpaid,3.1,10.17,524,4.06,32
AIR106539,2025-06-15,Kerala,Kerala City 2,5G,Postpaid,2.5,29.05,628,4.49,52
AIR106540,2025-07-15,Karnataka,Karnataka City 1,5G,Broadband,3.3,34.8,328,3.84,34
AIR106541,2025-08-15,Uttar Pradesh,Uttar Pradesh City 2,5G,Prepaid,1.1,67.9,380,3.9,60
AIR106542,2025-09-15,Tamil Nadu,Tamil Nadu City 2,4G,Broadband,3.1,1,345,4.03,29
AIR106543,2025-10-15,Telangana,Telangana City 3,4G,Postpaid,5.3,16.13,34,3.25,-2
AIR106544,2025-11-15,Uttar Pradesh,Uttar Pradesh City 1,4G,Prepaid,3.4,17.85,654,3.17,9
AIR106545,2025-12-15,Tamil Nadu,Tamil Nadu City 3,5G,Enterprise,2.1,60.16,680,3.99,33
AIR106546,2025-02-15,West Bengal,West Bengal City 1,4G,Enterprise,0.4,20.55,416,3.72,38
AIR106547,2025-03-15,Maharashtra,Maharashtra City 3,4G,Postpaid,0.6,22.26,493,3.58,24
AIR106548,2025-04-15,Uttar Pradesh,Uttar Pradesh City 2,4G,Broadband,1.9,37.89,499,3.42,14
AIR106549,2025-05-15,Gujarat,Gujarat City 1,5G,Prepaid,3.8,46.6,523,3.53,15
AIR106550,2025-06-15,Telangana,Telangana City 1,5G,Prepaid,4.9,31.86,443,3.96,38
AIR106551,2025-07-15,Uttar Pradesh,Uttar Pradesh City 1,4G,Prepaid,4,9.63,688,3.91,30
AIR106552,2025-08-15,Tamil Nadu,Tamil Nadu City 1,4G,Postpaid,1.9,12.43,686,3.56,19
AIR106553,2025-09-15,Gujarat,Gujarat City 3,4G,Postpaid,6.3,11.66,452,3.16,-6
AIR106554,2025-10-15,Telangana,Telangana City 3,4G,Prepaid,2.3,29.62,455,3.82,28
AIR106555,2025-11-15,Gujarat,Gujarat City 1,5G,Postpaid,4.8,11.98,554,3.73,31
AIR106556,2025-12-15,Delhi,Delhi City 1,5G,Prepaid,6.8,22.18,160,4.34,34
AIR106557,2025-02-15,Tamil Nadu,Tamil Nadu City 1,4G,Prepaid,2.9,19.87,385,3.05,5
AIR106558,2025-03-15,Rajasthan,Rajasthan City 3,4G,Prepaid,4.7,17.81,618,2.72,-9
AIR106559,2025-04-15,Delhi,Delhi City 1,5G,Prepaid,0.6,44.87,525,3.79,16
AIR106560,2025-05-15,Telangana,Telangana City 1,5G,Prepaid,4.2,1,181,4.93,77
AIR106561,2025-06-15,Telangana,Telangana City 1,5G,Prepaid,6.3,41.24,283,3.82,5
AIR106562,2025-07-15,Karnataka,Karnataka City 3,5G,Prepaid,2.7,4.89,377,4.13,34
AIR106563,2025-08-15,Tamil Nadu,Tamil Nadu City 2,4G,Prepaid,2.8,1,260,3.32,5
AIR106564,2025-09-15,West Bengal,West Bengal City 2,5G,Prepaid,2.8,28.5,501,3.77,28
AIR106565,2025-10-15,West Bengal,West Bengal City 3,5G,Broadband,5.2,30.53,107,3.72,19
AIR106566,2025-11-15,Telangana,Telangana City 2,4G,Prepaid,2.1,15.91,83,3.75,30
AIR106567,2025-12-15,West Bengal,West Bengal City 1,4G,Postpaid,6,27.75,460,3.72,30
AIR106568,2025-02-15,Maharashtra,Maharashtra City 1,5G,Prepaid,3.8,45.04,416,3.86,48
AIR106569,2025-03-15,Karnataka,Karnataka City 3,4G,Prepaid,4.8,20.51,715,4.21,36
AIR106570,2025-04-15,Telangana,Telangana City 3,4G,Prepaid,4.4,20.82,542,3.86,28
AIR106571,2025-05-15,West Bengal,West Bengal City 2,4G,Broadband,1.2,12.35,647,3.68,18
AIR106572,2025-06-15,Tamil Nadu,Tamil Nadu City 2,4G,Prepaid,1,12.17,547,3.62,19
AIR106573,2025-07-15,Uttar Pradesh,Uttar Pradesh City 1,4G,Postpaid,5.1,7.49,572,4.01,35
AIR106574,2025-08-15,Rajasthan,Rajasthan City 3,4G,Postpaid,6,41.27,361,3.23,7
AIR106575,2025-09-15,Delhi,Delhi City 2,5G,Prepaid,5.9,42.56,593,3.74,13
AIR106576,2025-10-15,Delhi,Delhi City 2,5G,Broadband,3,18.54,575,3.92,28
AIR106577,2025-11-15,Maharashtra,Maharashtra City 1,5G,Prepaid,6.1,25.07,476,4.09,17
AIR106578,2025-12-15,Gujarat,Gujarat City 1,4G,Prepaid,6.6,25.9,75,3.5,20
AIR106579,2025-02-15,Tamil Nadu,Tamil Nadu City 1,5G,Prepaid,6,18.19,889,3.99,43
AIR106580,2025-03-15,Gujarat,Gujarat City 1,4G,Prepaid,2.3,15.7,326,3.36,16
AIR106581,2025-04-15,Karnataka,Karnataka City 2,4G,Prepaid,1.6,2.62,487,3.81,35
AIR106582,2025-05-15,Rajasthan,Rajasthan City 3,4G,Postpaid,5.1,24.43,445,3.48,16
AIR106583,2025-06-15,Karnataka,Karnataka City 3,5G,Prepaid,2.6,40.32,622,4.22,47
AIR106584,2025-07-15,Telangana,Telangana City 1,4G,Postpaid,2.4,15.08,549,3.07,7
AIR106585,2025-08-15,Tamil Nadu,Tamil Nadu City 1,4G,Prepaid,3,7.38,404,4.08,46
AIR106586,2025-09-15,Telangana,Telangana City 2,4G,Enterprise,5.5,15.82,467,4.01,18
AIR106587,2025-10-15,Kerala,Kerala City 1,4G,Prepaid,4.7,3.77,392,3.3,13
AIR106588,2025-11-15,West Bengal,West Bengal City 3,5G,Postpaid,5.4,10.91,378,3.44,22
AIR106589,2025-12-15,Delhi,Delhi City 1,5G,Postpaid,5.2,29.1,442,3.22,10
AIR106590,2025-02-15,Uttar Pradesh,Uttar Pradesh City 3,4G,Prepaid,4.7,1,338,3.39,1
AIR106591,2025-03-15,Telangana,Telangana City 1,4G,Prepaid,5.1,11.91,741,3.9,34
AIR106592,2025-04-15,Gujarat,Gujarat City 1,4G,Prepaid,0.5,21.49,384,3.11,2
AIR106593,2025-05-15,Kerala,Kerala City 3,5G,Prepaid,1.1,15.15,146,4.53,37
AIR106594,2025-06-15,Delhi,Delhi City 2,4G,Prepaid,3.2,21.05,194,3.24,8
AIR106595,2025-07-15,Telangana,Telangana City 2,4G,Postpaid,5.8,18.46,615,3.79,9
AIR106596,2025-08-15,Kerala,Kerala City 1,4G,Prepaid,3.7,25.58,433,3.41,22
AIR106597,2025-09-15,Kerala,Kerala City 1,4G,Postpaid,4.8,21.11,307,3.75,29
AIR106598,2025-10-15,Tamil Nadu,Tamil Nadu City 3,4G,Prepaid,4.3,18.74,705,3.05,-12
AIR106599,2025-11-15,Karnataka,Karnataka City 3,4G,Broadband,2.5,13.31,430,3.64,25
AIR106600,2025-12-15,Kerala,Kerala City 1,4G,Prepaid,2.4,17.09,343,3.5,28
AIR106601,2025-02-15,Maharashtra,Maharashtra City 3,4G,Prepaid,1.4,15.31,273,3.21,-8
AIR106602,2025-03-15,Karnataka,Karnataka City 2,5G,Prepaid,2.2,39,729,4.16,36
AIR106603,2025-04-15,Delhi,Delhi City 2,4G,Prepaid,0.4,8.64,372,3.64,14
AIR106604,2025-05-15,Delhi,Delhi City 3,4G,Postpaid,5.5,9.93,338,3.92,47
AIR106605,2025-06-15,Delhi,Delhi City 3,5G,Postpaid,6,30.64,354,3.45,-5
AIR106606,2025-07-15,Delhi,Delhi City 3,5G,Postpaid,4.6,32.17,506,3.14,-6
AIR106607,2025-08-15,Maharashtra,Maharashtra City 2,4G,Postpaid,0.7,12.35,186,3.6,23
AIR106608,2025-09-15,Telangana,Telangana City 1,5G,Enterprise,5.6,20.13,602,3.83,27
AIR106609,2025-10-15,Rajasthan,Rajasthan City 3,4G,Postpaid,2.1,22.65,626,4.08,40
AIR106610,2025-11-15,Kerala,Kerala City 3,5G,Prepaid,6.2,45.02,455,3.35,3
AIR106611,2025-12-15,Delhi,Delhi City 3,5G,Prepaid,4.2,1,330,4.03,53
AIR106612,2025-02-15,Karnataka,Karnataka City 1,4G,Prepaid,1.1,21.89,81,3.47,24
AIR106613,2025-03-15,Karnataka,Karnataka City 3,4G,Postpaid,1.5,17.67,373,2.97,20
AIR106614,2025-04-15,Kerala,Kerala City 3,4G,Prepaid,5.5,23.57,245,3.22,9
AIR106615,2025-05-15,Telangana,Telangana City 2,4G,Postpaid,3,16.7,427,3.77,41
AIR106616,2025-06-15,Uttar Pradesh,Uttar Pradesh City 3,4G,Prepaid,6,13.82,183,3.26,6
AIR106617,2025-07-15,Uttar Pradesh,Uttar Pradesh City 2,4G,Broadband,0.9,20.38,563,3.24,21
AIR106618,2025-08-15,Rajasthan,Rajasthan City 1,4G,Enterprise,6.5,32.52,302,3.55,33
AIR106619,2025-09-15,Telangana,Telangana City 3,4G,Prepaid,2.8,1,480,3.49,26
AIR106620,2025-10-15,Kerala,Kerala City 3,4G,Broadband,1.5,19.41,324,3.43,30
AIR106621,2025-11-15,Uttar Pradesh,Uttar Pradesh City 2,4G,Broadband,6.1,27.25,355,3.78,17
AIR106622,2025-12-15,Uttar Pradesh,Uttar Pradesh City 1,4G,Enterprise,4.4,18.32,554,2.61,-36
AIR106623,2025-02-15,Uttar Pradesh,Uttar Pradesh City 1,4G,Prepaid,1.1,25.37,240,3.43,0
AIR106624,2025-03-15,Gujarat,Gujarat City 2,5G,Postpaid,3.5,21.23,474,4.05,16
AIR106625,2025-04-15,Maharashtra,Maharashtra City 1,4G,Prepaid,4.5,5.86,474,3.01,-9
AIR106626,2025-05-15,Kerala,Kerala City 1,5G,Postpaid,5.6,55.75,711,4.41,48
AIR106627,2025-06-15,West Bengal,West Bengal City 1,4G,Postpaid,1.9,21.31,632,3.46,6
AIR106628,2025-07-15,Tamil Nadu,Tamil Nadu City 1,5G,Postpaid,3.8,61.38,613,4.23,29
AIR106629,2025-08-15,Tamil Nadu,Tamil Nadu City 1,5G,Prepaid,6.4,39.84,578,3.07,21
AIR106630,2025-09-15,Telangana,Telangana City 1,4G,Broadband,6.1,30.09,443,3.35,11
AIR106631,2025-10-15,Kerala,Kerala City 1,4G,Prepaid,2,2.78,994,4.02,53
AIR106632,2025-11-15,Kerala,Kerala City 1,4G,Prepaid,6.5,21.15,401,2.99,7
AIR106633,2025-12-15,Tamil Nadu,Tamil Nadu City 3,5G,Postpaid,6.6,27.9,304,3.78,7
AIR106634,2025-02-15,Rajasthan,Rajasthan City 2,4G,Broadband,2.9,7.65,501,3.52,26
AIR106635,2025-03-15,Tamil Nadu,Tamil Nadu City 1,4G,Enterprise,5.7,18.81,541,2.97,9
AIR106636,2025-04-15,Kerala,Kerala City 2,4G,Postpaid,4.3,1,648,3.64,18
AIR106637,2025-05-15,Uttar Pradesh,Uttar Pradesh City 1,5G,Prepaid,2.2,47.68,556,4.07,46
AIR106638,2025-06-15,Rajasthan,Rajasthan City 1,4G,Prepaid,6.2,23.2,528,2.74,-3
AIR106639,2025-07-15,Delhi,Delhi City 3,4G,Prepaid,5,26.9,254,3.18,-1
AIR106640,2025-08-15,West Bengal,West Bengal City 2,4G,Prepaid,6.6,12.2,475,3.64,24
AIR106641,2025-09-15,Gujarat,Gujarat City 2,4G,Prepaid,4.8,28.99,614,3.27,-3
AIR106642,2025-10-15,Maharashtra,Maharashtra City 3,4G,Prepaid,6.8,10.64,519,3.33,16
AIR106643,2025-11-15,Delhi,Delhi City 3,4G,Prepaid,1,8.12,236,3.68,37
AIR106644,2025-12-15,Karnataka,Karnataka City 2,5G,Broadband,1.9,35.48,501,4.03,24
AIR106645,2025-02-15,Tamil Nadu,Tamil Nadu City 1,5G,Postpaid,1.4,56.96,424,3.41,12
AIR106646,2025-03-15,West Bengal,West Bengal City 1,5G,Postpaid,5,37.46,497,3.95,42
AIR106647,2025-04-15,Tamil Nadu,Tamil Nadu City 2,4G,Prepaid,5.8,19.2,410,2.81,-10
AIR106648,2025-05-15,Tamil Nadu,Tamil Nadu City 1,5G,Prepaid,1.7,29.38,654,4.24,58
AIR106649,2025-06-15,Delhi,Delhi City 3,4G,Prepaid,6.2,8.68,282,3.05,9
AIR106650,2025-07-15,Uttar Pradesh,Uttar Pradesh City 3,4G,Prepaid,4.2,7.89,171,3.77,8
AIR106651,2025-08-15,Uttar Pradesh,Uttar Pradesh City 3,5G,Postpaid,2.6,48.95,632,3.59,21
AIR106652,2025-09-15,Gujarat,Gujarat City 2,5G,Postpaid,6.2,33.12,331,4.32,41
AIR106653,2025-10-15,Rajasthan,Rajasthan City 2,4G,Broadband,5.6,33.8,392,3.18,0
AIR106654,2025-11-15,Tamil Nadu,Tamil Nadu City 2,5G,Broadband,5.4,24.84,284,3.71,16
AIR106655,2025-12-15,Telangana,Telangana City 1,5G,Postpaid,6.3,44.18,546,3.7,14
AIR106656,2025-02-15,Uttar Pradesh,Uttar Pradesh City 2,4G,Prepaid,2.3,18.92,701,4,46
AIR106657,2025-03-15,Kerala,Kerala City 2,4G,Broadband,1.8,1,397,3.7,27
AIR106658,2025-04-15,West Bengal,West Bengal City 3,5G,Postpaid,2.3,44.52,695,3.67,7
AIR106659,2025-05-15,Telangana,Telangana City 1,4G,Postpaid,2.4,30.29,280,3.17,-2
AIR106660,2025-06-15,Delhi,Delhi City 1,4G,Postpaid,1,24.47,565,3.2,-6
AIR106661,2025-07-15,Delhi,Delhi City 3,5G,Prepaid,1.2,45.31,485,3.61,12
AIR106662,2025-08-15,Gujarat,Gujarat City 1,4G,Prepaid,3.1,8.62,444,3.64,28
AIR106663,2025-09-15,Gujarat,Gujarat City 2,4G,Prepaid,3.8,40.6,317,4.06,33
AIR106664,2025-10-15,Rajasthan,Rajasthan City 1,4G,Prepaid,4.5,7.9,359,3.34,27
AIR106665,2025-11-15,Kerala,Kerala City 3,4G,Prepaid,1.6,9.32,322,2.99,12
AIR106666,2025-12-15,West Bengal,West Bengal City 1,5G,Prepaid,2.1,42.36,611,4.29,56
AIR106667,2025-02-15,Kerala,Kerala City 3,5G,Broadband,5.6,8.5,405,4.04,50
AIR106668,2025-03-15,Karnataka,Karnataka City 2,4G,Postpaid,0.5,27.7,383,4.02,44
AIR106669,2025-04-15,Gujarat,Gujarat City 2,5G,Prepaid,0.4,43.74,446,3.84,32
AIR106670,2025-05-15,Rajasthan,Rajasthan City 3,5G,Prepaid,3.8,51.57,568,4.28,42
AIR106671,2025-06-15,Maharashtra,Maharashtra City 2,4G,Postpaid,1.6,8.05,337,3.57,24
AIR106672,2025-07-15,Tamil Nadu,Tamil Nadu City 2,5G,Prepaid,6.4,51.42,534,4.1,40
AIR106673,2025-08-15,Tamil Nadu,Tamil Nadu City 1,4G,Postpaid,1,26.18,520,3.38,1
AIR106674,2025-09-15,Maharashtra,Maharashtra City 2,4G,Broadband,1.2,17.25,255,3.45,11
AIR106675,2025-10-15,Uttar Pradesh,Uttar Pradesh City 3,4G,Postpaid,6.1,21.58,683,3.79,37
AIR106676,2025-11-15,Kerala,Kerala City 2,4G,Prepaid,4.9,14.49,305,3.53,36
AIR106677,2025-12-15,Maharashtra,Maharashtra City 1,4G,Postpaid,1.3,19.25,554,3.35,2
AIR106678,2025-02-15,Rajasthan,Rajasthan City 3,4G,Prepaid,2.8,26.27,573,3.51,40
AIR106679,2025-03-15,West Bengal,West Bengal City 2,5G,Prepaid,5.8,21.07,288,3.7,50
AIR106680,2025-04-15,Maharashtra,Maharashtra City 2,4G,Postpaid,4.1,13.53,477,3.77,18
AIR106681,2025-05-15,Rajasthan,Rajasthan City 2,4G,Broadband,0.8,19.67,89,3.29,11
AIR106682,2025-06-15,Gujarat,Gujarat City 3,4G,Prepaid,0.6,16.45,299,3.17,18
AIR106683,2025-07-15,Telangana,Telangana City 1,4G,Broadband,6,9.82,719,3.15,-2
AIR106684,2025-08-15,Delhi,Delhi City 3,4G,Prepaid,4.5,29.55,522,2.88,-10
AIR106685,2025-09-15,Delhi,Delhi City 3,4G,Prepaid,1,19.19,672,3.92,48
AIR106686,2025-10-15,Karnataka,Karnataka City 1,4G,Postpaid,5.5,1.52,391,3.06,0
AIR106687,2025-11-15,Kerala,Kerala City 3,4G,Prepaid,4.9,10.93,432,3.83,34
AIR106688,2025-12-15,West Bengal,West Bengal City 3,4G,Prepaid,6.7,20.32,446,3.25,-11
AIR106689,2025-02-15,Telangana,Telangana City 2,5G,Prepaid,1.8,43.88,470,3.88,22
AIR106690,2025-03-15,Telangana,Telangana City 3,5G,Prepaid,0.7,37.03,509,4.26,43
AIR106691,2025-04-15,Gujarat,Gujarat City 2,5G,Prepaid,1,56.49,161,3.89,30
AIR106692,2025-05-15,Maharashtra,Maharashtra City 3,4G,Postpaid,2,17.96,478,3.71,24
AIR106693,2025-06-15,Kerala,Kerala City 2,4G,Postpaid,4.7,15.24,475,3.39,12
AIR106694,2025-07-15,Tamil Nadu,Tamil Nadu City 2,5G,Enterprise,3.1,5.73,363,3.46,20
AIR106695,2025-08-15,Telangana,Telangana City 2,5G,Postpaid,2.2,20.15,451,3.42,24
AIR106696,2025-09-15,Rajasthan,Rajasthan City 1,4G,Postpaid,2.4,33.43,412,2.98,14
AIR106697,2025-10-15,Tamil Nadu,Tamil Nadu City 3,4G,Postpaid,4.7,7.56,232,3.46,11
AIR106698,2025-11-15,Karnataka,Karnataka City 3,4G,Broadband,3,26.78,523,3.11,25
AIR106699,2025-12-15,Maharashtra,Maharashtra City 3,5G,Prepaid,1.6,26.59,334,4,17
AIR106700,2025-02-15,Maharashtra,Maharashtra City 1,4G,Prepaid,6,23.29,593,3.63,11
AIR106701,2025-03-15,West Bengal,West Bengal City 2,4G,Postpaid,2,13.95,526,3.46,28
AIR106702,2025-04-15,Telangana,Telangana City 3,5G,Prepaid,4.2,46.13,429,3.54,13
AIR106703,2025-05-15,Gujarat,Gujarat City 1,4G,Broadband,6.1,32.4,366,3.18,-1
AIR106704,2025-06-15,Uttar Pradesh,Uttar Pradesh City 1,4G,Postpaid,1.6,7.26,572,2.69,-14
AIR106705,2025-07-15,Uttar Pradesh,Uttar Pradesh City 3,4G,Prepaid,2.6,14.53,171,3.37,10
AIR106706,2025-08-15,Delhi,Delhi City 2,4G,Postpaid,3.5,30.27,374,3.61,14
AIR106707,2025-09-15,Rajasthan,Rajasthan City 1,4G,Prepaid,3,25.89,177,3.09,0
AIR106708,2025-10-15,Tamil Nadu,Tamil Nadu City 3,4G,Enterprise,3.4,29.9,574,4.03,29
AIR106709,2025-11-15,Karnataka,Karnataka City 2,4G,Enterprise,5.2,14.76,428,3.62,14
AIR106710,2025-12-15,Delhi,Delhi City 1,5G,Postpaid,3.2,42.54,606,4.2,53
AIR106711,2025-02-15,Maharashtra,Maharashtra City 1,4G,Prepaid,2,26.92,400,3.74,27
AIR106712,2025-03-15,Tamil Nadu,Tamil Nadu City 3,4G,Prepaid,1.1,7.37,482,4,45
AIR106713,2025-04-15,Kerala,Kerala City 3,4G,Postpaid,2.6,31.14,648,3.26,-4
AIR106714,2025-05-15,Telangana,Telangana City 2,5G,Broadband,4.9,57.33,401,4.18,41
AIR106715,2025-06-15,Karnataka,Karnataka City 3,4G,Prepaid,2,24.26,478,3.61,28
AIR106716,2025-07-15,Kerala,Kerala City 3,4G,Prepaid,1.1,3.33,589,3.4,9
AIR106717,2025-08-15,Gujarat,Gujarat City 2,4G,Prepaid,4.9,19.36,535,3.93,46
AIR106718,2025-09-15,Telangana,Telangana City 3,4G,Postpaid,6.1,11.38,326,3.76,36
AIR106719,2025-10-15,Tamil Nadu,Tamil Nadu City 2,4G,Broadband,1.9,11.78,372,3.77,25
AIR106720,2025-11-15,Telangana,Telangana City 2,5G,Prepaid,4.2,43.93,282,3.58,7
AIR106721,2025-12-15,Delhi,Delhi City 2,4G,Prepaid,1.9,12.2,325,2.83,10
AIR106722,2025-02-15,West Bengal,West Bengal City 3,5G,Postpaid,4.9,39.28,544,3.89,30
AIR106723,2025-03-15,Delhi,Delhi City 2,4G,Broadband,1,12.17,527,3.93,43
AIR106724,2025-04-15,Gujarat,Gujarat City 3,5G,Broadband,3.5,59.27,501,3.88,28
AIR106725,2025-05-15,Rajasthan,Rajasthan City 2,4G,Postpaid,0.9,10.86,462,2.95,-11
AIR106726,2025-06-15,Kerala,Kerala City 3,4G,Prepaid,2.2,1,464,3.49,18
AIR106727,2025-07-15,Delhi,Delhi City 2,4G,Prepaid,4.2,2.8,294,3.22,10
AIR106728,2025-08-15,West Bengal,West Bengal City 1,4G,Enterprise,4.9,41.83,389,3.8,33
AIR106729,2025-09-15,Rajasthan,Rajasthan City 1,5G,Enterprise,4.5,28.92,204,3.85,26
AIR106730,2025-10-15,Delhi,Delhi City 1,4G,Postpaid,2.1,8,832,3.21,3
AIR106731,2025-11-15,Maharashtra,Maharashtra City 2,4G,Postpaid,2.6,10.38,670,3.59,20
AIR106732,2025-12-15,West Bengal,West Bengal City 3,4G,Enterprise,4,13.36,251,2.98,25
AIR106733,2025-02-15,Kerala,Kerala City 2,5G,Prepaid,5.6,23.11,358,3.55,26
AIR106734,2025-03-15,Karnataka,Karnataka City 2,4G,Prepaid,1.5,32.17,207,3.43,10
AIR106735,2025-04-15,Uttar Pradesh,Uttar Pradesh City 2,5G,Postpaid,2.4,6.79,548,4.14,30
AIR106736,2025-05-15,Rajasthan,Rajasthan City 2,5G,Enterprise,2.3,32.08,483,3.69,23
AIR106737,2025-06-15,Maharashtra,Maharashtra City 3,5G,Postpaid,4.5,46.3,155,4.65,63
AIR106738,2025-07-15,Karnataka,Karnataka City 2,4G,Broadband,4,10.16,491,3.28,17
AIR106739,2025-08-15,Tamil Nadu,Tamil Nadu City 1,4G,Prepaid,6.2,20.97,283,3.55,25
AIR106740,2025-09-15,West Bengal,West Bengal City 1,4G,Prepaid,3.4,11.49,480,3.3,12
AIR106741,2025-10-15,Maharashtra,Maharashtra City 1,5G,Prepaid,4.3,59.98,654,3.36,9
AIR106742,2025-11-15,Telangana,Telangana City 2,5G,Enterprise,5.2,28.91,660,4.45,53
AIR106743,2025-12-15,Tamil Nadu,Tamil Nadu City 3,4G,Postpaid,4.6,16.67,547,3.02,5
AIR106744,2025-02-15,Tamil Nadu,Tamil Nadu City 3,5G,Prepaid,3.7,21.52,440,3.93,24
AIR106745,2025-03-15,Rajasthan,Rajasthan City 3,4G,Enterprise,4.5,23.12,517,3.21,0
AIR106746,2025-04-15,West Bengal,West Bengal City 2,4G,Postpaid,2.1,28.85,326,3.28,21
AIR106747,2025-05-15,Maharashtra,Maharashtra City 3,4G,Broadband,2.1,6.85,458,3.71,14
AIR106748,2025-06-15,Gujarat,Gujarat City 1,5G,Postpaid,6.3,38.35,311,3.72,34
AIR106749,2025-07-15,Maharashtra,Maharashtra City 3,5G,Prepaid,4.9,46.45,403,3.52,18
AIR106750,2025-08-15,Delhi,Delhi City 2,5G,Postpaid,1,22.89,747,3.45,7
AIR106751,2025-09-15,Tamil Nadu,Tamil Nadu City 2,5G,Enterprise,4.3,17.68,186,3.86,29
AIR106752,2025-10-15,Kerala,Kerala City 3,4G,Prepaid,5.3,20.11,405,2.96,9
AIR106753,2025-11-15,Tamil Nadu,Tamil Nadu City 2,5G,Broadband,1.9,26.14,333,3.78,35
AIR106754,2025-12-15,Tamil Nadu,Tamil Nadu City 3,4G,Prepaid,1.9,22.91,170,2.98,0
AIR106755,2025-02-15,Uttar Pradesh,Uttar Pradesh City 3,5G,Prepaid,0.4,29.17,359,3.74,31
AIR106756,2025-03-15,Telangana,Telangana City 1,5G,Prepaid,5.7,26.08,669,3.42,14
AIR106757,2025-04-15,Gujarat,Gujarat City 2,4G,Broadband,4,11.9,613,3.33,36
AIR106758,2025-05-15,Karnataka,Karnataka City 1,4G,Postpaid,1.2,18.1,414,3.6,0
AIR106759,2025-06-15,Karnataka,Karnataka City 2,4G,Prepaid,2.7,25.4,380,3.77,33
AIR106760,2025-07-15,Telangana,Telangana City 3,5G,Broadband,1.2,33.14,366,3.94,46
AIR106761,2025-08-15,Tamil Nadu,Tamil Nadu City 2,4G,Prepaid,1.3,23.44,597,3.17,-3
AIR106762,2025-09-15,Karnataka,Karnataka City 3,4G,Prepaid,2.7,10.62,342,3.2,28
AIR106763,2025-10-15,West Bengal,West Bengal City 2,5G,Prepaid,3,42.03,555,4.63,82
AIR106764,2025-11-15,Gujarat,Gujarat City 1,4G,Postpaid,2.9,24.72,531,3.6,21
AIR106765,2025-12-15,Karnataka,Karnataka City 1,4G,Postpaid,3.7,18.57,339,2.91,-13
AIR106766,2025-02-15,Telangana,Telangana City 3,4G,Broadband,1.4,5.15,676,3.11,-8
AIR106767,2025-03-15,Delhi,Delhi City 1,4G,Postpaid,2.4,1,288,3.77,27
AIR106768,2025-04-15,Karnataka,Karnataka City 3,5G,Prepaid,4.2,40.15,740,3.4,21
AIR106769,2025-05-15,Gujarat,Gujarat City 3,4G,Broadband,3.6,5.1,446,3.17,-15
AIR106770,2025-06-15,Rajasthan,Rajasthan City 3,4G,Prepaid,4.7,1,419,2.78,-15
AIR106771,2025-07-15,Rajasthan,Rajasthan City 2,4G,Broadband,6.4,18.57,101,3.35,14
AIR106772,2025-08-15,West Bengal,West Bengal City 3,4G,Prepaid,5.8,18.51,291,4.04,41
AIR106773,2025-09-15,Maharashtra,Maharashtra City 1,5G,Prepaid,3.8,13.69,424,3.6,19
AIR106774,2025-10-15,Maharashtra,Maharashtra City 2,5G,Postpaid,6,29.61,273,3.77,20
AIR106775,2025-11-15,Karnataka,Karnataka City 1,4G,Prepaid,4.6,3.6,579,2.43,-12
AIR106776,2025-12-15,Kerala,Kerala City 3,4G,Prepaid,5.4,30.63,521,3.81,7
AIR106777,2025-02-15,Delhi,Delhi City 3,4G,Postpaid,0.7,6.17,307,3.45,27
AIR106778,2025-03-15,Telangana,Telangana City 1,4G,Prepaid,0.5,19.88,477,3.18,16
AIR106779,2025-04-15,Delhi,Delhi City 2,4G,Prepaid,5.5,2.92,620,3.42,11
AIR106780,2025-05-15,Rajasthan,Rajasthan City 1,5G,Prepaid,3.9,11.88,311,4.63,56
AIR106781,2025-06-15,Karnataka,Karnataka City 3,4G,Postpaid,4.9,20.94,345,3.56,9
AIR106782,2025-07-15,Gujarat,Gujarat City 2,4G,Prepaid,0.8,3.34,149,3.39,20
AIR106783,2025-08-15,Telangana,Telangana City 3,4G,Prepaid,2.1,16,201,4.04,34
AIR106784,2025-09-15,Delhi,Delhi City 3,4G,Postpaid,0.8,21.41,530,3.66,31
AIR106785,2025-10-15,Gujarat,Gujarat City 1,5G,Postpaid,5.5,28.45,428,3.31,16
AIR106786,2025-11-15,Telangana,Telangana City 3,4G,Postpaid,4.7,20.99,483,4.01,37
AIR106787,2025-12-15,Delhi,Delhi City 1,4G,Prepaid,1.6,14.47,411,4.29,31
AIR106788,2025-02-15,West Bengal,West Bengal City 2,4G,Prepaid,4.4,28.85,322,3.54,25
AIR106789,2025-03-15,Rajasthan,Rajasthan City 3,5G,Postpaid,4.4,49.43,268,4.06,24
AIR106790,2025-04-15,Tamil Nadu,Tamil Nadu City 3,4G,Broadband,4.2,16.08,262,3.49,29
AIR106791,2025-05-15,Telangana,Telangana City 2,5G,Postpaid,0.7,51.61,640,4.38,37
AIR106792,2025-06-15,Rajasthan,Rajasthan City 1,4G,Prepaid,4.5,21.82,390,3.85,27
AIR106793,2025-07-15,Uttar Pradesh,Uttar Pradesh City 3,5G,Prepaid,2.1,52.92,206,3.74,17
AIR106794,2025-08-15,Kerala,Kerala City 2,5G,Broadband,6.4,37.13,128,4.07,26
AIR106795,2025-09-15,Karnataka,Karnataka City 3,4G,Postpaid,6.2,17.35,292,3.56,30
AIR106796,2025-10-15,Uttar Pradesh,Uttar Pradesh City 1,5G,Prepaid,6.4,18.78,515,4.1,60
AIR106797,2025-11-15,Gujarat,Gujarat City 1,5G,Prepaid,3.3,58.47,131,3.84,28
AIR106798,2025-12-15,Telangana,Telangana City 1,4G,Broadband,3.8,12.45,257,3.63,31
AIR106799,2025-02-15,Karnataka,Karnataka City 1,4G,Prepaid,5.8,36.91,424,3.14,8
AIR106800,2025-03-15,Karnataka,Karnataka City 2,4G,Postpaid,5.2,8.24,783,3.88,37
AIR106801,2025-04-15,Uttar Pradesh,Uttar Pradesh City 3,4G,Postpaid,5.7,14.88,424,3,16
AIR106802,2025-05-15,Uttar Pradesh,Uttar Pradesh City 2,5G,Prepaid,4.3,28.32,663,3.97,42
AIR106803,2025-06-15,Tamil Nadu,Tamil Nadu City 1,5G,Prepaid,3.3,41,247,3.73,36
AIR106804,2025-07-15,Delhi,Delhi City 1,4G,Prepaid,0.9,20.97,460,2.96,-13
AIR106805,2025-08-15,Telangana,Telangana City 1,5G,Broadband,3.4,23.64,598,3.1,7
AIR106806,2025-09-15,Rajasthan,Rajasthan City 1,4G,Postpaid,2.2,22,499,3.17,1
AIR106807,2025-10-15,Maharashtra,Maharashtra City 3,4G,Broadband,2,15.54,776,3.6,19
AIR106808,2025-11-15,Telangana,Telangana City 1,5G,Postpaid,0.9,47.69,569,4.64,59
AIR106809,2025-12-15,Telangana,Telangana City 3,4G,Broadband,4.1,17.08,336,3.81,42
AIR106810,2025-02-15,Telangana,Telangana City 1,4G,Broadband,0.9,23.72,500,4.1,36
AIR106811,2025-03-15,Karnataka,Karnataka City 3,5G,Postpaid,2.1,51.51,265,3.72,32
AIR106812,2025-04-15,Gujarat,Gujarat City 3,4G,Prepaid,2.3,9.16,589,3.63,28
AIR106813,2025-05-15,Karnataka,Karnataka City 1,4G,Postpaid,3.6,19.51,563,3.94,34
AIR106814,2025-06-15,Gujarat,Gujarat City 2,4G,Postpaid,4,28.31,167,3.87,34
AIR106815,2025-07-15,Uttar Pradesh,Uttar Pradesh City 2,4G,Postpaid,3.1,5.98,358,3.51,13
AIR106816,2025-08-15,Maharashtra,Maharashtra City 2,5G,Broadband,2.3,3.3,268,3.83,51
AIR106817,2025-09-15,Karnataka,Karnataka City 2,4G,Prepaid,5.6,27.21,270,4.13,52
AIR106818,2025-10-15,Gujarat,Gujarat City 2,4G,Prepaid,4.6,26.57,292,2.94,6
AIR106819,2025-11-15,Karnataka,Karnataka City 1,4G,Postpaid,4,7.16,306,3.59,15
AIR106820,2025-12-15,Kerala,Kerala City 1,4G,Prepaid,3.5,22.08,675,3.25,9
AIR106821,2025-02-15,Karnataka,Karnataka City 1,4G,Prepaid,2,13.67,230,3.03,-2
AIR106822,2025-03-15,Maharashtra,Maharashtra City 1,4G,Enterprise,4.8,9.68,316,3.94,34
AIR106823,2025-04-15,Maharashtra,Maharashtra City 1,4G,Postpaid,1.2,9.41,501,3.39,2
AIR106824,2025-05-15,Gujarat,Gujarat City 1,4G,Broadband,5.5,21.08,531,3.5,29
AIR106825,2025-06-15,Gujarat,Gujarat City 3,4G,Postpaid,5.6,23.88,281,3.14,-7
AIR106826,2025-07-15,Uttar Pradesh,Uttar Pradesh City 3,5G,Postpaid,3.5,5.79,646,3.84,24
AIR106827,2025-08-15,Maharashtra,Maharashtra City 1,5G,Postpaid,3,41.17,527,4.41,48
AIR106828,2025-09-15,Maharashtra,Maharashtra City 1,5G,Prepaid,6.5,51.44,621,3.98,23
AIR106829,2025-10-15,Tamil Nadu,Tamil Nadu City 3,4G,Postpaid,5,14.86,642,3.83,34
AIR106830,2025-11-15,Telangana,Telangana City 3,4G,Prepaid,6.7,14.91,716,4.62,58
AIR106831,2025-12-15,West Bengal,West Bengal City 1,5G,Enterprise,4.2,53.09,341,3.34,16
AIR106832,2025-02-15,Karnataka,Karnataka City 3,4G,Prepaid,5.2,1,534,2.92,6
AIR106833,2025-03-15,Delhi,Delhi City 2,4G,Prepaid,3.2,8.63,455,3.16,-6
AIR106834,2025-04-15,Uttar Pradesh,Uttar Pradesh City 2,5G,Postpaid,3.6,52.72,256,4.14,40
AIR106835,2025-05-15,Telangana,Telangana City 2,5G,Postpaid,1.1,35.4,430,3.34,18
AIR106836,2025-06-15,West Bengal,West Bengal City 3,5G,Prepaid,4.7,47.35,373,4.34,53
AIR106837,2025-07-15,Tamil Nadu,Tamil Nadu City 1,5G,Prepaid,6,44.43,554,3.98,24
AIR106838,2025-08-15,Delhi,Delhi City 1,5G,Broadband,4.3,48.32,592,4.24,47
AIR106839,2025-09-15,Gujarat,Gujarat City 1,4G,Postpaid,4.6,9.79,214,3.46,13
AIR106840,2025-10-15,Maharashtra,Maharashtra City 3,5G,Prepaid,4.3,43.4,457,3.86,31
AIR106841,2025-11-15,Kerala,Kerala City 3,4G,Postpaid,6.4,16.53,528,3.55,8
AIR106842,2025-12-15,Uttar Pradesh,Uttar Pradesh City 2,5G,Prepaid,5.6,49.43,641,4.05,28
AIR106843,2025-02-15,Rajasthan,Rajasthan City 3,4G,Prepaid,1,18.93,670,2.75,-12
AIR106844,2025-03-15,Maharashtra,Maharashtra City 2,4G,Enterprise,0.6,6.16,588,3.79,21
AIR106845,2025-04-15,Kerala,Kerala City 2,5G,Prepaid,6,50.57,505,3.59,21
AIR106846,2025-05-15,West Bengal,West Bengal City 1,4G,Prepaid,5.5,7.54,287,3.68,25
AIR106847,2025-06-15,Gujarat,Gujarat City 3,5G,Enterprise,5.7,56.94,582,3.15,21
AIR106848,2025-07-15,Delhi,Delhi City 1,4G,Postpaid,4.6,15.4,713,3.85,39
AIR106849,2025-08-15,West Bengal,West Bengal City 1,5G,Prepaid,1.3,54.76,619,3.35,13
AIR106850,2025-09-15,Maharashtra,Maharashtra City 3,5G,Prepaid,1.1,15.6,536,3.49,-1
AIR106851,2025-10-15,Maharashtra,Maharashtra City 3,4G,Broadband,6.5,10.94,380,3.88,23
AIR106852,2025-11-15,Delhi,Delhi City 2,4G,Prepaid,2.6,8.52,203,3.07,5
AIR106853,2025-12-15,Rajasthan,Rajasthan City 2,4G,Postpaid,4,16.53,553,3.66,18
AIR106854,2025-02-15,Kerala,Kerala City 2,5G,Postpaid,1.1,17.54,540,3.58,17
AIR106855,2025-03-15,West Bengal,West Bengal City 2,4G,Prepaid,2.1,21.07,591,3.3,14
AIR106856,2025-04-15,Gujarat,Gujarat City 1,4G,Postpaid,1.7,36.39,482,4.13,41
AIR106857,2025-05-15,Maharashtra,Maharashtra City 1,4G,Postpaid,0.7,16.19,727,3.79,41
AIR106858,2025-06-15,West Bengal,West Bengal City 3,4G,Prepaid,3.4,4.49,115,3.73,29
AIR106859,2025-07-15,Rajasthan,Rajasthan City 2,4G,Broadband,0.5,1,436,3.19,5
AIR106860,2025-08-15,West Bengal,West Bengal City 2,4G,Prepaid,3.6,15.49,540,3.07,19
AIR106861,2025-09-15,Delhi,Delhi City 2,4G,Postpaid,6,7.5,423,3.72,24
AIR106862,2025-10-15,Gujarat,Gujarat City 1,5G,Postpaid,2.4,17.51,494,3.51,19
AIR106863,2025-11-15,Tamil Nadu,Tamil Nadu City 3,4G,Postpaid,6.1,13.99,420,3.68,34
AIR106864,2025-12-15,Delhi,Delhi City 1,5G,Prepaid,6,23.16,288,3.98,44
AIR106865,2025-02-15,West Bengal,West Bengal City 3,4G,Postpaid,6.1,22.08,587,3.09,15
AIR106866,2025-03-15,Tamil Nadu,Tamil Nadu City 3,4G,Prepaid,4.1,25.56,529,3.35,27
AIR106867,2025-04-15,Maharashtra,Maharashtra City 1,4G,Postpaid,5.2,17.18,196,3.94,50
AIR106868,2025-05-15,Tamil Nadu,Tamil Nadu City 1,4G,Broadband,3.5,22.92,164,3.24,9
AIR106869,2025-06-15,Rajasthan,Rajasthan City 3,4G,Broadband,2.7,15.72,303,2.8,2
AIR106870,2025-07-15,Karnataka,Karnataka City 1,5G,Postpaid,0.9,47.22,466,4.06,38
AIR106871,2025-08-15,Rajasthan,Rajasthan City 1,4G,Prepaid,6.4,10.39,466,3.61,9
AIR106872,2025-09-15,Delhi,Delhi City 3,5G,Prepaid,6.1,18.47,467,3.92,60
AIR106873,2025-10-15,Karnataka,Karnataka City 3,4G,Prepaid,1.4,26.31,636,2.91,9
AIR106874,2025-11-15,Delhi,Delhi City 2,4G,Postpaid,2.9,19.12,194,2.99,16
AIR106875,2025-12-15,Uttar Pradesh,Uttar Pradesh City 1,4G,Prepaid,2.1,25.8,764,3.36,20
AIR106876,2025-02-15,Gujarat,Gujarat City 3,5G,Enterprise,2,14.05,272,3.39,9
AIR106877,2025-03-15,Telangana,Telangana City 1,4G,Broadband,3.1,16.7,495,4.58,57
AIR106878,2025-04-15,Maharashtra,Maharashtra City 1,5G,Prepaid,3.9,35.03,419,3.61,10
AIR106879,2025-05-15,Maharashtra,Maharashtra City 3,4G,Postpaid,3,14.99,276,3.81,39
AIR106880,2025-06-15,Uttar Pradesh,Uttar Pradesh City 2,4G,Postpaid,3.3,18.83,367,3.74,37
AIR106881,2025-07-15,West Bengal,West Bengal City 3,4G,Prepaid,2,27.49,525,4.21,47
AIR106882,2025-08-15,Kerala,Kerala City 3,5G,Postpaid,2.1,50.5,491,4.01,56
AIR106883,2025-09-15,Delhi,Delhi City 1,5G,Prepaid,3.6,37.95,378,4.43,64
AIR106884,2025-10-15,Telangana,Telangana City 2,4G,Prepaid,1.4,23.87,500,2.6,-7
AIR106885,2025-11-15,Telangana,Telangana City 3,5G,Postpaid,4.7,31.7,562,3.98,58
AIR106886,2025-12-15,Rajasthan,Rajasthan City 1,4G,Enterprise,6.8,19.39,170,3.2,7
AIR106887,2025-02-15,Rajasthan,Rajasthan City 3,5G,Prepaid,1.9,42.01,276,4.42,50
AIR106888,2025-03-15,Kerala,Kerala City 1,5G,Postpaid,3.6,3,478,3.74,33
AIR106889,2025-04-15,West Bengal,West Bengal City 3,5G,Prepaid,4.5,37.42,645,4.03,43
AIR106890,2025-05-15,Uttar Pradesh,Uttar Pradesh City 2,5G,Broadband,2,47.47,262,4.15,50
AIR106891,2025-06-15,Tamil Nadu,Tamil Nadu City 3,4G,Broadband,1.3,28.71,235,3.11,-20
AIR106892,2025-07-15,Rajasthan,Rajasthan City 1,4G,Prepaid,3,25.95,588,3.07,-14
AIR106893,2025-08-15,West Bengal,West Bengal City 3,4G,Broadband,6.2,11.91,508,3.25,12
AIR106894,2025-09-15,Gujarat,Gujarat City 2,4G,Prepaid,6.1,1,231,3.7,20
AIR106895,2025-10-15,Maharashtra,Maharashtra City 2,4G,Prepaid,0.8,14.86,238,3.14,17
AIR106896,2025-11-15,Maharashtra,Maharashtra City 2,4G,Postpaid,6.2,15.02,277,3.82,15
AIR106897,2025-12-15,West Bengal,West Bengal City 2,4G,Prepaid,1.5,19.46,514,3.08,-4
AIR106898,2025-02-15,Kerala,Kerala City 1,4G,Postpaid,2.5,16.58,204,3.09,15
AIR106899,2025-03-15,Uttar Pradesh,Uttar Pradesh City 3,4G,Postpaid,5.8,8.1,334,3.06,-2
AIR106900,2025-04-15,Telangana,Telangana City 2,4G,Prepaid,4.1,7.92,720,3.32,8
AIR106901,2025-05-15,Kerala,Kerala City 3,5G,Prepaid,5.4,30.17,383,3.46,12
AIR106902,2025-06-15,West Bengal,West Bengal City 1,4G,Postpaid,1,24.06,444,3.43,10
AIR106903,2025-07-15,Uttar Pradesh,Uttar Pradesh City 3,5G,Prepaid,3.4,49.42,676,3.74,38
AIR106904,2025-08-15,Uttar Pradesh,Uttar Pradesh City 3,4G,Prepaid,5.3,28.31,287,3.01,-4
AIR106905,2025-09-15,Delhi,Delhi City 2,4G,Prepaid,3.8,1.31,352,3.99,43
AIR106906,2025-10-15,Karnataka,Karnataka City 2,4G,Broadband,3,5.53,590,3.96,22
AIR106907,2025-11-15,Maharashtra,Maharashtra City 1,4G,Broadband,2.6,24,463,3.36,2
AIR106908,2025-12-15,West Bengal,West Bengal City 3,4G,Prepaid,2.8,5.68,656,3.7,47
AIR106909,2025-02-15,Telangana,Telangana City 1,4G,Prepaid,6,13.91,464,3.83,31
AIR106910,2025-03-15,Karnataka,Karnataka City 1,4G,Postpaid,1.4,6.72,275,3.79,23
AIR106911,2025-04-15,Gujarat,Gujarat City 1,4G,Enterprise,2,10.49,209,4.13,50
AIR106912,2025-05-15,Rajasthan,Rajasthan City 2,5G,Prepaid,3.2,45.04,447,3.73,34
AIR106913,2025-06-15,Delhi,Delhi City 2,4G,Broadband,0.7,18.27,445,3.25,5
AIR106914,2025-07-15,Rajasthan,Rajasthan City 3,4G,Postpaid,2.5,8.68,463,3.1,-3
AIR106915,2025-08-15,Karnataka,Karnataka City 3,4G,Enterprise,5.8,4.36,409,3.57,21
AIR106916,2025-09-15,Karnataka,Karnataka City 3,4G,Prepaid,4.9,22.62,375,3.7,17
AIR106917,2025-10-15,Rajasthan,Rajasthan City 2,5G,Enterprise,2.5,24.62,697,4.36,45
AIR106918,2025-11-15,Telangana,Telangana City 2,4G,Prepaid,0.9,23.06,514,3.51,27
AIR106919,2025-12-15,Telangana,Telangana City 1,4G,Enterprise,5,25.17,782,3.63,2
AIR106920,2025-02-15,Tamil Nadu,Tamil Nadu City 2,4G,Postpaid,5.9,20.66,392,3.25,14
AIR106921,2025-03-15,Gujarat,Gujarat City 1,4G,Postpaid,0.6,12.68,432,3.54,18
AIR106922,2025-04-15,Telangana,Telangana City 1,4G,Broadband,1.9,27.33,281,3.15,12
AIR106923,2025-05-15,Gujarat,Gujarat City 2,5G,Postpaid,1.1,35.04,389,3.73,30
AIR106924,2025-06-15,Gujarat,Gujarat City 1,4G,Postpaid,5.1,8.75,297,3.47,3
AIR106925,2025-07-15,Karnataka,Karnataka City 1,4G,Prepaid,1.4,19.39,343,3.42,12
AIR106926,2025-08-15,Gujarat,Gujarat City 3,4G,Postpaid,2.6,13.76,292,3.4,22
AIR106927,2025-09-15,Delhi,Delhi City 1,4G,Broadband,1.3,22.07,849,3.68,36
AIR106928,2025-10-15,Rajasthan,Rajasthan City 2,4G,Prepaid,1.3,26.36,320,3.35,-7
AIR106929,2025-11-15,Tamil Nadu,Tamil Nadu City 2,4G,Postpaid,1.5,23.75,87,3.59,13
AIR106930,2025-12-15,West Bengal,West Bengal City 1,4G,Broadband,2.7,39.74,256,3.27,-2
AIR106931,2025-02-15,Kerala,Kerala City 3,4G,Postpaid,5.8,24.32,521,3.42,11
AIR106932,2025-03-15,Tamil Nadu,Tamil Nadu City 2,4G,Broadband,2.2,34.07,521,3.05,10
AIR106933,2025-04-15,Delhi,Delhi City 2,4G,Broadband,4.3,10.2,429,4.17,48
AIR106934,2025-05-15,Tamil Nadu,Tamil Nadu City 3,4G,Postpaid,4.9,15.34,200,3.83,39
AIR106935,2025-06-15,Gujarat,Gujarat City 1,4G,Postpaid,6.2,11.19,555,3,-8
AIR106936,2025-07-15,Karnataka,Karnataka City 2,4G,Enterprise,1.6,23.87,73,3.27,-1
AIR106937,2025-08-15,Kerala,Kerala City 1,4G,Broadband,3.5,16.78,335,3.09,13
AIR106938,2025-09-15,Telangana,Telangana City 1,5G,Broadband,4.4,42.17,336,3.9,35
AIR106939,2025-10-15,Karnataka,Karnataka City 1,5G,Prepaid,5.4,14.59,376,4.3,38
AIR106940,2025-11-15,Gujarat,Gujarat City 1,5G,Prepaid,2.8,35.68,519,3.82,33
AIR106941,2025-12-15,Gujarat,Gujarat City 2,5G,Postpaid,4.7,30.34,341,3.74,24
AIR106942,2025-02-15,Kerala,Kerala City 3,5G,Postpaid,4.2,35.98,654,3.77,13
AIR106943,2025-03-15,Kerala,Kerala City 2,5G,Prepaid,0.2,11.22,306,3.48,14
AIR106944,2025-04-15,Maharashtra,Maharashtra City 3,5G,Prepaid,3.7,20.09,418,3.59,16
AIR106945,2025-05-15,Uttar Pradesh,Uttar Pradesh City 1,5G,Prepaid,2.9,46.55,235,4.69,65
AIR106946,2025-06-15,Uttar Pradesh,Uttar Pradesh City 3,4G,Postpaid,4,33.83,693,3.62,24
AIR106947,2025-07-15,Karnataka,Karnataka City 1,4G,Broadband,5.7,32.7,172,3.43,8
AIR106948,2025-08-15,Telangana,Telangana City 2,5G,Broadband,6,41.72,611,4.47,52
AIR106949,2025-09-15,Tamil Nadu,Tamil Nadu City 2,4G,Prepaid,5.6,18.64,491,3.63,13
AIR106950,2025-10-15,Gujarat,Gujarat City 3,5G,Prepaid,1,35.1,275,4.25,32
AIR106951,2025-11-15,Gujarat,Gujarat City 1,4G,Prepaid,5.2,9.18,212,3.18,15
AIR106952,2025-12-15,Maharashtra,Maharashtra City 1,4G,Prepaid,5.8,11.3,519,3.71,16
AIR106953,2025-02-15,Karnataka,Karnataka City 3,5G,Postpaid,2.6,15,370,4.12,50
AIR106954,2025-03-15,Karnataka,Karnataka City 1,5G,Prepaid,5.1,39.97,501,4.3,48
AIR106955,2025-04-15,Rajasthan,Rajasthan City 1,4G,Prepaid,1.8,23.54,675,3.33,11
AIR106956,2025-05-15,Kerala,Kerala City 1,5G,Prepaid,4.3,44.51,271,3.15,2
AIR106957,2025-06-15,Telangana,Telangana City 2,5G,Prepaid,5.5,41.39,321,3.47,18
AIR106958,2025-07-15,Kerala,Kerala City 2,4G,Prepaid,2.9,14.82,403,3.52,18
AIR106959,2025-08-15,Telangana,Telangana City 2,4G,Postpaid,1.4,13.74,453,3.91,2
AIR106960,2025-09-15,Delhi,Delhi City 1,4G,Prepaid,5.8,8.67,371,3.17,14
AIR106961,2025-10-15,West Bengal,West Bengal City 2,4G,Postpaid,1.4,20.78,239,2.81,-19
AIR106962,2025-11-15,Uttar Pradesh,Uttar Pradesh City 1,4G,Prepaid,4.2,18.42,626,3.72,34
AIR106963,2025-12-15,Uttar Pradesh,Uttar Pradesh City 1,4G,Postpaid,1.1,11.72,439,4.11,32
AIR106964,2025-02-15,Telangana,Telangana City 3,4G,Enterprise,2.7,26.89,328,3.18,19
AIR106965,2025-03-15,Uttar Pradesh,Uttar Pradesh City 1,5G,Postpaid,5.6,34.16,698,4.29,37
AIR106966,2025-04-15,Kerala,Kerala City 2,4G,Postpaid,6,16.82,303,3.92,32
AIR106967,2025-05-15,Gujarat,Gujarat City 2,4G,Broadband,5.4,6.37,448,3.8,7
AIR106968,2025-06-15,Kerala,Kerala City 1,4G,Prepaid,5.5,39.29,440,3.64,6
AIR106969,2025-07-15,Telangana,Telangana City 2,5G,Prepaid,4.6,54.56,112,3.58,35
AIR106970,2025-08-15,Karnataka,Karnataka City 1,5G,Prepaid,2.6,52.51,29,4.22,42
AIR106971,2025-09-15,Kerala,Kerala City 3,4G,Prepaid,5.6,18.95,577,3.16,-3
AIR106972,2025-10-15,Uttar Pradesh,Uttar Pradesh City 1,5G,Postpaid,4.7,22.38,111,3.74,25
AIR106973,2025-11-15,Maharashtra,Maharashtra City 1,5G,Prepaid,3.6,49.38,587,3.5,12
AIR106974,2025-12-15,Rajasthan,Rajasthan City 3,5G,Broadband,6.3,8.8,449,3.75,24
AIR106975,2025-02-15,Gujarat,Gujarat City 2,5G,Prepaid,4.8,39.17,519,3.76,25
AIR106976,2025-03-15,Uttar Pradesh,Uttar Pradesh City 3,4G,Broadband,2.3,25.08,455,4.01,42
AIR106977,2025-04-15,Maharashtra,Maharashtra City 3,4G,Broadband,5.4,24.45,429,3.52,16
AIR106978,2025-05-15,Telangana,Telangana City 1,4G,Enterprise,4.5,28.13,281,3.23,13
AIR106979,2025-06-15,Delhi,Delhi City 1,4G,Broadband,5,8.56,488,3.99,44
AIR106980,2025-07-15,Maharashtra,Maharashtra City 3,4G,Prepaid,3.4,14.23,504,2.83,-9
AIR106981,2025-08-15,West Bengal,West Bengal City 2,5G,Postpaid,1.3,22.17,159,4.37,52
AIR106982,2025-09-15,Delhi,Delhi City 3,4G,Prepaid,3,9.65,89,3.72,38
AIR106983,2025-10-15,Tamil Nadu,Tamil Nadu City 2,5G,Broadband,6.5,39.89,550,4.39,56
AIR106984,2025-11-15,Gujarat,Gujarat City 3,4G,Prepaid,4.8,18.33,378,4.06,31
AIR106985,2025-12-15,Uttar Pradesh,Uttar Pradesh City 3,4G,Prepaid,6.1,15.83,565,3.09,-19
AIR106986,2025-02-15,Tamil Nadu,Tamil Nadu City 2,4G,Broadband,1.8,23.57,449,3.65,18
AIR106987,2025-03-15,Kerala,Kerala City 3,4G,Prepaid,4.6,32.57,402,3.56,1
AIR106988,2025-04-15,Telangana,Telangana City 1,5G,Prepaid,4.8,39.22,669,3.87,27
AIR106989,2025-05-15,Gujarat,Gujarat City 3,5G,Prepaid,2.3,34.71,433,4.13,39
AIR106990,2025-06-15,Karnataka,Karnataka City 1,4G,Postpaid,6.4,19.76,512,3.42,22
AIR106991,2025-07-15,Delhi,Delhi City 2,5G,Postpaid,2.5,12.8,648,3.75,12
AIR106992,2025-08-15,Karnataka,Karnataka City 2,5G,Postpaid,6,36.07,682,4.01,37
AIR106993,2025-09-15,Tamil Nadu,Tamil Nadu City 1,4G,Broadband,4.2,36.3,501,3.26,-12
AIR106994,2025-10-15,Maharashtra,Maharashtra City 3,4G,Prepaid,2.7,1,298,3.26,18
AIR106995,2025-11-15,Maharashtra,Maharashtra City 1,4G,Postpaid,3.1,14.88,417,3.73,32
AIR106996,2025-12-15,Telangana,Telangana City 1,4G,Postpaid,6.8,32.14,932,2.65,-7
AIR106997,2025-02-15,Tamil Nadu,Tamil Nadu City 2,5G,Postpaid,0.5,43.78,266,3.86,22
AIR106998,2025-03-15,Rajasthan,Rajasthan City 1,4G,Prepaid,4,16.95,122,3.88,48
AIR106999,2025-04-15,Gujarat,Gujarat City 3,4G,Prepaid,1.8,26.66,341,3.17,-12
AIR107000,2025-05-15,Delhi,Delhi City 1,4G,Prepaid,0.5,20.68,522,3.36,6
AIR107001,2025-06-15,Maharashtra,Maharashtra City 2,5G,Prepaid,4.8,44.73,428,3.86,7
AIR107002,2025-07-15,Maharashtra,Maharashtra City 3,5G,Prepaid,4.9,14,347,4.57,53
AIR107003,2025-08-15,Karnataka,Karnataka City 2,4G,Prepaid,3.1,17.16,539,3.13,-3
AIR107004,2025-09-15,Karnataka,Karnataka City 1,4G,Prepaid,3.2,32.79,182,2.94,-6
AIR107005,2025-10-15,Uttar Pradesh,Uttar Pradesh City 1,4G,Prepaid,4,9.06,491,3.96,38
AIR107006,2025-11-15,Kerala,Kerala City 2,5G,Postpaid,2.6,14.02,469,3.46,15
AIR107007,2025-12-15,Rajasthan,Rajasthan City 2,4G,Broadband,2,11.04,816,3.59,17
AIR107008,2025-02-15,Karnataka,Karnataka City 3,5G,Prepaid,4.1,48.17,398,4.2,54
AIR107009,2025-03-15,Karnataka,Karnataka City 2,5G,Postpaid,4,19.69,308,3.63,30
AIR107010,2025-04-15,Gujarat,Gujarat City 2,4G,Enterprise,4.8,7.76,311,3.97,36
AIR107011,2025-05-15,Uttar Pradesh,Uttar Pradesh City 1,4G,Postpaid,4.3,21.04,482,3.26,10
AIR107012,2025-06-15,Karnataka,Karnataka City 1,4G,Enterprise,6.4,9.66,424,2.82,-14
AIR107013,2025-07-15,Delhi,Delhi City 2,4G,Prepaid,4.9,19.07,209,3.44,20
AIR107014,2025-08-15,Gujarat,Gujarat City 2,4G,Broadband,4.9,13.32,226,3.96,11
AIR107015,2025-09-15,Kerala,Kerala City 1,4G,Postpaid,2.5,26.47,501,3.09,-1
AIR107016,2025-10-15,Tamil Nadu,Tamil Nadu City 3,4G,Prepaid,4.6,22.88,425,4.32,43
AIR107017,2025-11-15,Gujarat,Gujarat City 3,4G,Enterprise,2.8,30.05,401,3.56,20
AIR107018,2025-12-15,Tamil Nadu,Tamil Nadu City 3,5G,Enterprise,6,34.23,486,3.88,28
AIR107019,2025-02-15,Maharashtra,Maharashtra City 3,4G,Prepaid,3.7,1,386,3.89,28
AIR107020,2025-03-15,Uttar Pradesh,Uttar Pradesh City 1,4G,Enterprise,4.7,23.88,258,3.83,28
AIR107021,2025-04-15,Kerala,Kerala City 2,5G,Prepaid,5.3,26.71,478,4.09,31
AIR107022,2025-05-15,Uttar Pradesh,Uttar Pradesh City 3,4G,Postpaid,2.5,25.8,535,2.89,-6
AIR107023,2025-06-15,Kerala,Kerala City 1,5G,Prepaid,2.8,43.29,396,3.51,11
AIR107024,2025-07-15,Uttar Pradesh,Uttar Pradesh City 2,5G,Prepaid,2.9,35.31,670,4.02,35
AIR107025,2025-08-15,Gujarat,Gujarat City 3,4G,Postpaid,3,19.19,534,3.22,12
AIR107026,2025-09-15,Uttar Pradesh,Uttar Pradesh City 2,4G,Prepaid,2.2,1,324,3.77,45
AIR107027,2025-10-15,West Bengal,West Bengal City 3,4G,Prepaid,3.2,2.49,578,3.81,20
AIR107028,2025-11-15,Kerala,Kerala City 2,4G,Prepaid,3.9,19.22,361,3.61,35
AIR107029,2025-12-15,Tamil Nadu,Tamil Nadu City 3,4G,Prepaid,1.9,19.36,585,3.47,31
AIR107030,2025-02-15,Kerala,Kerala City 3,5G,Postpaid,2.4,31.48,648,3.84,17
AIR107031,2025-03-15,Maharashtra,Maharashtra City 2,4G,Prepaid,4.2,16.9,436,3.52,27
AIR107032,2025-04-15,Delhi,Delhi City 2,4G,Broadband,2.9,22.29,285,4.56,56
AIR107033,2025-05-15,West Bengal,West Bengal City 2,5G,Prepaid,1.7,31.47,20,4.33,55
AIR107034,2025-06-15,Telangana,Telangana City 1,5G,Prepaid,1.1,36.75,659,3.48,5
AIR107035,2025-07-15,Kerala,Kerala City 1,4G,Prepaid,2.8,20.78,524,3.2,-21
AIR107036,2025-08-15,Karnataka,Karnataka City 2,4G,Postpaid,2.9,18.2,517,3.72,41
AIR107037,2025-09-15,Gujarat,Gujarat City 1,4G,Prepaid,5.1,17.17,618,3.4,15
AIR107038,2025-10-15,Gujarat,Gujarat City 3,5G,Postpaid,4.7,61.53,851,3.78,32
AIR107039,2025-11-15,Uttar Pradesh,Uttar Pradesh City 2,4G,Prepaid,4,16.04,506,3.64,17
AIR107040,2025-12-15,Uttar Pradesh,Uttar Pradesh City 1,5G,Broadband,2.8,37.27,541,4.46,44
AIR107041,2025-02-15,Gujarat,Gujarat City 2,4G,Prepaid,3.7,34.09,358,3.47,14
AIR107042,2025-03-15,Rajasthan,Rajasthan City 3,5G,Broadband,5.8,44.46,702,4.17,34
AIR107043,2025-04-15,West Bengal,West Bengal City 3,4G,Prepaid,4.3,17.67,854,3.64,34
AIR107044,2025-05-15,West Bengal,West Bengal City 1,5G,Prepaid,3.5,50.76,262,4.02,41
AIR107045,2025-06-15,Tamil Nadu,Tamil Nadu City 3,5G,Prepaid,2.5,39.12,599,3.27,11
AIR107046,2025-07-15,Kerala,Kerala City 2,4G,Prepaid,2.8,14.18,538,3.6,29
AIR107047,2025-08-15,Telangana,Telangana City 1,5G,Postpaid,3.5,43.95,249,4.29,36
AIR107048,2025-09-15,Gujarat,Gujarat City 2,5G,Enterprise,3,49.88,165,3.73,28
AIR107049,2025-10-15,Kerala,Kerala City 2,5G,Prepaid,3.4,34,20,4.48,56
AIR107050,2025-11-15,West Bengal,West Bengal City 2,4G,Postpaid,1.4,7.03,124,3.31,-5
AIR107051,2025-12-15,Maharashtra,Maharashtra City 3,4G,Prepaid,6.5,18.03,173,3.46,14
AIR107052,2025-02-15,Gujarat,Gujarat City 2,5G,Prepaid,1.8,39.86,526,4.49,35
AIR107053,2025-03-15,Kerala,Kerala City 3,5G,Prepaid,3.2,39.44,670,3.94,25
AIR107054,2025-04-15,West Bengal,West Bengal City 2,4G,Broadband,2.2,26.42,158,3.42,3
AIR107055,2025-05-15,Delhi,Delhi City 3,5G,Prepaid,0.8,31.52,163,3.11,-7
AIR107056,2025-06-15,West Bengal,West Bengal City 3,4G,Postpaid,4.4,18.64,714,2.77,-24
AIR107057,2025-07-15,Uttar Pradesh,Uttar Pradesh City 3,5G,Prepaid,3.5,19.27,412,4.04,46
AIR107058,2025-08-15,Karnataka,Karnataka City 2,4G,Prepaid,4.8,2.54,225,3.16,2
AIR107059,2025-09-15,Rajasthan,Rajasthan City 2,4G,Prepaid,5.2,13.28,405,3.14,-18
AIR107060,2025-10-15,Rajasthan,Rajasthan City 3,4G,Prepaid,5.1,16.01,544,3.9,46
AIR107061,2025-11-15,Uttar Pradesh,Uttar Pradesh City 2,4G,Prepaid,2.5,28.06,256,4.09,54
AIR107062,2025-12-15,Uttar Pradesh,Uttar Pradesh City 3,4G,Prepaid,5.8,9.71,315,3.14,1
AIR107063,2025-02-15,Gujarat,Gujarat City 2,4G,Prepaid,1.4,13.2,421,3.57,-2
AIR107064,2025-03-15,Delhi,Delhi City 3,4G,Broadband,0.4,23.43,526,3.66,15
AIR107065,2025-04-15,Delhi,Delhi City 3,4G,Prepaid,3.3,17.04,348,3.44,0
AIR107066,2025-05-15,Gujarat,Gujarat City 1,5G,Postpaid,3.6,37.81,650,4.2,43
AIR107067,2025-06-15,Kerala,Kerala City 2,4G,Prepaid,4.8,16.67,637,3.61,8
AIR107068,2025-07-15,Gujarat,Gujarat City 2,4G,Broadband,4.4,20.16,492,3.34,12
AIR107069,2025-08-15,Telangana,Telangana City 1,4G,Prepaid,1.4,1,459,3.66,22
AIR107070,2025-09-15,Telangana,Telangana City 3,5G,Prepaid,5.8,10.73,164,3.92,51
AIR107071,2025-10-15,Rajasthan,Rajasthan City 3,5G,Enterprise,2.7,33.81,515,4.05,31
AIR107072,2025-11-15,West Bengal,West Bengal City 1,4G,Prepaid,0.9,11.58,182,3.97,33
AIR107073,2025-12-15,Gujarat,Gujarat City 1,5G,Postpaid,2,27.96,324,3.38,17
AIR107074,2025-02-15,Gujarat,Gujarat City 3,5G,Postpaid,0.6,34.58,385,4.57,62
AIR107075,2025-03-15,Kerala,Kerala City 2,4G,Prepaid,3.7,19.28,405,3.39,15
AIR107076,2025-04-15,Tamil Nadu,Tamil Nadu City 1,5G,Enterprise,4.4,53.96,811,4.57,52
AIR107077,2025-05-15,Rajasthan,Rajasthan City 1,4G,Broadband,2.6,10.87,551,3.22,15
AIR107078,2025-06-15,Rajasthan,Rajasthan City 1,4G,Broadband,4.3,10.41,197,3.66,18
AIR107079,2025-07-15,Rajasthan,Rajasthan City 1,4G,Enterprise,2.3,35.89,214,3.59,20
AIR107080,2025-08-15,West Bengal,West Bengal City 1,4G,Postpaid,6.2,25.99,204,4.28,43
AIR107081,2025-09-15,Uttar Pradesh,Uttar Pradesh City 1,4G,Prepaid,4.2,14.29,375,3.34,8
AIR107082,2025-10-15,Maharashtra,Maharashtra City 3,4G,Postpaid,6.4,28.58,326,2.98,2
AIR107083,2025-11-15,Tamil Nadu,Tamil Nadu City 3,4G,Prepaid,2.9,24.67,159,2.74,-7
AIR107084,2025-12-15,West Bengal,West Bengal City 1,4G,Prepaid,5.9,24.42,711,3.89,34
AIR107085,2025-02-15,Telangana,Telangana City 3,4G,Postpaid,0.4,18.16,707,3.68,14
AIR107086,2025-03-15,Kerala,Kerala City 2,4G,Broadband,1.1,6.25,350,3.95,29
AIR107087,2025-04-15,Uttar Pradesh,Uttar Pradesh City 2,4G,Prepaid,1.7,11.69,206,3.01,-2
AIR107088,2025-05-15,Telangana,Telangana City 1,5G,Broadband,1.5,40.8,97,3.48,10
AIR107089,2025-06-15,Uttar Pradesh,Uttar Pradesh City 2,4G,Prepaid,5.4,1.95,154,3.68,13
AIR107090,2025-07-15,Delhi,Delhi City 2,4G,Prepaid,4.3,13.89,20,4.03,36
AIR107091,2025-08-15,Rajasthan,Rajasthan City 3,4G,Broadband,4.8,17.2,449,3.09,7
AIR107092,2025-09-15,Uttar Pradesh,Uttar Pradesh City 3,4G,Enterprise,1.6,17.2,561,2.75,-6
AIR107093,2025-10-15,Karnataka,Karnataka City 3,4G,Prepaid,6.1,6.98,499,3.09,13
AIR107094,2025-11-15,Rajasthan,Rajasthan City 3,4G,Prepaid,1.1,17.12,441,4.46,72
AIR107095,2025-12-15,Rajasthan,Rajasthan City 2,5G,Prepaid,4,21.51,629,3.74,32
AIR107096,2025-02-15,Kerala,Kerala City 1,4G,Broadband,2.1,6.29,805,3.75,13
AIR107097,2025-03-15,Tamil Nadu,Tamil Nadu City 3,4G,Prepaid,2.6,16.12,520,3.72,23
AIR107098,2025-04-15,Telangana,Telangana City 2,4G,Prepaid,2.2,31.66,730,3.19,-11
AIR107099,2025-05-15,Uttar Pradesh,Uttar Pradesh City 3,5G,Postpaid,3.9,58.13,370,3.97,32
AIR107100,2025-06-15,Uttar Pradesh,Uttar Pradesh City 2,5G,Prepaid,1.7,12.47,696,3.64,2
AIR107101,2025-07-15,Delhi,Delhi City 3,4G,Prepaid,2.4,8.21,404,2.96,9
AIR107102,2025-08-15,Rajasthan,Rajasthan City 1,4G,Broadband,4.4,20.67,699,3.07,-5
AIR107103,2025-09-15,Gujarat,Gujarat City 3,5G,Broadband,0.9,16.15,141,4.34,48
AIR107104,2025-10-15,Maharashtra,Maharashtra City 1,4G,Broadband,3.6,26.14,367,3.56,-1
AIR107105,2025-11-15,Gujarat,Gujarat City 3,4G,Prepaid,2.6,30.93,507,3.09,-9
AIR107106,2025-12-15,Uttar Pradesh,Uttar Pradesh City 3,4G,Broadband,4.7,30.24,508,3.66,18
AIR107107,2025-02-15,Gujarat,Gujarat City 3,4G,Postpaid,4.6,17.63,461,3.95,30
AIR107108,2025-03-15,Kerala,Kerala City 2,5G,Prepaid,2.5,15.6,191,3.65,20
AIR107109,2025-04-15,Karnataka,Karnataka City 2,5G,Postpaid,4.4,49.28,590,3.93,17
AIR107110,2025-05-15,Uttar Pradesh,Uttar Pradesh City 1,5G,Prepaid,3.7,35.62,532,3.63,31
AIR107111,2025-06-15,Uttar Pradesh,Uttar Pradesh City 1,4G,Postpaid,5.1,14.53,499,3.33,11
AIR107112,2025-07-15,Karnataka,Karnataka City 2,4G,Postpaid,1.7,7.03,640,3.44,10
AIR107113,2025-08-15,Telangana,Telangana City 1,4G,Postpaid,6.4,12.33,446,3.32,18
AIR107114,2025-09-15,Karnataka,Karnataka City 1,5G,Prepaid,4.5,26.38,399,4.01,36
AIR107115,2025-10-15,Gujarat,Gujarat City 2,5G,Postpaid,5.2,50.94,440,4.15,28
AIR107116,2025-11-15,Kerala,Kerala City 2,4G,Prepaid,6.3,5.18,260,3.62,35
AIR107117,2025-12-15,Delhi,Delhi City 2,4G,Broadband,4.5,27.93,552,3.63,32
AIR107118,2025-02-15,Telangana,Telangana City 2,4G,Postpaid,0.2,1,271,3.2,-6
AIR107119,2025-03-15,West Bengal,West Bengal City 3,5G,Prepaid,1.3,25.76,339,4.29,73
AIR107120,2025-04-15,Delhi,Delhi City 2,4G,Prepaid,4.3,2.94,504,4.06,54
AIR107121,2025-05-15,Tamil Nadu,Tamil Nadu City 1,4G,Postpaid,2.4,13.32,550,3.88,26
AIR107122,2025-06-15,Tamil Nadu,Tamil Nadu City 3,4G,Postpaid,4.2,27.32,232,3.47,1
AIR107123,2025-07-15,Tamil Nadu,Tamil Nadu City 3,4G,Postpaid,5.3,23.42,234,4.32,33
AIR107124,2025-08-15,Tamil Nadu,Tamil Nadu City 1,5G,Prepaid,0.8,53.27,237,3.38,19
AIR107125,2025-09-15,Kerala,Kerala City 3,5G,Postpaid,5.1,29.54,377,3.85,36
AIR107126,2025-10-15,Delhi,Delhi City 1,5G,Prepaid,5.9,46.56,632,3.91,22
AIR107127,2025-11-15,Rajasthan,Rajasthan City 3,5G,Postpaid,1.7,39.78,415,3.38,10
AIR107128,2025-12-15,Maharashtra,Maharashtra City 3,4G,Enterprise,4.2,1,649,3.41,16
AIR107129,2025-02-15,Telangana,Telangana City 1,4G,Postpaid,2,16.5,279,3.47,19
AIR107130,2025-03-15,West Bengal,West Bengal City 1,4G,Prepaid,1.6,16.38,597,3.29,1
AIR107131,2025-04-15,Gujarat,Gujarat City 1,5G,Enterprise,4.5,57.45,671,4.11,38
AIR107132,2025-05-15,Uttar Pradesh,Uttar Pradesh City 1,4G,Prepaid,0.6,11.16,336,3.54,24
AIR107133,2025-06-15,Tamil Nadu,Tamil Nadu City 2,4G,Postpaid,1.3,16.67,315,3.55,23
AIR107134,2025-07-15,West Bengal,West Bengal City 2,4G,Postpaid,6,12.44,383,4.61,64
AIR107135,2025-08-15,Uttar Pradesh,Uttar Pradesh City 1,4G,Prepaid,5.4,20.99,215,3.71,34
AIR107136,2025-09-15,Maharashtra,Maharashtra City 2,5G,Prepaid,6.3,45.26,377,3.98,29
AIR107137,2025-10-15,West Bengal,West Bengal City 1,5G,Prepaid,3.8,26.77,588,4.28,32
AIR107138,2025-11-15,Delhi,Delhi City 1,4G,Broadband,2.1,1,480,3.22,4
AIR107139,2025-12-15,West Bengal,West Bengal City 3,4G,Broadband,2.9,27.82,257,3.33,4
AIR107140,2025-02-15,Tamil Nadu,Tamil Nadu City 1,5G,Postpaid,2.9,29.42,477,3.72,26
AIR107141,2025-03-15,Maharashtra,Maharashtra City 1,5G,Prepaid,3.8,9.5,510,4.05,42
AIR107142,2025-04-15,Gujarat,Gujarat City 1,4G,Broadband,2.9,21.03,763,3.5,27
AIR107143,2025-05-15,Rajasthan,Rajasthan City 1,4G,Postpaid,2.7,33.22,506,2.8,-10
AIR107144,2025-06-15,Karnataka,Karnataka City 3,4G,Prepaid,6.1,3.09,319,4.11,43
AIR107145,2025-07-15,Tamil Nadu,Tamil Nadu City 1,4G,Prepaid,5.3,21.26,261,3.38,9
AIR107146,2025-08-15,Uttar Pradesh,Uttar Pradesh City 3,5G,Prepaid,6.4,31.54,377,3.66,38
AIR107147,2025-09-15,Maharashtra,Maharashtra City 1,4G,Postpaid,4.5,19.16,737,3.79,23
AIR107148,2025-10-15,Delhi,Delhi City 3,4G,Postpaid,4,1,441,4.01,44
AIR107149,2025-11-15,Kerala,Kerala City 2,4G,Postpaid,3.6,22.2,126,3.71,30
AIR107150,2025-12-15,Maharashtra,Maharashtra City 3,4G,Broadband,2.2,22.99,346,3.79,33
AIR107151,2025-02-15,Uttar Pradesh,Uttar Pradesh City 3,4G,Prepaid,0.6,26.49,841,3.76,17
AIR107152,2025-03-15,Karnataka,Karnataka City 1,4G,Postpaid,0.8,19.41,688,3.21,14
AIR107153,2025-04-15,Karnataka,Karnataka City 3,4G,Prepaid,6,24.31,246,3.57,12
AIR107154,2025-05-15,Telangana,Telangana City 3,4G,Postpaid,5.3,19.6,581,4.2,54
AIR107155,2025-06-15,Rajasthan,Rajasthan City 1,4G,Prepaid,2.3,26.4,546,3.97,7
AIR107156,2025-07-15,Uttar Pradesh,Uttar Pradesh City 2,4G,Prepaid,1.2,7,197,3.29,-3
AIR107157,2025-08-15,Karnataka,Karnataka City 2,4G,Broadband,3.7,12.6,442,3.66,30
AIR107158,2025-09-15,Telangana,Telangana City 2,4G,Prepaid,6.7,15.6,463,3.03,-4
AIR107159,2025-10-15,Telangana,Telangana City 3,4G,Postpaid,6.1,13.46,253,3.15,-3
AIR107160,2025-11-15,Telangana,Telangana City 1,4G,Enterprise,5.9,27.64,265,3.78,19
AIR107161,2025-12-15,Maharashtra,Maharashtra City 2,5G,Postpaid,6.6,26.86,605,3.59,16
AIR107162,2025-02-15,Telangana,Telangana City 2,5G,Prepaid,4.4,46.43,383,3.26,11
AIR107163,2025-03-15,Tamil Nadu,Tamil Nadu City 2,4G,Prepaid,5.7,27.4,421,3.41,26
AIR107164,2025-04-15,Uttar Pradesh,Uttar Pradesh City 2,5G,Broadband,4,17.9,622,3.64,28
AIR107165,2025-05-15,Tamil Nadu,Tamil Nadu City 1,4G,Prepaid,2.4,32.76,387,3.84,21
AIR107166,2025-06-15,Kerala,Kerala City 2,4G,Postpaid,3.9,9.09,257,3.77,28
AIR107167,2025-07-15,Karnataka,Karnataka City 3,4G,Postpaid,3.5,12.03,492,2.98,-1
AIR107168,2025-08-15,Rajasthan,Rajasthan City 3,4G,Postpaid,0.9,10.26,477,3.41,19
AIR107169,2025-09-15,Telangana,Telangana City 1,4G,Postpaid,3.7,24.15,239,3.5,30
AIR107170,2025-10-15,Delhi,Delhi City 2,4G,Prepaid,5.2,1,448,3.07,3
AIR107171,2025-11-15,Delhi,Delhi City 2,5G,Postpaid,2.1,38.57,380,3.31,4
AIR107172,2025-12-15,Karnataka,Karnataka City 3,4G,Postpaid,6.9,24.16,166,3.58,8
AIR107173,2025-02-15,Kerala,Kerala City 1,4G,Prepaid,5.2,18.03,560,3.43,19
AIR107174,2025-03-15,Delhi,Delhi City 3,4G,Prepaid,3.8,15.86,789,3.74,23
AIR107175,2025-04-15,Tamil Nadu,Tamil Nadu City 1,4G,Postpaid,5.6,26.08,428,4.4,59
AIR107176,2025-05-15,West Bengal,West Bengal City 1,5G,Postpaid,2.6,6.82,391,3.99,27
AIR107177,2025-06-15,Maharashtra,Maharashtra City 1,5G,Postpaid,2.1,42.04,760,4.07,32
AIR107178,2025-07-15,Gujarat,Gujarat City 3,5G,Postpaid,5.4,36.41,442,4.11,29
AIR107179,2025-08-15,Delhi,Delhi City 1,5G,Postpaid,5.1,16.2,727,3.61,26
AIR107180,2025-09-15,Rajasthan,Rajasthan City 3,4G,Broadband,6.6,15.15,205,3.49,16
AIR107181,2025-10-15,Telangana,Telangana City 3,4G,Postpaid,2.1,26.15,545,3.14,7
AIR107182,2025-11-15,Rajasthan,Rajasthan City 2,4G,Prepaid,5.2,11.83,479,3.77,49
AIR107183,2025-12-15,Uttar Pradesh,Uttar Pradesh City 3,4G,Prepaid,2.6,7,424,3.7,42
AIR107184,2025-02-15,Maharashtra,Maharashtra City 3,5G,Postpaid,5.5,33.08,282,3.69,25
AIR107185,2025-03-15,Tamil Nadu,Tamil Nadu City 2,4G,Broadband,0.8,13.78,20,2.61,-13
AIR107186,2025-04-15,Kerala,Kerala City 2,4G,Prepaid,5.7,16.55,280,3.04,-2
AIR107187,2025-05-15,Maharashtra,Maharashtra City 2,5G,Postpaid,1.8,29.22,254,3.8,13
AIR107188,2025-06-15,Gujarat,Gujarat City 1,5G,Prepaid,3.6,1,358,3.97,24
AIR107189,2025-07-15,West Bengal,West Bengal City 1,4G,Prepaid,5.3,5.64,466,3.02,1
AIR107190,2025-08-15,Delhi,Delhi City 2,4G,Postpaid,3.1,3.34,407,3.9,18
AIR107191,2025-09-15,Kerala,Kerala City 1,4G,Prepaid,3.7,10.26,193,3.44,-2
AIR107192,2025-10-15,Kerala,Kerala City 2,4G,Postpaid,2.2,19.69,598,3.17,23
AIR107193,2025-11-15,Delhi,Delhi City 1,4G,Broadband,4.5,33.56,48,4.36,56
AIR107194,2025-12-15,Delhi,Delhi City 3,4G,Enterprise,1.6,27.1,344,4.26,35
AIR107195,2025-02-15,Delhi,Delhi City 1,4G,Prepaid,2.6,11.31,293,3.73,16
AIR107196,2025-03-15,Delhi,Delhi City 1,4G,Postpaid,3.9,18.09,406,3.26,-14
AIR107197,2025-04-15,Delhi,Delhi City 3,5G,Broadband,2.4,31.18,228,4.18,36
AIR107198,2025-05-15,Kerala,Kerala City 2,5G,Prepaid,4.8,34.78,184,3.8,10
AIR107199,2025-06-15,Karnataka,Karnataka City 1,4G,Prepaid,5,26.37,438,2.58,13
AIR107200,2025-07-15,Karnataka,Karnataka City 1,5G,Broadband,6.4,56.08,320,4.41,52
AIR107201,2025-08-15,Rajasthan,Rajasthan City 3,4G,Prepaid,0.8,30.06,221,3.61,27
AIR107202,2025-09-15,Karnataka,Karnataka City 3,4G,Broadband,4.2,37.21,386,3.23,-7
AIR107203,2025-10-15,Gujarat,Gujarat City 3,4G,Postpaid,0.8,24.65,287,3.32,22
AIR107204,2025-11-15,Karnataka,Karnataka City 3,4G,Prepaid,1.1,22.69,201,3.82,28
AIR107205,2025-12-15,Kerala,Kerala City 2,4G,Prepaid,5.9,26.51,254,3.6,36
AIR107206,2025-02-15,Delhi,Delhi City 1,5G,Prepaid,3.4,70.63,622,4.57,45
AIR107207,2025-03-15,Telangana,Telangana City 1,4G,Prepaid,1.3,22.94,351,3.21,1
AIR107208,2025-04-15,Telangana,Telangana City 1,5G,Postpaid,3.1,31.66,520,3.95,33
AIR107209,2025-05-15,Gujarat,Gujarat City 1,4G,Postpaid,6.2,13.46,638,3.68,21
AIR107210,2025-06-15,Uttar Pradesh,Uttar Pradesh City 2,4G,Postpaid,3.2,23.42,348,3.65,12
AIR107211,2025-07-15,Kerala,Kerala City 1,4G,Prepaid,1,25.52,540,3.1,0
AIR107212,2025-08-15,Tamil Nadu,Tamil Nadu City 2,4G,Broadband,4.4,14.34,276,3.09,8
AIR107213,2025-09-15,Maharashtra,Maharashtra City 2,4G,Postpaid,1.7,6.91,249,3.7,14
AIR107214,2025-10-15,Rajasthan,Rajasthan City 3,5G,Broadband,3.5,50.6,294,3.81,34
AIR107215,2025-11-15,Tamil Nadu,Tamil Nadu City 3,4G,Broadband,5.1,14.04,503,3.18,-1
AIR107216,2025-12-15,Kerala,Kerala City 1,4G,Prepaid,3.2,16.75,580,4.08,63
AIR107217,2025-02-15,Karnataka,Karnataka City 2,4G,Prepaid,5.5,18.17,720,3.73,35
AIR107218,2025-03-15,Delhi,Delhi City 3,4G,Broadband,5.7,1,522,2.54,-7
AIR107219,2025-04-15,Tamil Nadu,Tamil Nadu City 2,5G,Postpaid,1.8,30.68,294,3.91,27
AIR107220,2025-05-15,Maharashtra,Maharashtra City 3,5G,Prepaid,3.2,22.9,500,4.26,46
AIR107221,2025-06-15,Uttar Pradesh,Uttar Pradesh City 2,5G,Postpaid,6.2,8.77,273,3.72,2
AIR107222,2025-07-15,Telangana,Telangana City 1,4G,Prepaid,5.6,23.51,585,3.92,50
AIR107223,2025-08-15,Uttar Pradesh,Uttar Pradesh City 1,4G,Prepaid,6.6,3.9,490,3.48,22
AIR107224,2025-09-15,Maharashtra,Maharashtra City 2,4G,Postpaid,5.5,26.12,145,3.19,1
AIR107225,2025-10-15,Delhi,Delhi City 3,5G,Prepaid,4.1,36.41,187,4.61,43
AIR107226,2025-11-15,Karnataka,Karnataka City 3,4G,Enterprise,6,7.84,219,3.24,-3
AIR107227,2025-12-15,Maharashtra,Maharashtra City 1,4G,Broadband,2.3,21.69,690,3.08,-6
AIR107228,2025-02-15,Rajasthan,Rajasthan City 1,4G,Postpaid,5.2,16.29,450,3.05,-5
AIR107229,2025-03-15,Maharashtra,Maharashtra City 1,4G,Prepaid,0.8,23.04,425,3.34,13
AIR107230,2025-04-15,Kerala,Kerala City 3,5G,Prepaid,0.7,29.62,20,3.85,44
AIR107231,2025-05-15,Karnataka,Karnataka City 3,5G,Prepaid,0.9,19.04,194,3.49,36
AIR107232,2025-06-15,Delhi,Delhi City 1,4G,Postpaid,1.3,16.23,115,3.43,29
AIR107233,2025-07-15,Telangana,Telangana City 2,5G,Prepaid,2.1,43.9,346,3.82,32
AIR107234,2025-08-15,Telangana,Telangana City 3,4G,Postpaid,2.4,13.56,688,3.29,17
AIR107235,2025-09-15,Maharashtra,Maharashtra City 1,5G,Prepaid,0.8,15.8,447,3.61,11
AIR107236,2025-10-15,Kerala,Kerala City 2,5G,Broadband,4.6,36.5,417,4.66,47
AIR107237,2025-11-15,Tamil Nadu,Tamil Nadu City 3,4G,Broadband,5.1,11.65,389,3.23,15
AIR107238,2025-12-15,Uttar Pradesh,Uttar Pradesh City 2,5G,Postpaid,6.4,34.35,484,3.06,0
AIR107239,2025-02-15,Uttar Pradesh,Uttar Pradesh City 2,4G,Postpaid,0.4,22.29,351,2.7,-5
AIR107240,2025-03-15,Uttar Pradesh,Uttar Pradesh City 3,4G,Prepaid,2.2,37.11,590,3.2,12
AIR107241,2025-04-15,Tamil Nadu,Tamil Nadu City 1,4G,Prepaid,4,1,257,3.88,33
AIR107242,2025-05-15,Kerala,Kerala City 2,4G,Broadband,0.8,27.84,683,3.14,7
AIR107243,2025-06-15,Uttar Pradesh,Uttar Pradesh City 1,4G,Postpaid,5.9,1,457,3.28,-13
AIR107244,2025-07-15,Rajasthan,Rajasthan City 3,4G,Prepaid,4.1,15.16,335,3.46,18
AIR107245,2025-08-15,Tamil Nadu,Tamil Nadu City 2,5G,Postpaid,2.2,33.7,272,3.22,5
AIR107246,2025-09-15,Tamil Nadu,Tamil Nadu City 2,4G,Broadband,5.7,10.3,390,3.43,14
AIR107247,2025-10-15,Delhi,Delhi City 2,5G,Prepaid,5.7,29.08,196,3.74,7
AIR107248,2025-11-15,Delhi,Delhi City 2,4G,Prepaid,5.8,30.53,289,3,-10
AIR107249,2025-12-15,Karnataka,Karnataka City 2,4G,Broadband,5.4,10.98,715,3.37,1
AIR107250,2025-02-15,Rajasthan,Rajasthan City 3,4G,Postpaid,2.9,20.19,267,3.25,28
AIR107251,2025-03-15,Rajasthan,Rajasthan City 2,4G,Prepaid,1.7,28.27,423,3.12,10
AIR107252,2025-04-15,Karnataka,Karnataka City 3,5G,Prepaid,3.2,49.44,298,3.81,35
AIR107253,2025-05-15,Rajasthan,Rajasthan City 1,4G,Broadband,3.2,16.58,344,2.92,3
AIR107254,2025-06-15,Gujarat,Gujarat City 3,4G,Broadband,5.7,20.43,419,3.13,17
AIR107255,2025-07-15,West Bengal,West Bengal City 2,5G,Prepaid,0.7,19.96,279,3.83,37
AIR107256,2025-08-15,Uttar Pradesh,Uttar Pradesh City 1,4G,Prepaid,1.8,15.91,564,2.79,-20
AIR107257,2025-09-15,Delhi,Delhi City 3,5G,Prepaid,0.8,53.64,358,3.88,33
AIR107258,2025-10-15,Karnataka,Karnataka City 3,4G,Prepaid,3.6,15.47,804,3.25,14
AIR107259,2025-11-15,Karnataka,Karnataka City 3,5G,Prepaid,6.8,21.08,767,4.44,35
AIR107260,2025-12-15,Rajasthan,Rajasthan City 2,5G,Prepaid,1.3,47.53,223,3.44,34
AIR107261,2025-02-15,Tamil Nadu,Tamil Nadu City 2,5G,Prepaid,2.6,24.4,204,3.88,9
AIR107262,2025-03-15,Telangana,Telangana City 3,4G,Enterprise,3.9,6.4,714,3.7,33
AIR107263,2025-04-15,Maharashtra,Maharashtra City 3,4G,Prepaid,5,18.61,501,3.58,17
AIR107264,2025-05-15,Maharashtra,Maharashtra City 1,5G,Prepaid,1,35.74,888,2.65,-13
AIR107265,2025-06-15,Karnataka,Karnataka City 2,4G,Prepaid,1.6,28.83,383,3.2,-3
AIR107266,2025-07-15,Uttar Pradesh,Uttar Pradesh City 2,4G,Postpaid,4.5,26.01,551,3.2,10
AIR107267,2025-08-15,Gujarat,Gujarat City 1,5G,Prepaid,1.7,41.74,20,3.59,29
AIR107268,2025-09-15,Uttar Pradesh,Uttar Pradesh City 3,4G,Postpaid,1.6,18.66,404,3.52,8
AIR107269,2025-10-15,Karnataka,Karnataka City 3,4G,Postpaid,6.4,16.54,457,3.79,24
AIR107270,2025-11-15,Uttar Pradesh,Uttar Pradesh City 1,5G,Enterprise,4.7,30.58,272,3.45,13
AIR107271,2025-12-15,Delhi,Delhi City 3,4G,Postpaid,6,3.17,124,3.65,24
AIR107272,2025-02-15,Uttar Pradesh,Uttar Pradesh City 3,4G,Prepaid,1.9,19.74,580,3.2,-3
AIR107273,2025-03-15,Rajasthan,Rajasthan City 1,5G,Prepaid,1.8,58.47,86,3.84,23
AIR107274,2025-04-15,Rajasthan,Rajasthan City 1,5G,Postpaid,4.7,43.17,395,3.74,27
AIR107275,2025-05-15,Gujarat,Gujarat City 1,4G,Prepaid,5.4,34.78,514,3.15,-16
AIR107276,2025-06-15,Delhi,Delhi City 3,5G,Prepaid,2.6,23.69,491,4.08,34
AIR107277,2025-07-15,Telangana,Telangana City 1,5G,Enterprise,5.1,17.35,257,4.19,27
AIR107278,2025-08-15,Tamil Nadu,Tamil Nadu City 3,4G,Broadband,2.2,23.73,508,3.67,6
AIR107279,2025-09-15,Delhi,Delhi City 2,4G,Broadband,1.4,24.16,402,4.2,30
AIR107280,2025-10-15,Kerala,Kerala City 2,4G,Broadband,6.7,13.85,198,3.47,31
AIR107281,2025-11-15,West Bengal,West Bengal City 1,5G,Postpaid,1.6,36.66,323,3.51,19
AIR107282,2025-12-15,Karnataka,Karnataka City 3,5G,Postpaid,2.5,48.08,400,3.93,24
AIR107283,2025-02-15,Kerala,Kerala City 3,4G,Prepaid,3.4,8.38,535,4.3,53
AIR107284,2025-03-15,Gujarat,Gujarat City 3,5G,Enterprise,2.2,45.42,176,3.6,16
AIR107285,2025-04-15,Kerala,Kerala City 1,5G,Prepaid,0.6,57.36,635,3.69,12
AIR107286,2025-05-15,Rajasthan,Rajasthan City 3,4G,Postpaid,1.2,19.93,434,3.48,29
AIR107287,2025-06-15,Uttar Pradesh,Uttar Pradesh City 3,5G,Prepaid,0.7,37.38,439,3.79,15
AIR107288,2025-07-15,Tamil Nadu,Tamil Nadu City 3,4G,Prepaid,4.8,8.62,174,3.53,25
AIR107289,2025-08-15,Maharashtra,Maharashtra City 2,5G,Postpaid,5.9,56.84,669,4.08,34
AIR107290,2025-09-15,Karnataka,Karnataka City 3,4G,Prepaid,1.2,22.39,260,3.83,11
AIR107291,2025-10-15,Maharashtra,Maharashtra City 2,4G,Postpaid,6.1,13.59,882,2.65,-3
AIR107292,2025-11-15,Uttar Pradesh,Uttar Pradesh City 3,4G,Postpaid,2.5,21.81,496,3.82,34
AIR107293,2025-12-15,Rajasthan,Rajasthan City 3,4G,Postpaid,3.6,9.97,369,4.32,35
AIR107294,2025-02-15,Rajasthan,Rajasthan City 3,5G,Prepaid,1.4,30.25,450,3.15,11
AIR107295,2025-03-15,Uttar Pradesh,Uttar Pradesh City 2,4G,Prepaid,0.4,11.97,140,3.05,-2
AIR107296,2025-04-15,Karnataka,Karnataka City 3,5G,Broadband,4.3,37.93,242,3.64,42
AIR107297,2025-05-15,Maharashtra,Maharashtra City 1,4G,Prepaid,4.8,24.83,322,3.72,23
AIR107298,2025-06-15,Delhi,Delhi City 3,4G,Prepaid,1.6,25.94,806,3.24,10
AIR107299,2025-07-15,Rajasthan,Rajasthan City 2,5G,Postpaid,3.3,27.67,280,3.72,25
AIR107300,2025-08-15,Maharashtra,Maharashtra City 2,5G,Broadband,5.9,29.79,317,4.07,38
AIR107301,2025-09-15,Telangana,Telangana City 1,5G,Postpaid,5.2,26.12,741,3.73,28
AIR107302,2025-10-15,Maharashtra,Maharashtra City 1,5G,Prepaid,2.6,3.93,663,3.91,36
AIR107303,2025-11-15,Telangana,Telangana City 1,4G,Broadband,3,19.95,457,3.64,32
AIR107304,2025-12-15,Telangana,Telangana City 2,4G,Broadband,1,19.11,318,2.76,-5
AIR107305,2025-02-15,Rajasthan,Rajasthan City 3,4G,Postpaid,1.5,15.24,828,3.55,17
AIR107306,2025-03-15,Karnataka,Karnataka City 3,4G,Postpaid,3.9,18.06,600,3.02,-6
AIR107307,2025-04-15,Gujarat,Gujarat City 1,5G,Postpaid,5.7,12.53,371,4.23,30
AIR107308,2025-05-15,Rajasthan,Rajasthan City 1,5G,Postpaid,3.9,48.07,957,3.33,4
AIR107309,2025-06-15,Karnataka,Karnataka City 3,4G,Postpaid,3.4,13.75,496,3.62,-3
AIR107310,2025-07-15,Karnataka,Karnataka City 1,5G,Broadband,4.5,65.27,121,3.64,55
AIR107311,2025-08-15,Kerala,Kerala City 3,5G,Broadband,5.8,32.13,285,4.31,35
AIR107312,2025-09-15,Uttar Pradesh,Uttar Pradesh City 3,5G,Postpaid,2.8,36.69,339,3.35,15
AIR107313,2025-10-15,Uttar Pradesh,Uttar Pradesh City 3,4G,Broadband,1.9,9.97,261,3.75,44
AIR107314,2025-11-15,Uttar Pradesh,Uttar Pradesh City 3,4G,Prepaid,5.3,15.5,421,3.28,1
AIR107315,2025-12-15,West Bengal,West Bengal City 2,5G,Prepaid,1.9,40.76,224,3.97,42
AIR107316,2025-02-15,Rajasthan,Rajasthan City 3,5G,Postpaid,0.4,56.09,529,4.46,52
AIR107317,2025-03-15,Karnataka,Karnataka City 1,4G,Postpaid,5.9,12.39,458,3.16,3
AIR107318,2025-04-15,Kerala,Kerala City 1,5G,Prepaid,1.9,40.45,550,4.31,61
AIR107319,2025-05-15,Telangana,Telangana City 1,4G,Postpaid,5,17.75,369,4.12,41
AIR107320,2025-06-15,Gujarat,Gujarat City 1,4G,Prepaid,4.9,2.37,587,3.44,14
AIR107321,2025-07-15,Gujarat,Gujarat City 2,5G,Postpaid,5.6,38.75,338,3.11,11
AIR107322,2025-08-15,Telangana,Telangana City 3,4G,Broadband,1.9,8.48,694,3.62,26
AIR107323,2025-09-15,Maharashtra,Maharashtra City 3,4G,Postpaid,4,18.96,701,3.14,0
AIR107324,2025-10-15,Maharashtra,Maharashtra City 1,4G,Prepaid,6.2,14.21,626,3.07,-25
AIR107325,2025-11-15,Uttar Pradesh,Uttar Pradesh City 1,4G,Enterprise,6.5,22.23,662,3.6,17
AIR107326,2025-12-15,Rajasthan,Rajasthan City 1,4G,Postpaid,4.3,10.47,638,4.15,33
AIR107327,2025-02-15,West Bengal,West Bengal City 3,4G,Broadband,1.8,17.31,502,4.11,30
AIR107328,2025-03-15,Kerala,Kerala City 2,5G,Postpaid,4.5,26.94,668,3.64,10
AIR107329,2025-04-15,Gujarat,Gujarat City 2,5G,Enterprise,0.6,19.43,295,3.56,-1
AIR107330,2025-05-15,Uttar Pradesh,Uttar Pradesh City 2,4G,Broadband,1.9,20.79,456,4.13,30
AIR107331,2025-06-15,Tamil Nadu,Tamil Nadu City 2,4G,Postpaid,3.3,18.04,540,2.79,-3
AIR107332,2025-07-15,Uttar Pradesh,Uttar Pradesh City 1,5G,Prepaid,2.9,39.22,280,3.53,15
AIR107333,2025-08-15,Tamil Nadu,Tamil Nadu City 3,4G,Postpaid,1.6,32.95,249,3.63,29
AIR107334,2025-09-15,Delhi,Delhi City 1,4G,Postpaid,4.4,32.93,547,2.96,-7
AIR107335,2025-10-15,Karnataka,Karnataka City 2,4G,Postpaid,1.7,8.08,730,2.88,10
AIR107336,2025-11-15,Telangana,Telangana City 1,4G,Prepaid,2.6,9.88,289,2.78,-13
AIR107337,2025-12-15,Karnataka,Karnataka City 2,4G,Prepaid,2.5,18.61,465,3.04,-15
AIR107338,2025-02-15,Uttar Pradesh,Uttar Pradesh City 3,4G,Postpaid,0.7,14.66,434,3.58,23
AIR107339,2025-03-15,Karnataka,Karnataka City 2,5G,Broadband,2.6,50.88,492,4.46,54
AIR107340,2025-04-15,Kerala,Kerala City 1,5G,Postpaid,6.2,22.47,495,4.03,53
AIR107341,2025-05-15,Delhi,Delhi City 3,5G,Prepaid,4.7,28.81,153,4.08,40
AIR107342,2025-06-15,West Bengal,West Bengal City 2,4G,Prepaid,6.4,25.02,472,3.37,18
AIR107343,2025-07-15,Delhi,Delhi City 2,5G,Prepaid,5.9,50.13,166,4.58,54
AIR107344,2025-08-15,Gujarat,Gujarat City 3,4G,Prepaid,5.1,8.71,776,3.78,21
AIR107345,2025-09-15,Kerala,Kerala City 1,4G,Prepaid,5.7,15.12,706,3.7,16
AIR107346,2025-10-15,Karnataka,Karnataka City 3,5G,Postpaid,4,22.74,227,3.55,12
AIR107347,2025-11-15,West Bengal,West Bengal City 1,4G,Broadband,1.2,25.37,578,3.11,3
AIR107348,2025-12-15,Karnataka,Karnataka City 2,4G,Prepaid,1.5,10.67,551,3.28,17
AIR107349,2025-02-15,Rajasthan,Rajasthan City 2,4G,Postpaid,1.4,20.95,20,4.06,31
AIR107350,2025-03-15,Rajasthan,Rajasthan City 3,5G,Postpaid,3.9,30.34,78,3.43,1
AIR107351,2025-04-15,Maharashtra,Maharashtra City 2,4G,Enterprise,1.3,26.14,508,3.66,22
AIR107352,2025-05-15,Delhi,Delhi City 3,5G,Broadband,5.4,21.37,622,3.47,11
AIR107353,2025-06-15,West Bengal,West Bengal City 2,5G,Prepaid,2,37.79,590,3.85,27
AIR107354,2025-07-15,Rajasthan,Rajasthan City 2,5G,Prepaid,2.7,26.81,133,3.74,24
AIR107355,2025-08-15,Maharashtra,Maharashtra City 1,4G,Prepaid,4.1,23.75,548,4.28,38
AIR107356,2025-09-15,Kerala,Kerala City 3,4G,Postpaid,3.7,25.71,32,3.2,-2
AIR107357,2025-10-15,West Bengal,West Bengal City 3,4G,Postpaid,3.1,7.92,133,3.32,0
AIR107358,2025-11-15,Maharashtra,Maharashtra City 2,4G,Prepaid,3.9,24.33,473,4.22,30
AIR107359,2025-12-15,Telangana,Telangana City 1,5G,Broadband,3.5,60.61,663,4.38,46
AIR107360,2025-02-15,West Bengal,West Bengal City 1,4G,Postpaid,4.1,31.2,292,2.95,16
AIR107361,2025-03-15,Uttar Pradesh,Uttar Pradesh City 3,5G,Enterprise,1.3,41.12,399,3.83,24
AIR107362,2025-04-15,Maharashtra,Maharashtra City 3,4G,Prepaid,3.3,12.05,361,3.63,23
AIR107363,2025-05-15,Karnataka,Karnataka City 2,5G,Prepaid,1.2,45.22,346,4.18,51
AIR107364,2025-06-15,Uttar Pradesh,Uttar Pradesh City 3,4G,Prepaid,0.7,14.26,369,3.67,37
AIR107365,2025-07-15,Telangana,Telangana City 2,4G,Prepaid,5,23.81,500,3.91,48
AIR107366,2025-08-15,Rajasthan,Rajasthan City 1,5G,Postpaid,5.8,34.21,217,3.62,21
AIR107367,2025-09-15,Tamil Nadu,Tamil Nadu City 3,4G,Prepaid,2,22.94,763,3.72,30
AIR107368,2025-10-15,Maharashtra,Maharashtra City 1,4G,Postpaid,4.2,17.2,385,3.57,32
AIR107369,2025-11-15,Kerala,Kerala City 1,4G,Prepaid,5.4,17.67,571,4.03,25
AIR107370,2025-12-15,Maharashtra,Maharashtra City 2,4G,Prepaid,6.9,15.33,540,2.92,-12
AIR107371,2025-02-15,Tamil Nadu,Tamil Nadu City 1,5G,Broadband,2.6,48.99,889,4.31,38
AIR107372,2025-03-15,Telangana,Telangana City 2,5G,Enterprise,3.8,47.99,536,3.97,15
AIR107373,2025-04-15,Telangana,Telangana City 2,4G,Prepaid,5.2,6.65,254,3.3,11
AIR107374,2025-05-15,Uttar Pradesh,Uttar Pradesh City 1,4G,Enterprise,1.5,22.22,369,3.81,18
AIR107375,2025-06-15,West Bengal,West Bengal City 1,5G,Postpaid,0.8,44.53,389,4.03,32
AIR107376,2025-07-15,Kerala,Kerala City 2,5G,Prepaid,6.3,32.44,363,4.76,56
AIR107377,2025-08-15,Uttar Pradesh,Uttar Pradesh City 2,5G,Broadband,1.1,35.12,604,3.71,31
AIR107378,2025-09-15,Kerala,Kerala City 1,5G,Prepaid,6.4,47.88,906,4.26,36
AIR107379,2025-10-15,Kerala,Kerala City 2,4G,Prepaid,4,39.13,534,4.23,51
AIR107380,2025-11-15,Tamil Nadu,Tamil Nadu City 2,4G,Postpaid,2.4,19.39,654,3.55,23
AIR107381,2025-12-15,Uttar Pradesh,Uttar Pradesh City 3,4G,Prepaid,6.4,14.23,657,4.02,28
AIR107382,2025-02-15,Kerala,Kerala City 3,4G,Prepaid,5.6,13.36,593,4.37,56
AIR107383,2025-03-15,Gujarat,Gujarat City 3,5G,Prepaid,2.8,36.9,698,4.09,47
AIR107384,2025-04-15,Tamil Nadu,Tamil Nadu City 3,4G,Postpaid,1.5,9.17,175,3.93,37
AIR107385,2025-05-15,Telangana,Telangana City 3,5G,Postpaid,4.7,25.93,437,4.85,60
AIR107386,2025-06-15,Tamil Nadu,Tamil Nadu City 2,4G,Prepaid,3.2,9.79,341,3.58,8
AIR107387,2025-07-15,Karnataka,Karnataka City 2,5G,Broadband,5.1,50.55,496,4.65,49
AIR107388,2025-08-15,Karnataka,Karnataka City 3,4G,Prepaid,6.4,24.21,190,3.15,11
AIR107389,2025-09-15,Kerala,Kerala City 1,4G,Postpaid,3.3,16.49,674,4.31,61
AIR107390,2025-10-15,Uttar Pradesh,Uttar Pradesh City 3,4G,Broadband,0.9,25.33,545,3.2,-2
AIR107391,2025-11-15,Telangana,Telangana City 1,5G,Broadband,6.6,34.39,486,4.42,53
AIR107392,2025-12-15,Tamil Nadu,Tamil Nadu City 2,4G,Postpaid,5.3,8.79,431,3.1,11
AIR107393,2025-02-15,Uttar Pradesh,Uttar Pradesh City 1,5G,Postpaid,3.8,27.18,665,3.52,6
AIR107394,2025-03-15,Tamil Nadu,Tamil Nadu City 2,4G,Prepaid,1.6,27.25,334,3.32,8
AIR107395,2025-04-15,Tamil Nadu,Tamil Nadu City 1,4G,Postpaid,3.5,11.54,498,3.36,7
AIR107396,2025-05-15,Gujarat,Gujarat City 2,5G,Prepaid,1.6,24.36,301,4.28,52
AIR107397,2025-06-15,Karnataka,Karnataka City 2,4G,Prepaid,0.7,23.32,547,4.17,58
AIR107398,2025-07-15,Tamil Nadu,Tamil Nadu City 3,4G,Prepaid,3.8,23.01,224,3.35,13
AIR107399,2025-08-15,Gujarat,Gujarat City 2,4G,Prepaid,3.4,15.19,170,3.42,22
AIR107400,2025-09-15,Karnataka,Karnataka City 3,5G,Postpaid,3.8,45.4,320,3.61,10
AIR107401,2025-10-15,Gujarat,Gujarat City 3,4G,Broadband,6.7,18.29,302,3.37,6
AIR107402,2025-11-15,Uttar Pradesh,Uttar Pradesh City 3,4G,Prepaid,2.2,9.14,347,4.4,71
AIR107403,2025-12-15,West Bengal,West Bengal City 1,4G,Prepaid,2.5,14.17,192,3.46,29
AIR107404,2025-02-15,Karnataka,Karnataka City 1,4G,Postpaid,2.4,9.62,336,2.96,-18
AIR107405,2025-03-15,Rajasthan,Rajasthan City 2,4G,Postpaid,4.6,15.55,516,2.78,2
AIR107406,2025-04-15,West Bengal,West Bengal City 3,5G,Prepaid,6.1,10.4,417,3.54,21
AIR107407,2025-05-15,Uttar Pradesh,Uttar Pradesh City 3,5G,Prepaid,2.2,23.48,784,4.69,49
AIR107408,2025-06-15,Tamil Nadu,Tamil Nadu City 2,4G,Postpaid,4.9,12.9,586,3.54,34
AIR107409,2025-07-15,Telangana,Telangana City 3,5G,Broadband,6,26.53,697,4.05,24
AIR107410,2025-08-15,Uttar Pradesh,Uttar Pradesh City 2,5G,Prepaid,4.6,15.6,424,3.56,39
AIR107411,2025-09-15,Gujarat,Gujarat City 3,5G,Prepaid,4.6,57.81,454,4.03,35
AIR107412,2025-10-15,Gujarat,Gujarat City 1,4G,Postpaid,3.9,32.95,762,3.33,4
AIR107413,2025-11-15,Gujarat,Gujarat City 2,4G,Prepaid,0.9,23.83,350,3.9,34
AIR107414,2025-12-15,Gujarat,Gujarat City 2,5G,Prepaid,6.7,32.11,555,4.31,44
AIR107415,2025-02-15,Uttar Pradesh,Uttar Pradesh City 1,4G,Postpaid,1.6,18.32,298,3.61,20
AIR107416,2025-03-15,Telangana,Telangana City 2,4G,Enterprise,2.9,8.2,484,3.05,-20
AIR107417,2025-04-15,Maharashtra,Maharashtra City 1,5G,Prepaid,3.6,23.69,223,4.34,57
AIR107418,2025-05-15,Gujarat,Gujarat City 3,4G,Postpaid,1.7,19.52,461,3.9,31
AIR107419,2025-06-15,Maharashtra,Maharashtra City 1,4G,Prepaid,1.9,27.89,306,3.26,2
AIR107420,2025-07-15,Telangana,Telangana City 1,4G,Broadband,3.3,17.79,534,3.71,32
AIR107421,2025-08-15,Telangana,Telangana City 2,5G,Prepaid,1.3,37.82,479,3.84,23
AIR107422,2025-09-15,West Bengal,West Bengal City 3,4G,Postpaid,1.1,17.52,398,3.87,33
AIR107423,2025-10-15,Karnataka,Karnataka City 1,5G,Broadband,5.3,34.27,376,3.84,36
AIR107424,2025-11-15,Rajasthan,Rajasthan City 3,4G,Enterprise,3.6,15.24,247,3.66,30
AIR107425,2025-12-15,Kerala,Kerala City 1,4G,Postpaid,2.9,30.06,150,3.22,4
AIR107426,2025-02-15,Rajasthan,Rajasthan City 2,4G,Prepaid,1.3,19.39,327,3.95,33
AIR107427,2025-03-15,Uttar Pradesh,Uttar Pradesh City 1,4G,Prepaid,6.1,11.37,439,3.56,31
AIR107428,2025-04-15,Kerala,Kerala City 1,4G,Prepaid,5,7.71,557,3.28,32
AIR107429,2025-05-15,Telangana,Telangana City 3,4G,Postpaid,3.4,32.76,232,3.79,22
AIR107430,2025-06-15,Rajasthan,Rajasthan City 1,5G,Postpaid,0.8,35.72,223,3.96,32
AIR107431,2025-07-15,Delhi,Delhi City 2,4G,Broadband,1.6,19.22,346,2.86,-11
AIR107432,2025-08-15,Karnataka,Karnataka City 2,4G,Prepaid,1.5,17.89,165,2.76,-17
AIR107433,2025-09-15,Rajasthan,Rajasthan City 1,4G,Postpaid,3.9,23.98,359,3.28,12
AIR107434,2025-10-15,Karnataka,Karnataka City 1,5G,Broadband,5.2,44.85,286,3.61,14
AIR107435,2025-11-15,Maharashtra,Maharashtra City 3,4G,Broadband,5.7,17.08,501,3.93,34
AIR107436,2025-12-15,Uttar Pradesh,Uttar Pradesh City 3,4G,Postpaid,2.4,14.05,320,3.44,22
AIR107437,2025-02-15,Karnataka,Karnataka City 2,5G,Postpaid,4.8,43.87,453,3.82,42
AIR107438,2025-03-15,Maharashtra,Maharashtra City 3,4G,Postpaid,5.5,28.9,770,3.56,29
AIR107439,2025-04-15,Gujarat,Gujarat City 1,4G,Prepaid,5,17.22,46,2.7,14
AIR107440,2025-05-15,Maharashtra,Maharashtra City 2,4G,Prepaid,1.3,19.02,419,3.4,28
AIR107441,2025-06-15,Uttar Pradesh,Uttar Pradesh City 3,5G,Postpaid,1.5,24.07,602,3.52,26
AIR107442,2025-07-15,West Bengal,West Bengal City 2,4G,Prepaid,3.5,11.29,212,3.71,18
AIR107443,2025-08-15,Gujarat,Gujarat City 1,4G,Postpaid,4.6,11,601,3.75,29
AIR107444,2025-09-15,Telangana,Telangana City 3,5G,Postpaid,1.5,48.28,373,3.34,22
AIR107445,2025-10-15,Tamil Nadu,Tamil Nadu City 1,4G,Postpaid,4.2,31.23,417,3.54,21
AIR107446,2025-11-15,Maharashtra,Maharashtra City 1,5G,Prepaid,4.1,37.17,407,3.65,6
AIR107447,2025-12-15,Maharashtra,Maharashtra City 2,4G,Prepaid,2.9,21.47,483,3.47,5
AIR107448,2025-02-15,Karnataka,Karnataka City 2,4G,Prepaid,2.3,20.56,303,3.6,7
AIR107449,2025-03-15,Telangana,Telangana City 2,4G,Prepaid,2.8,19.29,579,2.99,8
AIR107450,2025-04-15,Rajasthan,Rajasthan City 3,4G,Enterprise,3.7,1.3,733,3.19,18
AIR107451,2025-05-15,Delhi,Delhi City 3,4G,Prepaid,2.7,25.46,646,3.26,7
AIR107452,2025-06-15,Kerala,Kerala City 2,4G,Prepaid,0.7,11.73,371,3.58,18
AIR107453,2025-07-15,Maharashtra,Maharashtra City 3,4G,Prepaid,4.1,9.36,390,3.07,-3
AIR107454,2025-08-15,Rajasthan,Rajasthan City 3,5G,Postpaid,3.7,25.1,136,3.4,5
AIR107455,2025-09-15,Delhi,Delhi City 2,4G,Postpaid,3.6,28.62,578,3.48,11
AIR107456,2025-10-15,Kerala,Kerala City 1,5G,Prepaid,1.8,41.85,762,4.18,36
AIR107457,2025-11-15,Tamil Nadu,Tamil Nadu City 3,5G,Broadband,2.6,52.23,465,3.33,17
AIR107458,2025-12-15,Karnataka,Karnataka City 3,5G,Broadband,5.6,11.48,331,4.13,43
AIR107459,2025-02-15,Rajasthan,Rajasthan City 1,5G,Prepaid,0.1,35.17,63,3.89,26
AIR107460,2025-03-15,Karnataka,Karnataka City 1,4G,Postpaid,1.9,19.12,450,3.5,18
AIR107461,2025-04-15,Kerala,Kerala City 1,5G,Postpaid,1.9,12.27,236,4.76,47
AIR107462,2025-05-15,West Bengal,West Bengal City 2,5G,Prepaid,1,48.68,498,3.54,21
AIR107463,2025-06-15,Maharashtra,Maharashtra City 1,5G,Broadband,1.8,55.37,465,3.8,15
AIR107464,2025-07-15,Gujarat,Gujarat City 2,4G,Prepaid,4.7,7.45,408,3.32,-1
AIR107465,2025-08-15,Delhi,Delhi City 1,5G,Prepaid,6.5,33.39,388,3.52,46
AIR107466,2025-09-15,Telangana,Telangana City 1,5G,Prepaid,1.2,25.51,466,4.59,54
AIR107467,2025-10-15,Uttar Pradesh,Uttar Pradesh City 2,5G,Postpaid,6.4,33.2,343,4.37,61
AIR107468,2025-11-15,Maharashtra,Maharashtra City 2,4G,Broadband,2,24.66,599,3.35,11
AIR107469,2025-12-15,Gujarat,Gujarat City 1,4G,Prepaid,6.1,16.9,406,3.8,27
AIR107470,2025-02-15,Uttar Pradesh,Uttar Pradesh City 1,5G,Prepaid,4.1,51.64,998,4.16,41
AIR107471,2025-03-15,Rajasthan,Rajasthan City 1,4G,Postpaid,3.8,1,311,2.84,-10
AIR107472,2025-04-15,Uttar Pradesh,Uttar Pradesh City 3,4G,Prepaid,0.7,7.87,313,3.7,39
AIR107473,2025-05-15,Tamil Nadu,Tamil Nadu City 1,5G,Prepaid,4.1,43.73,620,3.77,27
AIR107474,2025-06-15,Maharashtra,Maharashtra City 2,4G,Prepaid,2.8,26.17,298,3.67,32
AIR107475,2025-07-15,Karnataka,Karnataka City 3,4G,Prepaid,6,30.27,371,3.43,-1
AIR107476,2025-08-15,West Bengal,West Bengal City 2,4G,Prepaid,5.5,19.74,390,3.91,35
AIR107477,2025-09-15,Telangana,Telangana City 3,4G,Prepaid,2.7,10.19,831,3.51,12
AIR107478,2025-10-15,Karnataka,Karnataka City 3,4G,Prepaid,1.9,9.05,338,2.66,-13
AIR107479,2025-11-15,Gujarat,Gujarat City 2,4G,Postpaid,2.8,12.25,620,3.74,30
AIR107480,2025-12-15,Maharashtra,Maharashtra City 3,4G,Prepaid,2.8,11.55,660,4.08,21
AIR107481,2025-02-15,West Bengal,West Bengal City 2,4G,Enterprise,2.4,3.05,313,3.75,25
AIR107482,2025-03-15,Uttar Pradesh,Uttar Pradesh City 1,5G,Prepaid,4.9,23.47,431,3.85,41
AIR107483,2025-04-15,Maharashtra,Maharashtra City 3,4G,Postpaid,5.3,8.14,556,4.47,50
AIR107484,2025-05-15,Uttar Pradesh,Uttar Pradesh City 2,4G,Broadband,5.8,9.9,378,2.98,-8
AIR107485,2025-06-15,Rajasthan,Rajasthan City 3,4G,Prepaid,4.5,43.11,320,3.6,11
AIR107486,2025-07-15,Tamil Nadu,Tamil Nadu City 2,5G,Postpaid,4,50.58,576,3.74,21
AIR107487,2025-08-15,Kerala,Kerala City 1,5G,Broadband,2.6,47.72,346,3.46,2
AIR107488,2025-09-15,Maharashtra,Maharashtra City 1,4G,Prepaid,6.3,1,760,4.2,26
AIR107489,2025-10-15,Gujarat,Gujarat City 3,4G,Enterprise,3.8,1,226,3.33,25
AIR107490,2025-11-15,Uttar Pradesh,Uttar Pradesh City 3,4G,Prepaid,1.7,17.25,229,3.78,37
AIR107491,2025-12-15,Karnataka,Karnataka City 2,5G,Prepaid,4.3,5.19,516,4.96,43
AIR107492,2025-02-15,Rajasthan,Rajasthan City 2,4G,Postpaid,1.4,15.41,356,4.1,34
AIR107493,2025-03-15,Gujarat,Gujarat City 3,4G,Prepaid,2,4.04,20,3.31,-4
AIR107494,2025-04-15,Telangana,Telangana City 2,5G,Postpaid,2.6,15.65,477,3.04,20
AIR107495,2025-05-15,Kerala,Kerala City 2,5G,Broadband,4,29.86,463,4.62,71
AIR107496,2025-06-15,Rajasthan,Rajasthan City 2,4G,Enterprise,2.9,23.7,223,3.11,15
AIR107497,2025-07-15,Tamil Nadu,Tamil Nadu City 3,5G,Postpaid,6.4,19.2,315,4.16,33
AIR107498,2025-08-15,Kerala,Kerala City 1,4G,Enterprise,5.2,6.04,297,3.15,-5
AIR107499,2025-09-15,Uttar Pradesh,Uttar Pradesh City 1,5G,Prepaid,5.9,42.65,300,4.21,33
AIR107500,2025-10-15,Gujarat,Gujarat City 2,4G,Prepaid,2.6,21.76,561,4.01,53
AIR107501,2025-11-15,Telangana,Telangana City 3,4G,Postpaid,3,1,678,3.56,13
AIR107502,2025-12-15,Delhi,Delhi City 2,5G,Postpaid,2.5,68.78,338,3.68,33
AIR107503,2025-02-15,Tamil Nadu,Tamil Nadu City 1,4G,Postpaid,1.8,13.05,509,3.71,23
AIR107504,2025-03-15,West Bengal,West Bengal City 2,4G,Postpaid,0.7,21.43,306,3.48,36
AIR107505,2025-04-15,Uttar Pradesh,Uttar Pradesh City 1,4G,Prepaid,3.8,4.12,315,4.04,40
AIR107506,2025-05-15,Delhi,Delhi City 3,4G,Postpaid,3.3,29.7,321,2.95,-13
AIR107507,2025-06-15,Maharashtra,Maharashtra City 2,4G,Enterprise,4.4,17.28,507,3.38,24
AIR107508,2025-07-15,Telangana,Telangana City 3,5G,Postpaid,5.9,15.44,516,3.57,8
AIR107509,2025-08-15,Karnataka,Karnataka City 2,4G,Prepaid,6,13.19,454,3.7,30
AIR107510,2025-09-15,West Bengal,West Bengal City 2,4G,Postpaid,5.9,13.31,240,3.1,-3
AIR107511,2025-10-15,Gujarat,Gujarat City 2,4G,Prepaid,2.9,31.27,402,4.28,41
AIR107512,2025-11-15,Telangana,Telangana City 2,4G,Broadband,2.2,12.09,532,2.59,-8
AIR107513,2025-12-15,Kerala,Kerala City 2,4G,Prepaid,5.9,12.18,160,3.89,28
AIR107514,2025-02-15,Rajasthan,Rajasthan City 3,4G,Prepaid,0.4,24.32,295,2.95,-4
AIR107515,2025-03-15,Kerala,Kerala City 3,4G,Prepaid,1.3,9.62,354,3.17,22
AIR107516,2025-04-15,Kerala,Kerala City 1,4G,Prepaid,2.5,11.6,376,3.74,22
AIR107517,2025-05-15,Maharashtra,Maharashtra City 2,5G,Postpaid,3.1,46.02,419,4.33,66
AIR107518,2025-06-15,Tamil Nadu,Tamil Nadu City 1,4G,Prepaid,5.6,22.23,455,3.46,10
AIR107519,2025-07-15,Karnataka,Karnataka City 3,4G,Broadband,0.5,18.44,302,2.8,-1
AIR107520,2025-08-15,West Bengal,West Bengal City 1,4G,Postpaid,4.7,17.82,122,3.64,25
AIR107521,2025-09-15,Tamil Nadu,Tamil Nadu City 3,5G,Prepaid,6.5,51.91,676,3.73,33
AIR107522,2025-10-15,Telangana,Telangana City 2,4G,Postpaid,0.9,14.37,272,3.26,-2
AIR107523,2025-11-15,Kerala,Kerala City 1,5G,Postpaid,3.8,33.98,598,4.41,56
AIR107524,2025-12-15,Maharashtra,Maharashtra City 1,4G,Postpaid,1,9.52,448,3.5,24
AIR107525,2025-02-15,Telangana,Telangana City 1,4G,Postpaid,2.5,17.42,411,3.4,25
AIR107526,2025-03-15,Rajasthan,Rajasthan City 1,5G,Prepaid,5,49.91,496,3.67,27
AIR107527,2025-04-15,Karnataka,Karnataka City 2,5G,Postpaid,3.8,47.68,617,3.87,51
AIR107528,2025-05-15,West Bengal,West Bengal City 3,4G,Prepaid,1.3,18.92,225,4.14,36
AIR107529,2025-06-15,Rajasthan,Rajasthan City 3,4G,Postpaid,5.8,10.82,453,3.73,15
AIR107530,2025-07-15,Maharashtra,Maharashtra City 2,4G,Broadband,6.1,32.55,501,3.39,0
AIR107531,2025-08-15,Karnataka,Karnataka City 3,5G,Prepaid,2.2,38.36,388,4.09,45
AIR107532,2025-09-15,Telangana,Telangana City 1,5G,Postpaid,3.3,48.49,378,2.95,-9
AIR107533,2025-10-15,Kerala,Kerala City 2,4G,Prepaid,2.6,1,111,3.57,33
AIR107534,2025-11-15,Kerala,Kerala City 3,4G,Prepaid,3.6,11.91,368,3.36,15
AIR107535,2025-12-15,Uttar Pradesh,Uttar Pradesh City 2,4G,Postpaid,1.5,12.72,568,3.53,44
AIR107536,2025-02-15,Kerala,Kerala City 2,4G,Postpaid,5,4.31,289,3.53,18
AIR107537,2025-03-15,Delhi,Delhi City 3,4G,Prepaid,4.8,21.23,27,3.74,5
AIR107538,2025-04-15,Kerala,Kerala City 3,4G,Prepaid,3.1,15.31,382,3.42,9
AIR107539,2025-05-15,Delhi,Delhi City 2,4G,Broadband,6.1,22.47,432,3.37,-6
AIR107540,2025-06-15,Gujarat,Gujarat City 2,4G,Prepaid,4.5,8.78,539,4.37,49
AIR107541,2025-07-15,Delhi,Delhi City 3,4G,Prepaid,6.2,8.94,281,3.56,24
AIR107542,2025-08-15,Karnataka,Karnataka City 2,4G,Broadband,3.7,21.9,267,3.65,-1
AIR107543,2025-09-15,Rajasthan,Rajasthan City 3,4G,Broadband,6.6,9.44,451,3.74,49
AIR107544,2025-10-15,Karnataka,Karnataka City 2,4G,Prepaid,3.6,15.88,227,3.92,21
AIR107545,2025-11-15,Rajasthan,Rajasthan City 2,4G,Broadband,2.5,10.11,768,3.6,27
AIR107546,2025-12-15,Uttar Pradesh,Uttar Pradesh City 2,5G,Prepaid,4.4,25.23,263,4.15,39
AIR107547,2025-02-15,Gujarat,Gujarat City 3,4G,Prepaid,3,12.28,248,3.85,43
AIR107548,2025-03-15,Rajasthan,Rajasthan City 1,4G,Broadband,4.5,17.56,339,3.86,32
AIR107549,2025-04-15,Rajasthan,Rajasthan City 3,4G,Broadband,1.5,25.96,507,3.91,26
AIR107550,2025-05-15,Maharashtra,Maharashtra City 2,4G,Prepaid,5,27.62,422,3.56,9
AIR107551,2025-06-15,Tamil Nadu,Tamil Nadu City 1,4G,Prepaid,1.5,1,443,3.53,-2
AIR107552,2025-07-15,Tamil Nadu,Tamil Nadu City 1,4G,Prepaid,4.9,22.24,292,3.35,20
AIR107553,2025-08-15,Maharashtra,Maharashtra City 2,4G,Prepaid,6.2,15.33,497,3.94,22
AIR107554,2025-09-15,Kerala,Kerala City 3,4G,Postpaid,4.1,21.2,456,3.19,23
AIR107555,2025-10-15,Maharashtra,Maharashtra City 1,4G,Postpaid,4.6,16.04,253,3.52,24
AIR107556,2025-11-15,Rajasthan,Rajasthan City 1,5G,Postpaid,5.2,34.37,412,4.88,61
AIR107557,2025-12-15,Rajasthan,Rajasthan City 3,5G,Postpaid,5,37.39,108,3.77,44
AIR107558,2025-02-15,Maharashtra,Maharashtra City 3,5G,Broadband,2.2,54.76,628,3.64,22
AIR107559,2025-03-15,Maharashtra,Maharashtra City 1,4G,Prepaid,2,22.55,492,3.83,15
AIR107560,2025-04-15,Kerala,Kerala City 3,5G,Postpaid,2.4,49.16,722,4.08,24
AIR107561,2025-05-15,Karnataka,Karnataka City 1,5G,Broadband,5.3,31.14,381,3.99,28
AIR107562,2025-06-15,Gujarat,Gujarat City 2,5G,Prepaid,2.5,41.01,247,4.18,44
AIR107563,2025-07-15,Telangana,Telangana City 3,4G,Broadband,1.7,12.01,538,3.37,14
AIR107564,2025-08-15,Rajasthan,Rajasthan City 1,5G,Postpaid,5.5,1,70,4.25,31
AIR107565,2025-09-15,Gujarat,Gujarat City 3,4G,Prepaid,4,21.75,551,3.99,27
AIR107566,2025-10-15,Maharashtra,Maharashtra City 3,4G,Prepaid,3.7,13.46,367,3.06,-18
AIR107567,2025-11-15,Kerala,Kerala City 1,4G,Postpaid,3.5,27.51,334,3.59,19
AIR107568,2025-12-15,Delhi,Delhi City 2,5G,Postpaid,5.7,32.09,330,3.9,17
AIR107569,2025-02-15,Kerala,Kerala City 1,5G,Postpaid,3.9,4.21,393,3.75,13
AIR107570,2025-03-15,West Bengal,West Bengal City 3,4G,Prepaid,2.3,33.3,298,3.58,20
AIR107571,2025-04-15,West Bengal,West Bengal City 1,4G,Postpaid,3,18.2,328,4.25,42
AIR107572,2025-05-15,Gujarat,Gujarat City 3,4G,Prepaid,5.8,27.93,398,2.57,-17
AIR107573,2025-06-15,Tamil Nadu,Tamil Nadu City 1,4G,Prepaid,3,25.25,486,3.72,29
AIR107574,2025-07-15,West Bengal,West Bengal City 2,4G,Prepaid,1.1,13.82,503,3.22,3
AIR107575,2025-08-15,West Bengal,West Bengal City 2,4G,Postpaid,4.7,5.82,280,3.17,10
AIR107576,2025-09-15,Karnataka,Karnataka City 2,5G,Prepaid,2.2,41.97,409,3.89,32
AIR107577,2025-10-15,Delhi,Delhi City 2,4G,Prepaid,0.9,25.04,322,3.63,29
AIR107578,2025-11-15,Karnataka,Karnataka City 1,4G,Prepaid,5.1,4.06,488,2.66,-27
AIR107579,2025-12-15,Delhi,Delhi City 2,5G,Prepaid,4.8,37.21,361,3.12,12
AIR107580,2025-02-15,Uttar Pradesh,Uttar Pradesh City 1,5G,Prepaid,4.1,1,376,4.06,54
AIR107581,2025-03-15,Telangana,Telangana City 3,5G,Postpaid,0.2,31.51,268,3.79,14
AIR107582,2025-04-15,Rajasthan,Rajasthan City 3,4G,Postpaid,5.6,14.91,228,3.86,31
AIR107583,2025-05-15,West Bengal,West Bengal City 3,5G,Postpaid,2.2,62.1,487,4.13,44
AIR107584,2025-06-15,Rajasthan,Rajasthan City 2,4G,Postpaid,3.6,24.11,240,3.06,-5
AIR107585,2025-07-15,West Bengal,West Bengal City 2,5G,Prepaid,4.4,45.69,507,4.38,49
AIR107586,2025-08-15,Karnataka,Karnataka City 2,5G,Enterprise,3.7,30.59,562,4.1,38
AIR107587,2025-09-15,Telangana,Telangana City 3,5G,Prepaid,6.4,53.82,462,4.18,41
AIR107588,2025-10-15,Karnataka,Karnataka City 3,4G,Postpaid,1.9,12.09,223,3.59,12
AIR107589,2025-11-15,Karnataka,Karnataka City 3,4G,Broadband,1.3,30.58,418,3.54,9
AIR107590,2025-12-15,Delhi,Delhi City 3,5G,Postpaid,5.3,13.87,529,3.33,2
AIR107591,2025-02-15,Tamil Nadu,Tamil Nadu City 1,5G,Prepaid,5.4,42.19,300,4.12,55
AIR107592,2025-03-15,Kerala,Kerala City 1,4G,Prepaid,0.6,25.71,447,3.63,26
AIR107593,2025-04-15,Gujarat,Gujarat City 2,5G,Prepaid,2.2,40.33,195,3.32,11
AIR107594,2025-05-15,Rajasthan,Rajasthan City 2,4G,Postpaid,0.6,12.25,432,3.45,13
AIR107595,2025-06-15,Uttar Pradesh,Uttar Pradesh City 3,4G,Postpaid,3.8,15.89,196,2.92,4
AIR107596,2025-07-15,West Bengal,West Bengal City 1,5G,Postpaid,5.5,30.5,324,3.74,35
AIR107597,2025-08-15,Karnataka,Karnataka City 1,4G,Prepaid,2.2,31.84,408,3.72,41
AIR107598,2025-09-15,Tamil Nadu,Tamil Nadu City 2,4G,Broadband,6.6,21.15,501,3,-22
AIR107599,2025-10-15,Karnataka,Karnataka City 1,5G,Postpaid,3.3,44.51,115,3.55,36
AIR107600,2025-11-15,Telangana,Telangana City 2,4G,Prepaid,4.6,21.96,107,2.9,-26
AIR107601,2025-12-15,Delhi,Delhi City 3,4G,Prepaid,3.5,23.27,302,3.51,17
AIR107602,2025-02-15,Uttar Pradesh,Uttar Pradesh City 3,5G,Postpaid,5.5,53.38,401,3.83,34
AIR107603,2025-03-15,Kerala,Kerala City 2,5G,Postpaid,3,25.2,246,4.25,40
AIR107604,2025-04-15,Telangana,Telangana City 3,4G,Prepaid,1.5,25.67,215,3.45,14
AIR107605,2025-05-15,Maharashtra,Maharashtra City 3,4G,Prepaid,5.6,15.99,525,4.05,41
AIR107606,2025-06-15,Uttar Pradesh,Uttar Pradesh City 1,4G,Postpaid,2.1,8.58,452,4.22,44
AIR107607,2025-07-15,Karnataka,Karnataka City 1,5G,Prepaid,4.3,37.71,230,3.77,11
AIR107608,2025-08-15,Telangana,Telangana City 1,4G,Prepaid,2.9,16.26,415,3.03,0
AIR107609,2025-09-15,Kerala,Kerala City 1,4G,Broadband,5.2,22.11,259,3.7,28
AIR107610,2025-10-15,Tamil Nadu,Tamil Nadu City 1,5G,Postpaid,6.4,32.94,20,3.94,44
AIR107611,2025-11-15,Tamil Nadu,Tamil Nadu City 2,4G,Postpaid,1.8,21.13,27,3.14,7
AIR107612,2025-12-15,Rajasthan,Rajasthan City 2,4G,Postpaid,6.7,14.18,330,3.27,15
AIR107613,2025-02-15,Kerala,Kerala City 1,5G,Postpaid,4.5,38.62,350,4.41,45
AIR107614,2025-03-15,Tamil Nadu,Tamil Nadu City 3,4G,Postpaid,2.6,8.01,245,3.7,29
AIR107615,2025-04-15,Telangana,Telangana City 3,4G,Enterprise,6.2,19.02,433,3.96,27
AIR107616,2025-05-15,Rajasthan,Rajasthan City 2,5G,Prepaid,3.6,19.32,273,3.18,7
AIR107617,2025-06-15,Tamil Nadu,Tamil Nadu City 2,5G,Prepaid,1.7,32.3,253,4.07,49
AIR107618,2025-07-15,Uttar Pradesh,Uttar Pradesh City 2,4G,Prepaid,1.4,23.81,398,3.09,-1
AIR107619,2025-08-15,Delhi,Delhi City 3,4G,Postpaid,1,16.85,805,4.16,29
AIR107620,2025-09-15,Maharashtra,Maharashtra City 2,5G,Postpaid,1.4,36.15,509,4.73,57
AIR107621,2025-10-15,Kerala,Kerala City 3,5G,Prepaid,1.6,13.85,150,3.66,25
AIR107622,2025-11-15,Telangana,Telangana City 2,4G,Prepaid,5.8,11.08,152,3.7,44
AIR107623,2025-12-15,West Bengal,West Bengal City 3,4G,Prepaid,1.9,19.57,555,3.49,32
AIR107624,2025-02-15,Karnataka,Karnataka City 2,4G,Prepaid,1.6,16.49,251,3.11,9
AIR107625,2025-03-15,Telangana,Telangana City 2,5G,Enterprise,0.3,38.53,204,4.1,36
AIR107626,2025-04-15,Tamil Nadu,Tamil Nadu City 3,4G,Postpaid,1.7,17.58,658,2.66,-14
AIR107627,2025-05-15,Telangana,Telangana City 2,5G,Prepaid,5.3,53.91,394,3.84,29
AIR107628,2025-06-15,West Bengal,West Bengal City 1,5G,Prepaid,4,2.94,524,3.96,35
AIR107629,2025-07-15,Karnataka,Karnataka City 3,5G,Prepaid,1.2,13.39,382,3.75,26
AIR107630,2025-08-15,Rajasthan,Rajasthan City 2,5G,Postpaid,2.9,40.64,637,3.71,43
AIR107631,2025-09-15,Tamil Nadu,Tamil Nadu City 3,5G,Postpaid,4.3,25.08,414,3.12,11
AIR107632,2025-10-15,Gujarat,Gujarat City 2,4G,Enterprise,6.7,8.9,562,3.72,10
AIR107633,2025-11-15,Tamil Nadu,Tamil Nadu City 1,4G,Postpaid,5.1,8.52,30,3.27,9
AIR107634,2025-12-15,Maharashtra,Maharashtra City 2,5G,Postpaid,1.4,45.45,245,3.82,17
AIR107635,2025-02-15,Gujarat,Gujarat City 2,4G,Broadband,2.2,7.58,435,3.22,8
AIR107636,2025-03-15,Maharashtra,Maharashtra City 1,4G,Postpaid,0.4,29.41,439,3.35,28
AIR107637,2025-04-15,West Bengal,West Bengal City 3,4G,Prepaid,4.7,25.22,240,2.96,6
AIR107638,2025-05-15,Kerala,Kerala City 2,4G,Postpaid,3.1,16.96,309,4.04,26
AIR107639,2025-06-15,Karnataka,Karnataka City 2,5G,Postpaid,5.8,13.06,20,3.81,26
AIR107640,2025-07-15,Delhi,Delhi City 1,5G,Postpaid,1.1,51.19,688,4.32,59
AIR107641,2025-08-15,Rajasthan,Rajasthan City 3,4G,Prepaid,5.7,14.92,373,3.64,26
AIR107642,2025-09-15,Delhi,Delhi City 3,5G,Prepaid,3.2,53.12,331,4.61,47
AIR107643,2025-10-15,Uttar Pradesh,Uttar Pradesh City 1,4G,Prepaid,1.2,8.36,447,3.86,26
AIR107644,2025-11-15,Uttar Pradesh,Uttar Pradesh City 1,5G,Prepaid,5.8,28.33,172,3.8,38
AIR107645,2025-12-15,West Bengal,West Bengal City 2,4G,Broadband,1.8,9.16,405,2.95,5
AIR107646,2025-02-15,Kerala,Kerala City 1,5G,Postpaid,0.8,22.43,20,4.03,20
AIR107647,2025-03-15,Uttar Pradesh,Uttar Pradesh City 1,4G,Postpaid,0.6,16.69,307,3.31,14
AIR107648,2025-04-15,Tamil Nadu,Tamil Nadu City 1,4G,Postpaid,0.9,18.25,452,2.93,3
AIR107649,2025-05-15,Telangana,Telangana City 3,5G,Postpaid,1.2,32.03,547,4.1,52
AIR107650,2025-06-15,Maharashtra,Maharashtra City 1,4G,Enterprise,0.5,5.54,261,3.64,33
AIR107651,2025-07-15,Uttar Pradesh,Uttar Pradesh City 2,5G,Prepaid,6.5,39.56,280,4.39,64
AIR107652,2025-08-15,West Bengal,West Bengal City 2,4G,Postpaid,3.5,29.47,246,2.98,-16
AIR107653,2025-09-15,Maharashtra,Maharashtra City 2,4G,Prepaid,6.7,22.63,325,3.67,32
AIR107654,2025-10-15,Tamil Nadu,Tamil Nadu City 1,4G,Broadband,0.9,10.73,825,3.22,39
AIR107655,2025-11-15,Kerala,Kerala City 3,4G,Broadband,2.3,24.94,788,3.53,23
AIR107656,2025-12-15,Karnataka,Karnataka City 1,4G,Broadband,4.4,29.13,237,3.62,23
AIR107657,2025-02-15,Delhi,Delhi City 1,5G,Prepaid,5.8,30.31,562,3.72,23
AIR107658,2025-03-15,Tamil Nadu,Tamil Nadu City 2,4G,Prepaid,3.4,27.32,307,3.11,16
AIR107659,2025-04-15,Rajasthan,Rajasthan City 1,5G,Prepaid,5.6,34.86,347,3.4,20
AIR107660,2025-05-15,Gujarat,Gujarat City 3,4G,Postpaid,0.6,3.36,534,3.42,29
AIR107661,2025-06-15,West Bengal,West Bengal City 2,4G,Postpaid,3.8,13.45,685,4.07,58
AIR107662,2025-07-15,Delhi,Delhi City 3,4G,Prepaid,2.3,19.16,486,3.58,22
AIR107663,2025-08-15,Rajasthan,Rajasthan City 3,4G,Postpaid,5.9,39.6,381,3.44,20
AIR107664,2025-09-15,Karnataka,Karnataka City 3,5G,Prepaid,3.6,8.71,332,3.84,28
AIR107665,2025-10-15,Rajasthan,Rajasthan City 1,4G,Broadband,5.2,17.17,259,2.92,3
AIR107666,2025-11-15,Kerala,Kerala City 1,4G,Prepaid,5.5,26.69,649,3.5,28
AIR107667,2025-12-15,Gujarat,Gujarat City 1,4G,Prepaid,4.5,9.8,478,2.79,-10
AIR107668,2025-02-15,Maharashtra,Maharashtra City 1,4G,Postpaid,5.5,22.5,50,3.86,40
AIR107669,2025-03-15,Delhi,Delhi City 2,4G,Postpaid,5.2,27.34,136,2.98,-6
AIR107670,2025-04-15,Gujarat,Gujarat City 1,4G,Prepaid,2.2,23.49,297,2.82,-6
AIR107671,2025-05-15,Telangana,Telangana City 2,4G,Broadband,1.8,13.84,506,3.51,18
AIR107672,2025-06-15,Tamil Nadu,Tamil Nadu City 3,5G,Postpaid,5.7,41,473,3.94,39
AIR107673,2025-07-15,Telangana,Telangana City 2,5G,Broadband,0.8,45.36,316,3.69,27
AIR107674,2025-08-15,Tamil Nadu,Tamil Nadu City 1,4G,Broadband,4.3,27.36,196,2.27,-28
AIR107675,2025-09-15,Kerala,Kerala City 2,4G,Postpaid,0.9,16.55,736,3.35,5
AIR107676,2025-10-15,Gujarat,Gujarat City 1,5G,Broadband,2.5,35.05,213,4.24,34
AIR107677,2025-11-15,Karnataka,Karnataka City 1,5G,Broadband,0.9,16.68,63,4.32,41
AIR107678,2025-12-15,Uttar Pradesh,Uttar Pradesh City 2,5G,Enterprise,3.2,35.36,238,3.44,18
AIR107679,2025-02-15,Rajasthan,Rajasthan City 2,5G,Broadband,1.8,10.55,336,3.76,24
AIR107680,2025-03-15,Uttar Pradesh,Uttar Pradesh City 3,4G,Broadband,4.8,24.28,548,3.24,-3
AIR107681,2025-04-15,Gujarat,Gujarat City 3,5G,Postpaid,5,13.85,372,3.54,13
AIR107682,2025-05-15,Telangana,Telangana City 3,5G,Prepaid,4.2,14.71,577,3.83,29
AIR107683,2025-06-15,Uttar Pradesh,Uttar Pradesh City 3,4G,Broadband,3.5,31,269,3.06,-15
AIR107684,2025-07-15,West Bengal,West Bengal City 3,4G,Postpaid,3.5,27.87,284,3.78,22
AIR107685,2025-08-15,Uttar Pradesh,Uttar Pradesh City 2,4G,Prepaid,1.1,28.71,680,4.2,50
AIR107686,2025-09-15,Tamil Nadu,Tamil Nadu City 3,4G,Prepaid,3,9.89,260,3.21,5
AIR107687,2025-10-15,West Bengal,West Bengal City 2,4G,Postpaid,5.5,9.29,486,3.51,33
AIR107688,2025-11-15,Delhi,Delhi City 3,4G,Postpaid,4.4,22.08,559,3.33,-2
AIR107689,2025-12-15,Uttar Pradesh,Uttar Pradesh City 1,4G,Prepaid,5.2,25.21,347,4.2,51
AIR107690,2025-02-15,West Bengal,West Bengal City 3,4G,Prepaid,3.9,1,433,3.91,40
AIR107691,2025-03-15,Gujarat,Gujarat City 1,4G,Postpaid,0.5,16.4,350,4.22,44
AIR107692,2025-04-15,Rajasthan,Rajasthan City 2,5G,Prepaid,0.6,31.07,732,3.22,-6
AIR107693,2025-05-15,Delhi,Delhi City 3,4G,Postpaid,2.6,18.8,231,3.75,23
AIR107694,2025-06-15,Karnataka,Karnataka City 2,5G,Postpaid,2.9,25.53,532,3.6,12
AIR107695,2025-07-15,Karnataka,Karnataka City 3,5G,Postpaid,4.1,24.27,254,3.17,11
AIR107696,2025-08-15,Kerala,Kerala City 2,5G,Prepaid,1.1,22.19,123,3.5,17
AIR107697,2025-09-15,Uttar Pradesh,Uttar Pradesh City 3,5G,Prepaid,6.1,40.72,536,3.91,32
AIR107698,2025-10-15,Rajasthan,Rajasthan City 3,4G,Postpaid,4.9,23.11,226,3.55,26
AIR107699,2025-11-15,Maharashtra,Maharashtra City 1,4G,Postpaid,6.6,20.81,529,3.37,7
AIR107700,2025-12-15,West Bengal,West Bengal City 2,4G,Prepaid,1.2,24.46,363,4.21,37
AIR107701,2025-02-15,Delhi,Delhi City 2,5G,Prepaid,3.5,32.53,503,3.98,34
AIR107702,2025-03-15,Gujarat,Gujarat City 2,4G,Broadband,4.6,21.91,752,3.63,23
AIR107703,2025-04-15,Uttar Pradesh,Uttar Pradesh City 2,4G,Broadband,0.9,29.18,980,2.92,-4
AIR107704,2025-05-15,Gujarat,Gujarat City 2,5G,Postpaid,4.9,27.66,480,3.66,11
AIR107705,2025-06-15,Maharashtra,Maharashtra City 1,5G,Prepaid,4.3,21.37,393,4.18,33
AIR107706,2025-07-15,Kerala,Kerala City 3,5G,Prepaid,6.2,31.28,489,3.71,25
AIR107707,2025-08-15,Maharashtra,Maharashtra City 1,4G,Prepaid,3.1,24.91,556,3.38,17
AIR107708,2025-09-15,Tamil Nadu,Tamil Nadu City 2,4G,Prepaid,3,27.97,318,3.98,36
AIR107709,2025-10-15,Telangana,Telangana City 2,4G,Postpaid,6.5,21.77,740,3.76,26
AIR107710,2025-11-15,Delhi,Delhi City 3,4G,Postpaid,4,19.43,400,3.57,7
AIR107711,2025-12-15,Telangana,Telangana City 1,5G,Prepaid,6.3,33.25,617,3.67,28
AIR107712,2025-02-15,Maharashtra,Maharashtra City 3,4G,Broadband,2.6,13.13,529,3.72,28
AIR107713,2025-03-15,Kerala,Kerala City 3,4G,Postpaid,2.5,1,489,3.35,-1
AIR107714,2025-04-15,Kerala,Kerala City 1,5G,Postpaid,5.2,29.11,347,4.04,40
AIR107715,2025-05-15,Karnataka,Karnataka City 3,4G,Enterprise,4.7,15.43,608,3.85,27
AIR107716,2025-06-15,Uttar Pradesh,Uttar Pradesh City 1,5G,Postpaid,0.5,21.14,259,3.89,15
AIR107717,2025-07-15,Karnataka,Karnataka City 1,5G,Broadband,2.9,28.75,223,4.37,61
AIR107718,2025-08-15,Delhi,Delhi City 2,5G,Prepaid,5.1,50.37,109,4.55,63
AIR107719,2025-09-15,Delhi,Delhi City 3,4G,Prepaid,1.7,21.06,388,3.51,8
AIR107720,2025-10-15,Delhi,Delhi City 2,4G,Postpaid,6.7,19.49,415,3.88,39
AIR107721,2025-11-15,Gujarat,Gujarat City 3,5G,Postpaid,5.4,5.32,522,3.48,29
AIR107722,2025-12-15,Karnataka,Karnataka City 3,5G,Prepaid,3.3,41.83,522,4,36
AIR107723,2025-02-15,Gujarat,Gujarat City 2,4G,Postpaid,1.3,4.16,357,4,34
AIR107724,2025-03-15,Telangana,Telangana City 2,4G,Prepaid,0.3,25.94,220,3.7,56
AIR107725,2025-04-15,Uttar Pradesh,Uttar Pradesh City 2,4G,Postpaid,2.7,24.91,887,3.9,39
AIR107726,2025-05-15,Maharashtra,Maharashtra City 1,5G,Postpaid,1,12.03,235,4,35
AIR107727,2025-06-15,West Bengal,West Bengal City 3,4G,Postpaid,3.9,16.22,829,2.43,-18
AIR107728,2025-07-15,Karnataka,Karnataka City 1,4G,Postpaid,5.9,19.89,414,3.83,21
AIR107729,2025-08-15,West Bengal,West Bengal City 3,4G,Enterprise,4.9,27.32,293,3.3,8
AIR107730,2025-09-15,Kerala,Kerala City 3,4G,Prepaid,6.2,15.61,578,3.69,12
AIR107731,2025-10-15,Karnataka,Karnataka City 1,5G,Enterprise,1.8,40.61,350,3.87,39
AIR107732,2025-11-15,Telangana,Telangana City 1,4G,Prepaid,2,8.02,54,2.93,-4
AIR107733,2025-12-15,Karnataka,Karnataka City 3,4G,Postpaid,3,32.09,450,3.34,20
AIR107734,2025-02-15,Gujarat,Gujarat City 2,4G,Postpaid,4.8,23.68,394,3.53,16
AIR107735,2025-03-15,Uttar Pradesh,Uttar Pradesh City 2,4G,Broadband,2.4,25.41,417,3.44,8
AIR107736,2025-04-15,Maharashtra,Maharashtra City 2,4G,Postpaid,5.3,11.2,595,3.27,16
AIR107737,2025-05-15,Rajasthan,Rajasthan City 2,4G,Broadband,3.5,3.09,379,4.08,16
AIR107738,2025-06-15,Maharashtra,Maharashtra City 3,4G,Prepaid,5,16.57,568,3.94,21
AIR107739,2025-07-15,Maharashtra,Maharashtra City 2,5G,Broadband,1.7,7.6,579,4,38
AIR107740,2025-08-15,Kerala,Kerala City 2,4G,Prepaid,5.7,18.53,466,3.65,-6
AIR107741,2025-09-15,Telangana,Telangana City 2,5G,Prepaid,2.5,47.16,308,3.7,36
AIR107742,2025-10-15,West Bengal,West Bengal City 3,4G,Prepaid,4.2,15.37,655,3.37,24
AIR107743,2025-11-15,Telangana,Telangana City 1,4G,Postpaid,6.1,16.47,152,3.8,31
AIR107744,2025-12-15,Rajasthan,Rajasthan City 2,4G,Postpaid,1.7,29.07,524,2.97,-3
AIR107745,2025-02-15,Kerala,Kerala City 3,4G,Prepaid,2.5,23.12,125,3.93,38
AIR107746,2025-03-15,Uttar Pradesh,Uttar Pradesh City 3,4G,Prepaid,5.2,10.52,198,3.77,33
AIR107747,2025-04-15,Maharashtra,Maharashtra City 2,4G,Postpaid,1.9,15.31,674,3.47,-1
AIR107748,2025-05-15,Gujarat,Gujarat City 1,4G,Enterprise,2.6,30.75,537,3.84,36
AIR107749,2025-06-15,Kerala,Kerala City 1,4G,Postpaid,4.7,21.5,524,2.88,-12
AIR107750,2025-07-15,Delhi,Delhi City 1,4G,Postpaid,2.3,4.87,633,3.46,14
AIR107751,2025-08-15,Karnataka,Karnataka City 3,4G,Postpaid,1.4,7.37,455,3.69,22
AIR107752,2025-09-15,Telangana,Telangana City 2,4G,Postpaid,2.6,28.11,288,3.5,34
AIR107753,2025-10-15,Kerala,Kerala City 2,5G,Enterprise,3.4,32.89,276,3.79,26
AIR107754,2025-11-15,Delhi,Delhi City 3,4G,Postpaid,5.2,22.66,644,3.73,26
AIR107755,2025-12-15,West Bengal,West Bengal City 2,5G,Prepaid,2,33.76,597,3.82,19
AIR107756,2025-02-15,Rajasthan,Rajasthan City 2,4G,Broadband,4.6,20.11,619,4.07,31
AIR107757,2025-03-15,Rajasthan,Rajasthan City 1,5G,Enterprise,0.7,61.34,622,3.4,2
AIR107758,2025-04-15,Maharashtra,Maharashtra City 2,4G,Prepaid,5.2,27.48,320,3.15,-4
AIR107759,2025-05-15,Maharashtra,Maharashtra City 2,5G,Postpaid,2,1,407,3.56,3
AIR107760,2025-06-15,Kerala,Kerala City 3,4G,Postpaid,5.4,19.12,438,3.81,30
AIR107761,2025-07-15,Kerala,Kerala City 3,4G,Postpaid,2.4,28.45,372,3.31,12
AIR107762,2025-08-15,Uttar Pradesh,Uttar Pradesh City 1,4G,Prepaid,0.9,37.27,385,3.17,21
AIR107763,2025-09-15,Karnataka,Karnataka City 3,4G,Postpaid,4.8,20.6,492,3.76,2
AIR107764,2025-10-15,Tamil Nadu,Tamil Nadu City 1,5G,Prepaid,6.4,51.33,228,3.62,12
AIR107765,2025-11-15,West Bengal,West Bengal City 1,4G,Prepaid,6.2,19.42,364,3.38,12
AIR107766,2025-12-15,Maharashtra,Maharashtra City 2,4G,Enterprise,1.4,29.42,233,3.29,4
AIR107767,2025-02-15,Tamil Nadu,Tamil Nadu City 1,4G,Postpaid,1.3,30.77,352,3.92,29
AIR107768,2025-03-15,Tamil Nadu,Tamil Nadu City 2,4G,Broadband,2.5,33.12,400,3.1,10
AIR107769,2025-04-15,Karnataka,Karnataka City 1,4G,Broadband,4.5,15.38,570,3.2,12
AIR107770,2025-05-15,Gujarat,Gujarat City 3,4G,Postpaid,2.8,28.75,551,3.54,10
AIR107771,2025-06-15,Gujarat,Gujarat City 3,4G,Broadband,6,13.26,543,3.05,10
AIR107772,2025-07-15,Maharashtra,Maharashtra City 3,4G,Prepaid,4.9,13.95,667,4.56,50
AIR107773,2025-08-15,Delhi,Delhi City 1,4G,Postpaid,1.4,6.36,239,3.77,40
AIR107774,2025-09-15,Karnataka,Karnataka City 1,4G,Postpaid,4,16.85,630,3.69,20
AIR107775,2025-10-15,Karnataka,Karnataka City 2,4G,Postpaid,3.3,27.72,20,2.5,-9
AIR107776,2025-11-15,Telangana,Telangana City 2,4G,Prepaid,6.1,17.48,403,3.62,42
AIR107777,2025-12-15,Tamil Nadu,Tamil Nadu City 2,4G,Prepaid,6.8,17.92,542,3.72,11
AIR107778,2025-02-15,Telangana,Telangana City 2,5G,Prepaid,4.4,44.55,361,3.52,21
AIR107779,2025-03-15,Tamil Nadu,Tamil Nadu City 1,5G,Postpaid,1.3,22.05,272,3.7,27
AIR107780,2025-04-15,Gujarat,Gujarat City 1,5G,Enterprise,2,32.74,701,3.73,29
AIR107781,2025-05-15,Maharashtra,Maharashtra City 2,4G,Enterprise,1.7,29.93,675,3.36,13
AIR107782,2025-06-15,West Bengal,West Bengal City 1,5G,Prepaid,1.8,24.35,431,3.72,36
AIR107783,2025-07-15,Gujarat,Gujarat City 1,4G,Prepaid,2.9,23.82,496,3.48,21
AIR107784,2025-08-15,Karnataka,Karnataka City 1,4G,Prepaid,4.8,17.35,440,3.14,9
AIR107785,2025-09-15,West Bengal,West Bengal City 1,4G,Prepaid,4.4,24.2,145,3.71,15
AIR107786,2025-10-15,Kerala,Kerala City 2,5G,Broadband,4,28.3,505,4.39,61
AIR107787,2025-11-15,West Bengal,West Bengal City 2,5G,Broadband,4.9,30.58,135,3.88,35
AIR107788,2025-12-15,West Bengal,West Bengal City 1,4G,Prepaid,5.9,14.57,207,3.51,16
AIR107789,2025-02-15,Gujarat,Gujarat City 3,4G,Prepaid,3.5,10.43,114,3.53,26
AIR107790,2025-03-15,Karnataka,Karnataka City 2,5G,Prepaid,4.9,49.19,285,3.92,49
AIR107791,2025-04-15,West Bengal,West Bengal City 2,5G,Prepaid,5.9,27.41,475,3.82,36
AIR107792,2025-05-15,Gujarat,Gujarat City 3,5G,Broadband,4.3,58.62,473,4.37,45
AIR107793,2025-06-15,Gujarat,Gujarat City 2,4G,Postpaid,0.4,20.05,505,3.46,6
AIR107794,2025-07-15,West Bengal,West Bengal City 3,4G,Postpaid,4.2,11.25,317,3.35,8
AIR107795,2025-08-15,Tamil Nadu,Tamil Nadu City 3,4G,Postpaid,4.5,23.69,190,3.41,20
AIR107796,2025-09-15,Karnataka,Karnataka City 1,5G,Prepaid,5.1,60.16,313,4.15,31
AIR107797,2025-10-15,Rajasthan,Rajasthan City 2,5G,Prepaid,2.4,36.04,40,3.99,38
AIR107798,2025-11-15,West Bengal,West Bengal City 3,4G,Prepaid,2.9,28.68,392,3.52,26
AIR107799,2025-12-15,Telangana,Telangana City 1,4G,Postpaid,3,20.61,416,3.27,15
AIR107800,2025-02-15,Telangana,Telangana City 2,5G,Broadband,2.5,22.78,516,3.83,27
AIR107801,2025-03-15,Kerala,Kerala City 1,4G,Postpaid,2.6,14.26,754,3.15,14
AIR107802,2025-04-15,Karnataka,Karnataka City 1,5G,Prepaid,4.1,35.41,593,3.54,22
AIR107803,2025-05-15,Gujarat,Gujarat City 3,4G,Postpaid,4.8,28.58,319,3.38,11
AIR107804,2025-06-15,Uttar Pradesh,Uttar Pradesh City 2,5G,Prepaid,4.8,53.23,326,3.74,15
AIR107805,2025-07-15,Maharashtra,Maharashtra City 1,5G,Prepaid,0.9,26.74,314,2.89,1
AIR107806,2025-08-15,Delhi,Delhi City 3,4G,Prepaid,6.5,18.8,352,3.27,33
AIR107807,2025-09-15,Uttar Pradesh,Uttar Pradesh City 3,5G,Postpaid,3,33.78,581,3.58,15
AIR107808,2025-10-15,Karnataka,Karnataka City 1,4G,Broadband,6.4,22.17,670,4.85,56
AIR107809,2025-11-15,Karnataka,Karnataka City 1,5G,Postpaid,2.6,38.74,219,3.47,6
AIR107810,2025-12-15,West Bengal,West Bengal City 3,5G,Prepaid,3.6,22.81,375,3.99,25
AIR107811,2025-02-15,West Bengal,West Bengal City 1,4G,Prepaid,4.1,8.5,476,4.72,67
AIR107812,2025-03-15,Uttar Pradesh,Uttar Pradesh City 1,4G,Prepaid,2.6,11.51,249,3.68,19
AIR107813,2025-04-15,Gujarat,Gujarat City 2,4G,Prepaid,3.3,12.04,335,3.58,5
AIR107814,2025-05-15,Kerala,Kerala City 3,5G,Prepaid,5.7,42.06,303,3.74,36
AIR107815,2025-06-15,West Bengal,West Bengal City 1,5G,Postpaid,5.8,16.76,749,4.42,47
AIR107816,2025-07-15,Delhi,Delhi City 3,4G,Prepaid,5.3,23.9,190,4.5,43
AIR107817,2025-08-15,Delhi,Delhi City 2,5G,Broadband,2.1,36.24,473,4.43,43
AIR107818,2025-09-15,Kerala,Kerala City 3,4G,Postpaid,5.9,31.42,759,3.79,24
AIR107819,2025-10-15,Tamil Nadu,Tamil Nadu City 3,4G,Prepaid,4.2,4.21,159,3.98,38
AIR107820,2025-11-15,Tamil Nadu,Tamil Nadu City 3,4G,Prepaid,2.4,9.76,703,3.72,35
AIR107821,2025-12-15,Karnataka,Karnataka City 2,4G,Postpaid,3.3,17.49,378,3.47,37
AIR107822,2025-02-15,West Bengal,West Bengal City 2,4G,Postpaid,5.1,1,309,3.61,10
AIR107823,2025-03-15,Telangana,Telangana City 3,5G,Prepaid,2.3,43.03,81,3.56,21
AIR107824,2025-04-15,Uttar Pradesh,Uttar Pradesh City 3,4G,Broadband,2.9,16.23,51,4.15,27
AIR107825,2025-05-15,Rajasthan,Rajasthan City 2,5G,Prepaid,5.1,47.36,377,3.41,26
AIR107826,2025-06-15,Kerala,Kerala City 1,4G,Broadband,1.6,6.04,165,2.84,-16
AIR107827,2025-07-15,Karnataka,Karnataka City 2,4G,Prepaid,2.9,22.32,370,3.7,29
AIR107828,2025-08-15,Telangana,Telangana City 3,4G,Postpaid,5.7,14.64,554,3.47,7
AIR107829,2025-09-15,West Bengal,West Bengal City 1,5G,Postpaid,4.5,40.21,388,4.15,48
AIR107830,2025-10-15,Telangana,Telangana City 1,5G,Postpaid,1.4,38.93,579,3.96,28
AIR107831,2025-11-15,Telangana,Telangana City 1,5G,Prepaid,4.9,38.52,290,4.36,45
AIR107832,2025-12-15,Kerala,Kerala City 2,5G,Prepaid,2.9,12.92,243,3.39,12
AIR107833,2025-02-15,Karnataka,Karnataka City 2,4G,Postpaid,4.6,4.87,492,3.35,7
AIR107834,2025-03-15,Gujarat,Gujarat City 2,4G,Broadband,1.7,29.35,488,4.34,35
AIR107835,2025-04-15,Delhi,Delhi City 2,5G,Postpaid,4,49.28,394,4.19,41
AIR107836,2025-05-15,Uttar Pradesh,Uttar Pradesh City 3,5G,Prepaid,1.7,42.42,491,4.08,40
AIR107837,2025-06-15,Karnataka,Karnataka City 1,4G,Prepaid,5,19.67,458,3.44,29
AIR107838,2025-07-15,Rajasthan,Rajasthan City 3,5G,Postpaid,3.5,16.41,381,3.84,35
AIR107839,2025-08-15,Telangana,Telangana City 2,5G,Prepaid,2.7,35.88,303,3.61,26
AIR107840,2025-09-15,Gujarat,Gujarat City 2,5G,Prepaid,3.5,47.54,423,3.97,52
AIR107841,2025-10-15,Kerala,Kerala City 3,5G,Postpaid,4.5,28.17,501,3.6,27
AIR107842,2025-11-15,Maharashtra,Maharashtra City 1,4G,Postpaid,6.8,28.05,36,3.78,17
AIR107843,2025-12-15,Uttar Pradesh,Uttar Pradesh City 1,4G,Prepaid,1.4,14.69,413,4.15,30
AIR107844,2025-02-15,Uttar Pradesh,Uttar Pradesh City 2,4G,Prepaid,1.3,16.1,493,3.1,8
AIR107845,2025-03-15,Delhi,Delhi City 2,4G,Postpaid,1.3,19.78,543,2.9,2
AIR107846,2025-04-15,Maharashtra,Maharashtra City 2,5G,Prepaid,5.7,51.19,371,4.1,58
AIR107847,2025-05-15,West Bengal,West Bengal City 2,4G,Broadband,3.7,1,608,2.7,-11
AIR107848,2025-06-15,Maharashtra,Maharashtra City 1,4G,Prepaid,1.4,17.01,422,3.56,44
AIR107849,2025-07-15,Telangana,Telangana City 3,4G,Prepaid,3,16.5,345,4.35,31
AIR107850,2025-08-15,Telangana,Telangana City 1,5G,Postpaid,2.5,40.97,382,4.04,38
AIR107851,2025-09-15,Telangana,Telangana City 3,4G,Postpaid,4.5,28.2,387,3.29,6
AIR107852,2025-10-15,Telangana,Telangana City 2,4G,Prepaid,5.2,19.58,560,3.98,55
AIR107853,2025-11-15,Karnataka,Karnataka City 2,4G,Prepaid,1.2,26.95,257,3.14,9
AIR107854,2025-12-15,Uttar Pradesh,Uttar Pradesh City 3,4G,Prepaid,4.5,26.52,635,3.78,30
AIR107855,2025-02-15,Maharashtra,Maharashtra City 2,5G,Postpaid,3.8,24.13,500,3.92,56
AIR107856,2025-03-15,Uttar Pradesh,Uttar Pradesh City 1,5G,Prepaid,5.3,30.42,407,3.2,10
AIR107857,2025-04-15,Rajasthan,Rajasthan City 2,4G,Postpaid,5.8,1,390,3.13,16
AIR107858,2025-05-15,Maharashtra,Maharashtra City 2,5G,Postpaid,4.8,33.7,406,3.89,35
AIR107859,2025-06-15,Karnataka,Karnataka City 2,4G,Postpaid,0.9,29.64,281,3.44,-1
AIR107860,2025-07-15,Rajasthan,Rajasthan City 2,5G,Postpaid,1.7,60.75,561,4.06,47
AIR107861,2025-08-15,Uttar Pradesh,Uttar Pradesh City 1,4G,Postpaid,1,20.91,655,3.45,24
AIR107862,2025-09-15,Rajasthan,Rajasthan City 3,5G,Prepaid,2.3,25.59,339,3.73,0
AIR107863,2025-10-15,Delhi,Delhi City 2,4G,Prepaid,5.2,27.31,134,3.37,-10
AIR107864,2025-11-15,Rajasthan,Rajasthan City 2,4G,Prepaid,5,2.87,329,3.25,18
AIR107865,2025-12-15,Maharashtra,Maharashtra City 1,4G,Postpaid,5.9,22.15,588,3.18,5
AIR107866,2025-02-15,Telangana,Telangana City 1,4G,Postpaid,4.2,33.29,527,4.29,59
AIR107867,2025-03-15,Telangana,Telangana City 1,5G,Prepaid,3.2,47.9,513,4.06,17
AIR107868,2025-04-15,West Bengal,West Bengal City 2,4G,Broadband,3.2,17.49,618,3.42,27
AIR107869,2025-05-15,Uttar Pradesh,Uttar Pradesh City 3,4G,Postpaid,5.4,12.74,359,2.97,2
AIR107870,2025-06-15,Delhi,Delhi City 1,5G,Postpaid,2,9.86,312,3.81,26
AIR107871,2025-07-15,Maharashtra,Maharashtra City 1,4G,Prepaid,2.3,16.72,158,3.53,36
AIR107872,2025-08-15,Maharashtra,Maharashtra City 1,5G,Prepaid,2.1,30.93,351,3.4,22
AIR107873,2025-09-15,Kerala,Kerala City 3,4G,Postpaid,5.3,7.6,417,3.03,-17
AIR107874,2025-10-15,Tamil Nadu,Tamil Nadu City 2,4G,Prepaid,1.1,16.63,95,2.93,0
AIR107875,2025-11-15,Uttar Pradesh,Uttar Pradesh City 2,5G,Postpaid,6.7,30.71,637,4,35
AIR107876,2025-12-15,Maharashtra,Maharashtra City 2,4G,Enterprise,3.9,1,666,3.87,34
AIR107877,2025-02-15,Gujarat,Gujarat City 1,4G,Postpaid,1.6,7.42,480,3.12,16
AIR107878,2025-03-15,Maharashtra,Maharashtra City 2,5G,Postpaid,2,37.08,260,4.1,30
AIR107879,2025-04-15,Kerala,Kerala City 1,4G,Postpaid,1.8,1,556,3.36,8
AIR107880,2025-05-15,Rajasthan,Rajasthan City 3,5G,Prepaid,5.1,48.99,433,3.69,20
AIR107881,2025-06-15,Karnataka,Karnataka City 3,5G,Enterprise,1.8,26.44,633,4.29,48
AIR107882,2025-07-15,Karnataka,Karnataka City 2,4G,Broadband,5.6,17.37,452,3.54,8
AIR107883,2025-08-15,Gujarat,Gujarat City 1,5G,Postpaid,0.7,54.88,759,3.5,9
AIR107884,2025-09-15,Gujarat,Gujarat City 1,4G,Prepaid,3.8,7.81,653,3.09,10
AIR107885,2025-10-15,West Bengal,West Bengal City 2,4G,Prepaid,5.2,7.45,484,2.26,-18
AIR107886,2025-11-15,Karnataka,Karnataka City 3,5G,Prepaid,2.4,44.55,653,3.42,-6
AIR107887,2025-12-15,Rajasthan,Rajasthan City 3,5G,Postpaid,3.9,6.36,364,3.03,-11
AIR107888,2025-02-15,Karnataka,Karnataka City 3,5G,Prepaid,0.7,23.99,442,3.87,19
AIR107889,2025-03-15,Tamil Nadu,Tamil Nadu City 3,5G,Postpaid,3.8,38.86,959,4.05,33
AIR107890,2025-04-15,Uttar Pradesh,Uttar Pradesh City 3,4G,Postpaid,0.7,7.1,20,3.85,35
AIR107891,2025-05-15,Karnataka,Karnataka City 2,4G,Prepaid,1.4,11.23,270,2.66,-1
AIR107892,2025-06-15,Telangana,Telangana City 2,4G,Postpaid,0.6,20.57,769,3.88,47
AIR107893,2025-07-15,West Bengal,West Bengal City 2,4G,Prepaid,6.3,11.59,210,3.99,48
AIR107894,2025-08-15,Kerala,Kerala City 3,4G,Broadband,4.4,30.49,520,3.4,-8
AIR107895,2025-09-15,Gujarat,Gujarat City 3,5G,Prepaid,5.7,41.07,405,4.04,26
AIR107896,2025-10-15,Tamil Nadu,Tamil Nadu City 2,4G,Prepaid,4.4,12.27,387,3.06,30
AIR107897,2025-11-15,Gujarat,Gujarat City 2,5G,Prepaid,5.2,39.31,350,3.37,1
AIR107898,2025-12-15,West Bengal,West Bengal City 3,5G,Enterprise,1.8,36.45,683,2.95,3
AIR107899,2025-02-15,Maharashtra,Maharashtra City 1,4G,Postpaid,3.4,3.72,334,3.76,11
AIR107900,2025-03-15,Tamil Nadu,Tamil Nadu City 2,4G,Prepaid,3.2,29.8,487,3.9,32
AIR107901,2025-04-15,Delhi,Delhi City 3,4G,Prepaid,5.2,26.91,324,2.77,-17
AIR107902,2025-05-15,Tamil Nadu,Tamil Nadu City 3,4G,Postpaid,1.9,12.57,295,3.86,12
AIR107903,2025-06-15,West Bengal,West Bengal City 2,5G,Prepaid,2.2,45.57,382,3.45,24
AIR107904,2025-07-15,Kerala,Kerala City 1,4G,Enterprise,3.7,6.84,403,3.26,-13
AIR107905,2025-08-15,Tamil Nadu,Tamil Nadu City 3,5G,Enterprise,3.6,56.77,20,4.24,42
AIR107906,2025-09-15,West Bengal,West Bengal City 2,5G,Postpaid,1.1,32.55,449,3.42,5
AIR107907,2025-10-15,Rajasthan,Rajasthan City 3,4G,Enterprise,3.8,11.94,271,3.47,14
AIR107908,2025-11-15,Uttar Pradesh,Uttar Pradesh City 3,5G,Prepaid,4.3,1,169,3.75,13
AIR107909,2025-12-15,Karnataka,Karnataka City 3,4G,Prepaid,5.8,1,980,4.07,35
AIR107910,2025-02-15,Rajasthan,Rajasthan City 3,4G,Prepaid,0.6,2.49,493,3.49,20
AIR107911,2025-03-15,West Bengal,West Bengal City 1,4G,Prepaid,0.5,7.78,526,3.95,30
AIR107912,2025-04-15,Telangana,Telangana City 2,4G,Enterprise,2.8,1,330,2.71,-1
AIR107913,2025-05-15,Maharashtra,Maharashtra City 2,4G,Prepaid,3.9,18.46,347,4.11,51
AIR107914,2025-06-15,Karnataka,Karnataka City 2,5G,Broadband,0.6,39.2,437,4.1,46
AIR107915,2025-07-15,Telangana,Telangana City 2,4G,Postpaid,0.7,25.28,634,3.17,-2
AIR107916,2025-08-15,Kerala,Kerala City 2,4G,Prepaid,5.8,16.85,403,3.78,32
AIR107917,2025-09-15,Gujarat,Gujarat City 1,4G,Prepaid,4.7,25.07,260,4.36,40
AIR107918,2025-10-15,Delhi,Delhi City 3,4G,Prepaid,1.9,13.21,702,2.61,-24
AIR107919,2025-11-15,Karnataka,Karnataka City 3,4G,Prepaid,6,8.95,496,2.8,-16
AIR107920,2025-12-15,Rajasthan,Rajasthan City 2,5G,Postpaid,1.5,35.8,425,3.4,16
AIR107921,2025-02-15,Maharashtra,Maharashtra City 3,4G,Postpaid,0.7,1,118,3.17,25
AIR107922,2025-03-15,Telangana,Telangana City 3,4G,Postpaid,4.6,1.05,396,4.04,29
AIR107923,2025-04-15,West Bengal,West Bengal City 3,4G,Postpaid,1,8.44,571,3.97,16
AIR107924,2025-05-15,Karnataka,Karnataka City 2,5G,Prepaid,4.8,35.56,585,3.22,-4
AIR107925,2025-06-15,Gujarat,Gujarat City 2,4G,Prepaid,0.6,20.72,439,3.67,14
AIR107926,2025-07-15,West Bengal,West Bengal City 1,5G,Broadband,1.9,38.51,366,3.85,29
AIR107927,2025-08-15,Telangana,Telangana City 2,4G,Prepaid,4.2,31.62,290,3.8,24
AIR107928,2025-09-15,Maharashtra,Maharashtra City 1,4G,Prepaid,2.2,31.9,771,3.39,-8
AIR107929,2025-10-15,Tamil Nadu,Tamil Nadu City 2,4G,Postpaid,3.2,19.26,477,3.5,21
AIR107930,2025-11-15,Gujarat,Gujarat City 3,4G,Broadband,2,1,639,2.94,3
AIR107931,2025-12-15,West Bengal,West Bengal City 1,4G,Broadband,3.2,1,591,2.98,1
AIR107932,2025-02-15,Gujarat,Gujarat City 1,5G,Prepaid,3.5,62.78,380,4,39
AIR107933,2025-03-15,Kerala,Kerala City 1,4G,Postpaid,1,19.51,576,3.02,12
AIR107934,2025-04-15,West Bengal,West Bengal City 2,5G,Prepaid,2.3,32.59,769,4.53,54
AIR107935,2025-05-15,Karnataka,Karnataka City 1,4G,Enterprise,0.7,26.81,282,3.27,-3
AIR107936,2025-06-15,Tamil Nadu,Tamil Nadu City 2,4G,Prepaid,1.4,10.31,339,3.59,2
AIR107937,2025-07-15,Tamil Nadu,Tamil Nadu City 1,4G,Prepaid,0.9,25.17,672,3.64,27
AIR107938,2025-08-15,Delhi,Delhi City 2,4G,Broadband,3,34.07,472,3.81,30
AIR107939,2025-09-15,Gujarat,Gujarat City 1,5G,Enterprise,6.5,22.45,504,3.19,9
AIR107940,2025-10-15,Rajasthan,Rajasthan City 3,5G,Postpaid,4,11,400,3.31,8
AIR107941,2025-11-15,Tamil Nadu,Tamil Nadu City 3,5G,Prepaid,1.3,24.92,277,3.95,31
AIR107942,2025-12-15,Tamil Nadu,Tamil Nadu City 1,4G,Postpaid,1.5,15.87,171,3.22,29
AIR107943,2025-02-15,Kerala,Kerala City 2,4G,Broadband,0.9,18.4,209,3.82,13
AIR107944,2025-03-15,Uttar Pradesh,Uttar Pradesh City 2,5G,Postpaid,1.3,30.77,487,4.39,44
AIR107945,2025-04-15,Kerala,Kerala City 2,4G,Prepaid,1.1,25.24,599,3.29,-4
AIR107946,2025-05-15,Kerala,Kerala City 3,5G,Prepaid,1.5,42.05,380,4.31,51
AIR107947,2025-06-15,Uttar Pradesh,Uttar Pradesh City 3,4G,Broadband,3.6,38.06,20,3.37,10
AIR107948,2025-07-15,Gujarat,Gujarat City 3,5G,Postpaid,0.7,45.24,493,3.17,6
AIR107949,2025-08-15,West Bengal,West Bengal City 2,5G,Postpaid,4.2,17.04,822,3.7,33
AIR107950,2025-09-15,Maharashtra,Maharashtra City 2,5G,Prepaid,6.3,24.5,478,3.75,38
AIR107951,2025-10-15,Rajasthan,Rajasthan City 2,4G,Postpaid,3.9,1,397,3.47,3
AIR107952,2025-11-15,Tamil Nadu,Tamil Nadu City 1,4G,Enterprise,4.2,4.67,179,2.74,-25
AIR107953,2025-12-15,Delhi,Delhi City 1,4G,Prepaid,2.4,13.04,411,2.72,-15
AIR107954,2025-02-15,Rajasthan,Rajasthan City 1,5G,Postpaid,3.2,37.28,446,3.63,24
AIR107955,2025-03-15,West Bengal,West Bengal City 3,5G,Prepaid,1.4,45.53,540,3.84,32
AIR107956,2025-04-15,Uttar Pradesh,Uttar Pradesh City 3,4G,Prepaid,2.4,34.82,20,3.8,28
AIR107957,2025-05-15,Rajasthan,Rajasthan City 2,4G,Postpaid,3,15.88,461,3.69,19
AIR107958,2025-06-15,Tamil Nadu,Tamil Nadu City 1,4G,Broadband,2.6,25.2,382,3.25,-4
AIR107959,2025-07-15,Rajasthan,Rajasthan City 2,5G,Postpaid,3.7,56.46,964,3.28,16
AIR107960,2025-08-15,Maharashtra,Maharashtra City 1,4G,Prepaid,4.2,39.64,265,3.4,42
AIR107961,2025-09-15,Uttar Pradesh,Uttar Pradesh City 1,4G,Prepaid,2.6,31.95,280,3.14,6
AIR107962,2025-10-15,Rajasthan,Rajasthan City 2,4G,Broadband,5.9,19.81,334,3.81,24
AIR107963,2025-11-15,Tamil Nadu,Tamil Nadu City 2,4G,Prepaid,6.7,13.76,556,3.36,11
AIR107964,2025-12-15,Tamil Nadu,Tamil Nadu City 1,5G,Broadband,5.3,20.7,451,3.7,16
AIR107965,2025-02-15,Rajasthan,Rajasthan City 1,4G,Prepaid,2.2,1,293,3.57,36
AIR107966,2025-03-15,Gujarat,Gujarat City 3,4G,Broadband,2.4,29.39,641,2.94,14
AIR107967,2025-04-15,Delhi,Delhi City 2,4G,Broadband,5.3,23.78,69,3.57,27
AIR107968,2025-05-15,Telangana,Telangana City 2,4G,Prepaid,2.5,31.5,285,3.52,31
AIR107969,2025-06-15,Kerala,Kerala City 2,4G,Postpaid,5.4,9.06,334,3.23,-7
AIR107970,2025-07-15,Uttar Pradesh,Uttar Pradesh City 2,4G,Prepaid,3.2,10.99,330,3.4,20
AIR107971,2025-08-15,Telangana,Telangana City 1,5G,Prepaid,3,22.77,452,4.17,43
AIR107972,2025-09-15,West Bengal,West Bengal City 3,4G,Postpaid,0.9,14.56,265,3.54,18
AIR107973,2025-10-15,West Bengal,West Bengal City 2,5G,Postpaid,6.3,20.79,539,3.72,28
AIR107974,2025-11-15,Tamil Nadu,Tamil Nadu City 1,5G,Prepaid,6.2,55.18,773,4.17,64
AIR107975,2025-12-15,West Bengal,West Bengal City 1,5G,Postpaid,4.9,52.14,516,4.37,58
AIR107976,2025-02-15,Gujarat,Gujarat City 1,5G,Prepaid,0.4,43.22,564,4.24,36
AIR107977,2025-03-15,Delhi,Delhi City 1,4G,Prepaid,2.6,21.19,305,2.97,-4
AIR107978,2025-04-15,West Bengal,West Bengal City 1,4G,Postpaid,2.8,30.74,541,3.74,21
AIR107979,2025-05-15,Maharashtra,Maharashtra City 2,5G,Postpaid,2.9,41.61,587,4.17,41
AIR107980,2025-06-15,Delhi,Delhi City 2,4G,Postpaid,2.1,31.85,508,3.87,26
AIR107981,2025-07-15,Gujarat,Gujarat City 3,4G,Postpaid,5.6,17.57,473,3.27,7
AIR107982,2025-08-15,Telangana,Telangana City 2,4G,Broadband,5.1,15.48,428,4.19,40
AIR107983,2025-09-15,Delhi,Delhi City 1,4G,Postpaid,2.3,9.75,604,3.66,23
AIR107984,2025-10-15,Delhi,Delhi City 3,4G,Prepaid,6.7,28.05,363,3.02,-14
AIR107985,2025-11-15,Telangana,Telangana City 1,4G,Postpaid,6,26.25,612,4.03,29
AIR107986,2025-12-15,Gujarat,Gujarat City 1,4G,Postpaid,2.8,18.6,517,3.41,26
AIR107987,2025-02-15,West Bengal,West Bengal City 2,5G,Postpaid,0.4,49.27,706,3.81,32
AIR107988,2025-03-15,Tamil Nadu,Tamil Nadu City 1,4G,Postpaid,5.8,11.29,400,3.26,13
AIR107989,2025-04-15,Uttar Pradesh,Uttar Pradesh City 2,5G,Prepaid,4.2,34.45,344,4.66,48
AIR107990,2025-05-15,Telangana,Telangana City 1,4G,Prepaid,2,9.44,310,3.86,42
AIR107991,2025-06-15,Telangana,Telangana City 3,4G,Postpaid,2.5,14.52,225,3.67,40
AIR107992,2025-07-15,Telangana,Telangana City 1,4G,Prepaid,4.2,19.15,478,4.1,44
AIR107993,2025-08-15,Telangana,Telangana City 2,4G,Postpaid,6.1,22.55,535,4.2,39
AIR107994,2025-09-15,Uttar Pradesh,Uttar Pradesh City 1,4G,Postpaid,1.2,23.41,149,4.1,46
AIR107995,2025-10-15,Uttar Pradesh,Uttar Pradesh City 2,4G,Postpaid,3.4,17.24,543,3.94,22
AIR107996,2025-11-15,West Bengal,West Bengal City 2,5G,Postpaid,5.2,7.3,545,3.84,37
AIR107997,2025-12-15,Rajasthan,Rajasthan City 3,5G,Prepaid,3.9,29.54,424,3.79,26
AIR107998,2025-02-15,Rajasthan,Rajasthan City 2,4G,Enterprise,3.8,1,226,3.52,15
AIR107999,2025-03-15,Karnataka,Karnataka City 3,4G,Postpaid,4.7,23.17,272,3.53,23
AIR108000,2025-04-15,Telangana,Telangana City 3,4G,Prepaid,3,10.79,291,3.67,14
AIR108001,2025-05-15,Telangana,Telangana City 1,4G,Prepaid,2.8,15.63,194,2.93,-4
AIR108002,2025-06-15,Delhi,Delhi City 3,4G,Prepaid,4.4,5.5,363,4,27
AIR108003,2025-07-15,Rajasthan,Rajasthan City 2,5G,Postpaid,5,10.29,599,3.85,29
AIR108004,2025-08-15,West Bengal,West Bengal City 2,4G,Prepaid,2.9,22.09,328,3.12,9
AIR108005,2025-09-15,Tamil Nadu,Tamil Nadu City 3,5G,Prepaid,2.9,27.41,329,3.68,28
AIR108006,2025-10-15,Karnataka,Karnataka City 1,5G,Prepaid,3.3,24.87,210,4.35,55
AIR108007,2025-11-15,Karnataka,Karnataka City 3,5G,Postpaid,3.7,41.27,599,4.05,50
AIR108008,2025-12-15,West Bengal,West Bengal City 3,4G,Postpaid,4.7,22.08,314,3.35,-4
AIR108009,2025-02-15,Tamil Nadu,Tamil Nadu City 2,5G,Postpaid,0.8,32.44,387,3.76,41
AIR108010,2025-03-15,Delhi,Delhi City 1,5G,Broadband,2.8,19.14,246,3.37,16
AIR108011,2025-04-15,Uttar Pradesh,Uttar Pradesh City 1,4G,Prepaid,0.5,9.85,479,3.56,22
AIR108012,2025-05-15,Kerala,Kerala City 1,4G,Postpaid,1.6,22.13,379,4.32,51
AIR108013,2025-06-15,Rajasthan,Rajasthan City 1,5G,Prepaid,5.6,18.45,748,3.55,18
AIR108014,2025-07-15,Telangana,Telangana City 2,5G,Postpaid,3,27.62,288,3.63,28
AIR108015,2025-08-15,West Bengal,West Bengal City 1,4G,Postpaid,5.6,14.3,544,3.28,7
AIR108016,2025-09-15,Rajasthan,Rajasthan City 1,4G,Prepaid,3.4,13.49,529,3.35,9
AIR108017,2025-10-15,Telangana,Telangana City 1,4G,Prepaid,0.8,14.2,808,3.35,2
AIR108018,2025-11-15,Kerala,Kerala City 2,4G,Broadband,1.7,20.97,728,2.94,13
AIR108019,2025-12-15,Kerala,Kerala City 2,4G,Prepaid,1.3,16.5,321,4.06,38
AIR108020,2025-02-15,Uttar Pradesh,Uttar Pradesh City 1,4G,Prepaid,5.9,26.8,428,3.1,7
AIR108021,2025-03-15,Gujarat,Gujarat City 2,4G,Broadband,5.8,20.1,443,3.67,39
AIR108022,2025-04-15,Kerala,Kerala City 3,5G,Postpaid,0.9,29.44,192,2.99,-17
AIR108023,2025-05-15,Rajasthan,Rajasthan City 1,5G,Postpaid,3.7,38.19,603,3.4,25
AIR108024,2025-06-15,Maharashtra,Maharashtra City 2,4G,Broadband,4.2,1,243,3.11,7
AIR108025,2025-07-15,Maharashtra,Maharashtra City 1,5G,Prepaid,0.6,50.58,490,3.25,24
AIR108026,2025-08-15,Telangana,Telangana City 1,4G,Prepaid,1.7,22.8,227,4.19,26
AIR108027,2025-09-15,Telangana,Telangana City 2,4G,Postpaid,4.6,20.85,319,4.05,15
AIR108028,2025-10-15,Gujarat,Gujarat City 3,5G,Postpaid,3.6,33.16,491,3.48,20
AIR108029,2025-11-15,Maharashtra,Maharashtra City 1,4G,Prepaid,3.5,8.82,274,3.01,9
AIR108030,2025-12-15,Telangana,Telangana City 3,4G,Prepaid,5.8,18.1,523,3.37,2
AIR108031,2025-02-15,Kerala,Kerala City 2,4G,Prepaid,1.1,18.91,810,3.68,-6
AIR108032,2025-03-15,Telangana,Telangana City 1,4G,Broadband,0.8,4.71,592,3.13,2
AIR108033,2025-04-15,Karnataka,Karnataka City 2,5G,Prepaid,5.8,31.47,378,3.97,36
AIR108034,2025-05-15,Gujarat,Gujarat City 2,5G,Broadband,4.9,13.82,870,3.76,25
AIR108035,2025-06-15,West Bengal,West Bengal City 2,5G,Enterprise,6.1,1.34,657,4.05,45
AIR108036,2025-07-15,Tamil Nadu,Tamil Nadu City 2,5G,Postpaid,1.9,26.63,312,3.87,29
AIR108037,2025-08-15,Delhi,Delhi City 1,5G,Postpaid,4.5,65.7,471,3.55,31
AIR108038,2025-09-15,Tamil Nadu,Tamil Nadu City 3,5G,Prepaid,1.4,22.3,396,4,36
AIR108039,2025-10-15,Tamil Nadu,Tamil Nadu City 3,4G,Prepaid,3.1,20.22,434,2.83,1
AIR108040,2025-11-15,Uttar Pradesh,Uttar Pradesh City 1,5G,Postpaid,6.8,45.56,516,4.75,59
AIR108041,2025-12-15,West Bengal,West Bengal City 1,4G,Prepaid,6,30.27,340,3.59,5
AIR108042,2025-02-15,Telangana,Telangana City 3,5G,Prepaid,4.2,48.13,259,3.31,19
AIR108043,2025-03-15,Uttar Pradesh,Uttar Pradesh City 3,4G,Postpaid,4.4,9.84,433,4.2,39
AIR108044,2025-04-15,Tamil Nadu,Tamil Nadu City 1,5G,Postpaid,5.3,22.24,660,4.25,55
AIR108045,2025-05-15,Karnataka,Karnataka City 2,5G,Postpaid,3.9,35.1,378,3.86,11
AIR108046,2025-06-15,Delhi,Delhi City 1,5G,Prepaid,6.3,53.51,259,3.75,28
AIR108047,2025-07-15,Tamil Nadu,Tamil Nadu City 3,5G,Prepaid,0.8,47.82,135,3.76,17
AIR108048,2025-08-15,Maharashtra,Maharashtra City 2,4G,Postpaid,6,1,559,3.86,20
AIR108049,2025-09-15,West Bengal,West Bengal City 3,4G,Enterprise,5.5,11.43,409,3.33,16
AIR108050,2025-10-15,West Bengal,West Bengal City 2,4G,Broadband,5.3,12.71,384,3.14,6
AIR108051,2025-11-15,West Bengal,West Bengal City 3,4G,Prepaid,4,26.1,20,3.76,37
AIR108052,2025-12-15,Gujarat,Gujarat City 2,4G,Prepaid,3.1,16.48,627,3.1,15
AIR108053,2025-02-15,Gujarat,Gujarat City 1,4G,Broadband,3.9,21.65,20,3.59,9
AIR108054,2025-03-15,Kerala,Kerala City 1,4G,Prepaid,6.1,16.56,753,2.64,-23
AIR108055,2025-04-15,Rajasthan,Rajasthan City 2,5G,Prepaid,2.9,17.74,233,3.79,22
AIR108056,2025-05-15,Delhi,Delhi City 2,5G,Prepaid,1.6,33.93,706,3.88,16
AIR108057,2025-06-15,Uttar Pradesh,Uttar Pradesh City 1,4G,Postpaid,5.7,1,146,3.89,29
AIR108058,2025-07-15,Telangana,Telangana City 1,4G,Prepaid,2.4,13.55,610,2.71,-12
AIR108059,2025-08-15,Tamil Nadu,Tamil Nadu City 2,4G,Prepaid,3.2,23.27,439,3.14,10
AIR108060,2025-09-15,Rajasthan,Rajasthan City 2,4G,Postpaid,1,18.39,929,3.36,7
AIR108061,2025-10-15,Telangana,Telangana City 1,4G,Prepaid,4.9,12.65,104,4.04,41
AIR108062,2025-11-15,Uttar Pradesh,Uttar Pradesh City 3,4G,Postpaid,3,16.04,910,3.14,-5
AIR108063,2025-12-15,Rajasthan,Rajasthan City 1,4G,Postpaid,1.9,30.63,570,3.28,-20
AIR108064,2025-02-15,Telangana,Telangana City 2,4G,Postpaid,5.6,33.19,769,2.83,-14
AIR108065,2025-03-15,Karnataka,Karnataka City 2,4G,Prepaid,3.1,1,695,3.27,4
AIR108066,2025-04-15,Gujarat,Gujarat City 3,4G,Postpaid,3.4,6.65,708,2.97,1
AIR108067,2025-05-15,Uttar Pradesh,Uttar Pradesh City 1,5G,Prepaid,3.6,35.18,386,3.62,21
AIR108068,2025-06-15,Delhi,Delhi City 2,5G,Prepaid,2,13.44,652,4.21,60
AIR108069,2025-07-15,Maharashtra,Maharashtra City 1,4G,Postpaid,5.6,14.57,183,3.22,-11
AIR108070,2025-08-15,Karnataka,Karnataka City 2,4G,Postpaid,3.5,14.01,328,3.99,30
AIR108071,2025-09-15,Gujarat,Gujarat City 3,4G,Prepaid,5.2,23.98,496,2.76,-2
AIR108072,2025-10-15,West Bengal,West Bengal City 1,4G,Prepaid,6,13.56,629,3.8,28
AIR108073,2025-11-15,Gujarat,Gujarat City 1,4G,Prepaid,5,3.71,363,4.68,58
AIR108074,2025-12-15,Rajasthan,Rajasthan City 3,4G,Postpaid,4.9,9.97,468,3.63,29
AIR108075,2025-02-15,Kerala,Kerala City 2,4G,Postpaid,2.4,25.69,421,2.62,-23
AIR108076,2025-03-15,Karnataka,Karnataka City 2,4G,Postpaid,4.8,9.26,283,3.26,18
AIR108077,2025-04-15,West Bengal,West Bengal City 1,5G,Postpaid,6,21.45,401,4.38,51
AIR108078,2025-05-15,Rajasthan,Rajasthan City 3,4G,Broadband,3.8,4.62,439,3.55,18
AIR108079,2025-06-15,Uttar Pradesh,Uttar Pradesh City 1,4G,Prepaid,4.6,7.71,195,4.11,57
AIR108080,2025-07-15,Delhi,Delhi City 1,4G,Prepaid,2.2,21.76,890,3.66,17
AIR108081,2025-08-15,Gujarat,Gujarat City 2,4G,Broadband,4,22.54,314,3.31,-2
AIR108082,2025-09-15,Uttar Pradesh,Uttar Pradesh City 2,5G,Prepaid,1.3,46.68,480,4.37,48
AIR108083,2025-10-15,West Bengal,West Bengal City 2,4G,Postpaid,1.1,23.1,315,3.25,27
AIR108084,2025-11-15,Rajasthan,Rajasthan City 2,4G,Prepaid,1.9,6.91,510,3.44,9
AIR108085,2025-12-15,Kerala,Kerala City 2,4G,Broadband,1.4,32.15,591,3.53,29
AIR108086,2025-02-15,Gujarat,Gujarat City 3,4G,Prepaid,2.9,36.01,502,3.53,19
AIR108087,2025-03-15,Delhi,Delhi City 1,4G,Prepaid,5.2,3.36,369,3.81,13
AIR108088,2025-04-15,Kerala,Kerala City 3,4G,Postpaid,0.5,16.38,168,4.04,17
AIR108089,2025-05-15,Telangana,Telangana City 1,5G,Prepaid,2.8,48.57,262,3.83,23
AIR108090,2025-06-15,Rajasthan,Rajasthan City 2,4G,Broadband,4.8,29,525,3.41,12
AIR108091,2025-07-15,Uttar Pradesh,Uttar Pradesh City 3,4G,Prepaid,5.3,14.08,391,3.84,18
AIR108092,2025-08-15,Gujarat,Gujarat City 1,4G,Postpaid,4.1,4.63,527,2.67,-4
AIR108093,2025-09-15,Gujarat,Gujarat City 2,5G,Prepaid,2.5,20.66,363,3.94,16
AIR108094,2025-10-15,West Bengal,West Bengal City 2,5G,Broadband,4.6,22.52,283,3.22,3
AIR108095,2025-11-15,Delhi,Delhi City 3,5G,Broadband,3.8,45.53,369,3.58,19
AIR108096,2025-12-15,Maharashtra,Maharashtra City 3,5G,Postpaid,5.7,28.04,237,4.42,43
AIR108097,2025-02-15,Telangana,Telangana City 3,5G,Broadband,5.4,54,418,4.21,58
AIR108098,2025-03-15,Kerala,Kerala City 2,5G,Prepaid,2.9,31.38,275,3.22,-9
AIR108099,2025-04-15,Karnataka,Karnataka City 1,5G,Broadband,4.3,18.2,456,4.15,44
AIR108100,2025-05-15,Karnataka,Karnataka City 1,5G,Postpaid,1.7,21.25,419,4.09,39
AIR108101,2025-06-15,Gujarat,Gujarat City 3,4G,Broadband,1,19.25,643,3.18,2
AIR108102,2025-07-15,West Bengal,West Bengal City 1,4G,Postpaid,2.7,24.54,743,3.19,-8
AIR108103,2025-08-15,Tamil Nadu,Tamil Nadu City 2,5G,Prepaid,1.4,22.61,695,4.35,36
AIR108104,2025-09-15,Gujarat,Gujarat City 1,5G,Postpaid,6.3,33.1,213,4.07,39
AIR108105,2025-10-15,Karnataka,Karnataka City 2,5G,Prepaid,0.8,12.56,300,4.25,51
AIR108106,2025-11-15,Karnataka,Karnataka City 3,5G,Postpaid,5.5,67.77,290,3.61,16
AIR108107,2025-12-15,Telangana,Telangana City 1,5G,Prepaid,1.2,41.02,502,4.33,48
AIR108108,2025-02-15,Uttar Pradesh,Uttar Pradesh City 2,4G,Prepaid,0.1,33.06,730,3.72,28
AIR108109,2025-03-15,Tamil Nadu,Tamil Nadu City 3,4G,Enterprise,2.5,14.55,703,2.91,8
AIR108110,2025-04-15,Gujarat,Gujarat City 3,4G,Broadband,3.3,31.23,363,3.3,15
AIR108111,2025-05-15,Telangana,Telangana City 3,4G,Broadband,1.3,25.46,305,3.64,10
AIR108112,2025-06-15,West Bengal,West Bengal City 3,4G,Postpaid,4,24.87,501,3.24,11
AIR108113,2025-07-15,Telangana,Telangana City 1,4G,Postpaid,2.9,6.29,536,3.38,13
AIR108114,2025-08-15,Gujarat,Gujarat City 2,4G,Postpaid,1.9,18.87,99,3.43,16
AIR108115,2025-09-15,Rajasthan,Rajasthan City 1,5G,Prepaid,2,29.05,218,3.48,21
AIR108116,2025-10-15,Maharashtra,Maharashtra City 2,4G,Broadband,4.1,18.63,437,4.33,37
AIR108117,2025-11-15,Gujarat,Gujarat City 3,5G,Broadband,6.7,52.18,692,3.66,35
AIR108118,2025-12-15,Delhi,Delhi City 1,5G,Postpaid,4.7,44.33,308,4.17,44
AIR108119,2025-02-15,Karnataka,Karnataka City 3,4G,Broadband,3.6,17.57,231,3.9,35
AIR108120,2025-03-15,Tamil Nadu,Tamil Nadu City 2,4G,Postpaid,5.3,14.43,625,3.64,22
AIR108121,2025-04-15,Tamil Nadu,Tamil Nadu City 3,5G,Prepaid,6,33.37,473,3.57,21
AIR108122,2025-05-15,Uttar Pradesh,Uttar Pradesh City 1,5G,Enterprise,3.8,44.98,399,3.9,24
AIR108123,2025-06-15,Maharashtra,Maharashtra City 1,4G,Postpaid,3.4,9.87,491,3.27,-4
AIR108124,2025-07-15,Delhi,Delhi City 2,4G,Postpaid,4.1,20.87,322,3.44,28
AIR108125,2025-08-15,Karnataka,Karnataka City 2,4G,Prepaid,2.6,5.46,427,2.9,-9
AIR108126,2025-09-15,Tamil Nadu,Tamil Nadu City 1,4G,Postpaid,4.4,17.28,437,3.6,18
AIR108127,2025-10-15,Delhi,Delhi City 1,4G,Postpaid,3.5,12.02,762,3.5,18
AIR108128,2025-11-15,Telangana,Telangana City 1,4G,Postpaid,0.9,1.99,291,3.76,34
AIR108129,2025-12-15,Uttar Pradesh,Uttar Pradesh City 1,4G,Postpaid,4.1,12.13,419,3.6,8
AIR108130,2025-02-15,Gujarat,Gujarat City 2,5G,Prepaid,3.4,47.93,276,3.98,24
AIR108131,2025-03-15,Gujarat,Gujarat City 1,5G,Postpaid,5.1,41.13,506,4.23,25
AIR108132,2025-04-15,Rajasthan,Rajasthan City 2,5G,Broadband,4.7,19.56,333,4.37,43
AIR108133,2025-05-15,Karnataka,Karnataka City 1,5G,Prepaid,6.3,46.72,525,4.19,27
AIR108134,2025-06-15,Delhi,Delhi City 1,5G,Prepaid,6.1,40.99,318,3.77,13
AIR108135,2025-07-15,Kerala,Kerala City 3,4G,Prepaid,2.9,8.68,510,2.82,2
AIR108136,2025-08-15,Tamil Nadu,Tamil Nadu City 3,4G,Broadband,4,4.05,582,3.91,49
AIR108137,2025-09-15,West Bengal,West Bengal City 1,5G,Postpaid,4,17.72,396,3.78,30
AIR108138,2025-10-15,West Bengal,West Bengal City 2,5G,Enterprise,2.2,21.96,308,4.02,21
AIR108139,2025-11-15,Gujarat,Gujarat City 1,4G,Postpaid,1.1,21.48,506,3.73,33
AIR108140,2025-12-15,Kerala,Kerala City 3,4G,Postpaid,1.9,8.12,315,3.6,31
AIR108141,2025-02-15,West Bengal,West Bengal City 1,5G,Postpaid,1.2,22.26,457,4,34
AIR108142,2025-03-15,Maharashtra,Maharashtra City 3,4G,Prepaid,2.8,16.64,156,2.83,-2
AIR108143,2025-04-15,Maharashtra,Maharashtra City 1,4G,Prepaid,0.8,12.55,360,3.64,26
AIR108144,2025-05-15,Karnataka,Karnataka City 1,5G,Postpaid,6.1,48.52,461,3.95,33
AIR108145,2025-06-15,Kerala,Kerala City 2,4G,Prepaid,0.8,11.43,409,2.6,-4
AIR108146,2025-07-15,Maharashtra,Maharashtra City 3,5G,Prepaid,2.8,19.3,469,4.23,49
AIR108147,2025-08-15,Maharashtra,Maharashtra City 3,5G,Prepaid,2.4,36.14,510,3.33,11
AIR108148,2025-09-15,Gujarat,Gujarat City 3,4G,Prepaid,1,26.15,534,3.07,-9
AIR108149,2025-10-15,West Bengal,West Bengal City 2,4G,Prepaid,3.1,29.97,443,4.07,48
AIR108150,2025-11-15,Karnataka,Karnataka City 1,4G,Postpaid,2.7,9.56,748,3.28,8
AIR108151,2025-12-15,Delhi,Delhi City 2,4G,Prepaid,2,37.63,235,3,-1
AIR108152,2025-02-15,Telangana,Telangana City 1,5G,Prepaid,2.4,18.4,558,4.27,40
AIR108153,2025-03-15,Tamil Nadu,Tamil Nadu City 2,4G,Prepaid,2.7,23.67,308,3.5,29
AIR108154,2025-04-15,Tamil Nadu,Tamil Nadu City 2,4G,Postpaid,5.4,27.36,436,3.65,49
AIR108155,2025-05-15,Uttar Pradesh,Uttar Pradesh City 3,4G,Postpaid,2.7,19.74,393,4.52,45
AIR108156,2025-06-15,Telangana,Telangana City 2,4G,Broadband,2,6.77,20,3.81,17
AIR108157,2025-07-15,Telangana,Telangana City 1,4G,Broadband,4.2,17.03,313,3.5,27
AIR108158,2025-08-15,Tamil Nadu,Tamil Nadu City 2,4G,Prepaid,0.9,5.54,238,3.88,31
AIR108159,2025-09-15,Tamil Nadu,Tamil Nadu City 2,4G,Prepaid,2.2,22.97,306,3.39,2
AIR108160,2025-10-15,Delhi,Delhi City 1,4G,Prepaid,4.8,1,242,3.15,2
AIR108161,2025-11-15,Kerala,Kerala City 3,4G,Enterprise,3.3,11.99,363,3.83,37
AIR108162,2025-12-15,Kerala,Kerala City 1,5G,Postpaid,2.5,42.85,449,3.28,24
AIR108163,2025-02-15,Delhi,Delhi City 1,4G,Prepaid,2,16.96,20,3.37,25
AIR108164,2025-03-15,West Bengal,West Bengal City 1,5G,Prepaid,2.7,26.36,385,3.39,12
AIR108165,2025-04-15,Telangana,Telangana City 2,4G,Postpaid,3.9,21.37,806,3.83,36
AIR108166,2025-05-15,Rajasthan,Rajasthan City 2,5G,Prepaid,2.6,35.68,529,3.13,-1
AIR108167,2025-06-15,Telangana,Telangana City 1,4G,Broadband,0.8,4.46,186,3.42,32
AIR108168,2025-07-15,Uttar Pradesh,Uttar Pradesh City 1,5G,Postpaid,3.8,39.49,127,3.68,26
AIR108169,2025-08-15,Tamil Nadu,Tamil Nadu City 3,4G,Postpaid,3.8,32.07,48,2.71,-17
AIR108170,2025-09-15,Telangana,Telangana City 2,5G,Postpaid,6.4,18.75,626,4.25,53
AIR108171,2025-10-15,Tamil Nadu,Tamil Nadu City 2,4G,Prepaid,0.9,10.8,202,2.97,-11
AIR108172,2025-11-15,Telangana,Telangana City 2,5G,Postpaid,3.5,29.8,947,4.11,39
AIR108173,2025-12-15,Uttar Pradesh,Uttar Pradesh City 2,5G,Postpaid,4.1,32.19,365,3.67,15
AIR108174,2025-02-15,West Bengal,West Bengal City 1,4G,Prepaid,4.6,23.37,20,3.66,40
AIR108175,2025-03-15,Rajasthan,Rajasthan City 1,4G,Postpaid,5.1,24.05,546,3.99,18
AIR108176,2025-04-15,Maharashtra,Maharashtra City 3,4G,Broadband,5.6,14.96,631,3.39,16
AIR108177,2025-05-15,Delhi,Delhi City 2,4G,Prepaid,1.9,26.88,357,3.48,9
AIR108178,2025-06-15,Delhi,Delhi City 2,5G,Postpaid,4.6,47.52,760,4.09,40
AIR108179,2025-07-15,Rajasthan,Rajasthan City 1,4G,Prepaid,4.5,17.99,458,3.44,5
AIR108180,2025-08-15,Telangana,Telangana City 3,4G,Postpaid,2.6,8.13,262,3.32,-2
AIR108181,2025-09-15,Maharashtra,Maharashtra City 1,4G,Prepaid,3.6,23.72,608,3.31,16
AIR108182,2025-10-15,Uttar Pradesh,Uttar Pradesh City 2,4G,Postpaid,2.6,34.08,307,3.14,-1
AIR108183,2025-11-15,Kerala,Kerala City 2,5G,Prepaid,4.2,26.01,475,4.08,28
AIR108184,2025-12-15,Telangana,Telangana City 3,5G,Prepaid,5.4,16.15,462,4.22,41
AIR108185,2025-02-15,West Bengal,West Bengal City 1,4G,Postpaid,4.6,1,248,3.75,9
AIR108186,2025-03-15,Tamil Nadu,Tamil Nadu City 2,5G,Postpaid,4.8,51.2,437,3.45,1
AIR108187,2025-04-15,Karnataka,Karnataka City 2,5G,Broadband,0.6,41.92,330,3.88,34
AIR108188,2025-05-15,Telangana,Telangana City 3,4G,Postpaid,6.3,16.64,604,3.49,-9
AIR108189,2025-06-15,Karnataka,Karnataka City 2,5G,Postpaid,6,49.06,105,3.75,23
AIR108190,2025-07-15,Telangana,Telangana City 2,4G,Postpaid,6.2,23.66,288,3.1,10
AIR108191,2025-08-15,Rajasthan,Rajasthan City 1,4G,Prepaid,6.2,18.52,358,3.16,10
AIR108192,2025-09-15,Karnataka,Karnataka City 3,4G,Prepaid,4.8,10.54,149,3.51,24
AIR108193,2025-10-15,Telangana,Telangana City 3,5G,Prepaid,2.3,21.25,297,4.28,42
AIR108194,2025-11-15,Delhi,Delhi City 3,4G,Prepaid,3,12.03,456,3.67,13
AIR108195,2025-12-15,Karnataka,Karnataka City 1,4G,Prepaid,2.9,14.33,242,3.24,6
AIR108196,2025-02-15,Telangana,Telangana City 3,4G,Broadband,4.3,26.03,757,3.26,-10
AIR108197,2025-03-15,Kerala,Kerala City 2,4G,Broadband,2,15.09,459,3.11,13
AIR108198,2025-04-15,Tamil Nadu,Tamil Nadu City 3,5G,Broadband,2.5,27.74,408,3.74,28
AIR108199,2025-05-15,Kerala,Kerala City 2,4G,Enterprise,3.8,24.44,290,3.42,23
AIR108200,2025-06-15,Maharashtra,Maharashtra City 3,4G,Prepaid,0.5,19.78,198,3.34,3
AIR108201,2025-07-15,Telangana,Telangana City 3,4G,Prepaid,3.6,18.35,475,3.46,11
AIR108202,2025-08-15,Gujarat,Gujarat City 1,4G,Postpaid,6,24.38,257,3.02,13
AIR108203,2025-09-15,West Bengal,West Bengal City 3,4G,Broadband,5.3,20.94,375,3.58,37
AIR108204,2025-10-15,Kerala,Kerala City 3,4G,Postpaid,6.2,1,649,3.32,-12
AIR108205,2025-11-15,Karnataka,Karnataka City 1,4G,Postpaid,4.7,31.35,236,4.13,36
AIR108206,2025-12-15,Rajasthan,Rajasthan City 2,4G,Prepaid,3.7,16.1,279,3.19,1
AIR108207,2025-02-15,West Bengal,West Bengal City 3,4G,Prepaid,5.5,11.19,407,3.37,18
AIR108208,2025-03-15,Gujarat,Gujarat City 3,4G,Prepaid,0.3,15.05,505,3.36,22
AIR108209,2025-04-15,Uttar Pradesh,Uttar Pradesh City 2,5G,Prepaid,1.6,5.56,359,3.79,37
AIR108210,2025-05-15,Telangana,Telangana City 1,4G,Broadband,5.3,19.57,20,3.18,5
AIR108211,2025-06-15,Rajasthan,Rajasthan City 3,5G,Prepaid,3.3,39.88,453,4.14,46
AIR108212,2025-07-15,Telangana,Telangana City 1,4G,Enterprise,6.2,16.11,419,3.16,-1
AIR108213,2025-08-15,Maharashtra,Maharashtra City 2,4G,Prepaid,0.8,6.93,641,2.89,6
AIR108214,2025-09-15,Gujarat,Gujarat City 2,4G,Broadband,4.4,16.88,104,3.45,12
AIR108215,2025-10-15,Telangana,Telangana City 1,4G,Postpaid,4.8,9.87,526,3.66,33
AIR108216,2025-11-15,Karnataka,Karnataka City 2,5G,Postpaid,5.8,31.37,362,3.62,13
AIR108217,2025-12-15,Maharashtra,Maharashtra City 2,5G,Prepaid,2.9,34.45,338,3.86,24
AIR108218,2025-02-15,Delhi,Delhi City 3,4G,Postpaid,1.7,7.97,580,3.56,17
AIR108219,2025-03-15,Uttar Pradesh,Uttar Pradesh City 1,4G,Broadband,6.2,20.7,430,4.21,42
AIR108220,2025-04-15,Gujarat,Gujarat City 3,5G,Prepaid,5.5,28.48,422,3.64,26
AIR108221,2025-05-15,Tamil Nadu,Tamil Nadu City 1,5G,Prepaid,3.4,8.83,380,4.33,57
AIR108222,2025-06-15,Rajasthan,Rajasthan City 3,5G,Prepaid,3.3,50.62,568,3.94,36
AIR108223,2025-07-15,Kerala,Kerala City 2,5G,Prepaid,1.6,35.29,433,3.35,1
AIR108224,2025-08-15,Telangana,Telangana City 1,5G,Prepaid,2.4,29.25,328,3.63,28
AIR108225,2025-09-15,Rajasthan,Rajasthan City 1,4G,Postpaid,1.3,35.81,380,3.91,10
AIR108226,2025-10-15,Rajasthan,Rajasthan City 1,5G,Prepaid,1.4,22.54,417,4,46
AIR108227,2025-11-15,Tamil Nadu,Tamil Nadu City 1,5G,Postpaid,5.7,45.5,246,3.83,17
AIR108228,2025-12-15,Tamil Nadu,Tamil Nadu City 2,5G,Broadband,1,18.59,297,3.5,19
AIR108229,2025-02-15,Maharashtra,Maharashtra City 2,4G,Postpaid,1.8,19.35,424,2.98,4
AIR108230,2025-03-15,Gujarat,Gujarat City 2,4G,Prepaid,0.6,17.2,292,3.98,18
AIR108231,2025-04-15,Karnataka,Karnataka City 3,5G,Postpaid,2.6,10.32,455,3.89,32
AIR108232,2025-05-15,Uttar Pradesh,Uttar Pradesh City 2,5G,Prepaid,6.2,32.19,450,4.03,48
AIR108233,2025-06-15,Tamil Nadu,Tamil Nadu City 3,5G,Prepaid,5.4,38.94,411,4.05,47
AIR108234,2025-07-15,Tamil Nadu,Tamil Nadu City 3,4G,Prepaid,3.5,8.8,376,3.54,24
AIR108235,2025-08-15,Kerala,Kerala City 2,4G,Broadband,0.7,13.32,454,3.54,33
AIR108236,2025-09-15,Delhi,Delhi City 2,4G,Postpaid,1.2,7.79,367,2.45,-11
AIR108237,2025-10-15,Tamil Nadu,Tamil Nadu City 2,5G,Prepaid,2.8,19.78,20,3.72,30
AIR108238,2025-11-15,Delhi,Delhi City 3,4G,Postpaid,4.8,7.95,20,3.12,8
AIR108239,2025-12-15,Maharashtra,Maharashtra City 1,5G,Prepaid,1.6,33.14,699,3.73,27
AIR108240,2025-02-15,Karnataka,Karnataka City 2,4G,Enterprise,2.3,21.12,363,3.51,34
AIR108241,2025-03-15,Rajasthan,Rajasthan City 3,4G,Enterprise,6,16.21,439,3.79,25
AIR108242,2025-04-15,Tamil Nadu,Tamil Nadu City 3,4G,Prepaid,1.3,15.34,507,3.1,-4
AIR108243,2025-05-15,Telangana,Telangana City 2,4G,Prepaid,1.8,7.1,134,2.96,-8
AIR108244,2025-06-15,Delhi,Delhi City 3,4G,Postpaid,4.7,38.46,490,4.02,27
AIR108245,2025-07-15,Kerala,Kerala City 2,5G,Postpaid,1.2,75.31,410,3.19,4
AIR108246,2025-08-15,Uttar Pradesh,Uttar Pradesh City 3,5G,Prepaid,3.1,34.23,604,3.53,29
AIR108247,2025-09-15,Kerala,Kerala City 1,4G,Postpaid,3.7,9.79,475,3.4,13
AIR108248,2025-10-15,Tamil Nadu,Tamil Nadu City 3,5G,Prepaid,4.1,54.32,685,3.66,20
AIR108249,2025-11-15,Gujarat,Gujarat City 2,4G,Postpaid,5.6,33.14,650,3.85,27
AIR108250,2025-12-15,Rajasthan,Rajasthan City 1,5G,Prepaid,4.4,54.68,507,3.73,21
AIR108251,2025-02-15,Karnataka,Karnataka City 2,5G,Postpaid,5.6,20.95,830,3.49,-1
AIR108252,2025-03-15,Telangana,Telangana City 3,4G,Postpaid,2.5,27.28,551,3.73,35
AIR108253,2025-04-15,Gujarat,Gujarat City 1,4G,Postpaid,2.1,26.48,233,2.86,-16
AIR108254,2025-05-15,Kerala,Kerala City 1,4G,Postpaid,0.5,23.03,461,3.4,22
AIR108255,2025-06-15,Delhi,Delhi City 3,5G,Postpaid,4.7,53.6,432,3.73,36
AIR108256,2025-07-15,Delhi,Delhi City 1,4G,Prepaid,3.1,17.8,651,3.41,12
AIR108257,2025-08-15,Gujarat,Gujarat City 1,5G,Prepaid,1.9,40.19,216,4.1,64
AIR108258,2025-09-15,Delhi,Delhi City 1,4G,Prepaid,1.2,13.98,332,3.64,26
AIR108259,2025-10-15,Kerala,Kerala City 2,5G,Prepaid,1.3,29.87,271,3.4,15
AIR108260,2025-11-15,Gujarat,Gujarat City 2,5G,Postpaid,3.6,36.9,585,4.03,38
AIR108261,2025-12-15,Kerala,Kerala City 1,4G,Prepaid,3.8,15.47,565,3.54,15
AIR108262,2025-02-15,Telangana,Telangana City 3,5G,Prepaid,5.8,35.46,589,4.13,40
AIR108263,2025-03-15,Rajasthan,Rajasthan City 3,5G,Broadband,2.3,19.66,354,4.04,13
AIR108264,2025-04-15,Uttar Pradesh,Uttar Pradesh City 2,5G,Postpaid,4.5,32.6,490,3.5,30
AIR108265,2025-05-15,Telangana,Telangana City 3,4G,Postpaid,5.4,5.56,272,3.64,15
AIR108266,2025-06-15,Telangana,Telangana City 1,4G,Prepaid,3.7,13.03,530,3.27,-7
AIR108267,2025-07-15,Delhi,Delhi City 3,4G,Prepaid,3.3,17.43,618,3.3,22
AIR108268,2025-08-15,Tamil Nadu,Tamil Nadu City 2,4G,Postpaid,3.4,17.17,356,3.61,21
AIR108269,2025-09-15,West Bengal,West Bengal City 2,4G,Broadband,2.5,7.56,289,3.13,10
AIR108270,2025-10-15,Delhi,Delhi City 1,4G,Prepaid,6.6,32.77,780,3.76,39
AIR108271,2025-11-15,Tamil Nadu,Tamil Nadu City 2,4G,Postpaid,2.1,19.74,637,3.61,30
AIR108272,2025-12-15,Kerala,Kerala City 2,4G,Enterprise,6.2,22.53,70,3.7,24
AIR108273,2025-02-15,West Bengal,West Bengal City 2,4G,Postpaid,3.9,22.23,471,4.2,35
AIR108274,2025-03-15,Delhi,Delhi City 3,4G,Prepaid,1.1,13.65,636,3.54,22
AIR108275,2025-04-15,West Bengal,West Bengal City 2,5G,Postpaid,2,41.12,567,3.54,10
AIR108276,2025-05-15,West Bengal,West Bengal City 3,5G,Broadband,5.3,27.12,571,3.87,31
AIR108277,2025-06-15,Maharashtra,Maharashtra City 2,4G,Postpaid,2,6.54,564,3.35,16
AIR108278,2025-07-15,Rajasthan,Rajasthan City 2,5G,Broadband,5.5,41.75,347,4.65,35
AIR108279,2025-08-15,Maharashtra,Maharashtra City 3,4G,Postpaid,4.7,5.91,464,3.75,36
AIR108280,2025-09-15,Tamil Nadu,Tamil Nadu City 3,5G,Broadband,5.3,42.21,526,3.98,38
AIR108281,2025-10-15,Karnataka,Karnataka City 1,4G,Enterprise,2.8,22.85,453,4.13,38
AIR108282,2025-11-15,Gujarat,Gujarat City 1,4G,Postpaid,4.8,28.86,475,3.32,11
AIR108283,2025-12-15,Uttar Pradesh,Uttar Pradesh City 3,4G,Postpaid,1.6,11.62,185,2.93,-4
AIR108284,2025-02-15,Karnataka,Karnataka City 2,4G,Postpaid,0.8,14.12,441,2.77,-1
AIR108285,2025-03-15,Gujarat,Gujarat City 1,4G,Postpaid,2.2,31.01,326,2.86,-4
AIR108286,2025-04-15,Tamil Nadu,Tamil Nadu City 3,4G,Broadband,1.2,15.84,418,2.95,4
AIR108287,2025-05-15,Tamil Nadu,Tamil Nadu City 3,4G,Prepaid,3,5.75,398,3.33,7
AIR108288,2025-06-15,Kerala,Kerala City 2,5G,Postpaid,4.5,21.96,463,3.66,17
AIR108289,2025-07-15,Uttar Pradesh,Uttar Pradesh City 3,4G,Postpaid,6.5,17.38,544,4.46,56
AIR108290,2025-08-15,Rajasthan,Rajasthan City 1,4G,Postpaid,5.8,21.53,584,4.18,39
AIR108291,2025-09-15,West Bengal,West Bengal City 2,4G,Postpaid,5.1,15.07,319,3.53,6
AIR108292,2025-10-15,Maharashtra,Maharashtra City 3,5G,Prepaid,4,34.4,371,3.52,28
AIR108293,2025-11-15,Maharashtra,Maharashtra City 3,4G,Prepaid,5.7,19.32,650,3.7,4
AIR108294,2025-12-15,Tamil Nadu,Tamil Nadu City 2,4G,Broadband,3.7,15.01,515,4.26,40
AIR108295,2025-02-15,Maharashtra,Maharashtra City 2,4G,Broadband,3.2,19.35,397,4.21,22
AIR108296,2025-03-15,Tamil Nadu,Tamil Nadu City 2,4G,Prepaid,1.5,22.73,327,3.55,32
AIR108297,2025-04-15,West Bengal,West Bengal City 1,4G,Postpaid,4.2,21.6,515,3.21,1
AIR108298,2025-05-15,Tamil Nadu,Tamil Nadu City 1,4G,Broadband,5.5,16.03,624,2.72,-19
AIR108299,2025-06-15,Kerala,Kerala City 3,4G,Postpaid,2.9,16.21,491,3.63,20
AIR108300,2025-07-15,Rajasthan,Rajasthan City 3,4G,Postpaid,3.6,25.51,345,3.84,40
AIR108301,2025-08-15,Telangana,Telangana City 2,4G,Prepaid,0.8,2.13,313,4.23,36
AIR108302,2025-09-15,Delhi,Delhi City 3,4G,Postpaid,2.3,19.14,247,3.26,6
AIR108303,2025-10-15,Rajasthan,Rajasthan City 3,4G,Postpaid,3.8,15.17,407,3.61,33
AIR108304,2025-11-15,Rajasthan,Rajasthan City 2,5G,Postpaid,5.8,28,510,3.46,23
AIR108305,2025-12-15,Karnataka,Karnataka City 1,4G,Postpaid,6.9,5.36,267,3.07,3
AIR108306,2025-02-15,Uttar Pradesh,Uttar Pradesh City 1,5G,Prepaid,5.7,36.93,479,4.55,54
AIR108307,2025-03-15,Uttar Pradesh,Uttar Pradesh City 1,4G,Enterprise,0.9,28.85,563,3.19,12
AIR108308,2025-04-15,Gujarat,Gujarat City 3,4G,Postpaid,6.1,24.02,636,2.83,-11
AIR108309,2025-05-15,Delhi,Delhi City 2,5G,Postpaid,4.2,6.29,291,4.79,78
AIR108310,2025-06-15,West Bengal,West Bengal City 1,4G,Broadband,1.6,18.87,394,3.41,0
AIR108311,2025-07-15,Telangana,Telangana City 3,4G,Broadband,3.9,39.13,657,3.79,33
AIR108312,2025-08-15,Telangana,Telangana City 2,4G,Broadband,4.4,8.27,344,3.11,5
AIR108313,2025-09-15,Uttar Pradesh,Uttar Pradesh City 1,4G,Postpaid,2.4,14.94,211,3.16,25
AIR108314,2025-10-15,Rajasthan,Rajasthan City 1,5G,Postpaid,1.4,60.76,366,3.94,39
AIR108315,2025-11-15,Kerala,Kerala City 2,4G,Prepaid,2.5,8.79,689,4.01,13
AIR108316,2025-12-15,Gujarat,Gujarat City 3,4G,Prepaid,6.1,39.54,210,3.93,44
AIR108317,2025-02-15,Tamil Nadu,Tamil Nadu City 3,5G,Postpaid,3,7.13,535,4.07,25
AIR108318,2025-03-15,Gujarat,Gujarat City 1,5G,Postpaid,1,53.13,242,3.62,38
AIR108319,2025-04-15,Karnataka,Karnataka City 2,5G,Prepaid,1.4,33.73,175,3.42,-4
AIR108320,2025-05-15,Gujarat,Gujarat City 3,4G,Broadband,3.1,4.27,407,4.22,39
AIR108321,2025-06-15,Rajasthan,Rajasthan City 2,5G,Postpaid,4.8,41.18,316,4.21,43
AIR108322,2025-07-15,West Bengal,West Bengal City 2,5G,Postpaid,1.6,29.28,407,4.22,23
AIR108323,2025-08-15,Rajasthan,Rajasthan City 1,5G,Prepaid,6.4,15.35,193,4.33,37
AIR108324,2025-09-15,Uttar Pradesh,Uttar Pradesh City 2,5G,Prepaid,5.2,25.52,277,2.85,-6
AIR108325,2025-10-15,West Bengal,West Bengal City 2,5G,Broadband,2.2,32.73,514,4.07,44
AIR108326,2025-11-15,Maharashtra,Maharashtra City 2,4G,Prepaid,5.5,1,736,3.77,15
AIR108327,2025-12-15,West Bengal,West Bengal City 3,4G,Postpaid,4.7,22.64,334,3.42,11
AIR108328,2025-02-15,Gujarat,Gujarat City 1,5G,Postpaid,4.8,34.6,515,3.23,7
AIR108329,2025-03-15,Gujarat,Gujarat City 1,4G,Postpaid,3.5,27.84,20,3.61,29
AIR108330,2025-04-15,Gujarat,Gujarat City 2,4G,Postpaid,4.3,19.82,486,3.86,11
AIR108331,2025-05-15,Maharashtra,Maharashtra City 2,4G,Prepaid,3.9,9.37,985,3.53,30
AIR108332,2025-06-15,Uttar Pradesh,Uttar Pradesh City 3,5G,Prepaid,4.6,35.59,478,4.12,42
AIR108333,2025-07-15,Tamil Nadu,Tamil Nadu City 1,4G,Postpaid,4.5,2.24,131,3.51,14
AIR108334,2025-08-15,Delhi,Delhi City 3,4G,Postpaid,0.9,16.95,450,2.57,-29
AIR108335,2025-09-15,Uttar Pradesh,Uttar Pradesh City 1,4G,Prepaid,5.8,25.66,507,4.46,41
AIR108336,2025-10-15,Gujarat,Gujarat City 3,4G,Prepaid,4.2,20.35,492,2.79,-30
AIR108337,2025-11-15,Uttar Pradesh,Uttar Pradesh City 2,4G,Prepaid,2.1,1.62,241,3.47,46
AIR108338,2025-12-15,Karnataka,Karnataka City 3,4G,Postpaid,2.2,6.84,433,3.34,19
AIR108339,2025-02-15,Telangana,Telangana City 2,5G,Prepaid,5.3,8.52,576,3.54,10
AIR108340,2025-03-15,Telangana,Telangana City 1,5G,Prepaid,1.1,43.18,695,3.98,39
AIR108341,2025-04-15,Delhi,Delhi City 1,5G,Postpaid,5.3,43.23,232,4.17,35
AIR108342,2025-05-15,Delhi,Delhi City 2,4G,Prepaid,2.2,12.68,257,3.12,1
AIR108343,2025-06-15,Tamil Nadu,Tamil Nadu City 1,4G,Postpaid,4.8,8.09,632,3.55,30
AIR108344,2025-07-15,Karnataka,Karnataka City 3,4G,Prepaid,6.3,9.01,302,3.51,17
AIR108345,2025-08-15,Rajasthan,Rajasthan City 2,4G,Broadband,4.4,22.27,335,3.67,-2
AIR108346,2025-09-15,Uttar Pradesh,Uttar Pradesh City 1,4G,Prepaid,6.1,17.48,442,3.25,17
AIR108347,2025-10-15,West Bengal,West Bengal City 3,5G,Prepaid,1.9,57.35,490,3.32,8
AIR108348,2025-11-15,West Bengal,West Bengal City 3,4G,Enterprise,5.2,1,719,3.47,18
AIR108349,2025-12-15,Rajasthan,Rajasthan City 1,4G,Prepaid,3.8,16.79,292,3.26,9
AIR108350,2025-02-15,Telangana,Telangana City 1,5G,Postpaid,5.9,27.89,369,4.18,57
AIR108351,2025-03-15,Rajasthan,Rajasthan City 3,4G,Prepaid,0.2,5.86,546,2.74,-7
AIR108352,2025-04-15,Uttar Pradesh,Uttar Pradesh City 2,5G,Prepaid,4.2,51.46,388,3.86,39
AIR108353,2025-05-15,Karnataka,Karnataka City 1,5G,Postpaid,3.9,5.71,340,3.29,7
AIR108354,2025-06-15,Gujarat,Gujarat City 1,4G,Broadband,4.2,29.45,424,3.98,30
AIR108355,2025-07-15,Maharashtra,Maharashtra City 2,4G,Postpaid,2.7,25.62,734,3.54,22
AIR108356,2025-08-15,Gujarat,Gujarat City 2,5G,Postpaid,0.8,14.6,702,3.77,32
AIR108357,2025-09-15,Maharashtra,Maharashtra City 1,4G,Postpaid,3.7,30.8,179,3.46,14
AIR108358,2025-10-15,West Bengal,West Bengal City 2,4G,Prepaid,4.8,19.53,372,4.53,54
AIR108359,2025-11-15,Delhi,Delhi City 3,5G,Postpaid,1.7,37.32,554,4.47,49
AIR108360,2025-12-15,Uttar Pradesh,Uttar Pradesh City 3,4G,Prepaid,1.2,20.44,478,3.94,9
AIR108361,2025-02-15,Gujarat,Gujarat City 3,4G,Prepaid,4.3,24.55,356,2.92,-15
AIR108362,2025-03-15,Rajasthan,Rajasthan City 1,4G,Prepaid,3.2,15.1,678,3.41,2
AIR108363,2025-04-15,Karnataka,Karnataka City 2,5G,Broadband,0.6,23.16,315,3.72,28
AIR108364,2025-05-15,Karnataka,Karnataka City 3,4G,Prepaid,1.8,24.61,460,2.98,-5
AIR108365,2025-06-15,Telangana,Telangana City 2,4G,Postpaid,0.5,25,235,3.63,27
AIR108366,2025-07-15,Karnataka,Karnataka City 3,4G,Prepaid,6.1,11.84,675,4.16,48
AIR108367,2025-08-15,Karnataka,Karnataka City 2,4G,Prepaid,3.8,22.11,513,3,-4
AIR108368,2025-09-15,Delhi,Delhi City 3,5G,Postpaid,5.2,45.56,520,3.76,29
AIR108369,2025-10-15,Rajasthan,Rajasthan City 3,5G,Postpaid,2.7,57.78,481,4.36,36
AIR108370,2025-11-15,West Bengal,West Bengal City 3,4G,Postpaid,3.9,21.91,364,3.04,-23
AIR108371,2025-12-15,Karnataka,Karnataka City 3,4G,Prepaid,5.8,22.17,518,4.01,54
AIR108372,2025-02-15,West Bengal,West Bengal City 3,4G,Broadband,3,25.31,276,4.08,26
AIR108373,2025-03-15,Delhi,Delhi City 3,4G,Prepaid,3.5,21.11,584,3,1
AIR108374,2025-04-15,Karnataka,Karnataka City 3,4G,Postpaid,3.3,25.25,809,3.64,11
AIR108375,2025-05-15,Uttar Pradesh,Uttar Pradesh City 3,4G,Postpaid,3.8,3.3,549,4.05,27
AIR108376,2025-06-15,Telangana,Telangana City 3,4G,Postpaid,4.6,22.3,529,3.8,33
AIR108377,2025-07-15,Gujarat,Gujarat City 2,4G,Broadband,3.5,22.82,352,3.7,36
AIR108378,2025-08-15,Uttar Pradesh,Uttar Pradesh City 2,5G,Postpaid,4.4,22.15,360,4.58,55
AIR108379,2025-09-15,Kerala,Kerala City 1,5G,Prepaid,2.1,37.33,299,3.96,33
AIR108380,2025-10-15,Tamil Nadu,Tamil Nadu City 3,4G,Prepaid,6.1,24.01,357,2.94,-14
AIR108381,2025-11-15,Karnataka,Karnataka City 2,4G,Prepaid,3.9,16.04,408,3.16,-7
AIR108382,2025-12-15,West Bengal,West Bengal City 2,5G,Prepaid,3.5,37.7,567,3.82,33
AIR108383,2025-02-15,Tamil Nadu,Tamil Nadu City 2,5G,Broadband,1.5,34.65,708,3.8,23
AIR108384,2025-03-15,Maharashtra,Maharashtra City 2,4G,Prepaid,0.5,34.24,557,3.61,46
AIR108385,2025-04-15,Karnataka,Karnataka City 2,5G,Postpaid,2.2,18.8,385,3.57,20
AIR108386,2025-05-15,Kerala,Kerala City 2,5G,Postpaid,0.4,29.3,129,4.23,46
AIR108387,2025-06-15,Delhi,Delhi City 1,4G,Broadband,3.9,12.58,105,3.4,4
AIR108388,2025-07-15,Telangana,Telangana City 2,4G,Postpaid,5.4,31.76,458,3.39,16
AIR108389,2025-08-15,Kerala,Kerala City 1,4G,Postpaid,4.5,4.06,184,3.45,13
AIR108390,2025-09-15,West Bengal,West Bengal City 1,4G,Prepaid,4.9,16.15,511,3.24,8
AIR108391,2025-10-15,Delhi,Delhi City 3,4G,Postpaid,2,28.21,231,3.23,6
AIR108392,2025-11-15,Gujarat,Gujarat City 3,5G,Prepaid,3.2,21.59,228,3.81,34
AIR108393,2025-12-15,Delhi,Delhi City 3,5G,Broadband,5.8,46.07,466,4.29,38
AIR108394,2025-02-15,Karnataka,Karnataka City 2,4G,Prepaid,5.9,9.83,515,3.03,-8
AIR108395,2025-03-15,Tamil Nadu,Tamil Nadu City 3,4G,Prepaid,0.4,39.98,268,3.27,15
AIR108396,2025-04-15,Tamil Nadu,Tamil Nadu City 2,5G,Postpaid,4.3,42.04,630,3.29,10
AIR108397,2025-05-15,West Bengal,West Bengal City 2,4G,Postpaid,0.9,26.32,422,3.41,0
AIR108398,2025-06-15,Delhi,Delhi City 3,4G,Postpaid,2.7,30.13,445,3.04,3
AIR108399,2025-07-15,Kerala,Kerala City 3,5G,Prepaid,6,37.67,343,3.69,30
AIR108400,2025-08-15,West Bengal,West Bengal City 1,4G,Prepaid,5,19,798,4.34,55
AIR108401,2025-09-15,Telangana,Telangana City 1,4G,Prepaid,6.7,8.02,395,3.44,15
AIR108402,2025-10-15,West Bengal,West Bengal City 2,4G,Postpaid,1,9.74,486,2.99,2
AIR108403,2025-11-15,West Bengal,West Bengal City 2,4G,Postpaid,3.9,20,192,3.69,45
AIR108404,2025-12-15,Gujarat,Gujarat City 3,4G,Prepaid,2.2,38.55,586,3.65,20
AIR108405,2025-02-15,Uttar Pradesh,Uttar Pradesh City 3,4G,Postpaid,5.7,19.07,495,3.29,17
AIR108406,2025-03-15,Karnataka,Karnataka City 1,4G,Prepaid,4.6,24.54,451,3.65,36
AIR108407,2025-04-15,Gujarat,Gujarat City 3,4G,Broadband,3.6,13.15,319,3.27,14
AIR108408,2025-05-15,Tamil Nadu,Tamil Nadu City 2,4G,Prepaid,4.4,3.5,335,3.7,37
AIR108409,2025-06-15,Tamil Nadu,Tamil Nadu City 3,4G,Postpaid,4.6,29.17,762,3.55,18
AIR108410,2025-07-15,Maharashtra,Maharashtra City 1,4G,Postpaid,3.5,26.21,454,3.86,23
AIR108411,2025-08-15,Maharashtra,Maharashtra City 2,5G,Prepaid,1.3,34.24,406,3.93,31
AIR108412,2025-09-15,Kerala,Kerala City 1,4G,Prepaid,4.4,17.9,392,3.59,13
AIR108413,2025-10-15,Tamil Nadu,Tamil Nadu City 1,4G,Prepaid,6.1,16.32,243,3.85,45
AIR108414,2025-11-15,Uttar Pradesh,Uttar Pradesh City 2,4G,Prepaid,0.9,36.68,279,3.01,-4
AIR108415,2025-12-15,Gujarat,Gujarat City 1,4G,Postpaid,2.7,29.1,250,3.38,29
AIR108416,2025-02-15,Telangana,Telangana City 3,5G,Prepaid,4.9,53.67,622,4.15,37
AIR108417,2025-03-15,Uttar Pradesh,Uttar Pradesh City 3,4G,Prepaid,2.3,17.6,255,3.44,-5
AIR108418,2025-04-15,Maharashtra,Maharashtra City 1,5G,Prepaid,1.8,32.98,346,3.36,-3
AIR108419,2025-05-15,Delhi,Delhi City 3,4G,Prepaid,3.7,20.37,205,3.7,25
AIR108420,2025-06-15,Uttar Pradesh,Uttar Pradesh City 1,4G,Prepaid,3.7,1,356,3.44,17
AIR108421,2025-07-15,Uttar Pradesh,Uttar Pradesh City 3,5G,Prepaid,1.9,45.45,360,3.42,25
AIR108422,2025-08-15,Uttar Pradesh,Uttar Pradesh City 1,4G,Postpaid,3.1,8.77,482,2.89,-7
AIR108423,2025-09-15,Uttar Pradesh,Uttar Pradesh City 3,4G,Postpaid,1.4,11.52,616,3.3,15
AIR108424,2025-10-15,Uttar Pradesh,Uttar Pradesh City 2,5G,Broadband,2.9,44.18,580,3.2,-17
AIR108425,2025-11-15,Maharashtra,Maharashtra City 2,5G,Prepaid,4.7,32.61,761,4.01,46
AIR108426,2025-12-15,Tamil Nadu,Tamil Nadu City 3,4G,Prepaid,6.6,13.22,114,3.83,13
AIR108427,2025-02-15,West Bengal,West Bengal City 1,4G,Prepaid,0.5,1,356,3.4,1
AIR108428,2025-03-15,Uttar Pradesh,Uttar Pradesh City 3,4G,Postpaid,4.3,2.9,364,4.03,26
AIR108429,2025-04-15,Uttar Pradesh,Uttar Pradesh City 1,4G,Postpaid,1.7,9.37,661,3.08,1
AIR108430,2025-05-15,Karnataka,Karnataka City 3,4G,Prepaid,1.1,30.39,703,3.32,-4
AIR108431,2025-06-15,Tamil Nadu,Tamil Nadu City 3,5G,Postpaid,5.5,51.8,636,2.85,-9
AIR108432,2025-07-15,West Bengal,West Bengal City 2,4G,Postpaid,4.2,17.94,622,2.66,-17
AIR108433,2025-08-15,Telangana,Telangana City 1,5G,Enterprise,0.7,18.8,542,3.86,26
AIR108434,2025-09-15,Telangana,Telangana City 1,4G,Prepaid,1.5,29.36,599,3.97,32
AIR108435,2025-10-15,Delhi,Delhi City 1,4G,Prepaid,1,21.01,20,3.13,9
AIR108436,2025-11-15,Rajasthan,Rajasthan City 1,5G,Prepaid,3.6,23.66,513,4.61,47
AIR108437,2025-12-15,Gujarat,Gujarat City 1,4G,Prepaid,3.7,20.27,768,3.45,12
AIR108438,2025-02-15,Karnataka,Karnataka City 2,4G,Broadband,4.6,12.33,31,3.7,19
AIR108439,2025-03-15,Tamil Nadu,Tamil Nadu City 3,4G,Prepaid,4.8,1,291,3.42,18
AIR108440,2025-04-15,Tamil Nadu,Tamil Nadu City 1,5G,Postpaid,1.3,27.35,596,4.26,58
AIR108441,2025-05-15,Rajasthan,Rajasthan City 1,4G,Prepaid,1.2,9.77,613,3.2,10
AIR108442,2025-06-15,Delhi,Delhi City 3,4G,Prepaid,5.9,1.43,583,3.92,35
AIR108443,2025-07-15,Kerala,Kerala City 2,4G,Prepaid,2.6,24.79,236,3.56,26
AIR108444,2025-08-15,Maharashtra,Maharashtra City 2,4G,Prepaid,3.3,16.6,441,2.79,-18
AIR108445,2025-09-15,Delhi,Delhi City 2,5G,Postpaid,2.2,19.74,617,3.53,6
AIR108446,2025-10-15,West Bengal,West Bengal City 3,4G,Enterprise,2.5,21,837,3.83,30
AIR108447,2025-11-15,Delhi,Delhi City 3,4G,Postpaid,1.2,17.59,395,3.5,12
AIR108448,2025-12-15,Rajasthan,Rajasthan City 2,4G,Postpaid,4.3,39.22,524,3.37,17
AIR108449,2025-02-15,Rajasthan,Rajasthan City 2,5G,Prepaid,1.8,25.59,385,4.37,63
AIR108450,2025-03-15,Gujarat,Gujarat City 3,5G,Broadband,1.5,49.52,465,3.47,10
AIR108451,2025-04-15,Karnataka,Karnataka City 2,5G,Prepaid,0.9,57.43,507,4.27,36
AIR108452,2025-05-15,Uttar Pradesh,Uttar Pradesh City 1,4G,Broadband,0.9,8.37,507,3.55,22
AIR108453,2025-06-15,Telangana,Telangana City 3,4G,Postpaid,4.8,20.49,436,3.08,17
AIR108454,2025-07-15,Rajasthan,Rajasthan City 2,4G,Prepaid,5.8,22.35,374,3.58,8
AIR108455,2025-08-15,Gujarat,Gujarat City 1,5G,Postpaid,2.2,14.81,632,3.48,11
AIR108456,2025-09-15,Maharashtra,Maharashtra City 3,5G,Enterprise,2.3,28.72,334,4.49,62
AIR108457,2025-10-15,Telangana,Telangana City 3,5G,Prepaid,4.8,42.39,280,3.21,22
AIR108458,2025-11-15,Kerala,Kerala City 1,4G,Prepaid,5.4,28.96,297,2.97,-19
AIR108459,2025-12-15,Tamil Nadu,Tamil Nadu City 3,4G,Prepaid,5.1,21.14,413,3.78,27
AIR108460,2025-02-15,Maharashtra,Maharashtra City 2,4G,Postpaid,0.9,18.4,582,3.2,7
AIR108461,2025-03-15,Kerala,Kerala City 3,5G,Prepaid,1.8,32.3,390,2.83,-7
AIR108462,2025-04-15,Telangana,Telangana City 2,4G,Postpaid,5.8,20.73,644,4.1,20
AIR108463,2025-05-15,Maharashtra,Maharashtra City 1,5G,Broadband,5.9,40.42,702,3.77,27
AIR108464,2025-06-15,Gujarat,Gujarat City 1,4G,Broadband,2.3,9.59,297,3.5,39
AIR108465,2025-07-15,Kerala,Kerala City 3,4G,Prepaid,2.8,14.03,633,3.14,11
AIR108466,2025-08-15,Tamil Nadu,Tamil Nadu City 1,4G,Postpaid,0.9,19.86,453,2.96,-3
AIR108467,2025-09-15,Uttar Pradesh,Uttar Pradesh City 1,4G,Prepaid,1.8,16.21,441,3.15,22
AIR108468,2025-10-15,Gujarat,Gujarat City 3,4G,Postpaid,1.8,25.78,689,3.85,37
AIR108469,2025-11-15,West Bengal,West Bengal City 2,4G,Broadband,1.2,19.07,110,3.26,2
AIR108470,2025-12-15,Tamil Nadu,Tamil Nadu City 3,4G,Postpaid,3,15.27,401,3.2,0
AIR108471,2025-02-15,Karnataka,Karnataka City 3,4G,Broadband,4.7,3.47,264,4.2,48
AIR108472,2025-03-15,Delhi,Delhi City 2,5G,Broadband,1.6,47.71,312,4.21,39
AIR108473,2025-04-15,Karnataka,Karnataka City 2,5G,Prepaid,6,32.18,703,4.1,27
AIR108474,2025-05-15,Rajasthan,Rajasthan City 2,4G,Postpaid,3.2,11.29,457,3.74,21
AIR108475,2025-06-15,Uttar Pradesh,Uttar Pradesh City 3,4G,Prepaid,4.8,10.43,159,3.12,24
AIR108476,2025-07-15,West Bengal,West Bengal City 2,4G,Prepaid,0.9,1,442,3.4,15
AIR108477,2025-08-15,West Bengal,West Bengal City 1,5G,Prepaid,2.1,30.75,188,4.28,35
AIR108478,2025-09-15,Delhi,Delhi City 2,4G,Broadband,0.8,17.27,413,3.34,23
AIR108479,2025-10-15,Kerala,Kerala City 1,4G,Prepaid,1,8.18,362,3.41,15
AIR108480,2025-11-15,Delhi,Delhi City 2,5G,Postpaid,1.8,9.86,566,3.91,19
AIR108481,2025-12-15,Rajasthan,Rajasthan City 1,4G,Postpaid,1.1,24.65,172,3.33,18
AIR108482,2025-02-15,Karnataka,Karnataka City 1,5G,Postpaid,1.4,71.96,431,3.3,8
AIR108483,2025-03-15,West Bengal,West Bengal City 1,4G,Postpaid,4,20.72,216,2.9,-29
AIR108484,2025-04-15,Karnataka,Karnataka City 1,4G,Prepaid,1.9,16.24,533,2.97,9
AIR108485,2025-05-15,Tamil Nadu,Tamil Nadu City 1,4G,Postpaid,0.6,14.35,249,3.32,21
AIR108486,2025-06-15,Uttar Pradesh,Uttar Pradesh City 2,5G,Postpaid,5.9,47.21,325,3.86,43
AIR108487,2025-07-15,Maharashtra,Maharashtra City 3,5G,Postpaid,3.1,35.84,441,3.62,14
AIR108488,2025-08-15,Rajasthan,Rajasthan City 3,4G,Prepaid,3.2,18.5,197,3.03,5
AIR108489,2025-09-15,Maharashtra,Maharashtra City 3,4G,Prepaid,2.5,18.65,335,3.18,19
AIR108490,2025-10-15,Rajasthan,Rajasthan City 3,4G,Broadband,6.6,15.45,575,4.16,29
AIR108491,2025-11-15,Telangana,Telangana City 3,5G,Prepaid,5,30.16,520,4.1,48
AIR108492,2025-12-15,Uttar Pradesh,Uttar Pradesh City 1,4G,Prepaid,6.9,17.72,449,3.14,9
AIR108493,2025-02-15,Tamil Nadu,Tamil Nadu City 2,5G,Prepaid,4.2,14.2,555,4.21,31
AIR108494,2025-03-15,Uttar Pradesh,Uttar Pradesh City 1,4G,Prepaid,6,7.08,565,2.77,-14
AIR108495,2025-04-15,Kerala,Kerala City 2,4G,Prepaid,3.4,24.73,173,3.31,7
AIR108496,2025-05-15,Rajasthan,Rajasthan City 2,4G,Postpaid,5.8,29.34,594,3.12,1
AIR108497,2025-06-15,Maharashtra,Maharashtra City 2,5G,Broadband,2.5,40.86,205,4.07,25
AIR108498,2025-07-15,Rajasthan,Rajasthan City 2,5G,Prepaid,3.2,35.56,439,3.95,40
AIR108499,2025-08-15,Kerala,Kerala City 3,4G,Prepaid,3.5,1,412,2.84,-7
AIR108500,2025-09-15,Rajasthan,Rajasthan City 2,4G,Postpaid,1.4,5.6,542,3.82,47
AIR108501,2025-10-15,Uttar Pradesh,Uttar Pradesh City 2,4G,Prepaid,1.3,15.81,681,3.22,10
AIR108502,2025-11-15,Gujarat,Gujarat City 3,4G,Broadband,1.1,27.22,345,3.63,5
AIR108503,2025-12-15,Rajasthan,Rajasthan City 1,5G,Prepaid,3.7,38.37,483,4.5,31
AIR108504,2025-02-15,Telangana,Telangana City 1,4G,Postpaid,3.2,4.87,316,4.2,41
AIR108505,2025-03-15,Telangana,Telangana City 1,5G,Postpaid,2.7,15.14,533,4.22,40
AIR108506,2025-04-15,West Bengal,West Bengal City 1,5G,Postpaid,4.8,23.87,305,3.69,25
AIR108507,2025-05-15,Telangana,Telangana City 2,5G,Postpaid,4.8,39.97,605,4,29
AIR108508,2025-06-15,Rajasthan,Rajasthan City 3,5G,Prepaid,4.9,58.09,352,3.87,37
AIR108509,2025-07-15,Rajasthan,Rajasthan City 3,4G,Prepaid,0.6,13.12,869,3.6,27
AIR108510,2025-08-15,Gujarat,Gujarat City 1,5G,Broadband,1.6,34.49,667,3.62,22
AIR108511,2025-09-15,Telangana,Telangana City 3,4G,Broadband,1.7,21.97,341,3.29,-8
AIR108512,2025-10-15,Karnataka,Karnataka City 2,4G,Prepaid,5.9,17.81,671,3.17,19
AIR108513,2025-11-15,Rajasthan,Rajasthan City 1,5G,Broadband,2.6,47.04,397,3.71,15
AIR108514,2025-12-15,Tamil Nadu,Tamil Nadu City 2,4G,Postpaid,4.3,17.83,301,3.12,7
AIR108515,2025-02-15,Tamil Nadu,Tamil Nadu City 2,5G,Postpaid,1.9,35.45,428,3.81,37
AIR108516,2025-03-15,Maharashtra,Maharashtra City 2,5G,Prepaid,6,37.77,317,3.35,19
AIR108517,2025-04-15,Gujarat,Gujarat City 2,5G,Postpaid,4.7,48.14,494,4.01,44
AIR108518,2025-05-15,Kerala,Kerala City 2,4G,Prepaid,0.8,11.64,581,3.44,8
AIR108519,2025-06-15,Karnataka,Karnataka City 1,5G,Postpaid,1.5,32,324,3.76,23
AIR108520,2025-07-15,Rajasthan,Rajasthan City 2,4G,Prepaid,5.1,17.86,504,3.88,32
AIR108521,2025-08-15,Uttar Pradesh,Uttar Pradesh City 1,5G,Postpaid,2.3,50.98,344,3.9,35
AIR108522,2025-09-15,Delhi,Delhi City 3,4G,Prepaid,3.5,21.12,438,3.12,19
AIR108523,2025-10-15,Delhi,Delhi City 2,4G,Prepaid,6.6,15.41,388,3.61,27
AIR108524,2025-11-15,Kerala,Kerala City 2,4G,Prepaid,3,28.92,610,3.54,13
AIR108525,2025-12-15,West Bengal,West Bengal City 3,4G,Prepaid,1.1,21.86,375,3.3,21
AIR108526,2025-02-15,Uttar Pradesh,Uttar Pradesh City 1,4G,Postpaid,3.8,39.29,249,3.66,44
AIR108527,2025-03-15,Delhi,Delhi City 2,4G,Prepaid,2.4,14.4,343,3.67,17
AIR108528,2025-04-15,Kerala,Kerala City 3,4G,Enterprise,3.2,27.32,518,2.93,-9
AIR108529,2025-05-15,Delhi,Delhi City 3,5G,Postpaid,3.1,63.05,639,3.69,39
AIR108530,2025-06-15,Gujarat,Gujarat City 2,4G,Postpaid,5.7,9.1,461,3.18,7
AIR108531,2025-07-15,Maharashtra,Maharashtra City 1,4G,Prepaid,1.7,25.26,266,3.14,-2
AIR108532,2025-08-15,West Bengal,West Bengal City 1,4G,Prepaid,1.5,8.7,673,2.91,5
AIR108533,2025-09-15,Gujarat,Gujarat City 2,5G,Prepaid,4.2,14.37,336,3.99,38
AIR108534,2025-10-15,Uttar Pradesh,Uttar Pradesh City 3,4G,Postpaid,4.8,27.99,724,2.73,-2
AIR108535,2025-11-15,Kerala,Kerala City 2,4G,Prepaid,4.7,21.86,487,2.93,5
AIR108536,2025-12-15,Karnataka,Karnataka City 1,4G,Postpaid,3.7,34.34,20,3.05,4
AIR108537,2025-02-15,Uttar Pradesh,Uttar Pradesh City 3,4G,Prepaid,2.7,24.62,431,3.48,18
AIR108538,2025-03-15,Uttar Pradesh,Uttar Pradesh City 2,4G,Enterprise,0.3,17.56,496,3.04,3
AIR108539,2025-04-15,Telangana,Telangana City 3,4G,Prepaid,3.7,7.02,336,4.01,58
AIR108540,2025-05-15,Karnataka,Karnataka City 1,5G,Prepaid,6.2,35.49,667,3.44,16
AIR108541,2025-06-15,Tamil Nadu,Tamil Nadu City 1,4G,Postpaid,5,9.73,616,3.35,-11
AIR108542,2025-07-15,Telangana,Telangana City 1,4G,Enterprise,5.3,1,290,3.45,15
AIR108543,2025-08-15,Kerala,Kerala City 2,4G,Postpaid,0.7,17.8,613,3.53,11
AIR108544,2025-09-15,Tamil Nadu,Tamil Nadu City 3,4G,Prepaid,6.5,11.54,511,3.25,5
AIR108545,2025-10-15,Delhi,Delhi City 2,5G,Postpaid,3,26.75,266,4.46,63
AIR108546,2025-11-15,Delhi,Delhi City 2,4G,Broadband,1.8,8.19,193,3.01,4
AIR108547,2025-12-15,Uttar Pradesh,Uttar Pradesh City 2,5G,Prepaid,6.6,40.37,108,4.17,43
AIR108548,2025-02-15,Telangana,Telangana City 2,5G,Prepaid,5.1,16.18,525,3.45,3
AIR108549,2025-03-15,Rajasthan,Rajasthan City 3,4G,Broadband,5.4,20.63,766,2.59,-21
AIR108550,2025-04-15,Karnataka,Karnataka City 3,5G,Broadband,1.4,38.46,493,3.79,26
AIR108551,2025-05-15,Tamil Nadu,Tamil Nadu City 2,4G,Postpaid,5.2,11.24,558,3.68,16
AIR108552,2025-06-15,Karnataka,Karnataka City 2,4G,Enterprise,5.5,5.33,325,3.55,17
AIR108553,2025-07-15,Telangana,Telangana City 1,4G,Prepaid,2.8,35.63,651,3.22,10
AIR108554,2025-08-15,Uttar Pradesh,Uttar Pradesh City 1,4G,Postpaid,2.4,33.74,212,4,28
AIR108555,2025-09-15,Gujarat,Gujarat City 3,4G,Postpaid,4.1,7.81,512,3.19,21
AIR108556,2025-10-15,Delhi,Delhi City 1,4G,Postpaid,1.6,18.7,731,3.11,14
AIR108557,2025-11-15,Tamil Nadu,Tamil Nadu City 3,4G,Postpaid,6.7,1,599,3.6,22
AIR108558,2025-12-15,Tamil Nadu,Tamil Nadu City 3,4G,Broadband,2.2,29.68,465,3.16,18
AIR108559,2025-02-15,Kerala,Kerala City 3,4G,Prepaid,3.4,29.55,397,3.98,23
AIR108560,2025-03-15,Tamil Nadu,Tamil Nadu City 1,4G,Prepaid,0.7,1,362,3.32,21
AIR108561,2025-04-15,Telangana,Telangana City 1,4G,Prepaid,1.2,32.52,270,2.97,2
AIR108562,2025-05-15,Tamil Nadu,Tamil Nadu City 3,4G,Postpaid,2.8,17.95,439,3.88,32
AIR108563,2025-06-15,Tamil Nadu,Tamil Nadu City 3,4G,Prepaid,1.3,25.46,612,2.88,-8
AIR108564,2025-07-15,Karnataka,Karnataka City 2,4G,Broadband,4.1,24.05,650,3.29,1
AIR108565,2025-08-15,Uttar Pradesh,Uttar Pradesh City 3,4G,Prepaid,1.9,27.46,570,3.87,26
AIR108566,2025-09-15,Maharashtra,Maharashtra City 3,4G,Prepaid,2.4,23.06,384,2.97,0
AIR108567,2025-10-15,Tamil Nadu,Tamil Nadu City 2,4G,Postpaid,4.1,30.14,351,3.08,6
AIR108568,2025-11-15,Rajasthan,Rajasthan City 3,5G,Postpaid,5.1,48.98,442,3.98,31
AIR108569,2025-12-15,Uttar Pradesh,Uttar Pradesh City 3,4G,Prepaid,6.9,1,365,3.42,13
AIR108570,2025-02-15,West Bengal,West Bengal City 3,4G,Postpaid,0.7,6.14,318,2.84,-3
AIR108571,2025-03-15,Kerala,Kerala City 2,4G,Prepaid,3.3,7.06,351,3.46,22
AIR108572,2025-04-15,Karnataka,Karnataka City 1,4G,Prepaid,2.3,19.14,313,3.74,9
AIR108573,2025-05-15,Kerala,Kerala City 3,4G,Prepaid,3.7,18.06,27,3.39,27
AIR108574,2025-06-15,Gujarat,Gujarat City 2,4G,Postpaid,5.4,14.84,320,3.13,6
AIR108575,2025-07-15,Tamil Nadu,Tamil Nadu City 3,4G,Prepaid,5.5,4.68,698,3.43,4
AIR108576,2025-08-15,Delhi,Delhi City 2,4G,Broadband,2.9,11.36,284,4.3,42
AIR108577,2025-09-15,Rajasthan,Rajasthan City 3,5G,Postpaid,6.3,17.89,392,4.38,39
AIR108578,2025-10-15,Karnataka,Karnataka City 2,4G,Prepaid,2,14.66,589,3.59,40
AIR108579,2025-11-15,Kerala,Kerala City 1,4G,Prepaid,5.6,31.89,495,3.83,17
AIR108580,2025-12-15,Tamil Nadu,Tamil Nadu City 1,5G,Prepaid,6.1,32.22,478,3.79,29
AIR108581,2025-02-15,Delhi,Delhi City 1,4G,Postpaid,6,31.84,419,3.77,19
AIR108582,2025-03-15,Delhi,Delhi City 3,5G,Postpaid,4.7,15.06,209,3.46,17
AIR108583,2025-04-15,Gujarat,Gujarat City 2,4G,Postpaid,1.2,20.03,212,3.42,10
AIR108584,2025-05-15,Uttar Pradesh,Uttar Pradesh City 3,4G,Prepaid,0.6,25.58,216,3.36,15
AIR108585,2025-06-15,Rajasthan,Rajasthan City 3,4G,Prepaid,5,11.54,571,3.02,23
AIR108586,2025-07-15,Maharashtra,Maharashtra City 2,5G,Prepaid,3.8,36.43,451,3.88,31
AIR108587,2025-08-15,Rajasthan,Rajasthan City 3,4G,Prepaid,6.5,14.55,552,3.12,5
AIR108588,2025-09-15,Gujarat,Gujarat City 2,5G,Prepaid,1.3,37.58,511,4.1,40
AIR108589,2025-10-15,Telangana,Telangana City 2,4G,Enterprise,5.7,30.44,154,3,14
AIR108590,2025-11-15,Uttar Pradesh,Uttar Pradesh City 1,4G,Postpaid,5.5,36.89,418,3.45,14
AIR108591,2025-12-15,Karnataka,Karnataka City 1,5G,Postpaid,1.7,39.99,392,3.55,15
AIR108592,2025-02-15,Uttar Pradesh,Uttar Pradesh City 1,4G,Prepaid,3.5,29.56,747,3.53,23
AIR108593,2025-03-15,Gujarat,Gujarat City 2,5G,Prepaid,0.2,54.83,376,3.68,15
AIR108594,2025-04-15,Gujarat,Gujarat City 1,4G,Prepaid,5.2,31.84,416,3.76,22
AIR108595,2025-05-15,Karnataka,Karnataka City 2,5G,Prepaid,5.9,50.5,319,3.83,43
AIR108596,2025-06-15,Karnataka,Karnataka City 3,4G,Postpaid,5.1,25.62,317,2.89,-8
AIR108597,2025-07-15,Karnataka,Karnataka City 1,4G,Prepaid,0.9,26.45,75,4.25,64
AIR108598,2025-08-15,Uttar Pradesh,Uttar Pradesh City 2,5G,Broadband,1.9,62.17,275,4.09,45
AIR108599,2025-09-15,Tamil Nadu,Tamil Nadu City 2,4G,Enterprise,3.7,22.76,118,3.88,20
AIR108600,2025-10-15,Kerala,Kerala City 2,4G,Prepaid,6.3,32.86,483,3.44,27
AIR108601,2025-11-15,West Bengal,West Bengal City 2,4G,Postpaid,5.8,26.93,569,3.99,31
AIR108602,2025-12-15,Karnataka,Karnataka City 1,4G,Postpaid,2.1,13.64,380,3.45,27
AIR108603,2025-02-15,Kerala,Kerala City 1,5G,Prepaid,5.5,53.57,296,4.81,65
AIR108604,2025-03-15,West Bengal,West Bengal City 1,4G,Broadband,2.5,17.03,553,3.07,0
AIR108605,2025-04-15,Uttar Pradesh,Uttar Pradesh City 2,4G,Prepaid,2.1,21.18,385,4.24,39
AIR108606,2025-05-15,Kerala,Kerala City 3,4G,Postpaid,5.5,20.47,20,3.55,9
AIR108607,2025-06-15,Karnataka,Karnataka City 2,5G,Prepaid,2.8,49.38,181,3.77,20
AIR108608,2025-07-15,Maharashtra,Maharashtra City 3,4G,Prepaid,2.5,22.61,170,2.97,-16
AIR108609,2025-08-15,Gujarat,Gujarat City 1,4G,Postpaid,4.5,33.4,508,3.17,-5
AIR108610,2025-09-15,Kerala,Kerala City 2,4G,Broadband,1,12.23,183,3.27,26
AIR108611,2025-10-15,Delhi,Delhi City 2,4G,Prepaid,6.1,26.76,628,3.63,31
AIR108612,2025-11-15,Delhi,Delhi City 1,5G,Prepaid,5.4,32.58,369,3.64,23
AIR108613,2025-12-15,Kerala,Kerala City 2,4G,Prepaid,1.6,31.59,539,3.55,28
AIR108614,2025-02-15,Karnataka,Karnataka City 3,4G,Prepaid,4.3,25.55,325,3.71,12
AIR108615,2025-03-15,Rajasthan,Rajasthan City 3,4G,Postpaid,2.6,30.71,262,3.86,20
AIR108616,2025-04-15,Karnataka,Karnataka City 3,5G,Postpaid,3.8,24.22,326,3.13,7
AIR108617,2025-05-15,Uttar Pradesh,Uttar Pradesh City 2,4G,Broadband,4.2,20.3,537,3.09,3
AIR108618,2025-06-15,Karnataka,Karnataka City 2,4G,Postpaid,4.1,12.81,695,3.82,28
AIR108619,2025-07-15,Uttar Pradesh,Uttar Pradesh City 3,4G,Broadband,3.8,20.79,334,3.05,2
AIR108620,2025-08-15,Rajasthan,Rajasthan City 2,5G,Postpaid,4.3,24.36,513,4.39,50
AIR108621,2025-09-15,Maharashtra,Maharashtra City 3,4G,Broadband,1.2,11.35,589,2.8,-8
AIR108622,2025-10-15,Uttar Pradesh,Uttar Pradesh City 1,4G,Prepaid,3.2,22.51,20,3.21,11
AIR108623,2025-11-15,Telangana,Telangana City 3,4G,Postpaid,6.8,14.99,287,3.59,33
AIR108624,2025-12-15,Delhi,Delhi City 1,4G,Enterprise,2.3,10.74,773,3.06,4
AIR108625,2025-02-15,Gujarat,Gujarat City 1,5G,Postpaid,3.4,29.37,229,3.52,15
AIR108626,2025-03-15,Delhi,Delhi City 1,4G,Broadband,0.6,19.31,260,3.21,15
AIR108627,2025-04-15,Uttar Pradesh,Uttar Pradesh City 3,5G,Prepaid,5.6,13.07,704,4.16,58
AIR108628,2025-05-15,Telangana,Telangana City 3,4G,Broadband,2.5,10.19,370,2.76,-15
AIR108629,2025-06-15,Tamil Nadu,Tamil Nadu City 2,4G,Postpaid,5.2,5.58,338,3.82,19
AIR108630,2025-07-15,Maharashtra,Maharashtra City 2,4G,Prepaid,2.1,15.51,495,3.62,23
AIR108631,2025-08-15,Maharashtra,Maharashtra City 1,5G,Prepaid,4.9,38.35,272,4.28,42
AIR108632,2025-09-15,Tamil Nadu,Tamil Nadu City 3,4G,Prepaid,5.2,6.05,112,3.19,17
AIR108633,2025-10-15,Gujarat,Gujarat City 2,5G,Broadband,4.4,24.29,330,3.84,21
AIR108634,2025-11-15,Rajasthan,Rajasthan City 2,4G,Postpaid,3.9,12.79,507,3.23,-9
AIR108635,2025-12-15,West Bengal,West Bengal City 2,4G,Broadband,3.5,14.04,484,3.38,17
AIR108636,2025-02-15,Telangana,Telangana City 3,5G,Prepaid,1.2,62.63,624,3.97,47
AIR108637,2025-03-15,Uttar Pradesh,Uttar Pradesh City 2,5G,Broadband,4.8,13.62,424,4.07,31
AIR108638,2025-04-15,West Bengal,West Bengal City 1,4G,Postpaid,5.1,16.1,824,4.02,45
AIR108639,2025-05-15,Gujarat,Gujarat City 3,4G,Prepaid,1.1,6.81,444,3.08,0
AIR108640,2025-06-15,Rajasthan,Rajasthan City 2,4G,Prepaid,5,13.5,334,3.44,11
AIR108641,2025-07-15,Maharashtra,Maharashtra City 2,4G,Enterprise,1.4,10.79,428,3.52,29
AIR108642,2025-08-15,Uttar Pradesh,Uttar Pradesh City 3,4G,Prepaid,3.2,11.28,659,3.28,8
AIR108643,2025-09-15,Uttar Pradesh,Uttar Pradesh City 2,4G,Prepaid,3.1,11.27,589,3.48,-5
AIR108644,2025-10-15,Rajasthan,Rajasthan City 2,4G,Prepaid,4.8,22.87,547,4.14,44
AIR108645,2025-11-15,Delhi,Delhi City 1,4G,Prepaid,5.8,14.88,466,3.86,23
AIR108646,2025-12-15,Telangana,Telangana City 3,5G,Broadband,3.6,42.39,116,3.79,26
AIR108647,2025-02-15,Rajasthan,Rajasthan City 2,4G,Postpaid,2.2,15.44,322,4.12,47
AIR108648,2025-03-15,Karnataka,Karnataka City 3,4G,Postpaid,2.2,35.78,162,4.01,37
AIR108649,2025-04-15,Karnataka,Karnataka City 3,5G,Broadband,3.8,47.33,537,4.17,38
AIR108650,2025-05-15,Rajasthan,Rajasthan City 1,4G,Postpaid,0.8,11.16,61,3.12,-8
AIR108651,2025-06-15,Maharashtra,Maharashtra City 1,4G,Broadband,1.7,20.22,522,3.92,26
AIR108652,2025-07-15,Rajasthan,Rajasthan City 3,4G,Prepaid,5.3,22.47,429,3.9,23
AIR108653,2025-08-15,Kerala,Kerala City 1,4G,Enterprise,1.5,16.18,552,3.25,19
AIR108654,2025-09-15,Gujarat,Gujarat City 1,5G,Prepaid,2.8,1,206,3.35,18
AIR108655,2025-10-15,Karnataka,Karnataka City 2,4G,Postpaid,5,15.49,227,3.04,7
AIR108656,2025-11-15,West Bengal,West Bengal City 1,4G,Postpaid,5.7,13.51,483,4,41
AIR108657,2025-12-15,Rajasthan,Rajasthan City 1,4G,Prepaid,2.5,14.46,322,4.06,62
AIR108658,2025-02-15,Karnataka,Karnataka City 2,5G,Prepaid,3.8,45.84,432,3.8,8
AIR108659,2025-03-15,Gujarat,Gujarat City 2,5G,Prepaid,2.2,50.59,360,3.36,22
AIR108660,2025-04-15,Gujarat,Gujarat City 3,4G,Prepaid,1.8,14.93,179,2.87,5
AIR108661,2025-05-15,West Bengal,West Bengal City 1,4G,Postpaid,5.9,5.22,426,3.46,12
AIR108662,2025-06-15,Uttar Pradesh,Uttar Pradesh City 2,4G,Enterprise,5.8,20.04,465,3.11,15
AIR108663,2025-07-15,Kerala,Kerala City 1,4G,Postpaid,3.5,6.36,412,3.25,15
AIR108664,2025-08-15,Rajasthan,Rajasthan City 3,4G,Postpaid,1,32.92,351,2.7,-1
AIR108665,2025-09-15,Tamil Nadu,Tamil Nadu City 1,4G,Prepaid,6.6,17.61,464,3.61,19
AIR108666,2025-10-15,Rajasthan,Rajasthan City 1,5G,Prepaid,1.3,31.23,519,3.75,35
AIR108667,2025-11-15,Uttar Pradesh,Uttar Pradesh City 1,4G,Postpaid,5.6,25.45,547,3.35,2
AIR108668,2025-12-15,Telangana,Telangana City 2,4G,Enterprise,6.1,14.44,226,3.65,22
AIR108669,2025-02-15,Delhi,Delhi City 2,5G,Broadband,0.9,47.86,475,3.53,26
AIR108670,2025-03-15,Maharashtra,Maharashtra City 3,4G,Prepaid,4.9,22.67,382,3.54,16
AIR108671,2025-04-15,Uttar Pradesh,Uttar Pradesh City 1,4G,Postpaid,1.2,24.94,195,2.88,9
AIR108672,2025-05-15,Gujarat,Gujarat City 3,4G,Postpaid,4.2,15.87,528,3.13,5
AIR108673,2025-06-15,Tamil Nadu,Tamil Nadu City 3,4G,Postpaid,5.7,25.6,282,2.93,6
AIR108674,2025-07-15,Maharashtra,Maharashtra City 2,5G,Postpaid,5.4,44.59,328,3.94,29
AIR108675,2025-08-15,Karnataka,Karnataka City 1,5G,Postpaid,5,32.83,143,3.94,38
AIR108676,2025-09-15,Rajasthan,Rajasthan City 1,4G,Prepaid,5.5,21.09,734,4.01,18
AIR108677,2025-10-15,Maharashtra,Maharashtra City 3,5G,Broadband,2.5,34.45,443,4.03,24
AIR108678,2025-11-15,Karnataka,Karnataka City 1,5G,Prepaid,5.5,22.86,499,3.98,27
AIR108679,2025-12-15,Delhi,Delhi City 2,4G,Postpaid,5.1,31.98,461,3.3,18
AIR108680,2025-02-15,Karnataka,Karnataka City 3,5G,Broadband,1.8,68.33,102,4.5,43
AIR108681,2025-03-15,Tamil Nadu,Tamil Nadu City 3,4G,Postpaid,2.3,30.73,515,3.13,0
AIR108682,2025-04-15,Gujarat,Gujarat City 2,4G,Prepaid,2.4,22.53,303,2.87,3
AIR108683,2025-05-15,Uttar Pradesh,Uttar Pradesh City 2,4G,Prepaid,6.3,10.48,439,2.69,-7
AIR108684,2025-06-15,West Bengal,West Bengal City 2,4G,Postpaid,5.4,16.46,418,3.18,14
AIR108685,2025-07-15,Uttar Pradesh,Uttar Pradesh City 2,5G,Prepaid,2.9,19.14,509,3.45,13
AIR108686,2025-08-15,Uttar Pradesh,Uttar Pradesh City 2,5G,Prepaid,1.7,62.63,589,3.66,7
AIR108687,2025-09-15,Karnataka,Karnataka City 2,5G,Prepaid,6.2,37.82,703,4.31,62
AIR108688,2025-10-15,Rajasthan,Rajasthan City 3,4G,Broadband,1.6,13.75,380,4.09,35
AIR108689,2025-11-15,Maharashtra,Maharashtra City 1,4G,Prepaid,4,14.52,464,3.13,3
AIR108690,2025-12-15,West Bengal,West Bengal City 1,4G,Postpaid,2.5,13.32,416,3.94,33
AIR108691,2025-02-15,West Bengal,West Bengal City 3,4G,Prepaid,2.5,29.62,527,3.74,28
AIR108692,2025-03-15,Maharashtra,Maharashtra City 1,4G,Postpaid,5.8,9.81,424,3.71,10
AIR108693,2025-04-15,Maharashtra,Maharashtra City 1,4G,Prepaid,5.4,18.58,711,2.89,-1
AIR108694,2025-05-15,Gujarat,Gujarat City 3,4G,Postpaid,6,26.69,215,3.6,21
AIR108695,2025-06-15,Tamil Nadu,Tamil Nadu City 1,4G,Postpaid,2.4,14.06,391,3.64,33
AIR108696,2025-07-15,Delhi,Delhi City 1,4G,Prepaid,5.2,30.09,284,4.23,41
AIR108697,2025-08-15,Tamil Nadu,Tamil Nadu City 3,4G,Broadband,5,9.12,394,3.53,11
AIR108698,2025-09-15,Maharashtra,Maharashtra City 1,5G,Broadband,2.2,36.54,420,4.23,31
AIR108699,2025-10-15,Rajasthan,Rajasthan City 2,4G,Prepaid,3.6,20.88,309,3.25,-8
AIR108700,2025-11-15,Kerala,Kerala City 3,4G,Postpaid,4.4,11.55,357,2.85,-19
AIR108701,2025-12-15,Kerala,Kerala City 1,5G,Postpaid,2.8,14.68,192,3.77,21
AIR108702,2025-02-15,Delhi,Delhi City 1,5G,Prepaid,3.1,48.89,247,3.93,25
AIR108703,2025-03-15,Maharashtra,Maharashtra City 2,5G,Prepaid,1.9,27.93,487,3.81,31
AIR108704,2025-04-15,Kerala,Kerala City 3,4G,Enterprise,3.5,23.27,475,3.18,0
AIR108705,2025-05-15,Delhi,Delhi City 3,4G,Postpaid,4,11.84,560,3.62,32
AIR108706,2025-06-15,West Bengal,West Bengal City 1,5G,Broadband,3.4,19.35,285,3.99,33
AIR108707,2025-07-15,Delhi,Delhi City 2,5G,Postpaid,3.5,42.5,250,4.06,20
AIR108708,2025-08-15,West Bengal,West Bengal City 2,4G,Prepaid,5.7,11.04,163,3.75,26
AIR108709,2025-09-15,Gujarat,Gujarat City 2,4G,Prepaid,1.4,8.11,371,3.68,17
AIR108710,2025-10-15,Kerala,Kerala City 2,4G,Postpaid,5.7,16.7,339,3.51,19
AIR108711,2025-11-15,Delhi,Delhi City 2,4G,Postpaid,6.8,22.98,383,2.58,-11
AIR108712,2025-12-15,Delhi,Delhi City 2,4G,Prepaid,2.1,14.01,609,2.76,-19
AIR108713,2025-02-15,Delhi,Delhi City 3,4G,Postpaid,1,32.04,526,2.65,-13
AIR108714,2025-03-15,Rajasthan,Rajasthan City 1,5G,Broadband,3.9,35.69,365,4.17,34
AIR108715,2025-04-15,Delhi,Delhi City 1,4G,Postpaid,3.4,15.18,583,2.85,4
AIR108716,2025-05-15,Rajasthan,Rajasthan City 2,5G,Prepaid,3.6,20.15,542,3.68,44
AIR108717,2025-06-15,Uttar Pradesh,Uttar Pradesh City 3,4G,Prepaid,3.1,17.87,429,3.69,17
AIR108718,2025-07-15,Gujarat,Gujarat City 3,4G,Enterprise,2.3,31.92,582,3.67,22
AIR108719,2025-08-15,Uttar Pradesh,Uttar Pradesh City 2,4G,Broadband,3.1,17.08,246,4.2,46
AIR108720,2025-09-15,Telangana,Telangana City 1,5G,Prepaid,5.3,20.37,185,3.93,45
AIR108721,2025-10-15,Uttar Pradesh,Uttar Pradesh City 2,4G,Broadband,1.6,22.34,252,3.56,10
AIR108722,2025-11-15,Maharashtra,Maharashtra City 3,4G,Prepaid,1.1,25.33,593,3.57,26
AIR108723,2025-12-15,West Bengal,West Bengal City 2,5G,Prepaid,4.1,11.52,590,3.93,56
AIR108724,2025-02-15,Maharashtra,Maharashtra City 1,4G,Prepaid,4.7,16.63,445,3.33,24
AIR108725,2025-03-15,Tamil Nadu,Tamil Nadu City 1,5G,Prepaid,0.7,51.5,104,3.46,-4
AIR108726,2025-04-15,Uttar Pradesh,Uttar Pradesh City 3,5G,Broadband,5.8,45.54,425,4.22,52
AIR108727,2025-05-15,Kerala,Kerala City 2,5G,Postpaid,0.6,37.26,431,4.03,37
AIR108728,2025-06-15,Karnataka,Karnataka City 2,4G,Prepaid,3.4,20.06,517,3.93,37
AIR108729,2025-07-15,Uttar Pradesh,Uttar Pradesh City 3,4G,Broadband,6.1,1,437,4.26,43
AIR108730,2025-08-15,Gujarat,Gujarat City 2,5G,Broadband,1.1,34.85,476,3.92,31
AIR108731,2025-09-15,Uttar Pradesh,Uttar Pradesh City 3,4G,Prepaid,2.7,25.29,447,2.96,17
AIR108732,2025-10-15,Rajasthan,Rajasthan City 2,4G,Postpaid,4.8,34.49,764,3.23,16
AIR108733,2025-11-15,Tamil Nadu,Tamil Nadu City 1,5G,Postpaid,1.5,31.13,455,3.57,26
AIR108734,2025-12-15,Delhi,Delhi City 3,4G,Postpaid,6.4,16.39,415,4.04,17
AIR108735,2025-02-15,Tamil Nadu,Tamil Nadu City 2,5G,Postpaid,2.5,1,436,4.21,46
AIR108736,2025-03-15,Tamil Nadu,Tamil Nadu City 2,5G,Prepaid,0.2,15.74,191,4.03,24
AIR108737,2025-04-15,West Bengal,West Bengal City 2,5G,Prepaid,2.3,3.26,160,4.56,56
AIR108738,2025-05-15,Karnataka,Karnataka City 3,4G,Broadband,4.4,19.57,340,3.36,12
AIR108739,2025-06-15,Tamil Nadu,Tamil Nadu City 1,4G,Broadband,1.6,22.39,597,2.91,1
AIR108740,2025-07-15,West Bengal,West Bengal City 2,4G,Prepaid,1.2,26.91,20,2.83,-27
AIR108741,2025-08-15,Delhi,Delhi City 3,4G,Prepaid,3.2,25.37,545,3.25,9
AIR108742,2025-09-15,Maharashtra,Maharashtra City 2,4G,Broadband,4.3,22.37,305,3.75,12
AIR108743,2025-10-15,Delhi,Delhi City 1,4G,Prepaid,5.2,13.47,263,3.6,16
AIR108744,2025-11-15,Kerala,Kerala City 1,4G,Prepaid,6.7,15.86,436,3.32,10
AIR108745,2025-12-15,Tamil Nadu,Tamil Nadu City 1,4G,Prepaid,6.2,28.06,88,2.83,-6
AIR108746,2025-02-15,Tamil Nadu,Tamil Nadu City 3,5G,Prepaid,5.3,29.76,303,3.9,24
AIR108747,2025-03-15,Maharashtra,Maharashtra City 2,4G,Prepaid,6.1,12.16,364,3.84,20
AIR108748,2025-04-15,Gujarat,Gujarat City 3,4G,Postpaid,0.7,13.42,783,3.24,5
AIR108749,2025-05-15,Tamil Nadu,Tamil Nadu City 2,4G,Prepaid,5.8,22.72,167,3.39,7
AIR108750,2025-06-15,Karnataka,Karnataka City 3,5G,Enterprise,2.5,36.09,467,3.98,25
AIR108751,2025-07-15,Telangana,Telangana City 2,4G,Broadband,6.3,1.69,341,3.49,27
AIR108752,2025-08-15,Tamil Nadu,Tamil Nadu City 3,4G,Broadband,2.8,5.6,617,3.4,24
AIR108753,2025-09-15,Telangana,Telangana City 2,4G,Broadband,6.3,18.12,277,3.13,23
AIR108754,2025-10-15,Delhi,Delhi City 3,4G,Postpaid,0.8,38.78,354,2.4,-21
AIR108755,2025-11-15,Uttar Pradesh,Uttar Pradesh City 1,5G,Prepaid,1.3,17.61,263,4.54,51
AIR108756,2025-12-15,Gujarat,Gujarat City 3,5G,Prepaid,4.4,44.87,182,4.34,24
AIR108757,2025-02-15,West Bengal,West Bengal City 1,4G,Prepaid,5.9,35.17,398,3.28,21
AIR108758,2025-03-15,Rajasthan,Rajasthan City 1,5G,Prepaid,2.5,28.33,466,3.99,31
AIR108759,2025-04-15,Gujarat,Gujarat City 2,5G,Postpaid,4.8,29.31,454,3.78,16
AIR108760,2025-05-15,Rajasthan,Rajasthan City 1,5G,Enterprise,3.6,35.1,329,3.83,40
AIR108761,2025-06-15,Delhi,Delhi City 1,4G,Prepaid,3.6,11.24,498,4.11,42
AIR108762,2025-07-15,Gujarat,Gujarat City 2,4G,Postpaid,1.1,21.03,622,4.28,44
AIR108763,2025-08-15,West Bengal,West Bengal City 3,4G,Postpaid,2.9,1,397,3.62,17
AIR108764,2025-09-15,Rajasthan,Rajasthan City 3,4G,Prepaid,5.9,10.28,565,3.41,1
AIR108765,2025-10-15,Maharashtra,Maharashtra City 1,4G,Broadband,6.6,11.99,785,2.62,-23
AIR108766,2025-11-15,Karnataka,Karnataka City 3,5G,Postpaid,6.6,22.06,545,4.38,51
AIR108767,2025-12-15,Gujarat,Gujarat City 1,5G,Prepaid,3.7,42.1,133,4.54,70
AIR108768,2025-02-15,Delhi,Delhi City 3,5G,Broadband,1.1,39.82,307,4.08,54
AIR108769,2025-03-15,Tamil Nadu,Tamil Nadu City 3,4G,Postpaid,2.7,32.64,80,3.34,16
AIR108770,2025-04-15,West Bengal,West Bengal City 3,4G,Postpaid,2.2,15.79,558,3.23,-13
AIR108771,2025-05-15,Rajasthan,Rajasthan City 1,4G,Postpaid,0.8,8.12,554,2.74,5
AIR108772,2025-06-15,Rajasthan,Rajasthan City 2,4G,Postpaid,3,14.04,378,3.27,6
AIR108773,2025-07-15,Karnataka,Karnataka City 3,5G,Prepaid,5,30.61,487,3.48,23
AIR108774,2025-08-15,Rajasthan,Rajasthan City 3,4G,Broadband,3.6,17.08,405,3.26,-2
AIR108775,2025-09-15,Telangana,Telangana City 3,5G,Enterprise,6.3,47.78,273,3.88,48
AIR108776,2025-10-15,Kerala,Kerala City 1,4G,Postpaid,4.2,24.74,687,4.11,32
AIR108777,2025-11-15,Telangana,Telangana City 2,4G,Postpaid,3.3,20.45,559,3.09,0
AIR108778,2025-12-15,Rajasthan,Rajasthan City 1,4G,Broadband,3.7,16.37,20,3.89,34
AIR108779,2025-02-15,West Bengal,West Bengal City 3,4G,Prepaid,0.7,20.66,374,3.3,-8
AIR108780,2025-03-15,Gujarat,Gujarat City 1,4G,Enterprise,5.7,19.02,161,3.24,12
AIR108781,2025-04-15,Delhi,Delhi City 3,4G,Postpaid,5,12.99,114,3.2,7
AIR108782,2025-05-15,Tamil Nadu,Tamil Nadu City 3,4G,Prepaid,3.3,1,299,3.24,13
AIR108783,2025-06-15,Gujarat,Gujarat City 1,5G,Postpaid,5,50.67,591,3.99,42
AIR108784,2025-07-15,Maharashtra,Maharashtra City 3,5G,Postpaid,1.1,46.38,459,4.46,69
AIR108785,2025-08-15,Gujarat,Gujarat City 3,5G,Prepaid,5,6.43,489,3.68,6
AIR108786,2025-09-15,Gujarat,Gujarat City 2,5G,Postpaid,3.7,61.46,329,4.48,53
AIR108787,2025-10-15,Delhi,Delhi City 1,5G,Postpaid,4.1,22.31,528,4.05,27
AIR108788,2025-11-15,Karnataka,Karnataka City 1,4G,Postpaid,4.2,11.34,565,3.98,37
AIR108789,2025-12-15,Rajasthan,Rajasthan City 3,4G,Prepaid,6.3,16.52,461,3.42,37
AIR108790,2025-02-15,Karnataka,Karnataka City 3,4G,Postpaid,5.6,19.02,697,3.56,20
AIR108791,2025-03-15,Maharashtra,Maharashtra City 1,5G,Postpaid,6,44.15,511,3.24,9
AIR108792,2025-04-15,Uttar Pradesh,Uttar Pradesh City 1,4G,Enterprise,3.5,14.74,329,3.7,44
AIR108793,2025-05-15,Tamil Nadu,Tamil Nadu City 1,4G,Broadband,2.2,27.74,189,2.63,-2
AIR108794,2025-06-15,Telangana,Telangana City 3,5G,Broadband,4.2,36.16,273,4.6,56
AIR108795,2025-07-15,Tamil Nadu,Tamil Nadu City 2,4G,Prepaid,5.4,16.31,491,3.58,14
AIR108796,2025-08-15,Rajasthan,Rajasthan City 2,5G,Broadband,4.9,36.16,536,3.86,30
AIR108797,2025-09-15,Tamil Nadu,Tamil Nadu City 3,5G,Prepaid,1.6,24.49,708,3.93,25
AIR108798,2025-10-15,Kerala,Kerala City 3,4G,Prepaid,3.9,16.49,490,3.69,35
AIR108799,2025-11-15,Telangana,Telangana City 3,5G,Prepaid,5.8,23.84,397,3.25,14
AIR108800,2025-12-15,Maharashtra,Maharashtra City 1,5G,Broadband,5.8,39.51,286,3.73,25
AIR108801,2025-02-15,Rajasthan,Rajasthan City 3,4G,Prepaid,0.8,28.54,447,3.38,23
AIR108802,2025-03-15,West Bengal,West Bengal City 1,5G,Prepaid,4.4,50.5,421,3.78,46
AIR108803,2025-04-15,Maharashtra,Maharashtra City 2,5G,Prepaid,1.9,54.67,55,3.69,35
AIR108804,2025-05-15,Kerala,Kerala City 3,4G,Postpaid,6.2,28.6,330,3.26,10
AIR108805,2025-06-15,Telangana,Telangana City 3,4G,Broadband,5.8,21.54,463,3.44,22
AIR108806,2025-07-15,Delhi,Delhi City 1,4G,Prepaid,4.5,18.23,491,3.51,25
AIR108807,2025-08-15,Kerala,Kerala City 1,4G,Postpaid,4.4,6.1,403,3.87,46
AIR108808,2025-09-15,Maharashtra,Maharashtra City 1,4G,Prepaid,3.2,9.24,634,3.58,10
AIR108809,2025-10-15,Rajasthan,Rajasthan City 2,5G,Prepaid,6.8,21.28,220,3.52,19
AIR108810,2025-11-15,Uttar Pradesh,Uttar Pradesh City 2,4G,Prepaid,1,23.35,226,4.13,37
AIR108811,2025-12-15,Rajasthan,Rajasthan City 3,5G,Prepaid,6.4,29.02,534,3.49,19
AIR108812,2025-02-15,Telangana,Telangana City 3,4G,Postpaid,3.4,17.94,417,3.84,29
AIR108813,2025-03-15,Uttar Pradesh,Uttar Pradesh City 1,4G,Prepaid,1.1,23.04,261,2.61,-12
AIR108814,2025-04-15,Karnataka,Karnataka City 2,4G,Broadband,3.3,18.27,305,3.4,17
AIR108815,2025-05-15,Telangana,Telangana City 3,5G,Enterprise,3,6.28,627,4.2,11
AIR108816,2025-06-15,Telangana,Telangana City 1,4G,Prepaid,1.9,29.14,20,3.49,2
AIR108817,2025-07-15,Kerala,Kerala City 1,4G,Prepaid,3.8,18.07,275,3.45,41
AIR108818,2025-08-15,Rajasthan,Rajasthan City 2,5G,Postpaid,5.5,51.21,423,3.93,31
AIR108819,2025-09-15,Maharashtra,Maharashtra City 2,4G,Prepaid,5,28.18,274,3.61,20
AIR108820,2025-10-15,Delhi,Delhi City 3,4G,Prepaid,4.5,22.48,272,3.79,24
AIR108821,2025-11-15,Tamil Nadu,Tamil Nadu City 3,4G,Prepaid,4.4,24.29,404,3.7,22
AIR108822,2025-12-15,Gujarat,Gujarat City 1,5G,Broadband,6,13.36,652,4.26,59
AIR108823,2025-02-15,Delhi,Delhi City 1,4G,Postpaid,2.5,9.51,662,3.36,11
AIR108824,2025-03-15,Tamil Nadu,Tamil Nadu City 1,4G,Prepaid,1,16.55,542,3.51,23
AIR108825,2025-04-15,Karnataka,Karnataka City 3,4G,Prepaid,0.5,16.32,557,3.77,19
AIR108826,2025-05-15,Maharashtra,Maharashtra City 2,5G,Prepaid,3.3,43.19,80,3.77,47
AIR108827,2025-06-15,Rajasthan,Rajasthan City 3,4G,Prepaid,5.7,20.21,648,3.56,19
AIR108828,2025-07-15,West Bengal,West Bengal City 2,4G,Postpaid,1.7,17.37,421,3.73,33
AIR108829,2025-08-15,Telangana,Telangana City 3,4G,Broadband,3.6,27.74,463,3.99,54
AIR108830,2025-09-15,Delhi,Delhi City 3,4G,Prepaid,1.7,11.45,614,3.47,24
AIR108831,2025-10-15,Tamil Nadu,Tamil Nadu City 2,5G,Prepaid,2.4,70.45,781,4.15,51
AIR108832,2025-11-15,West Bengal,West Bengal City 3,4G,Prepaid,6.3,9.48,277,3.27,19
AIR108833,2025-12-15,Delhi,Delhi City 3,5G,Prepaid,1.5,48.56,682,4.04,43
AIR108834,2025-02-15,Maharashtra,Maharashtra City 1,5G,Enterprise,0.2,16.11,471,3.44,20
AIR108835,2025-03-15,Rajasthan,Rajasthan City 2,5G,Prepaid,0.9,12.89,411,4.08,35
AIR108836,2025-04-15,Uttar Pradesh,Uttar Pradesh City 2,4G,Prepaid,1.9,20.49,560,3.6,15
AIR108837,2025-05-15,Delhi,Delhi City 1,5G,Prepaid,4.9,38.66,501,4.25,40
AIR108838,2025-06-15,Delhi,Delhi City 2,4G,Postpaid,5.8,13.09,349,3.74,27
AIR108839,2025-07-15,Rajasthan,Rajasthan City 1,5G,Broadband,3.1,43.19,256,3.92,32
AIR108840,2025-08-15,Karnataka,Karnataka City 2,4G,Prepaid,1.3,25.08,603,2.67,-15
AIR108841,2025-09-15,Kerala,Kerala City 2,5G,Prepaid,5.5,27.47,395,4.18,40
AIR108842,2025-10-15,Delhi,Delhi City 2,4G,Prepaid,5.1,6.13,396,2.78,1
AIR108843,2025-11-15,Rajasthan,Rajasthan City 2,5G,Postpaid,1.8,26.86,386,3.66,29
AIR108844,2025-12-15,Kerala,Kerala City 1,5G,Postpaid,4.7,2.07,520,3.55,17
AIR108845,2025-02-15,Rajasthan,Rajasthan City 1,5G,Postpaid,3.6,36.57,250,4.36,41
AIR108846,2025-03-15,Rajasthan,Rajasthan City 2,5G,Postpaid,1.4,34.16,20,4.52,62
AIR108847,2025-04-15,Karnataka,Karnataka City 3,4G,Broadband,5.2,14.83,603,3.09,15
AIR108848,2025-05-15,Rajasthan,Rajasthan City 1,4G,Prepaid,4.9,27.63,522,3.17,1
AIR108849,2025-06-15,Maharashtra,Maharashtra City 2,5G,Postpaid,4.2,32.56,422,3.63,15
AIR108850,2025-07-15,Delhi,Delhi City 1,5G,Postpaid,2.2,24.8,226,3.77,38
AIR108851,2025-08-15,Tamil Nadu,Tamil Nadu City 3,4G,Postpaid,1.5,23.52,225,3.02,33
AIR108852,2025-09-15,Tamil Nadu,Tamil Nadu City 3,4G,Prepaid,5.2,36.87,139,3.34,21
AIR108853,2025-10-15,Tamil Nadu,Tamil Nadu City 3,4G,Prepaid,6.3,25.53,274,3.7,24
AIR108854,2025-11-15,Rajasthan,Rajasthan City 2,4G,Prepaid,1.2,21.8,372,4.26,38
AIR108855,2025-12-15,West Bengal,West Bengal City 2,4G,Prepaid,1.2,25.85,238,4.39,45
AIR108856,2025-02-15,Kerala,Kerala City 3,4G,Postpaid,3.8,12.92,256,3.53,14
AIR108857,2025-03-15,Kerala,Kerala City 1,4G,Prepaid,6.2,25.5,464,3.64,29
AIR108858,2025-04-15,Rajasthan,Rajasthan City 1,4G,Postpaid,5.6,26.2,454,3.61,22
AIR108859,2025-05-15,Maharashtra,Maharashtra City 3,4G,Broadband,5.5,25.87,470,3.3,3
AIR108860,2025-06-15,Maharashtra,Maharashtra City 2,4G,Prepaid,1,31.25,428,3.82,42
AIR108861,2025-07-15,Telangana,Telangana City 1,4G,Prepaid,5.6,1,444,3.63,34
AIR108862,2025-08-15,Rajasthan,Rajasthan City 1,5G,Broadband,2.5,19.43,809,3.96,19
AIR108863,2025-09-15,Gujarat,Gujarat City 1,4G,Postpaid,6.2,25.88,294,3.31,8
AIR108864,2025-10-15,Karnataka,Karnataka City 2,5G,Prepaid,5.3,41.02,709,4.28,32
AIR108865,2025-11-15,Tamil Nadu,Tamil Nadu City 3,5G,Prepaid,3.2,6.51,430,3.87,27
AIR108866,2025-12-15,Karnataka,Karnataka City 2,4G,Postpaid,3.8,32.17,542,3.75,28
AIR108867,2025-02-15,Tamil Nadu,Tamil Nadu City 1,4G,Postpaid,1.2,14.01,390,3.07,15
AIR108868,2025-03-15,Uttar Pradesh,Uttar Pradesh City 3,4G,Postpaid,2.6,22.66,531,3.54,22
AIR108869,2025-04-15,Uttar Pradesh,Uttar Pradesh City 2,4G,Postpaid,2.5,20.95,404,3.14,0
AIR108870,2025-05-15,Rajasthan,Rajasthan City 3,4G,Postpaid,5.9,11.42,694,3.11,2
AIR108871,2025-06-15,Uttar Pradesh,Uttar Pradesh City 1,4G,Prepaid,6.2,19.81,428,4.17,34
AIR108872,2025-07-15,West Bengal,West Bengal City 2,4G,Postpaid,4.4,20.6,618,3.02,5
AIR108873,2025-08-15,Telangana,Telangana City 3,4G,Enterprise,6.5,24.32,230,4.4,52
AIR108874,2025-09-15,Maharashtra,Maharashtra City 2,5G,Prepaid,3.3,43.05,428,3.81,47
AIR108875,2025-10-15,West Bengal,West Bengal City 1,4G,Postpaid,2.3,23.29,485,3.61,24
AIR108876,2025-11-15,Karnataka,Karnataka City 3,5G,Prepaid,2,25.54,326,4.16,34
AIR108877,2025-12-15,Karnataka,Karnataka City 1,4G,Prepaid,4.8,16.88,439,3.15,17
AIR108878,2025-02-15,Uttar Pradesh,Uttar Pradesh City 3,4G,Broadband,6.1,7.68,321,3.68,33
AIR108879,2025-03-15,Maharashtra,Maharashtra City 1,4G,Prepaid,1.7,14.1,439,3.12,21
AIR108880,2025-04-15,Telangana,Telangana City 1,5G,Prepaid,6.2,45.58,455,3.41,29
AIR108881,2025-05-15,Tamil Nadu,Tamil Nadu City 2,4G,Postpaid,1,12.6,257,3.24,25
AIR108882,2025-06-15,West Bengal,West Bengal City 1,4G,Prepaid,0.6,25.35,129,3.92,40
AIR108883,2025-07-15,Telangana,Telangana City 2,5G,Postpaid,4.1,16.03,357,3.51,28
AIR108884,2025-08-15,Delhi,Delhi City 1,4G,Prepaid,3.4,23.21,546,3.8,13
AIR108885,2025-09-15,Kerala,Kerala City 1,4G,Prepaid,0.8,21.72,372,3.24,-3
AIR108886,2025-10-15,Uttar Pradesh,Uttar Pradesh City 1,5G,Prepaid,5.2,45.52,213,2.78,-4
AIR108887,2025-11-15,Tamil Nadu,Tamil Nadu City 3,5G,Postpaid,6.5,12.48,239,4.17,38
AIR108888,2025-12-15,Delhi,Delhi City 2,4G,Postpaid,6.4,9.47,301,3.15,13
AIR108889,2025-02-15,Tamil Nadu,Tamil Nadu City 3,4G,Postpaid,2,12.04,823,2.98,0
AIR108890,2025-03-15,Tamil Nadu,Tamil Nadu City 2,5G,Postpaid,0.7,34.12,92,3.31,12
AIR108891,2025-04-15,Uttar Pradesh,Uttar Pradesh City 1,5G,Prepaid,3.7,41.04,573,4.18,47
AIR108892,2025-05-15,Tamil Nadu,Tamil Nadu City 3,4G,Postpaid,0.4,19.86,348,3.78,15
AIR108893,2025-06-15,Telangana,Telangana City 2,5G,Prepaid,4.3,25.12,592,3.53,20
AIR108894,2025-07-15,Telangana,Telangana City 1,4G,Prepaid,4.1,15.15,352,3.53,25
AIR108895,2025-08-15,Delhi,Delhi City 2,4G,Postpaid,4.9,24.19,439,3.01,-2
AIR108896,2025-09-15,Karnataka,Karnataka City 2,4G,Prepaid,4.2,1,303,3.63,35
AIR108897,2025-10-15,Maharashtra,Maharashtra City 1,4G,Postpaid,1.9,19.03,654,3.14,21
AIR108898,2025-11-15,West Bengal,West Bengal City 3,4G,Prepaid,3.8,23.49,623,3.55,13
AIR108899,2025-12-15,West Bengal,West Bengal City 1,4G,Postpaid,6.6,22.81,417,3.75,35
AIR108900,2025-02-15,Gujarat,Gujarat City 3,4G,Prepaid,5.4,7.91,73,3.54,21
AIR108901,2025-03-15,Uttar Pradesh,Uttar Pradesh City 2,4G,Enterprise,4.8,1.32,365,3.05,-27
AIR108902,2025-04-15,Rajasthan,Rajasthan City 2,4G,Prepaid,1.9,23.07,234,3.56,15
AIR108903,2025-05-15,Rajasthan,Rajasthan City 2,5G,Postpaid,5.8,20.22,463,4.22,35
AIR108904,2025-06-15,Delhi,Delhi City 3,5G,Broadband,3.3,42.82,440,3.44,21
AIR108905,2025-07-15,Tamil Nadu,Tamil Nadu City 1,4G,Postpaid,4.5,18.9,631,3.56,29
AIR108906,2025-08-15,Tamil Nadu,Tamil Nadu City 3,5G,Postpaid,4.6,33.57,248,3.93,33
AIR108907,2025-09-15,Uttar Pradesh,Uttar Pradesh City 2,4G,Postpaid,5.4,19.8,273,3.83,23
AIR108908,2025-10-15,Kerala,Kerala City 2,4G,Postpaid,6.7,26.26,726,3.37,17
AIR108909,2025-11-15,Karnataka,Karnataka City 1,5G,Broadband,1.9,40.77,455,3.8,14
AIR108910,2025-12-15,Gujarat,Gujarat City 3,4G,Prepaid,1.5,11.6,189,3.31,0
AIR108911,2025-02-15,Telangana,Telangana City 2,4G,Broadband,4.9,20.87,377,3.65,20
AIR108912,2025-03-15,Tamil Nadu,Tamil Nadu City 3,4G,Postpaid,0.8,21.71,751,2.73,-24
AIR108913,2025-04-15,Gujarat,Gujarat City 3,4G,Broadband,5.6,28.52,485,3.22,14
AIR108914,2025-05-15,West Bengal,West Bengal City 1,4G,Prepaid,3.1,30.75,225,3.59,28
AIR108915,2025-06-15,Kerala,Kerala City 1,5G,Broadband,5.6,27.41,366,4.28,35
AIR108916,2025-07-15,Telangana,Telangana City 2,4G,Prepaid,1.6,35.99,582,3.85,8
AIR108917,2025-08-15,Uttar Pradesh,Uttar Pradesh City 1,5G,Postpaid,4.5,66.17,321,4.32,39
AIR108918,2025-09-15,Gujarat,Gujarat City 3,5G,Prepaid,5,22.53,329,3.99,37
AIR108919,2025-10-15,Delhi,Delhi City 1,4G,Postpaid,3.9,28.15,625,3.38,14
AIR108920,2025-11-15,Telangana,Telangana City 3,4G,Postpaid,2.9,23.87,110,3.51,10
AIR108921,2025-12-15,Uttar Pradesh,Uttar Pradesh City 2,4G,Prepaid,5.1,18.62,493,3.09,-1
AIR108922,2025-02-15,Rajasthan,Rajasthan City 3,4G,Postpaid,4.8,22.07,391,3.74,8
AIR108923,2025-03-15,Uttar Pradesh,Uttar Pradesh City 1,4G,Prepaid,5.8,15.61,448,2.99,1
AIR108924,2025-04-15,Uttar Pradesh,Uttar Pradesh City 1,5G,Postpaid,3.4,34.43,162,3.47,14
AIR108925,2025-05-15,Telangana,Telangana City 2,5G,Postpaid,5.6,34.07,524,3.51,9
AIR108926,2025-06-15,Kerala,Kerala City 1,4G,Prepaid,3.5,36.61,301,3.74,34
AIR108927,2025-07-15,Telangana,Telangana City 2,4G,Postpaid,3.4,13.7,568,3.97,6
AIR108928,2025-08-15,Maharashtra,Maharashtra City 2,4G,Postpaid,2.7,33.38,309,2.81,-19
AIR108929,2025-09-15,Karnataka,Karnataka City 1,4G,Prepaid,4.2,29.46,406,3.91,20
AIR108930,2025-10-15,Kerala,Kerala City 3,5G,Enterprise,5,20.49,848,3.47,24
AIR108931,2025-11-15,Delhi,Delhi City 2,5G,Postpaid,2.1,23.27,437,3.75,20
AIR108932,2025-12-15,Kerala,Kerala City 3,4G,Prepaid,2.5,17.46,247,2.77,7
AIR108933,2025-02-15,West Bengal,West Bengal City 1,4G,Prepaid,3.7,20.94,478,4.1,56
AIR108934,2025-03-15,Delhi,Delhi City 3,5G,Postpaid,2.9,45.88,444,3.84,42
AIR108935,2025-04-15,Rajasthan,Rajasthan City 3,4G,Prepaid,4.4,22.72,478,3.17,-10
AIR108936,2025-05-15,Telangana,Telangana City 3,4G,Prepaid,1.9,1,100,3.51,24
AIR108937,2025-06-15,Uttar Pradesh,Uttar Pradesh City 3,4G,Prepaid,1.9,5.8,291,3.32,-9
AIR108938,2025-07-15,Telangana,Telangana City 1,4G,Postpaid,4.1,13.4,423,3.35,7
AIR108939,2025-08-15,West Bengal,West Bengal City 1,4G,Postpaid,3.2,10.54,326,3.2,22
AIR108940,2025-09-15,Gujarat,Gujarat City 3,4G,Prepaid,2,22.8,246,3.27,21
AIR108941,2025-10-15,West Bengal,West Bengal City 1,4G,Postpaid,2.7,39.42,20,3.12,-7
AIR108942,2025-11-15,Maharashtra,Maharashtra City 1,4G,Enterprise,2.2,14.97,341,3.63,23
AIR108943,2025-12-15,Uttar Pradesh,Uttar Pradesh City 2,4G,Enterprise,4.6,17.03,673,4.15,51
AIR108944,2025-02-15,Uttar Pradesh,Uttar Pradesh City 1,4G,Broadband,4.5,14.01,370,3.06,21
AIR108945,2025-03-15,Tamil Nadu,Tamil Nadu City 3,4G,Broadband,3.6,11.28,444,3.29,10
AIR108946,2025-04-15,Gujarat,Gujarat City 1,5G,Prepaid,3.5,74.4,511,4.23,41
AIR108947,2025-05-15,Tamil Nadu,Tamil Nadu City 1,4G,Prepaid,3.9,8.72,355,3.15,-10
AIR108948,2025-06-15,Rajasthan,Rajasthan City 1,4G,Prepaid,2.1,22.61,248,3.68,39
AIR108949,2025-07-15,Karnataka,Karnataka City 1,5G,Postpaid,4.3,34.17,244,3.91,44
AIR108950,2025-08-15,Karnataka,Karnataka City 2,4G,Broadband,1.5,19.51,547,3.63,40
AIR108951,2025-09-15,Telangana,Telangana City 3,5G,Prepaid,3.7,34.96,232,4.01,31
AIR108952,2025-10-15,Karnataka,Karnataka City 3,4G,Postpaid,5.1,12.7,462,3.32,2
AIR108953,2025-11-15,Uttar Pradesh,Uttar Pradesh City 1,4G,Postpaid,6.6,16.46,449,3.72,12
AIR108954,2025-12-15,West Bengal,West Bengal City 1,4G,Prepaid,5.1,19.15,477,3.94,32
AIR108955,2025-02-15,Gujarat,Gujarat City 2,4G,Postpaid,6.1,14.44,455,3.8,48
AIR108956,2025-03-15,Telangana,Telangana City 1,4G,Prepaid,4.5,24.71,351,4.47,73
AIR108957,2025-04-15,Telangana,Telangana City 2,4G,Enterprise,3.3,19.22,823,3,-18
AIR108958,2025-05-15,Gujarat,Gujarat City 3,5G,Postpaid,4.4,38.33,316,3.72,22
AIR108959,2025-06-15,Uttar Pradesh,Uttar Pradesh City 3,4G,Postpaid,1.7,28.51,680,2.94,16
AIR108960,2025-07-15,Rajasthan,Rajasthan City 2,4G,Prepaid,5.5,30.54,159,3.56,29
AIR108961,2025-08-15,Rajasthan,Rajasthan City 3,4G,Postpaid,1.6,4.26,633,3.9,18
AIR108962,2025-09-15,Telangana,Telangana City 1,5G,Prepaid,6.3,30.16,430,3.82,29
AIR108963,2025-10-15,Rajasthan,Rajasthan City 1,5G,Prepaid,6.8,29.8,290,4.1,33
AIR108964,2025-11-15,Uttar Pradesh,Uttar Pradesh City 2,5G,Prepaid,5.4,57.43,527,3.87,31
AIR108965,2025-12-15,Maharashtra,Maharashtra City 3,4G,Prepaid,5.8,5.99,315,3.52,11
AIR108966,2025-02-15,Maharashtra,Maharashtra City 3,4G,Postpaid,5.1,11.67,259,3.13,9
AIR108967,2025-03-15,Tamil Nadu,Tamil Nadu City 2,4G,Prepaid,3.7,12.03,253,2.81,-10
AIR108968,2025-04-15,Kerala,Kerala City 2,4G,Broadband,2.8,29.35,171,4.25,55
AIR108969,2025-05-15,Delhi,Delhi City 3,5G,Prepaid,3.7,38.85,479,4.21,32
AIR108970,2025-06-15,Karnataka,Karnataka City 2,5G,Prepaid,1.9,30.72,462,4.33,39
AIR108971,2025-07-15,Rajasthan,Rajasthan City 1,4G,Broadband,1,20.73,712,4.03,30
AIR108972,2025-08-15,Maharashtra,Maharashtra City 3,4G,Prepaid,4.2,16.36,263,4.03,59
AIR108973,2025-09-15,West Bengal,West Bengal City 2,4G,Prepaid,2.1,21.05,500,3.56,40
AIR108974,2025-10-15,Gujarat,Gujarat City 2,4G,Prepaid,6.6,14.54,701,2.85,-6
AIR108975,2025-11-15,Kerala,Kerala City 2,4G,Broadband,6,32.5,454,4.73,66
AIR108976,2025-12-15,Tamil Nadu,Tamil Nadu City 3,4G,Broadband,5,6.85,492,3.26,12
AIR108977,2025-02-15,Delhi,Delhi City 1,5G,Prepaid,2.2,25.44,246,4.27,37
AIR108978,2025-03-15,Maharashtra,Maharashtra City 1,4G,Postpaid,1.5,17.42,20,3.3,13
AIR108979,2025-04-15,Tamil Nadu,Tamil Nadu City 3,5G,Postpaid,1.6,50.94,596,3.55,8
AIR108980,2025-05-15,Kerala,Kerala City 2,4G,Broadband,2.7,18.43,224,3.34,11
AIR108981,2025-06-15,Gujarat,Gujarat City 3,4G,Prepaid,4.5,30.96,598,2.56,-17
AIR108982,2025-07-15,Karnataka,Karnataka City 3,4G,Broadband,3.9,19.43,467,3.09,-1
AIR108983,2025-08-15,Maharashtra,Maharashtra City 2,4G,Prepaid,2.7,20.33,497,3.15,-1
AIR108984,2025-09-15,Gujarat,Gujarat City 3,4G,Prepaid,5.4,21.47,446,3.43,16
AIR108985,2025-10-15,Delhi,Delhi City 1,4G,Prepaid,2.6,8.08,573,3.5,-11
AIR108986,2025-11-15,Rajasthan,Rajasthan City 3,4G,Postpaid,4.3,20.13,286,4.23,44
AIR108987,2025-12-15,Kerala,Kerala City 2,5G,Postpaid,1,38.15,559,4.23,61
AIR108988,2025-02-15,Delhi,Delhi City 3,4G,Postpaid,0.1,33.83,218,3.92,30
AIR108989,2025-03-15,Karnataka,Karnataka City 1,5G,Postpaid,1.4,34.36,448,4.15,30
AIR108990,2025-04-15,Gujarat,Gujarat City 3,4G,Postpaid,0.9,43.11,287,3.55,12
AIR108991,2025-05-15,Uttar Pradesh,Uttar Pradesh City 3,4G,Postpaid,1.8,20.4,412,3.78,26
AIR108992,2025-06-15,Karnataka,Karnataka City 3,4G,Prepaid,3,13.51,380,3.5,31
AIR108993,2025-07-15,Telangana,Telangana City 3,5G,Prepaid,5,16.48,264,3.79,40
AIR108994,2025-08-15,Maharashtra,Maharashtra City 2,4G,Prepaid,0.8,24.3,627,3.19,26
AIR108995,2025-09-15,Rajasthan,Rajasthan City 1,4G,Prepaid,6.1,31.25,594,4.3,49
AIR108996,2025-10-15,Kerala,Kerala City 1,4G,Postpaid,4.5,22.65,408,3.39,25
AIR108997,2025-11-15,West Bengal,West Bengal City 1,4G,Postpaid,3.2,37.25,554,3.57,29
AIR108998,2025-12-15,Gujarat,Gujarat City 3,5G,Postpaid,6.2,46.43,495,4.4,53
AIR108999,2025-02-15,Uttar Pradesh,Uttar Pradesh City 1,4G,Prepaid,1.8,25.63,393,4.06,30
AIR109000,2025-03-15,West Bengal,West Bengal City 2,4G,Postpaid,3.5,14.15,268,2.85,-17
AIR109001,2025-04-15,Maharashtra,Maharashtra City 3,5G,Prepaid,3,15.55,253,4.15,49
AIR109002,2025-05-15,Maharashtra,Maharashtra City 3,4G,Broadband,3.6,26.92,542,3.03,2
AIR109003,2025-06-15,Kerala,Kerala City 1,4G,Prepaid,2,22.8,235,3.59,4
AIR109004,2025-07-15,Uttar Pradesh,Uttar Pradesh City 3,4G,Postpaid,2.5,5.52,446,3.12,6
AIR109005,2025-08-15,Maharashtra,Maharashtra City 3,5G,Postpaid,0.8,17.36,723,4.3,34
AIR109006,2025-09-15,West Bengal,West Bengal City 1,5G,Broadband,5,26.21,635,3.42,-8
AIR109007,2025-10-15,Uttar Pradesh,Uttar Pradesh City 2,4G,Prepaid,3.3,20.17,572,3.68,26
AIR109008,2025-11-15,West Bengal,West Bengal City 2,5G,Prepaid,6.7,28.96,304,3.23,1
AIR109009,2025-12-15,Karnataka,Karnataka City 1,4G,Prepaid,2.3,32.9,442,4.24,39
AIR109010,2025-02-15,Delhi,Delhi City 2,4G,Prepaid,2.6,1,454,2.5,-13
AIR109011,2025-03-15,Uttar Pradesh,Uttar Pradesh City 2,4G,Postpaid,1.7,14.73,485,3.75,34
AIR109012,2025-04-15,Tamil Nadu,Tamil Nadu City 2,4G,Broadband,5.7,33.64,466,3.33,18
AIR109013,2025-05-15,Delhi,Delhi City 3,4G,Prepaid,1.1,32.31,416,3.78,16
AIR109014,2025-06-15,Delhi,Delhi City 3,5G,Postpaid,3.3,24.71,302,4.12,26
AIR109015,2025-07-15,Uttar Pradesh,Uttar Pradesh City 3,5G,Broadband,5.4,20.97,548,3.67,25
AIR109016,2025-08-15,Rajasthan,Rajasthan City 2,5G,Prepaid,2.2,42.18,392,3.74,18
AIR109017,2025-09-15,Maharashtra,Maharashtra City 3,4G,Postpaid,3.8,9.46,20,3.59,25
AIR109018,2025-10-15,Karnataka,Karnataka City 2,4G,Broadband,3.9,8.35,196,3,0
AIR109019,2025-11-15,Rajasthan,Rajasthan City 1,4G,Broadband,4.8,26.39,350,3.27,1
AIR109020,2025-12-15,Rajasthan,Rajasthan City 2,4G,Postpaid,4.8,25.48,377,3.73,25
AIR109021,2025-02-15,Tamil Nadu,Tamil Nadu City 3,5G,Prepaid,5,47.46,193,4.23,48
AIR109022,2025-03-15,Gujarat,Gujarat City 2,4G,Prepaid,3.7,13.06,247,3.45,11
AIR109023,2025-04-15,Uttar Pradesh,Uttar Pradesh City 3,5G,Postpaid,2.3,37.79,552,3.98,47
AIR109024,2025-05-15,West Bengal,West Bengal City 3,5G,Prepaid,2.2,37.39,664,3.8,43
AIR109025,2025-06-15,Maharashtra,Maharashtra City 1,4G,Prepaid,6.2,11.63,353,2.89,-12
AIR109026,2025-07-15,Rajasthan,Rajasthan City 1,4G,Postpaid,2.4,16.9,610,3.09,-11
AIR109027,2025-08-15,Karnataka,Karnataka City 3,4G,Postpaid,4.4,25.47,538,3.86,30
AIR109028,2025-09-15,Gujarat,Gujarat City 2,4G,Broadband,2.3,25.04,327,4.35,49
AIR109029,2025-10-15,Tamil Nadu,Tamil Nadu City 1,4G,Prepaid,3.9,9.99,142,3.55,11
AIR109030,2025-11-15,Telangana,Telangana City 1,4G,Prepaid,3.6,13.5,625,3.63,15
AIR109031,2025-12-15,Maharashtra,Maharashtra City 3,4G,Broadband,2.1,18.42,659,4,54
AIR109032,2025-02-15,Telangana,Telangana City 2,5G,Postpaid,1.5,32.91,134,3.48,12
AIR109033,2025-03-15,Delhi,Delhi City 1,4G,Broadband,1.7,1,643,3,-13
AIR109034,2025-04-15,Rajasthan,Rajasthan City 1,4G,Enterprise,4.9,28.15,353,3.75,19
AIR109035,2025-05-15,Kerala,Kerala City 2,4G,Broadband,2.2,33.11,407,2.86,-12
AIR109036,2025-06-15,Maharashtra,Maharashtra City 1,5G,Postpaid,4.6,3.68,129,4.08,30
AIR109037,2025-07-15,West Bengal,West Bengal City 2,5G,Prepaid,3.5,50.4,498,3.5,19
AIR109038,2025-08-15,Gujarat,Gujarat City 3,4G,Postpaid,1,23.29,192,3.9,26
AIR109039,2025-09-15,Karnataka,Karnataka City 1,5G,Postpaid,2.9,34.32,478,4,21
AIR109040,2025-10-15,Maharashtra,Maharashtra City 3,5G,Prepaid,1.4,24.58,284,4.12,40
AIR109041,2025-11-15,West Bengal,West Bengal City 2,5G,Postpaid,2.7,79.27,470,3.66,26
AIR109042,2025-12-15,Uttar Pradesh,Uttar Pradesh City 3,4G,Prepaid,3,26.62,511,3.06,-19
AIR109043,2025-02-15,Telangana,Telangana City 3,5G,Postpaid,2.7,60.63,383,4.02,44
AIR109044,2025-03-15,Uttar Pradesh,Uttar Pradesh City 3,4G,Prepaid,5.1,22.25,308,3.66,24
AIR109045,2025-04-15,Gujarat,Gujarat City 2,5G,Postpaid,0.7,31.24,416,3.69,26
AIR109046,2025-05-15,Tamil Nadu,Tamil Nadu City 2,4G,Broadband,5,7.73,418,2.92,-7
AIR109047,2025-06-15,Rajasthan,Rajasthan City 2,5G,Prepaid,5.7,12.23,274,4.05,58
AIR109048,2025-07-15,Maharashtra,Maharashtra City 2,5G,Postpaid,2.7,23.31,429,3.65,28
AIR109049,2025-08-15,Kerala,Kerala City 2,4G,Prepaid,5.4,1.52,415,3.42,12
AIR109050,2025-09-15,Telangana,Telangana City 1,5G,Broadband,0.7,22.07,672,4.08,49
AIR109051,2025-10-15,Telangana,Telangana City 1,4G,Broadband,5.6,21.11,266,3.29,9
AIR109052,2025-11-15,Maharashtra,Maharashtra City 1,4G,Broadband,2.7,14.9,527,3.52,7
AIR109053,2025-12-15,Delhi,Delhi City 3,4G,Broadband,4.8,27.87,633,3.7,29
AIR109054,2025-02-15,Uttar Pradesh,Uttar Pradesh City 3,5G,Postpaid,3.4,20.25,219,3.89,39
AIR109055,2025-03-15,Telangana,Telangana City 2,4G,Prepaid,2.7,21.44,388,3.78,25
AIR109056,2025-04-15,West Bengal,West Bengal City 2,4G,Prepaid,5.8,12.01,339,3.11,-2
AIR109057,2025-05-15,Karnataka,Karnataka City 1,5G,Postpaid,5.9,61.25,291,4.14,56
AIR109058,2025-06-15,Rajasthan,Rajasthan City 2,5G,Postpaid,2.4,62.8,363,3.61,14
AIR109059,2025-07-15,Telangana,Telangana City 3,5G,Postpaid,4.4,27.99,393,4.44,59
AIR109060,2025-08-15,West Bengal,West Bengal City 2,4G,Prepaid,5.1,17.45,238,2.64,-16
AIR109061,2025-09-15,Gujarat,Gujarat City 1,4G,Prepaid,3.6,21.69,478,3.07,5
AIR109062,2025-10-15,Gujarat,Gujarat City 2,4G,Postpaid,6.6,17.69,203,3.2,19
AIR109063,2025-11-15,Rajasthan,Rajasthan City 3,4G,Prepaid,2.1,15.34,89,3.77,12
AIR109064,2025-12-15,Delhi,Delhi City 1,4G,Postpaid,5.2,27.47,273,4.32,51
AIR109065,2025-02-15,Kerala,Kerala City 2,4G,Postpaid,2.6,15.89,488,3.29,28
AIR109066,2025-03-15,Rajasthan,Rajasthan City 3,5G,Postpaid,4.7,12.38,635,4.39,52
AIR109067,2025-04-15,Tamil Nadu,Tamil Nadu City 1,4G,Prepaid,4.8,20.44,207,2.78,-21
AIR109068,2025-05-15,Delhi,Delhi City 1,4G,Enterprise,1.9,19.78,454,2.89,-8
AIR109069,2025-06-15,Telangana,Telangana City 3,4G,Prepaid,1.3,12.53,590,3.05,1
AIR109070,2025-07-15,Rajasthan,Rajasthan City 2,4G,Prepaid,5,19.03,321,3.76,17
AIR109071,2025-08-15,Uttar Pradesh,Uttar Pradesh City 2,4G,Postpaid,1.3,15.47,422,3.52,1
AIR109072,2025-09-15,Gujarat,Gujarat City 2,4G,Prepaid,4.1,11.65,663,3.61,26
AIR109073,2025-10-15,West Bengal,West Bengal City 1,5G,Prepaid,1.1,9.78,356,4.32,44
AIR109074,2025-11-15,Rajasthan,Rajasthan City 1,4G,Prepaid,3,18.45,576,4.23,39
AIR109075,2025-12-15,Uttar Pradesh,Uttar Pradesh City 2,4G,Postpaid,5.4,20.34,727,2.87,-19
AIR109076,2025-02-15,Delhi,Delhi City 1,5G,Broadband,5,57.54,361,3.8,21
AIR109077,2025-03-15,Tamil Nadu,Tamil Nadu City 1,5G,Postpaid,3.5,36.93,517,3.67,12
AIR109078,2025-04-15,West Bengal,West Bengal City 3,5G,Postpaid,3.2,37.21,159,3.49,-4
AIR109079,2025-05-15,Karnataka,Karnataka City 2,5G,Prepaid,6.3,43.99,390,4.24,45
AIR109080,2025-06-15,Tamil Nadu,Tamil Nadu City 2,5G,Prepaid,1.7,22.22,520,3.66,27
AIR109081,2025-07-15,Telangana,Telangana City 2,4G,Prepaid,3.8,13.72,520,3.7,15
AIR109082,2025-08-15,Uttar Pradesh,Uttar Pradesh City 1,5G,Broadband,1.2,26.04,198,4.21,52
AIR109083,2025-09-15,Rajasthan,Rajasthan City 1,4G,Prepaid,2.9,20.04,504,3.22,12
AIR109084,2025-10-15,Rajasthan,Rajasthan City 1,4G,Enterprise,3.2,22.01,341,3.2,-5
AIR109085,2025-11-15,Maharashtra,Maharashtra City 2,4G,Prepaid,5.9,12.93,303,3.01,1
AIR109086,2025-12-15,Gujarat,Gujarat City 1,4G,Postpaid,4.3,10.8,497,2.91,7
AIR109087,2025-02-15,Telangana,Telangana City 2,4G,Broadband,2.2,8.15,87,3.85,29
AIR109088,2025-03-15,Uttar Pradesh,Uttar Pradesh City 1,4G,Prepaid,5.1,29.65,693,3.4,17
AIR109089,2025-04-15,Rajasthan,Rajasthan City 2,4G,Postpaid,2.1,5.23,742,4.1,36
AIR109090,2025-05-15,Karnataka,Karnataka City 3,5G,Prepaid,2.1,32.42,341,3.94,24
AIR109091,2025-06-15,West Bengal,West Bengal City 1,5G,Prepaid,5.4,27.6,342,3.95,44
AIR109092,2025-07-15,Telangana,Telangana City 2,4G,Prepaid,1.8,32.27,524,3.08,15
AIR109093,2025-08-15,Delhi,Delhi City 3,5G,Broadband,6.3,68.36,49,4.23,44
AIR109094,2025-09-15,Karnataka,Karnataka City 3,4G,Prepaid,1.1,19.04,538,4.04,21
AIR109095,2025-10-15,West Bengal,West Bengal City 1,5G,Prepaid,4,25.24,386,3.84,36
AIR109096,2025-11-15,Kerala,Kerala City 2,4G,Enterprise,2.1,13.06,78,3.3,22
AIR109097,2025-12-15,Gujarat,Gujarat City 1,4G,Prepaid,3.5,22.66,611,4.11,35
AIR109098,2025-02-15,Telangana,Telangana City 3,4G,Prepaid,2.5,28.06,433,3.14,-4
AIR109099,2025-03-15,Uttar Pradesh,Uttar Pradesh City 1,4G,Enterprise,1,19.27,339,3.14,8
AIR109100,2025-04-15,Tamil Nadu,Tamil Nadu City 2,4G,Prepaid,5.1,15.36,349,3.45,12
AIR109101,2025-05-15,West Bengal,West Bengal City 3,4G,Prepaid,0.6,23.46,560,3.21,9
AIR109102,2025-06-15,Delhi,Delhi City 1,4G,Broadband,3.2,24.32,299,3.59,11
AIR109103,2025-07-15,Rajasthan,Rajasthan City 1,4G,Prepaid,4.8,34.16,672,3.2,14
AIR109104,2025-08-15,Tamil Nadu,Tamil Nadu City 1,4G,Prepaid,3.4,11.65,402,3.72,12
AIR109105,2025-09-15,Karnataka,Karnataka City 1,5G,Prepaid,5.9,5.72,297,3.42,7
AIR109106,2025-10-15,Gujarat,Gujarat City 1,4G,Postpaid,6,4.38,543,3.67,42
AIR109107,2025-11-15,Uttar Pradesh,Uttar Pradesh City 3,4G,Prepaid,6.3,2.19,388,3.04,8
AIR109108,2025-12-15,Tamil Nadu,Tamil Nadu City 3,5G,Prepaid,6.1,59.43,343,4.76,58
AIR109109,2025-02-15,Delhi,Delhi City 2,5G,Prepaid,4.4,41.59,529,3.82,27
AIR109110,2025-03-15,West Bengal,West Bengal City 1,4G,Prepaid,3.1,32.69,20,3.62,30
AIR109111,2025-04-15,Uttar Pradesh,Uttar Pradesh City 2,5G,Postpaid,5.6,56.04,623,4.15,45
AIR109112,2025-05-15,Kerala,Kerala City 3,4G,Prepaid,3.8,8.49,268,2.18,-22
AIR109113,2025-06-15,Rajasthan,Rajasthan City 1,4G,Postpaid,0.9,29.95,384,4.31,54
AIR109114,2025-07-15,Gujarat,Gujarat City 2,4G,Postpaid,5.7,14.33,589,3.12,-18
AIR109115,2025-08-15,Tamil Nadu,Tamil Nadu City 1,4G,Prepaid,6,15.01,593,4.02,32
AIR109116,2025-09-15,Gujarat,Gujarat City 1,4G,Prepaid,4.5,19.34,416,3.25,17
AIR109117,2025-10-15,Gujarat,Gujarat City 2,4G,Prepaid,2.3,8.43,216,3.17,11
AIR109118,2025-11-15,Gujarat,Gujarat City 3,4G,Prepaid,2,20.64,155,3.63,31
AIR109119,2025-12-15,West Bengal,West Bengal City 2,5G,Postpaid,5.5,59.57,354,3.95,39
AIR109120,2025-02-15,Gujarat,Gujarat City 2,4G,Postpaid,3,23.58,218,3.6,28
AIR109121,2025-03-15,Kerala,Kerala City 2,4G,Prepaid,0.3,41.01,555,3.42,21
AIR109122,2025-04-15,Karnataka,Karnataka City 1,4G,Postpaid,3.2,17.77,231,3.37,13
AIR109123,2025-05-15,Delhi,Delhi City 3,5G,Enterprise,4.4,12.02,288,3.9,42
AIR109124,2025-06-15,Uttar Pradesh,Uttar Pradesh City 3,4G,Prepaid,1.1,21.38,184,3.73,6
AIR109125,2025-07-15,Kerala,Kerala City 1,5G,Postpaid,3.4,37.42,683,4.18,42
AIR109126,2025-08-15,Uttar Pradesh,Uttar Pradesh City 3,5G,Postpaid,2.4,45.12,504,4.42,56
AIR109127,2025-09-15,Delhi,Delhi City 2,4G,Prepaid,5.2,28.68,496,3.07,8
AIR109128,2025-10-15,Karnataka,Karnataka City 3,5G,Postpaid,5.5,43.7,347,3.55,13
AIR109129,2025-11-15,Telangana,Telangana City 1,4G,Enterprise,1,11.66,339,3.05,-19
AIR109130,2025-12-15,Uttar Pradesh,Uttar Pradesh City 3,4G,Prepaid,1.5,5.06,489,3.01,9
AIR109131,2025-02-15,Uttar Pradesh,Uttar Pradesh City 1,4G,Broadband,1.8,9.4,35,4.16,28
AIR109132,2025-03-15,Karnataka,Karnataka City 2,4G,Prepaid,3.1,19.1,293,3.6,25
AIR109133,2025-04-15,Tamil Nadu,Tamil Nadu City 1,4G,Prepaid,1.8,19.31,400,3.75,16
AIR109134,2025-05-15,Kerala,Kerala City 3,4G,Postpaid,1.3,11.55,483,2.7,-15
AIR109135,2025-06-15,Tamil Nadu,Tamil Nadu City 2,4G,Prepaid,3,24.78,636,3.2,17
AIR109136,2025-07-15,Tamil Nadu,Tamil Nadu City 3,5G,Postpaid,2.5,22.5,382,4.01,28
AIR109137,2025-08-15,Tamil Nadu,Tamil Nadu City 1,4G,Prepaid,2.1,20.49,287,3.19,-4
AIR109138,2025-09-15,Gujarat,Gujarat City 2,5G,Postpaid,2.5,40.22,820,4.29,59
AIR109139,2025-10-15,Rajasthan,Rajasthan City 1,4G,Postpaid,5.8,44.5,269,3.38,19
AIR109140,2025-11-15,Uttar Pradesh,Uttar Pradesh City 3,4G,Postpaid,1.5,18.35,372,3.19,4
AIR109141,2025-12-15,Tamil Nadu,Tamil Nadu City 1,5G,Prepaid,4.9,37.29,20,4.26,43
AIR109142,2025-02-15,Kerala,Kerala City 3,4G,Prepaid,2.8,30.69,519,2.89,-5
AIR109143,2025-03-15,Rajasthan,Rajasthan City 3,4G,Prepaid,1.3,8.4,277,3.31,15
AIR109144,2025-04-15,Rajasthan,Rajasthan City 2,4G,Postpaid,4.7,25.57,628,3.29,-3
AIR109145,2025-05-15,Tamil Nadu,Tamil Nadu City 2,4G,Prepaid,2.5,4.31,343,3.69,37
AIR109146,2025-06-15,West Bengal,West Bengal City 1,4G,Postpaid,0.7,10.68,398,3.53,14
AIR109147,2025-07-15,Tamil Nadu,Tamil Nadu City 3,4G,Prepaid,0.7,10.67,633,3.68,23
AIR109148,2025-08-15,West Bengal,West Bengal City 3,5G,Postpaid,3.5,37.05,542,3.72,17
AIR109149,2025-09-15,Tamil Nadu,Tamil Nadu City 2,4G,Postpaid,5.7,6.54,400,3.59,28
AIR109150,2025-10-15,Kerala,Kerala City 2,4G,Prepaid,3,13.89,211,3.67,22
AIR109151,2025-11-15,West Bengal,West Bengal City 2,4G,Postpaid,1.9,26.82,486,3.07,19
AIR109152,2025-12-15,Gujarat,Gujarat City 2,4G,Prepaid,1.2,29.96,387,3.82,31
AIR109153,2025-02-15,Rajasthan,Rajasthan City 1,4G,Broadband,0.9,9.21,461,3.35,19
AIR109154,2025-03-15,Tamil Nadu,Tamil Nadu City 1,4G,Postpaid,3,16.85,310,3.43,19
AIR109155,2025-04-15,Rajasthan,Rajasthan City 1,4G,Postpaid,3.3,25.38,381,3.23,33
AIR109156,2025-05-15,Tamil Nadu,Tamil Nadu City 1,5G,Broadband,5.9,41.5,796,3.72,21
AIR109157,2025-06-15,Uttar Pradesh,Uttar Pradesh City 2,4G,Broadband,4.4,24.03,260,3.25,10
AIR109158,2025-07-15,Uttar Pradesh,Uttar Pradesh City 1,5G,Postpaid,3,19.36,435,3.59,22
AIR109159,2025-08-15,Maharashtra,Maharashtra City 1,4G,Prepaid,4.4,19.13,456,3.35,22
AIR109160,2025-09-15,Tamil Nadu,Tamil Nadu City 1,4G,Postpaid,4.4,30.07,210,3,5
AIR109161,2025-10-15,Maharashtra,Maharashtra City 2,5G,Prepaid,1.4,23.89,717,3.21,11
AIR109162,2025-11-15,Karnataka,Karnataka City 3,5G,Postpaid,6.2,48.64,300,3.48,16
AIR109163,2025-12-15,Karnataka,Karnataka City 2,4G,Postpaid,3.9,25.22,277,3.1,25
AIR109164,2025-02-15,Rajasthan,Rajasthan City 3,5G,Postpaid,3.3,33.22,379,4.26,46
AIR109165,2025-03-15,West Bengal,West Bengal City 3,5G,Postpaid,2,30.85,583,4.22,38
AIR109166,2025-04-15,Tamil Nadu,Tamil Nadu City 1,5G,Postpaid,2.6,29.72,121,4.12,34
AIR109167,2025-05-15,Delhi,Delhi City 1,4G,Prepaid,1.8,26.66,667,3.23,3
AIR109168,2025-06-15,Tamil Nadu,Tamil Nadu City 1,5G,Prepaid,2.4,45.06,636,4.05,28
AIR109169,2025-07-15,Tamil Nadu,Tamil Nadu City 2,5G,Postpaid,6.5,31.88,466,3.56,12
AIR109170,2025-08-15,Delhi,Delhi City 2,4G,Prepaid,4.7,25.12,418,3.64,18
AIR109171,2025-09-15,Karnataka,Karnataka City 1,5G,Postpaid,5.7,20.19,428,3.81,20
AIR109172,2025-10-15,Maharashtra,Maharashtra City 2,5G,Prepaid,3.2,35.98,741,3.57,19
AIR109173,2025-11-15,Rajasthan,Rajasthan City 2,4G,Prepaid,1.7,36.8,440,3.37,21
AIR109174,2025-12-15,Karnataka,Karnataka City 3,4G,Postpaid,1,1,267,3.46,20
AIR109175,2025-02-15,Delhi,Delhi City 2,4G,Postpaid,4.4,19.59,162,3.86,34
AIR109176,2025-03-15,Tamil Nadu,Tamil Nadu City 3,4G,Prepaid,5.5,17.75,359,3.49,13
AIR109177,2025-04-15,Karnataka,Karnataka City 1,4G,Prepaid,5.5,24.01,241,3.96,28
AIR109178,2025-05-15,Kerala,Kerala City 2,4G,Prepaid,3.6,16.67,374,2.77,-16
AIR109179,2025-06-15,Uttar Pradesh,Uttar Pradesh City 3,4G,Prepaid,6.2,12.59,478,2.95,-4
AIR109180,2025-07-15,Tamil Nadu,Tamil Nadu City 2,5G,Prepaid,5.1,37.02,602,4.13,38
AIR109181,2025-08-15,Telangana,Telangana City 3,5G,Postpaid,4.9,17.76,514,4.09,29
AIR109182,2025-09-15,Delhi,Delhi City 3,4G,Broadband,3.4,1.54,369,3.36,1
AIR109183,2025-10-15,Gujarat,Gujarat City 2,5G,Prepaid,2.1,38.88,566,3.92,19
AIR109184,2025-11-15,West Bengal,West Bengal City 1,4G,Prepaid,1.5,1,479,3.56,30
AIR109185,2025-12-15,Gujarat,Gujarat City 3,5G,Postpaid,2.6,14.47,491,3.96,36
AIR109186,2025-02-15,Karnataka,Karnataka City 1,5G,Broadband,5.4,53.63,231,3.84,23
AIR109187,2025-03-15,Tamil Nadu,Tamil Nadu City 2,4G,Prepaid,6.2,17.65,584,4.24,44
AIR109188,2025-04-15,West Bengal,West Bengal City 2,4G,Prepaid,2.8,16.71,359,3.37,8
AIR109189,2025-05-15,West Bengal,West Bengal City 1,4G,Prepaid,2.2,12.48,619,2.77,-4
AIR109190,2025-06-15,Rajasthan,Rajasthan City 2,5G,Prepaid,2.7,26.35,495,3.87,27
AIR109191,2025-07-15,Gujarat,Gujarat City 3,5G,Postpaid,3.4,42.96,209,3.75,20
AIR109192,2025-08-15,Tamil Nadu,Tamil Nadu City 1,4G,Enterprise,3.5,10.14,450,2.64,-13
AIR109193,2025-09-15,Rajasthan,Rajasthan City 2,4G,Postpaid,2.8,15.76,386,3.12,-7
AIR109194,2025-10-15,Maharashtra,Maharashtra City 2,4G,Enterprise,2.8,9.06,520,4.28,55
AIR109195,2025-11-15,Gujarat,Gujarat City 1,4G,Prepaid,5.4,18.35,384,3.17,-9
AIR109196,2025-12-15,Uttar Pradesh,Uttar Pradesh City 3,5G,Broadband,2.6,43.41,719,4.23,52
AIR109197,2025-02-15,Uttar Pradesh,Uttar Pradesh City 1,4G,Prepaid,4.7,25.7,646,3.69,17
AIR109198,2025-03-15,Rajasthan,Rajasthan City 2,5G,Prepaid,2.9,39.94,180,3.93,43
AIR109199,2025-04-15,Maharashtra,Maharashtra City 2,5G,Postpaid,3.4,35.49,317,4.32,40
AIR109200,2025-05-15,Kerala,Kerala City 1,5G,Prepaid,5.1,15.45,564,3.83,12
AIR109201,2025-06-15,Kerala,Kerala City 3,4G,Prepaid,6.4,13.25,509,3.18,6
AIR109202,2025-07-15,Uttar Pradesh,Uttar Pradesh City 3,4G,Postpaid,4.7,4.99,526,3.12,27
AIR109203,2025-08-15,Telangana,Telangana City 3,4G,Prepaid,6.3,33.07,387,3.66,37
AIR109204,2025-09-15,Delhi,Delhi City 1,5G,Postpaid,3.2,56.44,409,3.38,27
AIR109205,2025-10-15,Delhi,Delhi City 3,4G,Prepaid,1.1,29.55,369,4.03,47
AIR109206,2025-11-15,Telangana,Telangana City 3,4G,Postpaid,6.6,13.67,551,4.06,21
AIR109207,2025-12-15,Rajasthan,Rajasthan City 3,5G,Prepaid,4.9,28.24,631,3.76,23
AIR109208,2025-02-15,Delhi,Delhi City 3,4G,Postpaid,4.5,25.46,789,3.4,18
AIR109209,2025-03-15,Delhi,Delhi City 2,4G,Prepaid,3.2,22.72,410,2.89,-14
AIR109210,2025-04-15,Gujarat,Gujarat City 1,4G,Postpaid,2.6,2.78,677,3.61,31
AIR109211,2025-05-15,Gujarat,Gujarat City 1,4G,Postpaid,0.9,16.25,705,4.66,58
AIR109212,2025-06-15,Telangana,Telangana City 3,4G,Prepaid,5.9,15.44,703,3.65,29
AIR109213,2025-07-15,Tamil Nadu,Tamil Nadu City 1,4G,Prepaid,2.3,23.47,486,3.45,28
AIR109214,2025-08-15,Maharashtra,Maharashtra City 1,5G,Prepaid,2.5,41.09,591,4.05,41
AIR109215,2025-09-15,Rajasthan,Rajasthan City 2,5G,Postpaid,0.9,44.29,495,4.1,27
AIR109216,2025-10-15,Gujarat,Gujarat City 1,4G,Postpaid,2.9,17.71,603,3.93,18
AIR109217,2025-11-15,Gujarat,Gujarat City 2,5G,Prepaid,3.3,42.65,468,3.85,20
AIR109218,2025-12-15,Kerala,Kerala City 1,4G,Postpaid,3.3,14.68,604,3.57,9
AIR109219,2025-02-15,Maharashtra,Maharashtra City 2,4G,Broadband,3.7,7.76,240,3.45,15
AIR109220,2025-03-15,Kerala,Kerala City 2,5G,Prepaid,0.2,49.05,810,4.57,44
AIR109221,2025-04-15,Tamil Nadu,Tamil Nadu City 1,5G,Prepaid,5.8,40.16,232,3.73,13
AIR109222,2025-05-15,Maharashtra,Maharashtra City 2,4G,Postpaid,1.7,14.44,540,2.84,4
AIR109223,2025-06-15,Delhi,Delhi City 2,4G,Postpaid,3.1,17.71,302,3.36,2
AIR109224,2025-07-15,Kerala,Kerala City 1,5G,Prepaid,3.7,42.13,312,4.8,58
AIR109225,2025-08-15,Uttar Pradesh,Uttar Pradesh City 2,4G,Prepaid,0.8,35.08,497,3.32,10
AIR109226,2025-09-15,Rajasthan,Rajasthan City 2,5G,Prepaid,5.3,17.77,396,4.16,41
AIR109227,2025-10-15,Delhi,Delhi City 2,4G,Postpaid,2.5,38.61,621,3.56,24
AIR109228,2025-11-15,Maharashtra,Maharashtra City 2,5G,Postpaid,2.3,59.92,702,3.08,-4
AIR109229,2025-12-15,Uttar Pradesh,Uttar Pradesh City 2,4G,Prepaid,6.4,21.49,477,2.7,-31
AIR109230,2025-02-15,Tamil Nadu,Tamil Nadu City 3,4G,Prepaid,4.7,37.95,581,3.96,32
AIR109231,2025-03-15,Uttar Pradesh,Uttar Pradesh City 2,4G,Prepaid,2.5,31.49,439,3.21,-1
AIR109232,2025-04-15,Gujarat,Gujarat City 2,4G,Broadband,6,21.18,620,3.18,23
AIR109233,2025-05-15,Telangana,Telangana City 2,5G,Prepaid,2.2,39.12,68,3.76,56
AIR109234,2025-06-15,Uttar Pradesh,Uttar Pradesh City 2,4G,Postpaid,0.5,21.6,653,3.79,15
AIR109235,2025-07-15,West Bengal,West Bengal City 1,4G,Postpaid,0.9,23.36,372,3.78,27
AIR109236,2025-08-15,Tamil Nadu,Tamil Nadu City 3,4G,Broadband,6,10.35,555,4.01,30
AIR109237,2025-09-15,Delhi,Delhi City 1,4G,Postpaid,4.5,1,473,3.34,4
AIR109238,2025-10-15,Kerala,Kerala City 3,4G,Prepaid,4.4,4.67,675,3.43,21
AIR109239,2025-11-15,Karnataka,Karnataka City 2,4G,Broadband,2.2,20.08,775,3.54,28
AIR109240,2025-12-15,Tamil Nadu,Tamil Nadu City 2,4G,Postpaid,4.6,17.82,364,3.89,39
AIR109241,2025-02-15,West Bengal,West Bengal City 3,4G,Postpaid,3.3,33.46,470,4.21,52
AIR109242,2025-03-15,Gujarat,Gujarat City 3,5G,Prepaid,2.8,42.25,343,3.93,34
AIR109243,2025-04-15,Kerala,Kerala City 1,5G,Prepaid,3.8,48.99,547,3.94,22
AIR109244,2025-05-15,Rajasthan,Rajasthan City 3,5G,Postpaid,1.8,30.8,287,3.95,42
AIR109245,2025-06-15,Karnataka,Karnataka City 2,4G,Broadband,5.5,8.74,363,3.36,10
AIR109246,2025-07-15,Uttar Pradesh,Uttar Pradesh City 1,4G,Postpaid,0.8,9.23,793,4,35
AIR109247,2025-08-15,West Bengal,West Bengal City 3,4G,Broadband,4.4,30.42,355,3.68,35
AIR109248,2025-09-15,Uttar Pradesh,Uttar Pradesh City 3,4G,Postpaid,4.5,6.61,842,3.09,-10
AIR109249,2025-10-15,Rajasthan,Rajasthan City 1,4G,Prepaid,5.5,11.95,442,3.7,34
AIR109250,2025-11-15,Tamil Nadu,Tamil Nadu City 3,4G,Postpaid,3.2,8.54,262,3.15,1
AIR109251,2025-12-15,Telangana,Telangana City 2,4G,Postpaid,4.8,1,512,3.92,48
AIR109252,2025-02-15,West Bengal,West Bengal City 1,5G,Postpaid,5.9,62.05,719,3.69,27
AIR109253,2025-03-15,Maharashtra,Maharashtra City 3,5G,Broadband,1.2,34.85,464,3.86,36
AIR109254,2025-04-15,Delhi,Delhi City 2,5G,Prepaid,2.8,26.12,281,4.05,30
AIR109255,2025-05-15,Maharashtra,Maharashtra City 3,4G,Prepaid,3.1,27.39,658,3.54,9
AIR109256,2025-06-15,Telangana,Telangana City 1,4G,Broadband,3.2,15.05,633,3.56,47
AIR109257,2025-07-15,Rajasthan,Rajasthan City 3,4G,Prepaid,6.2,28.3,670,3.01,-20
AIR109258,2025-08-15,Maharashtra,Maharashtra City 3,4G,Postpaid,5.8,34.87,238,3.31,2
AIR109259,2025-09-15,Gujarat,Gujarat City 3,4G,Broadband,0.9,26.78,407,3.35,11
AIR109260,2025-10-15,West Bengal,West Bengal City 2,4G,Prepaid,2.1,15.59,901,3.48,24
AIR109261,2025-11-15,Gujarat,Gujarat City 2,4G,Broadband,5,5.6,389,4.02,33
AIR109262,2025-12-15,Karnataka,Karnataka City 3,5G,Prepaid,4.3,14.76,380,3.88,23
AIR109263,2025-02-15,Telangana,Telangana City 3,5G,Postpaid,1.9,22.82,83,3.73,22
AIR109264,2025-03-15,Karnataka,Karnataka City 1,4G,Prepaid,2.7,9.45,378,3.31,15
AIR109265,2025-04-15,Karnataka,Karnataka City 3,4G,Postpaid,4.8,17.01,686,3.49,40
AIR109266,2025-05-15,Karnataka,Karnataka City 1,5G,Postpaid,6.1,48.77,315,3.63,23
AIR109267,2025-06-15,Tamil Nadu,Tamil Nadu City 2,4G,Postpaid,5.1,18.69,406,3.43,30
AIR109268,2025-07-15,Tamil Nadu,Tamil Nadu City 3,4G,Postpaid,2.7,30.5,364,3.16,-6
AIR109269,2025-08-15,Telangana,Telangana City 1,4G,Broadband,3.7,15.85,446,3.31,14
AIR109270,2025-09-15,Kerala,Kerala City 2,4G,Postpaid,4.6,8.82,555,3.16,12
AIR109271,2025-10-15,Maharashtra,Maharashtra City 1,4G,Enterprise,5.1,28.92,336,4.19,46
AIR109272,2025-11-15,Tamil Nadu,Tamil Nadu City 2,5G,Prepaid,2.7,37.57,676,4.64,56
AIR109273,2025-12-15,Uttar Pradesh,Uttar Pradesh City 3,4G,Postpaid,3.2,10.96,302,4.19,53
AIR109274,2025-02-15,Gujarat,Gujarat City 1,4G,Prepaid,2,17.19,431,2.88,-3
AIR109275,2025-03-15,Tamil Nadu,Tamil Nadu City 3,4G,Enterprise,5.1,6.6,362,3.6,15
AIR109276,2025-04-15,Rajasthan,Rajasthan City 1,5G,Prepaid,5.1,69.36,723,3.74,11
AIR109277,2025-05-15,Karnataka,Karnataka City 2,4G,Prepaid,5.7,12.05,262,3.87,38
AIR109278,2025-06-15,Tamil Nadu,Tamil Nadu City 1,4G,Prepaid,1.5,21.35,349,4.32,41
AIR109279,2025-07-15,Telangana,Telangana City 1,4G,Prepaid,3.5,23.56,674,3.3,8
AIR109280,2025-08-15,Gujarat,Gujarat City 3,4G,Broadband,6.3,3.33,430,3.64,11
AIR109281,2025-09-15,Gujarat,Gujarat City 3,4G,Prepaid,4.6,13.61,101,3.56,31
AIR109282,2025-10-15,Kerala,Kerala City 3,4G,Broadband,4.1,1,20,2.42,-16
AIR109283,2025-11-15,Delhi,Delhi City 2,5G,Prepaid,2.4,48.54,707,4.2,36
AIR109284,2025-12-15,Delhi,Delhi City 3,5G,Broadband,6,52.23,615,3.91,33
AIR109285,2025-02-15,Maharashtra,Maharashtra City 1,4G,Postpaid,4,12.31,298,3.54,19
AIR109286,2025-03-15,Uttar Pradesh,Uttar Pradesh City 2,4G,Prepaid,3.7,17.61,318,3.95,42
AIR109287,2025-04-15,West Bengal,West Bengal City 3,4G,Prepaid,5.8,17.46,387,3.63,18
AIR109288,2025-05-15,Telangana,Telangana City 1,5G,Prepaid,4.2,4.56,313,3.68,15
AIR109289,2025-06-15,Rajasthan,Rajasthan City 1,4G,Prepaid,1.1,17.8,276,3.14,7
AIR109290,2025-07-15,Tamil Nadu,Tamil Nadu City 2,5G,Prepaid,1.4,33.85,369,4.22,40
AIR109291,2025-08-15,Telangana,Telangana City 1,5G,Prepaid,0.9,31.04,589,3.22,4
AIR109292,2025-09-15,Uttar Pradesh,Uttar Pradesh City 3,5G,Prepaid,3.9,26.89,615,4.01,35
AIR109293,2025-10-15,Delhi,Delhi City 1,5G,Postpaid,4.4,36.75,552,3.93,34
AIR109294,2025-11-15,Telangana,Telangana City 3,5G,Prepaid,4.8,30.22,71,3.88,27
AIR109295,2025-12-15,Tamil Nadu,Tamil Nadu City 3,4G,Postpaid,3.2,13.41,584,3.36,-5
AIR109296,2025-02-15,Kerala,Kerala City 2,4G,Enterprise,4.2,21.3,538,3.51,19
AIR109297,2025-03-15,Maharashtra,Maharashtra City 1,4G,Prepaid,5.1,14.8,249,3.86,43
AIR109298,2025-04-15,Kerala,Kerala City 2,4G,Postpaid,0.9,10.55,170,3.04,11
AIR109299,2025-05-15,Delhi,Delhi City 2,4G,Prepaid,6.1,24.32,779,3.41,15
AIR109300,2025-06-15,Karnataka,Karnataka City 2,4G,Prepaid,1.2,12.79,672,2.42,-25
AIR109301,2025-07-15,Delhi,Delhi City 3,4G,Postpaid,6.3,34.21,265,4.42,44
AIR109302,2025-08-15,Maharashtra,Maharashtra City 3,4G,Prepaid,1.8,22.98,418,3.03,4
AIR109303,2025-09-15,Tamil Nadu,Tamil Nadu City 3,4G,Prepaid,5.5,6.12,357,4.29,52
AIR109304,2025-10-15,Uttar Pradesh,Uttar Pradesh City 3,4G,Prepaid,4.9,23,356,3.07,-5
AIR109305,2025-11-15,West Bengal,West Bengal City 1,4G,Broadband,6.5,21.99,363,2.49,-12
AIR109306,2025-12-15,Kerala,Kerala City 1,4G,Postpaid,5.6,33.16,283,4.01,47
AIR109307,2025-02-15,Delhi,Delhi City 3,5G,Enterprise,4.5,57.71,425,4.29,55
AIR109308,2025-03-15,Uttar Pradesh,Uttar Pradesh City 3,4G,Broadband,5.8,16.82,573,3.12,5
AIR109309,2025-04-15,Kerala,Kerala City 1,4G,Prepaid,5.4,33.24,888,3.35,-2
AIR109310,2025-05-15,Delhi,Delhi City 2,4G,Prepaid,0.6,30.42,292,2.93,-7
AIR109311,2025-06-15,Maharashtra,Maharashtra City 2,4G,Prepaid,6.4,23.68,421,3.51,4
AIR109312,2025-07-15,Kerala,Kerala City 3,4G,Postpaid,4.2,15.61,409,3.59,18
AIR109313,2025-08-15,Delhi,Delhi City 2,5G,Postpaid,4.6,44.78,20,4.7,46
AIR109314,2025-09-15,Tamil Nadu,Tamil Nadu City 3,4G,Prepaid,3.6,5.59,388,4.15,40
AIR109315,2025-10-15,Maharashtra,Maharashtra City 3,4G,Prepaid,3.1,24.27,431,3.77,11
AIR109316,2025-11-15,Uttar Pradesh,Uttar Pradesh City 3,4G,Prepaid,1.5,1,396,3.53,20
AIR109317,2025-12-15,Uttar Pradesh,Uttar Pradesh City 1,4G,Broadband,6.9,12.27,103,3.05,1
AIR109318,2025-02-15,West Bengal,West Bengal City 2,5G,Broadband,1.6,36.56,622,4.45,65
AIR109319,2025-03-15,Telangana,Telangana City 1,4G,Prepaid,2.9,12.9,372,3.67,19
AIR109320,2025-04-15,Karnataka,Karnataka City 2,5G,Prepaid,3,37.79,272,3.33,-8
AIR109321,2025-05-15,Tamil Nadu,Tamil Nadu City 1,4G,Prepaid,6.4,7.43,428,3.86,33
AIR109322,2025-06-15,Maharashtra,Maharashtra City 1,5G,Broadband,0.7,24.55,180,3.37,11
AIR109323,2025-07-15,Kerala,Kerala City 3,4G,Enterprise,4,19.21,223,2.91,3
AIR109324,2025-08-15,Uttar Pradesh,Uttar Pradesh City 3,4G,Prepaid,4.9,14.5,808,3.78,15
AIR109325,2025-09-15,Tamil Nadu,Tamil Nadu City 1,5G,Prepaid,2.8,35.19,535,3.5,20
AIR109326,2025-10-15,Maharashtra,Maharashtra City 2,4G,Prepaid,4.2,33.02,398,4.17,40
AIR109327,2025-11-15,Maharashtra,Maharashtra City 2,4G,Postpaid,5.3,19.91,344,3.35,12
AIR109328,2025-12-15,Kerala,Kerala City 3,4G,Postpaid,6.7,38.35,634,3.77,32
AIR109329,2025-02-15,Maharashtra,Maharashtra City 3,4G,Postpaid,1.9,18.02,280,3.24,33
AIR109330,2025-03-15,Rajasthan,Rajasthan City 2,4G,Enterprise,5,14.95,396,3.84,35
AIR109331,2025-04-15,Tamil Nadu,Tamil Nadu City 2,4G,Prepaid,2.7,8.76,508,3.72,33
AIR109332,2025-05-15,Delhi,Delhi City 2,4G,Postpaid,2.5,9.37,477,3.56,17
AIR109333,2025-06-15,Uttar Pradesh,Uttar Pradesh City 3,4G,Prepaid,3.9,5.26,21,3.49,31
AIR109334,2025-07-15,Uttar Pradesh,Uttar Pradesh City 2,4G,Prepaid,1.3,21.55,756,3.55,3
AIR109335,2025-08-15,Delhi,Delhi City 3,4G,Postpaid,1.7,28.13,249,3.18,-6
AIR109336,2025-09-15,Tamil Nadu,Tamil Nadu City 1,5G,Broadband,5.8,48.12,591,4.21,28
AIR109337,2025-10-15,Karnataka,Karnataka City 1,4G,Postpaid,1.3,9.62,319,4.19,43
AIR109338,2025-11-15,Tamil Nadu,Tamil Nadu City 1,5G,Postpaid,2.6,54.47,226,3.57,36
AIR109339,2025-12-15,Gujarat,Gujarat City 2,4G,Postpaid,4.1,11.28,756,3.56,24
AIR109340,2025-02-15,Maharashtra,Maharashtra City 3,4G,Prepaid,0.8,27.49,661,3.96,37
AIR109341,2025-03-15,Telangana,Telangana City 2,4G,Postpaid,1.2,21.4,490,2.87,5
AIR109342,2025-04-15,Kerala,Kerala City 3,4G,Postpaid,1.5,6.79,259,3.8,23
AIR109343,2025-05-15,Rajasthan,Rajasthan City 2,5G,Postpaid,1.4,25.27,327,3.67,16
AIR109344,2025-06-15,Telangana,Telangana City 1,4G,Postpaid,2.1,20.27,310,4.42,56
AIR109345,2025-07-15,Delhi,Delhi City 3,4G,Postpaid,1.5,18.55,322,2.43,14
AIR109346,2025-08-15,Kerala,Kerala City 2,5G,Broadband,3.3,43.99,277,3.9,28
AIR109347,2025-09-15,Kerala,Kerala City 3,5G,Prepaid,3.9,29.42,399,4.44,50
AIR109348,2025-10-15,Kerala,Kerala City 3,4G,Broadband,2.3,22.01,682,3.76,20
AIR109349,2025-11-15,Uttar Pradesh,Uttar Pradesh City 2,4G,Broadband,5.3,32.19,298,4.03,55
AIR109350,2025-12-15,Rajasthan,Rajasthan City 2,4G,Prepaid,5.8,3.12,287,3.2,11
AIR109351,2025-02-15,Uttar Pradesh,Uttar Pradesh City 3,4G,Postpaid,4.1,15.76,624,4,23
AIR109352,2025-03-15,Maharashtra,Maharashtra City 3,4G,Prepaid,4.6,20.55,424,3.57,12
AIR109353,2025-04-15,Gujarat,Gujarat City 1,4G,Prepaid,3.9,16.64,640,3.95,27
AIR109354,2025-05-15,West Bengal,West Bengal City 3,5G,Postpaid,0.5,56.03,749,3.73,17
AIR109355,2025-06-15,Rajasthan,Rajasthan City 1,4G,Broadband,4,1,388,3.42,30
AIR109356,2025-07-15,Telangana,Telangana City 1,4G,Prepaid,0.5,24.38,401,3.71,41
AIR109357,2025-08-15,Maharashtra,Maharashtra City 1,5G,Broadband,6.5,15.69,577,3.4,7
AIR109358,2025-09-15,Tamil Nadu,Tamil Nadu City 3,4G,Postpaid,3.1,1,222,2.88,-8
AIR109359,2025-10-15,Delhi,Delhi City 1,4G,Broadband,4.3,33.75,836,3.79,32
AIR109360,2025-11-15,Gujarat,Gujarat City 3,5G,Broadband,6.3,30.14,230,3.78,51
AIR109361,2025-12-15,Maharashtra,Maharashtra City 3,4G,Broadband,1,14.32,170,3.9,31
AIR109362,2025-02-15,Tamil Nadu,Tamil Nadu City 2,4G,Postpaid,5.8,15.84,600,4.14,38
AIR109363,2025-03-15,Gujarat,Gujarat City 3,4G,Broadband,3,33.37,410,3.39,29
AIR109364,2025-04-15,Tamil Nadu,Tamil Nadu City 3,4G,Prepaid,5.5,14.33,406,3.58,12
AIR109365,2025-05-15,Rajasthan,Rajasthan City 1,5G,Prepaid,1.8,37.11,287,3.46,25
AIR109366,2025-06-15,Tamil Nadu,Tamil Nadu City 3,4G,Prepaid,5.8,28.09,223,2.77,-15
AIR109367,2025-07-15,Gujarat,Gujarat City 3,4G,Postpaid,4.1,19.57,403,3.58,27
AIR109368,2025-08-15,Tamil Nadu,Tamil Nadu City 2,4G,Prepaid,3.1,14.7,247,3.03,12
AIR109369,2025-09-15,Telangana,Telangana City 2,5G,Prepaid,6,1,576,4.23,31
AIR109370,2025-10-15,Maharashtra,Maharashtra City 1,4G,Broadband,5.4,19.6,102,3.45,19
AIR109371,2025-11-15,Gujarat,Gujarat City 1,4G,Postpaid,2.4,14.96,353,4.31,43
AIR109372,2025-12-15,Telangana,Telangana City 2,5G,Broadband,3.8,33.04,567,3.87,44
AIR109373,2025-02-15,Tamil Nadu,Tamil Nadu City 2,5G,Prepaid,5.8,10.73,86,3.77,14
AIR109374,2025-03-15,Tamil Nadu,Tamil Nadu City 3,4G,Prepaid,1.8,13.83,189,3.48,3
AIR109375,2025-04-15,Kerala,Kerala City 1,4G,Prepaid,4.7,20.9,272,3.36,17
AIR109376,2025-05-15,Gujarat,Gujarat City 1,4G,Prepaid,1.2,30.48,636,4.06,18
AIR109377,2025-06-15,Rajasthan,Rajasthan City 3,4G,Prepaid,3.1,1,236,4.03,37
AIR109378,2025-07-15,Tamil Nadu,Tamil Nadu City 3,4G,Prepaid,4,22.03,419,3.89,28
AIR109379,2025-08-15,Delhi,Delhi City 1,4G,Prepaid,3.5,10.9,219,3.28,-1
AIR109380,2025-09-15,Uttar Pradesh,Uttar Pradesh City 2,4G,Postpaid,6,21.97,409,3.87,18
AIR109381,2025-10-15,West Bengal,West Bengal City 2,4G,Prepaid,5.7,27.23,410,3.74,21
AIR109382,2025-11-15,Uttar Pradesh,Uttar Pradesh City 3,5G,Prepaid,5.1,25.72,218,3.65,23
AIR109383,2025-12-15,Rajasthan,Rajasthan City 1,4G,Postpaid,6.6,20.85,448,3.51,34
AIR109384,2025-02-15,Maharashtra,Maharashtra City 3,4G,Postpaid,5,5.74,458,4.29,53
AIR109385,2025-03-15,Karnataka,Karnataka City 2,5G,Broadband,0.6,40.46,383,3.99,33
AIR109386,2025-04-15,Delhi,Delhi City 2,4G,Postpaid,3.1,5.26,686,3.57,35
AIR109387,2025-05-15,Karnataka,Karnataka City 3,4G,Enterprise,4.8,8.37,253,2.92,11
AIR109388,2025-06-15,Tamil Nadu,Tamil Nadu City 2,4G,Broadband,1.9,8.92,507,2.95,-9
AIR109389,2025-07-15,Maharashtra,Maharashtra City 1,4G,Postpaid,0.8,21.13,200,3.83,32
AIR109390,2025-08-15,Telangana,Telangana City 3,4G,Prepaid,4.7,20.5,453,3.81,35
AIR109391,2025-09-15,Tamil Nadu,Tamil Nadu City 3,4G,Prepaid,1.3,6.29,368,3.59,14
AIR109392,2025-10-15,Karnataka,Karnataka City 3,4G,Postpaid,1.4,9.03,572,2.52,-3
AIR109393,2025-11-15,Tamil Nadu,Tamil Nadu City 2,4G,Postpaid,1.2,37.37,627,3.79,29
AIR109394,2025-12-15,West Bengal,West Bengal City 1,4G,Broadband,1.5,26.98,781,2.85,-6
AIR109395,2025-02-15,Kerala,Kerala City 3,4G,Postpaid,2.9,26.63,179,3.01,19
AIR109396,2025-03-15,West Bengal,West Bengal City 3,4G,Enterprise,5.9,14.81,278,3.13,0
AIR109397,2025-04-15,Maharashtra,Maharashtra City 2,4G,Broadband,4.5,4.08,104,3.24,13
AIR109398,2025-05-15,Telangana,Telangana City 1,5G,Enterprise,0.8,23.77,536,4.15,34
AIR109399,2025-06-15,West Bengal,West Bengal City 3,4G,Prepaid,6.4,20.7,665,3.45,5
AIR109400,2025-07-15,Gujarat,Gujarat City 2,4G,Prepaid,5.9,20.35,99,3.88,27
AIR109401,2025-08-15,Telangana,Telangana City 3,5G,Postpaid,5.2,25.47,144,3.44,36
AIR109402,2025-09-15,Karnataka,Karnataka City 2,4G,Postpaid,5.8,29.08,668,4.01,41
AIR109403,2025-10-15,West Bengal,West Bengal City 1,5G,Prepaid,5.5,16.46,719,3.97,6
AIR109404,2025-11-15,Kerala,Kerala City 2,5G,Postpaid,6.5,45.48,512,3.88,14
AIR109405,2025-12-15,Telangana,Telangana City 3,4G,Postpaid,6.5,36.07,301,3.46,13
AIR109406,2025-02-15,Tamil Nadu,Tamil Nadu City 3,5G,Prepaid,3.8,30.65,94,4.05,32
AIR109407,2025-03-15,Kerala,Kerala City 2,4G,Postpaid,0.2,16.7,110,3.75,29
AIR109408,2025-04-15,Tamil Nadu,Tamil Nadu City 1,5G,Broadband,4.4,57.65,196,4.37,40
AIR109409,2025-05-15,West Bengal,West Bengal City 1,4G,Postpaid,3.5,27.77,186,3.78,32
AIR109410,2025-06-15,Delhi,Delhi City 3,4G,Postpaid,3.9,23.63,381,3.03,-2
AIR109411,2025-07-15,Delhi,Delhi City 3,5G,Prepaid,2.1,40.89,57,4.1,45
AIR109412,2025-08-15,Karnataka,Karnataka City 2,4G,Postpaid,3.1,26.01,589,3.17,11
AIR109413,2025-09-15,Kerala,Kerala City 2,5G,Broadband,1,30.6,325,4.14,42
AIR109414,2025-10-15,Tamil Nadu,Tamil Nadu City 2,4G,Postpaid,0.9,12.8,488,3.64,14
AIR109415,2025-11-15,Rajasthan,Rajasthan City 1,4G,Prepaid,3.2,1,570,2.88,5
AIR109416,2025-12-15,Kerala,Kerala City 1,4G,Postpaid,6.6,21.25,360,3.17,15
AIR109417,2025-02-15,Gujarat,Gujarat City 3,4G,Broadband,0.6,8.37,739,3.4,0
AIR109418,2025-03-15,Karnataka,Karnataka City 3,4G,Prepaid,0.4,29.91,300,3.63,25
AIR109419,2025-04-15,Uttar Pradesh,Uttar Pradesh City 3,4G,Prepaid,3.5,5.22,449,4.17,43
AIR109420,2025-05-15,Uttar Pradesh,Uttar Pradesh City 2,4G,Prepaid,5.2,31.39,671,3.98,25
AIR109421,2025-06-15,Tamil Nadu,Tamil Nadu City 1,5G,Postpaid,2.3,49.27,397,4.17,42
AIR109422,2025-07-15,Delhi,Delhi City 3,4G,Postpaid,6.3,34.64,501,3.09,13
AIR109423,2025-08-15,Telangana,Telangana City 3,5G,Broadband,5.7,57.31,149,4.44,51
AIR109424,2025-09-15,Gujarat,Gujarat City 3,4G,Prepaid,5.7,15.88,512,3.83,37
AIR109425,2025-10-15,Uttar Pradesh,Uttar Pradesh City 3,4G,Postpaid,2.8,15.5,39,3.57,24
AIR109426,2025-11-15,Tamil Nadu,Tamil Nadu City 3,4G,Broadband,4.8,17.54,406,3.46,4
AIR109427,2025-12-15,Tamil Nadu,Tamil Nadu City 3,5G,Prepaid,1.8,35.08,473,3.32,-1
AIR109428,2025-02-15,West Bengal,West Bengal City 1,4G,Postpaid,5,16.81,29,3.72,29
AIR109429,2025-03-15,Delhi,Delhi City 3,4G,Postpaid,3.3,17.31,540,3.64,11
AIR109430,2025-04-15,Kerala,Kerala City 1,5G,Prepaid,5.1,51.41,457,3.79,13
AIR109431,2025-05-15,Telangana,Telangana City 2,4G,Prepaid,5.5,16.72,166,3.77,23
AIR109432,2025-06-15,West Bengal,West Bengal City 1,5G,Postpaid,3.4,34.14,256,4.15,64
AIR109433,2025-07-15,Uttar Pradesh,Uttar Pradesh City 2,4G,Prepaid,2.7,33.83,464,3.1,28
AIR109434,2025-08-15,Telangana,Telangana City 1,4G,Prepaid,0.7,23.7,666,3.28,13
AIR109435,2025-09-15,Karnataka,Karnataka City 1,4G,Enterprise,2.1,27.43,524,3.7,22
AIR109436,2025-10-15,Delhi,Delhi City 3,4G,Postpaid,2.4,25.85,528,3.6,45
AIR109437,2025-11-15,Uttar Pradesh,Uttar Pradesh City 1,5G,Broadband,5.1,16.27,298,3.73,28
AIR109438,2025-12-15,Tamil Nadu,Tamil Nadu City 1,5G,Prepaid,6,31.51,326,3.56,11
AIR109439,2025-02-15,Uttar Pradesh,Uttar Pradesh City 3,4G,Broadband,5.3,14.1,323,3.16,10
AIR109440,2025-03-15,Rajasthan,Rajasthan City 2,5G,Postpaid,1.5,26.86,602,4.28,35
AIR109441,2025-04-15,Maharashtra,Maharashtra City 3,4G,Broadband,0.7,15.54,518,3.33,20
AIR109442,2025-05-15,Maharashtra,Maharashtra City 3,4G,Prepaid,1,24.77,154,3.06,-16
AIR109443,2025-06-15,Uttar Pradesh,Uttar Pradesh City 3,4G,Postpaid,4.9,30.35,413,3.73,23
AIR109444,2025-07-15,Rajasthan,Rajasthan City 2,4G,Postpaid,4.6,1,297,4.13,44
AIR109445,2025-08-15,Uttar Pradesh,Uttar Pradesh City 1,4G,Postpaid,3.3,25.22,149,3.09,10
AIR109446,2025-09-15,Maharashtra,Maharashtra City 1,4G,Broadband,3.4,29.34,20,3.97,41
AIR109447,2025-10-15,West Bengal,West Bengal City 3,4G,Prepaid,4,30.17,503,3.14,17
AIR109448,2025-11-15,Karnataka,Karnataka City 3,5G,Broadband,1,9.16,408,3.99,35
AIR109449,2025-12-15,Maharashtra,Maharashtra City 1,5G,Broadband,1.1,37.09,597,3.76,18
AIR109450,2025-02-15,Karnataka,Karnataka City 1,4G,Postpaid,0.8,27.05,283,2.95,-9
AIR109451,2025-03-15,Tamil Nadu,Tamil Nadu City 1,4G,Prepaid,2.1,27,271,3.95,33
AIR109452,2025-04-15,Karnataka,Karnataka City 2,4G,Broadband,2.6,20.09,450,3.72,25
AIR109453,2025-05-15,West Bengal,West Bengal City 2,5G,Postpaid,4.9,38.41,352,4.09,48
AIR109454,2025-06-15,Rajasthan,Rajasthan City 3,4G,Broadband,1.5,13.45,546,3.51,11
AIR109455,2025-07-15,Karnataka,Karnataka City 2,4G,Broadband,3.3,29.08,517,3.02,7
AIR109456,2025-08-15,Telangana,Telangana City 3,5G,Prepaid,2.8,64.53,591,3.73,48
AIR109457,2025-09-15,Kerala,Kerala City 1,4G,Postpaid,2.5,32.46,197,3.84,19
AIR109458,2025-10-15,Maharashtra,Maharashtra City 1,4G,Postpaid,3.9,3.56,789,3.66,27
AIR109459,2025-11-15,Rajasthan,Rajasthan City 3,4G,Broadband,3.4,17,163,3.76,15
AIR109460,2025-12-15,Gujarat,Gujarat City 1,4G,Prepaid,3.2,16.96,480,3.63,22
AIR109461,2025-02-15,Tamil Nadu,Tamil Nadu City 3,5G,Prepaid,4.6,3.1,380,3.75,25
AIR109462,2025-03-15,Kerala,Kerala City 3,4G,Broadband,3.2,17.83,505,3.12,-17
AIR109463,2025-04-15,Telangana,Telangana City 3,4G,Prepaid,1.1,10.37,340,3.42,4
AIR109464,2025-05-15,Delhi,Delhi City 2,4G,Postpaid,4.4,24.73,284,3.62,26
AIR109465,2025-06-15,West Bengal,West Bengal City 3,4G,Prepaid,3.6,36.09,639,3.17,21
AIR109466,2025-07-15,Uttar Pradesh,Uttar Pradesh City 3,4G,Postpaid,0.5,11.15,825,3.06,-1
AIR109467,2025-08-15,Kerala,Kerala City 3,4G,Postpaid,5.8,29.18,507,3.87,40
AIR109468,2025-09-15,Rajasthan,Rajasthan City 2,4G,Prepaid,5.8,23.6,314,4.02,12
AIR109469,2025-10-15,Rajasthan,Rajasthan City 1,4G,Enterprise,1.6,34.62,340,3.56,19
AIR109470,2025-11-15,Rajasthan,Rajasthan City 2,4G,Prepaid,2.8,12.39,441,3.65,35
AIR109471,2025-12-15,Tamil Nadu,Tamil Nadu City 3,4G,Prepaid,6.6,10.98,552,2.9,10
AIR109472,2025-02-15,Karnataka,Karnataka City 2,5G,Prepaid,4.8,31.95,494,3.67,15
AIR109473,2025-03-15,Maharashtra,Maharashtra City 1,4G,Postpaid,3.5,25.74,502,3.5,11
AIR109474,2025-04-15,Delhi,Delhi City 1,5G,Prepaid,4.3,26.26,637,3.89,25
AIR109475,2025-05-15,Uttar Pradesh,Uttar Pradesh City 3,4G,Prepaid,1.9,16.77,353,3.84,19
AIR109476,2025-06-15,Rajasthan,Rajasthan City 1,5G,Broadband,4.5,21.8,271,3.58,20
AIR109477,2025-07-15,Uttar Pradesh,Uttar Pradesh City 2,4G,Prepaid,1,22.81,623,3.14,2
AIR109478,2025-08-15,Gujarat,Gujarat City 2,4G,Prepaid,0.9,14.24,671,3.75,17
AIR109479,2025-09-15,Tamil Nadu,Tamil Nadu City 1,4G,Prepaid,4.4,19.5,567,3.5,19
AIR109480,2025-10-15,Rajasthan,Rajasthan City 3,4G,Prepaid,4.2,25.42,254,3.94,39
AIR109481,2025-11-15,Gujarat,Gujarat City 3,5G,Prepaid,4.4,31.17,459,4.63,49
AIR109482,2025-12-15,Delhi,Delhi City 2,4G,Prepaid,5,38.01,349,3.81,36
AIR109483,2025-02-15,Delhi,Delhi City 1,4G,Prepaid,5.9,18.94,362,3.31,17
AIR109484,2025-03-15,Maharashtra,Maharashtra City 2,5G,Prepaid,2.7,7.9,484,3.32,7
AIR109485,2025-04-15,Telangana,Telangana City 2,4G,Prepaid,2.3,16.84,457,3.4,21
AIR109486,2025-05-15,Maharashtra,Maharashtra City 2,4G,Postpaid,3.3,19.35,784,2.81,4
AIR109487,2025-06-15,Karnataka,Karnataka City 3,4G,Postpaid,1.9,21.62,460,3.73,27
AIR109488,2025-07-15,Uttar Pradesh,Uttar Pradesh City 1,4G,Prepaid,0.9,14.95,548,2.8,-6
AIR109489,2025-08-15,West Bengal,West Bengal City 1,5G,Broadband,0.7,37.96,244,3.64,20
AIR109490,2025-09-15,Delhi,Delhi City 3,4G,Broadband,6.5,11.3,424,2.68,-36
AIR109491,2025-10-15,West Bengal,West Bengal City 2,4G,Enterprise,3,13.94,733,3.32,1
AIR109492,2025-11-15,Tamil Nadu,Tamil Nadu City 2,4G,Prepaid,4.8,10.35,359,4.71,59
AIR109493,2025-12-15,Kerala,Kerala City 3,4G,Postpaid,5,11.84,625,3.43,16
AIR109494,2025-02-15,Rajasthan,Rajasthan City 1,4G,Prepaid,5.8,22.42,275,2.35,-19
AIR109495,2025-03-15,Tamil Nadu,Tamil Nadu City 3,4G,Broadband,4.1,32.18,416,3.32,10
AIR109496,2025-04-15,Delhi,Delhi City 1,4G,Prepaid,3.2,6.83,346,2.46,-7
AIR109497,2025-05-15,Gujarat,Gujarat City 1,5G,Prepaid,3.3,37.72,418,3.38,1
AIR109498,2025-06-15,Uttar Pradesh,Uttar Pradesh City 1,4G,Postpaid,3,19.42,552,3.81,26
AIR109499,2025-07-15,West Bengal,West Bengal City 2,4G,Postpaid,3,18.36,506,3,4
AIR109500,2025-08-15,Maharashtra,Maharashtra City 2,4G,Postpaid,0.9,31.05,458,3.02,-2
AIR109501,2025-09-15,Kerala,Kerala City 3,5G,Prepaid,2.7,48.14,484,3.85,39
AIR109502,2025-10-15,Telangana,Telangana City 3,4G,Prepaid,6.6,13.49,418,3.4,29
AIR109503,2025-11-15,Tamil Nadu,Tamil Nadu City 2,5G,Broadband,4.4,29.96,652,3.54,16
AIR109504,2025-12-15,Telangana,Telangana City 3,5G,Broadband,6.2,14.06,375,4.04,42
AIR109505,2025-02-15,West Bengal,West Bengal City 2,5G,Postpaid,2.2,51.89,411,3.87,47
AIR109506,2025-03-15,West Bengal,West Bengal City 2,4G,Postpaid,2.5,14.78,466,3.51,21
AIR109507,2025-04-15,Rajasthan,Rajasthan City 1,4G,Prepaid,4.1,6.41,482,3.61,18
AIR109508,2025-05-15,Gujarat,Gujarat City 1,4G,Prepaid,1.1,20.02,376,3.57,19
AIR109509,2025-06-15,Gujarat,Gujarat City 2,5G,Prepaid,5,42.94,474,3.86,23
AIR109510,2025-07-15,Karnataka,Karnataka City 1,5G,Postpaid,0.7,39.28,366,4,43
AIR109511,2025-08-15,Maharashtra,Maharashtra City 2,5G,Postpaid,3.4,10.51,358,3.85,35
AIR109512,2025-09-15,Delhi,Delhi City 1,4G,Postpaid,1.3,14.39,507,3.77,15
AIR109513,2025-10-15,Delhi,Delhi City 3,4G,Prepaid,0.8,21.71,552,3.97,18
AIR109514,2025-11-15,West Bengal,West Bengal City 3,4G,Prepaid,3.2,22.72,516,3.22,13
AIR109515,2025-12-15,Tamil Nadu,Tamil Nadu City 2,4G,Prepaid,4.8,6.33,515,3.34,8
AIR109516,2025-02-15,Uttar Pradesh,Uttar Pradesh City 2,4G,Postpaid,2.3,18.66,446,3.87,21
AIR109517,2025-03-15,Delhi,Delhi City 1,4G,Prepaid,3.9,15.87,484,3.79,32
AIR109518,2025-04-15,Delhi,Delhi City 1,5G,Postpaid,4.8,4.6,354,3.93,28
AIR109519,2025-05-15,Tamil Nadu,Tamil Nadu City 2,4G,Postpaid,6.2,23.05,262,4.07,35
AIR109520,2025-06-15,Maharashtra,Maharashtra City 3,5G,Prepaid,4.6,25.17,671,4.02,52
AIR109521,2025-07-15,Kerala,Kerala City 3,5G,Prepaid,2.4,61.91,755,3.77,23
AIR109522,2025-08-15,Gujarat,Gujarat City 2,4G,Postpaid,2.1,4.71,427,3.76,22
AIR109523,2025-09-15,Rajasthan,Rajasthan City 3,4G,Prepaid,4.4,9.88,390,3.83,9
AIR109524,2025-10-15,Rajasthan,Rajasthan City 2,4G,Postpaid,2.8,15.74,679,3.78,8
AIR109525,2025-11-15,Rajasthan,Rajasthan City 1,4G,Postpaid,2,15.15,567,3.58,20
AIR109526,2025-12-15,Tamil Nadu,Tamil Nadu City 3,4G,Prepaid,3.3,8.07,556,3.45,21
AIR109527,2025-02-15,Rajasthan,Rajasthan City 3,4G,Postpaid,4.6,23.6,944,3.81,24
AIR109528,2025-03-15,West Bengal,West Bengal City 1,5G,Broadband,3.2,18.21,282,3.99,37
AIR109529,2025-04-15,Karnataka,Karnataka City 1,4G,Postpaid,6.2,27.46,253,3.32,4
AIR109530,2025-05-15,Tamil Nadu,Tamil Nadu City 3,5G,Enterprise,2.6,22.7,609,3.74,18
AIR109531,2025-06-15,Tamil Nadu,Tamil Nadu City 3,5G,Prepaid,4.2,20.59,164,4.47,61
AIR109532,2025-07-15,Gujarat,Gujarat City 2,4G,Postpaid,3.4,35.21,124,3.5,10
AIR109533,2025-08-15,Rajasthan,Rajasthan City 2,4G,Postpaid,2.4,22.61,806,3.29,9
AIR109534,2025-09-15,Telangana,Telangana City 3,5G,Broadband,1.1,52.72,485,4.2,39
AIR109535,2025-10-15,Kerala,Kerala City 2,4G,Prepaid,5.3,20.25,344,3.79,45
AIR109536,2025-11-15,Karnataka,Karnataka City 1,4G,Prepaid,5.9,27.14,252,3.54,22
AIR109537,2025-12-15,Tamil Nadu,Tamil Nadu City 2,5G,Prepaid,2.2,28.24,456,4.02,40
AIR109538,2025-02-15,Karnataka,Karnataka City 2,4G,Broadband,5.3,24.35,205,3.39,-2
AIR109539,2025-03-15,Tamil Nadu,Tamil Nadu City 3,4G,Prepaid,1.6,22.09,334,3.39,17
AIR109540,2025-04-15,Maharashtra,Maharashtra City 2,4G,Broadband,4,31.02,692,3.84,45
AIR109541,2025-05-15,Gujarat,Gujarat City 3,4G,Prepaid,2.8,29.19,420,3.94,26
AIR109542,2025-06-15,West Bengal,West Bengal City 3,5G,Prepaid,5.1,25.09,449,4.16,29
AIR109543,2025-07-15,Maharashtra,Maharashtra City 3,5G,Prepaid,4.1,44.95,272,3.92,30
AIR109544,2025-08-15,Uttar Pradesh,Uttar Pradesh City 1,4G,Postpaid,2.4,12.33,311,3.88,37
AIR109545,2025-09-15,Rajasthan,Rajasthan City 2,5G,Broadband,1.1,30.4,714,4.39,40
AIR109546,2025-10-15,Uttar Pradesh,Uttar Pradesh City 2,5G,Prepaid,4.6,36.9,635,4.12,52
AIR109547,2025-11-15,Kerala,Kerala City 2,4G,Broadband,1.7,11.21,404,3.21,8
AIR109548,2025-12-15,Telangana,Telangana City 3,4G,Prepaid,3,21.81,20,3.39,25
AIR109549,2025-02-15,West Bengal,West Bengal City 1,4G,Postpaid,1.2,5.72,465,3.47,24
AIR109550,2025-03-15,Maharashtra,Maharashtra City 3,4G,Postpaid,5.4,29.9,458,3.34,8
AIR109551,2025-04-15,Karnataka,Karnataka City 2,4G,Prepaid,5.7,21.27,497,3.06,19
AIR109552,2025-05-15,Karnataka,Karnataka City 3,4G,Prepaid,1.2,16.23,291,3.59,20
AIR109553,2025-06-15,Kerala,Kerala City 3,4G,Prepaid,1.7,12.72,504,3.93,30
AIR109554,2025-07-15,Tamil Nadu,Tamil Nadu City 2,5G,Prepaid,3.3,42.29,148,4.25,51
AIR109555,2025-08-15,Karnataka,Karnataka City 3,5G,Broadband,1,40.66,393,4.08,39
AIR109556,2025-09-15,Rajasthan,Rajasthan City 3,4G,Enterprise,2.5,20.22,690,3.1,-8
AIR109557,2025-10-15,Telangana,Telangana City 1,5G,Postpaid,5.1,51.54,399,4.18,27
AIR109558,2025-11-15,Gujarat,Gujarat City 3,4G,Postpaid,1,1,248,3.51,5
AIR109559,2025-12-15,Rajasthan,Rajasthan City 1,4G,Prepaid,3.7,7.11,651,2.82,9
AIR109560,2025-02-15,Telangana,Telangana City 2,4G,Prepaid,0.2,28.46,277,3.07,-9
AIR109561,2025-03-15,Kerala,Kerala City 1,5G,Broadband,0.3,47.63,357,3.76,30
AIR109562,2025-04-15,Rajasthan,Rajasthan City 3,5G,Postpaid,5.9,47.51,807,3.55,11
AIR109563,2025-05-15,Gujarat,Gujarat City 2,5G,Postpaid,5.2,36.36,279,3.43,8
AIR109564,2025-06-15,Gujarat,Gujarat City 3,5G,Postpaid,2.5,32.65,166,4.24,48
AIR109565,2025-07-15,Delhi,Delhi City 3,4G,Prepaid,6.2,14.33,566,4.26,29
AIR109566,2025-08-15,Tamil Nadu,Tamil Nadu City 1,5G,Prepaid,2.6,9.81,559,3.71,34
AIR109567,2025-09-15,Kerala,Kerala City 3,4G,Postpaid,1.8,22.61,458,3.92,37
AIR109568,2025-10-15,Rajasthan,Rajasthan City 1,4G,Postpaid,3.8,36.24,410,4.42,47
AIR109569,2025-11-15,West Bengal,West Bengal City 2,4G,Broadband,4.3,28.43,410,3.44,18
AIR109570,2025-12-15,West Bengal,West Bengal City 2,5G,Prepaid,2.9,33.76,797,3.49,10
AIR109571,2025-02-15,Kerala,Kerala City 3,4G,Prepaid,2.6,13.34,276,4.02,38
AIR109572,2025-03-15,Rajasthan,Rajasthan City 1,4G,Prepaid,3.6,4.57,379,3.54,24
AIR109573,2025-04-15,Maharashtra,Maharashtra City 3,4G,Postpaid,4.3,6.07,463,4.29,35
AIR109574,2025-05-15,Maharashtra,Maharashtra City 3,4G,Postpaid,4,1,317,2.92,1
AIR109575,2025-06-15,Tamil Nadu,Tamil Nadu City 3,4G,Prepaid,6.2,8.84,476,4.22,39
AIR109576,2025-07-15,Rajasthan,Rajasthan City 3,4G,Postpaid,4.7,28.71,520,3.56,30
AIR109577,2025-08-15,Gujarat,Gujarat City 1,4G,Postpaid,5.2,19.02,482,3.79,27
AIR109578,2025-09-15,Karnataka,Karnataka City 3,5G,Prepaid,3.3,38.54,713,3.78,6
AIR109579,2025-10-15,West Bengal,West Bengal City 2,5G,Prepaid,6.3,45.21,284,3.87,31
AIR109580,2025-11-15,Rajasthan,Rajasthan City 1,4G,Prepaid,1.1,17.17,272,3.43,15
AIR109581,2025-12-15,Rajasthan,Rajasthan City 3,5G,Prepaid,4.4,18.8,491,3.79,33
AIR109582,2025-02-15,Karnataka,Karnataka City 1,4G,Postpaid,3.9,20.4,508,3.11,16
AIR109583,2025-03-15,Karnataka,Karnataka City 3,4G,Prepaid,1.8,12.51,447,3.31,19
AIR109584,2025-04-15,Telangana,Telangana City 2,4G,Prepaid,1.5,8.78,669,3.49,29
AIR109585,2025-05-15,Delhi,Delhi City 2,4G,Prepaid,1,12.68,203,2.97,-5
AIR109586,2025-06-15,Tamil Nadu,Tamil Nadu City 2,4G,Prepaid,2.3,20.3,615,3.43,21
AIR109587,2025-07-15,West Bengal,West Bengal City 1,4G,Enterprise,2,13.52,433,3.2,6
AIR109588,2025-08-15,Karnataka,Karnataka City 2,4G,Prepaid,2.6,15.71,847,3.27,38
AIR109589,2025-09-15,Maharashtra,Maharashtra City 3,4G,Postpaid,1.2,13.08,218,3.56,7
AIR109590,2025-10-15,Kerala,Kerala City 3,5G,Prepaid,2.1,20.74,380,4.26,44
AIR109591,2025-11-15,Maharashtra,Maharashtra City 3,4G,Broadband,4,31.74,285,3.94,33
AIR109592,2025-12-15,Telangana,Telangana City 1,5G,Broadband,1.1,58.99,248,4.21,49
AIR109593,2025-02-15,Telangana,Telangana City 1,4G,Prepaid,5.2,30.58,534,3.06,1
AIR109594,2025-03-15,Karnataka,Karnataka City 2,5G,Broadband,5.2,9.89,451,3.82,43
AIR109595,2025-04-15,Telangana,Telangana City 1,4G,Prepaid,5.7,14.8,323,3.26,12
AIR109596,2025-05-15,Gujarat,Gujarat City 3,5G,Prepaid,4.5,42.58,294,3.92,41
AIR109597,2025-06-15,Uttar Pradesh,Uttar Pradesh City 3,5G,Prepaid,3,37.79,848,3.59,18
AIR109598,2025-07-15,Rajasthan,Rajasthan City 3,4G,Prepaid,2,31.06,121,2.8,6
AIR109599,2025-08-15,Rajasthan,Rajasthan City 1,4G,Prepaid,2.4,12.88,255,3.48,27
AIR109600,2025-09-15,Karnataka,Karnataka City 3,4G,Prepaid,4.3,5.43,304,3.26,13
AIR109601,2025-10-15,Telangana,Telangana City 2,5G,Prepaid,4.6,15.2,512,3.94,41
AIR109602,2025-11-15,Kerala,Kerala City 1,4G,Postpaid,1.5,24.64,264,3.16,19
AIR109603,2025-12-15,Gujarat,Gujarat City 3,4G,Prepaid,2.7,14.97,845,2.81,-5
AIR109604,2025-02-15,Tamil Nadu,Tamil Nadu City 3,4G,Prepaid,5.8,4.62,444,3.79,23
AIR109605,2025-03-15,Telangana,Telangana City 1,4G,Postpaid,3,18.05,566,2.69,-21
AIR109606,2025-04-15,Gujarat,Gujarat City 1,4G,Prepaid,4.5,24.99,231,3.29,-2
AIR109607,2025-05-15,Delhi,Delhi City 2,5G,Prepaid,4.8,35.06,766,3.9,32
AIR109608,2025-06-15,Tamil Nadu,Tamil Nadu City 1,4G,Prepaid,6.3,23.33,237,3.81,21
AIR109609,2025-07-15,Rajasthan,Rajasthan City 3,5G,Postpaid,4.1,26.93,478,3.83,24
AIR109610,2025-08-15,Delhi,Delhi City 2,4G,Prepaid,2.1,20.03,493,4.33,63
AIR109611,2025-09-15,Karnataka,Karnataka City 3,4G,Broadband,2.6,11.61,123,3.18,27
AIR109612,2025-10-15,West Bengal,West Bengal City 3,4G,Prepaid,0.8,22.09,361,2.68,-5
AIR109613,2025-11-15,Karnataka,Karnataka City 3,5G,Prepaid,3.6,40.03,244,3.32,20
AIR109614,2025-12-15,Kerala,Kerala City 1,4G,Prepaid,2.7,19.6,634,3.48,4
AIR109615,2025-02-15,Gujarat,Gujarat City 1,4G,Enterprise,4.2,23.95,521,3.12,4
AIR109616,2025-03-15,West Bengal,West Bengal City 3,4G,Postpaid,4.4,15.7,429,3.66,24
AIR109617,2025-04-15,Tamil Nadu,Tamil Nadu City 1,4G,Prepaid,3.2,19.59,435,3.94,38
AIR109618,2025-05-15,Tamil Nadu,Tamil Nadu City 3,5G,Prepaid,1.5,1,695,3.58,18
AIR109619,2025-06-15,Delhi,Delhi City 1,4G,Postpaid,2.4,13.82,266,3.95,25
AIR109620,2025-07-15,Kerala,Kerala City 1,4G,Prepaid,0.7,14.31,599,2.48,-34
AIR109621,2025-08-15,Rajasthan,Rajasthan City 1,4G,Postpaid,1.8,30.83,464,3.11,-16
AIR109622,2025-09-15,Telangana,Telangana City 2,4G,Postpaid,2,26.89,569,3.87,25
AIR109623,2025-10-15,Telangana,Telangana City 1,4G,Prepaid,1.3,30.1,564,3.76,16
AIR109624,2025-11-15,West Bengal,West Bengal City 2,4G,Prepaid,3.9,1,326,3.41,5
AIR109625,2025-12-15,Kerala,Kerala City 2,4G,Postpaid,6.7,25.63,507,3.22,22
AIR109626,2025-02-15,Kerala,Kerala City 2,4G,Postpaid,3,5.94,226,4.58,53
AIR109627,2025-03-15,Tamil Nadu,Tamil Nadu City 3,4G,Broadband,2.7,14.92,225,4.09,44
AIR109628,2025-04-15,Rajasthan,Rajasthan City 1,4G,Prepaid,3.3,15.35,477,3.43,-3
AIR109629,2025-05-15,Gujarat,Gujarat City 3,4G,Postpaid,0.7,12.09,236,3.24,25
AIR109630,2025-06-15,Rajasthan,Rajasthan City 2,4G,Prepaid,3.1,5.94,373,3.46,29
AIR109631,2025-07-15,Maharashtra,Maharashtra City 1,4G,Prepaid,3.6,18.48,238,4.11,36
AIR109632,2025-08-15,Kerala,Kerala City 3,4G,Postpaid,5.8,15.46,544,3.49,5
AIR109633,2025-09-15,Karnataka,Karnataka City 2,5G,Broadband,2.2,27.63,391,3.76,35
AIR109634,2025-10-15,Uttar Pradesh,Uttar Pradesh City 3,4G,Prepaid,4.9,15.82,193,3.21,6
AIR109635,2025-11-15,Kerala,Kerala City 3,4G,Postpaid,4.7,5.15,392,3.72,37
AIR109636,2025-12-15,West Bengal,West Bengal City 1,4G,Postpaid,2.9,22.33,452,3.72,27
AIR109637,2025-02-15,Karnataka,Karnataka City 1,4G,Prepaid,3.8,24.1,412,3.72,21
AIR109638,2025-03-15,West Bengal,West Bengal City 3,5G,Broadband,3.7,20.34,572,3.59,25
AIR109639,2025-04-15,Delhi,Delhi City 1,4G,Postpaid,5.3,17.54,627,3.58,19
AIR109640,2025-05-15,Uttar Pradesh,Uttar Pradesh City 1,4G,Postpaid,2.1,23.48,506,3.68,21
AIR109641,2025-06-15,Uttar Pradesh,Uttar Pradesh City 3,4G,Postpaid,3.8,12.33,941,3.73,23
AIR109642,2025-07-15,Tamil Nadu,Tamil Nadu City 1,5G,Postpaid,0.8,44.71,431,4.09,53
AIR109643,2025-08-15,Kerala,Kerala City 1,5G,Broadband,3.3,34.5,752,3.84,26
AIR109644,2025-09-15,Tamil Nadu,Tamil Nadu City 2,4G,Prepaid,2.2,26.94,455,3.45,-3
AIR109645,2025-10-15,Telangana,Telangana City 1,5G,Prepaid,6.5,63.95,119,4.46,47
AIR109646,2025-11-15,West Bengal,West Bengal City 2,4G,Broadband,6.1,1,728,3.01,-14
AIR109647,2025-12-15,Maharashtra,Maharashtra City 3,4G,Broadband,4.3,29.53,20,3.85,28
AIR109648,2025-02-15,Maharashtra,Maharashtra City 2,4G,Prepaid,5.3,19.9,196,3.71,20
AIR109649,2025-03-15,Telangana,Telangana City 3,4G,Prepaid,2.5,26.86,802,3.4,20
AIR109650,2025-04-15,Delhi,Delhi City 1,4G,Postpaid,3.2,10.26,324,3.15,0
AIR109651,2025-05-15,Maharashtra,Maharashtra City 1,5G,Prepaid,4.5,47.6,500,4.16,30
AIR109652,2025-06-15,West Bengal,West Bengal City 2,4G,Prepaid,3,23.41,313,3.49,28
AIR109653,2025-07-15,Maharashtra,Maharashtra City 3,4G,Prepaid,3.4,19.04,393,3.74,21
AIR109654,2025-08-15,Telangana,Telangana City 1,4G,Postpaid,4.3,5.66,481,3.98,35
AIR109655,2025-09-15,Karnataka,Karnataka City 2,4G,Prepaid,1.7,19.98,231,4.01,29
AIR109656,2025-10-15,Tamil Nadu,Tamil Nadu City 2,4G,Postpaid,5.9,28.8,589,3.96,32
AIR109657,2025-11-15,Gujarat,Gujarat City 2,4G,Postpaid,6.8,22.34,620,2.96,-4
AIR109658,2025-12-15,West Bengal,West Bengal City 1,4G,Postpaid,1.5,28.87,451,3.5,35
AIR109659,2025-02-15,Tamil Nadu,Tamil Nadu City 3,4G,Prepaid,3.5,14.88,580,3.24,7
AIR109660,2025-03-15,Uttar Pradesh,Uttar Pradesh City 1,4G,Prepaid,0.7,27.94,296,3.55,21
AIR109661,2025-04-15,Rajasthan,Rajasthan City 1,4G,Prepaid,5.3,11.19,277,3.22,8
AIR109662,2025-05-15,Maharashtra,Maharashtra City 3,4G,Postpaid,1.6,11.09,501,3.68,0
AIR109663,2025-06-15,Maharashtra,Maharashtra City 2,4G,Postpaid,2.4,15.36,578,3.48,9
AIR109664,2025-07-15,Delhi,Delhi City 1,4G,Prepaid,1.4,9.9,476,2.88,-17
AIR109665,2025-08-15,Tamil Nadu,Tamil Nadu City 2,4G,Postpaid,6.1,10.47,491,3.11,-8
AIR109666,2025-09-15,Rajasthan,Rajasthan City 2,4G,Postpaid,1.1,1.87,350,3.73,27
AIR109667,2025-10-15,Maharashtra,Maharashtra City 3,5G,Prepaid,1.9,5.43,369,3.68,27
AIR109668,2025-11-15,Uttar Pradesh,Uttar Pradesh City 3,5G,Prepaid,5.4,20.03,438,4.06,38
AIR109669,2025-12-15,Delhi,Delhi City 3,5G,Broadband,3.7,40.82,386,3.31,2
AIR109670,2025-02-15,Tamil Nadu,Tamil Nadu City 2,4G,Postpaid,0.5,22.08,243,2.78,1
AIR109671,2025-03-15,Delhi,Delhi City 2,4G,Enterprise,3.5,1,648,3.53,11
AIR109672,2025-04-15,Tamil Nadu,Tamil Nadu City 1,4G,Prepaid,2.2,11.22,649,3.69,16
AIR109673,2025-05-15,Kerala,Kerala City 2,4G,Broadband,5.6,31.47,543,2.73,-14
AIR109674,2025-06-15,Kerala,Kerala City 3,4G,Prepaid,2,15.84,549,4.08,36
AIR109675,2025-07-15,Telangana,Telangana City 3,5G,Prepaid,3.1,31.6,151,3.31,-10
AIR109676,2025-08-15,West Bengal,West Bengal City 3,4G,Postpaid,6.3,22.6,558,4.29,34
AIR109677,2025-09-15,Delhi,Delhi City 3,4G,Prepaid,5.8,9.47,697,3.02,4
AIR109678,2025-10-15,Telangana,Telangana City 2,4G,Postpaid,6.5,27.64,305,3.44,22
AIR109679,2025-11-15,Delhi,Delhi City 3,4G,Prepaid,2.8,1,525,3.94,28
AIR109680,2025-12-15,Maharashtra,Maharashtra City 1,4G,Broadband,4.1,30.33,222,4.08,48
AIR109681,2025-02-15,Gujarat,Gujarat City 2,4G,Postpaid,1.8,20.4,717,2.84,-3
AIR109682,2025-03-15,Delhi,Delhi City 3,4G,Broadband,2.3,27.06,533,3.77,45
AIR109683,2025-04-15,Maharashtra,Maharashtra City 1,5G,Prepaid,1.9,40.21,517,3.52,20
AIR109684,2025-05-15,Rajasthan,Rajasthan City 3,4G,Postpaid,5.4,15.73,576,3.34,22
AIR109685,2025-06-15,Kerala,Kerala City 2,5G,Prepaid,5.2,44.64,292,3.53,4
AIR109686,2025-07-15,Telangana,Telangana City 2,4G,Postpaid,5.2,14.34,398,3.2,13
AIR109687,2025-08-15,Gujarat,Gujarat City 1,4G,Postpaid,1.9,16.03,464,3.66,13
AIR109688,2025-09-15,Uttar Pradesh,Uttar Pradesh City 2,4G,Prepaid,3.6,18.77,384,4.06,52
AIR109689,2025-10-15,Kerala,Kerala City 1,5G,Prepaid,5.9,40.59,406,3.8,26
AIR109690,2025-11-15,Telangana,Telangana City 3,4G,Postpaid,5.3,6.38,352,3.45,23
AIR109691,2025-12-15,Gujarat,Gujarat City 2,4G,Postpaid,4.1,29.69,155,3.2,-2
AIR109692,2025-02-15,Uttar Pradesh,Uttar Pradesh City 3,4G,Prepaid,3.1,29.18,29,3.69,27
AIR109693,2025-03-15,Karnataka,Karnataka City 3,4G,Postpaid,4.5,24.43,143,3.86,46
AIR109694,2025-04-15,Maharashtra,Maharashtra City 2,4G,Postpaid,6.1,9.1,525,3.69,0
AIR109695,2025-05-15,Karnataka,Karnataka City 3,5G,Postpaid,2.8,62.61,715,3.44,12
AIR109696,2025-06-15,Maharashtra,Maharashtra City 1,4G,Prepaid,5.3,24.02,279,3.4,-6
AIR109697,2025-07-15,Tamil Nadu,Tamil Nadu City 1,4G,Postpaid,2.4,15.28,465,2.98,-2
AIR109698,2025-08-15,West Bengal,West Bengal City 1,5G,Postpaid,6.5,39.2,311,3.97,28
AIR109699,2025-09-15,Gujarat,Gujarat City 2,5G,Postpaid,4.6,33.81,605,4.16,52
AIR109700,2025-10-15,Karnataka,Karnataka City 3,4G,Broadband,6.3,23.62,725,4.09,35
AIR109701,2025-11-15,West Bengal,West Bengal City 3,4G,Prepaid,3.5,10.7,569,4.08,36
AIR109702,2025-12-15,Gujarat,Gujarat City 3,4G,Prepaid,6.6,16.12,380,3.48,8
AIR109703,2025-02-15,Telangana,Telangana City 3,5G,Prepaid,5.7,52.35,303,3.78,32
AIR109704,2025-03-15,Tamil Nadu,Tamil Nadu City 1,5G,Prepaid,4.5,36.17,323,3.58,38
AIR109705,2025-04-15,Telangana,Telangana City 2,5G,Prepaid,2.1,45.29,451,3.58,32
AIR109706,2025-05-15,Maharashtra,Maharashtra City 1,4G,Broadband,2.3,18.95,337,3.32,0
AIR109707,2025-06-15,West Bengal,West Bengal City 1,4G,Broadband,6.4,8.9,460,3.68,16
AIR109708,2025-07-15,Gujarat,Gujarat City 2,4G,Prepaid,5.9,1,299,4.23,43
AIR109709,2025-08-15,Delhi,Delhi City 2,4G,Prepaid,6.4,14.74,270,3.34,7
AIR109710,2025-09-15,West Bengal,West Bengal City 1,5G,Prepaid,5.4,37.73,342,3.92,26
AIR109711,2025-10-15,Rajasthan,Rajasthan City 3,4G,Broadband,2.2,36.94,480,2.92,-4
AIR109712,2025-11-15,Uttar Pradesh,Uttar Pradesh City 2,4G,Broadband,2,20.04,861,3.96,23
AIR109713,2025-12-15,Karnataka,Karnataka City 2,5G,Prepaid,5.2,44.56,475,4.01,48
AIR109714,2025-02-15,Gujarat,Gujarat City 1,4G,Postpaid,4.3,22.59,292,2.79,0
AIR109715,2025-03-15,Kerala,Kerala City 3,4G,Prepaid,4.6,16.34,454,3.36,22
AIR109716,2025-04-15,Kerala,Kerala City 2,5G,Prepaid,0.9,50.28,125,3.78,34
AIR109717,2025-05-15,Uttar Pradesh,Uttar Pradesh City 1,5G,Prepaid,5.9,14.66,552,4.23,34
AIR109718,2025-06-15,Maharashtra,Maharashtra City 2,5G,Postpaid,1.2,24.4,355,3.67,18
AIR109719,2025-07-15,West Bengal,West Bengal City 3,4G,Prepaid,3.9,21.99,429,3.97,43
AIR109720,2025-08-15,West Bengal,West Bengal City 1,4G,Prepaid,1.1,1.67,325,2.98,8
AIR109721,2025-09-15,Kerala,Kerala City 1,4G,Prepaid,6.2,6,631,3.54,8
AIR109722,2025-10-15,West Bengal,West Bengal City 3,5G,Prepaid,1.3,37.66,514,3.09,7
AIR109723,2025-11-15,Uttar Pradesh,Uttar Pradesh City 1,4G,Postpaid,1.3,4.79,320,4.2,46
AIR109724,2025-12-15,West Bengal,West Bengal City 3,5G,Prepaid,6,25.52,457,3.44,24
AIR109725,2025-02-15,Maharashtra,Maharashtra City 1,4G,Broadband,5.6,29.44,514,3.41,20
AIR109726,2025-03-15,Karnataka,Karnataka City 3,4G,Prepaid,0.8,26.84,394,3.15,22
AIR109727,2025-04-15,Rajasthan,Rajasthan City 2,5G,Prepaid,2.5,29.76,624,3.56,13
AIR109728,2025-05-15,Karnataka,Karnataka City 2,5G,Prepaid,3,56.72,329,4.13,48
AIR109729,2025-06-15,Rajasthan,Rajasthan City 2,4G,Prepaid,1.1,23.46,387,3.63,16
AIR109730,2025-07-15,Delhi,Delhi City 1,5G,Prepaid,2.4,25.72,355,3.8,15
AIR109731,2025-08-15,Karnataka,Karnataka City 3,5G,Prepaid,0.7,17.35,269,3.89,16
AIR109732,2025-09-15,Uttar Pradesh,Uttar Pradesh City 3,5G,Broadband,1.1,40.09,76,4.21,50
AIR109733,2025-10-15,Tamil Nadu,Tamil Nadu City 2,5G,Postpaid,2.1,30.74,501,4.17,51
AIR109734,2025-11-15,Delhi,Delhi City 2,5G,Broadband,1.9,37.83,536,4.08,39
AIR109735,2025-12-15,Rajasthan,Rajasthan City 2,4G,Prepaid,2.1,8.93,492,3.26,-7
AIR109736,2025-02-15,Rajasthan,Rajasthan City 3,4G,Postpaid,6.1,25.01,241,3.77,18
AIR109737,2025-03-15,Delhi,Delhi City 2,4G,Prepaid,5.2,1.76,386,3.52,18
AIR109738,2025-04-15,Rajasthan,Rajasthan City 1,4G,Postpaid,4.2,17.73,736,3.14,23
AIR109739,2025-05-15,Gujarat,Gujarat City 2,4G,Enterprise,3.1,32.56,377,3.04,-1
AIR109740,2025-06-15,Tamil Nadu,Tamil Nadu City 2,4G,Broadband,0.6,2.42,588,3.97,31
AIR109741,2025-07-15,Uttar Pradesh,Uttar Pradesh City 3,4G,Prepaid,1.3,26.16,186,3.71,28
AIR109742,2025-08-15,Gujarat,Gujarat City 1,5G,Prepaid,1.8,39.5,506,4.04,33
AIR109743,2025-09-15,Rajasthan,Rajasthan City 3,5G,Prepaid,0.8,40.76,392,4.56,64
AIR109744,2025-10-15,Karnataka,Karnataka City 1,4G,Prepaid,4.3,1,533,3.43,-4
AIR109745,2025-11-15,Gujarat,Gujarat City 1,4G,Prepaid,5.3,13.83,236,3.04,2
AIR109746,2025-12-15,Karnataka,Karnataka City 2,5G,Prepaid,4.1,49.31,355,4.42,61
AIR109747,2025-02-15,Delhi,Delhi City 2,5G,Prepaid,4.5,38.26,671,4.22,58
AIR109748,2025-03-15,West Bengal,West Bengal City 3,5G,Prepaid,0.2,30.71,163,4.37,52
AIR109749,2025-04-15,Telangana,Telangana City 3,5G,Prepaid,4.1,63.72,350,3.95,34
AIR109750,2025-05-15,Rajasthan,Rajasthan City 3,5G,Postpaid,1.9,23.28,475,3.26,-3
AIR109751,2025-06-15,Telangana,Telangana City 1,4G,Prepaid,1.8,31.3,373,3.91,47
AIR109752,2025-07-15,Tamil Nadu,Tamil Nadu City 3,4G,Prepaid,1.1,27.77,620,2.97,3
AIR109753,2025-08-15,Karnataka,Karnataka City 1,5G,Postpaid,2.9,36.77,20,4.22,23
AIR109754,2025-09-15,Gujarat,Gujarat City 1,4G,Postpaid,6.4,39.91,531,2.92,5
AIR109755,2025-10-15,Telangana,Telangana City 1,5G,Prepaid,5.3,48.69,714,3.93,25
AIR109756,2025-11-15,Maharashtra,Maharashtra City 1,4G,Broadband,2.8,9.78,511,3.67,26
AIR109757,2025-12-15,Rajasthan,Rajasthan City 1,5G,Prepaid,1.5,1.57,588,4.39,36
AIR109758,2025-02-15,Telangana,Telangana City 2,4G,Prepaid,3.5,15.69,434,3.46,15
AIR109759,2025-03-15,Gujarat,Gujarat City 1,4G,Prepaid,1.6,20.73,666,3.78,38
AIR109760,2025-04-15,Gujarat,Gujarat City 1,4G,Prepaid,4,30.75,553,3.38,8
AIR109761,2025-05-15,Tamil Nadu,Tamil Nadu City 2,5G,Postpaid,4.7,34.94,393,3.65,37
AIR109762,2025-06-15,Kerala,Kerala City 2,4G,Prepaid,2,18.1,185,3.47,17
AIR109763,2025-07-15,Uttar Pradesh,Uttar Pradesh City 2,5G,Prepaid,4.3,23.79,869,4,43
AIR109764,2025-08-15,Maharashtra,Maharashtra City 3,5G,Broadband,5.8,39.86,494,4.38,53
AIR109765,2025-09-15,Telangana,Telangana City 3,5G,Prepaid,4.2,10.91,20,3.94,40
AIR109766,2025-10-15,Uttar Pradesh,Uttar Pradesh City 1,5G,Postpaid,3.9,46.6,348,3.39,-10
AIR109767,2025-11-15,Maharashtra,Maharashtra City 1,4G,Prepaid,3.1,21.51,147,3.93,24
AIR109768,2025-12-15,Kerala,Kerala City 1,4G,Prepaid,2.5,12.69,629,3.42,24
AIR109769,2025-02-15,Telangana,Telangana City 1,4G,Prepaid,1.5,22.03,328,3.22,-4
AIR109770,2025-03-15,Maharashtra,Maharashtra City 2,5G,Postpaid,4.7,29.82,78,3.24,6
AIR109771,2025-04-15,Uttar Pradesh,Uttar Pradesh City 3,5G,Postpaid,3.7,37.21,366,3.72,24
AIR109772,2025-05-15,Karnataka,Karnataka City 2,4G,Prepaid,3.3,18.78,742,4.17,45
AIR109773,2025-06-15,Gujarat,Gujarat City 3,4G,Prepaid,4.5,20.46,671,3.06,14
AIR109774,2025-07-15,West Bengal,West Bengal City 2,4G,Broadband,5.8,32.91,532,2.41,-7
AIR109775,2025-08-15,Delhi,Delhi City 1,4G,Broadband,4,30.14,215,3.61,24
AIR109776,2025-09-15,Rajasthan,Rajasthan City 3,4G,Postpaid,5.4,13.87,481,3.44,28
AIR109777,2025-10-15,West Bengal,West Bengal City 1,4G,Postpaid,1.1,4.62,459,3.54,29
AIR109778,2025-11-15,Telangana,Telangana City 3,4G,Broadband,6.4,21.67,600,3.98,44
AIR109779,2025-12-15,Telangana,Telangana City 3,4G,Prepaid,2.6,18.73,577,3.4,11
AIR109780,2025-02-15,Maharashtra,Maharashtra City 1,4G,Postpaid,3.8,18.64,880,3.51,22
AIR109781,2025-03-15,Gujarat,Gujarat City 1,4G,Postpaid,4.7,15.83,199,3.36,9
AIR109782,2025-04-15,Kerala,Kerala City 1,4G,Postpaid,2.4,14.93,389,2.38,-18
AIR109783,2025-05-15,Tamil Nadu,Tamil Nadu City 2,4G,Prepaid,5.3,21.3,313,3.51,13
AIR109784,2025-06-15,Maharashtra,Maharashtra City 3,4G,Postpaid,1.2,15.76,402,3.17,-4
AIR109785,2025-07-15,Tamil Nadu,Tamil Nadu City 3,4G,Postpaid,6.3,8.36,575,2.86,-5
AIR109786,2025-08-15,Delhi,Delhi City 3,4G,Broadband,2.3,9.34,459,3.04,3
AIR109787,2025-09-15,Uttar Pradesh,Uttar Pradesh City 1,4G,Postpaid,6.1,12.01,532,3.61,1
AIR109788,2025-10-15,Maharashtra,Maharashtra City 3,5G,Broadband,4.8,38.87,224,3.84,25
AIR109789,2025-11-15,Delhi,Delhi City 3,4G,Broadband,4.6,16.12,519,3.68,25
AIR109790,2025-12-15,Rajasthan,Rajasthan City 1,4G,Prepaid,1.7,15.63,435,3.23,12
AIR109791,2025-02-15,Maharashtra,Maharashtra City 1,4G,Prepaid,2.1,15.57,341,2.73,-5
AIR109792,2025-03-15,Gujarat,Gujarat City 3,4G,Postpaid,6,16.84,636,3.8,32
AIR109793,2025-04-15,Gujarat,Gujarat City 2,5G,Broadband,0.6,61.7,339,2.92,-15
AIR109794,2025-05-15,Telangana,Telangana City 1,4G,Prepaid,5.5,13.31,480,2.83,-8
AIR109795,2025-06-15,Rajasthan,Rajasthan City 2,4G,Postpaid,5.9,17.92,496,3.79,29
AIR109796,2025-07-15,Telangana,Telangana City 2,4G,Prepaid,5.6,16.93,248,3.09,0
AIR109797,2025-08-15,Tamil Nadu,Tamil Nadu City 2,4G,Prepaid,3.6,20.24,173,3.18,16
AIR109798,2025-09-15,West Bengal,West Bengal City 2,4G,Postpaid,1.1,20.1,590,4.08,28
AIR109799,2025-10-15,Kerala,Kerala City 1,4G,Postpaid,4.4,8.7,172,3.72,31
AIR109800,2025-11-15,Rajasthan,Rajasthan City 3,4G,Postpaid,6.4,9.45,440,3.38,16
AIR109801,2025-12-15,Uttar Pradesh,Uttar Pradesh City 3,4G,Broadband,2.2,16.76,616,3.4,2
AIR109802,2025-02-15,Kerala,Kerala City 1,4G,Prepaid,5.9,21.26,125,2.85,1
AIR109803,2025-03-15,Kerala,Kerala City 1,5G,Prepaid,4.8,33.57,255,3.18,-2
AIR109804,2025-04-15,Karnataka,Karnataka City 2,4G,Broadband,3.1,25.18,328,3.5,-2
AIR109805,2025-05-15,Maharashtra,Maharashtra City 2,4G,Postpaid,5,26.59,583,3.69,30
AIR109806,2025-06-15,Uttar Pradesh,Uttar Pradesh City 1,4G,Prepaid,2.2,16.59,471,3.33,-9
AIR109807,2025-07-15,Rajasthan,Rajasthan City 3,4G,Postpaid,0.7,7.16,109,3.59,31
AIR109808,2025-08-15,Telangana,Telangana City 2,5G,Broadband,4.4,34.53,628,4.37,39
AIR109809,2025-09-15,Tamil Nadu,Tamil Nadu City 1,4G,Postpaid,3.6,32.64,186,3.74,16
AIR109810,2025-10-15,Maharashtra,Maharashtra City 1,4G,Postpaid,2.4,33.42,282,3.72,12
AIR109811,2025-11-15,Karnataka,Karnataka City 1,4G,Prepaid,1.5,27.1,412,3.17,8
AIR109812,2025-12-15,Tamil Nadu,Tamil Nadu City 2,5G,Prepaid,2.3,26.89,479,3.76,25
AIR109813,2025-02-15,Rajasthan,Rajasthan City 1,4G,Broadband,5.9,20.73,108,3.84,46
AIR109814,2025-03-15,West Bengal,West Bengal City 3,5G,Postpaid,4.6,43.11,298,3.68,41
AIR109815,2025-04-15,Kerala,Kerala City 1,5G,Prepaid,2.9,50.7,165,4.06,25
AIR109816,2025-05-15,Karnataka,Karnataka City 2,4G,Postpaid,5.8,18.5,237,3.7,24
AIR109817,2025-06-15,Tamil Nadu,Tamil Nadu City 3,5G,Postpaid,5,42.33,452,4.02,44
AIR109818,2025-07-15,Telangana,Telangana City 3,4G,Prepaid,5.6,21.3,486,3.97,44
AIR109819,2025-08-15,Karnataka,Karnataka City 1,5G,Postpaid,5.8,43.94,526,3.78,14
AIR109820,2025-09-15,Tamil Nadu,Tamil Nadu City 1,5G,Prepaid,4.7,43.27,472,3.89,38
AIR109821,2025-10-15,Karnataka,Karnataka City 3,4G,Prepaid,6.7,28.29,598,3.71,22
AIR109822,2025-11-15,Telangana,Telangana City 1,4G,Postpaid,2.6,14.46,578,3.66,44
AIR109823,2025-12-15,Telangana,Telangana City 2,5G,Prepaid,3.9,44.27,456,4.07,31
AIR109824,2025-02-15,Uttar Pradesh,Uttar Pradesh City 3,4G,Prepaid,1.6,9.14,411,3.39,-6
AIR109825,2025-03-15,Gujarat,Gujarat City 1,4G,Broadband,5.5,20.23,365,3.37,-1
AIR109826,2025-04-15,Kerala,Kerala City 3,4G,Postpaid,0.5,26.99,265,3.66,37
AIR109827,2025-05-15,Maharashtra,Maharashtra City 1,5G,Postpaid,3.3,28.44,681,3.79,28
AIR109828,2025-06-15,Maharashtra,Maharashtra City 1,5G,Prepaid,1.4,54.48,112,3.71,35
AIR109829,2025-07-15,Rajasthan,Rajasthan City 2,4G,Prepaid,2.7,20.92,474,3.88,34
AIR109830,2025-08-15,Delhi,Delhi City 1,5G,Postpaid,6.1,32,658,3.92,26
AIR109831,2025-09-15,Rajasthan,Rajasthan City 1,4G,Prepaid,1.8,4.33,415,4.39,50
AIR109832,2025-10-15,Delhi,Delhi City 1,5G,Postpaid,1.3,47.35,268,3.83,34
AIR109833,2025-11-15,Karnataka,Karnataka City 2,4G,Prepaid,3.5,1.66,554,2.74,2
AIR109834,2025-12-15,Delhi,Delhi City 1,4G,Postpaid,5.3,2.65,606,3.3,13
AIR109835,2025-02-15,Gujarat,Gujarat City 1,4G,Prepaid,5.9,15.23,769,3.15,-2
AIR109836,2025-03-15,Gujarat,Gujarat City 1,4G,Prepaid,3,23.58,353,2.86,-13
AIR109837,2025-04-15,Kerala,Kerala City 3,4G,Enterprise,5,20.69,358,3.87,42
AIR109838,2025-05-15,Tamil Nadu,Tamil Nadu City 2,5G,Enterprise,2.2,32.57,448,3.74,24
AIR109839,2025-06-15,Maharashtra,Maharashtra City 3,4G,Prepaid,0.6,10.89,467,3.33,-10
AIR109840,2025-07-15,Kerala,Kerala City 2,5G,Postpaid,5.3,1,466,4.04,51
AIR109841,2025-08-15,Gujarat,Gujarat City 2,4G,Postpaid,1.8,6.43,96,2.87,-3
AIR109842,2025-09-15,Tamil Nadu,Tamil Nadu City 3,5G,Prepaid,3.6,36.71,314,4.14,35
AIR109843,2025-10-15,Rajasthan,Rajasthan City 2,4G,Prepaid,3.9,21.07,720,3.13,17
AIR109844,2025-11-15,Maharashtra,Maharashtra City 2,5G,Prepaid,3.4,33.96,703,4.34,55
AIR109845,2025-12-15,Uttar Pradesh,Uttar Pradesh City 3,4G,Postpaid,6.6,8.02,569,2.68,16
AIR109846,2025-02-15,Maharashtra,Maharashtra City 1,5G,Postpaid,3.7,45.18,546,3.7,16
AIR109847,2025-03-15,Karnataka,Karnataka City 2,5G,Broadband,2.8,45.94,392,4.38,64
AIR109848,2025-04-15,West Bengal,West Bengal City 3,4G,Postpaid,2.4,16.62,387,3.68,35
AIR109849,2025-05-15,Maharashtra,Maharashtra City 2,4G,Broadband,5.3,30.14,513,3.17,0
AIR109850,2025-06-15,Gujarat,Gujarat City 3,5G,Broadband,0.6,1.84,134,4.29,65
AIR109851,2025-07-15,Karnataka,Karnataka City 1,5G,Broadband,6.3,39.25,419,4.01,37
AIR109852,2025-08-15,Telangana,Telangana City 2,4G,Prepaid,2.5,13.23,112,3.64,26
AIR109853,2025-09-15,Delhi,Delhi City 1,4G,Prepaid,4.4,17.76,451,3.31,-1
AIR109854,2025-10-15,Rajasthan,Rajasthan City 1,4G,Postpaid,3.8,18.2,707,3.48,24
AIR109855,2025-11-15,Uttar Pradesh,Uttar Pradesh City 3,4G,Postpaid,1.2,24.54,252,3.62,20
AIR109856,2025-12-15,Rajasthan,Rajasthan City 2,4G,Prepaid,5.9,25.12,225,3.06,1
AIR109857,2025-02-15,Telangana,Telangana City 2,4G,Broadband,0.9,1.06,411,3.51,3
AIR109858,2025-03-15,West Bengal,West Bengal City 2,4G,Enterprise,5.6,22.13,384,3.99,38
AIR109859,2025-04-15,Maharashtra,Maharashtra City 2,4G,Postpaid,5.2,22.4,578,3.32,15
AIR109860,2025-05-15,Kerala,Kerala City 2,5G,Postpaid,4.6,41.38,757,4.31,49
AIR109861,2025-06-15,Karnataka,Karnataka City 3,5G,Broadband,4.3,33.84,630,3.21,-26
AIR109862,2025-07-15,Uttar Pradesh,Uttar Pradesh City 2,5G,Prepaid,5.8,45.1,525,3.57,34
AIR109863,2025-08-15,Telangana,Telangana City 1,5G,Prepaid,6,24.56,402,4.19,47
AIR109864,2025-09-15,West Bengal,West Bengal City 1,4G,Broadband,3.5,29.7,302,3.74,31
AIR109865,2025-10-15,Rajasthan,Rajasthan City 2,5G,Postpaid,1.2,34.22,171,3.78,27
AIR109866,2025-11-15,Telangana,Telangana City 3,5G,Prepaid,4.5,36.33,361,3.52,2
AIR109867,2025-12-15,Uttar Pradesh,Uttar Pradesh City 3,5G,Broadband,5.3,14.44,497,3.78,23
AIR109868,2025-02-15,Uttar Pradesh,Uttar Pradesh City 2,5G,Prepaid,0.4,30.74,390,3.17,3
AIR109869,2025-03-15,West Bengal,West Bengal City 1,4G,Postpaid,4.8,13.62,831,2.98,-4
AIR109870,2025-04-15,Rajasthan,Rajasthan City 2,4G,Postpaid,3.5,18.22,515,3.31,0
AIR109871,2025-05-15,Gujarat,Gujarat City 2,4G,Prepaid,3.5,15.23,454,3.86,46
AIR109872,2025-06-15,Uttar Pradesh,Uttar Pradesh City 2,5G,Prepaid,4.7,33.96,364,4.22,51
AIR109873,2025-07-15,Karnataka,Karnataka City 3,4G,Broadband,4,17.81,481,3.43,29
AIR109874,2025-08-15,Karnataka,Karnataka City 3,5G,Prepaid,6,38.03,451,4.15,50
AIR109875,2025-09-15,Delhi,Delhi City 1,4G,Prepaid,4.2,20.4,470,3.39,15
AIR109876,2025-10-15,Rajasthan,Rajasthan City 1,4G,Postpaid,0.9,21.43,331,3.51,30
AIR109877,2025-11-15,Telangana,Telangana City 2,4G,Prepaid,5.9,14.21,236,3.94,20
AIR109878,2025-12-15,Karnataka,Karnataka City 1,4G,Broadband,2.4,21.6,212,2.72,-2
AIR109879,2025-02-15,West Bengal,West Bengal City 2,4G,Prepaid,6,29.47,532,3.27,-2
AIR109880,2025-03-15,Telangana,Telangana City 1,4G,Postpaid,5.3,10.67,312,3.97,31
AIR109881,2025-04-15,Rajasthan,Rajasthan City 2,4G,Prepaid,0.4,3.45,322,3.27,0
AIR109882,2025-05-15,West Bengal,West Bengal City 3,5G,Broadband,5.7,36.28,451,3.97,53
AIR109883,2025-06-15,Maharashtra,Maharashtra City 2,4G,Postpaid,4,11.13,415,3.25,3
AIR109884,2025-07-15,Tamil Nadu,Tamil Nadu City 3,5G,Prepaid,5.8,32.01,272,3.75,35
AIR109885,2025-08-15,Karnataka,Karnataka City 3,4G,Enterprise,4.2,14.59,441,3.07,-17
AIR109886,2025-09-15,Karnataka,Karnataka City 1,4G,Prepaid,5.1,9.66,437,3.59,18
AIR109887,2025-10-15,Delhi,Delhi City 1,4G,Postpaid,1.9,12.1,583,3.64,22
AIR109888,2025-11-15,Gujarat,Gujarat City 3,5G,Enterprise,3,7.41,252,4.56,62
AIR109889,2025-12-15,Delhi,Delhi City 2,4G,Postpaid,4.2,5.53,391,3.2,-1
AIR109890,2025-02-15,Rajasthan,Rajasthan City 2,4G,Postpaid,1.7,11.38,670,3.64,37
AIR109891,2025-03-15,Delhi,Delhi City 1,5G,Prepaid,1.4,43.33,297,4.12,39
AIR109892,2025-04-15,Gujarat,Gujarat City 2,4G,Prepaid,4.8,14.9,437,3.27,6
AIR109893,2025-05-15,Gujarat,Gujarat City 2,4G,Prepaid,3.2,14.57,350,3.87,28
AIR109894,2025-06-15,Uttar Pradesh,Uttar Pradesh City 2,5G,Enterprise,2.6,18.9,741,4.25,65
AIR109895,2025-07-15,Uttar Pradesh,Uttar Pradesh City 3,4G,Enterprise,1.7,21.32,270,3.3,16
AIR109896,2025-08-15,Tamil Nadu,Tamil Nadu City 3,4G,Prepaid,6.5,21.44,314,3.99,45
AIR109897,2025-09-15,West Bengal,West Bengal City 2,4G,Prepaid,1.9,30.57,716,3.28,16
AIR109898,2025-10-15,Maharashtra,Maharashtra City 1,4G,Prepaid,3,12.53,276,3.65,19
AIR109899,2025-11-15,Gujarat,Gujarat City 2,4G,Prepaid,5.1,19.27,470,3.23,18
AIR109900,2025-12-15,Maharashtra,Maharashtra City 1,4G,Prepaid,1.5,14.12,505,3.47,31
AIR109901,2025-02-15,Karnataka,Karnataka City 3,5G,Postpaid,5.7,40.45,587,3.51,19
AIR109902,2025-03-15,Kerala,Kerala City 2,4G,Broadband,3.3,7.19,536,3.42,26
AIR109903,2025-04-15,Tamil Nadu,Tamil Nadu City 2,4G,Postpaid,3.3,25.61,448,3.27,22
AIR109904,2025-05-15,Rajasthan,Rajasthan City 1,5G,Postpaid,1.1,34.12,545,3.59,12
AIR109905,2025-06-15,Telangana,Telangana City 1,4G,Postpaid,5.4,1,559,3.08,0
AIR109906,2025-07-15,Maharashtra,Maharashtra City 2,5G,Postpaid,2.1,29.19,472,4.16,46
AIR109907,2025-08-15,Delhi,Delhi City 2,5G,Postpaid,2.3,22.43,700,4.2,25
AIR109908,2025-09-15,Gujarat,Gujarat City 1,4G,Prepaid,2,12.25,427,3.74,26
AIR109909,2025-10-15,Maharashtra,Maharashtra City 3,4G,Prepaid,4.6,21.48,298,3.69,26
AIR109910,2025-11-15,Telangana,Telangana City 1,5G,Postpaid,5.1,29.41,233,3.5,20
AIR109911,2025-12-15,Gujarat,Gujarat City 2,5G,Enterprise,1.9,39.69,302,3.77,30
AIR109912,2025-02-15,Rajasthan,Rajasthan City 3,4G,Postpaid,0.4,19.26,357,3.04,23
AIR109913,2025-03-15,Kerala,Kerala City 3,4G,Broadband,6.2,12.32,316,4.15,50
AIR109914,2025-04-15,Delhi,Delhi City 3,4G,Prepaid,5.6,14.22,560,3.97,36
AIR109915,2025-05-15,Maharashtra,Maharashtra City 3,4G,Postpaid,1.7,9.61,473,3.84,27
AIR109916,2025-06-15,Uttar Pradesh,Uttar Pradesh City 2,4G,Broadband,4.7,15.02,241,3.39,24
AIR109917,2025-07-15,Tamil Nadu,Tamil Nadu City 3,4G,Postpaid,2.6,25.65,626,4.05,46
AIR109918,2025-08-15,Maharashtra,Maharashtra City 1,5G,Broadband,5.8,28.34,344,3.32,12
AIR109919,2025-09-15,Maharashtra,Maharashtra City 1,4G,Postpaid,2.8,15.35,337,2.63,-18
AIR109920,2025-10-15,Telangana,Telangana City 1,5G,Prepaid,4.9,30.92,495,3.8,24
AIR109921,2025-11-15,Telangana,Telangana City 2,4G,Prepaid,2.9,34.92,596,3.56,17
AIR109922,2025-12-15,Tamil Nadu,Tamil Nadu City 3,4G,Postpaid,6.5,14.5,227,3.62,34
AIR109923,2025-02-15,Maharashtra,Maharashtra City 1,4G,Broadband,4,25.49,284,3.78,31
AIR109924,2025-03-15,West Bengal,West Bengal City 1,4G,Prepaid,4.4,19,455,3.16,15
AIR109925,2025-04-15,Rajasthan,Rajasthan City 1,4G,Postpaid,1.3,9.37,355,3.79,48
AIR109926,2025-05-15,Telangana,Telangana City 3,5G,Postpaid,4.4,30.34,612,4.18,40
AIR109927,2025-06-15,Telangana,Telangana City 1,4G,Prepaid,5.5,16.01,166,4.1,43
AIR109928,2025-07-15,West Bengal,West Bengal City 3,5G,Prepaid,6.3,35.33,341,4.93,69
AIR109929,2025-08-15,Gujarat,Gujarat City 3,4G,Prepaid,5.3,9.72,876,3.18,18
AIR109930,2025-09-15,Maharashtra,Maharashtra City 3,4G,Prepaid,5.8,23.17,527,3.29,15
AIR109931,2025-10-15,Tamil Nadu,Tamil Nadu City 2,4G,Prepaid,3.2,17.06,532,3.49,11
AIR109932,2025-11-15,Telangana,Telangana City 2,5G,Prepaid,3.5,28.63,141,4.46,75
AIR109933,2025-12-15,Tamil Nadu,Tamil Nadu City 3,4G,Prepaid,3.7,14.19,298,3.64,13
AIR109934,2025-02-15,Tamil Nadu,Tamil Nadu City 3,4G,Postpaid,3.1,16.28,410,3.43,11
AIR109935,2025-03-15,Rajasthan,Rajasthan City 2,5G,Postpaid,1.1,13.61,796,4.68,65
AIR109936,2025-04-15,Uttar Pradesh,Uttar Pradesh City 2,5G,Postpaid,2.9,47.35,164,3.91,38
AIR109937,2025-05-15,Telangana,Telangana City 3,4G,Postpaid,2,17.61,194,3.45,17
AIR109938,2025-06-15,Delhi,Delhi City 2,5G,Enterprise,6.2,48.05,474,3.47,15
AIR109939,2025-07-15,Gujarat,Gujarat City 1,4G,Broadband,3,25.21,499,4.18,51
AIR109940,2025-08-15,Tamil Nadu,Tamil Nadu City 3,5G,Enterprise,5.9,41.28,424,4.04,44
AIR109941,2025-09-15,Telangana,Telangana City 3,4G,Prepaid,5.9,19.19,133,3.48,26
AIR109942,2025-10-15,Gujarat,Gujarat City 2,4G,Broadband,4,33.58,663,4.33,36
AIR109943,2025-11-15,Delhi,Delhi City 1,4G,Postpaid,6.6,11.95,299,3.75,36
AIR109944,2025-12-15,Telangana,Telangana City 2,4G,Prepaid,1.7,24.71,557,3.33,11
AIR109945,2025-02-15,Maharashtra,Maharashtra City 1,4G,Prepaid,5.1,22.79,409,2.52,-14
AIR109946,2025-03-15,Tamil Nadu,Tamil Nadu City 1,5G,Postpaid,2.6,24.64,490,4.29,39
AIR109947,2025-04-15,Delhi,Delhi City 3,5G,Prepaid,2.4,40.04,194,3.59,20
AIR109948,2025-05-15,Maharashtra,Maharashtra City 1,4G,Prepaid,3.2,28.55,359,3.25,-2
AIR109949,2025-06-15,Tamil Nadu,Tamil Nadu City 3,4G,Postpaid,4.5,17.89,386,3.99,29
AIR109950,2025-07-15,Karnataka,Karnataka City 1,4G,Postpaid,2.1,30.39,337,3.37,27
AIR109951,2025-08-15,Kerala,Kerala City 3,4G,Broadband,3.3,6.54,20,3.82,33
AIR109952,2025-09-15,West Bengal,West Bengal City 1,5G,Postpaid,1.8,43.44,475,3.85,38
AIR109953,2025-10-15,Tamil Nadu,Tamil Nadu City 2,4G,Postpaid,6.8,16.85,580,3.27,7
AIR109954,2025-11-15,Delhi,Delhi City 1,4G,Prepaid,1.8,10.15,37,3.6,35
AIR109955,2025-12-15,Delhi,Delhi City 2,4G,Postpaid,2.2,18.17,348,3.85,25
AIR109956,2025-02-15,Kerala,Kerala City 1,4G,Prepaid,0.2,14.81,631,3.64,28
AIR109957,2025-03-15,Telangana,Telangana City 1,4G,Broadband,5,12.34,514,2.76,-23
AIR109958,2025-04-15,West Bengal,West Bengal City 3,4G,Prepaid,5.2,17.18,656,4.71,58
AIR109959,2025-05-15,Gujarat,Gujarat City 1,4G,Postpaid,2.6,19.5,317,3.71,29
AIR109960,2025-06-15,Tamil Nadu,Tamil Nadu City 1,4G,Prepaid,4.4,9.21,219,4.14,46
AIR109961,2025-07-15,Telangana,Telangana City 1,4G,Broadband,6.3,11.94,438,3.46,9
AIR109962,2025-08-15,Maharashtra,Maharashtra City 2,4G,Enterprise,5.4,17.83,616,3.29,9
AIR109963,2025-09-15,Gujarat,Gujarat City 3,4G,Prepaid,3.6,6.55,259,3.63,12
AIR109964,2025-10-15,West Bengal,West Bengal City 3,5G,Postpaid,5.9,32.94,323,4.41,54
AIR109965,2025-11-15,Telangana,Telangana City 1,4G,Postpaid,1.5,17.48,474,3.38,9
AIR109966,2025-12-15,Uttar Pradesh,Uttar Pradesh City 1,5G,Broadband,2.7,53.36,414,3.86,42
AIR109967,2025-02-15,Gujarat,Gujarat City 2,4G,Postpaid,0.7,10.68,77,3.08,8
AIR109968,2025-03-15,Rajasthan,Rajasthan City 1,4G,Prepaid,3.1,23.11,260,3.47,25
AIR109969,2025-04-15,Rajasthan,Rajasthan City 3,4G,Prepaid,3.2,23.63,616,3.56,13
AIR109970,2025-05-15,Tamil Nadu,Tamil Nadu City 3,4G,Postpaid,5,4.35,375,3.67,20
AIR109971,2025-06-15,Tamil Nadu,Tamil Nadu City 2,5G,Prepaid,3.2,32.21,700,3.73,19
AIR109972,2025-07-15,Tamil Nadu,Tamil Nadu City 2,4G,Prepaid,1.8,26.99,514,3.09,12
AIR109973,2025-08-15,West Bengal,West Bengal City 3,4G,Prepaid,5.3,37.09,445,3.21,1
AIR109974,2025-09-15,Uttar Pradesh,Uttar Pradesh City 2,5G,Postpaid,4.1,47.88,555,4.09,37
AIR109975,2025-10-15,Telangana,Telangana City 1,4G,Enterprise,5.7,10.88,1038,3.42,-8
AIR109976,2025-11-15,Maharashtra,Maharashtra City 1,4G,Broadband,2.3,7.15,287,4.35,40
AIR109977,2025-12-15,Karnataka,Karnataka City 2,4G,Postpaid,5.1,24.65,81,3.53,15
AIR109978,2025-02-15,Delhi,Delhi City 3,4G,Broadband,0.9,32.1,889,3.4,13
AIR109979,2025-03-15,Maharashtra,Maharashtra City 2,4G,Prepaid,3.7,32.69,395,3.3,22
AIR109980,2025-04-15,Telangana,Telangana City 3,4G,Postpaid,1.4,1,849,3.4,17
AIR109981,2025-05-15,Uttar Pradesh,Uttar Pradesh City 2,5G,Prepaid,5.8,18.41,408,3.9,30
AIR109982,2025-06-15,West Bengal,West Bengal City 2,5G,Postpaid,4.2,46.42,504,4.31,41
AIR109983,2025-07-15,Gujarat,Gujarat City 2,4G,Enterprise,4.1,4.36,185,3.16,8
AIR109984,2025-08-15,Maharashtra,Maharashtra City 1,4G,Broadband,2.8,15.82,418,3.92,32
AIR109985,2025-09-15,Gujarat,Gujarat City 1,4G,Postpaid,3.2,11.08,306,3.13,-5
AIR109986,2025-10-15,Karnataka,Karnataka City 3,4G,Postpaid,3.5,43.81,361,3.06,4
AIR109987,2025-11-15,Telangana,Telangana City 2,4G,Broadband,4.4,19.32,508,3.45,11
AIR109988,2025-12-15,Uttar Pradesh,Uttar Pradesh City 1,5G,Prepaid,3.6,55.04,465,4.1,48
AIR109989,2025-02-15,Telangana,Telangana City 2,5G,Postpaid,3,52.98,628,4.28,43
AIR109990,2025-03-15,Delhi,Delhi City 3,4G,Prepaid,1.7,15.99,491,2.78,-10
AIR109991,2025-04-15,West Bengal,West Bengal City 1,4G,Broadband,3.3,3.57,232,3.74,38
AIR109992,2025-05-15,Delhi,Delhi City 3,4G,Prepaid,3.4,33.23,559,3.36,19
AIR109993,2025-06-15,Telangana,Telangana City 1,4G,Prepaid,5.6,26.46,323,3.92,38
AIR109994,2025-07-15,Delhi,Delhi City 2,4G,Postpaid,0.7,19.87,156,3.59,15
AIR109995,2025-08-15,Kerala,Kerala City 3,4G,Prepaid,5.4,15.36,214,3.32,-3
AIR109996,2025-09-15,Telangana,Telangana City 1,4G,Prepaid,2,15.53,528,3.35,0
AIR109997,2025-10-15,Uttar Pradesh,Uttar Pradesh City 1,4G,Postpaid,5.7,6.33,368,2.54,-13
AIR109998,2025-11-15,Maharashtra,Maharashtra City 2,4G,Broadband,3.5,21.22,333,3.09,19
AIR109999,2025-12-15,Uttar Pradesh,Uttar Pradesh City 3,5G,Prepaid,2.6,10.39,224,4.4,41
AIR110000,2025-02-15,Kerala,Kerala City 3,4G,Broadband,3.2,32.42,375,3.05,24
